timestamp,open,high,low,close,volume,quote_volume,taker_buy_quote
2025-05-01 00:00:00+00:00,147.47,148.4,147.47,147.88,641317.05,94878629.4272,43686656.3154
2025-05-01 01:00:00+00:00,147.89,148.97,147.88,148.86,673715.76,100072710.656,52518237.6286
2025-05-01 02:00:00+00:00,148.86,149.58,148.49,148.62,791286.37,117997072.12,57959932.6349
2025-05-01 03:00:00+00:00,148.63,149.19,148.32,148.65,508416.99,75627082.394,36148496.6662
2025-05-01 04:00:00+00:00,148.65,148.99,147.91,148.48,480472.59,71295098.9692,35667479.8579
2025-05-01 05:00:00+00:00,148.48,149.38,148.18,149.08,452957.77,67431915.6035,38748598.2325
2025-05-01 06:00:00+00:00,149.08,149.23,148.15,148.64,384541.4,57144674.0768,26870308.878
2025-05-01 07:00:00+00:00,148.63,150.2,148.35,149.7,803562.5,120194536.22,64774029.8848
2025-05-01 08:00:00+00:00,149.7,150.98,149.46,150.66,929963.4,139899630.865,77169113.3145
2025-05-01 09:00:00+00:00,150.66,151.78,150.25,151.11,963372.03,145635859.584,82474289.1761
2025-05-01 10:00:00+00:00,151.11,152.15,151.1,151.95,1259462.13,191018820.233,101525087.801
2025-05-01 11:00:00+00:00,151.95,152.38,151.34,151.67,828223.35,125807272.887,58661359.0181
2025-05-01 12:00:00+00:00,151.68,152.24,151.13,151.95,821779.38,124676767.924,64937954.0486
2025-05-01 13:00:00+00:00,151.96,152.48,150.5,150.53,1405938.04,212960312.01,94519298.4233
2025-05-01 14:00:00+00:00,150.53,153.16,150.53,152.94,1451348.29,220618549.839,127042334.003
2025-05-01 15:00:00+00:00,152.93,153.88,151.49,151.77,1525007.48,233068625.99,109875150.411
2025-05-01 16:00:00+00:00,151.77,152.8,151.51,151.58,883805.81,134432188.47,63949516.6107
2025-05-01 17:00:00+00:00,151.58,152.65,150.92,151.21,1067963.24,161908513.375,74908186.9277
2025-05-01 18:00:00+00:00,151.22,151.38,150.01,151.04,998453.74,150382234.069,73220199.5744
2025-05-01 19:00:00+00:00,151.04,151.09,150.08,150.21,487818.18,73467061.4003,32181714.9427
2025-05-01 20:00:00+00:00,150.2,150.72,149.8,150.14,567386.05,85198154.7147,41664282.1875
2025-05-01 21:00:00+00:00,150.13,150.89,150.12,150.44,313375.2,47182703.1191,27676342.1105
2025-05-01 22:00:00+00:00,150.44,150.68,149.94,150.17,236464.54,35539518.6758,17040840.1099
2025-05-01 23:00:00+00:00,150.16,150.84,149.9,150.73,269180.48,40490345.9724,20747028.6125
2025-05-02 00:00:00+00:00,150.73,151.61,150.41,151.35,549995.74,83089861.8509,47425147.9017
2025-05-02 01:00:00+00:00,151.35,151.62,150.03,150.43,475042.05,71581033.8308,34515229.2552
2025-05-02 02:00:00+00:00,150.42,150.95,149.98,150.53,377163.27,56732530.1316,29383705.8849
2025-05-02 03:00:00+00:00,150.53,150.84,150.04,150.7,344849.64,51881151.3051,29481409.2204
2025-05-02 04:00:00+00:00,150.7,150.97,150.02,150.1,449695.71,67675279.5604,33198866.2871
2025-05-02 05:00:00+00:00,150.1,150.26,149.31,149.44,595831.48,89196307.6552,39247890.0467
2025-05-02 06:00:00+00:00,149.43,149.69,148.462,148.9,873167.94,130109614.886,62237319.5566
2025-05-02 07:00:00+00:00,148.9,149.11,148.29,148.43,607849.85,90380894.2784,45094605.0379
2025-05-02 08:00:00+00:00,148.44,149.54,148.3,149.22,626314.9,93456363.0744,51904373.4842
2025-05-02 09:00:00+00:00,149.22,149.74,149.01,149.37,331027.47,49476693.6684,26373660.2759
2025-05-02 10:00:00+00:00,149.38,150.22,149.37,149.83,515669.68,77314095.6693,39171473.1048
2025-05-02 11:00:00+00:00,149.84,150.73,149.84,150.63,492231.22,74020212.5029,37898305.5478
2025-05-02 12:00:00+00:00,150.63,150.89,149.2,150.85,1139105.68,171087106.656,79320569.1603
2025-05-02 13:00:00+00:00,150.85,150.87,150.05,150.48,984866.92,148173347.889,68296517.4847
2025-05-02 14:00:00+00:00,150.48,151.86,150.48,151.46,1243504.96,188032551.773,99690307.3729
2025-05-02 15:00:00+00:00,151.46,151.69,149.52,149.82,947705.27,142437828.947,67490878.3174
2025-05-02 16:00:00+00:00,149.82,151.37,149.82,150.1,924268.44,139309210.511,65861981.2344
2025-05-02 17:00:00+00:00,150.09,150.24,149.36,149.73,689087.41,103201912.495,53273269.0913
2025-05-02 18:00:00+00:00,149.73,150.46,149.41,149.45,390261.99,58515466.7607,31903251.8659
2025-05-02 19:00:00+00:00,149.45,149.45,147.6,147.97,1072926.58,159274616.951,66649253.4832
2025-05-02 20:00:00+00:00,147.98,148.3,147.28,148.16,514730.49,76138099.1245,38664185.9381
2025-05-02 21:00:00+00:00,148.16,148.6,147.2,147.61,441999.53,65402408.9368,25965352.4398
2025-05-02 22:00:00+00:00,147.6,147.84,147.22,147.65,330963.87,48831310.7739,23186970.8633
2025-05-02 23:00:00+00:00,147.64,148.04,147.52,147.93,291276.48,43054250.8537,22404557.8475
2025-05-03 00:00:00+00:00,147.93,148.39,147.64,148.02,399537.34,59132249.6952,32187014.4334
2025-05-03 01:00:00+00:00,148.01,148.15,147.42,147.97,353148.44,52176378.9891,25391736.3033
2025-05-03 02:00:00+00:00,147.98,148.92,147.89,148.67,419669.5,62323240.1254,35755761.4431
2025-05-03 03:00:00+00:00,148.67,149,147.95,148.22,428889.23,63661304.6302,29958813.872
2025-05-03 04:00:00+00:00,148.22,148.5,148.01,148.03,210915.84,31269563.1866,12262156.3483
2025-05-03 05:00:00+00:00,148.02,148.09,147.51,147.68,277669.55,41050763.9487,18144326.2461
2025-05-03 06:00:00+00:00,147.68,147.85,147.33,147.76,387391.55,57177106.3442,27487051.9015
2025-05-03 07:00:00+00:00,147.76,148.11,147.26,148.02,300524.37,44383567.5352,23293332.3781
2025-05-03 08:00:00+00:00,148.03,148.3,147.58,147.85,327629.47,48470209.1199,24768864.3194
2025-05-03 09:00:00+00:00,147.85,147.92,146.81,147.16,567192.43,83556113.7179,32791531.9951
2025-05-03 10:00:00+00:00,147.16,147.55,146.6,146.7,651597.37,95819734.9733,43504028.4196
2025-05-03 11:00:00+00:00,146.7,147.3,146.68,147.03,349095.26,51319241.6319,24294760.857
2025-05-03 12:00:00+00:00,147.02,148.03,147.02,147.98,474972.35,70152842.0874,41759553.002
2025-05-03 13:00:00+00:00,147.99,148.48,147.96,148.3,576243.54,85400825.7045,44658877.3564
2025-05-03 14:00:00+00:00,148.3,148.76,147.96,148.39,427389.82,63393254.1316,33272781.7399
2025-05-03 15:00:00+00:00,148.39,149,148.25,148.37,598257.82,88920788.5057,52317623.3135
2025-05-03 16:00:00+00:00,148.37,148.39,147.17,147.28,610706.39,90230183.4939,41147145.0191
2025-05-03 17:00:00+00:00,147.29,147.3,145.74,146.7,1178549.82,172424022.191,79788400.3006
2025-05-03 18:00:00+00:00,146.7,147.33,146.37,146.61,390490.39,57320124.6061,28634415.7206
2025-05-03 19:00:00+00:00,146.61,147.42,146.44,147.36,256501.66,37720437.7281,18910144.2313
2025-05-03 20:00:00+00:00,147.36,147.7,147.1,147.45,243738.18,35924116.856,18320690.4188
2025-05-03 21:00:00+00:00,147.45,147.85,146.83,147.56,270379.51,39862686.9042,20170263.8371
2025-05-03 22:00:00+00:00,147.55,147.68,147.2,147.31,208606.21,30750934.3431,13274759.4373
2025-05-03 23:00:00+00:00,147.31,147.32,146.54,146.62,259326.68,38076776.9187,15812217.5081
2025-05-04 00:00:00+00:00,146.62,147.02,145.91,146.34,497177.32,72818413.2069,32566050.2472
2025-05-04 01:00:00+00:00,146.33,147.16,145.77,146.98,480250.89,70360184.793,34295673.1168
2025-05-04 02:00:00+00:00,146.99,147.66,145.96,146.23,506567.35,74347501.5843,33798196.0109
2025-05-04 03:00:00+00:00,146.22,146.22,145.4,145.53,568889.04,82930347.0495,32440453.5891
2025-05-04 04:00:00+00:00,145.52,145.87,145.11,145.36,386919.99,56275922.9648,26906460.7323
2025-05-04 05:00:00+00:00,145.36,146.48,145.26,146.18,518728.17,75742961.6718,41990835.5431
2025-05-04 06:00:00+00:00,146.18,146.31,145.5,145.6,390054.26,56873865.8958,27414892.9718
2025-05-04 07:00:00+00:00,145.6,145.97,145.1,145.56,530453.18,77136382.292,35853666.3254
2025-05-04 08:00:00+00:00,145.56,145.88,144.98,145.24,432187.14,62842428.6843,31391889.7889
2025-05-04 09:00:00+00:00,145.23,145.24,144.57,144.84,591345.85,85688524.1852,39105769.4144
2025-05-04 10:00:00+00:00,144.84,145.49,144.67,145.32,334001.93,48477938.4412,24241010.3339
2025-05-04 11:00:00+00:00,145.32,145.9,145.08,145.34,400086.7,58233504.2841,27626910.9389
2025-05-04 12:00:00+00:00,145.33,145.99,145.32,145.44,316142.07,46051672.7493,20193896.4718
2025-05-04 13:00:00+00:00,145.45,145.74,144.86,145.51,420265.31,61061318.3533,29203573.0899
2025-05-04 14:00:00+00:00,145.51,146.6,145.42,146.41,584590.28,85430948.3694,43857222.7006
2025-05-04 15:00:00+00:00,146.4,147.18,146.33,146.73,852664,125165900.879,62231396.0158
2025-05-04 16:00:00+00:00,146.73,147.06,146.34,146.73,450834.43,66173680.5166,28147370.2023
2025-05-04 17:00:00+00:00,146.73,147.3,146.23,147.07,493739.6,72486253.1851,34711110.5523
2025-05-04 18:00:00+00:00,147.07,147.79,146.44,146.44,531195.91,78185332.9307,41244383.5451
2025-05-04 19:00:00+00:00,146.45,146.72,145.89,146.08,439054.83,64205445.6906,29413021.3672
2025-05-04 20:00:00+00:00,146.08,147.05,146.02,146.87,324906.36,47633808.7869,25421695.5663
2025-05-04 21:00:00+00:00,146.88,147.04,146.33,147.03,243752.45,35753008.3532,20568677.8726
2025-05-04 22:00:00+00:00,147.03,147.07,144.89,145.07,965190.07,140823046.424,73582154.372
2025-05-04 23:00:00+00:00,145.06,145.14,143.55,143.87,914981.03,131918543.345,60941640.7352
2025-05-05 00:00:00+00:00,143.86,145.39,143.66,145.06,642877.25,92994261.7234,50795397.0388
2025-05-05 01:00:00+00:00,145.07,145.15,142.73,143.13,996259.43,143109163.976,65625073.7125
2025-05-05 02:00:00+00:00,143.12,144.98,142.42,144.69,997639.05,143528789.133,74293133.8619
2025-05-05 03:00:00+00:00,144.69,145.24,144.25,144.83,476355.98,68936785.5624,33920182.9657
2025-05-05 04:00:00+00:00,144.84,146.46,144.82,146.25,762967.92,111254220.084,62097682.351
2025-05-05 05:00:00+00:00,146.25,147.11,145.94,146.95,685764.67,100431732.059,53795741.7521
2025-05-05 06:00:00+00:00,146.94,147.31,146.51,146.7,427704.89,62777907.4355,30246515.0016
2025-05-05 07:00:00+00:00,146.7,147.17,146.44,146.8,384554.05,56440716.6789,27441841.9888
2025-05-05 08:00:00+00:00,146.79,146.99,146.25,146.52,420234.52,61603881.5423,27596061.0416
2025-05-05 09:00:00+00:00,146.52,146.73,146.02,146.07,290362.42,42510022.003,21564798.6895
2025-05-05 10:00:00+00:00,146.06,146.12,143.59,144.12,1222357.21,176892585.91,82819456.2271
2025-05-05 11:00:00+00:00,144.12,144.57,143.47,144.1,737316.99,106231399.631,52894006.3151
2025-05-05 12:00:00+00:00,144.1,144.91,143.78,144.54,643517.9,92947427.1729,48337570.9092
2025-05-05 13:00:00+00:00,144.54,144.87,143.31,144.81,989382.93,142597440.542,72586402.1719
2025-05-05 14:00:00+00:00,144.82,145.4,144.1,144.41,964393.15,139596968.482,68909592.2468
2025-05-05 15:00:00+00:00,144.41,144.71,143,143.66,811156.95,116639636.75,48956956.281
2025-05-05 16:00:00+00:00,143.67,145.36,143.56,144.91,798992.67,115597748.046,58262152.0874
2025-05-05 17:00:00+00:00,144.9,145.93,144.59,145.69,513751.92,74679144.1518,39130124.8224
2025-05-05 18:00:00+00:00,145.7,147.09,145.49,146.62,920452.1,134841339.869,76193714.7569
2025-05-05 19:00:00+00:00,146.62,147.03,146.28,146.41,588833.1,86387273.6472,35548725.5611
2025-05-05 20:00:00+00:00,146.41,146.54,144.86,145.51,764051.16,111355730.363,49608310.8932
2025-05-05 21:00:00+00:00,145.52,146.96,145.48,146.62,444861.41,65126451.7976,33490547.6519
2025-05-05 22:00:00+00:00,146.61,147.67,146.59,147.24,568253.78,83619061.5983,46062101.0339
2025-05-05 23:00:00+00:00,147.25,147.5,146.52,146.66,434712.24,63914902.8142,30654343.0938
2025-05-06 00:00:00+00:00,146.66,146.78,145.72,146.1,537635.2,78593026.1611,41981890.0596
2025-05-06 01:00:00+00:00,146.1,146.39,144.55,144.68,701154.34,101973549.893,50237597.1038
2025-05-06 02:00:00+00:00,144.67,144.91,143.69,144.32,883604.43,127441501.868,60494827.4915
2025-05-06 03:00:00+00:00,144.31,144.77,144.03,144.56,430133.65,62109447.7979,33677619.1599
2025-05-06 04:00:00+00:00,144.57,144.97,144.24,144.88,404221.15,58479587.9439,27284312.4841
2025-05-06 05:00:00+00:00,144.87,145.18,144.31,144.42,324218.73,46911201.4376,21087231.0585
2025-05-06 06:00:00+00:00,144.43,145.27,144.4,145.26,264120.38,38267748.4642,21228189.0322
2025-05-06 07:00:00+00:00,145.25,145.83,144.85,145.17,622954.92,90567106.0401,46528305.8063
2025-05-06 08:00:00+00:00,145.17,145.2,143.57,144.54,710361.16,102404159.543,42820345.1659
2025-05-06 09:00:00+00:00,144.53,144.53,143.41,144.28,475231.79,68426252.5578,35481137.9524
2025-05-06 10:00:00+00:00,144.28,144.29,142.81,143.02,696065.18,99837857.2651,42711413.9558
2025-05-06 11:00:00+00:00,143.01,143.59,141.79,142.49,1172974.98,167301300.968,68731752.04
2025-05-06 12:00:00+00:00,142.49,143.09,142.38,142.92,680794.36,97173420.2666,50011053.7574
2025-05-06 13:00:00+00:00,142.92,142.98,141.3,141.85,1098404.21,156066599.317,72878509.5928
2025-05-06 14:00:00+00:00,141.85,143.9,141.83,142.63,1242973.67,177824163.19,93245865.9713
2025-05-06 15:00:00+00:00,142.63,143.88,142.07,143.13,772055.93,110507784.702,58224989.8879
2025-05-06 16:00:00+00:00,143.12,143.8,142.34,142.38,688680.27,98475395.1029,48424547.1101
2025-05-06 17:00:00+00:00,142.38,144.32,142.37,143.6,768942.3,110336413.562,61080935.3043
2025-05-06 18:00:00+00:00,143.6,144.86,143.5,144.79,581837.23,83973607.6276,44705427.2517
2025-05-06 19:00:00+00:00,144.79,145.24,144.46,144.78,544593.04,78875454.7857,39135282.3434
2025-05-06 20:00:00+00:00,144.79,144.98,143.56,143.94,610364.63,87987336.7902,40509630.754
2025-05-06 21:00:00+00:00,143.94,144.59,143.43,144.41,452084.97,65155026.1703,29213643.2907
2025-05-06 22:00:00+00:00,144.4,146.72,144.37,146.06,1555584.16,227138128.237,125025171.655
2025-05-06 23:00:00+00:00,146.05,147.17,145.52,146.83,894493.42,130918390.725,71292838.4643
2025-05-07 00:00:00+00:00,146.83,149.15,146.58,148.96,1515327.08,224315169.119,121162905.567
2025-05-07 01:00:00+00:00,148.95,149.47,148.02,148.27,974300.58,145009648.439,65623860.5727
2025-05-07 02:00:00+00:00,148.27,148.52,146.58,146.72,922691.62,136097543.754,63022237.8939
2025-05-07 03:00:00+00:00,146.72,146.79,145.34,146.17,987810.5,144250419.379,71492050.6715
2025-05-07 04:00:00+00:00,146.17,146.71,145.74,146.1,556684.25,81423792.8164,38515900.3724
2025-05-07 05:00:00+00:00,146.11,146.21,145.34,145.48,355827.79,51861606.6897,25368454.2282
2025-05-07 06:00:00+00:00,145.47,146.21,145.41,145.96,401264.9,58527704.8245,29189494.1064
2025-05-07 07:00:00+00:00,145.95,147.24,145.93,147.18,522372.79,76583714.2087,42240969.8108
2025-05-07 08:00:00+00:00,147.18,147.9,146.85,147.77,594520.52,87590472.9094,46937435.7308
2025-05-07 09:00:00+00:00,147.77,148.24,147.47,147.77,474366.48,70118270.6789,36781034.5487
2025-05-07 10:00:00+00:00,147.77,147.87,147.32,147.68,449852.16,66398147.8047,28161456.8193
2025-05-07 11:00:00+00:00,147.68,147.78,147.37,147.54,761557.65,112382857.898,55826719.7175
2025-05-07 12:00:00+00:00,147.54,147.69,146.73,147.14,736142.95,108342995.142,54009388.4643
2025-05-07 13:00:00+00:00,147.14,147.39,146.26,146.81,824013.42,120914652.256,59771115.7489
2025-05-07 14:00:00+00:00,146.8,147.49,145.72,146.01,880684.66,129119235.085,67356359.3267
2025-05-07 15:00:00+00:00,146,146.3,145.35,145.68,871331.98,127068278.57,62686282.1705
2025-05-07 16:00:00+00:00,145.68,146.4,145,146.18,842379.7,122607375.243,62421125.7793
2025-05-07 17:00:00+00:00,146.19,146.58,145.06,145.58,678133.77,98908026.1793,46951652.8234
2025-05-07 18:00:00+00:00,145.58,147.29,144.59,146.54,2018456.01,294628488.827,153811637.392
2025-05-07 19:00:00+00:00,146.54,146.81,145.03,145.68,1075811.44,157012560.525,75327070.8477
2025-05-07 20:00:00+00:00,145.68,146.3,145.38,146.3,441461.27,64383273.905,35870408.3716
2025-05-07 21:00:00+00:00,146.3,147.84,146.08,147.27,614749.74,90391026.8978,51580381.8207
2025-05-07 22:00:00+00:00,147.28,147.88,147.12,147.67,655537.59,96707085.219,44420018.329
2025-05-07 23:00:00+00:00,147.67,148.25,146.97,147.27,616406.78,91049978.6898,44291148.0138
2025-05-08 00:00:00+00:00,147.27,148.88,147.01,148.77,514648.81,76013666.8855,42098421.5213
2025-05-08 01:00:00+00:00,148.76,149.96,147.84,148.05,1196486.92,178251530.925,87811603.8421
2025-05-08 02:00:00+00:00,148.06,150.29,147.96,149.75,1034179.74,154644557.641,85457489.9687
2025-05-08 03:00:00+00:00,149.75,151.17,149.5,150.79,1008110.75,151540588.298,87240244.0759
2025-05-08 04:00:00+00:00,150.8,151.91,150.67,150.79,1364064.8,206405885.647,102795652.943
2025-05-08 05:00:00+00:00,150.78,151.25,149.9,150.11,850172.97,127861858.536,61888895.229
2025-05-08 06:00:00+00:00,150.11,150.59,150.06,150.55,329673.9,49565793.0485,27127238.3416
2025-05-08 07:00:00+00:00,150.54,151.89,150.46,151.51,1078175.15,163132879.908,93035210.4724
2025-05-08 08:00:00+00:00,151.5,153.25,151.46,152.75,1168485.22,178115763.178,100994720.852
2025-05-08 09:00:00+00:00,152.74,154.85,152.42,154.59,1168729.08,179266532.907,101377538.061
2025-05-08 10:00:00+00:00,154.59,155.23,154.3,154.81,1031029.61,159629304.406,83718552.0936
2025-05-08 11:00:00+00:00,154.8,154.93,153.65,154.52,980448.6,151289308.013,71097332.3152
2025-05-08 12:00:00+00:00,154.52,155.81,154.14,154.49,1207146.04,186976628.096,99218769.9924
2025-05-08 13:00:00+00:00,154.48,155.63,154.41,154.89,983837.95,152453167.838,67357140.3272
2025-05-08 14:00:00+00:00,154.9,158.79,154.17,157.01,2597325.36,407167342.4,228680604.45
2025-05-08 15:00:00+00:00,157.02,163.08,156.87,160.18,4619966.28,739331850.409,388742012.678
2025-05-08 16:00:00+00:00,160.19,161.05,159.37,159.93,1500517,240177901.482,114977514.554
2025-05-08 17:00:00+00:00,159.93,160.22,158.51,158.68,1337704.67,213159348.944,107153557.654
2025-05-08 18:00:00+00:00,158.68,160.33,158.67,159.92,1023663.7,163559843.105,91843978.9977
2025-05-08 19:00:00+00:00,159.91,160.83,159.63,160.5,813180.52,130150672.213,69015649.3538
2025-05-08 20:00:00+00:00,160.5,163.82,159.68,162.8,1800004.26,290824839.387,159842655.615
2025-05-08 21:00:00+00:00,162.81,164.05,160.13,160.93,1901273.97,307600668.52,146627861.285
2025-05-08 22:00:00+00:00,160.94,161.63,160.32,161.41,753676.7,121319379.829,57234635.8117
2025-05-08 23:00:00+00:00,161.41,164.61,161.05,164.42,1035904.83,168731914.276,91268590.728
2025-05-09 00:00:00+00:00,164.41,164.43,162.31,162.34,1075470.54,175627875.033,80554978.4686
2025-05-09 01:00:00+00:00,162.35,163.63,162.01,163.53,765477.78,124576270.36,63855898.4387
2025-05-09 02:00:00+00:00,163.53,163.56,162.16,162.49,481411.92,78357061.5197,36955831.0788
2025-05-09 03:00:00+00:00,162.49,163.33,161.3,161.34,779366.86,126435268.725,58259396.0229
2025-05-09 04:00:00+00:00,161.33,161.99,161.02,161.83,759807.78,122754555.991,56354041.0705
2025-05-09 05:00:00+00:00,161.83,162.83,161.69,162.83,541190.97,87902885.5314,50146944.8254
2025-05-09 06:00:00+00:00,162.83,164.25,162.4,164.2,890780.83,145496408.257,74747278.7253
2025-05-09 07:00:00+00:00,164.19,167.01,163.98,165.03,2469725.62,408030150.231,221836312.232
2025-05-09 08:00:00+00:00,165.04,169.99,164.74,166.32,4071839.58,680218007.741,345080829.907
2025-05-09 09:00:00+00:00,166.32,167.93,164.25,166.4,1932357.07,320307062.332,153527111.359
2025-05-09 10:00:00+00:00,166.4,174.68,166.14,173.95,2889076.45,493046859.948,266573961.841
2025-05-09 11:00:00+00:00,173.96,176.16,171.1,172.26,3869929.37,671742991.147,312785983.431
2025-05-09 12:00:00+00:00,172.26,172.75,169.5,172.4,1858984.76,318423035.904,151117980.812
2025-05-09 13:00:00+00:00,172.41,173.42,170.75,172.65,1410979.91,243095460.79,122823648.641
2025-05-09 14:00:00+00:00,172.64,172.64,167.4,169.29,3074890.35,521207902.35,244683726.939
2025-05-09 15:00:00+00:00,169.29,171.65,168.46,170.74,1604083.66,272378696.691,141654573.681
2025-05-09 16:00:00+00:00,170.74,170.91,168.55,169,1516947.09,257407202.5,111418496.166
2025-05-09 17:00:00+00:00,169,172.09,168.66,171.91,1244724.54,212952122.372,106528529.904
2025-05-09 18:00:00+00:00,171.91,172.48,171.22,171.71,694664.79,119365286.808,55630447.2923
2025-05-09 19:00:00+00:00,171.71,172.58,170.63,171.88,592079.23,101533699.368,45829005.9371
2025-05-09 20:00:00+00:00,171.89,172.99,171.5,172.96,438969.13,75623448.2614,38650453.4381
2025-05-09 21:00:00+00:00,172.97,173.01,171.09,172.62,582906.35,100291023.366,45697207.9769
2025-05-09 22:00:00+00:00,172.61,173.54,172.04,173.27,376457.88,65076054.7836,33008573.7148
2025-05-09 23:00:00+00:00,173.27,173.79,172.32,172.74,503562.09,87135410.2354,39893435.3164
2025-05-10 00:00:00+00:00,172.74,175.18,170.62,171.34,1461159.11,252645358.15,120652230.116
2025-05-10 01:00:00+00:00,171.34,172.5,171.15,171.66,557938.99,95860560.46,46036268.4347
2025-05-10 02:00:00+00:00,171.67,172.64,171.21,172.1,470565.31,80934279.8486,45031152.1258
2025-05-10 03:00:00+00:00,172.09,172.14,171.04,171.56,332207.21,57022639.6975,25980612.6226
2025-05-10 04:00:00+00:00,171.56,171.57,170.11,170.81,522164.19,89085356.6597,39654283.4375
2025-05-10 05:00:00+00:00,170.8,171.22,169.62,171.12,522417.35,89052606.0386,41877280.7556
2025-05-10 06:00:00+00:00,171.11,172.27,171.01,172.03,654338.68,112364922.387,62241523.7616
2025-05-10 07:00:00+00:00,172.03,172.5,171.14,172.25,571951.34,98288938.8643,51905062.4613
2025-05-10 08:00:00+00:00,172.26,173.36,171.07,171.56,1057535.25,182327991.786,86945617.8012
2025-05-10 09:00:00+00:00,171.56,171.99,170.47,171.62,1015446.53,173840809.094,81049127.2944
2025-05-10 10:00:00+00:00,171.63,172.27,170.22,170.24,600007.35,102780024.636,42307565.304
2025-05-10 11:00:00+00:00,170.25,170.64,168.68,168.91,1327058.88,224991213.058,101533402.312
2025-05-10 12:00:00+00:00,168.91,171.3,168.91,171.09,855129.36,145642100.423,80317427.1892
2025-05-10 13:00:00+00:00,171.08,171.96,170.9,171.66,560523.57,96065035.1653,49029410.7163
2025-05-10 14:00:00+00:00,171.67,171.97,170.18,171.64,554878.82,94902244.7913,45188592.5461
2025-05-10 15:00:00+00:00,171.63,171.79,170.84,171.02,549621.25,94167347.2632,43068244.4542
2025-05-10 16:00:00+00:00,171.02,172.45,170.79,171.77,696284.58,119509423.288,65354980.5879
2025-05-10 17:00:00+00:00,171.78,173.8,171.47,171.73,1294360.81,223459426.642,111883065.46
2025-05-10 18:00:00+00:00,171.73,172.47,171.03,172.46,628866.79,108067242.538,56035818.2941
2025-05-10 19:00:00+00:00,172.47,172.74,171.51,172.15,354956.27,61095120.2042,30687996.2559
2025-05-10 20:00:00+00:00,172.14,172.97,171.25,172.63,437845.17,75458597.8376,42717380.4942
2025-05-10 21:00:00+00:00,172.62,174.5,172.29,174.09,620730.18,107591256.065,60040808.0597
2025-05-10 22:00:00+00:00,174.08,175.12,173,174.92,926773.59,161244428.331,77357422.1722
2025-05-10 23:00:00+00:00,174.91,178.93,174.5,177.86,2693232.25,477071786.967,244045452.771
2025-05-11 00:00:00+00:00,177.85,179.64,172.78,179.13,3037272.62,537109290.564,252130917.744
2025-05-11 01:00:00+00:00,179.14,180.29,175.49,176.93,2154675.46,384316508.867,189736168.035
2025-05-11 02:00:00+00:00,176.92,177.82,174.6,175.75,1211571.79,213810977.709,104117113.454
2025-05-11 03:00:00+00:00,175.75,176.64,174.84,175.78,621997.76,109383504.822,50529650.3624
2025-05-11 04:00:00+00:00,175.78,177.66,175.69,177.18,644196.34,113942057.494,63164065.0481
2025-05-11 05:00:00+00:00,177.19,177.54,176.05,176.12,499152.45,88163100.2138,35996764.0191
2025-05-11 06:00:00+00:00,176.12,176.2,173.75,174.66,982998.85,171973085.283,67752502.5865
2025-05-11 07:00:00+00:00,174.66,174.69,172.14,172.55,1351558.49,234160165.512,109244004.844
2025-05-11 08:00:00+00:00,172.54,173.9,172.52,172.92,824569.61,142893882.66,77196144.199
2025-05-11 09:00:00+00:00,172.93,174.99,172.72,174.34,718933.83,125176548.619,74930200.6358
2025-05-11 10:00:00+00:00,174.34,174.76,173.2,174.55,547061.39,95217088.7638,44904485.3963
2025-05-11 11:00:00+00:00,174.55,174.82,173.89,174.69,386372.34,67394817.4136,35052101.1919
2025-05-11 12:00:00+00:00,174.68,175.19,173.51,173.98,572970.47,99833003.9928,49920740.8593
2025-05-11 13:00:00+00:00,173.99,174.59,170.77,170.9,1376828.81,237217868.274,101646625.543
2025-05-11 14:00:00+00:00,170.9,172.06,170.72,171.82,1037952.06,177933526.343,87687416.6887
2025-05-11 15:00:00+00:00,171.82,172.88,169.13,170.41,1403827.29,240195509.191,107583201.249
2025-05-11 16:00:00+00:00,170.41,171.67,169.31,170.46,1071649.3,182810128.825,88219135.1224
2025-05-11 17:00:00+00:00,170.46,171.85,170.12,171.77,857661.86,146822567.882,77711866.9023
2025-05-11 18:00:00+00:00,171.77,173.21,170.72,172.59,815701.45,140500054.451,80526431.7313
2025-05-11 19:00:00+00:00,172.58,173.38,172.09,172.64,487675.93,84244465.9723,40679909.6899
2025-05-11 20:00:00+00:00,172.63,172.74,171.61,172.25,367364.15,63277190.8961,27336799.3183
2025-05-11 21:00:00+00:00,172.25,173.18,171.52,173.06,268271.65,46224577.5049,21978562.5526
2025-05-11 22:00:00+00:00,173.07,173.76,171.16,171.87,698052.89,120163930.185,58383299.27
2025-05-11 23:00:00+00:00,171.86,173.18,171.79,173.11,373131.68,64389415.2844,30287614.9736
2025-05-12 00:00:00+00:00,173.1,175.71,172.97,174.44,971804.42,169525634.077,89256352.3053
2025-05-12 01:00:00+00:00,174.44,175.99,171.62,173.65,1188045.93,206602275.877,106455726.43
2025-05-12 02:00:00+00:00,173.66,176.86,172.85,173.91,1575021.28,275235518.868,127967300.611
2025-05-12 03:00:00+00:00,173.9,174.8,172.93,174.8,687426.8,119498677.587,62418328.3101
2025-05-12 04:00:00+00:00,174.8,176.05,173.99,175.74,701222.65,122763703.602,61676071.8088
2025-05-12 05:00:00+00:00,175.73,176.11,173.52,174.45,618268.95,108029725.351,47074760.5072
2025-05-12 06:00:00+00:00,174.45,175.92,173.72,175.64,612172.23,107145077.428,53727428.9642
2025-05-12 07:00:00+00:00,175.64,180,174.61,176.01,4676329.45,832566195.942,441651627.773
2025-05-12 08:00:00+00:00,176.01,177.14,173.55,176.47,1763329.31,308899342.603,153495117.234
2025-05-12 09:00:00+00:00,176.48,176.87,175.43,175.6,601073.82,105884373.704,48278815.9859
2025-05-12 10:00:00+00:00,175.6,176.11,174.69,175.85,615695.85,108005281.97,50271076.7301
2025-05-12 11:00:00+00:00,175.85,176.34,173.66,174.01,811277.99,141928593.574,62656765.7883
2025-05-12 12:00:00+00:00,174.01,176.9,173.89,176.29,975666.59,171210911.155,91521293.3424
2025-05-12 13:00:00+00:00,176.3,180.68,175.71,179.26,3043653.28,542535524.419,279659956.464
2025-05-12 14:00:00+00:00,179.25,181.44,175.22,175.81,4515455.65,804233435.256,393817797.449
2025-05-12 15:00:00+00:00,175.81,177.2,174.01,174.34,2166262.32,380328790.272,182015507.739
2025-05-12 16:00:00+00:00,174.34,176.22,173.17,175.87,1214553.82,212310459.045,108994185.326
2025-05-12 17:00:00+00:00,175.87,176.61,171.69,172.05,1160197.72,201608451.087,85110643.9238
2025-05-12 18:00:00+00:00,172.04,172.64,168.27,170.36,2691015.77,458565228.597,208854066.766
2025-05-12 19:00:00+00:00,170.36,171.59,169.69,171.13,1288531.06,219972938.731,111811868.424
2025-05-12 20:00:00+00:00,171.13,172.76,170.33,172.19,694654.59,119342618.052,63439678.8982
2025-05-12 21:00:00+00:00,172.2,172.88,171.81,172.6,319072.29,54999002.3149,26314349.9544
2025-05-12 22:00:00+00:00,172.59,174.58,172.02,173.62,481772.01,83545334.0256,45120779.7159
2025-05-12 23:00:00+00:00,173.63,174.79,173.55,174.14,338095.18,58885964.667,27207479.2799
2025-05-13 00:00:00+00:00,174.15,174.31,171.52,171.65,851595.88,147247150.842,61078383.1931
2025-05-13 01:00:00+00:00,171.64,172.53,169.5,170.97,1105494.06,188889192.598,97488371.4504
2025-05-13 02:00:00+00:00,170.97,171.37,168.11,168.92,1717618.15,290975019.944,128654480.048
2025-05-13 03:00:00+00:00,168.91,169.62,166.84,166.92,1168994.51,196393192.8,79849287.474
2025-05-13 04:00:00+00:00,166.92,169.99,166.12,169.81,1128839.73,189824887.433,104054454.755
2025-05-13 05:00:00+00:00,169.8,170.37,168.71,169.78,647182.38,109772838.463,48550219.245
2025-05-13 06:00:00+00:00,169.77,171.73,169.76,171.09,842147.24,143880750.57,80081896.8326
2025-05-13 07:00:00+00:00,171.08,172.36,170.94,171.43,609072.38,104567824.811,50666711.6203
2025-05-13 08:00:00+00:00,171.43,172.8,170.86,172.5,712350.01,122457394.176,57235564.8583
2025-05-13 09:00:00+00:00,172.49,173.96,172.24,173.66,1043148.59,180688384.289,90708785.1737
2025-05-13 10:00:00+00:00,173.66,174.27,172.91,174.01,647256.08,112353210.683,49407255.7675
2025-05-13 11:00:00+00:00,174,175.1,173.56,173.93,801220.48,139696244.274,64395183.6409
2025-05-13 12:00:00+00:00,173.93,175.54,172.82,174.15,1751208.04,304875208.484,144943724.673
2025-05-13 13:00:00+00:00,174.15,175.74,173.56,174.25,1174257.79,205042256.59,96274089.7286
2025-05-13 14:00:00+00:00,174.26,174.45,172.04,173.18,1269498.83,220054666.03,98404210.0065
2025-05-13 15:00:00+00:00,173.18,176.22,173.03,175.96,1092560.87,190838158.28,111511932.321
2025-05-13 16:00:00+00:00,175.96,177.77,175.61,176.51,1595640.87,282071084.498,140603708.059
2025-05-13 17:00:00+00:00,176.51,178.99,176.39,178.27,1267028.19,225086599.836,129318773.083
2025-05-13 18:00:00+00:00,178.28,179.16,177.91,179.02,838121.84,149643068.272,72592909.3444
2025-05-13 19:00:00+00:00,179.02,184.36,178.2,182.02,2937137.52,533030900.234,281644502.986
2025-05-13 20:00:00+00:00,182.01,183.39,180.27,183.09,1431274.86,260173265.983,132750930.094
2025-05-13 21:00:00+00:00,183.09,183.3,181.62,182.69,659904.44,120406701.572,57700406.3317
2025-05-13 22:00:00+00:00,182.69,183.19,182.13,182.89,528156.46,96469021.1391,48585647.4591
2025-05-13 23:00:00+00:00,182.9,184.8,182.3,183.7,1075171.67,197651630.838,105158766.508
2025-05-14 00:00:00+00:00,183.7,184.03,181.64,182.04,997455.87,182344076.654,85893584.1866
2025-05-14 01:00:00+00:00,182.05,184.87,181.96,182.84,1174653.77,215529848.846,112892151.443
2025-05-14 02:00:00+00:00,182.85,183.09,178.99,180.43,1787642.04,322909873.289,141117099.021
2025-05-14 03:00:00+00:00,180.42,180.7,179.08,180.25,712286.49,128012368.027,63512053.6587
2025-05-14 04:00:00+00:00,180.25,181.96,179.8,181.58,591943.99,107076987.843,57371728.8572
2025-05-14 05:00:00+00:00,181.59,183.26,180.93,182.72,700076.67,127493785.106,70926390.4614
2025-05-14 06:00:00+00:00,182.72,183.96,182.32,183.64,814613.28,149164910.935,78162310.8415
2025-05-14 07:00:00+00:00,183.65,183.82,180.5,181.66,874820.71,159102655.452,75333974.8058
2025-05-14 08:00:00+00:00,181.66,182.61,178.22,178.39,1704693.33,307488340.329,145815985.818
2025-05-14 09:00:00+00:00,178.4,179.81,177.51,179.7,1249376.64,223252992.295,118680698.953
2025-05-14 10:00:00+00:00,179.7,181.15,179.19,179.31,740890.71,133463220.037,66526267.0362
2025-05-14 11:00:00+00:00,179.3,181.89,179.3,180.94,890235.44,161118334.507,74244064.876
2025-05-14 12:00:00+00:00,180.95,181.82,179.75,180.19,672967.73,121700495.746,57983100.5958
2025-05-14 13:00:00+00:00,180.18,181,177.29,178.83,1959091.46,350792606.591,157091185.624
2025-05-14 14:00:00+00:00,178.83,178.9,176.35,176.89,1392012.51,246758881.206,118353383.281
2025-05-14 15:00:00+00:00,176.89,177.32,175.47,177.26,1208029.3,213215797.395,111737204.443
2025-05-14 16:00:00+00:00,177.26,177.61,174.73,175.86,947079.39,166837733.535,77348268.9027
2025-05-14 17:00:00+00:00,175.87,176,173.15,175.79,1386158.27,242115091.31,118208632.984
2025-05-14 18:00:00+00:00,175.8,176.68,175.05,176.58,566623.03,99714770.8682,51376950.1011
2025-05-14 19:00:00+00:00,176.59,177.53,176.27,176.98,572797.25,101380781.349,49119341.6481
2025-05-14 20:00:00+00:00,176.99,177.33,176.5,176.72,360140.06,63719602.5103,27803959.4438
2025-05-14 21:00:00+00:00,176.71,177.6,175.61,177.39,400605.21,70685948.2724,30955943.5322
2025-05-14 22:00:00+00:00,177.39,177.46,175.23,175.99,483729.4,85254854.6589,38523329.2424
2025-05-14 23:00:00+00:00,175.99,176.77,175.1,176.51,422657.82,74376138.6837,37786255.967
2025-05-15 00:00:00+00:00,176.51,178.23,176.49,177.56,659378.93,117152914.257,61663988.1822
2025-05-15 01:00:00+00:00,177.56,177.8,174,174.49,1056988.29,185973477.444,87286782.0095
2025-05-15 02:00:00+00:00,174.48,176.38,174.17,175.8,659663.82,115695750.543,60777692.0586
2025-05-15 03:00:00+00:00,175.8,176.22,173.94,173.95,512979.83,89861996.844,38676577.1227
2025-05-15 04:00:00+00:00,173.94,175.21,173.74,174.89,579036.79,101022521.062,52184397.733
2025-05-15 05:00:00+00:00,174.88,174.99,172.57,173.09,837921.21,145446974.104,67487615.1531
2025-05-15 06:00:00+00:00,173.09,174.38,172.77,173.09,928947.62,161190489.424,73209828.5692
2025-05-15 07:00:00+00:00,173.1,173.47,169.64,170.33,1624765.98,278169625.559,126738979.131
2025-05-15 08:00:00+00:00,170.32,172.96,170.11,172.7,1049097.03,180298796.094,105439169.333
2025-05-15 09:00:00+00:00,172.7,172.7,169.41,170.67,998049.7,170620419.518,76044594.6622
2025-05-15 10:00:00+00:00,170.68,170.87,168.6,169.94,837065.12,141981827.592,67623162.2969
2025-05-15 11:00:00+00:00,169.94,171.42,169.72,170.99,754974.4,128755224.047,69390383.0738
2025-05-15 12:00:00+00:00,170.99,172.79,170.13,170.9,1294171.3,221858563.153,114775236.5
2025-05-15 13:00:00+00:00,170.91,171.86,168.01,169.67,1587817.52,269664583.4,128500827.953
2025-05-15 14:00:00+00:00,169.66,170.62,166.84,169.49,2069874,348745971.838,167328544.773
2025-05-15 15:00:00+00:00,169.49,172.49,168.65,172.14,1471226.13,251129775.348,135902214.918
2025-05-15 16:00:00+00:00,172.13,173.9,170.72,173.89,1462730.6,251881395.309,125849000.14
2025-05-15 17:00:00+00:00,173.89,174.38,172.66,173.02,1206842.71,209543332.186,100744811.748
2025-05-15 18:00:00+00:00,173.02,173.23,169.14,169.46,1580083.24,270158786.314,118664761.874
2025-05-15 19:00:00+00:00,169.47,170.75,167.6,169.67,1104652.87,186954884.297,91604978.1473
2025-05-15 20:00:00+00:00,169.68,170.6,168.39,169.57,775309.1,131534765.553,64696598.6715
2025-05-15 21:00:00+00:00,169.57,169.68,166.55,168.95,792760.34,133318328.825,64043766.7961
2025-05-15 22:00:00+00:00,168.95,170.24,168.09,168.14,665226.78,112624109.649,50493549.864
2025-05-15 23:00:00+00:00,168.14,169.5,166.85,169.06,982369.35,165076047.037,83393137.7871
2025-05-16 00:00:00+00:00,169.06,172.14,168.58,170.22,1160663.31,197861191.518,97375309.9597
2025-05-16 01:00:00+00:00,170.22,171.98,168.8,171.83,1031283.05,175606621.845,93769064.201
2025-05-16 02:00:00+00:00,171.82,173.61,171.78,172.59,1119469.02,193384497.829,100890099.659
2025-05-16 03:00:00+00:00,172.59,172.87,171.8,172.54,439079.06,75707682.0347,32936368.0692
2025-05-16 04:00:00+00:00,172.55,173.13,171.04,171.86,493228.98,84806236.3094,39571613.4846
2025-05-16 05:00:00+00:00,171.86,173.48,171.85,172.85,410110.47,70883989.6245,33554922.7664
2025-05-16 06:00:00+00:00,172.84,173.06,172.18,172.36,364681.45,62947582.0563,28956755.9906
2025-05-16 07:00:00+00:00,172.37,172.98,171.48,172.07,646701.54,111338386.555,58537875.6473
2025-05-16 08:00:00+00:00,172.06,172.32,169.25,170.02,1013201.4,172808804.835,76966892.3169
2025-05-16 09:00:00+00:00,170.03,172.7,170.01,172.59,706591.41,121039675.755,68964836.6026
2025-05-16 10:00:00+00:00,172.6,173.36,171.89,173.12,598842.14,103350547.734,51679192.1786
2025-05-16 11:00:00+00:00,173.11,174.16,172.29,172.75,933606.76,161667616.648,77061610.3181
2025-05-16 12:00:00+00:00,172.74,173.33,172.01,172.05,614032.28,106059775.6,45213778.6285
2025-05-16 13:00:00+00:00,172.05,174,171.76,173.73,926809.42,160392953.632,81237272.2899
2025-05-16 14:00:00+00:00,173.72,173.72,170.72,171.41,1245689.49,214523816.751,101763064.496
2025-05-16 15:00:00+00:00,171.42,173.16,171.39,172,984988.07,169533914.351,82316241.1596
2025-05-16 16:00:00+00:00,172,172.69,169.92,170.98,827622.05,141628698.121,68731103.7152
2025-05-16 17:00:00+00:00,170.98,172.15,169.83,170.25,595717.07,101893896.367,49866273.3749
2025-05-16 18:00:00+00:00,170.25,171.27,169.6,170.2,721391.32,122888574.007,51889272.807
2025-05-16 19:00:00+00:00,170.2,171.46,169.71,171.32,465157.13,79325726.8556,42492774.6849
2025-05-16 20:00:00+00:00,171.31,171.32,168.71,169.49,623766.93,105812656.186,50065006.7469
2025-05-16 21:00:00+00:00,169.5,170.24,168.46,168.96,421702.02,71464125.7354,37255746.6524
2025-05-16 22:00:00+00:00,168.95,169.01,166.22,167.33,1130551.64,189194489.959,88453058.008
2025-05-16 23:00:00+00:00,167.34,168.38,166.96,167.33,586178.7,98312432.0138,45280543.0436
2025-05-17 00:00:00+00:00,167.33,168.24,165.51,166.71,1157243.32,193067874.262,86950740.2143
2025-05-17 01:00:00+00:00,166.7,166.7,163.91,165.02,1401077.81,231395893.258,99858476.776
2025-05-17 02:00:00+00:00,165.03,166.92,164.05,166.47,1148806.09,190137868.528,105508258.678
2025-05-17 03:00:00+00:00,166.47,168.54,165.25,168.17,830779.21,138562876.471,85138503.1073
2025-05-17 04:00:00+00:00,168.17,169.46,167.84,168.77,609629.55,102752577.961,46647268.7235
2025-05-17 05:00:00+00:00,168.77,169.08,167.12,167.44,733343.6,123245723.228,45818260.4128
2025-05-17 06:00:00+00:00,167.43,169.29,167.43,169.02,487827.6,82258029.0547,44877402.0618
2025-05-17 07:00:00+00:00,169.03,169.95,167.87,168.47,767597.83,129677544.115,57238934.7619
2025-05-17 08:00:00+00:00,168.47,169.34,167.95,168,662464.3,111643298.156,51987474.5644
2025-05-17 09:00:00+00:00,168,168.8,166.9,167.68,855571.73,143645626.339,73210241.8913
2025-05-17 10:00:00+00:00,167.68,168.6,167,167.48,441805.18,74097704.1147,32389770.043
2025-05-17 11:00:00+00:00,167.49,168.1,166.63,167.53,403965.39,67596759.4215,33487024.9513
2025-05-17 12:00:00+00:00,167.53,168,167.04,167.17,352570.47,59050846.3205,29897036.6292
2025-05-17 13:00:00+00:00,167.18,167.56,165.73,166.39,669715.25,111513122.567,55207771.8222
2025-05-17 14:00:00+00:00,166.38,168,166.35,167.91,630333.27,105461922.108,52710012.6846
2025-05-17 15:00:00+00:00,167.91,168.16,167.2,167.2,341410.33,57250810.9351,25320097.531
2025-05-17 16:00:00+00:00,167.2,167.44,164.29,165.16,1112723.23,184234141.179,89262835.464
2025-05-17 17:00:00+00:00,165.15,166.71,164.8,165.65,829679.59,137578214.455,70738231.4035
2025-05-17 18:00:00+00:00,165.64,166.98,165.55,165.67,662923.1,110249944.133,52317160.8382
2025-05-17 19:00:00+00:00,165.67,166.26,164.9,165.16,409671.76,67769378.5564,33673280.702
2025-05-17 20:00:00+00:00,165.16,167.92,164.61,167.44,697794.39,116044459.388,62645834.782
2025-05-17 21:00:00+00:00,167.45,167.63,166.64,166.93,361655.69,60447210.2267,29940576.5022
2025-05-17 22:00:00+00:00,166.93,166.98,164.25,165.21,822317.91,135845655.782,69012774.8848
2025-05-17 23:00:00+00:00,165.21,166.05,164.66,165.87,353095.76,58455545.0418,26531658.406
2025-05-18 00:00:00+00:00,165.87,167.41,165.79,167.19,641186.05,106805389.904,52176176.8769
2025-05-18 01:00:00+00:00,167.18,167.75,166.01,167.18,470327.61,78485956.7134,35318400.8802
2025-05-18 02:00:00+00:00,167.18,167.57,166.47,166.97,258074.81,43120939.3488,20174099.9049
2025-05-18 03:00:00+00:00,166.98,167.85,166.46,166.83,419933.87,70203551.1773,35321950.4372
2025-05-18 04:00:00+00:00,166.83,168.55,166.8,168.44,400327.76,67214221.7458,38499828.4264
2025-05-18 05:00:00+00:00,168.43,170.09,168.43,169.81,605423.51,102465179.522,57942915.9774
2025-05-18 06:00:00+00:00,169.82,169.89,168.95,169.21,482738.38,81773292.781,40091699.0599
2025-05-18 07:00:00+00:00,169.21,170.67,169.06,170.6,437215.13,74259940.3183,40393813.302
2025-05-18 08:00:00+00:00,170.61,171.95,170.6,171.08,994209.45,170316981.089,81472734.0119
2025-05-18 09:00:00+00:00,171.08,171.49,170.4,170.92,470813.5,80506894.4099,34525003.5835
2025-05-18 10:00:00+00:00,170.91,171.5,170.56,171.26,322286.41,55133326.897,24979458.1609
2025-05-18 11:00:00+00:00,171.26,171.64,170.61,170.71,296830.13,50803944.256,24891239.0949
2025-05-18 12:00:00+00:00,170.71,171.6,170.11,171.57,529167.1,90339683.78,43250421.3758
2025-05-18 13:00:00+00:00,171.57,172.89,171.33,172.74,854388.43,146953660.412,75881329.952
2025-05-18 14:00:00+00:00,172.74,174.8,172.22,174.29,1388545.16,241149098.225,124523532.03
2025-05-18 15:00:00+00:00,174.3,176.61,173.54,176.2,1287835.87,225302538.253,113448248.844
2025-05-18 16:00:00+00:00,176.2,176.73,174.87,175.77,1271161.69,223483803.609,98347456.9545
2025-05-18 17:00:00+00:00,175.76,175.82,172.04,172.19,1605708.08,279450096.062,119129438.126
2025-05-18 18:00:00+00:00,172.18,172.31,168.8,170.15,2372081.92,403604328.451,192531508.845
2025-05-18 19:00:00+00:00,170.15,170.61,166.29,166.53,1648238.38,277072368.074,118026046.266
2025-05-18 20:00:00+00:00,166.54,167.3,164.5,167.06,1972653.03,326958074.715,175151788.801
2025-05-18 21:00:00+00:00,167.06,168.84,167.03,167.51,787578.57,132149432.663,66228823.1722
2025-05-18 22:00:00+00:00,167.5,170.1,166.07,169.98,1148778.52,193052819.912,96869353.0981
2025-05-18 23:00:00+00:00,169.98,174.24,168.93,173.24,1458554.15,250310967.725,132634120.422
2025-05-19 00:00:00+00:00,173.25,173.87,167.63,168,2361722.77,402563755.074,195098256.375
2025-05-19 01:00:00+00:00,168,168.65,166.39,167.77,1182982.52,198283133.547,102850420.679
2025-05-19 02:00:00+00:00,167.76,168.45,165.8,166.74,1103142.54,184126242.537,92309570.7994
2025-05-19 03:00:00+00:00,166.73,166.92,164.86,165.23,943660.45,156462083.506,63859098.4492
2025-05-19 04:00:00+00:00,165.24,166.75,162.43,163.34,1876954.04,308830375.721,133350016.516
2025-05-19 05:00:00+00:00,163.34,163.65,162.19,162.61,1136966.35,185246114.79,84777488.116
2025-05-19 06:00:00+00:00,162.6,163.28,159.28,159.56,2018770.89,325527034.879,133196568.205
2025-05-19 07:00:00+00:00,159.56,162.33,159.32,161.78,1355576.32,218622639.69,122807580.543
2025-05-19 08:00:00+00:00,161.78,162.26,160.68,161.39,864680.24,139635974.314,66681177.7417
2025-05-19 09:00:00+00:00,161.39,162.56,160.3,161.53,935496.63,151202259.467,75155251.5505
2025-05-19 10:00:00+00:00,161.52,161.95,160.64,161.57,559893.87,90247353.7211,45261582.5177
2025-05-19 11:00:00+00:00,161.58,162.6,161.05,162.07,629387.17,101983234.472,45566788.4145
2025-05-19 12:00:00+00:00,162.07,162.21,160.05,160.81,1106928.51,178124199.066,76939947.1261
2025-05-19 13:00:00+00:00,160.82,163.51,160.49,162.56,1648540.95,267575338.153,127052771.605
2025-05-19 14:00:00+00:00,162.57,164.03,161.53,163.61,1312497.54,213604467.796,102006205.879
2025-05-19 15:00:00+00:00,163.61,164.67,163.16,164.08,1122260.98,183988726.975,87120341.0262
2025-05-19 16:00:00+00:00,164.09,165.67,162.67,165.64,1446330.55,237278147.29,121496801.488
2025-05-19 17:00:00+00:00,165.64,167.3,164.88,165.43,1666765.03,276771992.658,127694156.829
2025-05-19 18:00:00+00:00,165.42,165.97,163.37,164.74,1077074.12,177428882.539,76684253.9146
2025-05-19 19:00:00+00:00,164.75,166.85,164.28,166.54,780340.73,129275850.792,79096567.794
2025-05-19 20:00:00+00:00,166.54,167.73,165.51,165.84,927783.3,154520389.319,76562101.8047
2025-05-19 21:00:00+00:00,165.85,166.69,165.2,166.6,409504.51,67886589.1623,35827219.7775
2025-05-19 22:00:00+00:00,166.59,166.59,165.05,165.72,406892.96,67448664.9936,28143398.6889
2025-05-19 23:00:00+00:00,165.73,166.94,165.6,166.76,370376.56,61651393.6943,30850212.391
2025-05-20 00:00:00+00:00,166.76,169.4,166.67,167.02,1387330.54,232903328.878,116189371.86
2025-05-20 01:00:00+00:00,167.01,170.66,166.85,169.84,986612.86,166801357.059,94063627.9383
2025-05-20 02:00:00+00:00,169.85,173.06,169.85,170.55,1817908.74,311690011.906,148945955.263
2025-05-20 03:00:00+00:00,170.56,170.78,168.23,169.13,1113867.99,188690260.022,89918304.389
2025-05-20 04:00:00+00:00,169.14,170.55,168.39,169.94,773019.19,130879354.768,62319703.9744
2025-05-20 05:00:00+00:00,169.94,170.59,169.16,169.2,441582.6,75030872.4294,35439143.4213
2025-05-20 06:00:00+00:00,169.2,169.55,167.5,168.3,792848.9,133529996.629,54788007.2357
2025-05-20 07:00:00+00:00,168.3,168.42,166.98,167.27,705838.08,118372966.526,52757164.2144
2025-05-20 08:00:00+00:00,167.27,168,166.13,167.68,801394.51,133822896.444,67609319.5965
2025-05-20 09:00:00+00:00,167.68,168.07,167.03,167.23,401131.24,67240338.3167,35233595.368
2025-05-20 10:00:00+00:00,167.23,167.59,165.46,166.27,1103877.04,183910731.66,85069417.098
2025-05-20 11:00:00+00:00,166.28,166.7,165.13,166.38,592494.01,98308199.3703,47973653.591
2025-05-20 12:00:00+00:00,166.38,166.45,165.07,165.97,602163.01,99796272.6648,50049156.3198
2025-05-20 13:00:00+00:00,165.97,166.52,164.71,165.27,1063517.14,176243496.48,83419809.5632
2025-05-20 14:00:00+00:00,165.27,166.64,164.4,165.51,1183436.63,195840662.896,109448455.98
2025-05-20 15:00:00+00:00,165.51,167.28,165.42,166.53,829411.5,138077324.414,72922518.3216
2025-05-20 16:00:00+00:00,166.53,167.06,165.09,165.44,819598.25,136049951.112,62625437.9944
2025-05-20 17:00:00+00:00,165.44,168.22,165.33,167.8,907715.06,151676721.05,84051598.9041
2025-05-20 18:00:00+00:00,167.8,167.88,164.45,164.82,1456019.78,241842315.839,93233475.9947
2025-05-20 19:00:00+00:00,164.81,169.09,164.48,168.11,1130719.94,188741158.752,106939396.242
2025-05-20 20:00:00+00:00,168.12,169.19,166.81,168.42,1166332.72,195872586.317,92967652.4043
2025-05-20 21:00:00+00:00,168.42,169.33,166.79,168.01,749861.36,126104745.47,60363244.4294
2025-05-20 22:00:00+00:00,168,168.4,166.17,167.7,531075.71,88703819.3292,44926790.8122
2025-05-20 23:00:00+00:00,167.7,169.14,167.52,168.51,589369.67,99281453.0776,49364849.3209
2025-05-21 00:00:00+00:00,168.51,169.05,167.48,168.03,613135.68,103181367.22,49197778.3017
2025-05-21 01:00:00+00:00,168.03,169.1,167.75,168.34,542920.29,91507929.2653,43555426.4901
2025-05-21 02:00:00+00:00,168.33,168.89,166.71,168.71,1039516.93,174298271.143,78719123.4626
2025-05-21 03:00:00+00:00,168.71,170.87,168.56,169.91,995810.09,169083457.633,98861476.8176
2025-05-21 04:00:00+00:00,169.91,171.32,169.01,170.21,1048319.23,178497588.661,84918455.4283
2025-05-21 05:00:00+00:00,170.21,171.7,170.17,170.59,909407.47,155420163.943,70005999.514
2025-05-21 06:00:00+00:00,170.6,171.56,169.68,170.92,932251.54,159145595.991,75794405.0698
2025-05-21 07:00:00+00:00,170.93,171.3,168.21,168.75,1312058.68,221964276.194,100459213.67
2025-05-21 08:00:00+00:00,168.76,169.46,168,168.01,514556,86788969.4531,39486491.924
2025-05-21 09:00:00+00:00,168.01,168.51,167.28,167.68,616805.71,103505418.374,45368696.806
2025-05-21 10:00:00+00:00,167.67,168.54,167.41,168.08,504356.94,84747885.1546,44355608.3714
2025-05-21 11:00:00+00:00,168.07,169.6,167.91,169.26,647323.56,109411711.286,56593160.9939
2025-05-21 12:00:00+00:00,169.27,170.22,168.61,169.29,572877.83,97068026.9031,45533041.3095
2025-05-21 13:00:00+00:00,169.29,170.32,168.17,169.41,854908.48,144725856.105,76283697.7949
2025-05-21 14:00:00+00:00,169.41,172.74,168.93,172.72,1771659.4,302640745.539,142710505.165
2025-05-21 15:00:00+00:00,172.72,173.66,171.16,172.12,2347656.39,404613328.904,190636439.221
2025-05-21 16:00:00+00:00,172.12,174.91,171.29,173.15,1885084.31,326606460.292,153613723.688
2025-05-21 17:00:00+00:00,173.14,173.94,165.34,167.02,8194551.59,1378033524.68,685827098.884
2025-05-21 18:00:00+00:00,167.03,169.54,166.18,167.77,2095064.75,351552273.056,184622378.498
2025-05-21 19:00:00+00:00,167.78,171.47,167.12,171.08,1364669.43,231051688.054,123819155.07
2025-05-21 20:00:00+00:00,171.07,171.28,169.08,169.62,939269.15,159894633.761,63934254.4309
2025-05-21 21:00:00+00:00,169.63,170.72,169.02,170.04,342525.67,58207955.5735,31327776.3739
2025-05-21 22:00:00+00:00,170.05,172.21,169.65,171.63,750403.94,128335039.953,73199090.7146
2025-05-21 23:00:00+00:00,171.63,175.92,171.08,173.5,2270348.35,394752762.145,185889984.737
2025-05-22 00:00:00+00:00,173.5,174.94,173.23,174.87,1369071.98,238232125.076,131497832.145
2025-05-22 01:00:00+00:00,174.88,175.74,172.4,173.19,1227792.27,213846371.44,99499268.1883
2025-05-22 02:00:00+00:00,173.18,174.85,173.05,174.37,743598.3,129397971.051,68785351.9562
2025-05-22 03:00:00+00:00,174.38,177.48,173.8,176.78,1604553.01,282684769.794,148966161.545
2025-05-22 04:00:00+00:00,176.77,177.37,175.74,176.83,1735749.89,306343339.459,149436241.999
2025-05-22 05:00:00+00:00,176.83,177.77,175.61,175.82,945348.59,167092407.279,78485323.3799
2025-05-22 06:00:00+00:00,175.82,176.52,175.19,175.82,855921.59,150483749.696,71130145.8243
2025-05-22 07:00:00+00:00,175.82,178.75,175.43,178.46,1367561.66,242669136.504,134904576.416
2025-05-22 08:00:00+00:00,178.46,179.79,177.95,179.74,1477438.12,264451099.996,120935392.21
2025-05-22 09:00:00+00:00,179.74,180.82,179.09,179.64,1540352.39,277070322.145,135640277.366
2025-05-22 10:00:00+00:00,179.63,179.75,178,178.18,868817.95,155287886.175,66840424.1248
2025-05-22 11:00:00+00:00,178.18,178.83,177.16,178.01,910314.8,162010318.635,83434040.4948
2025-05-22 12:00:00+00:00,178,178.77,177.28,178.59,854634.51,152178672.335,66298286.4224
2025-05-22 13:00:00+00:00,178.59,179.05,176.92,177.16,1280436.78,227652166.087,106043633.936
2025-05-22 14:00:00+00:00,177.16,179.62,177.09,178.72,1274805.52,227560436.733,122595767.417
2025-05-22 15:00:00+00:00,178.72,179.83,178.46,178.94,673278.85,120601064.516,56509408.7568
2025-05-22 16:00:00+00:00,178.95,180.32,177.84,178.28,946984.18,169538858.884,84895355.118
2025-05-22 17:00:00+00:00,178.27,179.88,177.88,178.98,655095.17,117330277.546,59227527.224
2025-05-22 18:00:00+00:00,178.99,179.88,178.42,179.26,400934.13,71876886.3485,34344837.1588
2025-05-22 19:00:00+00:00,179.26,179.45,177.44,177.79,697632.62,124355931.594,66975997.2621
2025-05-22 20:00:00+00:00,177.79,178.62,177.5,178.46,510833.63,91012335.858,48121932.8395
2025-05-22 21:00:00+00:00,178.47,178.47,177.23,178.03,304083.91,54069508.5951,27122304.7211
2025-05-22 22:00:00+00:00,178.03,179.3,177.94,178.04,501572.93,89593083.8794,45628314.0374
2025-05-22 23:00:00+00:00,178.04,179.97,178.04,179.6,458307.76,82143421.4749,38152525.9587
2025-05-23 00:00:00+00:00,179.61,181.82,179.17,180.68,1390248.63,250929922.772,139271786.493
2025-05-23 01:00:00+00:00,180.68,183.55,180.27,183.07,1215217.33,221339719.228,118107853.21
2025-05-23 02:00:00+00:00,183.08,185.4,183.06,183.72,1723913.5,317516973.246,168225601.3
2025-05-23 03:00:00+00:00,183.72,185.37,183.67,184.94,795740.75,146784836.109,73359451.0389
2025-05-23 04:00:00+00:00,184.94,185.3,181.9,182.55,1297271.54,237381942.624,116136060.072
2025-05-23 05:00:00+00:00,182.56,182.99,181.25,181.86,725530.84,132054628.201,69044431.794
2025-05-23 06:00:00+00:00,181.86,181.98,180,180.77,1124170.97,203092753.263,101311812.984
2025-05-23 07:00:00+00:00,180.77,183.08,180.77,182.48,1010652.06,184153446.937,94284868.7164
2025-05-23 08:00:00+00:00,182.48,186.78,182.48,186.17,1921498.8,355253015.32,192904457.107
2025-05-23 09:00:00+00:00,186.17,187.67,185.81,186.79,1250548.19,233571284.282,116531108.02
2025-05-23 10:00:00+00:00,186.78,187.16,185.4,185.89,1181455.2,219948140.5,103189579.828
2025-05-23 11:00:00+00:00,185.88,186.1,177.1,177.88,3891944.59,704409080.926,332186343.873
2025-05-23 12:00:00+00:00,177.87,178.62,173.29,176.84,5138584.69,907088758.237,465031212.54
2025-05-23 13:00:00+00:00,176.84,180.28,175.51,180.03,2516588.82,448041377.176,225814839.192
2025-05-23 14:00:00+00:00,180.03,183.7,179.01,182.12,2259307.36,409343342.499,198319096.052
2025-05-23 15:00:00+00:00,182.12,183.2,180.51,180.63,1773209.87,322671997.451,148042193.234
2025-05-23 16:00:00+00:00,180.62,182.19,179.03,181.13,2039323.22,368328796.921,172692617.515
2025-05-23 17:00:00+00:00,181.12,182.1,180.56,181.38,736767.34,133666250.09,70548882.9511
2025-05-23 18:00:00+00:00,181.38,181.69,178.27,178.8,946638.24,169978363.536,71115892.317
2025-05-23 19:00:00+00:00,178.81,180.08,178.63,179.07,543893.34,97552818.2167,50449686.3677
2025-05-23 20:00:00+00:00,179.06,179.2,176.8,177.17,760709.9,135140827.352,61744233.9336
2025-05-23 21:00:00+00:00,177.16,178.44,176.36,177.11,744422.2,132020270.093,71509266.6595
2025-05-23 22:00:00+00:00,177.1,178.03,175.38,175.61,879130.3,155046461.431,70135965.7503
2025-05-23 23:00:00+00:00,175.61,175.96,173.18,173.92,1484388.35,258844074.733,116753293.912
2025-05-24 00:00:00+00:00,173.92,175.24,172.52,172.7,1340276.27,233344893.604,114287503.608
2025-05-24 01:00:00+00:00,172.69,174.72,172.55,173.72,804335.89,139874222.652,71738095.1606
2025-05-24 02:00:00+00:00,173.72,175.01,173.13,174.81,612004.16,106721824.25,58839158.6748
2025-05-24 03:00:00+00:00,174.8,175.92,174.24,175.03,729105.2,127777745.168,68082452.2115
2025-05-24 04:00:00+00:00,175.03,176.2,174.5,176,620759.14,108860577.158,53635952.4055
2025-05-24 05:00:00+00:00,176,176.29,174.38,175.07,596035.64,104478993.474,45657543.7087
2025-05-24 06:00:00+00:00,175.06,175.41,173.5,174.5,622739.99,108508813.023,47371394.2755
2025-05-24 07:00:00+00:00,174.49,175.36,173.35,173.85,698825.88,121915546.076,57141521.605
2025-05-24 08:00:00+00:00,173.84,174.89,173.12,174.85,596007.29,103649346.91,55602738.2292
2025-05-24 09:00:00+00:00,174.85,175.84,174.66,175.23,547503.14,95939666.3064,47835765.2193
2025-05-24 10:00:00+00:00,175.22,177.64,174.95,177.27,1047526.94,184909436.687,102652742.276
2025-05-24 11:00:00+00:00,177.28,178.22,176.64,176.8,1025654.53,181957575.926,78996150.759
2025-05-24 12:00:00+00:00,176.8,177.04,175.92,176.45,707703.24,124890651.307,58414775.6405
2025-05-24 13:00:00+00:00,176.46,176.71,174.95,175.3,627058.2,110297682.489,44395877.1807
2025-05-24 14:00:00+00:00,175.3,176.95,175.11,176.63,524008.5,92323553.4396,54722129.3489
2025-05-24 15:00:00+00:00,176.64,176.98,175.66,176.22,378331.55,66704505.0762,31188317.6102
2025-05-24 16:00:00+00:00,176.22,176.6,175.18,176.3,332270.29,58455825.7278,28013272.1724
2025-05-24 17:00:00+00:00,176.3,177.37,176.29,176.73,411572.24,72829884.3735,36159671.9236
2025-05-24 18:00:00+00:00,176.73,177.63,176.63,176.69,327702.42,58052142.2818,28594090.7411
2025-05-24 19:00:00+00:00,176.68,177.49,176.52,177.05,250276.44,44290139.3114,22514293.33
2025-05-24 20:00:00+00:00,177.04,177.85,176.8,177.68,245103.05,43469663.4741,22016273.02
2025-05-24 21:00:00+00:00,177.68,177.75,176.15,177.28,273199.97,48326629.0275,22851981.5253
2025-05-24 22:00:00+00:00,177.27,177.3,175.76,176.06,391131.57,68974345.8659,32786843.7064
2025-05-24 23:00:00+00:00,176.07,176.45,175.25,175.81,556197.94,97810155.0186,47559767.7297
2025-05-25 00:00:00+00:00,175.82,176.82,171.57,172.22,1783022.44,310103829.148,138739794.799
2025-05-25 01:00:00+00:00,172.21,172.58,170.53,171.43,1568751.38,269302535.069,138668882.731
2025-05-25 02:00:00+00:00,171.44,172.53,170.13,172.28,1034264.32,177379301.964,82271694.5442
2025-05-25 03:00:00+00:00,172.28,173.93,172.16,173.53,626991.05,108581319.469,59768840.3503
2025-05-25 04:00:00+00:00,173.53,174.28,172.6,174.21,568027.94,98438641.6147,55545002.5121
2025-05-25 05:00:00+00:00,174.21,174.32,173.28,173.94,475097.73,82606253.8763,34033313.7583
2025-05-25 06:00:00+00:00,173.93,173.94,173.02,173.37,320787.61,55636297.645,24736722.0856
2025-05-25 07:00:00+00:00,173.37,173.39,171.81,172.27,582794.18,100475495.966,46606465.0919
2025-05-25 08:00:00+00:00,172.27,172.3,170,170.7,1040501.97,177910321.454,82103295.3198
2025-05-25 09:00:00+00:00,170.69,172.08,170.23,171.93,923003.02,157969595.013,85541573.3283
2025-05-25 10:00:00+00:00,171.93,172.18,170.79,171.08,481346.35,82568488.5799,37735046.492
2025-05-25 11:00:00+00:00,171.07,171.94,170.95,171.86,367815.42,63082028.517,29656437.8903
2025-05-25 12:00:00+00:00,171.86,172.58,171.31,172.48,623471.29,107262536.312,61139578.7357
2025-05-25 13:00:00+00:00,172.48,172.57,170.91,171.9,730439.65,125573791.899,61131142.7522
2025-05-25 14:00:00+00:00,171.91,172.28,170.22,171,706659.9,121020425.401,60528310.0157
2025-05-25 15:00:00+00:00,171,171.32,169.05,170.21,1487116.01,252710548.993,114976757.713
2025-05-25 16:00:00+00:00,170.2,170.35,169.09,169.99,731948.44,124238608.535,55708453.9458
2025-05-25 17:00:00+00:00,169.99,171.07,169.97,170.87,482641.9,82366894.2357,39860095.4858
2025-05-25 18:00:00+00:00,170.87,171.78,170.6,171.51,430665.14,73793524.7213,40056189.923
2025-05-25 19:00:00+00:00,171.51,172.72,171.43,172.43,365762.68,62945170.2371,36167721.0251
2025-05-25 20:00:00+00:00,172.44,172.51,171.47,171.86,380572.18,65442903.6624,31858144.1715
2025-05-25 21:00:00+00:00,171.86,172.56,170.82,171.43,347110.83,59627598.68,27639730.2872
2025-05-25 22:00:00+00:00,171.44,174.83,171.24,174.76,1197547.13,207710528.588,118675237.634
2025-05-25 23:00:00+00:00,174.76,175.77,173.74,175.65,871082,152181395.109,79521935.9165
2025-05-26 00:00:00+00:00,175.64,177.54,175,177.47,1153714.16,203483077.489,103683895.593
2025-05-26 01:00:00+00:00,177.48,177.78,176.03,176.46,784778.89,138650034.343,59636775.1916
2025-05-26 02:00:00+00:00,176.46,177.04,175.6,176.01,526067.13,92723595.7511,39686652.4324
2025-05-26 03:00:00+00:00,176,177.54,175.9,176.94,583328.31,103131403.885,55515853.327
2025-05-26 04:00:00+00:00,176.93,177.23,176.49,177.09,404562.6,71566330.8643,35045570.0804
2025-05-26 05:00:00+00:00,177.09,177.91,177.04,177.49,512424.2,90970366.3571,43778739.3838
2025-05-26 06:00:00+00:00,177.5,178.12,177.14,177.84,515696.46,91610549.3934,45782803.927
2025-05-26 07:00:00+00:00,177.85,178.96,177.13,178.07,802650.04,142939741.998,70408936.2356
2025-05-26 08:00:00+00:00,178.08,178.26,177.11,177.35,514306.76,91372777.1688,45760772.2265
2025-05-26 09:00:00+00:00,177.34,177.83,176.54,176.74,530111.22,93885880.5353,43722988.0216
2025-05-26 10:00:00+00:00,176.74,177.25,176.32,176.68,470461.83,83158635.9546,43752875.3313
2025-05-26 11:00:00+00:00,176.68,177.89,176.37,177.82,412576.41,73145761.6901,37961924.0186
2025-05-26 12:00:00+00:00,177.82,178.47,177.14,178.08,474465.64,84334629.9115,42521983.0769
2025-05-26 13:00:00+00:00,178.08,178.69,176.08,176.61,770094.05,136619681.971,66393564.5057
2025-05-26 14:00:00+00:00,176.61,177.35,175.81,176.65,853764.05,150745180.998,79227489.7117
2025-05-26 15:00:00+00:00,176.66,178.8,176.18,177.41,1060613.91,188389311.363,96712984.7663
2025-05-26 16:00:00+00:00,177.41,177.97,175.12,175.56,1188399.21,209301520.65,104280799.559
2025-05-26 17:00:00+00:00,175.55,176.14,173.6,173.91,895847.97,156447267.608,63741715.1674
2025-05-26 18:00:00+00:00,173.92,174.95,173.37,174.08,627475.49,109303334.416,55816380.6512
2025-05-26 19:00:00+00:00,174.07,174.47,173.58,173.95,329295.23,57294295.1972,30781141.021
2025-05-26 20:00:00+00:00,173.94,175.29,173.53,175.26,443559.54,77364815.3268,44241526.0377
2025-05-26 21:00:00+00:00,175.26,175.45,174.18,174.92,295012.48,51573452.2275,28159509.8738
2025-05-26 22:00:00+00:00,174.92,175.98,173.89,174.11,369207.65,64563915.2031,32811606.3257
2025-05-26 23:00:00+00:00,174.11,174.9,173.78,174.8,294659.66,51371505.2503,26441431.3771
2025-05-27 00:00:00+00:00,174.8,175.68,173.9,174.03,447652.24,78180047.9426,39054540.8455
2025-05-27 01:00:00+00:00,174.03,174.04,171.06,171.99,1738197.77,299256632.957,137847626.82
2025-05-27 02:00:00+00:00,171.98,173.06,171.64,172.23,662209.47,114160351.537,56306683.7727
2025-05-27 03:00:00+00:00,172.23,173.99,172.22,173.42,615407.18,106675087.582,55946533.9928
2025-05-27 04:00:00+00:00,173.42,174.15,172.85,173.08,446519.42,77511487.5137,32505981.479
2025-05-27 05:00:00+00:00,173.07,173.91,172.37,173.47,579886.98,100354063.832,47034537.5024
2025-05-27 06:00:00+00:00,173.47,175.2,173.44,173.5,978600.82,170699052.686,84731964.6724
2025-05-27 07:00:00+00:00,173.51,175.86,173.5,175.4,596989.56,104363062.159,53929683.0485
2025-05-27 08:00:00+00:00,175.4,176.55,175.26,175.78,815517.3,143434934.219,70980449.9266
2025-05-27 09:00:00+00:00,175.77,176,174.91,175.81,531306.01,93230498.8613,50268479.9374
2025-05-27 10:00:00+00:00,175.82,176.25,175.62,176.11,396029.81,69684182.9027,33889634.0283
2025-05-27 11:00:00+00:00,176.1,177.14,175.4,176.73,764899.18,134866132.793,61909298.4255
2025-05-27 12:00:00+00:00,176.72,177.36,176.22,176.96,608832.33,107629734.008,51315070.3219
2025-05-27 13:00:00+00:00,176.96,179.37,176.69,177.63,1945502.33,346810837.612,181414980.161
2025-05-27 14:00:00+00:00,177.63,178.36,174.99,177.11,1701673.99,300652232.339,154171676.35
2025-05-27 15:00:00+00:00,177.12,178.66,176.57,178.41,1054339.13,187314044.271,94475159.768
2025-05-27 16:00:00+00:00,178.41,179.06,177.43,178.1,890259.27,158699133.792,74320005.153
2025-05-27 17:00:00+00:00,178.1,179.27,177.87,178.37,850994.64,151990365.438,77854666.6343
2025-05-27 18:00:00+00:00,178.36,179.11,177.88,178.48,569223.79,101621335.05,46437034.2307
2025-05-27 19:00:00+00:00,178.47,179.22,177.32,177.45,652092.47,116306332.539,55871343.257
2025-05-27 20:00:00+00:00,177.45,178.6,177.03,177.98,453702.48,80703816.7376,42655087.5181
2025-05-27 21:00:00+00:00,177.98,178.22,175.89,176.36,629345.97,111342106.943,49445753.0611
2025-05-27 22:00:00+00:00,176.36,176.95,175.5,176.57,535819.87,94410579.3832,53958032.7011
2025-05-27 23:00:00+00:00,176.57,176.97,176.02,176.64,269249.83,47542008.7534,25299903.2553
2025-05-28 00:00:00+00:00,176.64,177.34,175.77,177.17,423573.13,74784585.6188,39876852.1888
2025-05-28 01:00:00+00:00,177.17,177.38,175.05,175.39,516052.7,90915491.008,37308239.3243
2025-05-28 02:00:00+00:00,175.39,175.4,174.31,174.53,943135.34,164873401.538,86365129.4273
2025-05-28 03:00:00+00:00,174.53,175.22,174.13,175.03,420180.89,73402114.4213,44842607.295
2025-05-28 04:00:00+00:00,175.02,175.27,174.23,174.83,365295.67,63853468.3594,33116492.0496
2025-05-28 05:00:00+00:00,174.82,175.08,174.39,174.48,300720.97,52533295.0409,27914837.6051
2025-05-28 06:00:00+00:00,174.48,174.51,173.58,173.93,487860.07,84865589.3488,37562520.299
2025-05-28 07:00:00+00:00,173.93,174.48,173.71,173.81,343793.95,59870456.5178,31955820.4807
2025-05-28 08:00:00+00:00,173.82,174.38,173.37,174.01,511881.37,89007465.818,46511010.0183
2025-05-28 09:00:00+00:00,174.01,174.06,172.8,173.31,607420.5,105301616.298,48967561.3951
2025-05-28 10:00:00+00:00,173.32,174.21,172.72,173.9,633362.02,109892286.66,54257969.8855
2025-05-28 11:00:00+00:00,173.9,174.42,173.55,174.42,361666.63,62940757.2123,33163386.4047
2025-05-28 12:00:00+00:00,174.42,175.05,174.01,174.13,680635.67,118828455.818,61326208.2316
2025-05-28 13:00:00+00:00,174.13,174.42,172.31,172.47,1109477.05,192343156.791,82296258.5724
2025-05-28 14:00:00+00:00,172.46,172.84,169.81,170.05,2429169.88,416333626.362,170681111.917
2025-05-28 15:00:00+00:00,170.05,170.46,168.8,169.6,1836370.08,311638480.112,153816169.945
2025-05-28 16:00:00+00:00,169.61,170.95,169.44,170.93,675119.37,114958353.747,65858090.59
2025-05-28 17:00:00+00:00,170.94,171.92,170.12,170.73,832511.04,142482875.671,68916639.4586
2025-05-28 18:00:00+00:00,170.73,171.38,169.68,169.85,512522.68,87395376.1841,41054425.347
2025-05-28 19:00:00+00:00,169.84,170.78,169.04,169.31,788996.97,133920063.869,64103029.1007
2025-05-28 20:00:00+00:00,169.32,170.72,169.11,170.71,599506.43,101835457.561,57390854.4233
2025-05-28 21:00:00+00:00,170.72,171.5,170.44,171.44,296412.41,50678802.2461,31756387.0833
2025-05-28 22:00:00+00:00,171.43,171.48,170.24,170.79,390640.96,66691800.0741,29392627.648
2025-05-28 23:00:00+00:00,170.79,172.59,170.79,172.11,849368.42,146046079.699,79692428.59
2025-05-29 00:00:00+00:00,172.12,173.63,171.23,173.55,926175.89,159442113.578,78517175.422
2025-05-29 01:00:00+00:00,173.56,173.6,172.4,172.89,590550.61,102140119.129,44456659.5845
2025-05-29 02:00:00+00:00,172.88,175.07,172.19,174.95,1181301.73,205512095.659,106332045.908
2025-05-29 03:00:00+00:00,174.95,175.28,173.24,173.62,913014.76,158936622.212,73781399.8008
2025-05-29 04:00:00+00:00,173.61,173.89,169.96,171.88,1640756.5,281756929.564,126281579.942
2025-05-29 05:00:00+00:00,171.88,172.44,171.55,171.94,466440.72,80210856.5226,41400065.281
2025-05-29 06:00:00+00:00,171.93,172.79,171.7,172.5,309757.6,53356849.641,29840526.6577
2025-05-29 07:00:00+00:00,172.49,172.93,171.81,172.16,472267.59,81436224.6348,38598557.0419
2025-05-29 08:00:00+00:00,172.17,173.33,171.55,172.98,597688.86,103118509.694,53722926.3156
2025-05-29 09:00:00+00:00,172.98,173.17,172.31,172.6,350385.59,60524364.6235,26660908.8088
2025-05-29 10:00:00+00:00,172.61,172.78,172.02,172.53,336420.49,57997612.7253,22930649.3539
2025-05-29 11:00:00+00:00,172.52,173.4,172.43,172.78,580040.88,100330786.911,44252558.935
2025-05-29 12:00:00+00:00,172.78,172.87,171.39,171.74,695091.43,119611477.698,55569868.7668
2025-05-29 13:00:00+00:00,171.75,172.44,170.34,170.69,1165208.87,199462759.377,80183652.7045
2025-05-29 14:00:00+00:00,170.68,170.9,168.8,170.58,1816978.89,308499702.294,153219644.416
2025-05-29 15:00:00+00:00,170.58,170.86,169.47,169.65,569800.31,96990317.1332,42038636.7128
2025-05-29 16:00:00+00:00,169.65,170.21,167.66,168.27,1121113.91,189393040.962,80900936.5754
2025-05-29 17:00:00+00:00,168.27,169.41,167.91,168.73,813390.04,137133758.671,71084631.8626
2025-05-29 18:00:00+00:00,168.73,169.73,167.76,167.77,879224.85,148342375.002,66224632.7065
2025-05-29 19:00:00+00:00,167.78,168.26,165.9,166.75,1353496.72,225783267.074,97936752.8958
2025-05-29 20:00:00+00:00,166.75,167.54,166.65,167.19,575307.5,96139858.2622,53534319.631
2025-05-29 21:00:00+00:00,167.2,168.45,167.09,168.3,324678.39,54464241.4292,31855357.924
2025-05-29 22:00:00+00:00,168.3,168.36,166.96,166.96,352079.94,59046848.8695,25171918.6185
2025-05-29 23:00:00+00:00,166.97,167.47,165.87,166.62,496448.77,82712225.3338,36169913.9769
2025-05-30 00:00:00+00:00,166.61,167.41,159.85,161.77,2589781.04,423827943.867,164496041.138
2025-05-30 01:00:00+00:00,161.76,164,161.55,163.34,1790913.58,291933946.788,144000984.3
2025-05-30 02:00:00+00:00,163.34,165.2,163.25,164.99,799415.9,131491170.202,70148723.8493
2025-05-30 03:00:00+00:00,164.98,165.65,164.69,165.03,515162.73,85083503.6329,40065861.2081
2025-05-30 04:00:00+00:00,165.03,165.38,164.39,165.26,368559.86,60749098.4317,30264043.0485
2025-05-30 05:00:00+00:00,165.25,165.77,164.65,165.14,501147.05,82853873.2542,44835799.3604
2025-05-30 06:00:00+00:00,165.14,165.18,162.5,163.38,1063893.02,174141138.423,72670658.8751
2025-05-30 07:00:00+00:00,163.38,164.29,162.56,162.62,961593.65,157157954.275,77193884.6102
2025-05-30 08:00:00+00:00,162.62,163.9,161.77,163.51,890596.19,145047344.567,79872900.9785
2025-05-30 09:00:00+00:00,163.5,164.09,161.37,163.08,1132091,183961287.96,90980668.7991
2025-05-30 10:00:00+00:00,163.08,163.78,162.11,163.76,681981.22,111127787.552,57931986.4875
2025-05-30 11:00:00+00:00,163.75,164.1,163.27,163.73,449165.46,73546838.5865,34943930.883
2025-05-30 12:00:00+00:00,163.74,163.88,161.61,162.9,1012581.67,164737225.33,78935648.938
2025-05-30 13:00:00+00:00,162.9,163.34,160.63,160.81,1051090.78,170134338.268,77813234.6618
2025-05-30 14:00:00+00:00,160.81,161.98,160,160.91,1405517.63,226309155.266,113962887.307
2025-05-30 15:00:00+00:00,160.91,162.21,160.76,161.13,784139.18,126601580.973,59345942.2788
2025-05-30 16:00:00+00:00,161.14,161.68,156.04,157.77,3208009.27,507872874.86,221146996.32
2025-05-30 17:00:00+00:00,157.78,159.1,157.59,158.5,933019.75,147841360.449,72658821.5618
2025-05-30 18:00:00+00:00,158.5,160.7,158.23,160.33,952653.96,152169951.68,80989219.5999
2025-05-30 19:00:00+00:00,160.33,161.46,159.94,160.73,594028.11,95426309.4388,51239531.0786
2025-05-30 20:00:00+00:00,160.72,160.82,159.76,159.81,478188.58,76591753.1253,30330396.8967
2025-05-30 21:00:00+00:00,159.82,160.92,159.75,159.87,387373.66,62098470.2143,27111685.4279
2025-05-30 22:00:00+00:00,159.88,160.18,156.62,156.68,1055507.08,167468336.403,65976175.9667
2025-05-30 23:00:00+00:00,156.68,157.41,155.01,156.12,1659084.78,259293769.173,129879046.574
2025-05-31 00:00:00+00:00,156.11,157.18,154.23,155.77,1541605,240210798.563,110331333.982
2025-05-31 01:00:00+00:00,155.77,156.75,152.48,153.22,2245522.93,346447068.714,157083741.621
2025-05-31 02:00:00+00:00,153.22,155.09,152.08,152.49,1340784.15,205821659.406,99221788.7351
2025-05-31 03:00:00+00:00,152.49,154.43,152.06,154.08,847263.22,129721198.393,76131964.0159
2025-05-31 04:00:00+00:00,154.08,155.66,152.93,155.6,659803.29,101862682.121,50654646.6981
2025-05-31 05:00:00+00:00,155.6,155.79,154.11,154.15,504754.59,78202749.6528,30331987.5398
2025-05-31 06:00:00+00:00,154.14,155.44,153.95,155.03,335139.36,51852734.5857,28424006.475
2025-05-31 07:00:00+00:00,155.03,155.19,154.1,154.76,385433.54,59629027.1161,27174485.9162
2025-05-31 08:00:00+00:00,154.77,155.19,154.11,154.92,510686.22,79007751.639,36309817.8076
2025-05-31 09:00:00+00:00,154.91,155.08,153.45,153.79,580559.68,89415137.5217,37020969.9355
2025-05-31 10:00:00+00:00,153.79,154.71,152.61,153.43,718231.13,110321255.824,56765427.5372
2025-05-31 11:00:00+00:00,153.42,153.57,152.51,152.85,431841.04,66065609.018,34198206.6994
2025-05-31 12:00:00+00:00,152.85,155.03,152.55,154.99,754285.97,116139288.328,64943322.5992
2025-05-31 13:00:00+00:00,154.99,155.95,154.4,154.73,941859.89,146228610.318,69262935.231
2025-05-31 14:00:00+00:00,154.74,155.86,154.63,155.6,675144.62,104964368.465,55483448.0564
2025-05-31 15:00:00+00:00,155.59,156.67,155.27,155.51,869926.93,135628280.467,67150904.6635
2025-05-31 16:00:00+00:00,155.51,156.81,155.07,156.55,723435.85,112930879.703,60429046.8204
2025-05-31 17:00:00+00:00,156.55,156.65,155.4,155.57,477121.07,74470636.2906,32265652.9382
2025-05-31 18:00:00+00:00,155.57,156.55,155.48,156.34,237993.99,37154721.2619,19872581.6903
2025-05-31 19:00:00+00:00,156.33,157.89,156.33,157.41,506597.92,79697380.1286,48640088.8972
2025-05-31 20:00:00+00:00,157.41,157.6,157.06,157.29,188886.32,29716743.269,14697037.1381
2025-05-31 21:00:00+00:00,157.28,157.89,157.01,157.71,382141.33,60210448.5859,29904709.0059
2025-05-31 22:00:00+00:00,157.72,157.92,156.75,156.76,354352.67,55738989.7068,23081737.5577
2025-05-31 23:00:00+00:00,156.75,157.62,156.21,156.35,390276.36,61201906.9477,27343108.0099
2025-06-01 00:00:00+00:00,156.36,156.59,155.62,156.14,442619.82,69072045.0377,30649174.3794
2025-06-01 01:00:00+00:00,156.13,156.65,154.52,155.11,607217.13,94449098.3574,41918147.1838
2025-06-01 02:00:00+00:00,155.1,155.27,154.19,154.72,591850.19,91582890.937,45257914.9458
2025-06-01 03:00:00+00:00,154.73,154.83,153.26,154.62,578610.3,89118686.1181,44335325.9131
2025-06-01 04:00:00+00:00,154.63,155.87,154.46,155.4,412322.89,64006974.4737,37364663.1922
2025-06-01 05:00:00+00:00,155.39,155.83,155.02,155.29,288942.56,44927580.6527,19629509.9092
2025-06-01 06:00:00+00:00,155.28,155.37,154.51,154.72,319299.8,49466289.0054,20542784.84
2025-06-01 07:00:00+00:00,154.71,154.84,154.02,154.35,287750.43,44430021.4366,21479533.3155
2025-06-01 08:00:00+00:00,154.35,154.55,152.81,153.25,768909.66,118027439.366,50720408.9034
2025-06-01 09:00:00+00:00,153.25,153.69,150.6,151.41,1616791.62,245409921.117,117626813.271
2025-06-01 10:00:00+00:00,151.41,151.73,150.48,151.52,846693.85,127966595.703,67035768.4212
2025-06-01 11:00:00+00:00,151.52,152.26,151.27,151.95,588656.31,89391217.4238,45725059.763
2025-06-01 12:00:00+00:00,151.95,152.3,150.51,150.98,612110.28,92583339.7846,40960257.6232
2025-06-01 13:00:00+00:00,150.99,152.27,150.91,151.94,549472.66,83400676.4247,44633853.3232
2025-06-01 14:00:00+00:00,151.94,153.85,151.92,153.18,1028789.46,157545635.131,78209065.9457
2025-06-01 15:00:00+00:00,153.18,154.51,152.88,154.07,683291.2,105133706.213,56721823.8291
2025-06-01 16:00:00+00:00,154.07,156.6,153.94,155.79,1440224.06,223977288.325,122736456.766
2025-06-01 17:00:00+00:00,155.8,156.66,155.45,156.24,497427.74,77602187.9799,36213855.1818
2025-06-01 18:00:00+00:00,156.23,156.27,153.32,154.64,1138081.76,175947598.175,77182333.5606
2025-06-01 19:00:00+00:00,154.64,155.88,154.43,155.81,561538.81,87091873.1812,48534840.2065
2025-06-01 20:00:00+00:00,155.8,156.18,155.08,155.61,398187.4,61979719.4676,27755051.0328
2025-06-01 21:00:00+00:00,155.6,157.2,155.49,156.82,354116.92,55414496.4585,28030490.4487
2025-06-01 22:00:00+00:00,156.81,157.34,156.29,157.13,445575.13,69886108.9012,32068926.2911
2025-06-01 23:00:00+00:00,157.12,157.85,156.86,157.62,470823.6,74134097.2255,42294883.7429
2025-06-02 00:00:00+00:00,157.61,158.24,157.13,157.73,647724.02,102061819.576,49913312.3368
2025-06-02 01:00:00+00:00,157.74,158.84,157.72,157.96,667831.78,105708920.36,51180384.3776
2025-06-02 02:00:00+00:00,157.96,158.2,156.59,156.79,706110.77,111045297.228,53178167.2175
2025-06-02 03:00:00+00:00,156.8,156.86,155.3,155.39,779854.23,121595587.611,56962167.5958
2025-06-02 04:00:00+00:00,155.38,156.17,154.99,155.24,503816.45,78399092.0051,40746896.4764
2025-06-02 05:00:00+00:00,155.23,156.15,154.59,155.29,527293.94,81921777.3817,40483866.5783
2025-06-02 06:00:00+00:00,155.29,156.09,154.58,155.65,454665.31,70674307.5206,39855859.0188
2025-06-02 07:00:00+00:00,155.64,156.64,155.26,155.44,566726.8,88361058.4492,49568412.338
2025-06-02 08:00:00+00:00,155.44,156.5,154.25,154.77,911205.22,141508123.126,66044966.3286
2025-06-02 09:00:00+00:00,154.77,154.81,153.1,153.43,1074997.74,165302109.446,76914230.0972
2025-06-02 10:00:00+00:00,153.44,154.16,152.82,153.92,674324.93,103499709.728,52090131.036
2025-06-02 11:00:00+00:00,153.93,154.54,153.09,153.37,778456.36,119792292.58,55268780.1543
2025-06-02 12:00:00+00:00,153.36,154.31,153.05,154.13,599891.82,92187305.4003,52984622.6341
2025-06-02 13:00:00+00:00,154.13,154.42,151.84,152.14,1508284.4,230961571.924,100589142.321
2025-06-02 14:00:00+00:00,152.13,154.2,151.52,152.94,1739188.63,265891290.898,136698865.101
2025-06-02 15:00:00+00:00,152.94,153.8,151.97,153.09,900480.61,137581565.151,66665401.2194
2025-06-02 16:00:00+00:00,153.09,153.25,151.92,152.94,662131.64,101009206.269,46089643.3133
2025-06-02 17:00:00+00:00,152.94,153.76,152.34,153.58,684989.36,104897674.667,54706875.1626
2025-06-02 18:00:00+00:00,153.58,155.08,152.98,153.17,994560.73,153296228.594,81389857.2092
2025-06-02 19:00:00+00:00,153.16,153.59,151.66,152.86,788405.94,120092802.947,56553765.1112
2025-06-02 20:00:00+00:00,152.87,154.49,152.84,154.22,913458.93,140593124.21,70768256.1622
2025-06-02 21:00:00+00:00,154.21,155.46,154.14,155.36,482013.67,74606995.1333,37565784.1784
2025-06-02 22:00:00+00:00,155.35,156.73,155.33,156.14,831358.59,129757263.621,70140722.4269
2025-06-02 23:00:00+00:00,156.15,157.17,156.08,156.74,614486.33,96263843.3984,43024327.9466
2025-06-03 00:00:00+00:00,156.75,158.94,156.26,158.79,1100940.44,173831175.708,92383639.3639
2025-06-03 01:00:00+00:00,158.78,162.16,158.78,161.86,1531738.63,245791594.847,134754013.722
2025-06-03 02:00:00+00:00,161.87,162.31,159.61,159.78,1538560.59,247642555.294,105968196.449
2025-06-03 03:00:00+00:00,159.79,160.12,158.27,159.34,979452.48,155748460.937,80362645.7304
2025-06-03 04:00:00+00:00,159.35,159.52,158.12,158.39,487938.61,77468009.2383,35138693.0192
2025-06-03 05:00:00+00:00,158.4,159.65,158.39,159.43,464225.06,73865513.6029,41869498.1745
2025-06-03 06:00:00+00:00,159.43,159.87,158.83,159.85,376728.81,60025899.1811,31979358.8673
2025-06-03 07:00:00+00:00,159.84,160.13,159.27,159.75,435176.72,69535864.3902,35627166.0358
2025-06-03 08:00:00+00:00,159.74,159.84,158.22,159.22,660835.26,105002336.329,44737217.6604
2025-06-03 09:00:00+00:00,159.21,160.05,158.63,159.84,402567.23,64175083.3018,33052281.1474
2025-06-03 10:00:00+00:00,159.84,161.27,159.73,161.16,738081.56,118511083.007,69175386.2347
2025-06-03 11:00:00+00:00,161.16,161.59,160.38,160.49,692721.98,111498071.02,46393804.5738
2025-06-03 12:00:00+00:00,160.49,161.48,160.14,161.08,656379.56,105583710.535,55548680.397
2025-06-03 13:00:00+00:00,161.09,161.52,159.89,160.61,1130975.08,181830158.133,81842306.2145
2025-06-03 14:00:00+00:00,160.61,163.22,159.35,163.08,1767600.55,284792298.547,149104366.275
2025-06-03 15:00:00+00:00,163.08,163.57,161.71,162.12,1332359.27,216346894.772,105267470.484
2025-06-03 16:00:00+00:00,162.12,162.34,160.54,160.56,903952.24,145793652.415,60285853.2284
2025-06-03 17:00:00+00:00,160.56,161.87,160.3,161.1,806922.01,129990811.557,67537470.719
2025-06-03 18:00:00+00:00,161.09,161.15,159.82,160.29,654323.24,104898344.484,54277425.1279
2025-06-03 19:00:00+00:00,160.29,161.14,160.05,160.49,514542.92,82641537.1595,41665221.6327
2025-06-03 20:00:00+00:00,160.48,160.53,156.51,157.61,1886511.02,298195489.224,131551880.051
2025-06-03 21:00:00+00:00,157.61,157.83,154,154.74,1290693.67,201429692.216,85758087.8795
2025-06-03 22:00:00+00:00,154.75,156.29,154.3,155.75,827447.3,128558017.073,72925846.2693
2025-06-03 23:00:00+00:00,155.74,156.18,154.87,155.08,540348.76,83995369.8702,40528318.0661
2025-06-04 00:00:00+00:00,155.08,155.62,154.08,155.39,1183861.35,183452830.471,91620111.9837
2025-06-04 01:00:00+00:00,155.39,157.23,155.11,156.72,860174.84,134454381.426,74901232.9504
2025-06-04 02:00:00+00:00,156.72,157.56,155.85,155.96,592160.83,92803620.8955,40959592.2913
2025-06-04 03:00:00+00:00,155.95,157.41,155.88,156.5,548204.89,85952980.4656,48847513.5209
2025-06-04 04:00:00+00:00,156.5,156.86,156.08,156.36,362585.09,56738055.0677,26715366.8237
2025-06-04 05:00:00+00:00,156.36,156.78,155.61,156.41,446387.1,69785570.2991,29860591.4099
2025-06-04 06:00:00+00:00,156.4,156.96,155.93,156.39,290359.56,45429099.7014,23458233.6894
2025-06-04 07:00:00+00:00,156.39,156.81,155.95,156.34,305762.03,47795231.9229,23686777.2597
2025-06-04 08:00:00+00:00,156.34,157.12,156.34,156.61,328393.22,51481742.6808,25962841.3043
2025-06-04 09:00:00+00:00,156.61,157.74,156.17,157.44,520256.28,81661390.0243,46846308.5391
2025-06-04 10:00:00+00:00,157.43,157.82,156.33,156.54,577484.51,90708322.2104,43972133.1416
2025-06-04 11:00:00+00:00,156.53,156.78,155.56,155.83,645626.91,100754329.835,42182202.8291
2025-06-04 12:00:00+00:00,155.83,156.27,155,155.58,730507.72,113674819.252,53538408.0152
2025-06-04 13:00:00+00:00,155.57,156.81,155.22,155.66,813210.41,126931846.177,65862136.2297
2025-06-04 14:00:00+00:00,155.65,156.79,154.51,156.76,1272675.95,197693557.09,96019641.4643
2025-06-04 15:00:00+00:00,156.75,157.93,156.47,157.05,1193664.05,187675931.789,92367617.9444
2025-06-04 16:00:00+00:00,157.05,157.5,156.31,157.28,852550.05,133762720.047,60276774.7886
2025-06-04 17:00:00+00:00,157.28,157.37,155.5,156,714330.76,111588563.914,47624244.6605
2025-06-04 18:00:00+00:00,156.01,156.48,155.42,155.55,351894.78,54914260.7904,25328822.1361
2025-06-04 19:00:00+00:00,155.56,155.96,155.18,155.27,395181.5,61473744.9143,34862943.5789
2025-06-04 20:00:00+00:00,155.27,155.43,153.86,154.45,921356.59,142351018.33,61077513.1187
2025-06-04 21:00:00+00:00,154.44,155.55,153.76,154.99,588768.84,91051749.1167,55655737.2847
2025-06-04 22:00:00+00:00,155,155.16,153.22,153.47,642034.79,98890445.4711,45773121.5678
2025-06-04 23:00:00+00:00,153.46,153.68,152.78,153.18,572334.81,87692659.1335,40627101.9505
2025-06-05 00:00:00+00:00,153.18,154.02,152.89,153.72,483245.55,74166822.7397,40663592.7065
2025-06-05 01:00:00+00:00,153.72,154.08,152.95,153.28,406239.39,62378892.2225,28964893.2465
2025-06-05 02:00:00+00:00,153.28,154.59,153.25,153.42,636439.43,97941711.4737,54045942.6265
2025-06-05 03:00:00+00:00,153.41,153.94,152.95,153.75,293442.27,45036815.2253,24192906.5984
2025-06-05 04:00:00+00:00,153.74,153.98,153.12,153.93,327769,50379208.8951,27779401.1694
2025-06-05 05:00:00+00:00,153.93,154.09,151.75,152.39,1257008.44,191867524.765,84280542.5748
2025-06-05 06:00:00+00:00,152.4,152.9,151.98,152.08,569287.2,86779326.1451,39560982.1052
2025-06-05 07:00:00+00:00,152.07,152.95,151.97,152.36,459298.29,70034581.9731,33756123.7778
2025-06-05 08:00:00+00:00,152.36,152.9,151.66,152.01,476225.37,72503868.6968,36212376.2755
2025-06-05 09:00:00+00:00,152,152.97,151.98,152.95,337017.5,51399852.3289,29491257.2187
2025-06-05 10:00:00+00:00,152.94,152.97,151.35,151.86,656915.88,99936488.7083,47801927.3891
2025-06-05 11:00:00+00:00,151.86,152.35,151.16,152.3,591522.48,89761636.4755,42804511.7267
2025-06-05 12:00:00+00:00,152.31,154.3,152.1,153.86,1358114.98,208344167.279,102769205.304
2025-06-05 13:00:00+00:00,153.87,154.35,149.5,150.26,2378329,361278684.122,157007444.227
2025-06-05 14:00:00+00:00,150.26,151.54,148.32,151.13,2573285.38,386182349.446,184471008.305
2025-06-05 15:00:00+00:00,151.14,151.64,150.35,150.81,852344.16,128752561.102,69110264.8534
2025-06-05 16:00:00+00:00,150.8,151.02,148.21,148.58,1883270.29,281212944.947,125794038.565
2025-06-05 17:00:00+00:00,148.57,149.75,148.44,149.35,913565.54,136324898.566,67965953.5764
2025-06-05 18:00:00+00:00,149.35,149.99,148.27,149.37,924308.03,137955766.288,70648327.928
2025-06-05 19:00:00+00:00,149.36,149.56,144.05,146.13,3403629.42,497743220.123,198647325.04
2025-06-05 20:00:00+00:00,146.12,146.52,141.43,141.74,3998681.16,573952698.792,269976796.003
2025-06-05 21:00:00+00:00,141.74,144.6,141.51,144.19,2079074.02,297789770.101,160415945.371
2025-06-05 22:00:00+00:00,144.19,144.83,143,144.36,826132.46,118918540.204,61961806.266
2025-06-05 23:00:00+00:00,144.37,144.96,144.08,144.21,613444.25,88665638.157,42840530.8841
2025-06-06 00:00:00+00:00,144.2,145.47,144.02,145.36,1033718.5,149683373.449,87834768.0678
2025-06-06 01:00:00+00:00,145.36,145.56,144.59,145.43,410927.29,59627449.4764,27382519.6814
2025-06-06 02:00:00+00:00,145.43,146.54,144.96,146.51,703215.04,102420455.524,57015461.1394
2025-06-06 03:00:00+00:00,146.5,146.79,145.78,146.73,521330.83,76253438.6171,39711156.5304
2025-06-06 04:00:00+00:00,146.74,147.84,146.54,147.48,651435.43,95868731.101,50925275.6235
2025-06-06 05:00:00+00:00,147.48,147.61,146.72,147.41,577253.06,84975635.3292,36343601.9759
2025-06-06 06:00:00+00:00,147.41,148.19,146.82,147.01,844251.25,124393764.489,57828661.1948
2025-06-06 07:00:00+00:00,147.01,147.89,146.9,147.29,445494.9,65622829.3451,34066604.266
2025-06-06 08:00:00+00:00,147.29,147.93,147.12,147.8,441469.4,65163226.0937,32786383.7742
2025-06-06 09:00:00+00:00,147.81,148.56,147.33,147.38,726885.35,107502862.788,52536288.6098
2025-06-06 10:00:00+00:00,147.38,148.83,147.38,148.45,644613.49,95556102.9623,45881516.5489
2025-06-06 11:00:00+00:00,148.44,149.55,148.19,149,867885.84,129237098.375,64926544.9808
2025-06-06 12:00:00+00:00,149,152.56,149,150.51,2012622.15,303275358.452,155026561.15
2025-06-06 13:00:00+00:00,150.5,152.2,150.5,150.7,1360415.86,205891980.732,102906323.297
2025-06-06 14:00:00+00:00,150.71,151.84,150.47,151.23,1104723.59,167059779.954,77462292.0283
2025-06-06 15:00:00+00:00,151.23,152.35,150.18,151.01,1415996.96,213872588.586,97566457.895
2025-06-06 16:00:00+00:00,151.02,151.5,149.75,150.04,741510.57,111715694.694,50793072.1844
2025-06-06 17:00:00+00:00,150.04,150.26,149.15,150.04,1067765.46,159867335.87,80182279.45
2025-06-06 18:00:00+00:00,150.04,150.14,148.32,148.82,803292.82,119806126.747,52694110.8113
2025-06-06 19:00:00+00:00,148.82,149.65,148.74,149.04,508160.18,75784292.1544,38388059.6451
2025-06-06 20:00:00+00:00,149.03,149.91,148.58,149.26,438049.51,65422387.4823,39012237.3804
2025-06-06 21:00:00+00:00,149.26,149.73,149.01,149.16,236982.56,35375809.5488,18744267.0446
2025-06-06 22:00:00+00:00,149.16,149.18,148.09,148.43,434724.74,64584676.4115,30077591.6801
2025-06-06 23:00:00+00:00,148.43,148.48,147.6,147.76,365980.45,54159764.5298,25174155.4673
2025-06-07 00:00:00+00:00,147.77,148.66,146.84,148.63,640834.37,94591183.9963,51664005.5728
2025-06-07 01:00:00+00:00,148.63,148.83,147.29,147.65,596164.73,88312260.3052,46045902.9841
2025-06-07 02:00:00+00:00,147.66,148.58,147.38,148.24,347530.88,51448814.2767,29376384.2363
2025-06-07 03:00:00+00:00,148.24,149.65,147.93,149.39,738570.07,109943824.297,64763889.6777
2025-06-07 04:00:00+00:00,149.4,149.83,148.9,149.68,416132.7,62143588.0699,31969913.2186
2025-06-07 05:00:00+00:00,149.69,151.29,149.44,150.82,684780.29,102970788.08,66811160.5049
2025-06-07 06:00:00+00:00,150.82,152.3,150.32,152.03,831242.75,125892634.806,76198644.7475
2025-06-07 07:00:00+00:00,152.04,152.8,151.43,152.3,758201.4,115380275.76,58876398.1254
2025-06-07 08:00:00+00:00,152.3,152.64,151.68,151.8,482453.57,73388233.7191,25561078.7408
2025-06-07 09:00:00+00:00,151.81,152.22,151.39,151.41,381134.35,57849233.1481,25864252.5032
2025-06-07 10:00:00+00:00,151.41,152.03,151.15,151.78,406941.92,61691637.1452,32201882.5763
2025-06-07 11:00:00+00:00,151.78,152.13,151.28,151.36,345659.21,52442031.3899,27490226.7644
2025-06-07 12:00:00+00:00,151.36,152.33,151.28,152.04,426358.5,64754518.6276,34461906.133
2025-06-07 13:00:00+00:00,152.05,152.34,151.33,151.73,585735.38,88981124.5657,44735864.8042
2025-06-07 14:00:00+00:00,151.74,151.9,151.29,151.35,377757.94,57273382.0988,26161060.512
2025-06-07 15:00:00+00:00,151.35,151.55,150.61,150.92,579080.8,87458822.5371,42002068.7267
2025-06-07 16:00:00+00:00,150.91,151.53,150.39,150.64,513040.62,77387902.3622,32432642.6337
2025-06-07 17:00:00+00:00,150.63,151.19,150.15,150.24,347687.46,52402949.0358,25682379.3033
2025-06-07 18:00:00+00:00,150.24,151.14,150.02,150.49,452139.06,68070907.858,32001701.0577
2025-06-07 19:00:00+00:00,150.49,151.14,150.37,150.51,299962.55,45215650.3321,19983309.7292
2025-06-07 20:00:00+00:00,150.5,150.93,150.4,150.78,233416.67,35166164.9747,16889860.7079
2025-06-07 21:00:00+00:00,150.79,151.36,150.72,151.12,224653.54,33935233.318,20222028.7747
2025-06-07 22:00:00+00:00,151.11,151.44,150.77,151.01,281716.21,42575263.7824,23281392.2685
2025-06-07 23:00:00+00:00,151.01,151.06,149.64,149.98,393408.4,59072869.0319,23493827.83
2025-06-08 00:00:00+00:00,149.97,150.01,149.09,149.4,428711.38,64112755.6218,31645753.737
2025-06-08 01:00:00+00:00,149.39,150.26,149.05,150.23,420000.42,62880373.04,36576865.696
2025-06-08 02:00:00+00:00,150.23,150.31,149.59,149.7,253376.86,37989632.553,19776730.7643
2025-06-08 03:00:00+00:00,149.71,150.02,149.5,149.79,160589.7,24045466.7217,12893649.6064
2025-06-08 04:00:00+00:00,149.79,150.27,149.32,150,300850.31,45063873.1835,21348501.2948
2025-06-08 05:00:00+00:00,150,150.36,149.67,149.8,252687.82,37889469.7994,20435250.6309
2025-06-08 06:00:00+00:00,149.81,150.46,149.77,149.83,315899.88,47406354.6883,27952024.0542
2025-06-08 07:00:00+00:00,149.83,150.15,149,149.22,415077.87,62073011.9246,24804140.2445
2025-06-08 08:00:00+00:00,149.23,149.62,148.82,148.95,398290.24,59449345.74,23349312.1052
2025-06-08 09:00:00+00:00,148.96,149.07,147.59,148.37,891609.88,132275303.633,55971193.6899
2025-06-08 10:00:00+00:00,148.36,148.91,148.07,148.76,373510.51,55466153.337,29811013.6345
2025-06-08 11:00:00+00:00,148.75,149.63,148.71,149.55,451230.26,67344281.3631,40859610.2278
2025-06-08 12:00:00+00:00,149.55,149.9,148.93,149.47,512957,76633157.5612,37985019.241
2025-06-08 13:00:00+00:00,149.47,151.36,149.07,149.59,804643.21,120817380.601,66631006.1471
2025-06-08 14:00:00+00:00,149.59,150.36,149.4,150.26,390668.85,58545411.4574,30610171.1717
2025-06-08 15:00:00+00:00,150.27,150.92,150.21,150.63,456319.35,68735691.9974,33580553.5783
2025-06-08 16:00:00+00:00,150.64,152.16,150.54,152.14,708013.34,107331139.73,59397018.9293
2025-06-08 17:00:00+00:00,152.14,153.8,152.13,153.09,1178583.27,180372027.715,97577239.2586
2025-06-08 18:00:00+00:00,153.09,154.14,152.87,153.78,736476.31,113162102.705,56502312.4853
2025-06-08 19:00:00+00:00,153.78,154.48,153.65,154.38,635162.28,97863956.7543,50102166.3492
2025-06-08 20:00:00+00:00,154.38,154.69,153.86,154.18,516831.98,79755536.9016,37727991.6351
2025-06-08 21:00:00+00:00,154.19,155.3,153.92,154.35,451619.64,69769031.0695,39815939.0443
2025-06-08 22:00:00+00:00,154.35,154.47,152.76,152.86,953542.92,146483455.182,69247046.4678
2025-06-08 23:00:00+00:00,152.86,152.95,152.06,152.37,544834.31,83101991.5045,39080845.3128
2025-06-09 00:00:00+00:00,152.37,153.11,151.77,152.31,860574.65,131102863.596,62508998.2088
2025-06-09 01:00:00+00:00,152.3,152.62,151.61,151.87,417949.97,63539470.9023,31115080.8321
2025-06-09 02:00:00+00:00,151.87,152.43,151.5,151.65,344395.2,52309927.6545,28228665.7596
2025-06-09 03:00:00+00:00,151.65,151.75,150.71,151.47,551222.97,83342155.3548,41053111.4346
2025-06-09 04:00:00+00:00,151.46,151.81,150.57,150.79,646754.91,97793488.296,49631841.446
2025-06-09 05:00:00+00:00,150.78,150.79,149.7,149.75,639887.82,96125292.0119,46830770.4138
2025-06-09 06:00:00+00:00,149.74,151.04,149.5,150.81,519458.14,78068543.1179,45209138.9888
2025-06-09 07:00:00+00:00,150.81,150.84,149.9,150.77,501654.55,75472187.3691,35697586.4408
2025-06-09 08:00:00+00:00,150.78,151.73,150.31,151.68,607708.82,91777266.3293,51015954.5393
2025-06-09 09:00:00+00:00,151.68,154.43,151.25,153.37,1474250.76,225561261.951,125619846.707
2025-06-09 10:00:00+00:00,153.37,155.55,153.16,155.29,1511570.6,233810278.138,117780819.02
2025-06-09 11:00:00+00:00,155.29,156.6,154.83,155.54,1794664.79,279599469.195,137813191.462
2025-06-09 12:00:00+00:00,155.54,155.74,154.65,155.63,853667.18,132437004.23,63462467.35
2025-06-09 13:00:00+00:00,155.63,155.77,152.93,153.31,1108624.69,171029843.392,76735914.8913
2025-06-09 14:00:00+00:00,153.31,154.7,153.17,154.03,1152182.96,177454929.573,89247541.3122
2025-06-09 15:00:00+00:00,154.03,155.48,153.81,154.93,940675.83,145740201.847,74977604.0323
2025-06-09 16:00:00+00:00,154.93,156.6,154.9,155.48,1011008.9,157586936.463,80061334.2536
2025-06-09 17:00:00+00:00,155.47,156.94,155.27,156.22,787676.1,122982883.432,63492446.3353
2025-06-09 18:00:00+00:00,156.21,156.65,155.91,156.4,427269.99,66788730.0097,35189982.4628
2025-06-09 19:00:00+00:00,156.4,156.55,154.92,155.66,635129.56,98899620.4522,53155222.604
2025-06-09 20:00:00+00:00,155.66,156.56,155.62,156.41,332231.49,51875134.4531,23792183.5056
2025-06-09 21:00:00+00:00,156.41,159.68,156.41,158.98,1698058.53,268876620.001,145426402.115
2025-06-09 22:00:00+00:00,158.98,160.28,158.86,159.77,1019765.51,162757140.975,93845796.7245
2025-06-09 23:00:00+00:00,159.77,161.7,159.52,161.09,1099803.48,176650868.482,94843201.9265
2025-06-10 00:00:00+00:00,161.09,161.77,160.28,160.62,1044081.08,168084680.819,76623431.9438
2025-06-10 01:00:00+00:00,160.61,160.92,159.7,159.97,620499.17,99498131.3636,43328675.5395
2025-06-10 02:00:00+00:00,159.97,159.99,159.11,159.51,649821.37,103628819.478,48012580.4584
2025-06-10 03:00:00+00:00,159.5,159.67,158.64,159.11,547265.83,87048676.5063,42332242.5882
2025-06-10 04:00:00+00:00,159.11,159.45,158.64,159.22,388343.99,61755676.6958,29408203.6751
2025-06-10 05:00:00+00:00,159.23,159.57,157.58,158.05,998857.9,158162828.417,73252949.0944
2025-06-10 06:00:00+00:00,158.06,158.49,157.33,158.28,730151.98,115327239.639,59150799.9061
2025-06-10 07:00:00+00:00,158.29,158.74,157.72,158.4,480170.14,75966929.7259,40121317.0836
2025-06-10 08:00:00+00:00,158.4,158.91,157.63,157.7,563058.36,89061292.499,42706832.6359
2025-06-10 09:00:00+00:00,157.69,158.94,157.46,158.88,680371.71,107669116.602,57877653.694
2025-06-10 10:00:00+00:00,158.88,159.22,157.59,158.05,817128.98,129427702.373,62119369.677
2025-06-10 11:00:00+00:00,158.06,161.43,157.02,160.75,2295589.76,366366612.368,190264594.15
2025-06-10 12:00:00+00:00,160.74,161.46,159.27,161.42,1430573.93,229474232.171,114901064.182
2025-06-10 13:00:00+00:00,161.43,161.94,158.22,159.07,1876942.02,299944985.165,134408330.894
2025-06-10 14:00:00+00:00,159.08,159.12,156.57,157.08,1497067.87,236118675.296,104413827.388
2025-06-10 15:00:00+00:00,157.08,158.64,156.23,157.96,1875991.82,295381914.73,153776477.78
2025-06-10 16:00:00+00:00,157.97,158.4,157.01,157.11,866104.17,136624365.703,58416522.7456
2025-06-10 17:00:00+00:00,157.11,158.58,157.08,158.18,566116.45,89492380.9883,47431693.5415
2025-06-10 18:00:00+00:00,158.18,164.99,157.65,163.92,3170837.62,514857382.674,280993126.23
2025-06-10 19:00:00+00:00,163.91,165.46,162.67,163.53,3314973.21,543209140.692,268724832.326
2025-06-10 20:00:00+00:00,163.53,165.59,162.82,165.51,1174107.69,192494619.49,103722027.509
2025-06-10 21:00:00+00:00,165.51,165.62,163,163.83,1075598.91,176501956.562,80538676.3899
2025-06-10 22:00:00+00:00,163.82,165.11,163.53,164.87,959697.24,157781777.717,78667343.232
2025-06-10 23:00:00+00:00,164.88,165.3,163.94,165.06,735632.56,121119097.837,62334687.414
2025-06-11 00:00:00+00:00,165.06,165.75,163.81,164.54,1140582.6,187971618.472,88193841.1308
2025-06-11 01:00:00+00:00,164.55,165.1,163.39,164.11,765891.13,125608849.321,59677391.9633
2025-06-11 02:00:00+00:00,164.11,165.85,163.62,164.27,1067618.64,175727251.926,92977838.6593
2025-06-11 03:00:00+00:00,164.28,167.44,164.21,166.63,1597439.8,265691496.718,148084292.721
2025-06-11 04:00:00+00:00,166.64,166.75,164.69,165.04,1063188.72,175859103.29,64566538.8097
2025-06-11 05:00:00+00:00,165.04,165.22,164.28,164.86,467395.82,76982152.456,35843306.7065
2025-06-11 06:00:00+00:00,164.86,166.48,164.86,165.88,875873.89,145145952.207,73978515.4977
2025-06-11 07:00:00+00:00,165.88,167.1,165.18,166.58,789561.71,131349076.151,69102070.1752
2025-06-11 08:00:00+00:00,166.59,167.16,165.45,165.71,718395.37,119428557.441,50039259.5671
2025-06-11 09:00:00+00:00,165.71,167.08,164.71,164.9,1173425.22,194626873.178,93309505.2869
2025-06-11 10:00:00+00:00,164.91,165.2,164.1,164.45,709638.49,116881176.486,60298378.311
2025-06-11 11:00:00+00:00,164.46,165.17,163.93,164.44,604713.7,99478409.6291,44991591.124
2025-06-11 12:00:00+00:00,164.44,167.45,163.66,167.17,2615911.84,433479637.387,216999861.072
2025-06-11 13:00:00+00:00,167.17,167.36,165.11,165.72,1583038.44,263240181.293,120734410.341
2025-06-11 14:00:00+00:00,165.72,168.3,165.45,166.97,1681911.57,281150893.116,151150378.099
2025-06-11 15:00:00+00:00,166.97,167.58,165.79,167.18,1167424.44,194486117.514,94658993.8824
2025-06-11 16:00:00+00:00,167.18,167.37,166.04,166.56,903222.68,150575295.507,74168178.1717
2025-06-11 17:00:00+00:00,166.56,166.58,163.73,163.77,1176393.48,194319783.379,82390323.6104
2025-06-11 18:00:00+00:00,163.77,164.05,162.28,163.24,1608113.76,262615330.897,134845576.714
2025-06-11 19:00:00+00:00,163.24,163.47,162.39,162.55,661570.29,107770482.162,53024274.6882
2025-06-11 20:00:00+00:00,162.54,163.66,161.83,163.1,818385,133214864.098,64153029.7621
2025-06-11 21:00:00+00:00,163.09,163.81,160.16,160.33,1091683.13,176603955.459,70086146.0624
2025-06-11 22:00:00+00:00,160.33,160.71,159.14,160.04,1398696.78,223662907.039,102848191.828
2025-06-11 23:00:00+00:00,160.04,161.08,159.83,160.88,749069.45,120304414.097,65973571.4825
2025-06-12 00:00:00+00:00,160.88,161.24,159.54,160.73,839101.8,134717642.902,70346441.7172
2025-06-12 01:00:00+00:00,160.74,160.95,159.21,160.31,629937.71,100805615.405,45686603.5743
2025-06-12 02:00:00+00:00,160.31,160.94,159.5,159.96,697889.22,111737201.387,60019593.9329
2025-06-12 03:00:00+00:00,159.96,160.57,159.2,159.78,711893.13,113826440.707,54938056.296
2025-06-12 04:00:00+00:00,159.78,160.52,159.31,159.89,539655.27,86266893.1765,40673297.0332
2025-06-12 05:00:00+00:00,159.88,160.04,158.63,159.44,894748.02,142504657.805,68913343.3054
2025-06-12 06:00:00+00:00,159.45,159.91,158.8,159.23,571980.65,91131222.4039,46148855.507
2025-06-12 07:00:00+00:00,159.23,159.58,158.15,158.69,696735.54,110663765.024,47712888.5228
2025-06-12 08:00:00+00:00,158.69,159.51,158.05,159.39,674261.03,107119605.368,52299756.8647
2025-06-12 09:00:00+00:00,159.39,159.87,159.1,159.54,423080.77,67484472.6923,36038072.7566
2025-06-12 10:00:00+00:00,159.55,159.57,158.35,159.03,589207.17,93581498.4353,45281162.8043
2025-06-12 11:00:00+00:00,159.04,159.09,157.33,157.66,1006872.34,159015026.977,76766136.2029
2025-06-12 12:00:00+00:00,157.66,159.05,157.21,158.58,1102805.15,174564201.565,91851807.1575
2025-06-12 13:00:00+00:00,158.57,158.96,157.74,158.7,833939.26,132219157.41,64144322.1243
2025-06-12 14:00:00+00:00,158.71,160.55,158.71,159.84,1267219.72,202507714.724,109619267.857
2025-06-12 15:00:00+00:00,159.85,160.26,156.34,156.94,1785298.85,282180227.803,117131003.74
2025-06-12 16:00:00+00:00,156.95,158.67,156.64,158.26,952731.17,150346946.704,72295372.1389
2025-06-12 17:00:00+00:00,158.26,160.39,158.01,159.95,1030540.48,164338005.375,85498963.0528
2025-06-12 18:00:00+00:00,159.94,160.03,156.86,157.64,1039160.03,164440052.95,74393255.7803
2025-06-12 19:00:00+00:00,157.64,157.99,154.38,154.75,1455539.49,227082673.116,88503623.0914
2025-06-12 20:00:00+00:00,154.74,155.36,152.22,153.15,2270460.12,349107901.945,154703884.58
2025-06-12 21:00:00+00:00,153.15,153.59,152.07,152.27,1090381.37,166629945.903,80588805.8095
2025-06-12 22:00:00+00:00,152.26,152.89,151.92,152.41,858852.98,130828627.888,60603572.3564
2025-06-12 23:00:00+00:00,152.41,152.86,151.99,152.23,619265.81,94438997.2005,49213442.0458
2025-06-13 00:00:00+00:00,152.24,152.55,142.03,145.47,6857045.62,1006878408.71,463989162.26
2025-06-13 01:00:00+00:00,145.47,145.52,140.74,143.24,3931888.62,563126191.182,276875021.643
2025-06-13 02:00:00+00:00,143.23,143.24,140.73,142.57,2266087.28,322236198.085,149936831.344
2025-06-13 03:00:00+00:00,142.57,145.25,142.52,144.66,1736004.7,249921613.058,133962373.478
2025-06-13 04:00:00+00:00,144.65,144.67,143.36,144.18,946823.43,136332554.675,68411268.6424
2025-06-13 05:00:00+00:00,144.18,144.23,143.42,143.68,698683.68,100474858.24,48303979.3775
2025-06-13 06:00:00+00:00,143.69,144.87,142.49,144.86,1241824.45,178101637.261,89917141.2538
2025-06-13 07:00:00+00:00,144.86,145.39,144.11,144.92,1000317.63,144814217.664,73529638.1764
2025-06-13 08:00:00+00:00,144.92,146.61,144.23,144.74,1739970.19,253266354.803,124958673.752
2025-06-13 09:00:00+00:00,144.74,145.04,144.28,144.68,979206.99,141607775.368,70418284.5821
2025-06-13 10:00:00+00:00,144.68,144.95,143.55,144.92,887754.44,127995370.482,59179142.7187
2025-06-13 11:00:00+00:00,144.91,145.67,144.15,145.38,805531.74,116777499.109,59733019.7299
2025-06-13 12:00:00+00:00,145.38,146.18,144.84,145.06,844960.09,122948829.719,59394555.6034
2025-06-13 13:00:00+00:00,145.07,146.41,144.51,145.23,1291478.06,187828432.017,93656585.4283
2025-06-13 14:00:00+00:00,145.24,146.32,143.83,146.1,1711773.91,248062680.303,121158765.8
2025-06-13 15:00:00+00:00,146.1,147.71,145.61,147.1,1496353.75,219851517.656,113612641.306
2025-06-13 16:00:00+00:00,147.09,148.44,146.24,147.35,1340426.9,197579090.012,94576273.8993
2025-06-13 17:00:00+00:00,147.35,147.35,145.23,146.4,1128425.38,164924299.11,77194889.8133
2025-06-13 18:00:00+00:00,146.41,146.57,144.23,145.47,1367708.63,198535301.152,96294908.4855
2025-06-13 19:00:00+00:00,145.46,145.97,144.41,145.08,836335.85,121372516.002,64650578.3673
2025-06-13 20:00:00+00:00,145.09,147.64,144.68,147.2,1032283.6,151076659.5,92033886.6095
2025-06-13 21:00:00+00:00,147.21,147.59,146.38,147.05,526359.95,77380350.0081,40630149.961
2025-06-13 22:00:00+00:00,147.05,147.97,146.96,147.74,365483.74,53894074.4578,26377548.8552
2025-06-13 23:00:00+00:00,147.73,148.87,147.61,148.54,536782.11,79571663.2754,36396552.1562
2025-06-14 00:00:00+00:00,148.54,148.65,147.55,147.75,711564.34,105395924.491,52444381.2999
2025-06-14 01:00:00+00:00,147.75,147.77,146.64,146.83,513430.02,75570977.8784,36988539.4837
2025-06-14 02:00:00+00:00,146.83,147.29,146.35,146.46,294203.64,43161702.8604,22421320.8318
2025-06-14 03:00:00+00:00,146.46,147.14,146.42,146.63,338487.23,49669403.1574,27365505.7372
2025-06-14 04:00:00+00:00,146.63,147.07,146.43,146.71,263945.06,38743779.6992,19601466.3853
2025-06-14 05:00:00+00:00,146.71,146.97,146.26,146.78,266682.23,39097203.2366,22170151.8654
2025-06-14 06:00:00+00:00,146.78,147,146,146.13,478634.9,70051851.0403,32135197.5992
2025-06-14 07:00:00+00:00,146.13,146.4,145.47,146.11,461693.72,67386613.3614,28250908.4085
2025-06-14 08:00:00+00:00,146.1,146.15,145.1,145.74,582310.91,84735799.281,35774395.2694
2025-06-14 09:00:00+00:00,145.75,145.89,144.87,145.08,369924.88,53760465.8548,24622100.3229
2025-06-14 10:00:00+00:00,145.08,145.85,145.02,145.55,313734.98,45628926.8549,24247957.6245
2025-06-14 11:00:00+00:00,145.55,146.03,145.36,145.78,224195.69,32673284.5915,16584544.5111
2025-06-14 12:00:00+00:00,145.77,145.88,144.83,145.45,434584.73,63144935.0718,30008061.8763
2025-06-14 13:00:00+00:00,145.45,145.85,144.91,145.43,391742.21,56976916.0901,30674024.6818
2025-06-14 14:00:00+00:00,145.43,145.7,144.89,145.19,268931.34,39060322.046,18685034.1549
2025-06-14 15:00:00+00:00,145.2,145.41,143.71,144.47,950633.77,137212553.396,61489475.9849
2025-06-14 16:00:00+00:00,144.46,144.88,142.84,143.32,1062461.2,152737046.96,73129983.6942
2025-06-14 17:00:00+00:00,143.32,144.58,142.99,144.42,645886.72,92991000.1549,49083215.6009
2025-06-14 18:00:00+00:00,144.42,145.08,143,144.03,703174.14,101238981.841,53374465.1082
2025-06-14 19:00:00+00:00,144.04,144.41,143.39,143.43,418660.53,60269246.356,30369382.2836
2025-06-14 20:00:00+00:00,143.43,143.66,141.87,142.84,983835.86,140308004.026,58910925.4942
2025-06-14 21:00:00+00:00,142.83,144.75,142.61,144.48,579257.97,83188174.1879,44154345.2813
2025-06-14 22:00:00+00:00,144.49,144.86,143.89,144.22,414418.59,59837241.3061,27607730.6636
2025-06-14 23:00:00+00:00,144.22,144.94,144.17,144.55,290480.65,41982051.4846,21402579.3222
2025-06-15 00:00:00+00:00,144.55,145.7,144.49,145.52,490925.52,71278926.0242,39551404.5151
2025-06-15 01:00:00+00:00,145.52,145.59,144.73,144.95,300037.06,43547313.63,18066533.0354
2025-06-15 02:00:00+00:00,144.96,145.99,144.96,145.45,310870.55,45261964.7503,23529074.7154
2025-06-15 03:00:00+00:00,145.45,145.8,145.42,145.67,245906.25,35806323.3071,18484359.6478
2025-06-15 04:00:00+00:00,145.67,146.39,145.61,146.2,399924.98,58406436.0892,33431117.1304
2025-06-15 05:00:00+00:00,146.19,147.38,145.66,147.29,854416.6,125326211.122,75362018.8595
2025-06-15 06:00:00+00:00,147.28,148.06,146.24,146.4,1101824.98,162215066.975,77101388.5856
2025-06-15 07:00:00+00:00,146.4,146.48,145.68,145.81,497940.18,72711442.559,33657444.7779
2025-06-15 08:00:00+00:00,145.82,145.96,145.04,145.37,468719.72,68133115.1738,30091220.7599
2025-06-15 09:00:00+00:00,145.38,145.38,144.15,144.28,578036.67,83642168.3507,30490436.4126
2025-06-15 10:00:00+00:00,144.28,145.88,144.25,145.76,700929.47,101716422.701,60536827.9194
2025-06-15 11:00:00+00:00,145.77,146.73,145.43,146.26,665392.29,97124144.5653,54139639.3802
2025-06-15 12:00:00+00:00,146.27,147.79,146.07,147.61,777708.69,114230655.434,62705027.3677
2025-06-15 13:00:00+00:00,147.6,148.31,146.88,148.27,1205744.66,177901526.35,91620159.9062
2025-06-15 14:00:00+00:00,148.27,152.48,147.87,151.83,2953992.62,443311673.926,243511692.21
2025-06-15 15:00:00+00:00,151.84,152.92,150.45,150.76,2304854.89,349699607.477,164541712.058
2025-06-15 16:00:00+00:00,150.76,151.94,150.13,151.87,1191779.66,179969193.462,90862410.2721
2025-06-15 17:00:00+00:00,151.87,152.57,151.44,152.16,724012.13,110073747.291,54019491.4297
2025-06-15 18:00:00+00:00,152.16,152.8,151.24,152.63,732437.25,111292801.253,54912393.4128
2025-06-15 19:00:00+00:00,152.64,153.66,151.8,152.17,905845.48,138306974.229,73283739.9833
2025-06-15 20:00:00+00:00,152.18,152.28,148.08,148.77,1624402.76,243557538.107,102971480.625
2025-06-15 21:00:00+00:00,148.77,150.76,148.07,150.48,859598.12,128315145.525,73571826.4791
2025-06-15 22:00:00+00:00,150.47,152.51,150.18,152.01,1180467.48,178888107.527,101155476.355
2025-06-15 23:00:00+00:00,152.01,152.95,151.57,152.89,615142.19,93716176.1308,49842123.241
2025-06-16 00:00:00+00:00,152.88,153.2,151.48,151.93,1023257.98,155860727.343,69636396.1502
2025-06-16 01:00:00+00:00,151.92,156.72,150.92,156.48,2536825.62,390635015.018,234614750.409
2025-06-16 02:00:00+00:00,156.49,157.38,155.42,155.67,1402469.86,219193626.847,99522090.2641
2025-06-16 03:00:00+00:00,155.66,156.21,155.5,155.54,485739.07,75682514.765,36729651.658
2025-06-16 04:00:00+00:00,155.53,157.13,155.45,156.74,757486.66,118559427.191,60132634.7801
2025-06-16 05:00:00+00:00,156.73,157.94,156.4,156.66,1028418.67,161582419.717,75270699.5553
2025-06-16 06:00:00+00:00,156.67,157.09,156.26,156.4,629621.33,98620262.5127,44194462.2157
2025-06-16 07:00:00+00:00,156.41,157.5,156.41,157.19,540935.15,84939900.9924,43671841.7418
2025-06-16 08:00:00+00:00,157.2,157.44,156.45,156.87,490853.32,76993733.2227,36469615.1101
2025-06-16 09:00:00+00:00,156.87,156.92,155.83,156.44,727069.83,113663394.479,46938536.132
2025-06-16 10:00:00+00:00,156.44,157.04,155.76,156.04,642016.24,100473393.289,44530337.0138
2025-06-16 11:00:00+00:00,156.04,156.8,154.75,156.39,1281931.12,199582601.764,94576645.22
2025-06-16 12:00:00+00:00,156.39,156.7,155.1,155.19,842448.32,131219496.492,65373214.8652
2025-06-16 13:00:00+00:00,155.18,156.68,154.58,156.5,1493664.85,232214236.083,130515948.725
2025-06-16 14:00:00+00:00,156.49,157.71,155.53,156.36,1637905.89,256765925.892,121150011.316
2025-06-16 15:00:00+00:00,156.37,157.43,156.03,156.49,848637.28,133010918.083,61396661.1772
2025-06-16 16:00:00+00:00,156.5,158.15,156.25,157.43,795129.3,125111170.494,63992867.6028
2025-06-16 17:00:00+00:00,157.43,157.99,156.87,157.12,593459.16,93438890.0405,46124588.5629
2025-06-16 18:00:00+00:00,157.11,158.13,156.9,158.11,435531.25,68634020.0628,35934083.4356
2025-06-16 19:00:00+00:00,158.1,158.68,157.11,157.73,767393.34,121287020.31,58749928.4227
2025-06-16 20:00:00+00:00,157.73,157.78,156.71,157.21,591087.5,92917491.077,45393431.4981
2025-06-16 21:00:00+00:00,157.21,157.49,156.24,156.62,471343.5,73933963.7069,34964903.2794
2025-06-16 22:00:00+00:00,156.62,157.16,151.45,152.9,2378127.69,365821780.599,170218823.974
2025-06-16 23:00:00+00:00,152.9,154.05,150.24,150.67,2225151.16,338736348.18,159092027.399
2025-06-17 00:00:00+00:00,150.67,151.93,147.41,151.93,3698781.47,553742221.75,281280746.301
2025-06-17 01:00:00+00:00,151.94,152.22,150.92,151.54,950798.9,144053492.503,77052556.9659
2025-06-17 02:00:00+00:00,151.55,153.38,150.84,153.17,1049414.57,159355023.628,88220606.8346
2025-06-17 03:00:00+00:00,153.17,153.92,152.51,153.3,769274.24,117920376.128,61239185.7777
2025-06-17 04:00:00+00:00,153.31,153.63,152.31,152.98,618584.19,94600575.7045,42266731.7586
2025-06-17 05:00:00+00:00,152.97,153.84,152.58,153.55,633838.01,97170342.8583,46784095.9208
2025-06-17 06:00:00+00:00,153.55,154.29,152.6,153,914244.55,140208892.898,58451366.9454
2025-06-17 07:00:00+00:00,152.99,153.31,152.44,152.61,604666.42,92435792.0963,42877232.8357
2025-06-17 08:00:00+00:00,152.62,152.85,151.39,151.52,785475.23,119449540.301,50268998.479
2025-06-17 09:00:00+00:00,151.52,151.98,150.98,151.49,678427.73,102742241.334,49035831.8805
2025-06-17 10:00:00+00:00,151.49,151.49,150.25,151.16,869236.79,131127463.771,65310508.7232
2025-06-17 11:00:00+00:00,151.16,151.16,150.11,150.49,676457.56,101866595.42,52536224.548
2025-06-17 12:00:00+00:00,150.49,151.35,149.41,149.6,986356.49,148441529.368,77211445.9855
2025-06-17 13:00:00+00:00,149.59,150.45,149.05,149.52,1272652.8,190474191.328,97443445.8349
2025-06-17 14:00:00+00:00,149.53,150.71,148.44,148.76,1128729.77,169138883.783,71238334.9691
2025-06-17 15:00:00+00:00,148.75,148.97,146.45,147.55,2489336.64,367593777.768,180148871.341
2025-06-17 16:00:00+00:00,147.55,147.97,145.89,145.98,1772750.41,260445837.142,125141835.312
2025-06-17 17:00:00+00:00,145.97,147.27,145.55,146.21,1652218.38,241824657.523,125677900.778
2025-06-17 18:00:00+00:00,146.21,148.1,145.56,148.06,937555.51,137521665.256,75094595.7531
2025-06-17 19:00:00+00:00,148.07,150.35,147.76,148.83,2129439.42,317282976.786,172420725.275
2025-06-17 20:00:00+00:00,148.82,149.21,148.03,148.6,929539.44,138195573.979,68233022.4085
2025-06-17 21:00:00+00:00,148.6,148.93,146.63,147.73,1234566.25,182422672.28,90132082.3529
2025-06-17 22:00:00+00:00,147.74,147.86,146.21,146.39,548373.93,80718269.0155,34886928.9478
2025-06-17 23:00:00+00:00,146.39,148.28,146.3,147.49,565055.96,83349949.2793,43718404.5337
2025-06-18 00:00:00+00:00,147.5,148.2,146.47,148.18,816824.48,120449592.978,59146151.8861
2025-06-18 01:00:00+00:00,148.18,149.04,147.43,147.49,625360.94,92762056.4195,43527317.6991
2025-06-18 02:00:00+00:00,147.49,148.12,147.1,147.5,396411.52,58537039.5682,31502004.7487
2025-06-18 03:00:00+00:00,147.49,148.5,147.31,148.28,418950.55,62008274.4121,29554081.862
2025-06-18 04:00:00+00:00,148.27,149.2,148.11,148.71,439312.24,65309971.7986,34999714.3049
2025-06-18 05:00:00+00:00,148.71,149.03,148.14,148.22,360402.04,53541623.578,23106700.0799
2025-06-18 06:00:00+00:00,148.22,148.28,146.79,147.13,705434.48,104026075.235,45020137.1556
2025-06-18 07:00:00+00:00,147.14,147.92,146.93,147.91,483026.6,71189955.7326,39285809.638
2025-06-18 08:00:00+00:00,147.91,148.5,147,147.6,657712.74,97201310.5026,47902870.7252
2025-06-18 09:00:00+00:00,147.6,148.31,147.11,147.36,509827.69,75317371.7007,31303855.1856
2025-06-18 10:00:00+00:00,147.36,147.47,145.27,145.64,1275755.04,186646807.732,83666937.2667
2025-06-18 11:00:00+00:00,145.63,146.7,145.42,146.43,823712.61,120345381.248,60886304.7751
2025-06-18 12:00:00+00:00,146.43,146.5,144.88,145.1,791055.47,115232406.681,51178735.4787
2025-06-18 13:00:00+00:00,145.11,145.42,143.69,145.21,1843337,266517550.002,124149306.18
2025-06-18 14:00:00+00:00,145.21,146.68,144.56,145.2,1890538.25,275859679.258,139329718.48
2025-06-18 15:00:00+00:00,145.21,146.07,144.57,145.68,836861.16,121700366.631,58071931.6161
2025-06-18 16:00:00+00:00,145.67,145.68,144.34,144.75,650154.87,94218677.6807,44414585.9598
2025-06-18 17:00:00+00:00,144.76,145.83,143.83,145.5,948053.69,137257919.926,68285256.8931
2025-06-18 18:00:00+00:00,145.49,146.43,143.89,143.89,1333670.14,193603932.61,92131375.0272
2025-06-18 19:00:00+00:00,143.89,145.97,143.58,144.67,1376112.76,199454304.595,104674844.423
2025-06-18 20:00:00+00:00,144.66,147.79,144.03,147.39,1143883.82,167118191.873,95766680.5338
2025-06-18 21:00:00+00:00,147.39,147.8,146.19,147.49,824490.41,121165081.091,56385283.1158
2025-06-18 22:00:00+00:00,147.49,147.84,147.09,147.3,386919.82,57040544.4729,26000734.7903
2025-06-18 23:00:00+00:00,147.3,147.75,145.87,146.28,549530.49,80584567.7173,33047416.3113
2025-06-19 00:00:00+00:00,146.29,147.83,145.76,146.84,766861.74,112739248.822,55883649.8673
2025-06-19 01:00:00+00:00,146.85,146.9,145.35,145.64,675660.42,98579113.2965,48670199.6254
2025-06-19 02:00:00+00:00,145.63,146.12,144.9,145.41,574234.71,83542513.7763,43487446.2546
2025-06-19 03:00:00+00:00,145.42,146.65,145.41,146.53,356027.83,51990739.915,29363470.8081
2025-06-19 04:00:00+00:00,146.52,146.59,145.52,146.49,380783.87,55606586.8237,26895549.866
2025-06-19 05:00:00+00:00,146.49,147.1,145.78,145.88,566995.39,83112562.9356,38471994.1112
2025-06-19 06:00:00+00:00,145.87,146.12,144.94,145.03,587733.18,85417810.4354,46690883.1496
2025-06-19 07:00:00+00:00,145.04,145.54,144.93,145,392479.6,56999014.7022,27368319.8319
2025-06-19 08:00:00+00:00,145.01,145.88,145,145.08,367939.73,53520625.9778,25153706.2228
2025-06-19 09:00:00+00:00,145.09,146.18,144.95,146.06,422369.04,61529670.1341,30188386.8336
2025-06-19 10:00:00+00:00,146.07,146.45,145.7,146.02,505638.56,73892081.3575,40148920.249
2025-06-19 11:00:00+00:00,146.02,146.05,144.75,145.01,617873.48,89757103.4644,44831409.2345
2025-06-19 12:00:00+00:00,145.01,145.43,144.44,145.13,577611.52,83745757.9236,43264982.1326
2025-06-19 13:00:00+00:00,145.13,145.27,143.72,143.87,759323.62,109669327.846,52861829.6278
2025-06-19 14:00:00+00:00,143.87,144.59,142.84,143.09,1170506.55,168133259.357,79299490.0136
2025-06-19 15:00:00+00:00,143.09,143.86,142.83,143.08,705813.59,101157222.388,48853286.941
2025-06-19 16:00:00+00:00,143.07,144.11,143.05,143.23,673289.51,96701888.1563,49633721.4763
2025-06-19 17:00:00+00:00,143.24,145.17,143.02,144.72,1048177.44,151398561.866,82868844.0043
2025-06-19 18:00:00+00:00,144.71,146,144.6,145.3,911149.39,132387273.09,72688296.4366
2025-06-19 19:00:00+00:00,145.3,145.79,144.97,145.42,411459.46,59824866.5885,30841741.6436
2025-06-19 20:00:00+00:00,145.42,146.15,144.95,145.28,407154.9,59238952.7269,29171818.9228
2025-06-19 21:00:00+00:00,145.29,145.95,145.15,145.6,362879.71,52816147.0179,27429502.4209
2025-06-19 22:00:00+00:00,145.61,147.44,145.61,146.63,926238.41,135883209.603,78491081.9607
2025-06-19 23:00:00+00:00,146.63,147.21,146.33,146.96,414185.06,60796603.76,27930492.9565
2025-06-20 00:00:00+00:00,146.96,147.46,146.53,146.9,449390.47,66042250.369,30414060.0371
2025-06-20 01:00:00+00:00,146.9,147.2,146.11,147.07,493114.12,72267210.0517,37069786.6786
2025-06-20 02:00:00+00:00,147.07,147.11,145.59,145.9,521338.3,76218577.9319,31955845.2104
2025-06-20 03:00:00+00:00,145.9,146,145.35,145.39,338773.97,49347601.8704,23300469.1285
2025-06-20 04:00:00+00:00,145.38,145.56,144.21,144.43,628114.01,90944236.6954,42746697.5585
2025-06-20 05:00:00+00:00,144.43,145.42,144.41,145.25,395354.08,57287641.7447,30412348.8035
2025-06-20 06:00:00+00:00,145.26,145.64,144.91,145.42,401905.7,58392120.3233,28365421.1873
2025-06-20 07:00:00+00:00,145.42,147.75,145.16,147.41,1213545.16,177949850.537,99340415.6271
2025-06-20 08:00:00+00:00,147.4,148.22,146.84,147.36,1385308.77,204534667.158,98388220.5828
2025-06-20 09:00:00+00:00,147.36,147.76,147.06,147.69,546009.73,80474861.7516,35951258.7558
2025-06-20 10:00:00+00:00,147.68,148.75,147.54,148.48,794283.55,117723175.888,59700284.6666
2025-06-20 11:00:00+00:00,148.47,148.58,147.82,148.11,573247.95,84953341.9577,39354374.9699
2025-06-20 12:00:00+00:00,148.11,148.3,147.37,147.43,532556.66,78747548.5176,41373655.5961
2025-06-20 13:00:00+00:00,147.43,147.91,145.89,146.6,1320792.64,194053166.457,91509908.0328
2025-06-20 14:00:00+00:00,146.59,146.84,143.66,143.91,2035158.97,295749586.537,137616110.045
2025-06-20 15:00:00+00:00,143.91,144.33,142.26,142.76,2265194.45,325024412.118,158497844.793
2025-06-20 16:00:00+00:00,142.77,142.92,141.8,142.23,1821380.56,259290936.843,115116965.196
2025-06-20 17:00:00+00:00,142.24,142.58,135.57,138.26,6369598.77,879199049.294,393313433.081
2025-06-20 18:00:00+00:00,138.26,139.43,137.85,139.2,1531433.69,212440923.888,108228343.114
2025-06-20 19:00:00+00:00,139.19,139.85,137.99,139.79,1222972.77,170042614.933,78251866.9182
2025-06-20 20:00:00+00:00,139.79,141.65,139.7,140.89,1357479.07,191113262.039,107763983.093
2025-06-20 21:00:00+00:00,140.89,140.97,139.94,140.09,576177.1,80911311.1793,36651927.0346
2025-06-20 22:00:00+00:00,140.08,140.1,138.59,139.02,754316.58,105046840.795,50090534.7853
2025-06-20 23:00:00+00:00,139.01,140.1,138.73,140.02,517244.81,72114198.9394,39460267.5186
2025-06-21 00:00:00+00:00,140.01,140.38,139.44,139.86,542015.94,75841730.8984,38985497.3279
2025-06-21 01:00:00+00:00,139.85,140.51,139.77,140.14,727794.79,101981463.392,54205901.5257
2025-06-21 02:00:00+00:00,140.13,140.36,139.51,139.89,299767.29,41930299.1859,18625195.8793
2025-06-21 03:00:00+00:00,139.89,141.26,139.87,140.69,1253885.75,176685880.768,83454308.1004
2025-06-21 04:00:00+00:00,140.69,140.91,139.93,140.02,364457.58,51145624.701,22206656.3888
2025-06-21 05:00:00+00:00,140.02,140.51,139.86,140.3,292230.39,40961411.6803,22095948.1321
2025-06-21 06:00:00+00:00,140.31,140.45,140,140.36,189733.28,26606722.5513,15064830.3676
2025-06-21 07:00:00+00:00,140.35,140.63,139.75,140.55,282772.83,39649389.9151,17407748.5648
2025-06-21 08:00:00+00:00,140.55,141.85,140.2,141.55,564628.34,79586636.7086,47647652.5211
2025-06-21 09:00:00+00:00,141.56,141.95,140.9,141.79,677039.57,95764441.3617,44601352.9024
2025-06-21 10:00:00+00:00,141.79,142.53,141.62,142.14,836121.01,118814483.085,57073054.1494
2025-06-21 11:00:00+00:00,142.14,142.47,141.85,141.99,433337.33,61621955.6051,27619495.5753
2025-06-21 12:00:00+00:00,141.98,142.39,141.39,141.65,616573.58,87418566.5137,38020749.2242
2025-06-21 13:00:00+00:00,141.64,142.15,140.18,140.64,940865.96,132801870.149,60054326.999
2025-06-21 14:00:00+00:00,140.63,141.34,140.14,140.32,776137.24,109156158.504,54245610.9143
2025-06-21 15:00:00+00:00,140.32,140.73,139.07,140.23,1068133.51,149369386.657,61393603.8925
2025-06-21 16:00:00+00:00,140.23,140.97,139.75,140.07,734097.58,102983497.663,52955424.7121
2025-06-21 17:00:00+00:00,140.06,140.85,138.17,138.58,1102190.34,153423322.926,69637049.7561
2025-06-21 18:00:00+00:00,138.58,139.58,137.29,137.65,1094766.08,151615536.324,69594865.5207
2025-06-21 19:00:00+00:00,137.64,138.25,137.14,137.24,942873.87,129831598.108,66622973.2256
2025-06-21 20:00:00+00:00,137.23,138.85,136.76,138.36,1044068.31,143832394.975,74749958.4682
2025-06-21 21:00:00+00:00,138.36,138.52,130.46,132.67,3390161.7,453954445.854,185443396.685
2025-06-21 22:00:00+00:00,132.66,134.66,132.6,134.1,1450818.44,194331451.267,97205965.8429
2025-06-21 23:00:00+00:00,134.09,135.55,131.84,135.32,2842765.16,379741663.379,196145907.576
2025-06-22 00:00:00+00:00,135.32,137.52,133.96,136.45,2668569.16,362691825.901,178820459.719
2025-06-22 01:00:00+00:00,136.45,137.09,134.78,134.97,1027595.06,139472620.881,70478218.7214
2025-06-22 02:00:00+00:00,134.98,136.04,133.09,134.62,1522335.76,204468261.73,107445558.506
2025-06-22 03:00:00+00:00,134.62,135.5,133.97,135.03,867373.11,116830073.208,56616443.7799
2025-06-22 04:00:00+00:00,135.03,136.24,134.54,135.76,749885.79,101718558.156,54405214.4755
2025-06-22 05:00:00+00:00,135.75,136.44,135.37,136.15,490918.17,66728952.8055,34147026.6236
2025-06-22 06:00:00+00:00,136.15,136.43,135.5,135.84,422953.27,57503826.6756,26862258.9076
2025-06-22 07:00:00+00:00,135.85,135.85,134.55,134.75,638782.59,86321641.6179,35424559.4993
2025-06-22 08:00:00+00:00,134.75,135.04,134.05,134.86,527210.34,70957144.9436,36710337.8484
2025-06-22 09:00:00+00:00,134.86,135.29,132.23,132.26,1189987.78,158933047.679,75359138.7043
2025-06-22 10:00:00+00:00,132.26,133.72,131.88,133.14,981364.71,130379332.649,70093331.5514
2025-06-22 11:00:00+00:00,133.13,133.97,132.36,133.18,894448.18,119048876.411,54376481.0593
2025-06-22 12:00:00+00:00,133.18,133.81,132.43,133.45,871578.93,116011311.634,56598312.2992
2025-06-22 13:00:00+00:00,133.44,133.7,126.73,128.63,5916876.89,763955898.187,360484656.013
2025-06-22 14:00:00+00:00,128.63,130.24,126.41,129.81,4080208.68,523648406.513,251910272.341
2025-06-22 15:00:00+00:00,129.81,130.37,128.13,128.52,1679966.04,217248780.338,99608081.6375
2025-06-22 16:00:00+00:00,128.51,129.86,128.21,129.74,1509877.89,194677448.607,104933421.125
2025-06-22 17:00:00+00:00,129.73,131.42,129.24,130.42,1311280.99,170742353.298,92378396.5213
2025-06-22 18:00:00+00:00,130.41,131.06,129.22,129.38,750920.73,97766042.9922,43196650.4408
2025-06-22 19:00:00+00:00,129.37,129.46,128.47,129.02,763050.6,98396990.2018,48779408.0876
2025-06-22 20:00:00+00:00,129.02,130.06,125.83,129.48,2509640.04,320238820.861,158338374.491
2025-06-22 21:00:00+00:00,129.49,129.98,127.88,128.94,725450.87,93718328.6148,46137237.7233
2025-06-22 22:00:00+00:00,128.94,132.43,128.76,132.1,2075538.13,271701852.036,150306925.941
2025-06-22 23:00:00+00:00,132.1,132.51,131.36,131.64,786312.91,103731060.674,45597318.005
2025-06-23 00:00:00+00:00,131.64,133.44,131.46,132.43,1090996.88,144533572.844,72750125.2972
2025-06-23 01:00:00+00:00,132.44,133.07,131.63,132.95,661643.7,87567701.1187,41717812.1244
2025-06-23 02:00:00+00:00,132.94,133.13,132.45,132.75,486743.9,64644435.3685,31056766.7206
2025-06-23 03:00:00+00:00,132.76,133.07,132.21,132.59,335348.01,44476135.3999,21070856.0129
2025-06-23 04:00:00+00:00,132.6,133.66,132.27,133.09,580441.02,77211305.6722,37807797.7029
2025-06-23 05:00:00+00:00,133.1,134.71,133.05,134.34,1092201.52,146360412.484,89160865.6998
2025-06-23 06:00:00+00:00,134.34,134.69,133.52,134.25,852264.41,114335492.308,53784403.8591
2025-06-23 07:00:00+00:00,134.26,134.99,133.95,134.31,805700.53,108286511.561,56326157.5983
2025-06-23 08:00:00+00:00,134.31,134.82,133.86,134.29,530865.99,71300407.7825,32305041.8262
2025-06-23 09:00:00+00:00,134.3,134.4,133.39,134.27,814037.63,109021388.538,48804691.022
2025-06-23 10:00:00+00:00,134.27,134.46,133.23,133.77,582945.63,77989909.4173,33555232.6533
2025-06-23 11:00:00+00:00,133.76,134.39,133.18,134.04,465763.15,62300500.53,31046688.0641
2025-06-23 12:00:00+00:00,134.05,135.5,133.7,135.47,1014645.27,136598258.014,79167315.0281
2025-06-23 13:00:00+00:00,135.47,137,132.79,136.57,3503995.67,473587338.972,252029182.631
2025-06-23 14:00:00+00:00,136.58,137.46,134.48,134.72,2081129.64,282960527.025,136401753.245
2025-06-23 15:00:00+00:00,134.72,135.4,133.06,133.35,1254433.39,168298091.045,79000862.0007
2025-06-23 16:00:00+00:00,133.35,133.57,130.6,132.45,3355364.93,442815820.848,214146251.619
2025-06-23 17:00:00+00:00,132.45,137.23,132.2,136.7,3404802.69,460627276.374,249499907.412
2025-06-23 18:00:00+00:00,136.71,139.23,136.7,138.07,2541912.25,351806096.95,186201850.937
2025-06-23 19:00:00+00:00,138.06,140.19,138.01,139.71,1801805.94,250650190.493,139437517.956
2025-06-23 20:00:00+00:00,139.72,142.21,139.16,140.56,2340310.08,329869473.026,171073467.783
2025-06-23 21:00:00+00:00,140.56,141.7,140.39,140.89,986549.31,139088801.463,74571843.9986
2025-06-23 22:00:00+00:00,140.89,146.88,140.88,144.8,4418310.53,639194892.986,339910726.423
2025-06-23 23:00:00+00:00,144.79,145.17,144.11,144.41,1060970.83,153437275.2,78225025.4506
2025-06-24 00:00:00+00:00,144.41,144.68,142.94,143.27,1249391.22,179554832.625,71628979.4697
2025-06-24 01:00:00+00:00,143.27,144.32,142.91,143.73,553177.13,79438233.3373,40245806.9427
2025-06-24 02:00:00+00:00,143.73,143.73,142.21,142.45,802027.26,114465511.62,49219753.93
2025-06-24 03:00:00+00:00,142.46,143.49,142.4,143.16,603880.87,86400592.7206,45838271.8255
2025-06-24 04:00:00+00:00,143.16,143.47,142.76,143.21,371474.09,53172096.1438,26614380.8586
2025-06-24 05:00:00+00:00,143.2,145.52,143.09,145.38,1041063.47,150450092.929,92686923.2714
2025-06-24 06:00:00+00:00,145.39,146.66,144.69,145.97,905387.61,131913616.154,64908520.2214
2025-06-24 07:00:00+00:00,145.97,146.33,143.76,143.94,1223061.31,177299764.348,73202129.7066
2025-06-24 08:00:00+00:00,143.93,144.81,143.34,144.19,1135108.31,163450640.722,75597729.7065
2025-06-24 09:00:00+00:00,144.2,145.73,143.66,143.92,1062365.82,153476518.647,83506025.8063
2025-06-24 10:00:00+00:00,143.91,144.15,143.21,143.99,662437.11,95214907.9467,46414240.5279
2025-06-24 11:00:00+00:00,144,144.67,142.93,144.48,753010.61,108327395.195,57465190.5702
2025-06-24 12:00:00+00:00,144.49,144.88,143.62,144.36,691845.08,99807646.3326,41399789.973
2025-06-24 13:00:00+00:00,144.36,144.94,143.35,143.95,1137703.7,163950329.991,74039439.7844
2025-06-24 14:00:00+00:00,143.94,145.64,143.81,144.9,1091877.68,158148321.255,83495937.718
2025-06-24 15:00:00+00:00,144.9,145.55,143.52,144.24,854320.78,123382288.765,63841877.2921
2025-06-24 16:00:00+00:00,144.24,146.55,143.69,146.41,1120023.8,162531043.592,91961806.5962
2025-06-24 17:00:00+00:00,146.4,146.56,143.82,144.74,1108827.32,160689772.758,75249427.4312
2025-06-24 18:00:00+00:00,144.73,145.11,143.39,143.61,678618.72,97758601.1159,43991030.5229
2025-06-24 19:00:00+00:00,143.62,143.84,142.71,143.52,694613.83,99534709.4505,50929827.291
2025-06-24 20:00:00+00:00,143.52,145.07,143.1,144.97,505588.89,72820563.4854,43758146.8908
2025-06-24 21:00:00+00:00,144.97,145.62,144.32,145.34,375838.81,54495116.3145,27402826.9889
2025-06-24 22:00:00+00:00,145.34,145.34,144.28,144.91,341101.21,49360421.0932,18816556.2761
2025-06-24 23:00:00+00:00,144.91,145.86,144.4,145.83,412169.56,59876629.9277,31545898.7973
2025-06-25 00:00:00+00:00,145.83,146.34,144.95,146.03,571774.34,83303575.2808,43010447.3797
2025-06-25 01:00:00+00:00,146.03,146.15,145.01,145.75,414816.36,60419255.0305,27670117.1609
2025-06-25 02:00:00+00:00,145.76,146.92,145.55,145.82,704187.02,103002704.142,56940168.4261
2025-06-25 03:00:00+00:00,145.82,146.29,145.44,145.44,302516.9,44137884.1276,20215506.3042
2025-06-25 04:00:00+00:00,145.44,145.56,144.78,145.34,418411.84,60753354.7424,29694506.9805
2025-06-25 05:00:00+00:00,145.34,145.77,145.04,145.34,285037.15,41453656.4324,20590277.1724
2025-06-25 06:00:00+00:00,145.33,146.39,145.13,146.24,433808.03,63310816.7601,32078424.5961
2025-06-25 07:00:00+00:00,146.25,147.61,145.94,146.95,829768.89,121904148.854,67454737.2
2025-06-25 08:00:00+00:00,146.95,147.06,144.94,145.79,936893.57,136537612.887,63636358.0475
2025-06-25 09:00:00+00:00,145.8,146.75,144.97,145.45,903694.14,131812825.449,62486508.7154
2025-06-25 10:00:00+00:00,145.44,146.19,145.02,145.82,635435.74,92544457.5086,45320225.7188
2025-06-25 11:00:00+00:00,145.82,146.32,145.1,146.2,534485.5,77953583.995,38801723.9151
2025-06-25 12:00:00+00:00,146.2,146.4,145.37,146.36,482294.66,70358352.6032,31823677.4563
2025-06-25 13:00:00+00:00,146.36,147.93,146.06,147.29,1712908.61,251961612.751,127242878.378
2025-06-25 14:00:00+00:00,147.3,147.36,144.64,145.57,1821521.84,265485530.184,125528743.99
2025-06-25 15:00:00+00:00,145.57,145.59,143.02,143.61,1635847.17,235539763.167,103436221.973
2025-06-25 16:00:00+00:00,143.6,144.22,142.71,143.33,1005715.4,144299496.158,74399187.1513
2025-06-25 17:00:00+00:00,143.33,144.5,143,143.8,707747.73,101736330.348,53986128.885
2025-06-25 18:00:00+00:00,143.79,143.9,143.04,143.25,537113.99,77063035.0343,36245498.5375
2025-06-25 19:00:00+00:00,143.24,144.69,143.17,144.67,660540.97,95163531.3222,51118198.5174
2025-06-25 20:00:00+00:00,144.67,145.16,144.11,145.03,503979.26,72873510.3447,44462881.0994
2025-06-25 21:00:00+00:00,145.02,145.57,144.01,144.31,480492.06,69511172.1161,34686593.5531
2025-06-25 22:00:00+00:00,144.31,144.32,142.84,143.12,659435.6,94595801.9638,34783285.9203
2025-06-25 23:00:00+00:00,143.13,143.54,142.12,143.48,577568.09,82462512.9186,39404886.9057
2025-06-26 00:00:00+00:00,143.49,144.29,143.3,144.09,476596.2,68552169.6128,35165147.7025
2025-06-26 01:00:00+00:00,144.1,146.18,143.6,145.24,1007861.07,146101774.612,82972130.6216
2025-06-26 02:00:00+00:00,145.24,146.47,144.84,146.16,985517.06,143631532.971,75328295.2519
2025-06-26 03:00:00+00:00,146.16,147.99,145.61,145.87,1478368.53,216961298.656,107123485.653
2025-06-26 04:00:00+00:00,145.87,146.02,144.89,145.36,548614.99,79754910.4166,37589539.3607
2025-06-26 05:00:00+00:00,145.36,145.68,143.93,144.43,645502.92,93367854.9011,40480164.1422
2025-06-26 06:00:00+00:00,144.43,145.07,144.12,144.77,473508.92,68501394.5116,36481847.6111
2025-06-26 07:00:00+00:00,144.76,145.85,144.66,145.08,738972.4,107385872.905,57568757.6527
2025-06-26 08:00:00+00:00,145.07,145.74,144.6,144.79,475796.84,69054039.2142,33131094.3589
2025-06-26 09:00:00+00:00,144.79,145.07,143.52,143.71,752579.79,108450199.367,45135598.4238
2025-06-26 10:00:00+00:00,143.71,144.14,143.1,143.44,570000.27,81882359.2521,41690091.7484
2025-06-26 11:00:00+00:00,143.45,143.88,143.04,143.55,431442.02,61903280.0448,32341410.7414
2025-06-26 12:00:00+00:00,143.56,143.9,142.67,142.94,810562.13,116080549.424,52744145.172
2025-06-26 13:00:00+00:00,142.94,143.2,141.3,141.75,1689085.53,240411265.893,104744833.486
2025-06-26 14:00:00+00:00,141.74,143.71,141.42,143.04,1409443.11,200936114.914,108551660.863
2025-06-26 15:00:00+00:00,143.05,143.49,141.45,142.92,1307615.9,186395596.746,89383017.6283
2025-06-26 16:00:00+00:00,142.92,143.19,142.03,142.26,521458.15,74304434.0764,35560639.4743
2025-06-26 17:00:00+00:00,142.25,143,141.49,141.63,680549.53,96728522.4015,45191561.5725
2025-06-26 18:00:00+00:00,141.64,142.43,140.8,141.43,827436.46,117069433.111,57003515.4101
2025-06-26 19:00:00+00:00,141.44,142.56,141.1,142.21,649479.61,92212479.5442,50847209.0141
2025-06-26 20:00:00+00:00,142.2,143.89,141.93,142.9,1126718.64,161024786.825,94797458.5759
2025-06-26 21:00:00+00:00,142.9,143.25,139.2,140.32,1647405.56,232345830.918,107584886.313
2025-06-26 22:00:00+00:00,140.31,140.82,138.82,138.94,909272.61,127054429.45,61132723.6521
2025-06-26 23:00:00+00:00,138.95,139.26,138.54,138.98,668321.22,92812029.0373,46132298.3732
2025-06-27 00:00:00+00:00,138.98,139.26,137.78,137.78,743541.76,103002366.104,46641810.7723
2025-06-27 01:00:00+00:00,137.79,139.8,137,139.38,1253174.01,173792640.92,89777463.3347
2025-06-27 02:00:00+00:00,139.37,140.94,139.15,140.8,732576.13,102742407.345,55266057.9901
2025-06-27 03:00:00+00:00,140.81,141.51,140.64,141.26,595470.52,84033703.7125,43071549.4928
2025-06-27 04:00:00+00:00,141.26,141.5,140.76,141.27,476247.21,67212174.7736,33688469.7974
2025-06-27 05:00:00+00:00,141.27,142.11,140.41,140.59,584586.71,82475690.5032,36098250.6447
2025-06-27 06:00:00+00:00,140.59,141.34,140.25,141.2,491076.39,69148178.1585,40296208.1351
2025-06-27 07:00:00+00:00,141.2,142.16,140.12,140.27,849753.42,119898324.052,55543014.4394
2025-06-27 08:00:00+00:00,140.27,142.73,140.26,142.15,1084474.7,153609016.353,84202748.8371
2025-06-27 09:00:00+00:00,142.15,142.25,141.5,142,760302.59,107898377.461,56968659.8695
2025-06-27 10:00:00+00:00,141.99,142.17,141.43,141.81,502343.31,71240730.4617,31676329.4331
2025-06-27 11:00:00+00:00,141.82,142.27,141.51,142.06,423955.43,60166962.727,28438115.8027
2025-06-27 12:00:00+00:00,142.07,142.74,141.06,141.25,935992.46,132801391.6,64905921.4999
2025-06-27 13:00:00+00:00,141.25,142.9,141.06,142.69,1208494.53,171508525.26,91017300.3852
2025-06-27 14:00:00+00:00,142.69,143.45,141.21,141.79,1524760.53,216984155.892,111447679.184
2025-06-27 15:00:00+00:00,141.78,143.8,141.51,143.42,1020862.13,145783872.564,74786075.7965
2025-06-27 16:00:00+00:00,143.42,145,143.01,143.65,1258734.39,181001264.702,97019267.8443
2025-06-27 17:00:00+00:00,143.64,143.8,140.73,141.48,1251942.87,177765041.171,83607982.6822
2025-06-27 18:00:00+00:00,141.47,141.68,140.04,140.57,898241.81,126529745.59,61113170.0263
2025-06-27 19:00:00+00:00,140.56,142,140.42,141.72,852617.36,120455078.063,72869640.1773
2025-06-27 20:00:00+00:00,141.72,142.84,141.56,142.82,540429.31,76886364.3406,40734724.6268
2025-06-27 21:00:00+00:00,142.82,143.31,142.27,142.51,453279.94,64713666.2292,32394530.7674
2025-06-27 22:00:00+00:00,142.5,142.99,142.5,142.59,258871.07,36948390.4361,17026947.1607
2025-06-27 23:00:00+00:00,142.59,142.61,141.74,142.05,407468.52,57917493.7273,22960947.4846
2025-06-28 00:00:00+00:00,142.05,142.43,141.39,141.7,717866.64,101840369.057,53268983.3352
2025-06-28 01:00:00+00:00,141.7,142.65,141.07,142.54,563560.56,79885650.6236,46072294.1261
2025-06-28 02:00:00+00:00,142.53,143.38,142.47,142.94,494775.19,70737139.6661,39056237.8954
2025-06-28 03:00:00+00:00,142.95,143.5,142.78,143.34,276714.91,39626929.8372,22949298.8605
2025-06-28 04:00:00+00:00,143.34,143.39,143.01,143.16,187268.88,26814179.2398,10821520.1681
2025-06-28 05:00:00+00:00,143.16,144.07,143.16,143.84,471300.93,67699214.5203,39581266.7225
2025-06-28 06:00:00+00:00,143.84,144.78,143.73,144.76,561847.13,81071285.0863,44613974.6074
2025-06-28 07:00:00+00:00,144.77,146.77,144.49,146.52,1137238.53,165589548.212,96532474.9918
2025-06-28 08:00:00+00:00,146.52,147.24,146.12,146.34,1255733.97,184067341.115,84198499.5327
2025-06-28 09:00:00+00:00,146.34,147.55,145.55,147.14,1252288.22,183554972.053,101850311.795
2025-06-28 10:00:00+00:00,147.15,147.45,146.72,146.91,562189.15,82709833.2236,34896285.3683
2025-06-28 11:00:00+00:00,146.91,147.47,146.86,147.07,509715.93,75029086.2708,41499171.7781
2025-06-28 12:00:00+00:00,147.08,147.28,146.3,146.39,512392.47,75192097.5668,29394239.6865
2025-06-28 13:00:00+00:00,146.38,146.78,145.81,146.07,580354.33,84847771.925,41377797.4459
2025-06-28 14:00:00+00:00,146.06,147.08,146.06,146.76,635454.1,93195065.8095,53021428.6874
2025-06-28 15:00:00+00:00,146.77,148.78,146.63,148.11,1170014.54,172674205.635,106907520.982
2025-06-28 16:00:00+00:00,148.1,149.78,148.01,149.11,1916335.47,285685248.577,146118782.837
2025-06-28 17:00:00+00:00,149.11,152.68,149.04,152.1,1897027.45,286168448.187,164801589.423
2025-06-28 18:00:00+00:00,152.1,152.24,150.34,151.21,1142564.67,172647052.821,78004213.4816
2025-06-28 19:00:00+00:00,151.21,151.56,150.59,150.62,537582.84,81214461.542,37064835.3927
2025-06-28 20:00:00+00:00,150.62,150.88,150,150.03,445555.1,66995722.1698,32465900.4429
2025-06-28 21:00:00+00:00,150.02,151.16,149.98,151,310608.89,46747088.6111,27166709.9939
2025-06-28 22:00:00+00:00,151.01,151.31,150.66,150.76,356340.71,53782701.95,26001800.639
2025-06-28 23:00:00+00:00,150.77,151.25,150.5,150.67,226037.65,34088037.9305,16136059.7788
2025-06-29 00:00:00+00:00,150.67,151.03,150.22,150.58,502616.77,75686148.5438,37008048.3763
2025-06-29 01:00:00+00:00,150.58,150.84,150.15,150.19,267671.35,40278001.1588,17769630.3215
2025-06-29 02:00:00+00:00,150.19,150.27,149.36,149.84,621960.49,93110372.8842,41219927.8288
2025-06-29 03:00:00+00:00,149.84,150.12,149.4,149.43,332200.56,49748571.5538,23826763.5973
2025-06-29 04:00:00+00:00,149.42,149.92,149.3,149.73,256156.59,38324232.3947,22244096.6953
2025-06-29 05:00:00+00:00,149.73,149.84,149.35,149.64,272046.87,40699571.022,20627677.0717
2025-06-29 06:00:00+00:00,149.64,150.19,149.51,149.7,394960.67,59188922.4165,28883091.8136
2025-06-29 07:00:00+00:00,149.7,150.27,149.49,150.27,355184.3,53228674.0892,28894272.6723
2025-06-29 08:00:00+00:00,150.26,150.98,149.87,150.7,632042.25,95077782.7503,57133505.524
2025-06-29 09:00:00+00:00,150.71,152.26,150.42,151.02,938962.31,142104035.364,80390477.0699
2025-06-29 10:00:00+00:00,151.02,151.74,150.78,151.32,616132.1,93200985.292,44502027.1459
2025-06-29 11:00:00+00:00,151.32,151.66,150.84,151.59,360517.22,54537540.0012,26236705.1926
2025-06-29 12:00:00+00:00,151.59,151.93,150.82,151.78,474657.15,71836488.2365,34327531.6763
2025-06-29 13:00:00+00:00,151.78,151.93,151.05,151.7,571579.59,86570231.8336,36382223.7069
2025-06-29 14:00:00+00:00,151.7,152.49,151.08,151.22,1037621.42,157514680.385,73402479.4986
2025-06-29 15:00:00+00:00,151.23,151.69,150.62,150.68,653971.35,98798195.7461,43628185.7337
2025-06-29 16:00:00+00:00,150.69,150.89,149.64,150.45,926349.16,139256747.949,65168041.1379
2025-06-29 17:00:00+00:00,150.45,151.36,150.27,151.34,465859.61,70200381.5502,40201490.4806
2025-06-29 18:00:00+00:00,151.34,152.18,151.06,151.8,536364.56,81338510.8881,41696279.0814
2025-06-29 19:00:00+00:00,151.79,151.85,150.87,151.13,351783.04,53245406.1284,23604165.0482
2025-06-29 20:00:00+00:00,151.12,151.35,150.74,150.75,227709.27,34392225.6794,16997185.3222
2025-06-29 21:00:00+00:00,150.76,151.97,150.23,151.58,403203.84,60952146.4066,37007135.9398
2025-06-29 22:00:00+00:00,151.59,154.77,151.52,152.87,2175805.77,334019633.92,190192678.245
2025-06-29 23:00:00+00:00,152.87,153.7,152.46,153.21,795118.3,121753974.86,61086985.6331
2025-06-30 00:00:00+00:00,153.22,154.02,152.37,152.52,1260188.31,192886445.265,81145245.2611
2025-06-30 01:00:00+00:00,152.53,152.55,151.53,151.97,709491.39,107876242.141,51452855.7501
2025-06-30 02:00:00+00:00,151.98,152.58,151.85,151.93,397362.21,60495913.0283,29055324.6389
2025-06-30 03:00:00+00:00,151.93,152.11,151.11,151.7,480941.15,72935785.9613,26731282.6801
2025-06-30 04:00:00+00:00,151.7,151.94,150.88,151.04,463313.65,70111572.4599,31850338.4258
2025-06-30 05:00:00+00:00,151.03,151.37,150.45,151.23,742335.33,112043440.652,58053736.7336
2025-06-30 06:00:00+00:00,151.23,151.3,149.85,150.38,720039.04,108430969.931,49549699.6505
2025-06-30 07:00:00+00:00,150.38,150.74,149.62,150.57,839683.38,126242006.114,67326847.2845
2025-06-30 08:00:00+00:00,150.58,150.8,149.36,149.76,818858.09,122826981.849,57500227.3165
2025-06-30 09:00:00+00:00,149.76,150.42,149.56,149.81,573352.25,86019287.268,46415614.8704
2025-06-30 10:00:00+00:00,149.8,150.33,149.8,150.22,365859.77,54916501.753,30288149.0327
2025-06-30 11:00:00+00:00,150.23,150.97,150,150.27,651400.79,98048218.4637,49549111.3917
2025-06-30 12:00:00+00:00,150.27,150.61,149.63,149.85,479739.62,71994041.232,31304285.0454
2025-06-30 13:00:00+00:00,149.84,151.71,149.73,150.81,1195104.62,180372313.778,93514920.4382
2025-06-30 14:00:00+00:00,150.82,152.31,149.84,151.29,2016360.65,304951527.535,144946302.966
2025-06-30 15:00:00+00:00,151.29,160,150.78,157.78,8637947.14,1347710596.13,740892111.484
2025-06-30 16:00:00+00:00,157.77,158.38,156.26,156.97,2533721.28,398441451.398,195565515.598
2025-06-30 17:00:00+00:00,156.97,157.4,156.4,156.69,892738.22,140136830.339,68600983.5087
2025-06-30 18:00:00+00:00,156.68,157.65,155.28,155.72,1242797.19,194123393.532,90325470.878
2025-06-30 19:00:00+00:00,155.71,157.94,155.57,157.71,989505.28,155249981.368,89442222.5069
2025-06-30 20:00:00+00:00,157.72,157.77,155.89,156.5,794312.56,124648439.128,42794053.4741
2025-06-30 21:00:00+00:00,156.51,156.8,155.25,155.49,602916.84,94106397.7895,38038137.6503
2025-06-30 22:00:00+00:00,155.49,155.96,154.92,155.08,582230.14,90415050.4197,44513244.2608
2025-06-30 23:00:00+00:00,155.09,155.72,154.41,154.73,562270.35,87153723.9299,38725609.0232
2025-07-01 00:00:00+00:00,154.74,155.58,153.3,154.71,1087514.57,167927878.039,90472346.739
2025-07-01 01:00:00+00:00,154.71,155.16,154.2,154.33,409030.7,63294450.6926,33691422.8801
2025-07-01 02:00:00+00:00,154.32,154.32,153.07,153.27,534524.54,82162567.8457,41959378.8811
2025-07-01 03:00:00+00:00,153.26,153.91,153.1,153.85,421162.62,64660972.6947,41856979.1507
2025-07-01 04:00:00+00:00,153.85,153.86,152.38,152.44,568795.95,86966043.6541,32894685.5523
2025-07-01 05:00:00+00:00,152.45,152.75,150.92,151.43,1113740.2,168874252.742,80027056.9009
2025-07-01 06:00:00+00:00,151.43,151.46,150.91,151.2,509113.54,76978683.1738,41493969.4154
2025-07-01 07:00:00+00:00,151.21,151.44,148.62,149.98,2437997.3,365579400.688,172537715.744
2025-07-01 08:00:00+00:00,149.97,149.97,148.91,148.97,912390.54,136373648.633,65538347.7614
2025-07-01 09:00:00+00:00,148.97,149.32,148.3,149.15,1093696.28,162786712.399,84833544.5348
2025-07-01 10:00:00+00:00,149.15,149.27,148.5,148.87,632939.67,94244748.6461,45209577.9807
2025-07-01 11:00:00+00:00,148.87,149.12,148.03,148.76,804316.57,119533817.741,58649595.2961
2025-07-01 12:00:00+00:00,148.76,148.97,147.82,148.25,813904.02,120723056.602,57851328.6283
2025-07-01 13:00:00+00:00,148.26,148.47,146.69,148.24,1715620.53,253595238.258,120410880.53
2025-07-01 14:00:00+00:00,148.25,149.2,146.1,147.15,2365176.64,348831331.393,173189354.599
2025-07-01 15:00:00+00:00,147.15,147.8,146.72,147.13,936223.03,137825208.388,67852215.5541
2025-07-01 16:00:00+00:00,147.13,148.29,146.97,148.25,754939.69,111505295.648,61038476.239
2025-07-01 17:00:00+00:00,148.25,148.37,147.5,147.83,582878.11,86195075.5686,40818836.222
2025-07-01 18:00:00+00:00,147.82,147.85,145.32,145.9,1064623.46,155942967.986,64602548.0211
2025-07-01 19:00:00+00:00,145.89,146.61,145.23,145.38,1128793.26,164655598.352,78014401.2037
2025-07-01 20:00:00+00:00,145.38,146.61,144.67,146.36,849915.32,123779176.455,61411215.387
2025-07-01 21:00:00+00:00,146.35,146.93,145.95,146.41,465842.53,68211542.2695,33300591.3577
2025-07-01 22:00:00+00:00,146.41,146.95,146.13,146.63,376605.85,55221221.7091,26897216.303
2025-07-01 23:00:00+00:00,146.62,146.88,146.19,146.79,380718.49,55797603.2806,27614176.766
2025-07-02 00:00:00+00:00,146.78,147.44,146.5,146.66,577031.08,84825958.6837,45862377.8466
2025-07-02 01:00:00+00:00,146.66,147.84,145.64,147.74,825588.12,121376195.311,64792742.7656
2025-07-02 02:00:00+00:00,147.74,148.38,147.19,148.31,512654.7,75831507.216,41065178.2049
2025-07-02 03:00:00+00:00,148.32,149.17,148.17,148.79,657044.73,97733161.3204,50771056.1875
2025-07-02 04:00:00+00:00,148.79,149.18,148.22,149.04,514800.4,76521501.8172,35800863.3247
2025-07-02 05:00:00+00:00,149.04,149.09,148.42,148.94,505364.45,75183965.6906,37347354.1607
2025-07-02 06:00:00+00:00,148.95,149.7,148.61,149.58,816008.79,121781229.275,61667948.6967
2025-07-02 07:00:00+00:00,149.59,149.84,148.8,149.02,545951.87,81455429.4728,35861082.8955
2025-07-02 08:00:00+00:00,149.02,149.91,148.93,149.12,814907.13,121756216.042,54181613.1528
2025-07-02 09:00:00+00:00,149.12,149.5,148.5,148.56,676831.29,100840802.4,41384649.4392
2025-07-02 10:00:00+00:00,148.56,149.42,148.37,149.38,455338.97,67820799.5231,33786214.6857
2025-07-02 11:00:00+00:00,149.38,149.62,148.34,148.55,570516.99,84952598.2745,38364333.7417
2025-07-02 12:00:00+00:00,148.54,148.56,147.03,147.6,1093065.45,161381139.554,74891542.6089
2025-07-02 13:00:00+00:00,147.61,149.91,147.54,149.19,1696793.39,252454786.991,127502575.918
2025-07-02 14:00:00+00:00,149.18,150.59,148.97,150.18,1479735.13,221579736.602,113747196.276
2025-07-02 15:00:00+00:00,150.18,151.56,149.91,151.22,1791281.96,270120661.756,133819378.555
2025-07-02 16:00:00+00:00,151.23,153.54,151,153.06,2717524.87,414411760.172,208564503.23
2025-07-02 17:00:00+00:00,153.07,153.46,150.22,151.5,2046489.61,310889604.972,133232656.35
2025-07-02 18:00:00+00:00,151.49,152.22,151.22,152.21,836741.27,126995037.337,65750632.6364
2025-07-02 19:00:00+00:00,152.21,153.15,151.36,152.91,899162.33,136954836.193,72845072.7433
2025-07-02 20:00:00+00:00,152.9,153.94,152.33,152.73,826297.66,126525692.732,65009948.3456
2025-07-02 21:00:00+00:00,152.72,153.98,152.72,153.73,564559.76,86619314.9751,48924435.6516
2025-07-02 22:00:00+00:00,153.73,154.44,153.31,153.49,619209.93,95223412.8183,52041427.4547
2025-07-02 23:00:00+00:00,153.48,153.62,151.89,152.21,731688.27,111624949.32,47765001.9297
2025-07-03 00:00:00+00:00,152.21,153.22,151.85,153.01,505880.96,77170428.4373,42431313.8266
2025-07-03 01:00:00+00:00,153,153.22,152.41,153.07,343200.68,52457526.3432,28767898.273
2025-07-03 02:00:00+00:00,153.08,153.11,151.66,152.7,577870.03,87979743.4447,37577530.3764
2025-07-03 03:00:00+00:00,152.69,153.96,152.69,153.31,620257.58,95120221.3428,51853185.0016
2025-07-03 04:00:00+00:00,153.31,153.99,153.13,153.76,449728.81,69100867.9583,36444616.1379
2025-07-03 05:00:00+00:00,153.76,155.86,153.69,155.63,1310106.45,203146915.545,113518245.231
2025-07-03 06:00:00+00:00,155.63,155.89,155.06,155.36,675296.41,104947831.433,48778587.2972
2025-07-03 07:00:00+00:00,155.37,155.72,154.74,155.53,728308.28,113032984.7,52075765.799
2025-07-03 08:00:00+00:00,155.53,155.84,155.07,155.11,510431.02,79382008.0116,31708427.7424
2025-07-03 09:00:00+00:00,155.12,156.33,155.09,155.57,875536.26,136334949.963,67564133.1352
2025-07-03 10:00:00+00:00,155.58,155.72,154.3,154.76,793004.67,122759560.456,46657911.6597
2025-07-03 11:00:00+00:00,154.76,154.95,154.06,154.45,404627.58,62508044.1013,29855520.5137
2025-07-03 12:00:00+00:00,154.44,155.3,151.83,153.07,2143460.21,328531099.565,163814910.34
2025-07-03 13:00:00+00:00,153.07,154.94,152.46,154.49,1872246.07,287725833.05,150502444.15
2025-07-03 14:00:00+00:00,154.48,154.85,151.8,152.19,1852982.63,283696124.896,131145533.389
2025-07-03 15:00:00+00:00,152.18,152.62,149.59,150.09,2031323.38,306670412.507,141535613.714
2025-07-03 16:00:00+00:00,150.09,151.08,149.8,150.57,1288274.14,193802401.604,97835191.2106
2025-07-03 17:00:00+00:00,150.57,151.58,150.52,151.44,592603.06,89592690.1533,47789209.1115
2025-07-03 18:00:00+00:00,151.43,151.79,150.53,151.64,574884.63,86946595.8524,43958996.2351
2025-07-03 19:00:00+00:00,151.63,151.97,151.33,151.71,364500.41,55289438.0106,30389831.914
2025-07-03 20:00:00+00:00,151.7,152.73,151.7,152.72,419660.81,63898452.2279,37205579.6958
2025-07-03 21:00:00+00:00,152.72,153.1,152.42,152.97,404164.83,61743146.6664,31755688.1883
2025-07-03 22:00:00+00:00,152.96,153.18,152.5,152.9,304566.32,46553707.0793,22199750.6594
2025-07-03 23:00:00+00:00,152.89,153,152.08,152.29,351147.8,53503627.9792,23025218.7652
2025-07-04 00:00:00+00:00,152.29,152.79,152,152.36,674184.58,102744026.531,48739940.6224
2025-07-04 01:00:00+00:00,152.36,153.11,152.24,152.35,346804.26,52975299.034,27803379.5271
2025-07-04 02:00:00+00:00,152.36,152.52,150.88,151.21,828709.99,125596604.1,50393150.7886
2025-07-04 03:00:00+00:00,151.21,151.92,150.86,151.63,369986.56,56031600.9916,29271431.4677
2025-07-04 04:00:00+00:00,151.63,152.51,151.46,151.52,472451.38,71799367.1029,37994774.2473
2025-07-04 05:00:00+00:00,151.52,153.84,151.46,153.17,1094065.85,167233473.768,86042674.1508
2025-07-04 06:00:00+00:00,153.18,153.22,151.66,152.36,855444.48,130311608.015,66444800.228
2025-07-04 07:00:00+00:00,152.36,152.83,150.2,150.43,1115796.85,168526850.445,73772070.636
2025-07-04 08:00:00+00:00,150.42,150.45,148.92,149.92,1178710.19,176540221.781,81499705.3752
2025-07-04 09:00:00+00:00,149.91,150.88,149.79,150.78,507367.07,76347876.2011,35363120.7067
2025-07-04 10:00:00+00:00,150.78,150.91,149.85,150.01,378657.15,56936480.81,26029371.1257
2025-07-04 11:00:00+00:00,150.02,150.69,149.97,150.14,355401.66,53430864.1053,27513809.9588
2025-07-04 12:00:00+00:00,150.13,150.64,149.73,150.41,322120.98,48381561.1888,23086831.3787
2025-07-04 13:00:00+00:00,150.42,151.17,148.29,148.43,1577348.07,235753094.703,92939116.7366
2025-07-04 14:00:00+00:00,148.43,148.79,147.39,148.01,1356081.69,200878986.881,97529687.4925
2025-07-04 15:00:00+00:00,148.02,148.19,146.2,146.49,1314533.73,193216773.583,84204466.3943
2025-07-04 16:00:00+00:00,146.49,146.93,145.11,145.81,1681183.55,245243917.01,123558267.469
2025-07-04 17:00:00+00:00,145.81,146.6,145.52,146.56,743584.92,108647473.031,58131067.8244
2025-07-04 18:00:00+00:00,146.55,146.65,145.75,146.29,402499.84,58857744.7819,26729121.8818
2025-07-04 19:00:00+00:00,146.3,146.73,145.98,146.62,412195.87,60349300.1174,30420000.8343
2025-07-04 20:00:00+00:00,146.63,147.15,146.45,146.75,385435.5,56598850.9006,31942919.6299
2025-07-04 21:00:00+00:00,146.75,147.26,146.27,147.14,343782.13,50432287.2197,27637912.8602
2025-07-04 22:00:00+00:00,147.14,148.24,146.87,148.15,580760.74,85725977.4696,49076244.1881
2025-07-04 23:00:00+00:00,148.16,148.16,147.21,147.6,437536.69,64605569.8546,22766218.3151
2025-07-05 00:00:00+00:00,147.6,148.35,147.45,148.19,318337.98,47121552.2949,25018490.6395
2025-07-05 01:00:00+00:00,148.2,148.22,147.64,148.11,266762.5,39459799.9023,16270990.9222
2025-07-05 02:00:00+00:00,148.11,148.13,147.05,147.95,319121.09,47140524.6324,20745236.1619
2025-07-05 03:00:00+00:00,147.94,148.36,147.54,147.67,325603.75,48183948.2987,22805226.9539
2025-07-05 04:00:00+00:00,147.68,148,147.16,147.16,328991.09,48525863.3939,21180587.1928
2025-07-05 05:00:00+00:00,147.16,147.34,146.63,147.27,496502.32,72953423.4739,37119960.9176
2025-07-05 06:00:00+00:00,147.26,148.25,146.97,148.13,506353.22,74813322.7738,41300457.0775
2025-07-05 07:00:00+00:00,148.13,148.46,147.59,147.78,402148.98,59504435.368,30482765.4044
2025-07-05 08:00:00+00:00,147.78,147.82,146.94,147.24,399930.38,58932031.1023,26471206.5464
2025-07-05 09:00:00+00:00,147.24,147.94,146.7,147.82,512367.51,75441141.0926,41017732.92
2025-07-05 10:00:00+00:00,147.83,148.1,147.63,147.85,275357.05,40711581.0171,19563802.586
2025-07-05 11:00:00+00:00,147.85,148.46,147.82,148.1,333596.89,49445550.9667,24276625.6901
2025-07-05 12:00:00+00:00,148.1,148.23,147.6,148.17,354152.84,52397986.0532,23939293.0548
2025-07-05 13:00:00+00:00,148.18,148.63,147.73,147.89,344536.02,51017113.5673,24520294.7855
2025-07-05 14:00:00+00:00,147.89,148.07,147.52,147.97,271491.34,40132793.696,17952274.8547
2025-07-05 15:00:00+00:00,147.96,148.13,146.97,147.05,351263.21,51782657.0934,23216981.6032
2025-07-05 16:00:00+00:00,147.04,147.19,145.79,146.59,864624.78,126601012.813,57710786.2008
2025-07-05 17:00:00+00:00,146.6,147.18,146.32,146.79,558174.31,81887460.7575,39559893.7797
2025-07-05 18:00:00+00:00,146.79,146.84,145.86,146.31,389974.81,57033884.6034,30374724.9908
2025-07-05 19:00:00+00:00,146.31,146.91,146.02,146.79,223636.47,32764573.8415,17557321.9971
2025-07-05 20:00:00+00:00,146.79,147.16,146.36,147.14,234766.85,34455211.2452,19493392.983
2025-07-05 21:00:00+00:00,147.14,147.44,146.79,147.33,199277.69,29320554.317,18135428.988
2025-07-05 22:00:00+00:00,147.32,147.83,147.02,147.77,240236.12,35419541.6958,23717169.0762
2025-07-05 23:00:00+00:00,147.77,147.96,147.46,147.5,228948,33812775.5102,15526545.2551
2025-07-06 00:00:00+00:00,147.5,147.58,147.08,147.53,241733.52,35614787.4008,18042276.1895
2025-07-06 01:00:00+00:00,147.53,147.59,146.82,147.16,239822.71,35283261.0256,14243429.8965
2025-07-06 02:00:00+00:00,147.16,147.53,146.86,146.87,157877.15,23238623.7575,10914199.7769
2025-07-06 03:00:00+00:00,146.86,147.29,146.74,147.26,214331.6,31513051.0672,15640412.9595
2025-07-06 04:00:00+00:00,147.27,147.72,147.11,147.2,233995.34,34496556.829,18423543.1179
2025-07-06 05:00:00+00:00,147.2,147.35,146.97,147.11,132741.33,19530587.9593,10058166.4552
2025-07-06 06:00:00+00:00,147.1,148.3,147.05,147.97,497618.05,73577412.1617,41592445.7766
2025-07-06 07:00:00+00:00,147.96,148.44,147.79,147.81,410646.27,60807437.9066,26465337.523
2025-07-06 08:00:00+00:00,147.81,147.94,147.13,147.45,438053.54,64608637.492,29149124.2865
2025-07-06 09:00:00+00:00,147.45,147.62,146.69,146.75,352410.53,51859591.8505,24763752.9699
2025-07-06 10:00:00+00:00,146.75,147.57,146.66,147.24,413926.71,60870998.5505,33882689.4673
2025-07-06 11:00:00+00:00,147.23,147.94,147.01,147.88,328747.9,48468387.7865,20177732.2539
2025-07-06 12:00:00+00:00,147.88,148.94,147.75,148.94,668583.78,99179693.0446,58352133.4897
2025-07-06 13:00:00+00:00,148.93,152.03,148.33,151.3,2867061.41,431609498.378,231793623.532
2025-07-06 14:00:00+00:00,151.29,152,150.6,151.56,1535257.76,232339306.8,112914386.972
2025-07-06 15:00:00+00:00,151.55,151.84,150.75,151.48,823396.92,124584350.394,59389163.0494
2025-07-06 16:00:00+00:00,151.48,153.2,151.14,153.05,1381880.53,210081232.74,114458189.409
2025-07-06 17:00:00+00:00,153.05,153.14,152.2,152.41,614653,93764552.4911,44418291.0981
2025-07-06 18:00:00+00:00,152.42,152.51,150.91,151.33,788666.18,119545711.899,54677999.6671
2025-07-06 19:00:00+00:00,151.33,151.71,150.62,151.22,611296.62,92409428.0441,47226837.3925
2025-07-06 20:00:00+00:00,151.21,151.91,151.17,151.39,402212.18,60957284.4798,36396871.5766
2025-07-06 21:00:00+00:00,151.39,154,151.39,152.18,1017384.94,155358713.824,88444082.0969
2025-07-06 22:00:00+00:00,152.18,153.42,152.18,152.43,604472.07,92422267.6743,46776327.2225
2025-07-06 23:00:00+00:00,152.43,152.49,151.36,151.8,614457.44,93300241.5246,41937657.6298
2025-07-07 00:00:00+00:00,151.8,151.92,150.75,151.08,558442.12,84474002.0986,39953370.9329
2025-07-07 01:00:00+00:00,151.07,151.34,150.15,151.16,579925.74,87423746.9651,46118549.6157
2025-07-07 02:00:00+00:00,151.16,152.71,151.15,151.97,671750.52,102097339.92,53094794.8256
2025-07-07 03:00:00+00:00,151.98,152.84,151.7,151.81,425697.47,64762782.2089,30013085.4629
2025-07-07 04:00:00+00:00,151.81,152.11,151.68,151.71,211092.62,32064432.0245,14654761.6228
2025-07-07 05:00:00+00:00,151.72,152.09,151.46,151.85,312262.59,47402064.3728,23289409.5629
2025-07-07 06:00:00+00:00,151.85,151.94,150.95,151.12,445368.95,67398610.0565,32238770.0821
2025-07-07 07:00:00+00:00,151.13,152.39,150.8,152.3,484705.19,73481359.3129,40800298.7705
2025-07-07 08:00:00+00:00,152.3,152.9,152.14,152.59,506554.61,77236635.4635,40745845.9455
2025-07-07 09:00:00+00:00,152.59,152.59,151.95,152.1,400790.93,61015848.5211,23440565.9714
2025-07-07 10:00:00+00:00,152.1,152.43,151.57,152.18,366294.15,55669041.2484,26416665.5336
2025-07-07 11:00:00+00:00,152.19,153.55,152.06,152.73,877750.02,134214304.296,78513569.0692
2025-07-07 12:00:00+00:00,152.72,152.82,151.35,151.61,842522.72,127992978.779,59923704.0939
2025-07-07 13:00:00+00:00,151.61,153.37,151.09,152.99,1176902.24,178829711.614,90532183.8817
2025-07-07 14:00:00+00:00,152.98,153.27,151.5,151.61,1109746.29,169040505.522,79673119.2295
2025-07-07 15:00:00+00:00,151.61,152.31,150.91,150.97,868404.51,131698016.944,62996578.6944
2025-07-07 16:00:00+00:00,150.97,151.48,149.5,150.29,1693188.65,254731618.74,124359246.144
2025-07-07 17:00:00+00:00,150.28,150.79,149.53,149.9,1228558.69,184438390.759,84786960.5357
2025-07-07 18:00:00+00:00,149.9,150.24,148.95,150.05,926216.49,138520264.152,67184143.5037
2025-07-07 19:00:00+00:00,150.05,150.57,148.4,148.89,1731637.68,258786046.283,123926213.027
2025-07-07 20:00:00+00:00,148.88,148.91,147.68,148.28,1416682.6,210145140.931,113043748.51
2025-07-07 21:00:00+00:00,148.28,148.73,147.71,148.54,620661.06,92024698.9049,48963229.0144
2025-07-07 22:00:00+00:00,148.54,148.58,147.6,148.38,396167.03,58658178.1176,31864287.5214
2025-07-07 23:00:00+00:00,148.39,148.84,148.36,148.82,501126.57,74486094.4191,30623642.3555
2025-07-08 00:00:00+00:00,148.82,150.05,148.65,149.06,862187.61,128750333.924,72251274.8777
2025-07-08 01:00:00+00:00,149.06,149.24,148.52,148.67,432879.73,64451464.651,31287566.1583
2025-07-08 02:00:00+00:00,148.66,149.23,147.75,147.9,637614.8,94606981.4381,42752859.2311
2025-07-08 03:00:00+00:00,147.89,148.92,147.83,148.56,321846.23,47795985.2577,28095774.7385
2025-07-08 04:00:00+00:00,148.57,149.01,148.11,148.97,305054.71,45334914.5975,23207110.1623
2025-07-08 05:00:00+00:00,148.97,149.3,148.51,149.15,296752.6,44202056.3443,21337851.0687
2025-07-08 06:00:00+00:00,149.15,149.54,148.95,149.17,382296.33,57068644.7849,29497664.2661
2025-07-08 07:00:00+00:00,149.16,149.72,148.75,149.58,394360.11,58835244.4897,30640599.0458
2025-07-08 08:00:00+00:00,149.57,150.22,149.44,149.81,590842.69,88541055.8411,43674544.3661
2025-07-08 09:00:00+00:00,149.81,150.49,149.6,150.09,450943.74,67710671.3444,34145846.9998
2025-07-08 10:00:00+00:00,150.1,151.26,150.09,151.01,915085.66,138026765.431,61368213.4229
2025-07-08 11:00:00+00:00,151.01,151.58,150.87,151.19,612446.6,92612419.7493,44296612.9794
2025-07-08 12:00:00+00:00,151.19,152.42,151.19,152.34,1017442.07,154416604.966,74315289.9747
2025-07-08 13:00:00+00:00,152.34,152.83,151.42,151.94,1201623.01,182774775.3,87401892.0235
2025-07-08 14:00:00+00:00,151.94,152.01,150.43,150.75,1168319.59,176629877.735,84143795.6211
2025-07-08 15:00:00+00:00,150.76,151.08,149.69,149.79,811477.09,121950760.589,54950795.112
2025-07-08 16:00:00+00:00,149.78,150.49,149.37,150.46,910056.03,136460984.482,71772112.4326
2025-07-08 17:00:00+00:00,150.46,152.2,150.37,152,1374096.17,208228371.221,112958540.575
2025-07-08 18:00:00+00:00,151.99,152.77,151.63,152.73,662730.64,100876852.67,51181441.4271
2025-07-08 19:00:00+00:00,152.73,152.74,151.26,151.58,954532.06,145119577.324,73978751.7465
2025-07-08 20:00:00+00:00,151.58,151.63,149.89,149.9,682078.51,102847186.582,44969326.8645
2025-07-08 21:00:00+00:00,149.9,150.85,149.9,150.74,516586.02,77644784.8195,43525738.6831
2025-07-08 22:00:00+00:00,150.73,151.5,150.43,151.47,432310.1,65270407.691,40230206.4797
2025-07-08 23:00:00+00:00,151.47,151.85,151.18,151.59,303117.06,45937055.2899,21084578.3679
2025-07-09 00:00:00+00:00,151.59,151.69,151,151.64,373138.11,56484641.5605,25513951.9994
2025-07-09 01:00:00+00:00,151.63,152.29,151.05,151.4,490884.57,74434401.8003,33306167.5271
2025-07-09 02:00:00+00:00,151.39,152.14,151.27,151.71,344897.71,52325711.6868,27028722.2545
2025-07-09 03:00:00+00:00,151.72,152.14,151.09,151.2,601241.62,91082985.3395,35486003.0553
2025-07-09 04:00:00+00:00,151.21,151.39,150.44,151.11,406462.89,61338549.9077,30241123.1614
2025-07-09 05:00:00+00:00,151.11,153.85,151.07,153.06,1392026.11,212614218.189,112651144.979
2025-07-09 06:00:00+00:00,153.05,153.41,152.27,152.82,699197.32,106747038.693,50399560.8577
2025-07-09 07:00:00+00:00,152.83,153.18,152.5,152.94,368367.97,56305125.6682,26633004.8949
2025-07-09 08:00:00+00:00,152.94,153.06,152.25,152.4,374723.31,57205829.5038,26546470.3206
2025-07-09 09:00:00+00:00,152.41,152.9,152.23,152.78,337171.12,51420437.0551,30460827.6862
2025-07-09 10:00:00+00:00,152.78,153.16,152.49,153.07,353833.83,54084648.6736,27666742.7215
2025-07-09 11:00:00+00:00,153.07,154.46,152.96,153.64,1012943.69,155601979.52,89113894.3489
2025-07-09 12:00:00+00:00,153.65,154.6,153.15,153.97,1266442.82,195131434.963,98083323.8771
2025-07-09 13:00:00+00:00,153.97,154.77,153.5,153.66,1105746.8,170427554.878,75615144.2994
2025-07-09 14:00:00+00:00,153.66,155.48,152.8,153.69,2204218.68,339128269.352,172019973.145
2025-07-09 15:00:00+00:00,153.68,154.5,153.29,153.91,865138.89,133169132.994,64359418.6121
2025-07-09 16:00:00+00:00,153.92,154.98,153.61,154.81,788782.64,121793239.176,67053393.8123
2025-07-09 17:00:00+00:00,154.81,154.88,153.15,153.59,796454.19,122602313.084,56499830.2441
2025-07-09 18:00:00+00:00,153.58,155.23,153.5,154.62,1273348.71,196869913.187,101473024.12
2025-07-09 19:00:00+00:00,154.61,157.8,154.52,157.22,2369602.42,370351523.107,201715318.983
2025-07-09 20:00:00+00:00,157.23,157.49,155.39,155.99,1757104.67,274813994.397,138995423.748
2025-07-09 21:00:00+00:00,155.99,157.55,155.96,156.68,662189.01,103920218.494,49757553.7991
2025-07-09 22:00:00+00:00,156.68,157.9,156.68,157.64,603282.76,95019784.7645,48692729.0368
2025-07-09 23:00:00+00:00,157.63,157.88,156.93,156.99,478988.14,75381480.4532,34495266.4256
2025-07-10 00:00:00+00:00,157,157.48,155.9,155.9,552114.57,86505559.8539,40416811.682
2025-07-10 01:00:00+00:00,155.91,157.82,155.88,157.54,548156.19,86012104.4825,52263299.4155
2025-07-10 02:00:00+00:00,157.53,159.33,157.53,158.22,1091022.28,172881265.016,90947018.4305
2025-07-10 03:00:00+00:00,158.23,158.3,157.13,157.28,511337.76,80605303.2067,37512636.1504
2025-07-10 04:00:00+00:00,157.28,157.61,156.8,157.59,495613.03,77933010.9722,41699346.5339
2025-07-10 05:00:00+00:00,157.6,157.7,156.84,157.15,318408.96,50061352.406,22827115.7129
2025-07-10 06:00:00+00:00,157.15,157.42,156.58,157.34,428654.06,67312735.586,32445416.2872
2025-07-10 07:00:00+00:00,157.34,158.58,157.27,157.82,926461.36,146406244.847,75126139.5234
2025-07-10 08:00:00+00:00,157.82,159.11,157.72,158.86,743125.1,117859909.982,65749138.2164
2025-07-10 09:00:00+00:00,158.86,159.01,157.86,158,471317.89,74626296.4944,35463247.2624
2025-07-10 10:00:00+00:00,157.99,158.07,157.34,157.83,531320.08,83731852.6932,38105609.9755
2025-07-10 11:00:00+00:00,157.83,157.83,157.11,157.55,474514.41,74694504.8651,35400719.0746
2025-07-10 12:00:00+00:00,157.56,157.56,156.9,157.39,496950.31,78136474.3646,37796050.8866
2025-07-10 13:00:00+00:00,157.4,158.31,156.6,156.97,1136954.19,178985591.824,80565498.9836
2025-07-10 14:00:00+00:00,156.97,157.64,156.09,156.77,1103481.65,172909283.912,82860147.7033
2025-07-10 15:00:00+00:00,156.77,156.94,155.5,156.38,851481.73,133068485.586,59112496.1876
2025-07-10 16:00:00+00:00,156.38,158.67,156.07,158.34,1726152.97,272381391.943,147275435.384
2025-07-10 17:00:00+00:00,158.34,161.2,157.86,160.85,2272275.56,362568288.158,189613836.167
2025-07-10 18:00:00+00:00,160.84,160.97,158.27,159.02,1579235.89,252002472.069,122048684.508
2025-07-10 19:00:00+00:00,159.01,159.6,158.58,159.26,704178.89,112075043.878,53926706.9165
2025-07-10 20:00:00+00:00,159.25,160.47,159.14,160.32,639389.18,102269505.004,57270260.5533
2025-07-10 21:00:00+00:00,160.32,164.33,160.22,163.77,2849360.93,463933406.895,254022560.513
2025-07-10 22:00:00+00:00,163.77,165.36,163.23,164.65,1724360.63,283325897.516,145563931.78
2025-07-10 23:00:00+00:00,164.64,165.2,163.23,164.29,1071226.93,175828582.012,77814597.8594
2025-07-11 00:00:00+00:00,164.3,164.37,161.89,163.03,1158859.77,188840811.565,94217040.0721
2025-07-11 01:00:00+00:00,163.03,164.75,162.93,164.43,778920.52,127836248.789,66334666.9221
2025-07-11 02:00:00+00:00,164.44,165.16,164.03,164.9,847546.92,139616412.534,71150175.0223
2025-07-11 03:00:00+00:00,164.91,165.32,163.9,165.11,628238.73,103453878.615,50037717.422
2025-07-11 04:00:00+00:00,165.11,165.11,163.92,164.95,538964.61,88659634.6293,39705790.3765
2025-07-11 05:00:00+00:00,164.94,166.73,164.85,165.2,1786693,296080872.591,151057884.019
2025-07-11 06:00:00+00:00,165.2,165.95,163.34,163.57,1436976.16,236581860.182,106482812.632
2025-07-11 07:00:00+00:00,163.58,164.21,163.04,163.21,975910.29,159700963.287,80752309.2634
2025-07-11 08:00:00+00:00,163.2,163.98,163.2,163.81,682781.61,111697565.848,62059372.4965
2025-07-11 09:00:00+00:00,163.8,165.3,163.55,164.72,955863.87,157307862.422,81376112.426
2025-07-11 10:00:00+00:00,164.72,165.16,164.09,164.74,566693.3,93307807.0959,45801479.31
2025-07-11 11:00:00+00:00,164.74,165.02,163.51,163.81,713922.75,117137215.076,45711570.8713
2025-07-11 12:00:00+00:00,163.81,165.2,163.25,165.19,745852.96,122329820.796,65010387.1965
2025-07-11 13:00:00+00:00,165.19,166.91,164.22,166.36,2633554.07,436583409.653,233412377.576
2025-07-11 14:00:00+00:00,166.37,168.18,165.39,166.59,2388890.51,398566819.934,192153474.34
2025-07-11 15:00:00+00:00,166.58,166.83,161.77,162.26,3423932.77,561910416.319,256555516.896
2025-07-11 16:00:00+00:00,162.27,163.17,161.17,163.13,2405350.59,390446521.085,193916103.495
2025-07-11 17:00:00+00:00,163.13,164.42,162.9,164.41,1153654.91,188804080.098,100792315.177
2025-07-11 18:00:00+00:00,164.41,164.97,163.5,164.33,700199.85,114965442.196,55574468.8675
2025-07-11 19:00:00+00:00,164.33,164.57,163.2,164.52,549339.27,90102467.9443,43266166.8212
2025-07-11 20:00:00+00:00,164.52,164.81,162.53,162.67,685793.45,112200451.083,53832001.7227
2025-07-11 21:00:00+00:00,162.67,163.06,161.3,162.08,849339.98,137794109.496,67919307.8523
2025-07-11 22:00:00+00:00,162.08,162.56,159.49,161.59,1616124.47,259863581.194,121421735.513
2025-07-11 23:00:00+00:00,161.59,162.96,161.54,162.87,752902.87,122185166.345,64037014.8536
2025-07-12 00:00:00+00:00,162.87,163.33,161.64,162.99,731629.48,118872130.115,57508086.7473
2025-07-12 01:00:00+00:00,162.99,163.77,162.99,163.42,488301.39,79804933.718,45204040.5899
2025-07-12 02:00:00+00:00,163.41,163.87,162.78,162.91,364622.97,59595166.5285,28538650.1965
2025-07-12 03:00:00+00:00,162.92,163.62,162.75,163.41,379883.72,62004386.1479,31072467.493
2025-07-12 04:00:00+00:00,163.42,163.59,162.2,162.47,392688.59,63920212.7476,26145989.0504
2025-07-12 05:00:00+00:00,162.48,163.14,161.96,162.97,347153.05,56434384.697,27511967.4316
2025-07-12 06:00:00+00:00,162.96,163.58,162.37,163.41,331639.7,54076711.3019,26867714.7215
2025-07-12 07:00:00+00:00,163.41,163.77,162.66,163.16,526750.98,85956988.1894,41982155.1588
2025-07-12 08:00:00+00:00,163.15,163.38,162.1,162.6,506142.7,82326896.4648,39286497.7124
2025-07-12 09:00:00+00:00,162.59,162.94,162.21,162.59,339407.24,55166152.1556,30342602.5347
2025-07-12 10:00:00+00:00,162.59,163.14,162.23,162.94,411331.59,66910651.8066,38564537.8616
2025-07-12 11:00:00+00:00,162.94,162.96,161.3,161.56,592727.96,96055496.0096,36832428.3535
2025-07-12 12:00:00+00:00,161.55,161.74,158.5,159.77,1555738.88,249204614.891,107772066.42
2025-07-12 13:00:00+00:00,159.76,159.76,158.17,159.64,1132443.58,180156107.48,87728130.2179
2025-07-12 14:00:00+00:00,159.65,160.41,158.78,159.05,1033724.01,165097860.837,82374034.4282
2025-07-12 15:00:00+00:00,159.04,159.51,157.66,158.06,1484710.31,235268903.81,107711645.901
2025-07-12 16:00:00+00:00,158.06,159.39,157.83,158.67,682314.2,108348171.838,59673641.1859
2025-07-12 17:00:00+00:00,158.67,160.59,158.61,160.4,547454.79,87484409.9996,52372813.4947
2025-07-12 18:00:00+00:00,160.4,160.72,159.73,160.24,696876.48,111623873.002,59145464.587
2025-07-12 19:00:00+00:00,160.24,160.72,160.15,160.67,320495.44,51439649.3626,28624907.3084
2025-07-12 20:00:00+00:00,160.68,160.75,158.91,158.92,407672.83,65153203.6808,23528295.3596
2025-07-12 21:00:00+00:00,158.92,160.55,158.87,160.52,383538.44,61257730.5899,35877790.8092
2025-07-12 22:00:00+00:00,160.53,160.63,159.53,160.36,215122.54,34445741.3226,16187101.9721
2025-07-12 23:00:00+00:00,160.36,160.9,159.8,160.63,221052.15,35444464.6962,18441145.2796
2025-07-13 00:00:00+00:00,160.64,161.72,160.12,160.84,600867.35,96765141.0839,56058375.3102
2025-07-13 01:00:00+00:00,160.85,161.7,160.72,161.45,275180.69,44356326.6196,23864169.6242
2025-07-13 02:00:00+00:00,161.45,161.76,160.58,161.36,317287.17,51115021.9358,28073569.7906
2025-07-13 03:00:00+00:00,161.36,161.44,160.78,161.15,215780.15,34750255.2435,16576687.5259
2025-07-13 04:00:00+00:00,161.15,162.08,160.97,161.91,429207.61,69383969.7906,36425512.7332
2025-07-13 05:00:00+00:00,161.91,162.18,161.23,161.29,344706.98,55754882.9611,25959444.944
2025-07-13 06:00:00+00:00,161.29,162.08,161.2,161.53,278329.31,45008440.5939,23431880.1414
2025-07-13 07:00:00+00:00,161.53,162.7,161.4,162.57,370468.93,60069308.0082,34910172.7771
2025-07-13 08:00:00+00:00,162.57,162.66,161.58,162.17,323087.24,52362650.6546,22353889.2757
2025-07-13 09:00:00+00:00,162.17,162.44,161.5,161.84,291340.5,47175262.2544,20165933.0916
2025-07-13 10:00:00+00:00,161.83,162.04,161.53,161.75,227836.33,36861184.0724,17842130.4787
2025-07-13 11:00:00+00:00,161.76,162.68,161.67,161.99,538548.81,87329041.8511,42988392.0188
2025-07-13 12:00:00+00:00,161.98,162.8,161.7,162.57,519579.42,84278535.7712,42164723.2336
2025-07-13 13:00:00+00:00,162.57,162.92,161.85,162.82,592725.97,96291185.2877,46312873.3696
2025-07-13 14:00:00+00:00,162.83,164.12,162.25,162.72,1292320.61,210940057.651,108208605.093
2025-07-13 15:00:00+00:00,162.72,163.41,161.78,161.94,715577.5,116291538.716,55095330.965
2025-07-13 16:00:00+00:00,161.95,162.38,160.79,160.85,841027.33,135912702.849,57018537.3853
2025-07-13 17:00:00+00:00,160.85,162.74,160.5,162.62,762997.19,123190417.103,64618318.5583
2025-07-13 18:00:00+00:00,162.62,163.21,162.3,162.98,500793.53,81533184.2608,41701637.3049
2025-07-13 19:00:00+00:00,162.99,163.49,162.43,162.46,445240.2,72566014.6026,39763022.9032
2025-07-13 20:00:00+00:00,162.45,163.02,161.88,162.51,399274.7,64877986.3851,31456879.0326
2025-07-13 21:00:00+00:00,162.51,162.51,159.98,160.47,717523.41,115555093.088,52410398.4303
2025-07-13 22:00:00+00:00,160.47,160.99,159.55,160.69,754017.63,120847479.85,57012827.4732
2025-07-13 23:00:00+00:00,160.69,161.38,160.2,161.04,535018.4,86031004.5431,39367407.2649
2025-07-14 00:00:00+00:00,161.05,162.22,160.53,161.56,556227,89807694.0098,49972982.1424
2025-07-14 01:00:00+00:00,161.56,162.81,161.41,162.73,467759.59,75842118.2305,43568769.5175
2025-07-14 02:00:00+00:00,162.72,165.5,162.53,164.84,1372120.67,225251399.837,115055597.259
2025-07-14 03:00:00+00:00,164.85,168.27,164.64,167.08,2120087.73,353399175.151,180416744.945
2025-07-14 04:00:00+00:00,167.07,167.9,166.73,167.46,1222467.97,204575667.856,91438669.363
2025-07-14 05:00:00+00:00,167.45,168.66,165.29,166.76,2079813.75,347924484.797,180540359.954
2025-07-14 06:00:00+00:00,166.76,166.8,165.28,165.67,867792.59,144025073.767,71735041.8923
2025-07-14 07:00:00+00:00,165.67,169.76,165.62,167.21,1330540.99,222076159.763,129918836.903
2025-07-14 08:00:00+00:00,167.22,167.5,166,167.43,853065.43,142196059.841,68382677.7561
2025-07-14 09:00:00+00:00,167.44,168.11,167.01,167.33,780816.17,130817361.423,60983626.1823
2025-07-14 10:00:00+00:00,167.34,167.62,166.41,167.51,822084.25,137320300.696,70260529.1839
2025-07-14 11:00:00+00:00,167.51,167.64,166.24,166.51,776713.19,129653851.023,47597596.3035
2025-07-14 12:00:00+00:00,166.5,167.38,166.36,166.89,560219.46,93487569.0739,45339126.1116
2025-07-14 13:00:00+00:00,166.89,168.5,166.14,167.89,1201604.45,201136480.271,100083127.573
2025-07-14 14:00:00+00:00,167.89,168.64,165.39,166.69,1879278.18,313490582.009,144114292.564
2025-07-14 15:00:00+00:00,166.69,166.69,163,163.91,2031505.62,334478459.62,150546347.166
2025-07-14 16:00:00+00:00,163.9,165.29,163.25,165.17,1288371.83,211697167.481,112372013.201
2025-07-14 17:00:00+00:00,165.17,165.18,163.45,164.28,838854.75,137784723.922,65480136.8052
2025-07-14 18:00:00+00:00,164.28,164.47,162.52,162.69,795210.46,130046325.416,49771635.8976
2025-07-14 19:00:00+00:00,162.7,164.24,162.37,164.22,610750.79,99796006.8601,54875574.4429
2025-07-14 20:00:00+00:00,164.22,164.22,161.76,162.89,809796.93,131887843.268,61510811.361
2025-07-14 21:00:00+00:00,162.88,162.88,162.07,162.42,459797.19,74722017.5312,34143563.4312
2025-07-14 22:00:00+00:00,162.43,162.69,161.68,162.21,384711.55,62386552.338,32263960.4517
2025-07-14 23:00:00+00:00,162.21,162.35,161.57,162.13,375087.83,60758807.5598,32282772.2756
2025-07-15 00:00:00+00:00,162.12,162.82,161.04,161.32,664560.24,107520971.01,49044114.7959
2025-07-15 01:00:00+00:00,161.31,162.38,160.22,161.03,1195950.97,192754590.309,88610664.1173
2025-07-15 02:00:00+00:00,161.02,161.49,159.01,160.47,1313136.93,210209780.777,99664971.8269
2025-07-15 03:00:00+00:00,160.46,160.62,158.04,159.06,1445934.67,229911425.882,108355522.744
2025-07-15 04:00:00+00:00,159.06,160.15,158.19,160,915445.88,145972382.162,83446008.3589
2025-07-15 05:00:00+00:00,160.01,160.47,159.72,160.17,501864.35,80364818.3845,37949670.4981
2025-07-15 06:00:00+00:00,160.16,160.79,159.95,160.32,577895.39,92687257.96,46858064.9487
2025-07-15 07:00:00+00:00,160.32,160.63,159.27,159.46,582706.24,93183872.675,39764531.689
2025-07-15 08:00:00+00:00,159.46,159.57,158.31,159.15,760876.97,121035024.109,56057531.5225
2025-07-15 09:00:00+00:00,159.14,159.86,158.97,159.03,408008.98,65085289.6471,29617055.5342
2025-07-15 10:00:00+00:00,159.03,159.78,158.99,159.46,307736.81,49068814.3322,22889213.2083
2025-07-15 11:00:00+00:00,159.47,160.09,158.86,159.79,590547.11,94109547.8592,43678373.2324
2025-07-15 12:00:00+00:00,159.78,161,158.23,159.84,1371613.71,219005042.123,112441158.57
2025-07-15 13:00:00+00:00,159.84,161.98,159.65,161.17,1750197.69,281509963.878,136702793.61
2025-07-15 14:00:00+00:00,161.17,162.13,157.11,157.68,2224306.35,355139945.12,142892912.245
2025-07-15 15:00:00+00:00,157.69,160.88,157.2,160.4,1495507.79,237880599.05,118653104.64
2025-07-15 16:00:00+00:00,160.39,161.53,160.19,160.9,1028536.88,165559675.98,91356878.0645
2025-07-15 17:00:00+00:00,160.9,162.83,160.78,162.77,856123.63,138622021.552,80848600.2991
2025-07-15 18:00:00+00:00,162.78,163.66,160.73,161.78,1810075.85,293904015.198,130288618.706
2025-07-15 19:00:00+00:00,161.78,162.81,159.86,160.14,960205.56,154842560.072,70553004.6186
2025-07-15 20:00:00+00:00,160.13,161.21,159.62,160.64,579748.71,93022226.8604,51151501.0736
2025-07-15 21:00:00+00:00,160.64,162.62,160.49,161.87,465084.74,75214097.8541,39947911.7501
2025-07-15 22:00:00+00:00,161.88,162.5,161.3,162.5,371102.24,60045923.7304,31901687.7498
2025-07-15 23:00:00+00:00,162.5,164.26,162.49,163.99,912701.6,149474699.577,79070962.9682
2025-07-16 00:00:00+00:00,163.99,165.29,163.54,164.76,944863.3,155398262.679,80532459.6972
2025-07-16 01:00:00+00:00,164.76,164.83,163.78,163.95,591606.48,97236891.5477,40731757.8866
2025-07-16 02:00:00+00:00,163.95,164.14,161.5,162.1,988362.53,160704599.388,73469241.1498
2025-07-16 03:00:00+00:00,162.11,162.78,161.88,162.53,428378.1,69569313.6601,41168285.6965
2025-07-16 04:00:00+00:00,162.52,162.92,161.75,162.5,453859.83,73729570.7396,40999283.8463
2025-07-16 05:00:00+00:00,162.5,163.57,162.5,163.17,511764.36,83468902.0059,50043007.1589
2025-07-16 06:00:00+00:00,163.18,164.13,162.61,164.12,531715.78,86845767.6594,45453650.5304
2025-07-16 07:00:00+00:00,164.13,164.65,163.6,164.02,593293.59,97382073.1737,45603341.8856
2025-07-16 08:00:00+00:00,164.02,165.63,163.8,165.5,713281.83,117506105.118,58548048.7295
2025-07-16 09:00:00+00:00,165.5,167.59,165.48,167.27,2599832.33,433635426.526,210805796.518
2025-07-16 10:00:00+00:00,167.28,167.49,166,166.04,1140582.09,190273765.968,76767198.2746
2025-07-16 11:00:00+00:00,166.03,166.88,166.02,166.66,757736.1,126088257.624,70248588.6586
2025-07-16 12:00:00+00:00,166.67,167.54,166.53,166.62,904483.69,151127403.844,74040524.1285
2025-07-16 13:00:00+00:00,166.61,167.31,166.16,167.28,1075954,179430726.235,82705690.6985
2025-07-16 14:00:00+00:00,167.28,168.01,166.61,167.53,1984653.35,332298233.744,172539439.451
2025-07-16 15:00:00+00:00,167.53,168.82,165.34,168.42,2624423.22,438731133.177,209771170.665
2025-07-16 16:00:00+00:00,168.41,173.28,168.33,172.53,4260539.37,728822671.936,386005385.182
2025-07-16 17:00:00+00:00,172.52,174.63,172.03,173.63,1983796.64,343631662.636,175316361.667
2025-07-16 18:00:00+00:00,173.63,174.74,172.96,173.38,1661695.97,289183279.226,148680496.257
2025-07-16 19:00:00+00:00,173.39,174.48,172.54,174.13,1126912.24,195457876.662,102647222.695
2025-07-16 20:00:00+00:00,174.13,175.08,173.74,174.66,1224498.48,213708943.028,112197672.409
2025-07-16 21:00:00+00:00,174.65,176,173.9,174.45,1147888.4,200896755.203,99953025.0057
2025-07-16 22:00:00+00:00,174.45,175.85,173.43,173.82,1250814.91,218452414.592,100646554.479
2025-07-16 23:00:00+00:00,173.81,173.97,172.4,173.64,1151145.21,199470093.989,94469149.6046
2025-07-17 00:00:00+00:00,173.65,174.91,173,173.01,797963.3,138918848.063,65618091.6067
2025-07-17 01:00:00+00:00,173,173.39,169.52,171.48,1907665.63,327352587.331,149573853.209
2025-07-17 02:00:00+00:00,171.48,172.1,170.16,171.35,805387.79,138005775.278,69170306.522
2025-07-17 03:00:00+00:00,171.35,171.45,168.71,169.55,1161262.01,196998451.084,94506991.9481
2025-07-17 04:00:00+00:00,169.54,171.32,169.25,171.29,667645.46,113796002.539,66999413.4762
2025-07-17 05:00:00+00:00,171.29,172.11,170.39,171.94,811783.14,139123941.297,78015504.2767
2025-07-17 06:00:00+00:00,171.94,174,171.25,173.81,1627898.64,281369639.624,150238917.405
2025-07-17 07:00:00+00:00,173.8,174.12,171.69,173.99,1360053.25,235118035.126,108051036.886
2025-07-17 08:00:00+00:00,173.99,174.09,172.62,173.66,847353.75,146830598.738,65988026.4536
2025-07-17 09:00:00+00:00,173.66,178.17,173.44,177.16,2460725.15,433331098.989,242706583.563
2025-07-17 10:00:00+00:00,177.15,177.81,175.62,176.34,1698329.07,299829843.568,134217983.551
2025-07-17 11:00:00+00:00,176.34,176.8,175.14,176.14,1263387.05,222380321.856,96096468.3904
2025-07-17 12:00:00+00:00,176.14,177.56,174.58,176.74,2007199.05,353345034.438,171731072.419
2025-07-17 13:00:00+00:00,176.74,176.97,172.67,174.31,2431679.74,425052365.958,201522251.024
2025-07-17 14:00:00+00:00,174.3,175.3,173.41,174.83,1281191.66,223611608.168,111742374.133
2025-07-17 15:00:00+00:00,174.84,175.12,172.77,174.09,1079955.45,187771804.761,81134678.4298
2025-07-17 16:00:00+00:00,174.08,174.4,171.15,172.83,1619258.45,279329811.384,123483109.099
2025-07-17 17:00:00+00:00,172.82,174.37,172.21,174.17,944174.16,163602155.208,88799819.4749
2025-07-17 18:00:00+00:00,174.18,174.75,173.51,174.73,960892.59,167390525.632,79612222.2715
2025-07-17 19:00:00+00:00,174.73,175.36,172.75,173,1056278.29,184087011.924,75083553.9149
2025-07-17 20:00:00+00:00,173.01,173.65,171.28,173.42,1212678.81,209216212.14,94407142.1438
2025-07-17 21:00:00+00:00,173.43,176.49,173.4,175.45,2060594.82,361216684.517,191003072.44
2025-07-17 22:00:00+00:00,175.46,177.4,174.83,175.44,1158853.48,204053445.354,97256420.1677
2025-07-17 23:00:00+00:00,175.43,176.86,175.16,175.82,885047.82,155799402.827,68156939.1631
2025-07-18 00:00:00+00:00,175.81,179.88,175.22,179.76,1823326.67,324411185.315,162477222.016
2025-07-18 01:00:00+00:00,179.77,181.25,178.88,180.64,2254178.86,406033133.7,191965474.59
2025-07-18 02:00:00+00:00,180.64,180.67,178.86,179.68,981031.14,176111679.911,84187477.6146
2025-07-18 03:00:00+00:00,179.69,181.09,179.6,180.83,1284096.3,231707214.167,115379978.57
2025-07-18 04:00:00+00:00,180.83,182.06,179.89,181.92,1496369.31,271332907.406,156910231.478
2025-07-18 05:00:00+00:00,181.93,185,181.28,183.72,3344438.57,613710782.203,328769585.046
2025-07-18 06:00:00+00:00,183.71,184.01,182.3,183.61,1045641.62,191435350.695,92212419.6892
2025-07-18 07:00:00+00:00,183.61,184.4,181.07,181.14,1769207.14,323594069.293,140704815.748
2025-07-18 08:00:00+00:00,181.14,182.19,178.73,179.57,1902928.38,343327052.4,154977865.396
2025-07-18 09:00:00+00:00,179.56,180.2,178.9,180.11,1036149.92,186056082.15,106519817.832
2025-07-18 10:00:00+00:00,180.11,180.12,178.08,179.5,824473.77,147623792.036,66362477.8342
2025-07-18 11:00:00+00:00,179.5,179.6,177,178.52,1004479.01,178961388.555,71585247.4213
2025-07-18 12:00:00+00:00,178.53,180.2,178.36,180.19,905528.82,162321747.49,87699675.2575
2025-07-18 13:00:00+00:00,180.19,182.06,179.16,180.79,1699016.14,307103580.272,149465728.053
2025-07-18 14:00:00+00:00,180.78,181.6,176.71,178.5,2694534.83,481210197.972,211491473.479
2025-07-18 15:00:00+00:00,178.5,178.81,174.87,177,2188511.36,385988025.362,164298280.449
2025-07-18 16:00:00+00:00,176.99,179.09,176.14,178.37,1281166.89,227759125.321,120792359.428
2025-07-18 17:00:00+00:00,178.38,179.1,177.66,178.47,729192.9,130088642.862,66093330.9316
2025-07-18 18:00:00+00:00,178.47,178.8,177.48,177.93,631495.64,112492948.986,53300636.0176
2025-07-18 19:00:00+00:00,177.92,178.52,176.12,176.92,1019351.49,180579800.92,83592904.0304
2025-07-18 20:00:00+00:00,176.93,177.09,173.136,175.26,1866458.71,326336188.113,141922704.937
2025-07-18 21:00:00+00:00,175.26,176.98,175.14,175.91,747154.87,131748274.181,67023242.9398
2025-07-18 22:00:00+00:00,175.91,176.95,174.81,175.88,697134.26,122694203.356,59935989.4707
2025-07-18 23:00:00+00:00,175.88,177.5,175.07,177.21,681666.6,120429789.636,68282389.9826
2025-07-19 00:00:00+00:00,177.22,177.39,175.05,175.15,650415.33,114840132.983,43117409.0429
2025-07-19 01:00:00+00:00,175.16,176.75,173.94,176.59,656706.3,115149223.437,57680383.6557
2025-07-19 02:00:00+00:00,176.59,177.26,175.65,177.13,447003.87,78975842.7827,44919508.0401
2025-07-19 03:00:00+00:00,177.13,177.72,176.86,177.44,587203.57,104125338.644,53758076.3595
2025-07-19 04:00:00+00:00,177.45,177.68,177.01,177.3,398943.18,70763002.4651,28772374.9695
2025-07-19 05:00:00+00:00,177.3,177.79,176.77,177.52,620435.57,110029509.728,40600308.5432
2025-07-19 06:00:00+00:00,177.52,177.63,176.1,176.26,468018.96,82739517.3114,35124138.0459
2025-07-19 07:00:00+00:00,176.25,177.34,176.13,176.98,330621.24,58445878.2601,32858758.3033
2025-07-19 08:00:00+00:00,176.98,177.14,175.35,176,506546.11,89157335.6178,35238765.6247
2025-07-19 09:00:00+00:00,176,177,175.78,176.67,262472.22,46319624.512,25278709.8061
2025-07-19 10:00:00+00:00,176.67,177.64,176.43,177.37,358781.41,63564606.2511,34964315.2898
2025-07-19 11:00:00+00:00,177.37,177.79,176.16,176.58,579852.57,102615159.939,50281371.8558
2025-07-19 12:00:00+00:00,176.57,177.42,175.66,177.35,591752.35,104362794.786,51983439.0114
2025-07-19 13:00:00+00:00,177.34,177.85,176.91,177.46,597627.34,106066854.447,49299254.6866
2025-07-19 14:00:00+00:00,177.47,177.87,174.73,175,1050911.32,185082538.44,80206302.9156
2025-07-19 15:00:00+00:00,174.99,177.45,174.83,177.37,854289.89,150728893.824,71715686.6964
2025-07-19 16:00:00+00:00,177.37,177.87,176.43,177.54,718538.73,127482024.506,57717019.0112
2025-07-19 17:00:00+00:00,177.55,177.81,176.11,176.31,453878.29,80332861.4494,33162152.097
2025-07-19 18:00:00+00:00,176.32,177.52,176.15,176.81,389039.25,68837185.1878,34638291.391
2025-07-19 19:00:00+00:00,176.82,178.1,176.18,177.04,710607.81,125863094.917,64655420.8133
2025-07-19 20:00:00+00:00,177.04,178.62,176.96,177.42,1715215.8,305390569.387,124311891.688
2025-07-19 21:00:00+00:00,177.42,177.79,175.05,175.89,1022040.63,179804583.516,92295346.6211
2025-07-19 22:00:00+00:00,175.89,176.54,175.26,176.37,412856.06,72643024.9051,34163693.7269
2025-07-19 23:00:00+00:00,176.37,177.08,176.15,176.93,353718.42,62488141.4083,32305661.2255
2025-07-20 00:00:00+00:00,176.93,177.93,176.3,177.65,423540.2,75045855.0545,37733434.1214
2025-07-20 01:00:00+00:00,177.65,179.78,177.58,177.86,7930317.8,1419345748.85,483679134.069
2025-07-20 02:00:00+00:00,177.85,177.95,176.95,177.52,591019.2,104914845.829,55086940.644
2025-07-20 03:00:00+00:00,177.52,178.77,177.13,177.93,679152.97,120935872.549,65566098.6356
2025-07-20 04:00:00+00:00,177.93,178.53,177.43,177.55,458690.7,81608249.0558,41458792.9028
2025-07-20 05:00:00+00:00,177.56,177.98,177.06,177.77,319531.46,56709078.2401,26707685.8149
2025-07-20 06:00:00+00:00,177.77,177.78,176.9,177.31,316918.1,56177616.14,28127355.5165
2025-07-20 07:00:00+00:00,177.31,178.65,177.2,177.91,853457.58,152074278.186,65668049.7835
2025-07-20 08:00:00+00:00,177.91,180.72,177.91,180.7,1196648.39,214639778.124,118808488.252
2025-07-20 09:00:00+00:00,180.69,181.58,179.62,179.76,1240235.44,224000891.932,107698777.834
2025-07-20 10:00:00+00:00,179.76,180.46,179.42,179.61,590557.69,106244198.715,48950531.2507
2025-07-20 11:00:00+00:00,179.6,181.03,179.31,180.43,726622.7,130971221.762,65640022.0666
2025-07-20 12:00:00+00:00,180.43,181.97,179.94,181.79,1021506.39,184847262.271,93321235.6786
2025-07-20 13:00:00+00:00,181.79,183.17,181.57,183.04,1282463.4,233902044.563,123770527.759
2025-07-20 14:00:00+00:00,183.02,183.09,180.69,180.8,1634380.72,296970308.763,137401831.019
2025-07-20 15:00:00+00:00,180.8,182,180.03,181.92,1126527.83,203787032.06,101231048.073
2025-07-20 16:00:00+00:00,181.93,183.25,181.62,182.08,1352326.42,246670913.102,114967731.121
2025-07-20 17:00:00+00:00,182.08,182.08,180.2,180.53,1453508.18,262971553.766,109661307.18
2025-07-20 18:00:00+00:00,180.52,182.58,180.13,182.2,731378.93,132386845.563,72053644.5446
2025-07-20 19:00:00+00:00,182.19,183.67,181.61,181.95,872321.76,159263456.382,70120091.7238
2025-07-20 20:00:00+00:00,181.94,182.22,180.41,181.22,690250.65,125050293.991,61282404.7074
2025-07-20 21:00:00+00:00,181.23,182.31,180.62,182.27,443219.19,80415799.1598,41364818.7208
2025-07-20 22:00:00+00:00,182.28,182.36,177.61,180.46,1989035.62,357140280.729,158538862.209
2025-07-20 23:00:00+00:00,180.46,181.64,179.37,181.42,799885.28,144359980.962,70848712.28
2025-07-21 00:00:00+00:00,181.42,181.74,178.36,180.23,1296499.39,232953246.622,98452523.3372
2025-07-21 01:00:00+00:00,180.23,180.54,178.18,180.07,915503.75,164250443.517,68037811.7392
2025-07-21 02:00:00+00:00,180.07,184.72,180.05,184.37,1792823.77,327341562.79,184829554.137
2025-07-21 03:00:00+00:00,184.36,187.11,183.92,186.72,2538742.89,471749267.254,249720732.456
2025-07-21 04:00:00+00:00,186.71,187.29,185.75,185.77,988461.45,184286573.762,79334754.3925
2025-07-21 05:00:00+00:00,185.77,189,185.07,188.31,1541043.27,288185457.971,162394019.04
2025-07-21 06:00:00+00:00,188.31,189.84,187.91,189.28,1743803.63,329526199.404,159274982.975
2025-07-21 07:00:00+00:00,189.28,191.1,189.14,190.1,1438907.39,273219312.892,137082243.588
2025-07-21 08:00:00+00:00,190.09,192.12,189.68,190.89,2150684.3,410340388.641,190528350.439
2025-07-21 09:00:00+00:00,190.89,191.85,190.1,191.7,1338684.47,255603774.877,119981267.676
2025-07-21 10:00:00+00:00,191.69,192.08,190.91,191.39,1370902.69,262469800.668,135788407.585
2025-07-21 11:00:00+00:00,191.38,193.27,190.86,191.58,1637687.95,314556553.17,167204036.986
2025-07-21 12:00:00+00:00,191.58,192,190.4,191.66,1268558.44,242459752.707,113000064.792
2025-07-21 13:00:00+00:00,191.67,193.62,190.32,192.55,1589112.43,305387926.41,157540136.344
2025-07-21 14:00:00+00:00,192.56,195.53,191.42,195.41,2376928.93,461082697.338,238687197.362
2025-07-21 15:00:00+00:00,195.4,199.48,195.21,196.88,4794535.48,945300657.234,475033422.081
2025-07-21 16:00:00+00:00,196.89,197.13,193,195.25,3246050.8,632952263.919,297899991.638
2025-07-21 17:00:00+00:00,195.25,196.78,194.58,196.27,1357656.23,265739144.702,134030807.484
2025-07-21 18:00:00+00:00,196.27,197.42,193.44,193.82,1561119.39,304637555.141,133981832.051
2025-07-21 19:00:00+00:00,193.81,195.59,193.05,194.69,1617329.56,314049753.248,154499682.289
2025-07-21 20:00:00+00:00,194.69,196.62,193.71,193.92,1439146.32,281253017.818,130499114.167
2025-07-21 21:00:00+00:00,193.92,196.69,193.65,196.15,697542.52,136211196.764,73549250.2782
2025-07-21 22:00:00+00:00,196.14,197.88,195.56,197.32,710666.17,139874072.213,75534343.8005
2025-07-21 23:00:00+00:00,197.32,197.52,195.55,195.75,705741.27,138725186.851,56375712.4064
2025-07-22 00:00:00+00:00,195.75,199.2,195.75,197.64,1767729.22,349429893.747,188385439.916
2025-07-22 01:00:00+00:00,197.63,202.5,193.74,202.14,4850906.93,964333314.79,497546910.441
2025-07-22 02:00:00+00:00,202.14,204.76,201.03,201.97,3299841.89,669892932.34,327476033.362
2025-07-22 03:00:00+00:00,201.97,203.11,197.43,200.11,3426899.27,686141161.449,309608197.705
2025-07-22 04:00:00+00:00,200.11,200.22,194.1,194.35,2751349.31,543124035.427,226266685.996
2025-07-22 05:00:00+00:00,194.36,199.15,194.36,196.59,2374191.15,467569654.933,240347992.032
2025-07-22 06:00:00+00:00,196.6,200.77,196,199.04,1698253.08,338072625.781,170111409.093
2025-07-22 07:00:00+00:00,199.05,201.29,197.42,198.1,1844326.03,367990484.371,167805892.762
2025-07-22 08:00:00+00:00,198.1,198.1,194.03,196.97,2586163.09,506666582.467,238144298.484
2025-07-22 09:00:00+00:00,196.97,199.17,194.32,197.32,2011122.7,396041749.207,194178382.279
2025-07-22 10:00:00+00:00,197.31,199.17,197.17,199.13,813391.05,161271706.991,79703098.4537
2025-07-22 11:00:00+00:00,199.13,200.28,197.69,199.95,1160903.83,231122803.267,118288466.254
2025-07-22 12:00:00+00:00,199.94,203.72,199.06,203.09,2157970.51,434368101.233,224487079.027
2025-07-22 13:00:00+00:00,203.09,204.24,198.23,199.05,4187487.79,842490505.767,382497833.575
2025-07-22 14:00:00+00:00,199.06,202.28,196.89,202.18,2484016.78,495530508.064,253820022.986
2025-07-22 15:00:00+00:00,202.18,205.17,201.3,201.86,3518175.27,715782955.401,347790493.334
2025-07-22 16:00:00+00:00,201.85,204.35,200.79,203.86,1785869.08,362617990.782,204111149.34
2025-07-22 17:00:00+00:00,203.86,203.99,200.83,202.96,1718511.4,347708221.156,164933631.815
2025-07-22 18:00:00+00:00,202.96,204.06,201.3,202.6,1617095.41,327504127.717,158198422.953
2025-07-22 19:00:00+00:00,202.6,202.8,198.4,198.93,1505077.05,301683421.526,135400579.923
2025-07-22 20:00:00+00:00,198.94,201.46,198.41,200.71,1079866.47,216048280.185,124125261.787
2025-07-22 21:00:00+00:00,200.71,202,199.86,201.45,610901.33,122628324.459,53946330.0285
2025-07-22 22:00:00+00:00,201.45,202.9,201.41,201.96,677216.23,136905612.184,58553830.5792
2025-07-22 23:00:00+00:00,201.95,206.44,201.91,205.78,1677761.68,343335524.322,172794059.782
2025-07-23 00:00:00+00:00,205.79,205.86,203.47,204.39,1436159.36,293900157.967,135722179.819
2025-07-23 01:00:00+00:00,204.39,204.68,202.7,203.14,895422.45,182258810.398,87746865.5034
2025-07-23 02:00:00+00:00,203.13,203.47,201.68,202.4,933518.92,189081422.557,91867548.8414
2025-07-23 03:00:00+00:00,202.41,202.83,201.04,201.52,708611.6,143078403.92,74737627.9805
2025-07-23 04:00:00+00:00,201.51,202.35,201.11,201.76,602344.41,121508602.41,67662943.2795
2025-07-23 05:00:00+00:00,201.76,202.24,200.9,201.65,645362.9,129993154.336,61644485.1463
2025-07-23 06:00:00+00:00,201.65,202,199.75,200.67,1088185.28,218450864.842,90459629.4249
2025-07-23 07:00:00+00:00,200.67,201.18,198.89,199.5,954868.37,190928677.06,77981091.1724
2025-07-23 08:00:00+00:00,199.5,199.89,198.6,199.87,786659.45,156739898.195,80672232.1593
2025-07-23 09:00:00+00:00,199.87,200.08,197.53,197.69,1018266.64,202085353.938,89655468.7008
2025-07-23 10:00:00+00:00,197.68,198.06,196,197.95,1568193.91,309087826.56,156006747.487
2025-07-23 11:00:00+00:00,197.95,198.25,196.9,197.44,646261.23,127700057.741,63537796.3335
2025-07-23 12:00:00+00:00,197.45,197.62,193.6,194.24,2048799.75,400291394.652,163988434.185
2025-07-23 13:00:00+00:00,194.24,194.9,187.61,189.18,6203249.21,1186074078.76,530247665.091
2025-07-23 14:00:00+00:00,189.18,192.38,188.7,191.59,3311433.06,631982148.175,307830254.588
2025-07-23 15:00:00+00:00,191.58,192.8,189.61,192.72,1486679.4,284302029.923,147970755.036
2025-07-23 16:00:00+00:00,192.73,192.74,187.91,188.28,2028993.54,386129756.487,167628528.003
2025-07-23 17:00:00+00:00,188.27,189.29,186,188.69,2952268.64,553838665.649,273411787.842
2025-07-23 18:00:00+00:00,188.69,190.32,188.16,190.23,1341893.12,254198586.436,134039846.618
2025-07-23 19:00:00+00:00,190.22,190.28,188,188.06,986812.16,186618768.277,84734934.8272
2025-07-23 20:00:00+00:00,188.07,189.79,184.47,186.79,2546712.54,475106782.482,227772842.366
2025-07-23 21:00:00+00:00,186.78,188.34,184,187.97,1597619.79,297441660.717,140246176.123
2025-07-23 22:00:00+00:00,187.96,189.69,186.5,189.07,1010221.37,190467610.593,107120994.293
2025-07-23 23:00:00+00:00,189.07,190.07,188.86,189.4,535201.54,101454147.238,50570604.9427
2025-07-24 00:00:00+00:00,189.4,190.98,188.49,190.96,1120010.32,212990219.529,117326733.183
2025-07-24 01:00:00+00:00,190.96,191.55,189.18,191.52,781927.59,148851723.387,71137717.0705
2025-07-24 02:00:00+00:00,191.51,191.66,190.36,191.12,629136.98,120181500.904,58334978.6024
2025-07-24 03:00:00+00:00,191.12,191.87,189.63,189.87,669552.51,127775510.615,54694182.8672
2025-07-24 04:00:00+00:00,189.87,190.14,185.35,186.03,1961975.36,368223483.441,150554876.996
2025-07-24 05:00:00+00:00,186.04,186.21,181,181.84,3138669.37,577627547.319,251860186.072
2025-07-24 06:00:00+00:00,181.84,184.1,179.73,181.05,3008386.34,547305727.132,264196539.677
2025-07-24 07:00:00+00:00,181.04,184.33,179.2,184.15,2594840.26,472507140.025,251424198.716
2025-07-24 08:00:00+00:00,184.15,186.34,183.22,186.01,1632036.52,302138115.471,165373969.091
2025-07-24 09:00:00+00:00,186.01,186.45,184.42,185.21,1265273.87,234650507.37,106821624.161
2025-07-24 10:00:00+00:00,185.21,186.29,182.92,184.89,1511054.16,278556455.96,128685923.408
2025-07-24 11:00:00+00:00,184.89,186.94,184.87,186.38,1016325.73,189027960.775,105723358.821
2025-07-24 12:00:00+00:00,186.37,186.85,184.57,185.98,1156691.9,214752909.967,101102524.22
2025-07-24 13:00:00+00:00,185.98,187.41,184.29,184.55,1328887.46,247215245.773,122137343.461
2025-07-24 14:00:00+00:00,184.55,190.04,183.34,189.49,2514730.06,469956590.48,253198487.116
2025-07-24 15:00:00+00:00,189.48,191.7,187.48,188.47,2879594.32,545410313.251,251060840.172
2025-07-24 16:00:00+00:00,188.48,188.8,184.77,185.78,1895864.79,353509548.659,155183183.559
2025-07-24 17:00:00+00:00,185.78,189.56,185.64,188.73,1195041.88,224628341.883,118938658.195
2025-07-24 18:00:00+00:00,188.72,189.84,187.69,189.21,1184695.19,223850558.192,98231583.1647
2025-07-24 19:00:00+00:00,189.21,190,187.8,187.94,709465.75,133936484.337,63411868.9227
2025-07-24 20:00:00+00:00,187.93,189.02,187.52,188.79,469777.71,88439565.0557,42977622.2784
2025-07-24 21:00:00+00:00,188.79,188.82,185.5,185.52,827100.27,154547086.867,66433260.7728
2025-07-24 22:00:00+00:00,185.52,185.81,183.31,183.64,1497181.59,275881798.574,128716044.092
2025-07-24 23:00:00+00:00,183.63,183.63,181.92,182.8,971800.54,177619955.699,83324240.6971
2025-07-25 00:00:00+00:00,182.81,183.1,180.5,181.86,1377853.64,250265925.822,123923117.767
2025-07-25 01:00:00+00:00,181.86,183.48,180.69,182.86,1292369.63,235443080.306,132800418.26
2025-07-25 02:00:00+00:00,182.87,183.43,178.39,178.74,1830420.1,330414746.303,131307059.993
2025-07-25 03:00:00+00:00,178.75,179.68,175.5,177.64,2995632.64,532166794.246,241641654.305
2025-07-25 04:00:00+00:00,177.63,179.57,176,179.41,1818361.38,323513116.501,183534207.414
2025-07-25 05:00:00+00:00,179.4,179.7,177.86,178.62,884622.56,158115085.074,70075436.2175
2025-07-25 06:00:00+00:00,178.62,178.86,177.19,178.06,1042494.41,185550640.03,78468764.5468
2025-07-25 07:00:00+00:00,178.05,178.82,175.8,177.43,1591742.31,282105462.055,144193855.586
2025-07-25 08:00:00+00:00,177.44,179.3,176.75,177.77,1603813.29,285465803.715,150223617.614
2025-07-25 09:00:00+00:00,177.78,180.83,177.28,180.76,1685484.88,302404896.354,159940498.651
2025-07-25 10:00:00+00:00,180.75,181.6,179.67,180.67,1022254.09,184640047.028,88470168.5288
2025-07-25 11:00:00+00:00,180.67,182.03,180.66,181.03,779907.5,141386854.646,70627010.5446
2025-07-25 12:00:00+00:00,181.02,181.84,179.9,180.71,986239.03,178299735.548,81040905.2864
2025-07-25 13:00:00+00:00,180.72,181.4,179.5,181.12,1057028.06,190666296.916,86548862.8627
2025-07-25 14:00:00+00:00,181.12,181.31,176.28,176.55,2846316.98,507054643.718,243128174.926
2025-07-25 15:00:00+00:00,176.56,178.56,176.14,178.13,1504803.54,267042640.376,134534812.643
2025-07-25 16:00:00+00:00,178.13,179.94,177.39,179.65,1281973.72,228962252.271,124842502.889
2025-07-25 17:00:00+00:00,179.64,181.08,179.3,180.66,1131443.67,203773353.055,104493796.68
2025-07-25 18:00:00+00:00,180.66,182.7,180.61,182.27,829750.09,150875226.866,82152626.0496
2025-07-25 19:00:00+00:00,182.27,182.83,181.71,182.12,557341.65,101603274.396,49467546.8145
2025-07-25 20:00:00+00:00,182.12,184.42,182.02,183.75,785336.39,144040241.281,80294392.8502
2025-07-25 21:00:00+00:00,183.76,185.31,183.75,185.03,702993.26,129795942.192,69420563.8367
2025-07-25 22:00:00+00:00,185.03,186.18,184.85,186.03,680224.01,126230886.324,63000008.7237
2025-07-25 23:00:00+00:00,186.03,186.79,185.54,186.69,403384.8,75061293.8433,30904243.289
2025-07-26 00:00:00+00:00,186.69,186.9,185.6,185.86,514385.37,95781480.4981,38223898.7345
2025-07-26 01:00:00+00:00,185.86,186.07,184.44,184.46,577805.07,107045910.531,38115003.594
2025-07-26 02:00:00+00:00,184.46,186.82,184.46,186.46,725630.85,134946417.332,82357701.172
2025-07-26 03:00:00+00:00,186.46,186.61,185.64,185.96,310844.35,57828401.7431,25949402.0253
2025-07-26 04:00:00+00:00,185.96,186.4,185.65,185.93,259584.95,48288089.6074,20683592.772
2025-07-26 05:00:00+00:00,185.92,187.14,185.6,186.69,396741.71,73965055.5393,42185058.4076
2025-07-26 06:00:00+00:00,186.7,186.73,185.84,186.04,279667.38,52079118.2472,20593918.957
2025-07-26 07:00:00+00:00,186.04,186.84,186.03,186.41,250501.2,46697510.0334,23477168.8291
2025-07-26 08:00:00+00:00,186.41,187.99,186.41,187.96,549552.94,102905993.951,60221482.2591
2025-07-26 09:00:00+00:00,187.97,189.16,187.42,188.94,933487.36,175832065.355,94570825.9106
2025-07-26 10:00:00+00:00,188.94,189.75,188.09,188.22,954186.81,180394950.558,80140488.5115
2025-07-26 11:00:00+00:00,188.21,188.5,187.24,187.69,858101.65,161183692.569,66634127.0123
2025-07-26 12:00:00+00:00,187.69,188.44,187.21,187.84,502553.74,94441837.3526,50870158.4406
2025-07-26 13:00:00+00:00,187.84,188.17,187.21,187.48,471577.52,88477629.2443,40573199.4024
2025-07-26 14:00:00+00:00,187.48,187.91,186.1,186.37,728447.75,136236551.693,49565864.002
2025-07-26 15:00:00+00:00,186.38,187.71,185.96,187.5,749978.03,140100773.729,68930428.0892
2025-07-26 16:00:00+00:00,187.5,187.77,186.41,186.78,541918.13,101376386.45,47059159.7209
2025-07-26 17:00:00+00:00,186.79,186.89,185.32,185.59,789748.81,146810035.075,64562639.7193
2025-07-26 18:00:00+00:00,185.6,186.37,184.99,185.96,427475.33,79424441.4721,42647247.7493
2025-07-26 19:00:00+00:00,185.95,186.63,185.77,186.38,298104.47,55497347.216,28245432.1972
2025-07-26 20:00:00+00:00,186.38,186.45,185.25,185.85,314864.34,58497118.5451,26186283.2031
2025-07-26 21:00:00+00:00,185.85,186.43,185.38,186.32,236864.07,44012656.0983,23582700.3529
2025-07-26 22:00:00+00:00,186.32,186.75,184.75,185.03,631949.64,117291705.016,47610277.8044
2025-07-26 23:00:00+00:00,185.03,185.05,184.19,184.82,516282.27,95330596.615,36179744.519
2025-07-27 00:00:00+00:00,184.82,185.47,184.47,185.44,327053.55,60506618.9222,31868834.9564
2025-07-27 01:00:00+00:00,185.44,186.54,185.07,186.25,483447.38,89953920.1723,56269529.0015
2025-07-27 02:00:00+00:00,186.24,187.11,185.76,187.07,349315.09,65141398.6304,36741574.0953
2025-07-27 03:00:00+00:00,187.07,187.6,186.18,187.14,533389.56,99736449.8376,43971407.8424
2025-07-27 04:00:00+00:00,187.15,187.54,186.6,187.44,311783.23,58326080.3457,29047015.711
2025-07-27 05:00:00+00:00,187.44,188.3,187.22,187.8,529774.37,99466713.4653,49817150.8874
2025-07-27 06:00:00+00:00,187.8,187.98,186.95,186.99,329555.82,61739882.8191,27845295.1531
2025-07-27 07:00:00+00:00,187,187.83,186.53,187.15,430637.29,80671850.1546,39438259.0854
2025-07-27 08:00:00+00:00,187.15,187.44,186.18,186.65,496146.87,92606283.3695,38737020.1146
2025-07-27 09:00:00+00:00,186.66,187.3,186.11,186.3,342600.09,63999914.5737,28262320.9538
2025-07-27 10:00:00+00:00,186.31,188.42,186.26,187.58,639360.3,119877572.98,63360308.0233
2025-07-27 11:00:00+00:00,187.59,188.53,186.72,186.94,696502.5,130763871.913,64127419.7465
2025-07-27 12:00:00+00:00,186.95,187.3,185.38,186.35,783260.34,145933310.598,70538500.5921
2025-07-27 13:00:00+00:00,186.34,186.71,185.4,185.68,492352.72,91626901.552,41041130.495
2025-07-27 14:00:00+00:00,185.67,186.45,185.07,185.7,552161.56,102575802.458,53767043.9707
2025-07-27 15:00:00+00:00,185.71,186.43,184.8,186.38,525146.42,97446856.3969,48402891.2905
2025-07-27 16:00:00+00:00,186.38,189.7,186.3,187.58,1766076.95,332482789.14,162908846.111
2025-07-27 17:00:00+00:00,187.58,188.29,185.87,187.99,1160333.92,216993805.923,115202099.796
2025-07-27 18:00:00+00:00,187.99,188.72,187.37,188.32,688109.15,129493425.461,60241781.2448
2025-07-27 19:00:00+00:00,188.31,188.52,186.8,186.89,329841.45,61859134.2655,26972316.2442
2025-07-27 20:00:00+00:00,186.89,188.15,186.6,187.06,304615.52,57091297.9345,30248265.2293
2025-07-27 21:00:00+00:00,187.07,187.9,186.27,187.9,301944.8,56442488.8432,28390733.9193
2025-07-27 22:00:00+00:00,187.9,190.67,187.75,188.87,1291906.55,245007638.732,117160041.41
2025-07-27 23:00:00+00:00,188.86,189.04,187.11,188.55,831528.6,156312815.274,82192170.1629
2025-07-28 00:00:00+00:00,188.56,191.09,188.02,189.62,941132.73,178608986.375,87393413.6253
2025-07-28 01:00:00+00:00,189.63,190.1,187.55,188.2,710869.14,134105576.449,64429978.0109
2025-07-28 02:00:00+00:00,188.21,191.96,187.8,191.54,1425169.89,271656139.478,138925298.863
2025-07-28 03:00:00+00:00,191.54,193.79,191.21,193.29,1387573.36,267105520.377,135375064.944
2025-07-28 04:00:00+00:00,193.29,194.02,192.45,193.04,961254.84,185602028.326,90093823.4016
2025-07-28 05:00:00+00:00,193.04,195.32,192.66,194.3,986085.38,191123477.846,102811759.228
2025-07-28 06:00:00+00:00,194.31,194.49,193.52,193.97,701712.92,136062884.145,63286123.9139
2025-07-28 07:00:00+00:00,193.98,194.06,191.56,192.29,1152457.13,221699169.262,104336650.822
2025-07-28 08:00:00+00:00,192.29,192.78,191.2,192.54,623309.68,119681352.931,58774129.301
2025-07-28 09:00:00+00:00,192.53,193.31,191.75,193.09,533385.59,102750153.897,47209370.9534
2025-07-28 10:00:00+00:00,193.09,193.25,191.64,192.24,531655.48,102286757.919,50382097.7825
2025-07-28 11:00:00+00:00,192.24,192.28,190.6,191.96,676037.66,129339876.673,58565021.5761
2025-07-28 12:00:00+00:00,191.96,193.49,191.31,192.82,861134.96,165887493.514,89488053.7522
2025-07-28 13:00:00+00:00,192.83,192.91,189.23,190.16,1946698.13,371267086.694,170949397.964
2025-07-28 14:00:00+00:00,190.16,190.66,186.66,187.46,2579620.34,485372098.554,205045498.284
2025-07-28 15:00:00+00:00,187.47,189.02,186.48,187.14,1140580.83,214247800.313,110648082.948
2025-07-28 16:00:00+00:00,187.13,187.95,186.05,186.59,1050092.54,196244412.813,91481148.5333
2025-07-28 17:00:00+00:00,186.59,187.38,185.24,185.84,1093469.73,203576017.163,85440627.7439
2025-07-28 18:00:00+00:00,185.84,186.19,183.36,185.08,2027888,374374536.395,167123994.907
2025-07-28 19:00:00+00:00,185.07,186.38,183.55,185.2,1280227.73,236962326.055,121563356.425
2025-07-28 20:00:00+00:00,185.21,185.49,182.52,184.12,1335449.78,245587461.049,104619163.605
2025-07-28 21:00:00+00:00,184.11,185.11,183.24,184.17,566979.44,104500064.726,54476172.7667
2025-07-28 22:00:00+00:00,184.17,184.56,182.06,183.57,814643.9,149277592.094,72769241.7486
2025-07-28 23:00:00+00:00,183.58,183.98,182.12,183.03,613029.7,112346802.662,54286685.845
2025-07-29 00:00:00+00:00,183.03,184.62,180.67,182.73,1426837.54,260761192.869,119849780.495
2025-07-29 01:00:00+00:00,182.74,183.95,181.57,181.67,567534.32,103850316.868,51252090.7996
2025-07-29 02:00:00+00:00,181.68,182.36,180.5,182.2,958862.68,174045012.49,86234235.4163
2025-07-29 03:00:00+00:00,182.21,184.66,182.17,184.27,874995.89,160579542.65,92937208.6692
2025-07-29 04:00:00+00:00,184.27,184.72,183.14,183.32,566628.61,104258379.232,45180342.029
2025-07-29 05:00:00+00:00,183.33,184.8,183.13,184.79,493133.08,90799754.6151,48121979.622
2025-07-29 06:00:00+00:00,184.79,185.52,184.41,184.72,697659.79,129068294.319,65781045.7588
2025-07-29 07:00:00+00:00,184.72,186.5,184.72,185.96,860103.14,159702684.521,85918621.1458
2025-07-29 08:00:00+00:00,185.96,186.44,184.74,184.83,616423.99,114363476.349,53715795.7865
2025-07-29 09:00:00+00:00,184.84,185.14,184.13,184.52,509639.75,94107784.7964,42596996.0732
2025-07-29 10:00:00+00:00,184.52,184.72,182.16,182.3,937981.53,171967730.917,76261852.4603
2025-07-29 11:00:00+00:00,182.29,183.45,182.27,182.83,423898.27,77492726.2531,41844476.4739
2025-07-29 12:00:00+00:00,182.84,184.45,182.47,183.8,680591.19,124968320.338,65467452.1511
2025-07-29 13:00:00+00:00,183.8,184.93,182.1,182.62,1162772.72,213625588.759,101029096.887
2025-07-29 14:00:00+00:00,182.62,182.73,179.55,180.31,2507631.12,453657049.153,198600992.294
2025-07-29 15:00:00+00:00,180.3,181.4,179.1,180.71,1579682.27,284721512.053,139398706.172
2025-07-29 16:00:00+00:00,180.7,180.88,178.18,180,1869359.17,335410357.678,166084485.146
2025-07-29 17:00:00+00:00,180,181.64,179.72,181.4,939084.28,169866904.051,81470670.5034
2025-07-29 18:00:00+00:00,181.39,182.05,180.6,181.38,435313.99,78978904.6388,36989340.9513
2025-07-29 19:00:00+00:00,181.38,182.33,180.25,181,759185.88,137674064.93,61156629.9181
2025-07-29 20:00:00+00:00,180.99,181.82,179.45,179.99,938780.55,169417081.756,89499398.6367
2025-07-29 21:00:00+00:00,180,181.56,179.2,181.16,495087.14,89186946.7143,43811574.2352
2025-07-29 22:00:00+00:00,181.17,181.75,180.31,181.62,377259.93,68321207.539,27878875.0721
2025-07-29 23:00:00+00:00,181.63,181.9,180.82,181.39,322373.45,58476538.8285,25983325.2633
2025-07-30 00:00:00+00:00,181.38,181.5,179.2,180.13,606811.24,109366975.123,54638479.6186
2025-07-30 01:00:00+00:00,180.13,181.86,178.71,181.29,891947.04,160923081.539,79104955.1087
2025-07-30 02:00:00+00:00,181.29,182.29,181.01,181.68,562845.46,102287319.359,53089769.2197
2025-07-30 03:00:00+00:00,181.67,182.17,181.24,181.6,307892.78,55942521.5644,25577673.7172
2025-07-30 04:00:00+00:00,181.6,182.03,180.08,180.22,480986.68,87015005.5613,35226470.7828
2025-07-30 05:00:00+00:00,180.22,181.17,179.23,180.93,729613.85,131434072.24,59735254.1552
2025-07-30 06:00:00+00:00,180.93,182,180.7,181.92,462854.46,83937408.3111,44721228.7678
2025-07-30 07:00:00+00:00,181.91,182.48,180.27,180.74,723015.93,131177861.727,58905360.1309
2025-07-30 08:00:00+00:00,180.74,181.44,179.75,180.46,735174.92,132684002.243,63116361.8687
2025-07-30 09:00:00+00:00,180.46,180.86,178.58,179.03,950688.69,170556078.115,80965976.8121
2025-07-30 10:00:00+00:00,179.02,180.03,177.61,177.92,922163,164923361.455,65091378.4621
2025-07-30 11:00:00+00:00,177.92,178.62,176.31,177.21,1627540.49,288387785.683,126431776.328
2025-07-30 12:00:00+00:00,177.2,177.98,176.56,177.44,1126765.84,199779955.064,99757076.743
2025-07-30 13:00:00+00:00,177.43,178.18,176.56,177.9,1172661.54,208047406.22,101987631.662
2025-07-30 14:00:00+00:00,177.9,180.5,177.62,180,1295229.4,231901833.821,125991275.076
2025-07-30 15:00:00+00:00,180.01,180.3,178.13,179.12,809735.52,145056561.693,63091690.3076
2025-07-30 16:00:00+00:00,179.11,179.96,178.25,178.57,542727.86,97154114.512,47959109.8302
2025-07-30 17:00:00+00:00,178.58,179.3,178.17,179.27,410054.44,73321039.8246,37897874.8263
2025-07-30 18:00:00+00:00,179.27,180.09,175.65,175.79,1906947.51,339177057.477,148114988.393
2025-07-30 19:00:00+00:00,175.79,176.38,170,176.03,4757496.76,826202447.548,373345390.048
2025-07-30 20:00:00+00:00,176.03,177.41,175.62,176.09,1076931.1,190125505.31,96475819.777
2025-07-30 21:00:00+00:00,176.08,176.56,174.67,175.77,579456.37,101726813.018,53655307.8164
2025-07-30 22:00:00+00:00,175.76,176.36,175.02,176.23,499406.23,87751005.3499,42021022.6955
2025-07-30 23:00:00+00:00,176.23,178,176.14,177.68,529232,93838455.4604,45831930.3346
2025-07-31 00:00:00+00:00,177.67,179.64,177.52,179.33,684436.82,122258630.545,75792740.2393
2025-07-31 01:00:00+00:00,179.34,180,178.77,179.38,589030.96,105669524.126,47212048.701
2025-07-31 02:00:00+00:00,179.38,180.26,179.1,180.23,361792.99,65018069.336,38199142.8708
2025-07-31 03:00:00+00:00,180.23,180.47,179.86,180.23,358151.14,64516547.3561,27848517.2455
2025-07-31 04:00:00+00:00,180.22,180.8,179.69,180.75,388128.95,69953329.8401,35347795.4541
2025-07-31 05:00:00+00:00,180.76,181.11,180.5,180.69,430522.88,77863924.638,35246698.1487
2025-07-31 06:00:00+00:00,180.69,181.55,180.23,181.19,519497.12,93987981.2684,46486002.1801
2025-07-31 07:00:00+00:00,181.19,181.31,180.8,181.15,324652.66,58776719.072,30909692.27
2025-07-31 08:00:00+00:00,181.16,182.08,180.97,181.61,485102.25,88091946.1394,51142920.5516
2025-07-31 09:00:00+00:00,181.6,182.66,181.49,182.45,466632.52,84936175.3383,46712627.4434
2025-07-31 10:00:00+00:00,182.45,182.55,181.23,181.28,527722.57,95987461.6788,37100548.0065
2025-07-31 11:00:00+00:00,181.29,181.48,180.13,180.66,759907.08,137446945.372,56026428.9571
2025-07-31 12:00:00+00:00,180.66,180.83,178.62,179.27,1107363.97,198903261.711,90999938.7155
2025-07-31 13:00:00+00:00,179.27,179.3,176.61,177.58,2032365.51,360798798.859,169061264.236
2025-07-31 14:00:00+00:00,177.58,178.13,175.38,175.58,1778794.72,313911097.81,132870608.751
2025-07-31 15:00:00+00:00,175.58,177.36,175.14,177.21,1045169.94,184413216.037,90175762.62
2025-07-31 16:00:00+00:00,177.22,179.7,177.03,179.17,1193366.83,212955983.699,111370185.402
2025-07-31 17:00:00+00:00,179.17,179.22,176.71,177.19,928703.25,165082356.805,72460110.0497
2025-07-31 18:00:00+00:00,177.2,178.01,175.48,177.65,1041236.47,184017097.894,88296306.7662
2025-07-31 19:00:00+00:00,177.66,178.12,174.66,175.22,1306221.67,229799452.931,81550488.0416
2025-07-31 20:00:00+00:00,175.22,175.66,174.13,175.37,1394120.71,243823100.074,133865963.368
2025-07-31 21:00:00+00:00,175.38,175.6,172.63,173.74,1114810.81,194082064.432,76541648.4866
2025-07-31 22:00:00+00:00,173.74,174.38,172.33,172.83,896031.37,155129763.32,71689108.124
2025-07-31 23:00:00+00:00,172.83,173.68,171.36,172.15,1067506.17,184005520.486,85215582.5925
2025-08-01 00:00:00+00:00,172.15,172.19,167.24,170.24,2951424.13,501273597.413,219483743.175
2025-08-01 01:00:00+00:00,170.25,170.79,167.86,169.46,1892333.9,320890408.223,167922723.251
2025-08-01 02:00:00+00:00,169.45,171.74,169.11,171.31,1084433.26,185324513.582,104775279.81
2025-08-01 03:00:00+00:00,171.31,172.08,170.84,171.02,590420.3,101257310.837,46652044.6625
2025-08-01 04:00:00+00:00,171.03,171.03,169.2,169.56,901040.98,153127411.858,66772534.5415
2025-08-01 05:00:00+00:00,169.55,170.2,168.1,169.01,947654.96,160142229.294,70765131.5272
2025-08-01 06:00:00+00:00,169.02,169.56,167.86,169.45,1016994.44,171491683.749,78765646.1319
2025-08-01 07:00:00+00:00,169.44,169.88,168.16,169.33,1033679.62,174740809.208,80293585.5834
2025-08-01 08:00:00+00:00,169.33,169.33,166,167.53,2277878.42,381458925.386,166361939.29
2025-08-01 09:00:00+00:00,167.54,168.8,167.1,167.27,934752.77,157046279.479,87713507.7744
2025-08-01 10:00:00+00:00,167.27,168.68,167,168.53,635624.22,106858679.256,50322009.2418
2025-08-01 11:00:00+00:00,168.54,169.13,167.72,169.1,624429,105157824.386,50571668.3253
2025-08-01 12:00:00+00:00,169.1,170.28,168.34,168.94,1330042.44,225208982.845,112482170.836
2025-08-01 13:00:00+00:00,168.94,169.69,164.61,165.59,2349888.43,392228132.57,172694794.788
2025-08-01 14:00:00+00:00,165.59,169.63,164.42,169.31,2608699.65,437418883.83,222477488.505
2025-08-01 15:00:00+00:00,169.31,169.42,167,168.5,1420029.86,238727909.933,122194331.162
2025-08-01 16:00:00+00:00,168.5,169.7,166.42,166.86,1057191.42,178013367.035,82790988.8145
2025-08-01 17:00:00+00:00,166.86,167.63,165.36,166.48,1128177.25,187647591.744,93078086.444
2025-08-01 18:00:00+00:00,166.48,167.16,164.9,165.66,1599037.99,265578947.865,122095613.56
2025-08-01 19:00:00+00:00,165.67,167.55,165.32,166.41,1624861.37,270232881.786,131572108.957
2025-08-01 20:00:00+00:00,166.4,166.78,161.6,163.69,2635383.53,430699565.395,191899042.305
2025-08-01 21:00:00+00:00,163.69,164.79,163.4,163.79,765135,125593014.02,59898219.6357
2025-08-01 22:00:00+00:00,163.79,163.89,159.02,161.17,2769880.78,445228914.364,186989484.86
2025-08-01 23:00:00+00:00,161.18,162.97,160.85,162.61,781247.01,126543368.412,65538831.4635
2025-08-02 00:00:00+00:00,162.61,164.57,162.45,164.55,914857.16,149696732.77,79077119.2063
2025-08-02 01:00:00+00:00,164.56,164.78,163.7,164.69,408355.06,67076135.5502,30447086.6533
2025-08-02 02:00:00+00:00,164.68,164.95,164.18,164.48,289706.26,47664447.6029,23663081.7198
2025-08-02 03:00:00+00:00,164.49,164.82,164.07,164.31,424973.07,69896077.5452,31353628.9555
2025-08-02 04:00:00+00:00,164.3,165.19,163.88,165.07,341917.65,56287300.7031,27677360.1038
2025-08-02 05:00:00+00:00,165.07,165.13,164.47,164.6,279364,46043180.2579,21785317.8166
2025-08-02 06:00:00+00:00,164.6,164.71,161.73,162.68,1077864.85,175635455.335,81993986.7712
2025-08-02 07:00:00+00:00,162.67,164.42,161.8,164.37,657141.05,107274750.138,64308977.6106
2025-08-02 08:00:00+00:00,164.37,164.75,163.35,163.64,542422.33,88991745.8509,39595090.0087
2025-08-02 09:00:00+00:00,163.63,164.23,163.25,163.69,494086.74,80890091.424,36146241.6441
2025-08-02 10:00:00+00:00,163.7,163.85,162.14,162.99,615226.78,100164962.748,48700942.9585
2025-08-02 11:00:00+00:00,162.99,165.03,162.13,164.4,948662.82,155600805.972,85874574.1863
2025-08-02 12:00:00+00:00,164.39,164.55,163.39,164.29,442688.75,72620079.8597,35297810.7361
2025-08-02 13:00:00+00:00,164.28,164.88,163.5,164.39,442113.8,72596887.6252,35858527.422
2025-08-02 14:00:00+00:00,164.4,164.69,162.15,162.6,886174.1,144555292.255,66308511.4585
2025-08-02 15:00:00+00:00,162.59,163.69,160.95,161.45,1041819.1,168990649.659,78977088.7459
2025-08-02 16:00:00+00:00,161.45,161.99,160.09,161.45,1402278.03,225928809.576,106743002.447
2025-08-02 17:00:00+00:00,161.44,162.13,158.27,159.23,1419895.4,227425685.699,103738333.484
2025-08-02 18:00:00+00:00,159.23,159.67,155.72,156.53,3155212.66,496555916.744,211283085.288
2025-08-02 19:00:00+00:00,156.52,158.41,155.86,157.34,1528588.05,240608739.994,115982573.825
2025-08-02 20:00:00+00:00,157.34,158.9,157.26,158.9,713227.19,112771736.649,60762833.6781
2025-08-02 21:00:00+00:00,158.89,159.48,157.98,158.77,590169.17,93698423.2558,50457195.76
2025-08-02 22:00:00+00:00,158.77,159.7,157.61,158.95,746664.23,118492328.629,57110888.6564
2025-08-02 23:00:00+00:00,158.96,159.2,156.91,158.4,921932.64,145851204.964,59170485.5066
2025-08-03 00:00:00+00:00,158.4,159.69,156.17,159.57,1499930.39,237345505.525,114437690.417
2025-08-03 01:00:00+00:00,159.57,160.16,159.03,159.43,724768.53,115663410.644,54534904.6913
2025-08-03 02:00:00+00:00,159.42,160.65,159.41,160.45,406453.55,65121266.4407,36006429.8285
2025-08-03 03:00:00+00:00,160.45,160.98,160.28,160.74,305292.32,49034356.0536,23538175.8493
2025-08-03 04:00:00+00:00,160.74,160.82,159.9,160.34,426765.72,68405150.1528,27200032.6266
2025-08-03 05:00:00+00:00,160.34,160.85,160.07,160.26,282454.16,45311267.715,21840410.9311
2025-08-03 06:00:00+00:00,160.25,160.72,159.95,160.49,223201.9,35784388.8027,16523219.1036
2025-08-03 07:00:00+00:00,160.49,161.49,160.49,161.25,460695.62,74202005.1128,36968521.3684
2025-08-03 08:00:00+00:00,161.26,161.68,160.73,161.27,454965.71,73354030.4147,33774297.7279
2025-08-03 09:00:00+00:00,161.27,161.4,160.58,161.07,290716.3,46777167.9426,22127630.8387
2025-08-03 10:00:00+00:00,161.07,161.72,161.02,161.54,337100.97,54424759.037,24767650.7159
2025-08-03 11:00:00+00:00,161.54,162.78,161.28,161.37,791489,128295355.847,66837907.6481
2025-08-03 12:00:00+00:00,161.37,162.15,160.8,161.68,566787.96,91444186.0326,43462530.1703
2025-08-03 13:00:00+00:00,161.67,162.25,160.5,161.25,533667.44,86077514.7692,39626717.2513
2025-08-03 14:00:00+00:00,161.24,161.5,160.27,161.24,865751.38,139176403.677,57080993.6472
2025-08-03 15:00:00+00:00,161.24,162.22,160.69,162.01,578314.58,93436104.0659,51472382.7751
2025-08-03 16:00:00+00:00,162.01,162.23,161.03,162.09,441727.69,71386591.4108,35226860.5128
2025-08-03 17:00:00+00:00,162.09,162.65,161.62,162.07,491685.82,79680368.8355,39989071.6881
2025-08-03 18:00:00+00:00,162.07,162.16,161.2,161.88,454566.95,73485125.4712,37051257.2469
2025-08-03 19:00:00+00:00,161.89,162.55,161.26,161.52,518344.3,83904422.055,43199415.3514
2025-08-03 20:00:00+00:00,161.53,161.63,160.63,161.34,435087.03,70036753.2874,34680273.1183
2025-08-03 21:00:00+00:00,161.34,162.12,161.12,161.95,290695.48,47015121.3031,23651352.7337
2025-08-03 22:00:00+00:00,161.94,162.34,160.76,161.8,612261.42,98782310.6753,44115430.2369
2025-08-03 23:00:00+00:00,161.8,163.07,161.53,161.84,799091.24,129633839.942,68143727.3927
2025-08-04 00:00:00+00:00,161.85,164.55,161.31,164.41,1033050.16,168583600.218,88298413.1669
2025-08-04 01:00:00+00:00,164.42,164.86,162.96,163.2,787309.35,129041773.995,60933751.8866
2025-08-04 02:00:00+00:00,163.2,164.22,162.48,164.19,605697.52,98869628.9868,54339951.4972
2025-08-04 03:00:00+00:00,164.19,164.27,162.75,162.88,458685.82,74954920.3052,34986947.6894
2025-08-04 04:00:00+00:00,162.88,163.35,162.1,162.22,537693.89,87437826.8518,37473991.3588
2025-08-04 05:00:00+00:00,162.21,162.35,161.41,162.16,578749.99,93724349.467,47575650.3229
2025-08-04 06:00:00+00:00,162.16,162.37,161.16,162.13,466736.98,75462256.1843,37911760.2858
2025-08-04 07:00:00+00:00,162.13,163.24,161.96,162.95,519985.97,84547223.4653,44955314.1983
2025-08-04 08:00:00+00:00,162.96,163.99,162.56,163.67,692803.04,113193710.219,56153854.1391
2025-08-04 09:00:00+00:00,163.67,163.99,162.34,162.36,472214.12,77064318.2704,37918535.396
2025-08-04 10:00:00+00:00,162.36,162.9,162.03,162.28,576344.68,93597078.8014,50147705.938
2025-08-04 11:00:00+00:00,162.28,162.48,161.54,162.27,511646.86,82883193.2847,40907375.4913
2025-08-04 12:00:00+00:00,162.28,163.6,162.04,163.58,604551.46,98492803.437,52302996.2911
2025-08-04 13:00:00+00:00,163.59,165.69,163.1,165.38,1610671.3,264936724.218,127216196.491
2025-08-04 14:00:00+00:00,165.38,166.81,164.37,164.94,2332629.5,387163034.059,189198746.341
2025-08-04 15:00:00+00:00,164.95,165.93,164.42,165.39,948411.18,156679468.722,78008801.5667
2025-08-04 16:00:00+00:00,165.38,168.1,165.36,167.91,1370816.73,228936983.919,123934439.958
2025-08-04 17:00:00+00:00,167.91,169.73,167.53,167.73,1816149.27,306388055.202,160437062.267
2025-08-04 18:00:00+00:00,167.72,168.04,166.34,166.57,787321.11,131562845.103,55416455.8136
2025-08-04 19:00:00+00:00,166.56,166.56,164.92,165.55,805350.92,133447067.756,66400878.7403
2025-08-04 20:00:00+00:00,165.56,168.36,165.21,167.19,1293231.61,215929698.587,122669723.732
2025-08-04 21:00:00+00:00,167.18,168.68,167.16,168.45,604848.6,101577402.111,53616908.8687
2025-08-04 22:00:00+00:00,168.45,169.5,168.16,169.4,645686.43,108971930.111,59016427.0855
2025-08-04 23:00:00+00:00,169.39,169.7,168.83,169.46,761030.17,128815664.762,61948814.8397
2025-08-05 00:00:00+00:00,169.47,169.69,168.48,169.22,818863.87,138385457.609,55544175.6663
2025-08-05 01:00:00+00:00,169.21,169.94,168.06,168.16,644364.49,108860733.863,46495476.1284
2025-08-05 02:00:00+00:00,168.16,169.38,167.86,169.34,502758.63,84708999.9475,43533340.1654
2025-08-05 03:00:00+00:00,169.34,169.36,167.49,167.84,703724.08,118266073.027,41629209.2815
2025-08-05 04:00:00+00:00,167.85,168.43,167.13,167.39,581956.79,97569769.0682,46051593.3275
2025-08-05 05:00:00+00:00,167.39,168.49,167.3,168.3,362403.53,60831235.1601,29765096.0983
2025-08-05 06:00:00+00:00,168.31,169.19,167.19,167.61,598464.15,100759965.442,48078080.4338
2025-08-05 07:00:00+00:00,167.6,168.42,165.7,166.12,1103585.99,183887657.928,84752374.3747
2025-08-05 08:00:00+00:00,166.11,167.16,165.55,166.72,648159.29,107851486.207,51074865.9259
2025-08-05 09:00:00+00:00,166.73,169.32,166.66,168.78,741875.74,124771963.909,65617622.3491
2025-08-05 10:00:00+00:00,168.79,171.66,168.33,170.97,1558563.24,265372359.195,153829993.504
2025-08-05 11:00:00+00:00,170.97,171.58,170.47,170.81,767818.23,131258741.764,67156475.1641
2025-08-05 12:00:00+00:00,170.82,170.97,166.68,167.11,2439546.77,410990972.946,183471900.845
2025-08-05 13:00:00+00:00,167.12,168.04,166.51,167.64,1409218.92,235755421.526,124915219.944
2025-08-05 14:00:00+00:00,167.63,167.69,163.52,164.21,3026526.4,498791827.211,217368089.085
2025-08-05 15:00:00+00:00,164.2,165.23,162.9,163.68,1635348.98,268127520.624,134411887.2
2025-08-05 16:00:00+00:00,163.67,164.65,162.66,163.75,1073720.69,175782058.36,89603145.7577
2025-08-05 17:00:00+00:00,163.75,164.84,163.27,164.69,627510.33,102986337.919,54049079.2238
2025-08-05 18:00:00+00:00,164.69,164.84,162.88,163.92,582046.46,95387731.5823,47011444.0167
2025-08-05 19:00:00+00:00,163.92,164.44,162.16,162.66,707061.53,115394669.333,51371456.479
2025-08-05 20:00:00+00:00,162.65,163.61,162.26,162.53,487824.84,79480931.3351,39233989.4444
2025-08-05 21:00:00+00:00,162.53,163.36,161.5,162.29,494715.01,80412647.469,38123949.6185
2025-08-05 22:00:00+00:00,162.28,163.78,161.17,163.76,654166.91,106315859.341,51720951.5543
2025-08-05 23:00:00+00:00,163.77,164.43,163.5,163.99,496222.95,81405496.9393,38860164.387
2025-08-06 00:00:00+00:00,163.99,164.06,162.43,162.65,491963.95,80337030.6731,35189974.5777
2025-08-06 01:00:00+00:00,162.65,163.02,161.62,162.75,632129.45,102601828.841,54674394.8638
2025-08-06 02:00:00+00:00,162.75,163.22,161.78,162.59,346084.03,56295802.9246,28179021.4912
2025-08-06 03:00:00+00:00,162.59,162.71,161.04,161.76,553651.74,89566206.5701,37505632.056
2025-08-06 04:00:00+00:00,161.76,162.49,161.15,162.36,451021.61,73001376.1953,33830071.3264
2025-08-06 05:00:00+00:00,162.36,164.71,162.05,164.15,1020423.59,167148045.714,87910168.2807
2025-08-06 06:00:00+00:00,164.16,164.21,163.3,163.82,444251.32,72749318.7654,33122334.9802
2025-08-06 07:00:00+00:00,163.82,164.53,163.53,164.16,384861.36,63160062.2969,33403304.7484
2025-08-06 08:00:00+00:00,164.16,164.42,162.63,163.22,609504.31,99574899.4566,45232224.2629
2025-08-06 09:00:00+00:00,163.22,164.48,162.85,163.91,605052.68,99151220.0656,47720374.0218
2025-08-06 10:00:00+00:00,163.9,164.08,162.8,163.56,488484.09,79838814.5324,37256562.3024
2025-08-06 11:00:00+00:00,163.56,164.56,163.15,164.1,437146.79,71691783.974,34822588.2417
2025-08-06 12:00:00+00:00,164.1,164.62,162.5,163.21,833063.29,136219200.912,63362557.5948
2025-08-06 13:00:00+00:00,163.21,164.63,163.03,164.18,1336202.17,219076256.957,116960925.132
2025-08-06 14:00:00+00:00,164.18,167.96,163.86,167.79,2202153.79,365062881.207,202595354.395
2025-08-06 15:00:00+00:00,167.8,169.47,167.13,168.96,1760194.57,295828950.946,148769669.802
2025-08-06 16:00:00+00:00,168.96,169.45,167.2,167.66,1069963.45,179998509.873,74672210.4284
2025-08-06 17:00:00+00:00,167.66,169.08,167.08,169.08,635653.17,106860430.247,59485624.605
2025-08-06 18:00:00+00:00,169.07,169.88,168.28,168.46,957274.04,161840606.989,73905942.9436
2025-08-06 19:00:00+00:00,168.45,169.04,167.87,168.73,643587.2,108417518.107,57800272.0078
2025-08-06 20:00:00+00:00,168.74,168.79,167.69,167.92,351271.36,59073211.1834,24300402.8091
2025-08-06 21:00:00+00:00,167.92,168.54,167.25,167.99,332514.26,55843093.3694,27574161.1437
2025-08-06 22:00:00+00:00,167.99,168.46,167.74,168.33,228513.15,38431452.6971,18503508.3944
2025-08-06 23:00:00+00:00,168.32,168.37,167.84,168.03,262897.05,44188206.8891,16073543.2448
2025-08-07 00:00:00+00:00,168.04,168.37,167.41,167.82,390636.33,65593509.8507,30955511.5013
2025-08-07 01:00:00+00:00,167.82,168.95,167.63,167.78,550071.64,92592439.3717,48642970.7346
2025-08-07 02:00:00+00:00,167.79,167.96,166.67,167.01,618312.64,103462949.738,43428811.6469
2025-08-07 03:00:00+00:00,167,167.39,166.61,166.8,391981.79,65441147.7371,35551238.2831
2025-08-07 04:00:00+00:00,166.81,167.55,166.69,167.05,294746.74,49259814.7108,24742277.9537
2025-08-07 05:00:00+00:00,167.05,168.69,166.82,168.66,368348.01,61800893.55,32774067.3009
2025-08-07 06:00:00+00:00,168.65,169.62,168.49,169.11,736733.51,124558556.709,64719777.8592
2025-08-07 07:00:00+00:00,169.12,170.37,169.06,169.92,724339.41,123035766.729,63519320.885
2025-08-07 08:00:00+00:00,169.91,170.48,169.14,169.31,602907.36,102371389.917,48400852.0049
2025-08-07 09:00:00+00:00,169.32,169.69,169,169.57,435079.51,73678535.7208,34987286.3571
2025-08-07 10:00:00+00:00,169.57,173.31,169.34,173.06,2547152.64,437677916.749,238733321.131
2025-08-07 11:00:00+00:00,173.06,173.43,172.5,172.75,1145712.82,198139272.051,92523366.1279
2025-08-07 12:00:00+00:00,172.76,173.12,171.4,172.35,1312385.29,226029957.618,91364764.1725
2025-08-07 13:00:00+00:00,172.35,172.57,171.16,171.6,996694.74,171389003.535,77887823.6323
2025-08-07 14:00:00+00:00,171.61,171.68,169.83,170.21,1269123.03,216441973.247,109566120.388
2025-08-07 15:00:00+00:00,170.21,170.77,169.6,170.38,948306.68,161442286.421,79728747.3575
2025-08-07 16:00:00+00:00,170.39,170.51,166.93,168.14,1633277.15,275461018.667,115667484.572
2025-08-07 17:00:00+00:00,168.13,169.46,167.87,169.34,818427.66,138085727.472,77765462.2671
2025-08-07 18:00:00+00:00,169.33,169.9,168.69,169.74,521557.11,88285992.3181,42482205.6504
2025-08-07 19:00:00+00:00,169.73,171.82,169.69,171.66,977719.25,166999494.82,98341837.3159
2025-08-07 20:00:00+00:00,171.66,173.11,171.44,172.88,968953.68,167087067.317,84419306.2704
2025-08-07 21:00:00+00:00,172.88,174.16,172.44,173.48,830896.57,144060113.351,79557827.8429
2025-08-07 22:00:00+00:00,173.48,175.11,173.47,175.01,921736.82,160640053.543,86993467.2321
2025-08-07 23:00:00+00:00,175.02,175.45,174.31,175.26,584822.94,102259022.222,50521357.8191
2025-08-08 00:00:00+00:00,175.27,175.5,173.55,174.22,1620903.36,282831552.391,115315201.057
2025-08-08 01:00:00+00:00,174.21,174.79,173.36,174.45,1198295.99,208526424.212,98458722.4984
2025-08-08 02:00:00+00:00,174.45,175.2,173.77,174.72,577004.24,100668201.139,52113554.1985
2025-08-08 03:00:00+00:00,174.73,175.88,174.38,174.63,766132.92,134184907.832,64046767.7028
2025-08-08 04:00:00+00:00,174.63,175.13,173.76,174.26,578344.18,100920609.743,41017264.5106
2025-08-08 05:00:00+00:00,174.26,174.69,173.99,174.09,413972.93,72170518.9016,28833145.6101
2025-08-08 06:00:00+00:00,174.1,175.03,173.76,174.99,430392.9,75048990.222,37713613.0695
2025-08-08 07:00:00+00:00,174.98,177.77,174.22,177.05,1129545.43,199201104.347,117717816.581
2025-08-08 08:00:00+00:00,177.04,177.74,174.78,175.29,1255500.88,221159077.543,97051785.1216
2025-08-08 09:00:00+00:00,175.28,176.06,174.91,175.96,513804.23,90151033.1608,46990464.3734
2025-08-08 10:00:00+00:00,175.95,177,175.63,176.57,569354.42,100378042.133,52894529.7155
2025-08-08 11:00:00+00:00,176.58,177.91,176.48,177.56,617209.11,109452134.198,49948827.4169
2025-08-08 12:00:00+00:00,177.56,177.56,176.03,176.37,783571.79,138396709.111,54198177.6438
2025-08-08 13:00:00+00:00,176.36,178.72,175.38,178.54,1662200.29,294096421.511,146643578.904
2025-08-08 14:00:00+00:00,178.55,179.04,175.32,176.4,2379401.41,421078682.535,207081227.727
2025-08-08 15:00:00+00:00,176.41,176.59,174.12,175.15,1469862.91,257262622.388,129385567.32
2025-08-08 16:00:00+00:00,175.15,176.27,175.13,175.82,816717.75,143476941.7,70209928.1305
2025-08-08 17:00:00+00:00,175.81,179.3,175.47,179.29,1407104.34,249890908.912,127818243.315
2025-08-08 18:00:00+00:00,179.3,179.61,177.14,177.53,1831795.01,326906401.316,150744165.039
2025-08-08 19:00:00+00:00,177.52,178.43,177.32,178.42,617387.4,109793261.072,56522109.2297
2025-08-08 20:00:00+00:00,178.41,178.7,177.13,178.16,466861.24,83000085.5789,43170181.7956
2025-08-08 21:00:00+00:00,178.16,178.56,177.34,177.52,362060.23,64420831.6118,33113288.1628
2025-08-08 22:00:00+00:00,177.51,177.99,176.95,177.55,384298.07,68234489.9148,30884106.117
2025-08-08 23:00:00+00:00,177.54,177.83,176.51,176.7,391790,69346385.146,30864796.3243
2025-08-09 00:00:00+00:00,176.69,177.14,176.53,176.85,276616.57,48917396.0908,24894461.8763
2025-08-09 01:00:00+00:00,176.85,178.96,176.56,178.6,625472.21,111195802.517,70451714.9785
2025-08-09 02:00:00+00:00,178.6,178.64,177.48,177.48,397765.48,70778578.0747,27243103.4323
2025-08-09 03:00:00+00:00,177.48,177.68,176.93,177.16,328870.6,58288752.23,25499866.5753
2025-08-09 04:00:00+00:00,177.16,178.84,176.82,178.59,759021.21,134953247.694,78051240.3495
2025-08-09 05:00:00+00:00,178.59,182.1,178.15,180.78,2420716.78,437412092.689,214483912.273
2025-08-09 06:00:00+00:00,180.79,180.87,179.21,179.52,984543.01,177153621.401,74926176.8664
2025-08-09 07:00:00+00:00,179.51,180.66,179.35,180.54,595126.03,107266048.233,59277700.6957
2025-08-09 08:00:00+00:00,180.54,181.63,180.31,181.31,653748.78,118290518.083,57033996.6164
2025-08-09 09:00:00+00:00,181.31,182.68,181.01,182.18,816085.33,148470492.088,75728037.9998
2025-08-09 10:00:00+00:00,182.18,183.26,181.71,181.82,1081005.41,197334880.575,83695360.8773
2025-08-09 11:00:00+00:00,181.82,181.94,180.57,180.69,666713.74,120823761.852,50385245.4751
2025-08-09 12:00:00+00:00,180.69,182.11,180.26,182.11,750355.35,136007536.804,75289101.1586
2025-08-09 13:00:00+00:00,182.1,182.41,179.69,179.72,1007908.59,182204056.61,68426720.2382
2025-08-09 14:00:00+00:00,179.73,181.15,178.79,181.07,1049496.15,188952520.29,97707712.4459
2025-08-09 15:00:00+00:00,181.07,181.6,179.67,180.01,880923.31,159045953.813,75655224.8939
2025-08-09 16:00:00+00:00,180.01,180.76,179.35,179.58,678842.11,122246285.848,51139319.6793
2025-08-09 17:00:00+00:00,179.57,181.9,179.53,181.53,679702.39,122939361.909,71619782.1467
2025-08-09 18:00:00+00:00,181.52,182.17,181.17,181.85,525281.91,95431984.0673,43886375.7981
2025-08-09 19:00:00+00:00,181.84,182.65,181.37,182.06,509002.39,92630684.9176,47304785.612
2025-08-09 20:00:00+00:00,182.07,183.49,181.37,183,869417.84,158637477.741,86006846.6989
2025-08-09 21:00:00+00:00,183.01,183.29,180.56,181.17,784663.86,142539774.072,66143246.0224
2025-08-09 22:00:00+00:00,181.16,182.4,179.79,180.04,888764.6,160899698.064,72151703.6262
2025-08-09 23:00:00+00:00,180.04,180.39,179.61,179.85,558131.93,100450415.44,47364204.0385
2025-08-10 00:00:00+00:00,179.86,182.78,179.73,182.37,736819.74,133765847.365,69386933.5065
2025-08-10 01:00:00+00:00,182.37,184.59,181.56,184.42,1545517.34,283456372.824,150288251.338
2025-08-10 02:00:00+00:00,184.41,185,182.86,183.21,1174958.26,216255384.028,98915361.3337
2025-08-10 03:00:00+00:00,183.2,185.95,183.2,184.9,1629712.46,301429248.548,172632861.583
2025-08-10 04:00:00+00:00,184.91,186.13,184.31,184.98,842021.48,156077780.08,74384442.4954
2025-08-10 05:00:00+00:00,184.98,185.14,181.56,181.93,1618972.31,296245023.606,127465284.516
2025-08-10 06:00:00+00:00,181.93,182.31,180.16,181,1070558.41,193767842.808,92131920.4144
2025-08-10 07:00:00+00:00,181.01,181.47,177.69,178.86,1905733.25,341694448.817,145815318.116
2025-08-10 08:00:00+00:00,178.87,180.67,177.42,180.32,1351712.53,241918599.697,123873437.672
2025-08-10 09:00:00+00:00,180.33,180.98,179.97,180.36,494796.87,89289850.1845,45645498.4103
2025-08-10 10:00:00+00:00,180.36,180.55,178.72,179.43,844103.77,151688935.141,64423900.4094
2025-08-10 11:00:00+00:00,179.42,180.69,178.64,179.9,864777.32,155445633.604,83326617.2523
2025-08-10 12:00:00+00:00,179.9,180.29,179.07,179.46,521992.17,93742238.2675,44147505.2227
2025-08-10 13:00:00+00:00,179.46,180.27,178.77,178.77,660070.7,118531070.526,56505645.4499
2025-08-10 14:00:00+00:00,178.78,182.3,178.44,181.45,1421973.81,256965928.69,136798105.301
2025-08-10 15:00:00+00:00,181.44,182.34,181.04,181.46,794304.14,144261849.99,59471000.7021
2025-08-10 16:00:00+00:00,181.46,182.21,181.14,182.19,465840.16,84677224.2208,41067713.7159
2025-08-10 17:00:00+00:00,182.19,182.4,181.26,181.61,462515.26,84076507.4721,34243663.9125
2025-08-10 18:00:00+00:00,181.6,182.9,181.57,182.65,491470,89610293.9301,46023318.9243
2025-08-10 19:00:00+00:00,182.65,183.31,182.26,182.73,444583.37,81265295.421,43890499.2211
2025-08-10 20:00:00+00:00,182.73,183.31,181.2,182.65,1422115.94,259065185.032,126850919.628
2025-08-10 21:00:00+00:00,182.65,183.86,181.3,183.4,1127321.08,206186236.78,96541725.7565
2025-08-10 22:00:00+00:00,183.4,183.62,182.52,183.02,498530.07,91267700.1835,41266494.32
2025-08-10 23:00:00+00:00,183.03,183.5,182,182.59,460829.01,84193781.6167,43491334.4159
2025-08-11 00:00:00+00:00,182.58,183.12,181.37,181.41,837422.16,152635873.2,73320959.0057
2025-08-11 01:00:00+00:00,181.42,183.81,181.16,183.63,982117.11,179607238.901,87346039.3796
2025-08-11 02:00:00+00:00,183.63,185.73,183.49,185.18,1651409.76,305165655.845,165110789.099
2025-08-11 03:00:00+00:00,185.18,185.55,183.8,185.09,1207210.96,223021504.525,112824132.549
2025-08-11 04:00:00+00:00,185.09,186.4,185.05,185.8,902060.17,167671332.838,89045013.3521
2025-08-11 05:00:00+00:00,185.8,186.76,184.81,185.27,1094699.37,203352375.61,97384517.3003
2025-08-11 06:00:00+00:00,185.27,185.56,184.34,184.75,573065.13,105964944.66,55380698.5566
2025-08-11 07:00:00+00:00,184.75,184.87,182.721,182.92,990158.27,181883372.464,70834960.6989
2025-08-11 08:00:00+00:00,182.92,184.63,182.03,184.2,1055181.23,193461797.142,96252931.7437
2025-08-11 09:00:00+00:00,184.19,184.27,182.75,183.07,657233.76,120566772.377,52626287.0818
2025-08-11 10:00:00+00:00,183.08,183.16,181.53,181.82,951910.22,173487820.169,72945822.3016
2025-08-11 11:00:00+00:00,181.83,182.08,178.23,178.99,2571612.01,462078539.208,202109172.748
2025-08-11 12:00:00+00:00,178.98,179.49,177.69,178.72,1411705.09,252210139.79,112267380.997
2025-08-11 13:00:00+00:00,178.72,179.97,177.14,179.52,2390374.46,426969160.458,217038771.01
2025-08-11 14:00:00+00:00,179.53,180.45,178.28,178.67,1689545.22,302937478.252,144001579.895
2025-08-11 15:00:00+00:00,178.68,180.11,177.53,180.11,1284202.54,229527044.395,105195545.419
2025-08-11 16:00:00+00:00,180.1,181.7,178.25,178.94,1755219.31,316145180.872,145723311.442
2025-08-11 17:00:00+00:00,178.93,179.47,177.95,178.1,921400.6,164538239.462,66732657.1466
2025-08-11 18:00:00+00:00,178.11,178.28,176.53,178.13,1192280.22,211598524.285,88733530.8688
2025-08-11 19:00:00+00:00,178.13,178.22,175.45,176.54,1171474.37,206932351.327,88692547.3273
2025-08-11 20:00:00+00:00,176.55,176.8,175.61,176.07,746501.49,131516809.816,59549454.3112
2025-08-11 21:00:00+00:00,176.07,176.42,173.78,174.97,1274474.26,222925350.348,84298974.5332
2025-08-11 22:00:00+00:00,174.96,175.07,173.34,174.59,988118.35,172044845.367,81902122.4213
2025-08-11 23:00:00+00:00,174.6,175.03,174.4,174.75,430019.13,75163038.7832,38762001.9795
2025-08-12 00:00:00+00:00,174.74,175.86,174.55,175.6,787172.96,137932291.161,83668737.3367
2025-08-12 01:00:00+00:00,175.59,176.32,174.85,176,619060.36,108778967.848,62464178.1484
2025-08-12 02:00:00+00:00,176.01,176.67,175.44,176.09,483379.96,85115478.2852,41720680.8388
2025-08-12 03:00:00+00:00,176.08,176.18,175.29,175.47,514864.05,90459910.7795,37042925.8266
2025-08-12 04:00:00+00:00,175.47,176.57,175.21,176.19,628416.85,110566373.623,53821147.3692
2025-08-12 05:00:00+00:00,176.19,176.19,173.86,174.76,923571.7,161365806.14,65323565.4241
2025-08-12 06:00:00+00:00,174.75,175.29,173.49,174.51,690357.86,120491185.78,57560478.3565
2025-08-12 07:00:00+00:00,174.51,175.98,174.51,175.81,563771.86,98966865.5339,51051815.5681
2025-08-12 08:00:00+00:00,175.82,176.41,175.23,175.63,517645.82,90999503.1752,44569641.0592
2025-08-12 09:00:00+00:00,175.64,175.65,174.26,174.45,759764.95,132851591.887,63894292.2129
2025-08-12 10:00:00+00:00,174.44,175.01,173.75,174.69,630283.74,109890673.007,51897221.4727
2025-08-12 11:00:00+00:00,174.68,175.27,173.6,175.14,551982.01,96323516.4551,45939786.1586
2025-08-12 12:00:00+00:00,175.13,178.65,174.64,177.86,2664405.98,472425626.827,254361540.601
2025-08-12 13:00:00+00:00,177.86,178.46,175.84,176.44,2212171.43,391939960.316,183618095.782
2025-08-12 14:00:00+00:00,176.44,179.66,176.14,179.51,1395398.97,248737644.75,129993553.152
2025-08-12 15:00:00+00:00,179.5,182,179.16,181.61,2073660.73,374730706.085,203215847.96
2025-08-12 16:00:00+00:00,181.61,185.38,180.68,184.78,3199192.71,587242700.722,296721516.829
2025-08-12 17:00:00+00:00,184.79,186.64,184.75,185.86,2444380.26,453893475.096,231507015.069
2025-08-12 18:00:00+00:00,185.86,189.15,185.86,188.15,2683107.78,504256883.833,274285812.548
2025-08-12 19:00:00+00:00,188.15,191.1,188.09,190.61,1598910.03,303187772.467,160671126.62
2025-08-12 20:00:00+00:00,190.62,191.68,189.57,191.54,1431137.79,273011372.652,144392200.312
2025-08-12 21:00:00+00:00,191.55,193.79,190.44,192.49,1857819.86,357158828.851,185685194.302
2025-08-12 22:00:00+00:00,192.49,193.29,191,191.68,1699265.06,326295597.717,148816696.721
2025-08-12 23:00:00+00:00,191.68,192.96,191.21,191.76,955827.49,183502852.454,92237766.7781
2025-08-13 00:00:00+00:00,191.77,194.77,191.47,193.96,1754868.5,339362018.755,184280441.287
2025-08-13 01:00:00+00:00,193.96,195.04,191.99,194.26,2375744.81,459810292.548,243520261.054
2025-08-13 02:00:00+00:00,194.26,198.73,193.34,198.61,2637780.01,517461819.947,293617745.44
2025-08-13 03:00:00+00:00,198.6,199.59,196.82,197.73,2947542.72,584886527.616,302942517.473
2025-08-13 04:00:00+00:00,197.74,200.15,197.2,198.75,1867316.91,371124333.94,180979681.42
2025-08-13 05:00:00+00:00,198.74,198.8,196.05,196.56,1618295.37,319238006.277,137494615.561
2025-08-13 06:00:00+00:00,196.55,196.83,195.2,195.84,1212908.06,237797796.108,107825109.48
2025-08-13 07:00:00+00:00,195.84,198.86,195.81,198.79,1429937.33,281857560.468,166586581.713
2025-08-13 08:00:00+00:00,198.79,199.07,197.65,198.99,1203089.47,238655815.789,114380902.668
2025-08-13 09:00:00+00:00,198.99,202.81,198.96,202.25,3040479.82,610665273.778,338158685.812
2025-08-13 10:00:00+00:00,202.24,202.24,200.87,201.56,1314223.32,264866850.18,130040097.735
2025-08-13 11:00:00+00:00,201.57,202.03,200.35,201.06,1077676.25,216846681.083,93617930.0414
2025-08-13 12:00:00+00:00,201.05,202.61,200.66,201.2,1587928.38,320260021.629,149531407.035
2025-08-13 13:00:00+00:00,201.2,205.07,200.61,202.6,5258456.17,1066298419.31,544353767.254
2025-08-13 14:00:00+00:00,202.58,202.95,196.05,196.29,4997770.01,993623414.084,407585936.339
2025-08-13 15:00:00+00:00,196.3,198.68,194.6,197.49,3344413.09,657691283.113,329023041.185
2025-08-13 16:00:00+00:00,197.49,199.96,197.06,198.02,2048182.18,406789241.962,201723740.659
2025-08-13 17:00:00+00:00,198.01,200.16,197.96,199.06,1121138.55,223203676.917,116800635.602
2025-08-13 18:00:00+00:00,199.06,200.75,197.81,199.45,1545214.38,307887352.795,148567271.574
2025-08-13 19:00:00+00:00,199.45,202.3,198.93,202.15,1340356.23,268875781.905,143816631.851
2025-08-13 20:00:00+00:00,202.14,202.29,199.86,200.38,932409.49,187077385.826,92449380.8866
2025-08-13 21:00:00+00:00,200.38,201.53,200.14,201.02,606351.88,121813091.468,54983876.9573
2025-08-13 22:00:00+00:00,201.03,202.87,200.18,200.58,1192333.64,240360874.705,112963249.929
2025-08-13 23:00:00+00:00,200.57,203.41,200.44,201.58,1132123.06,228668463.759,116664540.715
2025-08-14 00:00:00+00:00,201.57,204,200.74,201.53,1754894.58,355233023.02,169577256.147
2025-08-14 01:00:00+00:00,201.52,204.82,200.64,202.71,1746426.3,354586484.326,182877049.257
2025-08-14 02:00:00+00:00,202.7,208.3,201.82,207.31,2852898.95,585679610.925,329096734.362
2025-08-14 03:00:00+00:00,207.31,209.36,206.18,208.11,1919357.22,398920113.111,203343643.146
2025-08-14 04:00:00+00:00,208.11,210.1,207.43,208.37,1711682.11,357496608.807,170394940.044
2025-08-14 05:00:00+00:00,208.37,210,206.43,206.74,2213486.57,460698842.601,206592474.062
2025-08-14 06:00:00+00:00,206.73,208.34,204.2,207.73,2686030.6,553714431.044,276835565.654
2025-08-14 07:00:00+00:00,207.72,208.19,204.75,205.8,1547102.09,319005483.79,142620388.641
2025-08-14 08:00:00+00:00,205.79,205.99,202.59,203.54,2056129.18,419258457.305,184122734.774
2025-08-14 09:00:00+00:00,203.55,205.74,202.75,205.52,1392195.78,284814235.9,146855384.911
2025-08-14 10:00:00+00:00,205.52,205.87,202,202.87,1885748.31,383759518.148,176558363.693
2025-08-14 11:00:00+00:00,202.86,204.08,202.01,203.75,1431946.88,290681233.109,147455597.45
2025-08-14 12:00:00+00:00,203.74,205.64,190,194.44,9646627.29,1904255640.15,851849162.674
2025-08-14 13:00:00+00:00,194.44,196.86,186.47,194.86,8931164.92,1722724541.65,809311018.845
2025-08-14 14:00:00+00:00,194.86,198.96,193.49,196.56,3494402.61,686946099.036,350474468.002
2025-08-14 15:00:00+00:00,196.56,196.81,194.5,194.84,2256586.14,441473793.045,215311468.775
2025-08-14 16:00:00+00:00,194.84,195.05,190.5,193.31,2941312.65,566517308.207,269175235.616
2025-08-14 17:00:00+00:00,193.32,195.5,191.53,193.78,1764167.67,341595471.17,172852572.308
2025-08-14 18:00:00+00:00,193.77,194.6,191.28,193.53,1219785.91,235552258.419,111729080.035
2025-08-14 19:00:00+00:00,193.54,195.11,192.75,192.89,940256.3,182446701.241,89766853.4867
2025-08-14 20:00:00+00:00,192.89,193.21,191.56,192.18,1095342.56,210565363.582,106814010.273
2025-08-14 21:00:00+00:00,192.17,192.17,187.25,190.2,2291806.31,434160057.606,186329700.923
2025-08-14 22:00:00+00:00,190.21,191.95,189.25,191.77,1111979.19,212009666.634,111706250.775
2025-08-14 23:00:00+00:00,191.78,193.09,191.62,192.39,728808.32,140282217.289,72418303.4943
2025-08-15 00:00:00+00:00,192.4,193.93,191.87,192.63,993007.99,191599919.375,95649822.3613
2025-08-15 01:00:00+00:00,192.64,194.25,192.01,193.61,1098461.47,212366375.457,114064194.519
2025-08-15 02:00:00+00:00,193.61,194.32,193.01,193.3,680611.8,131824511.374,64600093.9622
2025-08-15 03:00:00+00:00,193.3,195.58,192.85,195.09,897197.64,174506759.318,99795336.5618
2025-08-15 04:00:00+00:00,195.09,195.76,194.45,194.9,868122.06,169478010.347,84486043.4245
2025-08-15 05:00:00+00:00,194.9,196.42,194.33,196.42,773534.05,151058861.049,73048266.7482
2025-08-15 06:00:00+00:00,196.41,197.98,196.2,197.29,1445976.55,285220163.086,142172578.839
2025-08-15 07:00:00+00:00,197.3,197.77,196.15,196.88,738247.97,145365673.488,59991752.1545
2025-08-15 08:00:00+00:00,196.87,197.54,196.3,196.5,623577.91,122785682.038,63118837.3315
2025-08-15 09:00:00+00:00,196.49,197.11,193.59,194.17,1361394.08,265719346.963,107462635.498
2025-08-15 10:00:00+00:00,194.17,195.95,194.1,194.6,800868.26,156236272.443,80427643.8376
2025-08-15 11:00:00+00:00,194.6,195.29,193.66,194.24,671437.54,130538325.965,60877081.3858
2025-08-15 12:00:00+00:00,194.25,196.1,192.41,193.34,2351712.87,456311467.396,215127611.44
2025-08-15 13:00:00+00:00,193.34,193.76,190.06,190.41,2241391.28,429920607.779,191010924.418
2025-08-15 14:00:00+00:00,190.4,191.82,187.06,187.45,3318932.05,628399233.544,277108992.702
2025-08-15 15:00:00+00:00,187.46,187.99,184.27,185.45,3962118.43,737219048.461,330637467.429
2025-08-15 16:00:00+00:00,185.44,185.91,183.23,185.43,2632754.41,485955482.916,255612177.735
2025-08-15 17:00:00+00:00,185.44,186.83,183.85,185.76,1815524.61,336951890.536,186021433.46
2025-08-15 18:00:00+00:00,185.76,186.18,183.25,184.1,1089764.59,201328518.084,81505506.7217
2025-08-15 19:00:00+00:00,184.1,185.81,183.27,183.8,1204209.02,221909839.09,114709146.281
2025-08-15 20:00:00+00:00,183.8,184.91,183.26,184.7,684819.97,126141696.263,65413329.4241
2025-08-15 21:00:00+00:00,184.69,185.58,183.83,185.51,592319.07,109472851.052,56709459.421
2025-08-15 22:00:00+00:00,185.51,187.8,185.1,187.6,1029251.92,191931530.152,116622651.834
2025-08-15 23:00:00+00:00,187.61,188.18,184.04,185.62,1283433.43,238518280.352,110394541.541
2025-08-16 00:00:00+00:00,185.61,187.69,185.21,187.35,796148.79,148627346.492,77489345.3462
2025-08-16 01:00:00+00:00,187.35,188.06,186.39,187.84,673376.2,126080481.217,63732312.0386
2025-08-16 02:00:00+00:00,187.83,187.98,186.76,186.8,612522.72,114709939.01,50310593.1053
2025-08-16 03:00:00+00:00,186.81,188.25,186.61,187.02,623731.59,116982057.795,55424794.4222
2025-08-16 04:00:00+00:00,187.03,188,186.7,187.99,405975.63,76061791.5109,34937120.9805
2025-08-16 05:00:00+00:00,187.99,188.04,186.01,186.06,595396.39,111244886.873,45050979.4782
2025-08-16 06:00:00+00:00,186.06,187.58,186.05,187.27,630237.45,117707030.141,59816534.8077
2025-08-16 07:00:00+00:00,187.28,189.53,187.11,189.02,1120940.39,211431167.729,118319839.446
2025-08-16 08:00:00+00:00,189.02,189.16,187.55,188.29,736259.36,138616630.431,65298283.8054
2025-08-16 09:00:00+00:00,188.28,188.46,185.75,185.94,857329.13,160434685.135,62904983.4645
2025-08-16 10:00:00+00:00,185.94,186.85,185.28,186.48,1089371.19,202759894.184,96389116.2127
2025-08-16 11:00:00+00:00,186.48,187.23,185.43,185.66,591813.53,110387866.647,49627905.0564
2025-08-16 12:00:00+00:00,185.66,186.85,185.09,186.56,762650.44,141842326.583,69732255.1745
2025-08-16 13:00:00+00:00,186.55,188.41,186.5,187.32,968850.36,181755564.965,92781520.557
2025-08-16 14:00:00+00:00,187.32,189.14,186.82,188.73,1034576.17,194453708.264,110518675.574
2025-08-16 15:00:00+00:00,188.72,189.39,188.24,188.72,901480.45,170249128.582,82557110.9001
2025-08-16 16:00:00+00:00,188.72,189.31,187.79,187.88,555469.73,104701292.157,51080055.7276
2025-08-16 17:00:00+00:00,187.88,188,187,187.9,542248.61,101694711.177,51028807.2559
2025-08-16 18:00:00+00:00,187.9,188.6,187.51,188.07,350151.66,65815029.4122,34962938.4602
2025-08-16 19:00:00+00:00,188.07,189.13,187.96,188.59,404148.36,76226606.8214,37860178.7349
2025-08-16 20:00:00+00:00,188.6,189.15,188.28,189.02,345672.93,65225109.2214,33853055.9356
2025-08-16 21:00:00+00:00,189.02,189.02,188.15,188.3,208701.53,39348453.0107,18210943.414
2025-08-16 22:00:00+00:00,188.31,189.21,187.83,188.99,297717.96,56157082.3767,28855084.8251
2025-08-16 23:00:00+00:00,188.99,190,188.45,189.52,533673.5,100962304.985,53589118.3509
2025-08-17 00:00:00+00:00,189.53,189.6,188.01,188.1,487194.6,91941783.9805,44880338.9099
2025-08-17 01:00:00+00:00,188.09,188.6,187.26,188.28,585277.41,109943711.016,49415020.9257
2025-08-17 02:00:00+00:00,188.28,191.54,187.86,191.45,1318228.13,250668094.588,140799147.8
2025-08-17 03:00:00+00:00,191.46,191.9,190.21,191.54,941468.92,180013900.261,98671563.765
2025-08-17 04:00:00+00:00,191.53,193.44,191.41,193.3,1040156.32,200323002.639,116356720.713
2025-08-17 05:00:00+00:00,193.31,193.4,192.4,192.55,755735.35,145784220.573,58564354.5262
2025-08-17 06:00:00+00:00,192.54,192.85,191.8,191.86,488561.02,93931439.9494,34740979.9495
2025-08-17 07:00:00+00:00,191.87,192.43,191.22,191.79,688379.2,132060955.796,55299225.1734
2025-08-17 08:00:00+00:00,191.8,193.44,191.62,193.32,769361.15,148142282.805,83358602.8114
2025-08-17 09:00:00+00:00,193.31,193.57,191.43,192.2,1135422.98,218520711.24,105364979.372
2025-08-17 10:00:00+00:00,192.2,193.1,191.58,193.01,675166.74,129777868.773,71234087.1663
2025-08-17 11:00:00+00:00,193,193.56,192.29,193.46,692522.88,133684633.916,63432909.3919
2025-08-17 12:00:00+00:00,193.46,193.7,191.87,192.13,616817.15,118843367.058,52810026.2927
2025-08-17 13:00:00+00:00,192.14,193.51,191.81,193.12,812271.74,156420773.373,79672955.8754
2025-08-17 14:00:00+00:00,193.13,194.37,192.33,193.67,897219.79,173668857.344,88496024.3667
2025-08-17 15:00:00+00:00,193.67,195.42,193.49,195.38,997205.48,193976109.269,100694424.186
2025-08-17 16:00:00+00:00,195.38,195.75,192.8,193.14,1210241.17,234785189.722,102098139.744
2025-08-17 17:00:00+00:00,193.13,193.65,192.7,193.28,563062.49,108767196.628,51498650.6982
2025-08-17 18:00:00+00:00,193.28,193.43,190.34,192.05,1253348.46,240596048.068,98130851.7296
2025-08-17 19:00:00+00:00,192.06,193.36,190.75,191.13,1153832.37,221535824.209,96643732.6093
2025-08-17 20:00:00+00:00,191.12,191.93,190.88,191.05,430342.84,82351652.3542,46162520.108
2025-08-17 21:00:00+00:00,191.06,191.54,190.82,191.15,362245.88,69248444.8182,36353257.9628
2025-08-17 22:00:00+00:00,191.14,193.34,191.01,192.99,782584.35,150434200.19,91615219.0498
2025-08-17 23:00:00+00:00,193,193.21,190.78,190.92,630465.38,120952916.17,48274606.0069
2025-08-18 00:00:00+00:00,190.92,191.26,189.52,190.09,1124298.27,213827974.516,92600260.8781
2025-08-18 01:00:00+00:00,190.08,190.37,186.43,186.49,1995423.74,375564092.891,141149148.153
2025-08-18 02:00:00+00:00,186.5,186.71,183.3,183.86,2600022,480949376.644,221328591.534
2025-08-18 03:00:00+00:00,183.85,184.47,181.71,182.56,2006934.33,367319806.485,170732407.752
2025-08-18 04:00:00+00:00,182.57,183.33,181.48,182.8,1381067.17,251958338.037,132548174.398
2025-08-18 05:00:00+00:00,182.8,183.39,181.01,182.81,1534599.49,279626889.01,125502087.389
2025-08-18 06:00:00+00:00,182.8,182.82,180.2,181.26,1667420.86,302309857.004,130028074.42
2025-08-18 07:00:00+00:00,181.25,181.49,180.12,180.54,870965.6,157458888.063,76021757.6664
2025-08-18 08:00:00+00:00,180.53,181.5,180.35,180.72,839563.89,151958176.411,77210397.5362
2025-08-18 09:00:00+00:00,180.73,181.9,179.84,181.1,1511449.85,273253932.44,144201152.001
2025-08-18 10:00:00+00:00,181.1,181.3,180.44,180.65,562116.12,101656949.351,48947561.3761
2025-08-18 11:00:00+00:00,180.66,181.37,180.26,181.24,525048,94885958.6644,48828171.2181
2025-08-18 12:00:00+00:00,181.24,183.1,181,183.09,1014838.21,184772161.513,106433536.832
2025-08-18 13:00:00+00:00,183.09,183.23,180.39,180.45,1619924.02,294918458.781,126343110.706
2025-08-18 14:00:00+00:00,180.45,182.54,180.45,182.46,1160604.72,210702649.189,107305515.025
2025-08-18 15:00:00+00:00,182.47,183.05,181.09,182.98,935646.34,170426526.05,86633335.4907
2025-08-18 16:00:00+00:00,182.99,184.34,181.66,181.97,1383266.04,253177545.81,122458321.389
2025-08-18 17:00:00+00:00,181.97,185.6,181.87,184.54,1369167.74,252485329.223,131825696.324
2025-08-18 18:00:00+00:00,184.54,184.67,182.88,184.27,890356.1,163583204.833,73276686.3903
2025-08-18 19:00:00+00:00,184.28,184.47,182.65,183.08,649663.85,119177494.909,53693716.1046
2025-08-18 20:00:00+00:00,183.08,183.71,181.97,182.91,485640.2,88819157.5764,45059383.481
2025-08-18 21:00:00+00:00,182.92,184.16,182.57,183.7,373641.58,68524329.2429,35442284.3161
2025-08-18 22:00:00+00:00,183.71,184.9,183.66,184.09,861410.79,158848655.471,80774396.1692
2025-08-18 23:00:00+00:00,184.1,184.52,182.31,182.84,795376.95,145965696.808,64779881.1587
2025-08-19 00:00:00+00:00,182.84,184.95,181.1,184.9,1351234.31,247242854.53,122068939.126
2025-08-19 01:00:00+00:00,184.89,185.79,182.52,183.02,1165571.52,214820006.112,95489901.9573
2025-08-19 02:00:00+00:00,183.02,183.17,181.84,182.09,617570.65,112701968.579,57789996.4084
2025-08-19 03:00:00+00:00,182.1,182.14,178.07,178.47,2156038.07,387536236.686,149003851.758
2025-08-19 04:00:00+00:00,178.46,180,177.25,179.97,1584553.46,282573649.87,150593922.402
2025-08-19 05:00:00+00:00,179.96,180.5,179.18,179.71,783667.17,140897820.998,70787215.0665
2025-08-19 06:00:00+00:00,179.7,180.46,179.31,179.97,470772.79,84691456.9586,42314524.8889
2025-08-19 07:00:00+00:00,179.97,180.09,178.89,180.04,734420.04,131812004.441,60620455.2654
2025-08-19 08:00:00+00:00,180.05,180.88,179,180.39,709655.75,127727166.116,67188279.8764
2025-08-19 09:00:00+00:00,180.39,182.39,180.31,181.25,967349.13,175549750.496,100464519.636
2025-08-19 10:00:00+00:00,181.25,181.93,181.1,181.34,485057.72,88031981.22,46588808.3409
2025-08-19 11:00:00+00:00,181.34,182.77,181.25,182.57,613539.46,111701053.644,61346218.8813
2025-08-19 12:00:00+00:00,182.57,182.67,181.31,181.97,741965.72,134955128.743,55847465.5619
2025-08-19 13:00:00+00:00,181.96,183.37,180.57,182,1863735.95,338855399.795,160082432.239
2025-08-19 14:00:00+00:00,181.99,182.96,177.99,178.49,2930400.81,527451783.086,239679871.551
2025-08-19 15:00:00+00:00,178.48,179.79,177.32,177.9,1890981.64,337547760.021,161130426.168
2025-08-19 16:00:00+00:00,177.9,178.47,176.66,177.06,1402292.06,249039984.385,111614018.036
2025-08-19 17:00:00+00:00,177.05,178.67,176.23,178.06,1136833.65,201860093.912,103106079.742
2025-08-19 18:00:00+00:00,178.05,178.73,175.71,176.64,1265562.58,224417722.248,104780303.201
2025-08-19 19:00:00+00:00,176.63,178.21,175.57,176.64,1426194.12,252411141.155,130272663.999
2025-08-19 20:00:00+00:00,176.65,178.6,175.84,178.58,769705.12,136415904.654,74824776.6417
2025-08-19 21:00:00+00:00,178.58,179.28,178.14,179.01,479266.08,85648876.373,50351171.5263
2025-08-19 22:00:00+00:00,179.01,179.44,177.74,179,577917.9,103188277.06,42289829.9221
2025-08-19 23:00:00+00:00,179,179.23,175.76,176.13,1111488.59,196974496.259,79789095.4745
2025-08-20 00:00:00+00:00,176.12,178.52,175.92,178.06,1135919.16,201327261.045,111773384.322
2025-08-20 01:00:00+00:00,178.06,179.72,176.89,179.46,1342284.14,239322984.277,125488832.458
2025-08-20 02:00:00+00:00,179.46,181.29,179.1,180.71,1145506.45,206729954.559,116665253.883
2025-08-20 03:00:00+00:00,180.71,181.4,180,180.42,663014.53,119763346.381,58598304.7074
2025-08-20 04:00:00+00:00,180.42,181.72,180.27,180.53,687953.59,124483414.158,67121421.5687
2025-08-20 05:00:00+00:00,180.54,181.08,179.75,181.01,556727.96,100395832.587,49548134.3383
2025-08-20 06:00:00+00:00,181,181.23,180.08,180.93,434043.35,78437059.0851,37172158.5316
2025-08-20 07:00:00+00:00,180.94,181.58,180.24,180.45,529505.77,95832808.9023,46504869.3329
2025-08-20 08:00:00+00:00,180.46,182.23,180.18,181.96,908223.31,164664094.137,88865922.2852
2025-08-20 09:00:00+00:00,181.97,182.16,180.79,180.85,744592.35,135199261.238,61093712.2087
2025-08-20 10:00:00+00:00,180.85,181.66,180.72,180.92,410728.34,74368774.3834,32713273.0237
2025-08-20 11:00:00+00:00,180.93,181.25,178.25,180.21,1433012.17,257273275.328,106676489.591
2025-08-20 12:00:00+00:00,180.2,182.25,180.1,181.82,1201804.17,217781155.799,110464074.045
2025-08-20 13:00:00+00:00,181.82,181.82,178.6,178.71,1942402.53,349882895.758,162338666.33
2025-08-20 14:00:00+00:00,178.71,182.48,177.44,181.29,2963479.68,533417552.795,261379448.055
2025-08-20 15:00:00+00:00,181.29,185,181.09,182.95,2600760.07,477610628.256,244401117.186
2025-08-20 16:00:00+00:00,182.94,184.78,182.9,183.71,1432934.36,263587291.012,127043092.616
2025-08-20 17:00:00+00:00,183.71,186.3,183.54,185.08,1647981.8,304666741.807,181399937.16
2025-08-20 18:00:00+00:00,185.08,185.58,182.5,183.55,1723115.09,316634869.969,148045502.256
2025-08-20 19:00:00+00:00,183.56,187.9,183.41,187.53,1574419.89,292596092.816,171499110.792
2025-08-20 20:00:00+00:00,187.52,187.85,186.26,187.18,940195.75,175733456.946,90961240.6058
2025-08-20 21:00:00+00:00,187.18,187.59,185.75,186.92,941414.91,175709444.511,81991883.2437
2025-08-20 22:00:00+00:00,186.93,187.6,186.56,187.27,546709.53,102315268.718,52273622.9112
2025-08-20 23:00:00+00:00,187.26,187.91,186.61,187.9,569362.41,106547980.808,54184076.0408
2025-08-21 00:00:00+00:00,187.89,189.15,186.95,187.86,1108307.57,208309936.136,102135765.844
2025-08-21 01:00:00+00:00,187.85,189.12,186.73,189.01,781495.86,146708425.938,77668242.6063
2025-08-21 02:00:00+00:00,189,189.96,185.45,186.42,1663080.89,311330711.242,140371058.298
2025-08-21 03:00:00+00:00,186.41,190.08,186.27,188.36,2114845.17,399072538.681,205512261.451
2025-08-21 04:00:00+00:00,188.35,188.64,187.12,187.68,888738.58,166961976.84,83163332.2983
2025-08-21 05:00:00+00:00,187.69,188.1,186.55,188.02,729206.92,136571525.945,69035472.6594
2025-08-21 06:00:00+00:00,188.02,188.04,186.41,186.52,584030.8,109165240.145,49614804.0575
2025-08-21 07:00:00+00:00,186.51,187.36,185.8,186.93,806457.02,150495121.722,71500468.566
2025-08-21 08:00:00+00:00,186.93,186.98,185.57,185.59,697359.43,129796841.328,55530033.827
2025-08-21 09:00:00+00:00,185.59,185.67,184.02,184.85,1288554.95,238097284.211,109489925.012
2025-08-21 10:00:00+00:00,184.85,185.22,183.77,184.25,823525.21,151800462.462,76908563.8806
2025-08-21 11:00:00+00:00,184.24,184.88,183.36,183.95,862881.63,158840700.154,82786263.3477
2025-08-21 12:00:00+00:00,183.94,184.8,182.66,183.67,1274845.77,234253604.604,120078550.466
2025-08-21 13:00:00+00:00,183.67,185.71,183.27,183.98,1605713.15,296467412.281,158966025.288
2025-08-21 14:00:00+00:00,183.99,186.36,183.56,184.69,2043064,377931915.263,194990778.561
2025-08-21 15:00:00+00:00,184.69,184.98,181.35,181.57,2098003.58,383788222.909,175441016.742
2025-08-21 16:00:00+00:00,181.58,182.29,180.7,180.89,1397048.73,253494731.411,120442009.177
2025-08-21 17:00:00+00:00,180.89,181.54,179.82,181.1,1375462.79,248410212.936,121560414.828
2025-08-21 18:00:00+00:00,181.11,182.23,180.45,182.07,804294.79,145909831.602,80648886.2033
2025-08-21 19:00:00+00:00,182.07,182.81,179.88,180.06,1300750.43,235594650.577,110504027.679
2025-08-21 20:00:00+00:00,180.06,181.4,179.33,180.75,1131548.79,203959414.78,101021912.578
2025-08-21 21:00:00+00:00,180.75,181.54,179.87,181.09,504939.78,91258591.4106,45181218.5384
2025-08-21 22:00:00+00:00,181.09,181.81,180.82,181.69,393633.69,71419589.5638,39992494.0886
2025-08-21 23:00:00+00:00,181.69,181.69,179.75,180.25,400329.85,72240224.9988,31229955.0891
2025-08-22 00:00:00+00:00,180.24,181.75,180.17,181.05,626717.17,113500154.29,50826209.66
2025-08-22 01:00:00+00:00,181.06,182.05,179.9,181.89,655720.54,118789534.75,66058755.4845
2025-08-22 02:00:00+00:00,181.88,183.46,181.61,182.54,1085782.34,198351590.091,109584713.275
2025-08-22 03:00:00+00:00,182.55,183.39,181.31,181.67,720811.72,131299024.767,55941433.8151
2025-08-22 04:00:00+00:00,181.67,183.32,181.65,182.83,682319.09,124667533.431,68771182.0064
2025-08-22 05:00:00+00:00,182.83,183.85,182.6,183.58,511218.56,93662303.4648,46934982.0469
2025-08-22 06:00:00+00:00,183.59,184.06,182.3,182.86,604486.29,110748747.147,56401959.0264
2025-08-22 07:00:00+00:00,182.87,184.29,182.72,183.88,686592.72,126172832.61,61594494.1214
2025-08-22 08:00:00+00:00,183.88,185,183.66,183.71,855685.5,157815297.01,74885809.376
2025-08-22 09:00:00+00:00,183.71,183.98,182.36,182.85,665633.62,121893873.147,63379967.8609
2025-08-22 10:00:00+00:00,182.86,182.88,180.8,181.1,872365.47,158442869.582,69607729.2136
2025-08-22 11:00:00+00:00,181.11,181.23,179.5,179.54,1083801.34,195363107.653,83657023.2075
2025-08-22 12:00:00+00:00,179.55,179.74,177.14,178.36,2724267.14,486068287.106,217952489.018
2025-08-22 13:00:00+00:00,178.36,181.18,177.84,180.14,2226727.21,399922295.23,200326444.831
2025-08-22 14:00:00+00:00,180.13,193.26,180.11,191.64,11554202.23,2179227149.95,1070549680.98
2025-08-22 15:00:00+00:00,191.64,195.39,191.6,193.45,3906184.59,757296574.37,377695090.7
2025-08-22 16:00:00+00:00,193.46,197.88,193.45,194.86,3549781.57,695337426.362,372463796.835
2025-08-22 17:00:00+00:00,194.85,198.11,194.85,196.86,2393453.9,471008236.836,250868292.458
2025-08-22 18:00:00+00:00,196.85,197.57,195.65,196.81,1565263.79,307919051.576,134886583.227
2025-08-22 19:00:00+00:00,196.81,199.74,196.57,198.96,1810902.56,359012474.406,192110493.122
2025-08-22 20:00:00+00:00,198.97,199.63,198.37,199.63,958937.65,190733713.727,97950956.5868
2025-08-22 21:00:00+00:00,199.62,202.5,199.42,200.21,2422263.22,486757074.782,261119221.83
2025-08-22 22:00:00+00:00,200.2,200.48,198.56,199.44,1282193.97,255780551.283,99807942.545
2025-08-22 23:00:00+00:00,199.45,200.99,199.06,200.68,677107.59,135356066.398,74393255.4654
2025-08-23 00:00:00+00:00,200.68,200.83,198.52,198.57,1020488.76,203555749.341,73816332.4713
2025-08-23 01:00:00+00:00,198.57,199.04,196.78,197.82,1231476.83,243478642.119,102820132.25
2025-08-23 02:00:00+00:00,197.83,198.41,195.31,197.61,1636890.55,322127522.326,163930459.715
2025-08-23 03:00:00+00:00,197.6,198.8,197.18,198.19,933505.69,184843281.702,94494023.8093
2025-08-23 04:00:00+00:00,198.2,205,198.12,204.68,2955666.54,597217359.17,330285916.723
2025-08-23 05:00:00+00:00,204.68,208.82,204.34,207.63,3460495.76,716592730.314,374481880.654
2025-08-23 06:00:00+00:00,207.62,207.96,205.8,206.62,1905477.39,393991349.716,178051021
2025-08-23 07:00:00+00:00,206.62,207.4,205.02,205.29,1341802.96,276470083.887,119943088.92
2025-08-23 08:00:00+00:00,205.3,205.76,202.28,203.92,2250510.64,458282133.79,227252708.692
2025-08-23 09:00:00+00:00,203.92,204.79,203.27,204.55,879518.96,179460591.93,98457629.1042
2025-08-23 10:00:00+00:00,204.55,204.72,201.9,202.1,1100793.5,223566461.642,89364549.2584
2025-08-23 11:00:00+00:00,202.1,203.13,201.64,202.08,709242.65,143597490.42,71941699.1501
2025-08-23 12:00:00+00:00,202.09,203.32,201.16,202.11,1017242.62,205876261.118,114009048.161
2025-08-23 13:00:00+00:00,202.11,202.55,200.65,201.6,1560457.5,314509829.538,144221313.135
2025-08-23 14:00:00+00:00,201.6,203.58,201.04,202.8,1391601.67,281958967.509,155738051.358
2025-08-23 15:00:00+00:00,202.81,203.91,202.51,202.69,893741.19,181704951.831,90546889.2638
2025-08-23 16:00:00+00:00,202.68,203.72,202.22,203.38,703694.05,142892540.819,77006751.4138
2025-08-23 17:00:00+00:00,203.37,203.86,202.29,203.36,639627.76,130013847.076,56964377.8321
2025-08-23 18:00:00+00:00,203.36,204.48,203.33,204.09,548748.5,111933997.82,61643441.1323
2025-08-23 19:00:00+00:00,204.08,204.66,203.83,204.17,447388.41,91356815.8942,46789811.1253
2025-08-23 20:00:00+00:00,204.17,204.37,203.3,203.88,491419.14,100140204.604,50228152.4672
2025-08-23 21:00:00+00:00,203.87,204.22,203.14,203.19,340432.68,69342918.2506,27032966.1277
2025-08-23 22:00:00+00:00,203.2,203.76,202.89,203.63,293924.24,59767309.6557,28707551.3041
2025-08-23 23:00:00+00:00,203.64,205,203.63,204.21,575447.02,117643026.232,62754609.4758
2025-08-24 00:00:00+00:00,204.22,206.87,204.21,206.21,1090811.76,224441926.49,122616202.294
2025-08-24 01:00:00+00:00,206.21,209,205.05,208.23,1866826.6,386564528.668,215646829.643
2025-08-24 02:00:00+00:00,208.24,212.22,207.66,208.92,3214123.89,674583092.536,359732154.041
2025-08-24 03:00:00+00:00,208.91,209.59,207.32,209.21,1491554.6,310993845.587,158370567.859
2025-08-24 04:00:00+00:00,209.2,210.87,208.51,210.81,1448159.04,303648240.202,152807224.549
2025-08-24 05:00:00+00:00,210.81,210.9,208.19,208.67,1232158.63,258176584.718,112221295.579
2025-08-24 06:00:00+00:00,208.68,208.98,207.19,207.49,1222380.43,254328125.742,105968109.156
2025-08-24 07:00:00+00:00,207.49,208.38,206.72,206.79,911301.52,189127337.976,87858883.5027
2025-08-24 08:00:00+00:00,206.79,208.37,206.13,208.25,962279.56,199584833.05,107192768.622
2025-08-24 09:00:00+00:00,208.25,209.16,207.73,208.32,858479.99,178975382.073,85290708.6071
2025-08-24 10:00:00+00:00,208.32,208.37,204.6,204.93,2027005.89,417498265.241,171604737.191
2025-08-24 11:00:00+00:00,204.93,205.49,203.48,204.62,1683652.21,344084280.623,162604448.989
2025-08-24 12:00:00+00:00,204.63,205.1,203.67,204.5,800025.51,163533138.748,83064773.9149
2025-08-24 13:00:00+00:00,204.49,205.77,204.32,204.83,1027957.46,210881606.921,106812595.75
2025-08-24 14:00:00+00:00,204.84,206.6,204.06,206.16,1421086.34,291927785.191,159292210.328
2025-08-24 15:00:00+00:00,206.15,209.48,205.4,205.74,2691049.67,558904338.855,262046001.798
2025-08-24 16:00:00+00:00,205.73,207.4,205.64,206.68,1263605.99,260867630.635,141636096.73
2025-08-24 17:00:00+00:00,206.67,209.93,206.57,209.46,1617595.97,337238683.069,184763109.016
2025-08-24 18:00:00+00:00,209.47,212.1,208.92,211.38,2229267.62,470180333.251,246178542.152
2025-08-24 19:00:00+00:00,211.38,212.09,201.37,205.11,6185452.02,1274949444.02,583025097.103
2025-08-24 20:00:00+00:00,205.11,205.47,201.01,203.74,3214610.44,654542792.385,324243086.039
2025-08-24 21:00:00+00:00,203.75,205.81,202.29,204.43,1422219.55,290257819.687,145333374.426
2025-08-24 22:00:00+00:00,204.43,205.59,201.44,205.17,1568557.34,318878224.681,159170108.424
2025-08-24 23:00:00+00:00,205.18,207.28,204.79,206.09,1395819.19,287898799.683,146711881.306
2025-08-25 00:00:00+00:00,206.09,208.3,202.32,203.58,2607521.28,534373285.133,248506197.235
2025-08-25 01:00:00+00:00,203.58,209,203.52,207.06,2020107.08,417856929.007,220051682.145
2025-08-25 02:00:00+00:00,207.06,213.66,206.8,212.66,3280568.37,694035836.279,364170107.509
2025-08-25 03:00:00+00:00,212.67,213.08,208.82,209.37,2148321.46,452767340.486,185322063.425
2025-08-25 04:00:00+00:00,209.37,209.82,206.84,207.41,1865760.21,388099845.493,174030206.951
2025-08-25 05:00:00+00:00,207.42,208.1,203.54,203.76,2151025.7,442106300.957,196933070.085
2025-08-25 06:00:00+00:00,203.77,204.75,201.83,201.99,2318831.56,471282526.826,237768307.956
2025-08-25 07:00:00+00:00,202,204.49,198.5,199.86,4052829.38,817763354.308,373519130.017
2025-08-25 08:00:00+00:00,199.86,200.88,198.2,199.93,2425256.77,484327919.706,254712945.34
2025-08-25 09:00:00+00:00,199.93,200.26,198.13,199.5,1304110.74,259629195.748,127436005.83
2025-08-25 10:00:00+00:00,199.49,199.49,195,195.86,3511787.6,690184122.515,295217117.974
2025-08-25 11:00:00+00:00,195.86,197.58,195.42,197.54,1659813.21,326058157.45,179879415.406
2025-08-25 12:00:00+00:00,197.53,198.52,196.73,197.96,2102567.76,415408658.314,210867190.066
2025-08-25 13:00:00+00:00,197.97,198.47,195.54,198.21,2547559.99,502238536.221,248925937.729
2025-08-25 14:00:00+00:00,198.21,199.44,196.75,198.23,2392355.65,474475956.286,246185505.614
2025-08-25 15:00:00+00:00,198.24,198.49,196.01,196.49,1324955.3,261366890.782,122283018.019
2025-08-25 16:00:00+00:00,196.5,198.3,195.53,196.37,1276157.14,251441495.029,113069242.786
2025-08-25 17:00:00+00:00,196.37,197.29,195.1,196.64,1196705.42,234811838.024,112361484.583
2025-08-25 18:00:00+00:00,196.65,197.8,196.02,196.39,783230.79,154239374.157,75811914.6438
2025-08-25 19:00:00+00:00,196.38,196.44,190.92,191.42,3310382.91,639643366.633,263891520.005
2025-08-25 20:00:00+00:00,191.42,192.06,186.17,186.19,4559344.01,862102350.893,397680914.323
2025-08-25 21:00:00+00:00,186.2,188.35,185.85,186.27,1870935.1,349936601.209,182149669.422
2025-08-25 22:00:00+00:00,186.28,188.42,185.12,186.93,1520091.78,284121063.704,138536442.508
2025-08-25 23:00:00+00:00,186.92,187.51,185.6,187.09,980686.29,183040452.201,85849454.5241
2025-08-26 00:00:00+00:00,187.08,188.55,185.44,186.2,1883585.31,352180655.574,174904768.636
2025-08-26 01:00:00+00:00,186.19,188.89,185.57,188.13,1369799.05,256878552.222,149878509.56
2025-08-26 02:00:00+00:00,188.13,189.22,186.8,187.42,1246143.47,234477724.444,117982632.69
2025-08-26 03:00:00+00:00,187.43,187.9,186.34,186.84,786170.33,147102781.545,69296368.4864
2025-08-26 04:00:00+00:00,186.84,188.43,186.84,187.79,816696.51,153278271.587,85882650.1917
2025-08-26 05:00:00+00:00,187.79,189.48,187.78,188.63,904659.47,170743880.84,92368499.8937
2025-08-26 06:00:00+00:00,188.63,189.5,187.27,187.82,833184.77,156839643.827,68501535.4788
2025-08-26 07:00:00+00:00,187.83,189.85,187.09,188.81,1179772.69,222585033.704,108609165.745
2025-08-26 08:00:00+00:00,188.8,190.26,188.05,188.63,899369.07,170030166.974,79038953.5473
2025-08-26 09:00:00+00:00,188.62,189.26,187.41,187.94,961967.16,181021146.017,86978220.6347
2025-08-26 10:00:00+00:00,187.93,188.86,187.7,188.52,603404.52,113620754.074,55417296.3596
2025-08-26 11:00:00+00:00,188.52,188.97,186.54,187.87,989157.56,185542688.019,85340637.8609
2025-08-26 12:00:00+00:00,187.88,192.18,187.06,190.44,2986836.49,568139814.784,288348672.858
2025-08-26 13:00:00+00:00,190.44,191,187.62,189.35,2535889.9,480043099.217,234111963.042
2025-08-26 14:00:00+00:00,189.34,191.74,188.31,191.41,1831997.53,348189347.249,176013507.287
2025-08-26 15:00:00+00:00,191.41,192.47,189.86,190.68,1737849.79,332223386.887,151389392.854
2025-08-26 16:00:00+00:00,190.68,193.67,190.5,193.59,1285348.6,246873597.511,140131769.565
2025-08-26 17:00:00+00:00,193.58,194.18,192.17,193.64,1407347.72,271897522.99,133155374.289
2025-08-26 18:00:00+00:00,193.64,195.33,193.41,194.77,1163711.77,226199247.191,121475256.033
2025-08-26 19:00:00+00:00,194.78,197.55,194.23,197.37,1300795.28,254973891.087,139102315.366
2025-08-26 20:00:00+00:00,197.36,197.66,195.78,196.26,903399.67,177740796.991,79054480.5356
2025-08-26 21:00:00+00:00,196.27,196.79,195.31,196.72,715420.31,140165973.923,69393910.3847
2025-08-26 22:00:00+00:00,196.71,197.22,195.67,196.65,678319.19,133208055.197,66728886.0067
2025-08-26 23:00:00+00:00,196.64,198.07,195.52,195.77,1016523.79,199890610.801,104144946.355
2025-08-27 00:00:00+00:00,195.78,196.17,194.27,194.57,913497.75,178273199.066,65414344.5556
2025-08-27 01:00:00+00:00,194.57,196.77,193.71,196.21,1264608.17,246580021.938,125839609.556
2025-08-27 02:00:00+00:00,196.22,199.72,195.55,198.23,1917125.87,380115734.188,202562233.588
2025-08-27 03:00:00+00:00,198.23,202.88,196.86,201.91,2180608.62,435988104.96,244153678.081
2025-08-27 04:00:00+00:00,201.9,205.86,201.66,205.14,2844093.38,581372277.231,311791702.046
2025-08-27 05:00:00+00:00,205.15,205.33,202.5,202.84,1681915.88,342335906.229,154979150.326
2025-08-27 06:00:00+00:00,202.84,204.12,201.82,202.18,1308693.33,265601151.355,125359564.713
2025-08-27 07:00:00+00:00,202.18,202.68,200.73,202.37,1614596.15,325611809.274,152855866.221
2025-08-27 08:00:00+00:00,202.38,203.67,201.49,203.44,1222208.63,247470606.939,141998702.422
2025-08-27 09:00:00+00:00,203.44,205.13,203.02,203.85,1270629.33,259326479.765,137409968.876
2025-08-27 10:00:00+00:00,203.86,205.37,203.22,204.03,1446109.61,295503667.113,148305386.727
2025-08-27 11:00:00+00:00,204.02,205.32,204.02,204.95,922426.42,188887970.646,95563388.9026
2025-08-27 12:00:00+00:00,204.94,205.58,203.08,204.59,1319016.48,269337862.182,126880446.103
2025-08-27 13:00:00+00:00,204.59,205.95,202.48,204.38,2133885.35,436104301.267,215307397.128
2025-08-27 14:00:00+00:00,204.38,207.97,203.26,206.67,3085962.22,636649733.263,339054459.876
2025-08-27 15:00:00+00:00,206.68,209.43,206.2,208.6,2692053.79,559286942.564,308229220.647
2025-08-27 16:00:00+00:00,208.61,209.07,206.55,207.88,1647779.14,342586676.022,168016597.757
2025-08-27 17:00:00+00:00,207.87,209.98,207.37,209.13,1254361.16,261913676.151,141459869.573
2025-08-27 18:00:00+00:00,209.12,212.11,208.15,208.35,2367456.76,498259076.273,255296982.435
2025-08-27 19:00:00+00:00,208.35,209.3,205.95,206.38,2968794.88,615064148.247,307208435.424
2025-08-27 20:00:00+00:00,206.38,209.42,202.95,208.54,6928534.27,1426909130.22,699670577.729
2025-08-27 21:00:00+00:00,208.55,208.73,204.79,205.59,1490966.89,308069421.176,135242168.669
2025-08-27 22:00:00+00:00,205.6,205.72,203.34,204.31,1642727.38,335821749.734,168189927.822
2025-08-27 23:00:00+00:00,204.3,205.37,202.5,202.94,1181043.96,240594370.314,100002574.292
2025-08-28 00:00:00+00:00,202.94,205.1,201.66,203.92,2181865.45,443902480.868,230637038.34
2025-08-28 01:00:00+00:00,203.92,206.37,203.15,205.83,1378740.04,282364680.101,159651245.308
2025-08-28 02:00:00+00:00,205.84,207.82,205.2,206.17,1159485.23,239362072.517,130156719.913
2025-08-28 03:00:00+00:00,206.17,208.28,205.95,208.07,906509.94,187978592.393,102727882.635
2025-08-28 04:00:00+00:00,208.07,212.46,207.39,212,2408898.63,506395759.507,282276034.92
2025-08-28 05:00:00+00:00,212,213.21,210.66,211.58,2162589.63,457970506.137,214681039.366
2025-08-28 06:00:00+00:00,211.58,211.91,209.68,211.61,1589744.27,334924632.22,171014311.32
2025-08-28 07:00:00+00:00,211.61,213.36,210.43,213.04,1525469.71,322933305.841,171530084.62
2025-08-28 08:00:00+00:00,213.03,216.49,213,214.18,3662279.22,786744367.318,419889081.13
2025-08-28 09:00:00+00:00,214.17,214.26,211.45,211.58,1595662.66,339488842.451,149427701.798
2025-08-28 10:00:00+00:00,211.59,213.88,211.34,213.86,1439288.58,306121282.862,163617951.855
2025-08-28 11:00:00+00:00,213.87,213.9,212.31,213.07,1000377.19,213022462.687,100807360.365
2025-08-28 12:00:00+00:00,213.08,214.28,211.86,213.06,1765325.71,376367848.046,189815564.325
2025-08-28 13:00:00+00:00,213.06,216.87,212.11,212.66,4004995.12,859347285.799,424342547.59
2025-08-28 14:00:00+00:00,212.67,215.92,211.58,215.52,2939926.58,628760587.688,330016794.028
2025-08-28 15:00:00+00:00,215.53,215.97,210.1,210.99,3479650.55,738593090.719,345730503.409
2025-08-28 16:00:00+00:00,210.99,213.91,207.03,207.4,3002981.64,633872275.327,296749493.312
2025-08-28 17:00:00+00:00,207.4,210.59,207.22,210.31,2134822.45,446449465.256,234036700.728
2025-08-28 18:00:00+00:00,210.31,212.68,209.41,211.98,1517617.97,320418239.567,183093092.444
2025-08-28 19:00:00+00:00,211.97,212.96,209.7,209.88,1563622,330258057.106,147714008.269
2025-08-28 20:00:00+00:00,209.88,213.59,209.56,213.13,1442447.36,305677432.442,166357361.693
2025-08-28 21:00:00+00:00,213.14,213.89,211.79,213.62,892161.59,189895757.16,85464117.2382
2025-08-28 22:00:00+00:00,213.62,215.73,213.46,214.13,1100713.12,236111811.847,127710850.696
2025-08-28 23:00:00+00:00,214.12,215.22,213.6,214.29,1059246.09,227041406.621,105074781.29
2025-08-29 00:00:00+00:00,214.3,217.95,213.95,214.96,2390586.12,515611726.785,269636043.438
2025-08-29 01:00:00+00:00,214.97,215.34,212,213.36,1890556.24,403591994.325,190491143.75
2025-08-29 02:00:00+00:00,213.37,217.46,212.67,215.24,1987712.04,428770251.61,226966889.952
2025-08-29 03:00:00+00:00,215.25,217.77,214.11,216.77,1500798.32,324270260.25,170508285.212
2025-08-29 04:00:00+00:00,216.76,217.86,215.9,217,1367572.27,296741776.8,142113621.085
2025-08-29 05:00:00+00:00,217,217.13,214.54,215.71,1514616.8,326481710.317,163784196.872
2025-08-29 06:00:00+00:00,215.7,216.3,212.62,212.63,1969466.6,421827619.765,197681304.962
2025-08-29 07:00:00+00:00,212.63,212.63,207.73,208.73,5074375.34,1064177312.92,519600979.001
2025-08-29 08:00:00+00:00,208.73,209.96,206.01,206.75,3058616.58,635855465.432,301307461.321
2025-08-29 09:00:00+00:00,206.75,207.8,205.24,207.6,2202091.01,455014103.964,231824130.048
2025-08-29 10:00:00+00:00,207.6,209.32,206.77,207.47,1763522.42,367078499.709,193605598.769
2025-08-29 11:00:00+00:00,207.47,209.2,206.61,207.55,1355118.29,281785071.708,149753627.872
2025-08-29 12:00:00+00:00,207.55,215,207.03,211.8,4495842.34,949653043.735,485495168.082
2025-08-29 13:00:00+00:00,211.79,211.9,207.6,208.91,3623830.31,760796219.728,343247400.17
2025-08-29 14:00:00+00:00,208.92,210.94,206.64,207.42,4120832.81,860724817.517,435885791.341
2025-08-29 15:00:00+00:00,207.42,210.45,203.67,204.33,3255680.81,675364219.024,299444661.646
2025-08-29 16:00:00+00:00,204.34,205.4,202.64,204.74,3018470.26,616321765.877,311726001.64
2025-08-29 17:00:00+00:00,204.73,204.82,201.93,202.4,2093271.44,425245410.737,200749605.598
2025-08-29 18:00:00+00:00,202.4,203.16,201.22,202.01,1535321.88,310114538.902,145485580.841
2025-08-29 19:00:00+00:00,202.01,204.45,201.56,202.87,1565886.36,318423288.977,172500220.134
2025-08-29 20:00:00+00:00,202.87,203.44,200.61,200.94,1727918.63,348674897.79,144123714.967
2025-08-29 21:00:00+00:00,200.94,203.96,199.74,203.66,1655210.75,333977313.314,165841428.689
2025-08-29 22:00:00+00:00,203.66,203.88,202.32,203.04,628046.58,127543020.045,64321262.2453
2025-08-29 23:00:00+00:00,203.04,205.42,203.03,204.98,1257368.16,257076350.094,146925359.71
2025-08-30 00:00:00+00:00,204.97,205.29,203.43,204.91,1117026.71,228263787.4,111875003.363
2025-08-30 01:00:00+00:00,204.9,205.08,200.93,201.09,1394647.39,283115369.143,111500361.834
2025-08-30 02:00:00+00:00,201.1,203.6,200.6,203.23,1165982.54,235912834.895,129431174.296
2025-08-30 03:00:00+00:00,203.24,206.57,203.08,205.52,1719057.89,353246037.171,189916622.708
2025-08-30 04:00:00+00:00,205.52,206.46,204.58,204.59,798986.96,164237778.302,77601141.9279
2025-08-30 05:00:00+00:00,204.58,206.99,204.3,206.02,1128348.23,232253050.241,127016326.983
2025-08-30 06:00:00+00:00,206.02,206.59,204.89,204.98,831054.24,170936161.319,78595132.5967
2025-08-30 07:00:00+00:00,204.99,205.56,204.34,205,750636.39,153870164.678,77901678.5261
2025-08-30 08:00:00+00:00,205,205.46,202.5,202.92,1224430.65,249906497.285,107586417.541
2025-08-30 09:00:00+00:00,202.92,203.27,201.53,202.31,1107166.32,224069153.137,113775646.328
2025-08-30 10:00:00+00:00,202.32,203.19,201.65,202.64,823963.31,166853809.525,91837067.8537
2025-08-30 11:00:00+00:00,202.64,202.78,201.62,202.52,567456.26,114796177.693,56182194.3918
2025-08-30 12:00:00+00:00,202.52,202.61,199.16,200.51,1867774.62,374515187.346,171081791.144
2025-08-30 13:00:00+00:00,200.51,200.56,197.43,199.04,2243210.59,445340171.188,189008526.255
2025-08-30 14:00:00+00:00,199.04,200.43,198.13,199.84,1128401.66,224901916.28,119923769.86
2025-08-30 15:00:00+00:00,199.84,201.59,199.36,200.94,1141627.99,228813578.457,124311701.897
2025-08-30 16:00:00+00:00,200.95,200.95,199.64,200.26,771454.94,154506357.17,69654006.7239
2025-08-30 17:00:00+00:00,200.27,201.49,199.89,200.82,770840.58,154749183.72,78312921.4464
2025-08-30 18:00:00+00:00,200.82,201.51,200.41,200.94,516341.26,103774580.772,49131120.0965
2025-08-30 19:00:00+00:00,200.94,201.36,200.53,201.16,311867.96,62681662.3154,27682554.4361
2025-08-30 20:00:00+00:00,201.16,201.22,199.62,200.57,427504.33,85625656.4394,36538817.0199
2025-08-30 21:00:00+00:00,200.57,201.2,200.07,200.53,372113.25,74619456.6242,37557257.1451
2025-08-30 22:00:00+00:00,200.53,201.38,199.96,201.34,338633,67968774.2817,34346307.0349
2025-08-30 23:00:00+00:00,201.35,203.21,201.26,202.59,929818.49,188205365.755,113446445.248
2025-08-31 00:00:00+00:00,202.59,205.85,202.58,205.32,1727421.16,352688875.433,187578424.798
2025-08-31 01:00:00+00:00,205.33,206.64,204.1,206.29,1434679.79,294620516.464,158588725.995
2025-08-31 02:00:00+00:00,206.29,206.56,204.79,204.96,670596.88,137829130.299,53129213.8256
2025-08-31 03:00:00+00:00,204.97,205.59,204.72,205.48,603904.35,123883584.21,62423215.0526
2025-08-31 04:00:00+00:00,205.48,205.57,203.36,204.34,975903.13,199452110.47,82384437.4303
2025-08-31 05:00:00+00:00,204.33,204.84,203.83,204.55,476903.87,97426598.362,52083703.2708
2025-08-31 06:00:00+00:00,204.55,204.78,202.66,202.88,692903.54,141044085.643,58341114.9268
2025-08-31 07:00:00+00:00,202.88,203.84,202.85,203.44,394719.33,80312071.5482,42522280.119
2025-08-31 08:00:00+00:00,203.44,205.77,203.41,205.71,823981.77,168586248.497,105018331.726
2025-08-31 09:00:00+00:00,205.7,205.74,203.79,203.96,836061.89,171217266.486,66388410.894
2025-08-31 10:00:00+00:00,203.96,204.44,202.64,203.46,775906.49,157833305.079,78222141.675
2025-08-31 11:00:00+00:00,203.46,203.76,202.06,203.55,742579.08,150765582.606,68306665.0172
2025-08-31 12:00:00+00:00,203.56,203.72,202.33,203.3,729258.78,147978181.386,75295152.9475
2025-08-31 13:00:00+00:00,203.29,203.73,201.6,202.01,946585.55,191667885.832,82525871.2943
2025-08-31 14:00:00+00:00,202.01,203.86,201.39,203.65,939692.89,190405202.663,106243924.28
2025-08-31 15:00:00+00:00,203.65,204.8,203.49,204.48,1068612.8,218157517.532,112619358.462
2025-08-31 16:00:00+00:00,204.49,205.24,203.59,205.02,944297.1,192928489.002,103986467.09
2025-08-31 17:00:00+00:00,205.02,205.54,204.4,204.85,586600.05,120246395.121,59743788.7084
2025-08-31 18:00:00+00:00,204.85,205.6,204.55,205.56,448695.27,92039635.0612,49098642.853
2025-08-31 19:00:00+00:00,205.55,205.97,204.33,204.53,611295,125340208.553,57913821.6578
2025-08-31 20:00:00+00:00,204.53,205.13,204.22,204.75,298836.67,61171359.4108,25557573.3075
2025-08-31 21:00:00+00:00,204.75,205.35,204.18,205.29,252417.24,51694270.0501,26870248.8875
2025-08-31 22:00:00+00:00,205.3,205.72,203.3,203.64,758799.69,155043130.329,70793383.7844
2025-08-31 23:00:00+00:00,203.65,203.82,200.2,200.57,1779576.57,359108081.58,173077114.668
2025-09-01 00:00:00+00:00,200.57,201.3,198.39,200.35,2331410.61,465802898.874,231178639.908
2025-09-01 01:00:00+00:00,200.35,202.43,199.78,200.86,1347693.08,271133713.778,126299473.741
2025-09-01 02:00:00+00:00,200.87,201.18,195.81,197.44,2948176.26,584432836.404,244761239.914
2025-09-01 03:00:00+00:00,197.44,198.65,196.81,198.3,1220948.55,241488889.366,136072395.57
2025-09-01 04:00:00+00:00,198.3,198.39,196.69,197.44,1098755.41,217029202.741,94458928.2366
2025-09-01 05:00:00+00:00,197.44,198.87,196.55,198.31,920072.9,182076608.539,94710601.0465
2025-09-01 06:00:00+00:00,198.31,199.37,197.42,198.69,1045231.68,207408351.439,116154609.95
2025-09-01 07:00:00+00:00,198.68,202.85,197.74,202.84,2202127.52,440896950.937,236006663.419
2025-09-01 08:00:00+00:00,202.83,204.45,202.3,203,2034554.47,413663109.081,183656861.875
2025-09-01 09:00:00+00:00,202.99,203.67,200.88,200.93,1201756.64,243095800.494,107263492.733
2025-09-01 10:00:00+00:00,200.93,201.5,198.23,199.39,1505345.16,300645496.234,148869002.388
2025-09-01 11:00:00+00:00,199.39,199.57,198.55,199.29,807276.32,160749356.303,79826849.3517
2025-09-01 12:00:00+00:00,199.3,200.39,198.68,199.52,809290.22,161624760.672,85332593.9122
2025-09-01 13:00:00+00:00,199.53,201.08,198.81,199.6,1116464.27,223264822.431,105227003.611
2025-09-01 14:00:00+00:00,199.6,200.65,198.97,200.14,770789.26,154070874.074,75284879.1282
2025-09-01 15:00:00+00:00,200.14,200.82,197.55,198.26,1107242.75,220262996.612,94337774.7605
2025-09-01 16:00:00+00:00,198.25,198.91,197.34,198.46,807585.66,160072958.166,75488180.1646
2025-09-01 17:00:00+00:00,198.46,199.04,197.2,198.46,959180.24,189931741.368,97699275.3511
2025-09-01 18:00:00+00:00,198.46,199.44,198.33,199.14,569666.17,113305800.605,58575449.968
2025-09-01 19:00:00+00:00,199.14,200.09,199.04,200.08,421820.96,84197929.5746,39731229.6648
2025-09-01 20:00:00+00:00,200.08,200.1,196.02,197.63,1601193.52,316430282.601,139156150.778
2025-09-01 21:00:00+00:00,197.64,197.7,194.31,194.97,1882842.66,368681743.132,149681361.365
2025-09-01 22:00:00+00:00,194.97,195.88,194.06,195.67,1241445.97,241872530.212,132594798.462
2025-09-01 23:00:00+00:00,195.66,197.37,195.38,197.22,1023503.79,200902294.496,102569475.994
2025-09-02 00:00:00+00:00,197.21,197.92,196.67,197.64,712224.4,140519257.058,67709036.2796
2025-09-02 01:00:00+00:00,197.64,199.95,197.13,199.17,1424056.16,282848464.106,141827276.919
2025-09-02 02:00:00+00:00,199.16,202.33,198.74,202.15,1376277.36,275702213.398,145213385.234
2025-09-02 03:00:00+00:00,202.16,203.3,201.51,201.78,1545608.99,312678685.478,142415225.306
2025-09-02 04:00:00+00:00,201.79,203.1,201.33,202.92,832633.92,168363637.795,93719024.0371
2025-09-02 05:00:00+00:00,202.92,203.44,201.84,203.19,761261.31,154339190.881,75907055.2298
2025-09-02 06:00:00+00:00,203.19,204.37,203.05,204.02,1022059.22,208357117.086,110665602.839
2025-09-02 07:00:00+00:00,204.02,204.1,201.76,202.03,1349738.83,273792542.983,116413473.115
2025-09-02 08:00:00+00:00,202.03,203.85,201.95,203.02,1075775.86,218457158.009,120294209.635
2025-09-02 09:00:00+00:00,203.02,204.3,202.72,204.29,822573.41,167518912.399,85867217.7332
2025-09-02 10:00:00+00:00,204.3,204.36,203.3,203.61,636945.12,129769449.942,56078436.3473
2025-09-02 11:00:00+00:00,203.61,203.68,201.6,201.9,1102448.01,223343013.31,89555756.2686
2025-09-02 12:00:00+00:00,201.9,202.17,197.25,197.86,2711541.65,540771117.875,266674182.801
2025-09-02 13:00:00+00:00,197.86,204.22,197.71,203.99,4240406.49,852930118.358,476542660.959
2025-09-02 14:00:00+00:00,203.99,205.06,202.6,204.28,2976276.83,606804388.628,302219400.568
2025-09-02 15:00:00+00:00,204.28,204.53,199.66,200.2,2339042.51,472339008.96,209209625.019
2025-09-02 16:00:00+00:00,200.19,201.92,199.37,201.41,1659467.98,333131505.614,179189832.875
2025-09-02 17:00:00+00:00,201.41,205.32,201.4,204.75,1980588.77,403440915.747,234179167.421
2025-09-02 18:00:00+00:00,204.74,206.5,203.22,205.57,1950962.28,399127097.231,202220765.257
2025-09-02 19:00:00+00:00,205.57,206.99,204.32,205.44,1662581.49,341771152.724,163668170.057
2025-09-02 20:00:00+00:00,205.44,208.18,204.82,206.67,1497324.04,310083433.675,165040084.929
2025-09-02 21:00:00+00:00,206.66,208.02,206.57,207.18,653129.78,135417114.905,67974831.9825
2025-09-02 22:00:00+00:00,207.19,208.79,206.52,208.57,1009782.11,209637869.26,116425865.225
2025-09-02 23:00:00+00:00,208.56,209.59,207.87,209.54,1131687.95,236343193.282,126764731.88
2025-09-03 00:00:00+00:00,209.54,210.48,207.83,208.29,1580430.44,330487069.254,170366457.303
2025-09-03 01:00:00+00:00,208.3,211.78,207.29,211.38,1703535.02,356196632.801,202776475.357
2025-09-03 02:00:00+00:00,211.38,211.91,210.22,211.18,1730160.41,365269130.616,178503865.807
2025-09-03 03:00:00+00:00,211.18,211.76,209.22,209.94,1173793.35,246861318.498,110192415.965
2025-09-03 04:00:00+00:00,209.93,210.37,209.1,210.16,604461.39,126765287.813,67152494.9354
2025-09-03 05:00:00+00:00,210.17,210.39,208.81,208.94,747815.01,156544005.937,66827208.6282
2025-09-03 06:00:00+00:00,208.94,209.33,207.84,208.36,999170.82,208312495.514,108111315.377
2025-09-03 07:00:00+00:00,208.37,209.32,207.93,209.25,756289.57,157773099.173,87401038.2225
2025-09-03 08:00:00+00:00,209.25,210.7,208.8,209.29,994859.66,208631663.551,112213838.945
2025-09-03 09:00:00+00:00,209.29,209.58,208.03,209.5,1123113.53,234380146.767,116347127.906
2025-09-03 10:00:00+00:00,209.49,210.28,208.81,209.8,823387.16,172751929.605,80702101.0577
2025-09-03 11:00:00+00:00,209.79,211.26,209.52,210.25,998571.63,210177292.202,114781165.187
2025-09-03 12:00:00+00:00,210.26,211.29,208.68,209.01,1450514.18,304570449.068,151225805.55
2025-09-03 13:00:00+00:00,209.01,212.95,208.98,211.51,2403316.25,507598144.643,263073670.059
2025-09-03 14:00:00+00:00,211.51,212.57,210.22,211.98,1941785.66,410629074.615,200223830.846
2025-09-03 15:00:00+00:00,211.98,212.73,210.79,211.27,1222663.58,258988983.852,146301153.006
2025-09-03 16:00:00+00:00,211.26,211.88,209.37,209.85,984210.54,207068712.504,93431125.3988
2025-09-03 17:00:00+00:00,209.85,211.49,209.82,210.73,702643.19,148034905.394,77438321.4942
2025-09-03 18:00:00+00:00,210.72,211.07,208.72,209.54,770111.73,161504509.335,72372898.8554
2025-09-03 19:00:00+00:00,209.54,210.42,209.18,210.29,635910.23,133388524.093,65149499.9923
2025-09-03 20:00:00+00:00,210.29,210.38,209.1,209.33,447641.9,93821859.5104,45923663.5327
2025-09-03 21:00:00+00:00,209.34,209.44,208.28,208.79,382011.31,79767112.4784,37044591.0294
2025-09-03 22:00:00+00:00,208.78,209.79,208.4,209.79,510204.83,106653864.505,60533865.6411
2025-09-03 23:00:00+00:00,209.78,210.86,209.53,210.65,693253.97,145725359.84,78816886.2963
2025-09-04 00:00:00+00:00,210.65,211.87,210.35,211.13,695911.69,146978672.017,76040296.4927
2025-09-04 01:00:00+00:00,211.13,211.15,209.64,210.3,628848.58,132280061.627,63283228.2503
2025-09-04 02:00:00+00:00,210.29,210.46,207.36,208.17,1307160.81,272554977.359,117782359.712
2025-09-04 03:00:00+00:00,208.17,208.58,207.47,208.1,798277.76,166006033.25,82184193.4693
2025-09-04 04:00:00+00:00,208.09,208.45,206.77,207.06,771714.86,160194283.385,68586330.0213
2025-09-04 05:00:00+00:00,207.06,207.09,205.56,206.7,1397255.47,288228737.244,129579997.892
2025-09-04 06:00:00+00:00,206.7,207.15,206.21,206.22,716363.78,148082895.97,67309159.2657
2025-09-04 07:00:00+00:00,206.23,207.37,206.13,206.55,488717.8,101036496.246,52805906.2418
2025-09-04 08:00:00+00:00,206.56,208.08,206.47,206.94,751774.98,155925379.344,90124468.2767
2025-09-04 09:00:00+00:00,206.95,208.04,206.94,207.97,417962.55,86778445.8705,41835020.1598
2025-09-04 10:00:00+00:00,207.98,208.69,207.42,207.42,778370.54,162030982.198,77579274.3988
2025-09-04 11:00:00+00:00,207.43,208.34,206.84,207.12,574725.31,119286232.913,57259177.9816
2025-09-04 12:00:00+00:00,207.12,208.41,206.87,208.3,863676.11,179320407.78,90317401.3987
2025-09-04 13:00:00+00:00,208.29,208.39,206.22,206.98,1245836.75,258432261.679,121052738.941
2025-09-04 14:00:00+00:00,206.97,207.65,204.57,205.28,2168796.13,446248098.09,200720453.323
2025-09-04 15:00:00+00:00,205.29,205.34,203.28,203.71,2050072.9,418401564.211,204911266.834
2025-09-04 16:00:00+00:00,203.68,204.8,203.43,204.52,943624.9,192530948.342,103533340.967
2025-09-04 17:00:00+00:00,204.51,205.08,203.79,203.85,652135.47,133421740.866,72102513.7156
2025-09-04 18:00:00+00:00,203.86,204.59,202.15,202.98,1193219.33,242518418.705,113297187.729
2025-09-04 19:00:00+00:00,202.98,203.57,201.7,202.03,824045.05,166895861.586,77158530.013
2025-09-04 20:00:00+00:00,202.02,203.66,201.8,202.52,738337.19,149812602.266,83012850.4677
2025-09-04 21:00:00+00:00,202.52,203.92,202.36,203.69,502547.91,102099612.797,52906689.1381
2025-09-04 22:00:00+00:00,203.69,204.71,202.66,204.09,841682.37,171352853.191,93276075.6328
2025-09-04 23:00:00+00:00,204.09,204.78,202.09,202.23,871971.67,177484748.071,74567083.6669
2025-09-05 00:00:00+00:00,202.22,202.84,200.8,201.09,974476.94,196748666.257,87177640.7476
2025-09-05 01:00:00+00:00,201.08,203.68,200.85,203.36,798731.98,161642813.342,88099468.1307
2025-09-05 02:00:00+00:00,203.36,203.99,202.54,203.92,690867.09,140505107.991,74144715.1815
2025-09-05 03:00:00+00:00,203.92,203.93,202.41,203.46,499267.69,101406907.574,47096679.4907
2025-09-05 04:00:00+00:00,203.47,204.5,202.92,204.01,489851.21,99775593.1216,56244139.9373
2025-09-05 05:00:00+00:00,204.01,204.8,203.81,204.56,748574.85,152919712.463,70468536.5679
2025-09-05 06:00:00+00:00,204.57,204.74,203.76,204.73,486420.94,99340944.8236,42962217.3766
2025-09-05 07:00:00+00:00,204.73,208.36,204.63,207.77,2184137.01,451743170.063,244375711.356
2025-09-05 08:00:00+00:00,207.77,207.88,206.4,206.47,1105228.22,228755443.396,90715813.1152
2025-09-05 09:00:00+00:00,206.47,206.85,204.43,205.76,1492705.76,306672741.491,148828870.323
2025-09-05 10:00:00+00:00,205.77,206.56,205.6,205.91,644238.92,132762665.436,63850787.2666
2025-09-05 11:00:00+00:00,205.91,206.94,205.87,206.55,608702.06,125751841.092,64599454.9598
2025-09-05 12:00:00+00:00,206.55,209.71,204.83,208.94,3781676.78,785042906.111,381431720.887
2025-09-05 13:00:00+00:00,208.94,209.95,208.27,209.57,1956043.74,409122940.326,202911764.466
2025-09-05 14:00:00+00:00,209.58,209.58,201.55,202.13,5256146.73,1075624919.79,491996992.895
2025-09-05 15:00:00+00:00,202.13,204.35,201.5,203.43,2038078.49,413920113.521,207296044.628
2025-09-05 16:00:00+00:00,203.44,203.99,202.4,203.66,840847.58,170802495.85,79382322.2661
2025-09-05 17:00:00+00:00,203.67,203.71,202.1,202.33,794575.51,161135545.894,74578247.8291
2025-09-05 18:00:00+00:00,202.33,204.67,201.81,204.25,984059.87,199852291.602,105582866.8
2025-09-05 19:00:00+00:00,204.24,205.48,203.77,205.36,1015237.82,207974232.006,110145850.862
2025-09-05 20:00:00+00:00,205.36,205.65,204.33,205.49,622397.72,127595303.964,66108921.4575
2025-09-05 21:00:00+00:00,205.48,205.6,202.85,203.03,1030241.45,210083878.622,91562079.1647
2025-09-05 22:00:00+00:00,203.02,204.3,202.6,204.06,422834.99,86022991.4292,46367577.0784
2025-09-05 23:00:00+00:00,204.05,204.42,203.21,203.3,242611.31,49450882.9755,21691914.6374
2025-09-06 00:00:00+00:00,203.29,204.22,203.1,203.81,313298.01,63840939.5157,37330089.4514
2025-09-06 01:00:00+00:00,203.81,204.59,203.41,204.32,276806.88,56468677.6172,29812404.3909
2025-09-06 02:00:00+00:00,204.33,204.6,203.05,204.25,377633.97,76915198.3803,37574553.314
2025-09-06 03:00:00+00:00,204.25,204.5,203.74,203.98,231212.86,47187697.653,21391725.9816
2025-09-06 04:00:00+00:00,203.99,203.99,203.1,203.14,315953.12,64265658.013,31140677.7459
2025-09-06 05:00:00+00:00,203.14,203.27,202.02,202.16,530926.46,107561967.327,44031017.6346
2025-09-06 06:00:00+00:00,202.17,202.6,202.04,202.39,308586.5,62442316.7774,31232856.1224
2025-09-06 07:00:00+00:00,202.38,203.17,202.31,202.92,272268.97,55219618.6659,29652045.1925
2025-09-06 08:00:00+00:00,202.92,203.48,202.54,203.39,287881.23,58451078.6495,29813584.9735
2025-09-06 09:00:00+00:00,203.38,203.38,202.56,202.6,310371.42,62995121.5944,21713447.3047
2025-09-06 10:00:00+00:00,202.59,203.05,202.32,202.8,319227.64,64705444.4252,27433911.4208
2025-09-06 11:00:00+00:00,202.79,202.84,201.8,202.29,448072.99,90614950.6501,36866008.4462
2025-09-06 12:00:00+00:00,202.3,202.79,202.12,202.2,289129.89,58526240.9671,26736454.4412
2025-09-06 13:00:00+00:00,202.19,202.41,201.29,202.21,638853.01,128902472.309,60867780.5923
2025-09-06 14:00:00+00:00,202.21,202.56,201.76,201.94,371574.84,75116886.6508,34844965.7067
2025-09-06 15:00:00+00:00,201.95,202.19,200.82,201.15,682031.47,137432155.39,54895191.4357
2025-09-06 16:00:00+00:00,201.15,202.27,200.64,201.52,858977.85,173001588.716,86866194.2356
2025-09-06 17:00:00+00:00,201.52,201.71,199.5,200.04,1040735.65,208562889.339,76813940.8715
2025-09-06 18:00:00+00:00,200.04,200.69,199.13,199.92,830963.92,166121963.057,77329184.1432
2025-09-06 19:00:00+00:00,199.93,200.18,199.24,199.65,433203.26,86549226.5381,44644965.1042
2025-09-06 20:00:00+00:00,199.64,200.71,199.61,200.71,420095.62,84113938.1902,43750057.9211
2025-09-06 21:00:00+00:00,200.72,201.13,200.24,200.68,374124.2,75079429.5937,33333034.6574
2025-09-06 22:00:00+00:00,200.67,200.99,199.91,200.26,372473.59,74645682.6133,31657511.4101
2025-09-06 23:00:00+00:00,200.27,200.94,199.82,200.06,391184.81,78368609.7431,40351468.9979
2025-09-07 00:00:00+00:00,200.06,201.28,200,201.06,434903.78,87288804.2696,48954973.1857
2025-09-07 01:00:00+00:00,201.06,203.1,200.99,202.61,959390.92,193946737.576,117031560.505
2025-09-07 02:00:00+00:00,202.62,202.87,201.9,202.71,500670.09,101280024.301,50241374.7965
2025-09-07 03:00:00+00:00,202.71,203.17,202.46,202.76,297758.65,60377471.0893,25853475.6132
2025-09-07 04:00:00+00:00,202.76,203,202.22,202.98,272592.59,55226368.5595,22959290.596
2025-09-07 05:00:00+00:00,202.98,203.17,202.6,202.74,249645.47,50646675.6074,22069293.2114
2025-09-07 06:00:00+00:00,202.75,202.89,202.14,202.2,277218.71,56125335.455,24752914.5728
2025-09-07 07:00:00+00:00,202.19,203.23,202.14,202.9,350384.34,71027538.6706,39225647.8575
2025-09-07 08:00:00+00:00,202.9,203.87,202.88,203.41,734396.52,149385594.684,75879136.3215
2025-09-07 09:00:00+00:00,203.41,203.85,202.65,203.08,394987.47,80261522.9503,33979791.648
2025-09-07 10:00:00+00:00,203.08,203.26,202.76,203.26,244231.06,49588308.9956,24547201.655
2025-09-07 11:00:00+00:00,203.26,203.9,203,203.87,356580.21,72531243.6704,40997203.6774
2025-09-07 12:00:00+00:00,203.87,203.95,203.24,203.67,320805.47,65304659.3192,28357203.5625
2025-09-07 13:00:00+00:00,203.67,203.7,203,203.32,353428,71860378.2903,33111919.9302
2025-09-07 14:00:00+00:00,203.32,203.9,203.05,203.57,402779.34,81998846.7106,39061143.5885
2025-09-07 15:00:00+00:00,203.57,205.45,203.36,205.09,1116102.38,228296367.581,127782355.794
2025-09-07 16:00:00+00:00,205.08,205.41,203.34,203.38,943033.49,192664118.528,81511933.7301
2025-09-07 17:00:00+00:00,203.39,203.62,201.63,201.9,1103548.02,223368422.307,100922968.803
2025-09-07 18:00:00+00:00,201.91,202.2,201.36,202.06,447873.39,90383868.4428,43505225.5226
2025-09-07 19:00:00+00:00,202.06,202.99,201.76,202.98,596107.58,120626030.683,67718668.9747
2025-09-07 20:00:00+00:00,202.98,204.87,202.5,204.83,639961.02,130160359.022,68960083.178
2025-09-07 21:00:00+00:00,204.83,205.08,204.31,204.58,680417.15,139291529.365,61546824.0809
2025-09-07 22:00:00+00:00,204.58,207.4,204.25,207.03,1430393.16,294422632.108,162510157.382
2025-09-07 23:00:00+00:00,207.03,207.93,206.17,206.29,1368236.27,283505674.085,138396054.017
2025-09-08 00:00:00+00:00,206.28,207.1,205.57,205.6,1007979.2,207823668.739,102587309.407
2025-09-08 01:00:00+00:00,205.6,207.33,205.53,206.8,667784.91,137860570.6,68606722.3579
2025-09-08 02:00:00+00:00,206.81,207.88,206.09,207.77,762978.64,158044348.691,87632611.0963
2025-09-08 03:00:00+00:00,207.77,208.95,207.4,207.56,1002641.31,208596381.612,108027246.333
2025-09-08 04:00:00+00:00,207.56,208.59,206.87,207.76,831980.11,172825605.009,92056700.1026
2025-09-08 05:00:00+00:00,207.76,207.89,206.6,207.25,671528.26,139127484.183,64701530.137
2025-09-08 06:00:00+00:00,207.25,207.62,206.54,207.03,480609.32,99514496.4819,48086068.5101
2025-09-08 07:00:00+00:00,207.02,208.83,206.93,207.85,905380,188428627.693,104207213.964
2025-09-08 08:00:00+00:00,207.85,209.49,207.31,208.84,1272410.38,265437502.752,141776489.979
2025-09-08 09:00:00+00:00,208.83,210.92,208.58,210.84,1415477.09,296897247.312,170413642.329
2025-09-08 10:00:00+00:00,210.84,215.78,210.35,215.15,3905006.05,832817398.078,449146398.381
2025-09-08 11:00:00+00:00,215.16,215.26,212.9,214.21,2110474.24,451419757.552,195680736.929
2025-09-08 12:00:00+00:00,214.22,214.83,213.49,214.43,911244.81,195178007.73,94064610.3157
2025-09-08 13:00:00+00:00,214.44,216.29,212.92,213.27,2365793.99,507611159.772,246417064.975
2025-09-08 14:00:00+00:00,213.27,215.79,212.97,215.22,1302100.38,279289445.818,144379118.498
2025-09-08 15:00:00+00:00,215.22,216.63,214.6,214.97,1927293.55,415470744.984,210100911.411
2025-09-08 16:00:00+00:00,214.97,215.4,213.77,214.85,1161495.51,249074479.06,125692772.645
2025-09-08 17:00:00+00:00,214.85,216.89,213.89,215.32,1514004.83,326526313.03,164607896.49
2025-09-08 18:00:00+00:00,215.33,216.85,214.7,216.57,1046666.88,225890335.621,126491696.405
2025-09-08 19:00:00+00:00,216.57,216.97,214.65,216.03,1372451.95,296125328.29,150004906.786
2025-09-08 20:00:00+00:00,216.03,216.12,213.79,214.39,996873.43,213997352.944,97315494.7481
2025-09-08 21:00:00+00:00,214.38,215.76,214.16,214.99,534592.6,114939601.802,57375013.9524
2025-09-08 22:00:00+00:00,214.99,215.44,214.35,214.61,427506.96,91852920.0047,42236319.7779
2025-09-08 23:00:00+00:00,214.61,215.16,213.42,214.02,511822.74,109549494.036,48272131.8936
2025-09-09 00:00:00+00:00,214.02,214.83,212.1,213.12,1240338.94,264417062.91,120348328.45
2025-09-09 01:00:00+00:00,213.13,213.92,212.07,213.15,762456.19,162306183.674,83839553.2666
2025-09-09 02:00:00+00:00,213.15,213.45,210.8,211.59,1168187.13,247551553.47,111909894.926
2025-09-09 03:00:00+00:00,211.59,214.76,211.34,214.52,949841.68,202332754.957,114852235.038
2025-09-09 04:00:00+00:00,214.53,215.6,213.87,214.75,1276540.71,274176569.936,137111437.593
2025-09-09 05:00:00+00:00,214.75,215.4,213.91,215.1,521035.62,111790849.296,56534507.2121
2025-09-09 06:00:00+00:00,215.1,219.73,214.92,218.36,3009482.16,656148224.193,359161737.159
2025-09-09 07:00:00+00:00,218.37,219.74,218.29,219.2,1568778.18,343648281.25,181384697.136
2025-09-09 08:00:00+00:00,219.2,219.47,218.44,218.97,682401.66,149388264.718,66536996.2233
2025-09-09 09:00:00+00:00,218.98,219.26,218.45,218.94,539761.62,118131555.377,57154742.2987
2025-09-09 10:00:00+00:00,218.94,219.16,217.34,217.71,1008020.08,219979639.13,93170770.6128
2025-09-09 11:00:00+00:00,217.7,218,216.9,217.19,697801.7,151751745.03,76132023.3647
2025-09-09 12:00:00+00:00,217.19,218.37,216.48,217.56,1195889.66,260030409.546,115711302.748
2025-09-09 13:00:00+00:00,217.56,218.39,216.2,217.92,1412996.22,307035706.264,157013286.242
2025-09-09 14:00:00+00:00,217.93,218.47,213.12,215.42,3824831.22,824295053.87,393492798.047
2025-09-09 15:00:00+00:00,215.42,215.76,211.66,212.98,2559773.03,545585986.193,273144782.533
2025-09-09 16:00:00+00:00,212.98,214.86,212.9,214.09,1342982.35,287365488.338,160904038.138
2025-09-09 17:00:00+00:00,214.09,215.62,213.94,214.85,957839.59,205771312.292,114211191.794
2025-09-09 18:00:00+00:00,214.85,216.8,214.36,216.34,1008009.29,217604683.811,126948926.624
2025-09-09 19:00:00+00:00,216.34,216.92,215.74,216.26,557870.08,120679033.386,54075243.7653
2025-09-09 20:00:00+00:00,216.25,216.31,215.17,216.22,619225.49,133606274.06,50944647.9472
2025-09-09 21:00:00+00:00,216.22,216.52,215.02,215.08,513424.2,110774917.548,49630320.5533
2025-09-09 22:00:00+00:00,215.07,217.3,214.88,217.1,769043.45,166325556.402,95375281.578
2025-09-09 23:00:00+00:00,217.1,217.7,216.5,217.11,578719.77,125666114.134,63900784.4338
2025-09-10 00:00:00+00:00,217.11,217.44,215.02,215.14,947758.44,204732051.777,92610894.9308
2025-09-10 01:00:00+00:00,215.14,216.47,215.06,216.23,545519.93,117724101.716,60670063.2938
2025-09-10 02:00:00+00:00,216.23,219.58,216.22,219.11,1967584.83,429563561.25,254114797.952
2025-09-10 03:00:00+00:00,219.11,219.47,217.91,219.13,954664.36,208790746.914,100682800.04
2025-09-10 04:00:00+00:00,219.13,219.13,217.74,218.34,651521.53,142315074.694,67949057.4169
2025-09-10 05:00:00+00:00,218.34,219.2,217.8,218.55,653091.28,142659223.493,73875392.834
2025-09-10 06:00:00+00:00,218.54,219.58,217.9,219.13,862537.98,188912059.421,95713352.5629
2025-09-10 07:00:00+00:00,219.13,222.87,219.03,222.15,2923522.09,647081003.619,360753598.076
2025-09-10 08:00:00+00:00,222.14,222.4,220.36,220.7,1431957.74,317002788.042,140331820.251
2025-09-10 09:00:00+00:00,220.71,221.23,219.8,220.4,872531.33,192519424.504,96704819.0042
2025-09-10 10:00:00+00:00,220.39,220.59,218.72,220.02,1291848.13,283890393.369,133721412.824
2025-09-10 11:00:00+00:00,220.02,220.37,218.81,220.15,944280.42,207392062.948,99717831.3304
2025-09-10 12:00:00+00:00,220.14,225,219.63,223.33,3725427.24,830360103.275,440731479.917
2025-09-10 13:00:00+00:00,223.34,225.95,222.48,224.07,3013658.72,675080397.824,329275080.925
2025-09-10 14:00:00+00:00,224.06,224.98,222.15,222.61,1661303.52,371269284.929,165336255.03
2025-09-10 15:00:00+00:00,222.61,223.99,222.5,223.05,1205605.36,269175819.374,131415418.316
2025-09-10 16:00:00+00:00,223.04,223.88,222.32,223.64,1013974.34,226081485.366,120520111.214
2025-09-10 17:00:00+00:00,223.63,224.1,221.39,222.57,1003086.26,223170484.305,103198528.239
2025-09-10 18:00:00+00:00,222.57,223.04,221.11,222.73,704521.86,156403894.051,64039739.2695
2025-09-10 19:00:00+00:00,222.74,222.79,220.42,221.14,1006805.62,222921420.832,109210685.697
2025-09-10 20:00:00+00:00,221.14,222.54,220.83,222.43,539086.57,119537293.612,64558848.3107
2025-09-10 21:00:00+00:00,222.44,223.66,222.27,223.35,534157.83,119134134.681,60641344.3838
2025-09-10 22:00:00+00:00,223.35,224.59,223.04,224.39,517141.58,115693546.514,62032680.5179
2025-09-10 23:00:00+00:00,224.39,224.52,223.52,223.94,475689.79,106561868.941,45543196.5998
2025-09-11 00:00:00+00:00,223.94,225.36,223.71,224.87,820265.98,184309657.036,94836633.5585
2025-09-11 01:00:00+00:00,224.88,225.47,224.33,224.71,734908.34,165355923.153,77362429.4963
2025-09-11 02:00:00+00:00,224.71,224.96,222.8,222.89,856535.22,191658338.325,76351521.3397
2025-09-11 03:00:00+00:00,222.9,224.46,222.88,224.04,632147.96,141532422.93,74508980.8732
2025-09-11 04:00:00+00:00,224.05,224.17,222.45,223.39,946070.31,211123776.176,94685990.8086
2025-09-11 05:00:00+00:00,223.4,223.87,221.59,222.15,900497.01,200277664.995,94742881.4402
2025-09-11 06:00:00+00:00,222.15,223.49,221.81,223.21,736835.98,164083960.366,87042427.8149
2025-09-11 07:00:00+00:00,223.21,223.41,221.8,223.08,718381.1,159903909.031,68592654.4995
2025-09-11 08:00:00+00:00,223.09,223.46,222.17,223.41,603719.01,134544833.587,66888533.1176
2025-09-11 09:00:00+00:00,223.42,225.18,223.35,224.37,1610784.18,361352295.802,196268284.279
2025-09-11 10:00:00+00:00,224.38,225.75,224.25,225.64,1110806.2,249960602.232,132089927.185
2025-09-11 11:00:00+00:00,225.64,225.64,224.4,224.94,537789.84,120999906.473,56307643.2739
2025-09-11 12:00:00+00:00,224.93,229,222,226.65,5173977.06,1171254308.93,602797520.396
2025-09-11 13:00:00+00:00,226.64,228.9,224.13,228.12,3269029.52,741131263.358,353979836.696
2025-09-11 14:00:00+00:00,228.12,228.19,225.56,226.96,1551882.69,351654032.898,165616037.133
2025-09-11 15:00:00+00:00,226.95,227.14,225.22,226.69,1064139.95,240752952.649,114896370.427
2025-09-11 16:00:00+00:00,226.69,228.29,225.15,225.77,1525757.87,346274082.968,172335959.049
2025-09-11 17:00:00+00:00,225.76,227.64,225.54,227.36,902105.38,204706001.596,108154511.232
2025-09-11 18:00:00+00:00,227.37,227.62,225.81,226.17,778254.35,176232034.953,81636857.833
2025-09-11 19:00:00+00:00,226.16,226.73,225.73,226.51,594768.8,134567654.421,69350835.6318
2025-09-11 20:00:00+00:00,226.51,226.57,225.32,225.42,482900.19,109027201.108,59271826.0975
2025-09-11 21:00:00+00:00,225.41,226.93,225.4,226.6,406855.15,92063444.9999,49422329.2141
2025-09-11 22:00:00+00:00,226.59,228.49,226.24,227.94,1180975.67,268969898.284,129078295.89
2025-09-11 23:00:00+00:00,227.94,228.85,227.81,228.62,614393.34,140344304.905,67818146.9532
2025-09-12 00:00:00+00:00,228.61,235,228,232.93,3358183.06,779149940.263,435862471.598
2025-09-12 01:00:00+00:00,232.92,233.88,231.4,232.14,1328287.99,308860276.39,132647860.2
2025-09-12 02:00:00+00:00,232.14,233.75,232.04,232.57,996939.92,232178573.491,113165591.777
2025-09-12 03:00:00+00:00,232.57,235.72,232.08,234.95,1576533.9,369042787.457,191470008.766
2025-09-12 04:00:00+00:00,234.96,238.1,234.06,237.25,2637017.65,623086395.383,344271742.175
2025-09-12 05:00:00+00:00,237.26,239.69,236.9,238.49,2335082.13,556861926.875,274894832.933
2025-09-12 06:00:00+00:00,238.49,238.5,237.12,238.02,1204087.41,286289454.901,129698043.935
2025-09-12 07:00:00+00:00,238.02,238.82,236.78,237.24,1000946.06,237985240.553,105199679.617
2025-09-12 08:00:00+00:00,237.24,238.25,236.59,237.62,970494.46,230432686.156,111792319.567
2025-09-12 09:00:00+00:00,237.62,238.5,237.31,238.38,919649.74,218860599.527,112770680.667
2025-09-12 10:00:00+00:00,238.38,239.18,237.41,238.91,860269.41,204991889.291,99335269.0697
2025-09-12 11:00:00+00:00,238.92,239.43,238.36,239.03,895905.97,214035233.108,97258610.6462
2025-09-12 12:00:00+00:00,239.03,240.63,237.46,239.22,1835645.89,438287719.242,227018317.345
2025-09-12 13:00:00+00:00,239.22,240,237.84,239.46,1583057.96,378379074.146,179408138.658
2025-09-12 14:00:00+00:00,239.45,241.76,238.9,240.13,2703365.73,650014948.385,316530340.028
2025-09-12 15:00:00+00:00,240.12,240.21,238.35,239.2,1188315.69,284037914.333,144737384.567
2025-09-12 16:00:00+00:00,239.21,239.34,237.85,238.7,981422.2,234105650.486,111058595.37
2025-09-12 17:00:00+00:00,238.7,241.23,238.15,240.14,1490380.67,357516974.19,178400473.368
2025-09-12 18:00:00+00:00,240.15,241.4,239.74,240.6,1166166.63,280612417.591,130154255.489
2025-09-12 19:00:00+00:00,240.61,241.14,239.45,240.87,929723.28,223458741.423,118363827.723
2025-09-12 20:00:00+00:00,240.86,241.13,238.81,239.58,1259574.33,302106088.735,141915438.359
2025-09-12 21:00:00+00:00,239.58,240.2,238.2,239.99,761497.36,182284385.341,88145958.2339
2025-09-12 22:00:00+00:00,239.98,244,239.98,241,2165551.57,524971079.987,282132896.716
2025-09-12 23:00:00+00:00,241,242.62,239.79,242.07,1112560.78,268507232.162,145402668.833
2025-09-13 00:00:00+00:00,242.07,243.69,241.52,243.03,1023617.16,248628149.978,133320775.947
2025-09-13 01:00:00+00:00,243.04,244,241.45,241.49,1055609.58,256576774.487,120989442.661
2025-09-13 02:00:00+00:00,241.49,242.81,240.56,242.39,822225.92,198765008.777,101090173.864
2025-09-13 03:00:00+00:00,242.39,244,241.68,243.49,780647.51,189607102.609,99842120.2751
2025-09-13 04:00:00+00:00,243.49,243.61,242.38,242.9,593834.76,144344811.499,57112454.8458
2025-09-13 05:00:00+00:00,242.91,243.27,241.14,241.57,756736.69,183161668.372,84583100.0404
2025-09-13 06:00:00+00:00,241.58,242.74,241.57,242.56,506131.5,122547210.276,63094845.1097
2025-09-13 07:00:00+00:00,242.57,243.1,242.23,242.34,342119.61,83027340.1314,41928060.3348
2025-09-13 08:00:00+00:00,242.35,243.4,241.88,243.4,475264.38,115296412.176,56132831.0311
2025-09-13 09:00:00+00:00,243.39,243.68,242.61,243.33,664447.64,161510543.894,82577910.8167
2025-09-13 10:00:00+00:00,243.34,243.34,242.05,242.53,657937.56,159647183.312,70090332.266
2025-09-13 11:00:00+00:00,242.52,242.52,241.13,241.79,665828.94,160995743.177,72152997.4983
2025-09-13 12:00:00+00:00,241.79,242.45,241.24,242.33,441754.48,106846663.503,54988458.7125
2025-09-13 13:00:00+00:00,242.34,243.02,237.69,239.94,1813065.49,435513025.022,187608219.616
2025-09-13 14:00:00+00:00,239.94,240.99,238.45,240.24,1740181.73,417083877.364,199869869.442
2025-09-13 15:00:00+00:00,240.24,240.76,238.39,239.38,1116590.42,267467397.804,121035657.488
2025-09-13 16:00:00+00:00,239.38,239.62,237.16,237.47,1702821.92,405798425.185,172760719.993
2025-09-13 17:00:00+00:00,237.47,238.31,235.54,237.67,1738544.75,411843864.945,194450998.928
2025-09-13 18:00:00+00:00,237.66,238.75,237,238.29,486962.04,115941648.634,58038637.7253
2025-09-13 19:00:00+00:00,238.3,239.17,237.94,238.84,417671.42,99696001.2755,55440828.9089
2025-09-13 20:00:00+00:00,238.83,240.28,238.71,240.08,550979.01,132045754.817,77182559.5895
2025-09-13 21:00:00+00:00,240.08,241.44,239.73,239.98,493287.13,118665879.321,64362616.0411
2025-09-13 22:00:00+00:00,239.98,241.91,239.83,241.75,436477.11,105217558.563,61562453.1467
2025-09-13 23:00:00+00:00,241.75,243.1,241.53,242.25,811698,196740012.586,100778662.296
2025-09-14 00:00:00+00:00,242.24,244.11,242.06,243.42,1062012,258104101.882,120795686.254
2025-09-14 01:00:00+00:00,243.41,246.53,242.68,245.68,1651473.96,403602346.671,226881932.625
2025-09-14 02:00:00+00:00,245.69,249.19,245.63,248.6,2058317.71,509140195.898,272284113.242
2025-09-14 03:00:00+00:00,248.6,249.55,246.71,246.81,1239747.07,307626906.078,136691342.126
2025-09-14 04:00:00+00:00,246.8,247.89,244.38,246.16,1512134.71,372384602.621,167070728.009
2025-09-14 05:00:00+00:00,246.16,247.96,245.93,247.57,589328.2,145560425.727,80822154.055
2025-09-14 06:00:00+00:00,247.57,248.27,246.1,246.93,620519.44,153312752.682,70351849.8566
2025-09-14 07:00:00+00:00,246.94,247.12,245.56,246.26,588412.03,145019902.546,64040947.6643
2025-09-14 08:00:00+00:00,246.26,247,245.72,246.27,467354.17,115142430.806,54298715.6133
2025-09-14 09:00:00+00:00,246.27,247.65,246,247.65,477813.32,118041479.023,56831846.9613
2025-09-14 10:00:00+00:00,247.64,247.97,246.85,247.52,494506.89,122370366.111,52707396.371
2025-09-14 11:00:00+00:00,247.52,247.83,245.43,245.99,947376.89,233349991.79,101960332.785
2025-09-14 12:00:00+00:00,245.99,246.69,244.51,245.14,950039.38,233331239.653,109567368.975
2025-09-14 13:00:00+00:00,245.15,245.74,243.06,243.65,1185134.05,289856740.156,129878532.574
2025-09-14 14:00:00+00:00,243.64,244.99,241.42,243.13,2054191.57,498909177.728,236839340.502
2025-09-14 15:00:00+00:00,243.14,244.2,241.77,243.7,1279115.31,310931608.018,157994651.82
2025-09-14 16:00:00+00:00,243.7,245.74,243.3,245.03,1075021.96,263218311.197,142343459.975
2025-09-14 17:00:00+00:00,245.02,248.36,244.4,247.8,1293315.38,319220619.691,180522956.532
2025-09-14 18:00:00+00:00,247.8,247.84,244.5,244.52,914359.31,225319150.204,83425566.7989
2025-09-14 19:00:00+00:00,244.52,245.16,241.95,242.4,1327052.85,323393856.483,143797729.969
2025-09-14 20:00:00+00:00,242.4,243.34,240.82,242.33,860122.2,208343719.202,103091019.829
2025-09-14 21:00:00+00:00,242.34,244.6,240.29,244.01,929991.62,225577953.346,122996072.96
2025-09-14 22:00:00+00:00,244.02,244.18,240.64,242.82,1004485.52,243221897.015,118071194.588
2025-09-14 23:00:00+00:00,242.83,242.83,239.07,239.63,1016745.55,244693282.251,96933581.449
2025-09-15 00:00:00+00:00,239.62,242.08,239.54,240.58,729034.44,175622408.269,91368095.6853
2025-09-15 01:00:00+00:00,240.58,241.7,239,241.01,981354.97,235916938.267,125736793.675
2025-09-15 02:00:00+00:00,241.01,242.69,240.24,241.98,880365.76,212757976.714,109739987.8
2025-09-15 03:00:00+00:00,241.99,243.3,241.89,242.51,657596.66,159568631.968,79618812.9304
2025-09-15 04:00:00+00:00,242.51,243.39,241.93,242.69,721626.74,175240277.342,93980285.2914
2025-09-15 05:00:00+00:00,242.7,243.88,242.46,243.83,490221.02,119260237.886,62843686.5998
2025-09-15 06:00:00+00:00,243.84,243.92,239.48,240.2,1214892.28,293365503.76,126103780.382
2025-09-15 07:00:00+00:00,240.2,241.19,236,237.87,2162937.57,514971992.923,231381690.969
2025-09-15 08:00:00+00:00,237.87,238,231.81,232.01,4223870.37,992194921.021,438758658.823
2025-09-15 09:00:00+00:00,232,235.5,231.5,235.48,2320277.12,542547795.988,312079650.414
2025-09-15 10:00:00+00:00,235.48,236.78,233.98,236.1,1312501.86,308958725.162,153704089.29
2025-09-15 11:00:00+00:00,236.1,236.91,235.08,236.33,1035249.46,244232618.921,117369546.786
2025-09-15 12:00:00+00:00,236.32,238.05,234.29,234.71,2158609.99,509411277.561,228932904.636
2025-09-15 13:00:00+00:00,234.73,236.98,234.01,235.1,1745934.35,411224282.564,182744078.842
2025-09-15 14:00:00+00:00,235.09,235.5,232.52,233.34,1528882.96,357879151.818,169144645.036
2025-09-15 15:00:00+00:00,233.34,234.29,231.82,232.88,1562727.69,363984975.201,178075746.594
2025-09-15 16:00:00+00:00,232.88,233.6,230.51,231.3,1441723.59,334677627.678,175275362.819
2025-09-15 17:00:00+00:00,231.29,233.32,230.02,233.19,1539061.57,356391275.712,191432518.265
2025-09-15 18:00:00+00:00,233.19,233.55,232.14,233.16,733743.73,170885308.026,80047120.0884
2025-09-15 19:00:00+00:00,233.16,234.58,231.84,232.9,964417.15,224891160.753,116522067.973
2025-09-15 20:00:00+00:00,232.9,234.36,232.66,234.23,390802.08,91298926.1164,50409088.0793
2025-09-15 21:00:00+00:00,234.24,235.35,233.59,235.09,512024.33,120083385.842,67537702.7456
2025-09-15 22:00:00+00:00,235.09,235.27,233.54,233.82,511758.39,119932376.39,43043423.3511
2025-09-15 23:00:00+00:00,233.82,234.41,232.9,234.18,468631.56,109509107.176,42414460.8834
2025-09-16 00:00:00+00:00,234.19,234.59,232.74,233.74,686401.87,160405107.259,77231749.526
2025-09-16 01:00:00+00:00,233.73,235.64,233.71,233.85,937053.51,220060683.922,118994730.087
2025-09-16 02:00:00+00:00,233.86,234.96,233.7,233.76,354025.79,82943805.9173,39755830.0109
2025-09-16 03:00:00+00:00,233.76,235.73,233.74,234.99,639025.21,150158866.722,85339194.9442
2025-09-16 04:00:00+00:00,234.99,235.19,232.83,234.43,745306.36,174396132.46,84598254.6515
2025-09-16 05:00:00+00:00,234.42,236.49,234.29,236.44,960555.44,226269209.055,128446784.237
2025-09-16 06:00:00+00:00,236.45,236.93,234.59,235.71,938851.28,221412617.164,99193948.314
2025-09-16 07:00:00+00:00,235.71,236.3,235.2,235.68,425662.31,100399997.07,46481482.2547
2025-09-16 08:00:00+00:00,235.68,236.82,235.01,235.98,635393.1,149932336.574,76117807.7968
2025-09-16 09:00:00+00:00,235.98,236.24,234.71,235.18,429245.11,101073954.066,45601311.4786
2025-09-16 10:00:00+00:00,235.18,235.89,234.63,235.14,480199.45,112995195.625,49788879.3116
2025-09-16 11:00:00+00:00,235.13,235.84,234.68,235.29,456399.08,107405731.499,49390207.5946
2025-09-16 12:00:00+00:00,235.28,235.8,234.31,235.17,549958.96,129287178.389,57827867.2918
2025-09-16 13:00:00+00:00,235.16,235.53,231.3,232.98,2134260.43,497693035.316,230423285.036
2025-09-16 14:00:00+00:00,232.98,234.27,231.18,234.03,1487445.23,345951191.768,174574326.83
2025-09-16 15:00:00+00:00,234.04,237.97,232.96,237.66,1976905.25,465432938.288,267586779.043
2025-09-16 16:00:00+00:00,237.66,239.19,236.11,238.1,2444564.21,580789624.441,289148721.35
2025-09-16 17:00:00+00:00,238.1,240.87,237.71,238.02,2020109.57,483180864.271,238607761.903
2025-09-16 18:00:00+00:00,238.02,238.97,236.72,237.49,907145.72,215768767.311,91694619.3954
2025-09-16 19:00:00+00:00,237.5,238.24,236.97,237.69,570971.55,135716745.196,65144128.7876
2025-09-16 20:00:00+00:00,237.69,238.26,237.17,238.15,335966.52,79879649.8419,39139527.9809
2025-09-16 21:00:00+00:00,238.14,238.66,237.02,238.39,385168.53,91618875.235,41749594.0313
2025-09-16 22:00:00+00:00,238.4,238.87,237.24,237.8,414707.37,98731365.0304,47306313.9316
2025-09-16 23:00:00+00:00,237.81,238.11,236.35,236.86,522252.68,123925783.344,62997794.4616
2025-09-17 00:00:00+00:00,236.86,236.96,235.51,236.12,608679.21,143761677.477,68224289.9345
2025-09-17 01:00:00+00:00,236.13,236.87,235.79,236.25,352132.73,83212272.5142,46379637.47
2025-09-17 02:00:00+00:00,236.25,237.75,235.73,236.23,804311.67,190477476.426,108808360.858
2025-09-17 03:00:00+00:00,236.22,236.42,233.74,233.99,1174323.69,275941416.124,104970373.857
2025-09-17 04:00:00+00:00,233.99,234.63,233.31,233.67,664718.57,155587538.86,72158921.3363
2025-09-17 05:00:00+00:00,233.68,235.32,233.01,234.93,937398.87,219412313.407,120319443.487
2025-09-17 06:00:00+00:00,234.93,236.58,234.6,235.96,760602.78,179137735.037,97480981.8331
2025-09-17 07:00:00+00:00,235.96,238.02,235.62,237.63,946315.37,224489392.838,119971709.662
2025-09-17 08:00:00+00:00,237.62,237.64,235,235.74,1140619.44,269152470.143,114477184.148
2025-09-17 09:00:00+00:00,235.73,236.23,235.08,235.1,350496.15,82574706.6439,38251209.7114
2025-09-17 10:00:00+00:00,235.1,236.32,233.56,234.06,1177246.35,276517840.804,131226215.803
2025-09-17 11:00:00+00:00,234.06,234.61,233.8,234.1,361773.62,84723455.7468,43245750.3125
2025-09-17 12:00:00+00:00,234.09,235.21,233.84,234.65,474563.49,111268917.602,63247005.371
2025-09-17 13:00:00+00:00,234.65,235.89,234.04,235.36,759518.55,178516804.66,87429790.6544
2025-09-17 14:00:00+00:00,235.37,235.82,233.44,233.85,859889.78,201727503.565,93104801.516
2025-09-17 15:00:00+00:00,233.86,235.07,233.55,233.79,666662.83,156097835.326,81292155.4478
2025-09-17 16:00:00+00:00,233.79,234.68,232.15,233.97,1031619.02,240670858.425,113514797.396
2025-09-17 17:00:00+00:00,233.97,236.95,231.76,232.44,1729133.59,406438196.215,204540532.711
2025-09-17 18:00:00+00:00,232.44,238.38,231.53,233.55,5826296.85,1371259194.48,668386844.412
2025-09-17 19:00:00+00:00,233.55,239,233.4,238.62,2903775.46,687953664.608,356456885.693
2025-09-17 20:00:00+00:00,238.62,241.12,237.48,237.9,1790343,428959789.481,202453528.484
2025-09-17 21:00:00+00:00,237.9,240.59,235.87,240.15,1300191.33,309875895.75,158876143.185
2025-09-17 22:00:00+00:00,240.15,245.64,240.15,244.79,2316027.95,563912974.273,305765619.16
2025-09-17 23:00:00+00:00,244.78,246.55,243.74,244.75,1422852.6,348586667.334,169020596.915
2025-09-18 00:00:00+00:00,244.74,246,244,244.65,901805.58,220982808.152,102932155.488
2025-09-18 01:00:00+00:00,244.65,247.41,244.41,246.2,1074053.87,264377772.488,135150743.829
2025-09-18 02:00:00+00:00,246.21,246.51,245.01,246.32,744584.56,182916133.146,84131533.2725
2025-09-18 03:00:00+00:00,246.32,247.78,246.01,246.62,1078810.39,266308422.287,133616238.603
2025-09-18 04:00:00+00:00,246.62,246.96,245.43,246.14,805390.8,198124740.214,75179592.3835
2025-09-18 05:00:00+00:00,246.14,246.26,244.23,244.84,644635.43,157935214.376,64361390.9155
2025-09-18 06:00:00+00:00,244.85,244.98,242.48,244.19,1303495.96,317546573.455,152823694.668
2025-09-18 07:00:00+00:00,244.19,245.18,244.19,244.65,616694.3,150913048.712,73841514.5745
2025-09-18 08:00:00+00:00,244.65,247.2,244.25,246.9,987561.91,242959000.004,130239452.753
2025-09-18 09:00:00+00:00,246.9,247.06,246,247.01,555210.49,136880547.461,64646541.5802
2025-09-18 10:00:00+00:00,247.01,247.04,245.19,245.9,730645.37,179715258.123,73526304.346
2025-09-18 11:00:00+00:00,245.91,246.93,245.49,245.84,578860.37,142613464.907,63112144.2052
2025-09-18 12:00:00+00:00,245.84,246.79,245.69,245.9,517575.69,127457046.067,59511170.0772
2025-09-18 13:00:00+00:00,245.89,248.31,244.83,246.03,2248499.78,554203418.015,284732169.183
2025-09-18 14:00:00+00:00,246.02,248.07,245.98,247.59,1429316.76,353172136.122,175538260.824
2025-09-18 15:00:00+00:00,247.6,248.93,247.16,248.12,1273128.59,316012103.676,158079000.802
2025-09-18 16:00:00+00:00,248.11,250.22,247.48,249.77,1717200.22,427702377.484,221573900.261
2025-09-18 17:00:00+00:00,249.76,253.49,249.18,251.29,2926410.69,736434547.268,394662015.76
2025-09-18 18:00:00+00:00,251.3,251.36,249.75,250.33,816927.97,204571970.536,105912884.006
2025-09-18 19:00:00+00:00,250.34,250.4,247.25,248.25,1331178.57,330882608.327,145056878.155
2025-09-18 20:00:00+00:00,248.24,249.09,247.78,248.22,494917.17,122925763.078,61672240.8761
2025-09-18 21:00:00+00:00,248.21,248.56,247.32,247.54,396448.95,98298339.6246,47748950.4074
2025-09-18 22:00:00+00:00,247.54,248.1,246.74,246.98,798414.79,197458315.874,85899948.3104
2025-09-18 23:00:00+00:00,246.98,247.59,245.77,247.34,707313.46,174439111.703,86548418.2034
2025-09-19 00:00:00+00:00,247.35,248.21,247.03,248.04,555861.2,137725874.386,76489062.797
2025-09-19 01:00:00+00:00,248.04,248.42,246.66,247.34,554834.18,137286851.68,66832463.0102
2025-09-19 02:00:00+00:00,247.33,247.93,246.29,246.61,395977.56,97765104.9431,41187404.4877
2025-09-19 03:00:00+00:00,246.61,247.67,244.59,244.93,1036277.11,254764958.767,114114259.738
2025-09-19 04:00:00+00:00,244.93,245.36,242.76,244.91,1619519.14,395358087.134,193077453.313
2025-09-19 05:00:00+00:00,244.92,245.65,244.15,245.54,609749.1,149377043.63,77487888.4411
2025-09-19 06:00:00+00:00,245.55,245.58,243.4,243.56,549458.87,134354551.69,52718351.2728
2025-09-19 07:00:00+00:00,243.55,244.77,243.03,243.7,665519.35,162357390.601,86874159.6207
2025-09-19 08:00:00+00:00,243.69,244.77,243.33,243.69,412640.96,100690220.137,48633540.2423
2025-09-19 09:00:00+00:00,243.68,244.25,242.01,242.75,804808.29,195485880.248,85802205.5333
2025-09-19 10:00:00+00:00,242.76,242.9,241.43,242.21,805893.27,195122776.254,87975431.3513
2025-09-19 11:00:00+00:00,242.21,242.31,240.1,240.84,1195582.66,287979293.088,123801222.683
2025-09-19 12:00:00+00:00,240.84,242.01,240.33,240.72,810362.18,195362953.231,97534706.543
2025-09-19 13:00:00+00:00,240.72,242.18,240.51,241.97,1029984.53,248621422.422,130806855.019
2025-09-19 14:00:00+00:00,241.96,242.59,239.3,239.49,1661152.72,400276235.796,169576933.285
2025-09-19 15:00:00+00:00,239.5,239.5,235.68,237.37,3687973.28,874670998.441,398011164.035
2025-09-19 16:00:00+00:00,237.37,238.74,237.06,238.49,840215.95,200077136.87,108766979.806
2025-09-19 17:00:00+00:00,238.5,238.57,236.35,236.53,803851.38,190683405.077,75451197.2064
2025-09-19 18:00:00+00:00,236.52,236.96,234.97,236.85,1145901.11,270446536.814,113834842.752
2025-09-19 19:00:00+00:00,236.86,237.8,235.73,235.85,914001.78,216701833.698,101775307.41
2025-09-19 20:00:00+00:00,235.85,237.68,235.84,236.89,579498.08,137280818.928,70088272.5566
2025-09-19 21:00:00+00:00,236.89,238.3,236.33,238.26,533545.38,126699409.015,71494405.4671
2025-09-19 22:00:00+00:00,238.27,238.74,238.18,238.38,279600.51,66678647.4037,34411053.1324
2025-09-19 23:00:00+00:00,238.39,238.41,236.67,238.4,425969.07,101232396.972,45004152.6975
2025-09-20 00:00:00+00:00,238.39,239.6,238.1,239.52,582230.61,139083917.168,79433645.9328
2025-09-20 01:00:00+00:00,239.52,239.9,238.25,238.25,466602.97,111566862.805,47280992.7768
2025-09-20 02:00:00+00:00,238.26,238.4,237.23,238.26,521029.74,123918222.985,58085015.5637
2025-09-20 03:00:00+00:00,238.27,238.28,237.63,237.96,264727.06,63006793.2815,29482304.1013
2025-09-20 04:00:00+00:00,237.96,238.78,237.62,238.55,298466.4,71111438.7074,37926440.0087
2025-09-20 05:00:00+00:00,238.56,239.37,238.33,239.3,352518.88,84234815.8877,49170686.1136
2025-09-20 06:00:00+00:00,239.29,239.29,238.57,238.98,240076.57,57371573.505,26418802.033
2025-09-20 07:00:00+00:00,238.98,239.68,238.83,239.64,416540.57,99662949.19,54680066.6696
2025-09-20 08:00:00+00:00,239.63,239.63,237.27,237.48,461654.01,110070220.105,40196379.1317
2025-09-20 09:00:00+00:00,237.47,237.95,237,237.08,414985.8,98552916.2332,43989848.6126
2025-09-20 10:00:00+00:00,237.08,237.71,236.72,237.18,367098.45,87079397.6925,40886836.7318
2025-09-20 11:00:00+00:00,237.18,238.31,237.18,238.03,328113.44,78047318.018,42725732.1831
2025-09-20 12:00:00+00:00,238.03,238.1,237.16,237.57,243336.47,57794051.6287,26812110.8955
2025-09-20 13:00:00+00:00,237.57,238,237.24,237.33,231401.62,54994063.4493,28018148.8565
2025-09-20 14:00:00+00:00,237.33,238.86,236.91,238.6,466369.09,111011458.236,61544023.4108
2025-09-20 15:00:00+00:00,238.6,241.13,238.6,240,1219468.97,292703560.061,160545782.146
2025-09-20 16:00:00+00:00,240,240.99,239.1,240.29,661650.38,158848525.208,86942831.2133
2025-09-20 17:00:00+00:00,240.29,240.45,238.77,238.98,467819.91,112060581.25,48077556.1731
2025-09-20 18:00:00+00:00,238.98,238.99,238.07,238.27,403897.23,96310122.2562,46787607.2042
2025-09-20 19:00:00+00:00,238.28,238.94,237.84,238.51,244152.3,58207268.122,30341805.4067
2025-09-20 20:00:00+00:00,238.51,239.75,238.32,239.61,262999.44,62887441.3626,41700369.4346
2025-09-20 21:00:00+00:00,239.62,240.19,239.34,239.67,229368.21,54991419.4838,27681497.3276
2025-09-20 22:00:00+00:00,239.67,240.1,239.22,239.99,188955.02,45278157.4257,22727388.0592
2025-09-20 23:00:00+00:00,239.99,240.08,238.89,239.38,210844.49,50455890.8071,20089489.6004
2025-09-21 00:00:00+00:00,239.37,240.61,238.83,240.57,371110.99,88969633.8277,53008112.7339
2025-09-21 01:00:00+00:00,240.57,240.66,239.77,239.99,345079.7,82892649.4211,38118313.4535
2025-09-21 02:00:00+00:00,239.99,241,239.74,241,352670.11,84805328.8525,43995127.9594
2025-09-21 03:00:00+00:00,240.99,241.7,240.36,241.69,301277.85,72594184.4634,40527784.7456
2025-09-21 04:00:00+00:00,241.69,241.73,240.24,240.4,349647.13,84230346.0662,34813913.3785
2025-09-21 05:00:00+00:00,240.39,240.78,240.05,240.28,258439.96,62102211.6306,29416955.0925
2025-09-21 06:00:00+00:00,240.29,240.96,240.07,240.2,268558.35,64589153.1465,31727738.6457
2025-09-21 07:00:00+00:00,240.21,240.22,239.29,239.75,393485.56,94347354.1277,39056456.9938
2025-09-21 08:00:00+00:00,239.75,239.98,238.39,238.72,454448.88,108581365.9,42628539.2881
2025-09-21 09:00:00+00:00,238.71,238.93,236.99,238.38,935609.57,222437918.647,102538744.389
2025-09-21 10:00:00+00:00,238.38,239.15,237.9,238.26,399616.25,95294344.2142,43010742.5441
2025-09-21 11:00:00+00:00,238.25,238.98,238.08,238.51,270533.73,64551780.4905,36055486.3352
2025-09-21 12:00:00+00:00,238.52,239.94,238.42,239.39,422955.33,101284281.575,53138425.6481
2025-09-21 13:00:00+00:00,239.38,240.19,239.04,239.38,310286.86,74343201.6353,32830688.5471
2025-09-21 14:00:00+00:00,239.39,239.8,238.27,238.44,366122.02,87532696.6585,38446954.3434
2025-09-21 15:00:00+00:00,238.43,238.59,237.54,237.78,598118.97,142368753.254,63280946.6131
2025-09-21 16:00:00+00:00,237.77,238.27,235.89,236.89,1027043.19,243318814.597,106978725.115
2025-09-21 17:00:00+00:00,236.89,237.74,236.11,237.67,445834.45,105606294.191,55960943.785
2025-09-21 18:00:00+00:00,237.67,238,237.06,238,308548.37,73285777.9926,39395037.9387
2025-09-21 19:00:00+00:00,238,238.05,236.99,237.88,267514.25,63540511.4002,33040681.3589
2025-09-21 20:00:00+00:00,237.88,237.9,237.11,237.53,195062.02,46323429.9946,20480607.6311
2025-09-21 21:00:00+00:00,237.54,237.65,236.55,237.17,186822.68,44281666.4981,19059017.8693
2025-09-21 22:00:00+00:00,237.17,238,235.22,237.79,739946.47,174936719.898,83018668.8177
2025-09-21 23:00:00+00:00,237.78,237.8,235.84,236.05,454902.62,107570144.154,51917670.3285
2025-09-22 00:00:00+00:00,236.04,236.87,231.15,232.13,3171987.04,740018697.384,319780719.293
2025-09-22 01:00:00+00:00,232.14,234.68,231.95,233.1,1564365.27,365030825.117,206510258.199
2025-09-22 02:00:00+00:00,233.1,233.9,230.38,231.63,1576406.96,365285790.684,162253829.977
2025-09-22 03:00:00+00:00,231.64,233,231.56,232.72,642550.79,149234757.023,75404006.693
2025-09-22 04:00:00+00:00,232.71,233.09,231.5,231.64,463692.56,107645128.118,51281839.7673
2025-09-22 05:00:00+00:00,231.64,231.87,224.68,224.93,1771142.84,405434705.545,136735100.826
2025-09-22 06:00:00+00:00,224.93,225.29,212.29,224.29,7463660.47,1656080455.97,796117220.024
2025-09-22 07:00:00+00:00,224.28,224.37,221.71,221.81,1906890.42,425215940.553,201316226.032
2025-09-22 08:00:00+00:00,221.82,222.68,220.81,221.37,1420449.68,314997520.282,173741696.383
2025-09-22 09:00:00+00:00,221.38,221.55,219.22,220.38,2051480.73,451815098.791,198077625.377
2025-09-22 10:00:00+00:00,220.39,222.53,219.78,222.24,1432736.83,316794533.463,174677188.522
2025-09-22 11:00:00+00:00,222.23,222.65,220.93,221.36,699024.1,155074808.995,72095012.5925
2025-09-22 12:00:00+00:00,221.35,222.87,220.47,222.76,701064.96,155379725.23,92606739.4079
2025-09-22 13:00:00+00:00,222.76,223.91,221.21,223.61,1452786.3,323478777.228,167232015.013
2025-09-22 14:00:00+00:00,223.6,223.9,220.8,221.27,1434645.26,319346210.793,141317543.158
2025-09-22 15:00:00+00:00,221.26,221.65,219.82,220.63,1233422.65,272037668.141,133363059.028
2025-09-22 16:00:00+00:00,220.63,221.4,219.07,219.62,1097693.76,241905391.68,113765429.006
2025-09-22 17:00:00+00:00,219.63,221.3,217.66,220.95,1797957.22,394783822.851,198015908.628
2025-09-22 18:00:00+00:00,220.96,221.11,219.37,219.37,555040.09,122312295.433,61676301.0417
2025-09-22 19:00:00+00:00,219.38,219.49,215.98,217.03,2113421.25,459789459.163,213634555.836
2025-09-22 20:00:00+00:00,217.02,219.66,216.34,219.35,1147618.97,249987492.337,139879215.164
2025-09-22 21:00:00+00:00,219.35,220.98,218.85,220.79,595596.62,131110105.582,72556249.7926
2025-09-22 22:00:00+00:00,220.78,220.78,219.6,219.72,391233.66,86126679.3431,36616297.3654
2025-09-22 23:00:00+00:00,219.72,220.48,219.62,220.28,315201.35,69351640.048,37027911.3729
2025-09-23 00:00:00+00:00,220.28,221.28,219.29,219.59,747056.2,164608893.561,83874222.9105
2025-09-23 01:00:00+00:00,219.58,219.82,216.51,216.54,971307.57,211849055.289,86549716.3311
2025-09-23 02:00:00+00:00,216.54,217.78,213.8,214.03,1640351.45,353968331.879,157430576.945
2025-09-23 03:00:00+00:00,214.03,217.78,212.28,216.84,2818779.34,605906383.725,301292394.545
2025-09-23 04:00:00+00:00,216.84,217.35,213.87,215.7,1131490.65,243763792.783,116963037.044
2025-09-23 05:00:00+00:00,215.71,217.75,214.58,216.84,1021875.63,221289096.856,126345156.112
2025-09-23 06:00:00+00:00,216.83,220.26,216.81,219.1,1640769.76,359013953.189,182987972.472
2025-09-23 07:00:00+00:00,219.1,219.37,218.47,218.86,535638.29,117257705.19,55628383.3227
2025-09-23 08:00:00+00:00,218.87,220.26,218.3,219.91,710438.71,155928857.875,80388603.3904
2025-09-23 09:00:00+00:00,219.92,220.73,218.08,218.54,813595.91,178534684.926,76611709.1371
2025-09-23 10:00:00+00:00,218.54,219.17,218.12,218.95,406697.54,88904489.0348,44644869.3883
2025-09-23 11:00:00+00:00,218.95,219.56,217.75,219.22,491446.86,107377271.341,53575647.6751
2025-09-23 12:00:00+00:00,219.21,220.52,218.6,219.74,839699.21,184345903.995,92425314.3395
2025-09-23 13:00:00+00:00,219.75,220.12,218.5,218.93,777249.15,170483971.285,79900252.7937
2025-09-23 14:00:00+00:00,218.94,220.58,217.49,217.61,1352270.13,295928757.042,141172390.793
2025-09-23 15:00:00+00:00,217.61,219.8,216.86,219.17,1195700.05,261314022.878,127755830.509
2025-09-23 16:00:00+00:00,219.16,221.66,217.71,220.29,1180700.22,259079648.586,135625692.29
2025-09-23 17:00:00+00:00,220.28,220.5,215.73,216.63,1272179.56,276669161.145,118721787.089
2025-09-23 18:00:00+00:00,216.64,217.1,215.12,215.67,966563.23,208999658.238,98798399.5174
2025-09-23 19:00:00+00:00,215.67,217.1,214.22,214.41,1095833.41,236165292.634,103044550.026
2025-09-23 20:00:00+00:00,214.41,215.24,213.17,215.19,1003554.46,214956109.475,111287704.692
2025-09-23 21:00:00+00:00,215.19,216.63,214.36,215.73,504520.2,108712327.68,59096024.9619
2025-09-23 22:00:00+00:00,215.73,216.35,214.62,215.18,478484.23,103129035.245,46651863.7116
2025-09-23 23:00:00+00:00,215.18,215.86,213.1,213.18,593210.14,127233009.093,55862395.2839
2025-09-24 00:00:00+00:00,213.18,215.53,213.18,213.37,878360.11,188113362.363,94592982.5889
2025-09-24 01:00:00+00:00,213.37,216.34,212.71,216.09,856602.3,184079637.785,97267703.6639
2025-09-24 02:00:00+00:00,216.1,216.35,213.16,214.16,1201991.19,257438307.278,126486422.771
2025-09-24 03:00:00+00:00,214.15,214.55,207,208.37,4138681.89,869010030.769,376607810.197
2025-09-24 04:00:00+00:00,208.37,209.1,204.73,207.92,3910592.7,810025820.197,398264715.842
2025-09-24 05:00:00+00:00,207.93,210.45,207.7,209.66,1104943.44,230961990.565,128723470.516
2025-09-24 06:00:00+00:00,209.67,211.33,208.53,210.88,1150328.39,241484395.715,126558729.458
2025-09-24 07:00:00+00:00,210.87,210.96,209.43,210.54,829338.39,174397919.554,87249161.8083
2025-09-24 08:00:00+00:00,210.54,211.13,209.91,210.79,627330.4,132069687.036,67074653.4819
2025-09-24 09:00:00+00:00,210.79,211.09,209.7,210.88,476030.51,100198605.181,48311054.5601
2025-09-24 10:00:00+00:00,210.87,211.4,210.02,210.8,648738.82,136696816.892,65451301.7983
2025-09-24 11:00:00+00:00,210.81,212.5,210.63,212.23,1166273.51,247231363.93,129106140.516
2025-09-24 12:00:00+00:00,212.23,213.37,211.65,211.83,764542.81,162432601.505,81819583.0476
2025-09-24 13:00:00+00:00,211.83,213.08,211.35,211.53,1051662.94,223040846.888,98333017.6558
2025-09-24 14:00:00+00:00,211.53,216.15,211.33,215.48,1774899.01,380059366.144,204439824.486
2025-09-24 15:00:00+00:00,215.48,215.96,213.18,213.47,1605377.02,344426025.971,155540075.775
2025-09-24 16:00:00+00:00,213.47,214.37,213.08,213.75,823844.62,175968087.614,82035654.8676
2025-09-24 17:00:00+00:00,213.75,215.34,213.36,215.02,604228.73,129640474.245,66111218.3681
2025-09-24 18:00:00+00:00,215.02,215.06,213.17,213.78,505245.39,108102015.451,44481574.7043
2025-09-24 19:00:00+00:00,213.77,214.09,212.27,213.05,661053.62,140844516.603,58798608.7783
2025-09-24 20:00:00+00:00,213.05,213.1,210.59,211.98,899619.32,190644230.654,72731475.3298
2025-09-24 21:00:00+00:00,211.98,212.49,210.59,211.13,362219.78,76712836.6869,36638763.3512
2025-09-24 22:00:00+00:00,211.14,212.19,210.79,211.6,446108.76,94319736.522,47731795.0905
2025-09-24 23:00:00+00:00,211.6,212.11,211.15,211.45,362904.41,76795275.4824,41024841.9849
2025-09-25 00:00:00+00:00,211.44,212.33,210.13,210.59,956477.06,201733650.421,96921792.9754
2025-09-25 01:00:00+00:00,210.58,211.1,207.41,208.11,1875984.25,392965282.158,172563375.114
2025-09-25 02:00:00+00:00,208.11,211.87,206.7,209.93,1806722.57,378089334.352,206823897.709
2025-09-25 03:00:00+00:00,209.92,210,205.84,207.16,1725650.91,357753570.515,163918585.778
2025-09-25 04:00:00+00:00,207.15,207.47,202.6,204.21,3189138.59,651797917.659,294346347.361
2025-09-25 05:00:00+00:00,204.2,205.8,203.04,205.32,1209443.94,247663097.961,124586771.03
2025-09-25 06:00:00+00:00,205.32,205.62,203.25,203.56,1080014.02,220377422.081,102519211.276
2025-09-25 07:00:00+00:00,203.56,205.13,203.2,204.1,903044.52,184547621.312,94449094.148
2025-09-25 08:00:00+00:00,204.09,205.48,203.46,204.21,877489.95,179534949.563,98331758.5582
2025-09-25 09:00:00+00:00,204.21,205.8,201.4,202.11,2372052.87,482882885.263,211095481.685
2025-09-25 10:00:00+00:00,202.11,203.6,201.79,201.9,1074039.65,217760275.359,102704051.463
2025-09-25 11:00:00+00:00,201.89,202.4,200.47,201.26,1849162.03,372079661.635,168823121.287
2025-09-25 12:00:00+00:00,201.26,202.45,196.4,198.47,3899800.7,778607216.85,352180811.367
2025-09-25 13:00:00+00:00,198.47,201.55,197.48,200.72,2965156.91,592181153.538,300937089.675
2025-09-25 14:00:00+00:00,200.72,204.08,200.71,202.54,2297979.03,465346898.534,248208289.05
2025-09-25 15:00:00+00:00,202.54,203.12,200.27,201.04,1358562.27,273828527.545,127701249.292
2025-09-25 16:00:00+00:00,201.05,201.94,198.26,198.62,1791685.37,357897206.223,172612801.443
2025-09-25 17:00:00+00:00,198.61,198.88,193.43,194.79,4794434.86,939937095.146,397775899.44
2025-09-25 18:00:00+00:00,194.8,199.52,194.39,199.38,2909196.89,572306932.454,305995368.168
2025-09-25 19:00:00+00:00,199.38,200.83,197.25,198.06,1586432.34,315717912.702,157736412.471
2025-09-25 20:00:00+00:00,198.06,198.63,195.15,196.17,1093251.64,215189428.73,100170040.665
2025-09-25 21:00:00+00:00,196.17,197.3,194.64,196.25,951393.24,186547148.105,93143755.6236
2025-09-25 22:00:00+00:00,196.25,197.47,193.78,194.5,908891.22,177554255.902,82972171.875
2025-09-25 23:00:00+00:00,194.51,195.96,191.12,192.6,2077341.68,401187734.891,169788648.263
2025-09-26 00:00:00+00:00,192.6,195.87,192.44,195.62,1761676.99,342066381.028,173122353.031
2025-09-26 01:00:00+00:00,195.61,197.09,195.04,195.78,1602810.85,314151120.496,182509659.797
2025-09-26 02:00:00+00:00,195.79,197.46,195.3,196.34,1058983.32,207955247.194,114100834.459
2025-09-26 03:00:00+00:00,196.35,197.25,195.02,196.39,788526.41,154575998.477,78400611.6996
2025-09-26 04:00:00+00:00,196.39,197.32,194.94,195.64,695969.18,136460246.128,66196410.5137
2025-09-26 05:00:00+00:00,195.63,197.2,194.28,194.98,909484.51,178066199.071,83743307.0871
2025-09-26 06:00:00+00:00,194.99,196.89,193.64,195.09,1327132.8,259306356.812,126583846.162
2025-09-26 07:00:00+00:00,195.08,196.77,193.92,196.22,1252645.44,244729947.737,124555795.046
2025-09-26 08:00:00+00:00,196.22,196.91,195.68,196.07,817677.37,160560598.272,78105318.9251
2025-09-26 09:00:00+00:00,196.08,196.5,193.61,194.55,957389.54,186527896.782,92831405.708
2025-09-26 10:00:00+00:00,194.54,194.62,191.68,192.01,1401543.94,269824938.127,125867405.663
2025-09-26 11:00:00+00:00,192.01,193.92,190.72,193.36,1528125.85,293546647.105,146897314.749
2025-09-26 12:00:00+00:00,193.35,198.18,192.03,196.55,2849405.12,556667567.79,287655431.64
2025-09-26 13:00:00+00:00,196.56,197.27,194.31,196.99,1836962.77,360012503.301,175787208.622
2025-09-26 14:00:00+00:00,197,197.21,193.18,194.31,1789092.88,348711291.331,168854545.595
2025-09-26 15:00:00+00:00,194.31,196.73,194.08,195.92,968644.34,189687022.748,87712226.6098
2025-09-26 16:00:00+00:00,195.92,199.66,195.69,199.45,1827143.57,362525473.627,197794079.393
2025-09-26 17:00:00+00:00,199.45,201.99,199.03,201.25,1925784.8,386415910.825,206056121.008
2025-09-26 18:00:00+00:00,201.25,202.48,200.72,201.68,1163597.87,234750401.458,118504785.362
2025-09-26 19:00:00+00:00,201.67,201.83,198.73,200.54,1721559.93,344784960.682,147262949.726
2025-09-26 20:00:00+00:00,200.54,200.78,199.41,199.81,567738.48,113577314.36,53210177.0637
2025-09-26 21:00:00+00:00,199.81,202.38,199.61,202.2,1050225.78,211260045.121,124060502.091
2025-09-26 22:00:00+00:00,202.21,203.88,201.74,203.42,1117644.54,226996949.488,121747565.15
2025-09-26 23:00:00+00:00,203.42,205.34,202.7,205.01,959234.45,195740855.176,105456245.673
2025-09-27 00:00:00+00:00,205,205.2,203.91,205.04,773200.28,158064742.256,77134479.2948
2025-09-27 01:00:00+00:00,205.03,205.3,203.47,204.25,657009.76,134198166.202,59309846.3505
2025-09-27 02:00:00+00:00,204.24,204.69,203.56,203.62,387662.65,79118130.8951,32051590.8764
2025-09-27 03:00:00+00:00,203.61,205,203.55,203.81,583769.99,119247417.035,60061609.4556
2025-09-27 04:00:00+00:00,203.81,204.03,203.1,203.56,585573.43,119176332.883,55023579.9057
2025-09-27 05:00:00+00:00,203.56,203.57,202.15,202.39,493537.42,99991299.1905,34776287.3871
2025-09-27 06:00:00+00:00,202.39,202.55,201.66,202.54,358618.92,72463072.3023,32837094.7532
2025-09-27 07:00:00+00:00,202.55,203.06,201.41,201.97,545929.2,110424359.292,52986532.0178
2025-09-27 08:00:00+00:00,201.97,202.13,200.75,200.84,565751.67,113933293.541,49193045.7466
2025-09-27 09:00:00+00:00,200.83,201.4,199.77,201.09,950562.93,190527870.6,84515509.8362
2025-09-27 10:00:00+00:00,201.09,201.95,200.38,201.51,615182.24,123819977.008,67796658.2505
2025-09-27 11:00:00+00:00,201.5,201.91,201.18,201.6,269439.96,54309136.962,27090567.0928
2025-09-27 12:00:00+00:00,201.6,202.84,200.85,202.33,650063.69,131188294.635,71706711.3451
2025-09-27 13:00:00+00:00,202.32,203.3,202.03,202.79,610101.33,123640138.077,67225155.8588
2025-09-27 14:00:00+00:00,202.78,203.66,202.21,202.6,495564.89,100561211.063,48067533.0277
2025-09-27 15:00:00+00:00,202.59,203.62,201.66,203.42,615221.22,124628240.157,59932997.9525
2025-09-27 16:00:00+00:00,203.41,203.5,202.6,202.82,443643.56,90080038.3036,43192512.24
2025-09-27 17:00:00+00:00,202.82,202.86,200.75,201.73,828971.6,167085218.247,73175299.1125
2025-09-27 18:00:00+00:00,201.73,202.08,200.81,201.57,336862.94,67853221.3728,33140825.8784
2025-09-27 19:00:00+00:00,201.57,202.26,201.16,202.1,232701.77,46937495.0009,27008500.5964
2025-09-27 20:00:00+00:00,202.09,202.81,201.79,202.54,216148.15,43730905.8098,24495882.4155
2025-09-27 21:00:00+00:00,202.54,203.97,202.18,203.75,334220.99,67924072.1122,40182741.5033
2025-09-27 22:00:00+00:00,203.76,204.84,203.31,203.8,577210.24,117812189.692,55167097.2562
2025-09-27 23:00:00+00:00,203.8,204.2,203.1,203.32,334991.99,68177026.8187,30065116.2983
2025-09-28 00:00:00+00:00,203.33,203.96,202.42,202.83,541790.93,110013200.22,51903703.2774
2025-09-28 01:00:00+00:00,202.83,203.1,200.88,201.02,712801.13,143790511.593,63533451.8273
2025-09-28 02:00:00+00:00,201.02,201.95,200.89,201.34,346268.88,69751732.4165,37702471.1831
2025-09-28 03:00:00+00:00,201.35,201.86,200.66,201.29,294934.52,59356906.1238,26752460.5855
2025-09-28 04:00:00+00:00,201.28,201.88,201.06,201.78,253674.64,51127181.2048,26501211.137
2025-09-28 05:00:00+00:00,201.78,202.37,201.05,201.2,401142.47,80892594.2165,41034173.5085
2025-09-28 06:00:00+00:00,201.2,201.72,200.26,201.62,533832.68,107264939.673,52654982.8104
2025-09-28 07:00:00+00:00,201.61,202.24,201.05,202,340502,68703636.9131,42838309.4098
2025-09-28 08:00:00+00:00,202,202.64,201.29,201.71,530329.32,107079616.893,49522003.1291
2025-09-28 09:00:00+00:00,201.7,201.93,200.55,200.6,654052.35,131540102.11,58979143.0166
2025-09-28 10:00:00+00:00,200.59,200.97,200.1,200.73,401642.68,80519898.4811,44158875.134
2025-09-28 11:00:00+00:00,200.73,200.79,199.13,199.75,708634.87,141577275.709,56123246.1215
2025-09-28 12:00:00+00:00,199.76,199.88,197.85,198.35,1046557.12,208052769.938,86103041.7785
2025-09-28 13:00:00+00:00,198.35,201.32,198.21,201.07,913916.88,182654294.464,107188633.272
2025-09-28 14:00:00+00:00,201.07,201.88,200.31,201.75,604393.9,121536725.144,65567995.499
2025-09-28 15:00:00+00:00,201.74,203.46,201.73,203.33,954063.33,193227999.98,103665746.199
2025-09-28 16:00:00+00:00,203.33,204.68,203.13,203.95,1063575.8,216736700.736,106136569.016
2025-09-28 17:00:00+00:00,203.95,205.77,203.87,204.92,1007079.33,206280488.031,116008059.262
2025-09-28 18:00:00+00:00,204.92,206.3,204.7,206.03,616765.33,126728620.075,69926968.3288
2025-09-28 19:00:00+00:00,206.04,206.58,205.32,206.09,452654.79,93233130.4377,47484383.1301
2025-09-28 20:00:00+00:00,206.09,207.71,205.92,206.71,902540.61,186865224.647,100529043.054
2025-09-28 21:00:00+00:00,206.72,207.24,206.41,207.14,386821.07,80005224.1796,38873800.9294
2025-09-28 22:00:00+00:00,207.14,209.89,207.14,209.42,1397448.43,291932454.642,159784363.585
2025-09-28 23:00:00+00:00,209.43,210.88,209.43,210.7,869924.99,182812714.527,98083063.8877
2025-09-29 00:00:00+00:00,210.7,210.79,208.93,209.12,919663.77,192947973.841,72733494.7773
2025-09-29 01:00:00+00:00,209.12,209.87,208.71,209.35,667057.45,139597361.273,65428731.0359
2025-09-29 02:00:00+00:00,209.34,210.75,208.84,209.61,814416.53,170818046.619,89071381.3267
2025-09-29 03:00:00+00:00,209.62,210.27,209,210.19,472956.14,99107015.8463,45188498.3303
2025-09-29 04:00:00+00:00,210.19,210.6,209.75,209.97,489197.41,102822930.677,58438602.1066
2025-09-29 05:00:00+00:00,209.97,210.11,208.67,209.04,590440.75,123518812.063,49065144.4423
2025-09-29 06:00:00+00:00,209.03,209.11,207.71,208.06,718996.45,149727363.094,62916140.7915
2025-09-29 07:00:00+00:00,208.06,209.2,207.26,208.85,732265.99,152429862.658,82682010.714
2025-09-29 08:00:00+00:00,208.85,209.6,208.15,208.79,646988.21,135154345.083,71524335.1516
2025-09-29 09:00:00+00:00,208.79,209.03,207.75,208.12,493385.53,102839524.171,49003112.1994
2025-09-29 10:00:00+00:00,208.11,208.25,206.31,206.52,674985.09,139905939.766,59391839.4911
2025-09-29 11:00:00+00:00,206.51,207.37,205.89,206.98,888817.71,183607237.459,93691175.8796
2025-09-29 12:00:00+00:00,206.97,207.93,205.06,205.22,1276322.01,263386894.163,114292484.262
2025-09-29 13:00:00+00:00,205.22,209.39,204.46,208.7,2753462.94,569694265.958,296800141.015
2025-09-29 14:00:00+00:00,208.71,212.79,208.52,212.24,2660202.94,561234397.38,289253777.07
2025-09-29 15:00:00+00:00,212.24,213.4,209.66,209.96,1779997.51,376361795.592,162012726.502
2025-09-29 16:00:00+00:00,209.97,211.48,208.19,208.6,1049485.53,220249155.934,100280103.477
2025-09-29 17:00:00+00:00,208.59,210.2,207.51,210.03,1235336.16,257735008.815,143862711.658
2025-09-29 18:00:00+00:00,210.02,210.63,208.95,210.61,545075.57,114339753.891,56236112.1306
2025-09-29 19:00:00+00:00,210.62,213.39,210.27,212.82,938860.17,198791901.066,110200898.16
2025-09-29 20:00:00+00:00,212.82,214.41,212.34,214.29,1102514.96,235559355.972,129223067.728
2025-09-29 21:00:00+00:00,214.28,214.68,213.54,214.06,505192.67,108165833.183,47444385.1028
2025-09-29 22:00:00+00:00,214.06,214.2,212.93,213.48,616381.98,131580223.282,52697704.0049
2025-09-29 23:00:00+00:00,213.47,213.87,212.31,212.59,615325.48,131002648.201,65741813.9245
2025-09-30 00:00:00+00:00,212.59,213.52,211.07,211.17,1303877.44,276515592.298,134348965.694
2025-09-30 01:00:00+00:00,211.16,212.84,209.63,210.43,1706490.78,359855186.613,163515407.097
2025-09-30 02:00:00+00:00,210.43,211.09,209.81,210.38,696867.28,146632027.124,86189603.421
2025-09-30 03:00:00+00:00,210.38,211.33,209.96,210.54,359654.71,75740247.8224,38154615.0852
2025-09-30 04:00:00+00:00,210.54,211.57,210.06,210.09,375360.25,79182528.0749,34441686.1934
2025-09-30 05:00:00+00:00,210.08,210.62,208.79,209.85,700198.51,146905108.492,66308137.8654
2025-09-30 06:00:00+00:00,209.86,210.78,209.36,210.19,463163.92,97323257.8821,54711799.805
2025-09-30 07:00:00+00:00,210.19,210.68,208.4,208.9,613464.13,128407046.441,57686645.1232
2025-09-30 08:00:00+00:00,208.9,208.9,207.57,207.68,686129.5,142837608.854,59559554.6863
2025-09-30 09:00:00+00:00,207.68,207.84,205.48,205.8,1251919.78,258631115.081,114820830.296
2025-09-30 10:00:00+00:00,205.79,206.91,205.44,206.45,907809.13,187234052.067,102430636.723
2025-09-30 11:00:00+00:00,206.45,207.14,205.77,206.93,862642.91,178140486.634,104964162.197
2025-09-30 12:00:00+00:00,206.93,207.34,205.81,206.06,757142.42,156527315.67,68493293.5743
2025-09-30 13:00:00+00:00,206.06,209.58,205.54,207.59,2023661.54,420277623.598,228137483.382
2025-09-30 14:00:00+00:00,207.58,208.79,205.96,208.69,1262181.91,261374432.094,135987587.162
2025-09-30 15:00:00+00:00,208.68,208.69,204.39,205.92,1564726.97,322201164.778,144539205.862
2025-09-30 16:00:00+00:00,205.91,206.23,204.17,205.04,1024309.67,210074103.661,98954677.736
2025-09-30 17:00:00+00:00,205.04,206.23,204.63,205.56,761371.13,156447781.029,84948551.5176
2025-09-30 18:00:00+00:00,205.57,207.75,205.23,207.46,634198.75,131135161.78,71743134.9711
2025-09-30 19:00:00+00:00,207.47,209.12,207.02,208.81,892165.7,185709607.696,101080251.596
2025-09-30 20:00:00+00:00,208.81,210.14,208.07,209.77,635831.11,132900283.506,69727241.0701
2025-09-30 21:00:00+00:00,209.78,210.89,209.14,209.53,1022032.62,214697067.48,106559147.828
2025-09-30 22:00:00+00:00,209.53,210.87,207.72,207.99,891916.57,186783214.43,76396015.011
2025-09-30 23:00:00+00:00,207.99,208.85,207.31,208.6,619691.3,128970022.001,68789147.8347
2025-10-01 00:00:00+00:00,208.61,209.34,206.31,207.45,788542.43,163746736.756,78326906.9148
2025-10-01 01:00:00+00:00,207.46,210.66,207.05,210.52,1035811.67,216415062.965,117754228.4
2025-10-01 02:00:00+00:00,210.52,210.83,209.08,209.13,649897.95,136509841.293,57433573.5087
2025-10-01 03:00:00+00:00,209.12,209.54,206.52,206.64,903492.6,187840954.823,92110808.872
2025-10-01 04:00:00+00:00,206.63,209.44,206.26,208.43,1001533.86,208631620.552,110032463.549
2025-10-01 05:00:00+00:00,208.44,209.94,208.38,208.89,500744.19,104775004.005,55008867.2838
2025-10-01 06:00:00+00:00,208.89,209.43,207.74,207.88,670071.21,139749561.668,61804517.4462
2025-10-01 07:00:00+00:00,207.88,210.26,207.75,210.06,635826.8,133144056.018,75284673.8285
2025-10-01 08:00:00+00:00,210.05,217.5,209.75,216.49,3614995.99,773955101.46,415957475.248
2025-10-01 09:00:00+00:00,216.49,217.89,215.7,217.48,1834274.92,397908423.662,186979383.629
2025-10-01 10:00:00+00:00,217.48,217.67,216.01,216.53,1003449.83,217406142.893,95757239.0365
2025-10-01 11:00:00+00:00,216.52,217.77,216.49,217.64,785358.05,170680898.789,83219181.5211
2025-10-01 12:00:00+00:00,217.64,219.3,217.05,218.4,1556847.47,339759183.309,168290339.015
2025-10-01 13:00:00+00:00,218.4,219.84,218.21,219.21,1428654.43,312874003.958,153385059.519
2025-10-01 14:00:00+00:00,219.21,220.54,218.71,219.38,1685943.27,370319767.472,180518240.497
2025-10-01 15:00:00+00:00,219.39,220.16,218.61,220.13,1013575.6,222454771.933,110876494.295
2025-10-01 16:00:00+00:00,220.13,220.89,218.79,219,1133637.78,249392546.093,123617971.373
2025-10-01 17:00:00+00:00,219,219.66,217.26,217.33,1213006.8,265076607.238,114854943.365
2025-10-01 18:00:00+00:00,217.34,219.59,217.33,219.03,677338.49,147986733.294,82599997.9593
2025-10-01 19:00:00+00:00,219.04,220.38,218.91,219.96,610153.59,134106055.529,70080461.004
2025-10-01 20:00:00+00:00,219.96,220.18,219.13,219.41,477899.23,105007918.347,52459367.2295
2025-10-01 21:00:00+00:00,219.41,219.41,218.34,218.95,394847.65,86392568.4437,35701237.7658
2025-10-01 22:00:00+00:00,218.94,219.89,218.93,219.45,358771.83,78724257.792,42123968.398
2025-10-01 23:00:00+00:00,219.44,222.69,219.33,221.91,969055.49,214124303.673,134878053.549
2025-10-02 00:00:00+00:00,221.92,222.32,219.58,219.69,1470068.02,325092581.072,143705641.197
2025-10-02 01:00:00+00:00,219.69,222.91,219.38,222.68,832594.5,184356019.698,98279413.4975
2025-10-02 02:00:00+00:00,222.68,224,221.26,223.13,1214191.51,270267991.975,135844697.007
2025-10-02 03:00:00+00:00,223.14,224.97,222.72,223.65,1025041.37,229552823.714,113764540.126
2025-10-02 04:00:00+00:00,223.65,224.84,222.51,223.67,875999.27,195860972.127,89672610.8912
2025-10-02 05:00:00+00:00,223.67,226.89,223.67,224.01,1165344.82,262124295.131,135990148.223
2025-10-02 06:00:00+00:00,224.01,225.72,223.41,224.82,878498.93,197226276.198,101765042.582
2025-10-02 07:00:00+00:00,224.81,225.15,222.3,222.81,748155.67,167253188.063,72018262.6306
2025-10-02 08:00:00+00:00,222.82,224.61,222.56,224.6,556620.52,124430288.913,70695890.4995
2025-10-02 09:00:00+00:00,224.6,225.62,223.84,225.03,618205.36,138926339.783,67721017.3869
2025-10-02 10:00:00+00:00,225.02,225.67,224.68,224.97,462218.01,104044023.405,49655670.2695
2025-10-02 11:00:00+00:00,224.98,226.5,224.61,225.11,733420.82,165422943.829,82931702.8116
2025-10-02 12:00:00+00:00,225.12,227.34,224.84,227.14,967179.88,218823592.07,117942652.998
2025-10-02 13:00:00+00:00,227.14,227.3,224.51,226.38,1639485.21,370337708.111,184760229.537
2025-10-02 14:00:00+00:00,226.38,226.59,223,223.5,1534676.65,344911868.353,160174919.116
2025-10-02 15:00:00+00:00,223.5,227.2,222.53,227.1,1894630.68,426130665.552,221168342.481
2025-10-02 16:00:00+00:00,227.09,229.2,226.11,227.86,1795779.45,409077620.155,184761237.112
2025-10-02 17:00:00+00:00,227.85,230.3,227.24,229.66,1166249.33,267136573.962,135108810.763
2025-10-02 18:00:00+00:00,229.67,233.08,229.6,232.19,1578448.39,365487338.636,205653783.101
2025-10-02 19:00:00+00:00,232.18,233.62,231.39,232.12,1439365.68,334646284.7,174902090.935
2025-10-02 20:00:00+00:00,232.11,232.5,230.67,232.48,881058.7,204016571.929,100490009.063
2025-10-02 21:00:00+00:00,232.48,233.86,232.27,232.47,722914.33,168425020.557,87082297.2059
2025-10-02 22:00:00+00:00,232.48,233.78,231.92,232.94,949313.43,220848372.533,105117742.289
2025-10-02 23:00:00+00:00,232.95,234.91,232.8,234.6,1013516,237217133.945,129180438.828
2025-10-03 00:00:00+00:00,234.61,234.68,231.74,231.78,909664.29,211880870.413,90277871.9416
2025-10-03 01:00:00+00:00,231.79,232.65,230.4,230.86,909197.89,210396399.482,86529466.1916
2025-10-03 02:00:00+00:00,230.86,233.34,230.7,233.19,725360.84,168167877.997,99277052.0274
2025-10-03 03:00:00+00:00,233.18,234.77,231.91,232.14,953411.98,222573046.151,106443968.794
2025-10-03 04:00:00+00:00,232.15,233.14,231,231.96,667696.84,154910071.176,64969945.8571
2025-10-03 05:00:00+00:00,231.96,232.08,230.21,231.08,663415.69,153229179.42,68916295.1654
2025-10-03 06:00:00+00:00,231.08,231.45,227.42,229.25,1106707.46,253968746.159,95449617.6148
2025-10-03 07:00:00+00:00,229.25,229.64,228.5,229.33,891231.03,204110922.5,93655402.9465
2025-10-03 08:00:00+00:00,229.33,231.15,227.75,230.92,1216642.16,279029300.362,149691542.259
2025-10-03 09:00:00+00:00,230.92,231.7,230.55,230.81,870397.62,201113569.245,103501501.674
2025-10-03 10:00:00+00:00,230.82,231.59,230.27,231.15,524336.11,121059916.604,64525297.246
2025-10-03 11:00:00+00:00,231.16,231.22,229.44,230.68,666199.51,153450460.226,73815923.667
2025-10-03 12:00:00+00:00,230.69,231.15,229.59,229.96,581522.72,133907977.122,61471926.5293
2025-10-03 13:00:00+00:00,229.95,230.97,228.53,229.62,1275279.16,292820009.54,148655131.065
2025-10-03 14:00:00+00:00,229.62,230.99,227,230.39,1844176.66,421788814.36,203414102.587
2025-10-03 15:00:00+00:00,230.38,234.88,229.39,234.67,2119627.79,493202229.562,268864548.357
2025-10-03 16:00:00+00:00,234.67,236.88,233.61,233.81,2916032.02,686286636.384,351784616.649
2025-10-03 17:00:00+00:00,233.8,233.92,227.72,229.99,3763642.42,871110829.439,405220930.227
2025-10-03 18:00:00+00:00,229.99,233.55,228.98,233.54,1518707.14,351856237.415,187265588.445
2025-10-03 19:00:00+00:00,233.53,235.44,232.67,233.1,1107156.92,259099359.148,135623767.62
2025-10-03 20:00:00+00:00,233.1,233.34,230.62,232.92,883023.07,205050780.056,95810414.4278
2025-10-03 21:00:00+00:00,232.92,233.32,231.79,232.55,352876.8,82076524.3258,35928298.3862
2025-10-03 22:00:00+00:00,232.54,233.9,232.53,233.11,432384.66,100791192.003,49995491.318
2025-10-03 23:00:00+00:00,233.11,233.38,232.28,232.74,309591.91,72092556.499,32913843.8358
2025-10-04 00:00:00+00:00,232.74,233.98,231.41,231.89,748857.64,174170552.569,82989491.43
2025-10-04 01:00:00+00:00,231.89,232.03,229.49,230.23,793041.13,182847770.348,74895773.0438
2025-10-04 02:00:00+00:00,230.23,231,228.17,229.75,1124833.71,258065052.933,113212699.4
2025-10-04 03:00:00+00:00,229.75,229.94,227.76,229.11,1028104.91,235053898.758,93485153.1651
2025-10-04 04:00:00+00:00,229.11,229.79,228.85,229.44,379759.88,87080180.2814,47095484.015
2025-10-04 05:00:00+00:00,229.44,230.19,229.03,229.85,454703.04,104425354.816,56497473.8535
2025-10-04 06:00:00+00:00,229.84,230.43,229.5,229.73,489414.9,112576893.404,53942957.9962
2025-10-04 07:00:00+00:00,229.74,229.79,228.63,229,335925.43,76991124.1385,35270197.5749
2025-10-04 08:00:00+00:00,229,229.36,228.08,228.77,591847.24,135401820.696,57787366.7964
2025-10-04 09:00:00+00:00,228.77,229.36,228.17,228.35,329999.62,75522665.1458,38244444.5312
2025-10-04 10:00:00+00:00,228.35,229.81,228.2,229.03,450326.31,103178682.588,55823484.0285
2025-10-04 11:00:00+00:00,229.03,229.5,228.52,229.08,279971.29,64128848.2397,28245186.9175
2025-10-04 12:00:00+00:00,229.08,229.35,227.8,228.03,393318.31,89873376.2423,39248674.3923
2025-10-04 13:00:00+00:00,228.02,229.72,227.79,228.68,548159.83,125554557.654,67478088.4819
2025-10-04 14:00:00+00:00,228.67,229.4,226.43,226.72,820857.05,187061354.28,80002844.197
2025-10-04 15:00:00+00:00,226.71,227.37,224,224.78,2362680.44,532926479.582,247130425.793
2025-10-04 16:00:00+00:00,224.8,225.6,224.06,225.57,1165552.24,262138943.508,145951167.844
2025-10-04 17:00:00+00:00,225.57,226.91,225.34,226.46,687721.38,155572482.169,76135661.5237
2025-10-04 18:00:00+00:00,226.47,226.88,225.72,225.96,341464.95,77288631.5348,31646786.4273
2025-10-04 19:00:00+00:00,225.96,226.81,225.88,226.8,291879.02,66083841.7035,33110425.576
2025-10-04 20:00:00+00:00,226.8,227.88,226.8,227.2,464493.54,105630806.996,58133320.5478
2025-10-04 21:00:00+00:00,227.21,228.19,227.14,227.15,387684,88290708.8005,44044142.3831
2025-10-04 22:00:00+00:00,227.14,227.88,226.78,227.6,281424.65,63992653.0071,33284847.1305
2025-10-04 23:00:00+00:00,227.61,228.11,226.95,227.72,233631.22,53163953.1382,22174771.9565
2025-10-05 00:00:00+00:00,227.72,228.15,226.38,226.7,436652.19,99250970.5996,46639563.8833
2025-10-05 01:00:00+00:00,226.71,227.73,226.46,227.63,316330.88,71853111.2781,37040350.6986
2025-10-05 02:00:00+00:00,227.63,231.36,227.19,231.04,2010218.69,461800613.182,279435804.508
2025-10-05 03:00:00+00:00,231.04,232.19,230.04,230.8,1259878.18,291352436.99,139560591.106
2025-10-05 04:00:00+00:00,230.79,234.89,230.79,233.72,1536734.16,358286843.049,195473351.217
2025-10-05 05:00:00+00:00,233.72,234.88,233.23,234.43,1079565.13,252808012.274,118998092.516
2025-10-05 06:00:00+00:00,234.44,235.87,234.36,235.07,1196154.15,281238039.466,127450621.352
2025-10-05 07:00:00+00:00,235.08,236.9,234.96,236.48,1395075.22,329253196.142,143335665.601
2025-10-05 08:00:00+00:00,236.49,237.24,234.93,235.07,893279.18,210746124.367,95073607.5569
2025-10-05 09:00:00+00:00,235.07,235.7,232,233.32,1747588.45,408734142.073,171694934.254
2025-10-05 10:00:00+00:00,233.32,233.5,230.62,231.9,1483703.22,344047879.641,156518091.367
2025-10-05 11:00:00+00:00,231.9,232.75,230.66,232.52,896985.3,207943890.522,115149520.393
2025-10-05 12:00:00+00:00,232.52,232.54,230.58,231.2,755381.6,174829534.347,75498324.9302
2025-10-05 13:00:00+00:00,231.19,231.92,230.25,231.54,643343.41,148788847.103,74358722.4424
2025-10-05 14:00:00+00:00,231.54,231.92,228.21,229.98,1074078.03,247083024.15,107989511.516
2025-10-05 15:00:00+00:00,229.98,230.79,229.64,230.02,506128.66,116452053.399,51555406.3912
2025-10-05 16:00:00+00:00,230.03,231.18,228.68,230.99,758126.26,174336339.158,94019281.4535
2025-10-05 17:00:00+00:00,230.99,231.35,229.18,229.57,556433.06,128188993.151,64396402.7679
2025-10-05 18:00:00+00:00,229.57,229.78,227.19,228.85,1172666.9,267695849.855,119055435.678
2025-10-05 19:00:00+00:00,228.84,228.87,226.58,226.96,711426.13,161747722.052,72255533.2348
2025-10-05 20:00:00+00:00,226.96,228.89,226.57,227.88,577757.95,131693633.132,74506044.117
2025-10-05 21:00:00+00:00,227.88,228.68,227.36,228.57,268450.08,61203503.1183,32903360.4733
2025-10-05 22:00:00+00:00,228.58,229.15,226.93,228.18,509894.98,116227677.139,58037565.7682
2025-10-05 23:00:00+00:00,228.18,229.02,227.96,228.45,510658.42,116691481.028,59580660.5414
2025-10-06 00:00:00+00:00,228.45,230.21,227.4,228.57,1259300.46,288038941.806,146793217.388
2025-10-06 01:00:00+00:00,228.57,231.71,227.62,231.29,1220834.06,281261489.815,151433770.385
2025-10-06 02:00:00+00:00,231.29,232.98,229.63,232.25,1123453.71,259776821.14,134638505.823
2025-10-06 03:00:00+00:00,232.25,233.19,231.6,232.12,578047.61,134253901.952,58190115.6559
2025-10-06 04:00:00+00:00,232.12,232.25,230.48,230.56,671427.56,155284419.408,58784865.0041
2025-10-06 05:00:00+00:00,230.55,232.38,230.05,232.21,515038.18,119000233.023,63952576.8798
2025-10-06 06:00:00+00:00,232.2,234.77,232.2,233.82,1200138.67,280422889.994,133608010.028
2025-10-06 07:00:00+00:00,233.82,234.15,230.51,231.23,1075369.27,249723025.327,110917229.542
2025-10-06 08:00:00+00:00,231.24,233.82,231.24,233.57,736845.84,171568501.01,84899721.7069
2025-10-06 09:00:00+00:00,233.57,234.05,232.69,233.37,556650.59,129834724.401,60228604.6188
2025-10-06 10:00:00+00:00,233.37,233.64,232.18,232.54,503795.57,117275953.922,48142214.1423
2025-10-06 11:00:00+00:00,232.54,233.77,231.64,232.89,754283.61,175481058.711,85109927.5393
2025-10-06 12:00:00+00:00,232.9,234.33,232.81,233.98,767999.41,179486320.393,95635079.1078
2025-10-06 13:00:00+00:00,233.97,235.06,232.55,234.64,1507114.81,352640693.155,171435481.362
2025-10-06 14:00:00+00:00,234.64,235.65,232.65,233.24,1380012.92,323378654.787,152364646.506
2025-10-06 15:00:00+00:00,233.23,236.62,233.18,235.56,1487477.4,350242821.854,179858540.281
2025-10-06 16:00:00+00:00,235.55,236.19,233.95,235.6,904822.67,212618055.338,105470195.412
2025-10-06 17:00:00+00:00,235.59,237.74,235.33,236.31,1309132.15,309476644.366,154106028.593
2025-10-06 18:00:00+00:00,236.31,237.05,234.7,236.68,863343.95,203648899.662,95590202.9731
2025-10-06 19:00:00+00:00,236.69,236.9,234.56,235.22,754693.69,177733280.65,86945833.6238
2025-10-06 20:00:00+00:00,235.23,236.03,232.96,233.45,1192510.08,279315085.554,120434942.022
2025-10-06 21:00:00+00:00,233.46,234.31,232.66,234.13,566562.15,132307623.074,63452052.5766
2025-10-06 22:00:00+00:00,234.13,234.91,233.81,234.52,487959.3,114368258.148,59836929.0717
2025-10-06 23:00:00+00:00,234.52,234.67,231.32,232.27,857544.91,199601396.836,89960981.0045
2025-10-07 00:00:00+00:00,232.27,232.92,231.05,232.38,824261.91,191132921.519,90741063.4485
2025-10-07 01:00:00+00:00,232.38,233.01,230.79,232.58,746197.66,173021324.118,78864342.2638
2025-10-07 02:00:00+00:00,232.59,233.76,231.9,233.32,558107.96,130002026.739,62973668.6492
2025-10-07 03:00:00+00:00,233.33,233.88,232.79,233.81,379444.04,88526698.4899,35137120.3565
2025-10-07 04:00:00+00:00,233.81,235.17,232.87,234.71,728658.87,170609821.829,92793602.3041
2025-10-07 05:00:00+00:00,234.72,234.95,233.04,233.37,717322.76,167914078.516,61338693.5169
2025-10-07 06:00:00+00:00,233.37,233.54,229.13,230.28,1769779.46,408941187.664,173770577.37
2025-10-07 07:00:00+00:00,230.28,230.96,229.35,230.88,773967.63,178297461.564,84972704.0296
2025-10-07 08:00:00+00:00,230.88,230.89,228.1,229.86,1618932.36,371112767.224,172643202.923
2025-10-07 09:00:00+00:00,229.85,230.44,229.55,230.2,505088.79,116203477.831,63815375.249
2025-10-07 10:00:00+00:00,230.19,231.53,229.58,230.69,564319.87,130201694.821,67295043.9861
2025-10-07 11:00:00+00:00,230.69,231.04,229.92,230.31,504271.13,116167929.034,57281118.2883
2025-10-07 12:00:00+00:00,230.31,231.39,229.11,231.37,865528.98,199188836.357,111105592.585
2025-10-07 13:00:00+00:00,231.38,231.5,226.12,227.82,2663898.22,608371999.221,263483102.587
2025-10-07 14:00:00+00:00,227.81,228.01,224.34,225.19,2997508.39,676438140.067,303192291.433
2025-10-07 15:00:00+00:00,225.19,225.79,221.27,223.65,3963649.99,883843424.949,402951087.672
2025-10-07 16:00:00+00:00,223.66,225.17,221.76,224.28,2369622.79,529634548.588,265587245.909
2025-10-07 17:00:00+00:00,224.28,224.73,222.47,222.57,893801.15,199769805.041,90296028.4742
2025-10-07 18:00:00+00:00,222.58,223.17,221.23,221.36,962412.08,213879932.531,99246039.7144
2025-10-07 19:00:00+00:00,221.35,222.72,220.5,221.55,1020989.21,226370961.01,109643314.981
2025-10-07 20:00:00+00:00,221.55,224.05,221.38,223.35,769565.06,171732543.952,91166504.0193
2025-10-07 21:00:00+00:00,223.34,224.12,222.26,222.99,448914.14,100245188.488,43822956.9257
2025-10-07 22:00:00+00:00,223,223.55,221.86,222.37,400872.26,89281609.8224,41531380.562
2025-10-07 23:00:00+00:00,222.38,222.42,219.57,219.84,1102742.56,243484900.903,98721583.1581
2025-10-08 00:00:00+00:00,219.84,221.68,217.82,220.87,1420848.52,312603774.846,146904891.083
2025-10-08 01:00:00+00:00,220.88,222.21,220.35,221.93,512913.58,113547596.917,63560888.425
2025-10-08 02:00:00+00:00,221.93,222.69,221.03,221.46,537938.15,119339243.435,57902744.0518
2025-10-08 03:00:00+00:00,221.46,221.47,217.82,218.2,1058044.62,232004598.099,95500782.3602
2025-10-08 04:00:00+00:00,218.2,220.44,217.2,220.29,940576.11,205981983.209,101745042.812
2025-10-08 05:00:00+00:00,220.29,220.3,218.27,219.41,615066.08,134816874.946,66499557.7498
2025-10-08 06:00:00+00:00,219.41,220.35,218.5,220.16,493425.34,108266868.306,57072592.2689
2025-10-08 07:00:00+00:00,220.16,220.88,219.32,220.85,443168.82,97493702.0976,52411234.3158
2025-10-08 08:00:00+00:00,220.85,222.52,220.7,221.48,936583.55,207593672.431,112268612.433
2025-10-08 09:00:00+00:00,221.48,221.98,220.6,221.31,561432.85,124188350.32,61623133.1259
2025-10-08 10:00:00+00:00,221.31,222.08,220.89,221.99,484542.77,107323424.949,57921375.704
2025-10-08 11:00:00+00:00,222,222.43,220.51,221.04,569612.92,126119577.716,62217843.8562
2025-10-08 12:00:00+00:00,221.04,222.46,220.96,222.18,628893.18,139428839.553,75893851.5432
2025-10-08 13:00:00+00:00,222.18,222.64,218.72,221.35,1240532.6,273560348.644,130921828.61
2025-10-08 14:00:00+00:00,221.34,224.09,219.33,219.96,2054186.95,456113577.274,229479799.185
2025-10-08 15:00:00+00:00,219.96,222.75,219.77,221.08,936269.57,207144527.474,99731591.4962
2025-10-08 16:00:00+00:00,221.09,223.61,220.57,223.44,744487.34,165362393.042,92470630.5172
2025-10-08 17:00:00+00:00,223.43,227.56,223.24,226.75,1963136.59,443221192.384,223294485.421
2025-10-08 18:00:00+00:00,226.75,229.69,226.26,228.59,2225787.42,507291924.289,261960196.571
2025-10-08 19:00:00+00:00,228.59,229.51,227.43,229.23,899970.13,205587736.946,99799489.061
2025-10-08 20:00:00+00:00,229.22,229.61,227.37,227.63,770412,176217447.492,67984944.271
2025-10-08 21:00:00+00:00,227.62,229.06,227.35,228.4,391937.4,89411685.0014,48217487.4688
2025-10-08 22:00:00+00:00,228.39,229.64,228.38,228.53,448965.73,102835243.598,47102133.4537
2025-10-08 23:00:00+00:00,228.54,229.3,227.81,228.95,375843.81,85886310.7215,40168151.6471
2025-10-09 00:00:00+00:00,228.96,229.61,227.92,228.26,624449.41,142769482.782,66328842.5804
2025-10-09 01:00:00+00:00,228.25,228.61,225.86,228.37,1205884.08,273824179.497,121478392.904
2025-10-09 02:00:00+00:00,228.37,228.68,223.76,224.35,1460060.48,329769595.298,138128988.674
2025-10-09 03:00:00+00:00,224.34,226.41,224.32,226.1,774809.27,174828862.274,97717386.6541
2025-10-09 04:00:00+00:00,226.1,227.48,225.34,227.4,526388.05,119249246.169,67746926.1953
2025-10-09 05:00:00+00:00,227.4,228.67,226.62,227.72,799639.07,182003313.134,104710921.796
2025-10-09 06:00:00+00:00,227.73,228.33,226.2,226.45,697310.68,158524907.643,73220705.9163
2025-10-09 07:00:00+00:00,226.44,226.8,224.04,224.38,1085160.15,244302252.999,114034315.909
2025-10-09 08:00:00+00:00,224.39,224.72,219.25,219.88,2791142.7,618468592.275,268981590.238
2025-10-09 09:00:00+00:00,219.88,222.05,219.76,221.86,1206965.35,266870575.154,145718611.366
2025-10-09 10:00:00+00:00,221.87,222.83,220.82,222.15,697809.57,154870753.819,76733864.8671
2025-10-09 11:00:00+00:00,222.14,223.87,222.13,223,749385.24,167177133.324,85960928.1897
2025-10-09 12:00:00+00:00,223,226.2,222.78,225.83,1237310.58,277907027.665,151389292.797
2025-10-09 13:00:00+00:00,225.83,226.08,221.7,222.18,1998188.1,448060772.981,185161998.698
2025-10-09 14:00:00+00:00,222.18,223.21,219.26,220.77,2391990.83,529014150.495,259011839.133
2025-10-09 15:00:00+00:00,220.78,222.11,218.56,219.01,1768414.11,389330372.111,191765761.473
2025-10-09 16:00:00+00:00,219.01,220.06,216.17,217.16,1890365.59,412716559.842,183946228.47
2025-10-09 17:00:00+00:00,217.15,219.49,216.61,219.21,1182534.92,257837361.045,143892695.209
2025-10-09 18:00:00+00:00,219.21,219.43,217.06,217.43,763138.82,166594042.023,80124052.8411
2025-10-09 19:00:00+00:00,217.44,218.85,217.28,218.18,685814.61,149560529.91,74984713.6948
2025-10-09 20:00:00+00:00,218.18,219.14,217.46,218.82,567320.6,123853167.604,62589423.4418
2025-10-09 21:00:00+00:00,218.82,220.34,218.41,220.15,569860.71,125020767.826,72983867.5898
2025-10-09 22:00:00+00:00,220.16,221.55,219.76,221.11,495365.81,109364293.078,58537487.1718
2025-10-09 23:00:00+00:00,221.11,221.19,219.72,220.8,455534.75,100367949.721,42241948.0448
2025-10-10 00:00:00+00:00,220.81,221.94,220.64,221.11,526406.03,116474947.31,60997886.8282
2025-10-10 01:00:00+00:00,221.11,221.99,220.39,220.88,490158.31,108449922.922,48585755.5986
2025-10-10 02:00:00+00:00,220.88,221.8,219.78,220.25,672391.5,148340930.211,67679080.8615
2025-10-10 03:00:00+00:00,220.25,222.79,219.42,221.54,960983.9,212674124.676,114410613.745
2025-10-10 04:00:00+00:00,221.54,222.79,220.77,221.11,694064.46,153923886.257,65128270.8835
2025-10-10 05:00:00+00:00,221.11,221.69,219.92,221.57,605563.51,133653651.527,66584502.1986
2025-10-10 06:00:00+00:00,221.56,222.34,219.15,219.25,658689.65,145456032.173,65681018.8162
2025-10-10 07:00:00+00:00,219.25,219.47,217.77,217.98,951429.45,207921051.482,85377219.2604
2025-10-10 08:00:00+00:00,217.99,219.96,217.24,219.92,838681.29,183292043.523,96786800.957
2025-10-10 09:00:00+00:00,219.92,220.63,218.82,218.83,692532.12,152150232.652,77225976.4713
2025-10-10 10:00:00+00:00,218.82,220.53,218.6,220.29,465233.95,102176911.676,54156396.7045
2025-10-10 11:00:00+00:00,220.29,221.48,220.18,221.06,698690.02,154301230.335,78784685.9245
2025-10-10 12:00:00+00:00,221.06,221.71,220.64,221.67,449667.18,99486978.1749,49104081.5402
2025-10-10 13:00:00+00:00,221.66,224.35,221.41,223.31,1705294.42,380172945.522,195523149.822
2025-10-10 14:00:00+00:00,223.32,224.32,219.57,219.69,1983418.65,440894848.592,192417432.678
2025-10-10 15:00:00+00:00,219.69,220.02,208.74,210.58,8845760.68,1888029901.52,910419910.201
2025-10-10 16:00:00+00:00,210.57,212.85,209.87,211.11,2505839.86,529505082.403,253683029.872
2025-10-10 17:00:00+00:00,211.11,211.38,208.64,209.55,1621256.73,340501043.163,159424754.076
2025-10-10 18:00:00+00:00,209.55,209.95,207.31,207.36,1557351.06,324727920.971,158203501.428
2025-10-10 19:00:00+00:00,207.36,208.1,203.14,205.16,3473645.65,714742249.134,339005905.931
2025-10-10 20:00:00+00:00,205.16,207.61,192.72,196.88,4444828.13,900763374.538,408583860.862
2025-10-10 21:00:00+00:00,196.85,203.84,141.28,190.7,18688389.1,3354041753.63,1535660941.85
2025-10-10 22:00:00+00:00,190.69,191.41,182.55,188.46,5502513.51,1031536697.73,490597820.815
2025-10-10 23:00:00+00:00,188.46,192.97,186.33,187.65,3303671.98,626345173.243,310747598.58
2025-10-11 00:00:00+00:00,187.66,190.24,184.14,187.68,2529686.59,473994492.91,230288936.954
2025-10-11 01:00:00+00:00,187.68,187.92,182,182.77,2282051.18,420772861.614,175225196.004
2025-10-11 02:00:00+00:00,182.78,190.64,182.6,188.13,2114423.36,395736837.274,178093187.223
2025-10-11 03:00:00+00:00,188.13,188.72,182,184,1979460.21,364588858.249,170475061.097
2025-10-11 04:00:00+00:00,184.01,186.24,183.35,185.63,1354552.82,250332442.284,121073725.833
2025-10-11 05:00:00+00:00,185.62,185.89,179.21,181.78,1809084.55,329254477.07,157467805.275
2025-10-11 06:00:00+00:00,181.78,185.63,181.58,182.76,1485131.67,272987919.437,132856093.186
2025-10-11 07:00:00+00:00,182.77,183.58,181.34,182.57,1644747.19,300173776.057,140212480.887
2025-10-11 08:00:00+00:00,182.57,186.95,181.72,186.17,1652772.36,304854403.104,144209831.255
2025-10-11 09:00:00+00:00,186.17,187.8,183.63,184.02,1640412.03,305072614.803,139447683.166
2025-10-11 10:00:00+00:00,184.02,185.55,182.5,183.48,1278114.68,235120002.295,120154821.97
2025-10-11 11:00:00+00:00,183.48,183.79,181.21,183.34,1163360.11,212529285.186,109676227.375
2025-10-11 12:00:00+00:00,183.33,184.31,181.13,182.66,1303743.21,238190132.651,118388401.222
2025-10-11 13:00:00+00:00,182.65,184.14,180.18,183.83,1954857.55,356225936.824,166979730.262
2025-10-11 14:00:00+00:00,183.83,184.36,181.25,182.35,1169001.8,213565774.231,98779302.7053
2025-10-11 15:00:00+00:00,182.36,184.85,182.26,183.59,1209187.46,222126170.134,105139848.44
2025-10-11 16:00:00+00:00,183.58,184.47,181.53,182.44,1221798.84,223532337.061,109376376.372
2025-10-11 17:00:00+00:00,182.44,184.5,182.21,182.86,920677.81,168743173.67,82021954.2622
2025-10-11 18:00:00+00:00,182.87,182.92,182.09,182.4,566097.71,103299980.632,53959947.7492
2025-10-11 19:00:00+00:00,182.4,182.47,176.18,177.25,2544988.84,454785969.903,200806070.854
2025-10-11 20:00:00+00:00,177.26,177.83,173.7,175.3,2177602.11,382786232.108,167909279.122
2025-10-11 21:00:00+00:00,175.3,177.3,172.32,176.58,1887055.18,330235577.183,158630979.443
2025-10-11 22:00:00+00:00,176.58,177.8,175.54,176.99,1029727.38,181914721.6,94584765.058
2025-10-11 23:00:00+00:00,177,178.42,176.37,177.22,1120876.07,198905506.373,97981809.046
2025-10-12 00:00:00+00:00,177.23,177.36,172.6,172.93,1449587.38,254045519.687,107830536.538
2025-10-12 01:00:00+00:00,172.93,175.12,172.79,173.7,1208690.05,210206718.75,107930297.382
2025-10-12 02:00:00+00:00,173.71,176.3,173.11,174.52,1425210.55,248784704.944,126546484.285
2025-10-12 03:00:00+00:00,174.52,178.37,174.08,176.79,1699264.31,300349189.318,160240783.652
2025-10-12 04:00:00+00:00,176.79,180.47,176.32,179.71,1703384.97,305313685.099,176342638.857
2025-10-12 05:00:00+00:00,179.72,181.7,179.19,181.05,2169871.05,391744124.497,201605180.798
2025-10-12 06:00:00+00:00,181.05,182.38,180.45,182.28,1815521.78,329474017.485,169927415.108
2025-10-12 07:00:00+00:00,182.28,182.81,181.18,182.31,1836719.78,334230279.097,154240988.781
2025-10-12 08:00:00+00:00,182.31,182.48,181.11,181.53,1501528.03,273044318.735,132076634.441
2025-10-12 09:00:00+00:00,181.54,181.99,180.05,181.75,1772275.28,320476000.425,144804932.449
2025-10-12 10:00:00+00:00,181.76,182.5,180.36,180.46,1535092.86,278103395.847,134458549.514
2025-10-12 11:00:00+00:00,180.46,181.71,180.26,180.75,1509211.04,272936626.407,136049849.877
2025-10-12 12:00:00+00:00,180.75,183,180.56,181.52,2195406.01,399261429.079,211715346.263
2025-10-12 13:00:00+00:00,181.53,181.65,178.02,179.03,2790644.26,501676785.358,227651271.895
2025-10-12 14:00:00+00:00,179.04,188.82,178.91,186.16,5547442,1018109704.74,535843667.961
2025-10-12 15:00:00+00:00,186.16,191.61,185.37,190.96,5479893.93,1037188238.99,520467520.488
2025-10-12 16:00:00+00:00,190.96,195.36,190.96,193.51,5025328.84,970323780.044,491811300.661
2025-10-12 17:00:00+00:00,193.51,195.77,192.97,194.22,1780147.66,346333204.319,179393661.225
2025-10-12 18:00:00+00:00,194.23,195.25,191.43,193.5,1350437.89,260765437.952,122299646.669
2025-10-12 19:00:00+00:00,193.5,196.36,193.14,195.66,1071907.34,209145683.975,110085043.346
2025-10-12 20:00:00+00:00,195.66,198.83,195.12,196.56,1421578.34,279527246.819,153543790.579
2025-10-12 21:00:00+00:00,196.55,197.83,192.86,195.44,1807186.74,353086946.601,148324476.126
2025-10-12 22:00:00+00:00,195.43,197.91,195.31,197.29,1623015.9,319380731.789,165816816.561
2025-10-12 23:00:00+00:00,197.28,197.33,195.01,196.88,1093913.68,214677791.953,96649288.5935
2025-10-13 00:00:00+00:00,196.88,199.14,195.58,197.09,1766510.3,348053202.896,188735900.237
2025-10-13 01:00:00+00:00,197.08,199.4,195.83,199.29,1203741.01,237923109.493,118149507.276
2025-10-13 02:00:00+00:00,199.29,199.88,195.44,196.24,2100645.14,413099661.231,202667671.738
2025-10-13 03:00:00+00:00,196.24,196.95,194.12,194.63,2035126.79,397708499.479,191975143.239
2025-10-13 04:00:00+00:00,194.63,196.33,194.07,196.08,1564801.94,305322111.367,155798356.137
2025-10-13 05:00:00+00:00,196.07,196.18,193.55,193.95,1753271.68,340657803.351,164621434.126
2025-10-13 06:00:00+00:00,193.94,197.3,192.75,196.97,2077811.25,406144968.501,199875284.85
2025-10-13 07:00:00+00:00,196.96,199.44,195.78,196.62,2491135.98,492180968.601,239087067.968
2025-10-13 08:00:00+00:00,196.62,198.5,195.98,198.07,1716114.22,338481786.817,162260728.12
2025-10-13 09:00:00+00:00,198.06,198.06,196.5,196.87,1482242.25,292261259.743,141769582.702
2025-10-13 10:00:00+00:00,196.88,196.93,194.75,195.31,1786646.12,349541843.529,168147249.454
2025-10-13 11:00:00+00:00,195.3,195.44,190,192.48,3909492.15,754115931.571,358625402.222
2025-10-13 12:00:00+00:00,192.47,194.36,191.26,191.76,2659226.88,512579087.37,255793669.029
2025-10-13 13:00:00+00:00,191.76,196.89,191.21,196.09,4439433.41,861512335.814,422941029.172
2025-10-13 14:00:00+00:00,196.09,196.69,192.32,193.25,3529186.24,685569306.129,321145457.431
2025-10-13 15:00:00+00:00,193.26,197.6,193.11,196.32,2803640.76,548945561.404,277316858.943
2025-10-13 16:00:00+00:00,196.32,200.29,196.12,200,4013084.16,795455445.374,415858968.504
2025-10-13 17:00:00+00:00,199.99,205.91,199.92,204.93,3584688.02,723206239.331,370024725.256
2025-10-13 18:00:00+00:00,204.94,206.59,203.84,205.83,2972767.49,610448033.071,295201624.405
2025-10-13 19:00:00+00:00,205.83,208.65,205.44,206.99,2163330.24,447735660.348,206019548.032
2025-10-13 20:00:00+00:00,206.99,208.69,206.68,208.46,1230247.16,255181283.51,127063972.246
2025-10-13 21:00:00+00:00,208.46,209,207.6,207.89,840471.05,174921457.274,92478988.322
2025-10-13 22:00:00+00:00,207.89,209.22,207.54,208.32,1029348.72,214459728.78,104576124.478
2025-10-13 23:00:00+00:00,208.31,209.11,207.17,208.57,920865.47,191660257.996,88201461.1346
2025-10-14 00:00:00+00:00,208.58,211.29,207.94,209.19,1904272.93,399175748.095,203875254.683
2025-10-14 01:00:00+00:00,209.18,210.05,207.71,208.32,1588642.93,331733617.63,162000938.493
2025-10-14 02:00:00+00:00,208.32,208.5,205.7,206.21,2092272.53,433257615.386,211026560.317
2025-10-14 03:00:00+00:00,206.2,206.87,204.85,205.62,1792682.17,369103682.06,185532322.022
2025-10-14 04:00:00+00:00,205.61,205.76,201,202.03,2394564.64,486719980.329,227660808.313
2025-10-14 05:00:00+00:00,202.04,203.77,198.89,199.62,2827017.11,569089629.629,277932999.56
2025-10-14 06:00:00+00:00,199.62,200.7,192,195.25,4519370.82,888306813.858,416216264.879
2025-10-14 07:00:00+00:00,195.24,197.17,193.23,194.34,3289154.07,641990187.821,327368370.885
2025-10-14 08:00:00+00:00,194.35,196.92,193.06,196.04,2787284.56,543308217.189,290390422.016
2025-10-14 09:00:00+00:00,196.03,197.43,193.96,194.73,1932579.53,378630777.092,190427519.55
2025-10-14 10:00:00+00:00,194.73,194.77,190.95,194.13,2744038.59,529275096.313,254602827.762
2025-10-14 11:00:00+00:00,194.13,197,193.9,195.22,1659867.5,324535479.719,173561549.946
2025-10-14 12:00:00+00:00,195.22,195.28,192.3,193.25,1808463.31,349843292.773,157238352.043
2025-10-14 13:00:00+00:00,193.25,195.6,191.4,194.94,2936029.66,568233655.368,290573278.473
2025-10-14 14:00:00+00:00,194.94,198.73,194.27,195.76,3366521.39,663026523.955,327377645.133
2025-10-14 15:00:00+00:00,195.76,202.52,194.4,202.06,2808555.66,557206821.012,298428378.155
2025-10-14 16:00:00+00:00,202.06,206.44,199.8,202.39,3925472.72,796470036.462,399492459.421
2025-10-14 17:00:00+00:00,202.38,204.54,199.03,201.58,2688821.28,542964216.602,247249711.028
2025-10-14 18:00:00+00:00,201.58,204.07,200.38,201.38,1228029.94,248647366.455,121955890.743
2025-10-14 19:00:00+00:00,201.39,203.63,196.93,198.41,2912787.26,582170652.994,270420645.69
2025-10-14 20:00:00+00:00,198.41,200.52,198.02,200.51,875759.48,174657610.772,90835661.7976
2025-10-14 21:00:00+00:00,200.51,201.46,198.2,201.13,535698.85,107028855.944,50898723.5289
2025-10-14 22:00:00+00:00,201.13,202.07,200.18,201.36,507378.36,102140017.577,50677290.7747
2025-10-14 23:00:00+00:00,201.37,203.32,201.35,202.34,561219.33,113694443.984,59398119.0231
2025-10-15 00:00:00+00:00,202.35,203.96,201.12,203.88,887812.76,179583347.545,92771041.185
2025-10-15 01:00:00+00:00,203.89,204,201.02,203.6,994388.23,201299779.685,94516425.0328
2025-10-15 02:00:00+00:00,203.59,205.76,202.95,203.3,1009614.2,206336569.13,108946898.551
2025-10-15 03:00:00+00:00,203.3,203.63,200.79,201.56,997653.98,201616597.988,80715917.4557
2025-10-15 04:00:00+00:00,201.56,203.48,200.37,203.36,726787.27,146771674.023,75450174.3049
2025-10-15 05:00:00+00:00,203.36,204.77,202.69,204.36,766898.4,156253621.849,75029015.4747
2025-10-15 06:00:00+00:00,204.35,205.3,201.82,204.56,1321762.65,268965045.674,128999345.911
2025-10-15 07:00:00+00:00,204.55,205,203.09,204.56,689754.04,140796394.486,68172700.2642
2025-10-15 08:00:00+00:00,204.55,208.85,204.34,206.05,2103966.15,434903808.492,236186471.869
2025-10-15 09:00:00+00:00,206.05,207.33,205.21,205.91,1005456.37,207449658.353,106906442.628
2025-10-15 10:00:00+00:00,205.91,206.28,203.36,203.8,1098039.36,224682171.649,98884696.1588
2025-10-15 11:00:00+00:00,203.8,204.72,201.91,202.48,1092718.21,221780722.431,105229976.514
2025-10-15 12:00:00+00:00,202.48,203.68,201.5,202.95,1077834.21,218416086.854,117073181.099
2025-10-15 13:00:00+00:00,202.95,204.28,197.96,201.08,2616082.62,526079909.065,248961809.15
2025-10-15 14:00:00+00:00,201.07,204.84,198.31,199.43,2551404.73,514578515.924,243751307.167
2025-10-15 15:00:00+00:00,199.43,200.26,196.11,197.07,2578989.79,510361623.324,240446788.18
2025-10-15 16:00:00+00:00,197.06,198.67,196.77,197.3,1132683.22,223888418.852,113463785.455
2025-10-15 17:00:00+00:00,197.3,198.08,195.1,198.06,1610186.49,316264268.134,152153850.816
2025-10-15 18:00:00+00:00,198.06,198.21,196.18,197.92,714446.6,140920661.273,75108680.7196
2025-10-15 19:00:00+00:00,197.92,197.98,194.07,194.69,1223796.67,239327964.949,106898990.066
2025-10-15 20:00:00+00:00,194.7,196.5,192.1,194.11,1663896.95,323007195.549,154232940.88
2025-10-15 21:00:00+00:00,194.1,195.16,191.91,192.79,1006481.86,194744085.753,99935784.7697
2025-10-15 22:00:00+00:00,192.79,194.49,192.46,193.21,680758.21,131719068.844,66016428.8395
2025-10-15 23:00:00+00:00,193.21,194.72,192.87,193.73,551159.13,106860062.565,56541707.3392
2025-10-16 00:00:00+00:00,193.73,194.5,193.03,193.78,536007.49,103885479.425,52002334.9426
2025-10-16 01:00:00+00:00,193.78,195.36,193.7,194.99,660727.52,128570404.122,69874472.8088
2025-10-16 02:00:00+00:00,195,196.12,194.08,195.37,749741.52,146306744.343,74771950.4762
2025-10-16 03:00:00+00:00,195.37,195.97,193.3,193.52,578426.94,112672420.468,53342062.0236
2025-10-16 04:00:00+00:00,193.52,194.52,192.2,192.36,701488.66,135702502.609,61769623.9399
2025-10-16 05:00:00+00:00,192.36,194.32,191.08,192.38,898554.89,173077248.308,85396883.4295
2025-10-16 06:00:00+00:00,192.38,195.49,192.34,195.1,811670.39,157455441.631,85624231.9045
2025-10-16 07:00:00+00:00,195.1,195.25,192.21,192.79,818861.25,158289928.467,81400831.0257
2025-10-16 08:00:00+00:00,192.79,193.36,191.78,192.35,597171.78,114993825.72,56070895.8475
2025-10-16 09:00:00+00:00,192.35,194.58,184.77,193.78,4082999.84,778829584.77,358989128.601
2025-10-16 10:00:00+00:00,193.77,196.6,193.53,195.64,1553193.41,303281035.023,153105510.296
2025-10-16 11:00:00+00:00,195.64,197.09,194.38,196.7,1244331.27,243625167.887,118405914.104
2025-10-16 12:00:00+00:00,196.7,197.93,195.86,196.9,1097421.74,216075442.028,111448451.868
2025-10-16 13:00:00+00:00,196.89,198.34,195.05,195.69,1335797.62,262846355.949,118922907.998
2025-10-16 14:00:00+00:00,195.69,196.51,191.27,193.91,3090509.12,599106762.251,279130609.06
2025-10-16 15:00:00+00:00,193.91,194.2,186.43,187.49,3273672.97,621926307.72,287404292.539
2025-10-16 16:00:00+00:00,187.5,192.19,186.26,192.18,3341165.6,628221142.366,347327854.644
2025-10-16 17:00:00+00:00,192.19,192.22,188.74,189.54,1690608.72,321236616.83,146718319.277
2025-10-16 18:00:00+00:00,189.55,189.76,186.76,189.22,1328326.9,249994652.712,125976425.311
2025-10-16 19:00:00+00:00,189.23,189.41,183.25,184.9,2322125.97,431464557.512,185379598.611
2025-10-16 20:00:00+00:00,184.91,186,181.93,182.72,1676068.26,307511825.93,137206503.521
2025-10-16 21:00:00+00:00,182.71,185.66,182.66,185.51,716057.21,131894200.379,73699827.3972
2025-10-16 22:00:00+00:00,185.51,185.84,183,183.04,674946.67,124473237.554,56693111.9961
2025-10-16 23:00:00+00:00,183.03,185.13,182.81,184.76,841443.76,154982253.493,91491177.9473
2025-10-17 00:00:00+00:00,184.76,186.35,184.17,186.19,804948.18,149315986.858,80912712.2286
2025-10-17 01:00:00+00:00,186.2,187.43,184.66,185.59,815908.73,151768222.68,78075749.8755
2025-10-17 02:00:00+00:00,185.59,187.3,184.56,186.67,886984.34,164750499.582,89839046.2127
2025-10-17 03:00:00+00:00,186.67,187.38,186.16,187.02,653182.69,121996696.299,69927595.1469
2025-10-17 04:00:00+00:00,187.02,187.39,186.26,186.99,628811.67,117487641.265,65881343.9961
2025-10-17 05:00:00+00:00,186.98,187.39,185.31,185.61,972138.97,181210986.802,88987303.8936
2025-10-17 06:00:00+00:00,185.61,186.41,179.58,180.32,2912641.61,530478038.886,238092968.645
2025-10-17 07:00:00+00:00,180.33,180.76,177.26,177.7,3281875.94,587161045.214,273986595.969
2025-10-17 08:00:00+00:00,177.7,178.91,175.35,175.49,2968951.8,525455926.816,258967816.611
2025-10-17 09:00:00+00:00,175.5,180.39,175.32,176.71,2141385.55,380864619.676,198750251.069
2025-10-17 10:00:00+00:00,176.72,177.92,174,177.37,2527240.17,444522334.959,217363330.281
2025-10-17 11:00:00+00:00,177.36,182.63,177.18,181.36,3627325.82,655380586.442,344961091.473
2025-10-17 12:00:00+00:00,181.36,182.54,179.87,179.99,1447799.44,262367147.667,123156903.018
2025-10-17 13:00:00+00:00,179.99,182.07,177.89,180.59,2856662.45,514975269.288,229770228.042
2025-10-17 14:00:00+00:00,180.58,180.96,176.16,178.33,2544266.83,454318057.286,214240262.872
2025-10-17 15:00:00+00:00,178.32,182.74,177.94,182.65,1735739.26,312513313.805,169909723.804
2025-10-17 16:00:00+00:00,182.64,184.95,181.68,182.26,2188235.24,401271616.444,201382658.683
2025-10-17 17:00:00+00:00,182.26,184.47,182.02,183.63,973802.3,178441642.454,93332757.4101
2025-10-17 18:00:00+00:00,183.63,185.31,183.09,183.34,915394.33,168464209.408,82055431.0751
2025-10-17 19:00:00+00:00,183.35,184.08,181.29,181.86,952378.99,173642970.741,75370263.2172
2025-10-17 20:00:00+00:00,181.86,183.93,181.35,183.56,535631.95,97944493.212,52744434.6108
2025-10-17 21:00:00+00:00,183.58,186,183.35,185.28,726098.79,134358924.241,69801689.188
2025-10-17 22:00:00+00:00,185.29,185.84,183.05,183.84,632431.39,116508184.989,51568196.9595
2025-10-17 23:00:00+00:00,183.85,183.87,181.71,181.89,467148.51,85225876.0724,36323884.7348
2025-10-18 00:00:00+00:00,181.89,183.45,181.66,182.78,630912.65,115195615.966,66132581.6295
2025-10-18 01:00:00+00:00,182.79,184.78,182.55,184.55,566043.18,104144588.186,46796342.1696
2025-10-18 02:00:00+00:00,184.54,185.44,183.3,183.63,564374.93,103990878.054,47235175.6648
2025-10-18 03:00:00+00:00,183.62,185.39,183.59,184.73,437322.92,80762482.601,40616976.5951
2025-10-18 04:00:00+00:00,184.72,184.72,183.01,183.33,513213.94,94364572.3615,41826603.2459
2025-10-18 05:00:00+00:00,183.34,184.73,183.33,184.45,457110.82,84167589.4617,45580736.1531
2025-10-18 06:00:00+00:00,184.45,186.52,184.13,186.24,666532.19,123693006.865,66516564.8586
2025-10-18 07:00:00+00:00,186.24,188.21,185.77,186.17,1380335.55,258542366.007,128378702.999
2025-10-18 08:00:00+00:00,186.17,187.06,185.63,185.81,558046.21,104021351.386,52397481.4747
2025-10-18 09:00:00+00:00,185.81,186.55,185.24,185.81,569095.52,105721435.516,56013807.6353
2025-10-18 10:00:00+00:00,185.81,186.13,184.27,185.03,636338.26,117934884.598,56938629.7796
2025-10-18 11:00:00+00:00,185.03,186.05,184.5,186.02,526016.2,97388610.9019,51038878.2367
2025-10-18 12:00:00+00:00,186.02,187.28,185.6,185.97,577716.4,107588103.273,55128059.0772
2025-10-18 13:00:00+00:00,185.97,186.04,184.67,185.14,524537.31,97137134.0414,44528373.1326
2025-10-18 14:00:00+00:00,185.13,186.14,183.87,185.64,800815.81,148088053.657,74137605.3974
2025-10-18 15:00:00+00:00,185.65,185.88,184.49,184.93,485792.34,89959038.2356,43349964.8289
2025-10-18 16:00:00+00:00,184.93,185.47,183.23,184.17,881387.39,162193108.286,74719730.5822
2025-10-18 17:00:00+00:00,184.16,186.06,183.7,185.88,578649.79,107017489.415,59446523.646
2025-10-18 18:00:00+00:00,185.88,186.1,185.18,185.76,300138.23,55710222.9168,25490535.5292
2025-10-18 19:00:00+00:00,185.75,186.37,185.57,186.29,269086.82,50037163.9152,25966228.0036
2025-10-18 20:00:00+00:00,186.28,187.63,186.05,186.52,489286.89,91452169.021,49971658.8326
2025-10-18 21:00:00+00:00,186.51,187.19,185.81,187.05,345684.82,64458233.4343,30648692.4978
2025-10-18 22:00:00+00:00,187.05,187.78,186.7,187.17,268835.57,50347336.5055,27980042.7509
2025-10-18 23:00:00+00:00,187.16,187.66,186.83,187.47,247051.87,46264591.3062,23284767.1664
2025-10-19 00:00:00+00:00,187.47,187.79,185.17,185.68,666777.29,124184383.289,54787050.6701
2025-10-19 01:00:00+00:00,185.68,185.82,184.8,185.77,415618.74,77004307.695,38145499.548
2025-10-19 02:00:00+00:00,185.77,185.87,185.16,185.7,301617.53,55962611.766,26440367.4669
2025-10-19 03:00:00+00:00,185.69,187.07,184.89,186.95,490569.72,91305320.2134,50304274.6134
2025-10-19 04:00:00+00:00,186.95,187.06,186.25,186.73,290326.53,54186594.057,24338326.5789
2025-10-19 05:00:00+00:00,186.74,187.62,186.22,186.44,349585,65331543.1513,32788570.6144
2025-10-19 06:00:00+00:00,186.44,186.82,185.07,185.48,522642.58,97090697.7543,44651622.6968
2025-10-19 07:00:00+00:00,185.48,186.06,185.14,185.82,309935.2,57538414.3477,32575443.2807
2025-10-19 08:00:00+00:00,185.82,187.55,183.42,184.08,1503731.77,278646438.832,131975755.245
2025-10-19 09:00:00+00:00,184.08,188.66,183.06,187.12,2079847.25,386779884.64,197414694.035
2025-10-19 10:00:00+00:00,187.13,189.92,186.63,189.01,1297455.01,244437754.609,126239542.871
2025-10-19 11:00:00+00:00,189.01,189.99,188.52,188.92,839788.23,158924174.488,79591207.3542
2025-10-19 12:00:00+00:00,188.92,189.3,188.04,188.77,498205.28,93977786.1715,43830753.1116
2025-10-19 13:00:00+00:00,188.78,190.95,188.24,190.5,1004631.79,190573698.764,96485985.2958
2025-10-19 14:00:00+00:00,190.5,191.65,189.67,191.44,1084690.09,206956951.249,107284938.764
2025-10-19 15:00:00+00:00,191.43,191.57,190.11,190.66,746031.02,142207533.378,64317886.4802
2025-10-19 16:00:00+00:00,190.66,191.52,189.83,190.76,551341.19,105110749.284,50345788.7725
2025-10-19 17:00:00+00:00,190.76,192.15,189.59,189.93,997247.51,190503519.824,87223650.3824
2025-10-19 18:00:00+00:00,189.93,190.29,189.04,189.81,678028.86,128531014.78,62704858.5767
2025-10-19 19:00:00+00:00,189.81,189.82,188.24,188.81,450428.62,85065896.7531,39333810.5958
2025-10-19 20:00:00+00:00,188.8,189.78,188.52,189.55,392008.57,74147644.4209,40919099.061
2025-10-19 21:00:00+00:00,189.55,189.71,188.24,189.18,357587.73,67543975.2196,29654014.2512
2025-10-19 22:00:00+00:00,189.19,190.06,188.81,189.72,472419.96,89507993.6865,50763525.0876
2025-10-19 23:00:00+00:00,189.72,189.73,186.77,187.78,827242.45,155348948.509,67536975.964
2025-10-20 00:00:00+00:00,187.78,187.78,183.68,185.5,1532154.21,283857861.971,133834151.837
2025-10-20 01:00:00+00:00,185.5,186.25,184.84,185.54,624490.37,115906215.987,58960006.2685
2025-10-20 02:00:00+00:00,185.54,187.27,184.01,186.79,1188639.32,220854235.751,111381156.691
2025-10-20 03:00:00+00:00,186.79,191.7,185.75,191.14,1443945.2,272647128.676,147927159.375
2025-10-20 04:00:00+00:00,191.14,192.42,190.52,192.1,1127653.42,215910072.856,98490608.2894
2025-10-20 05:00:00+00:00,192.1,193.3,191.46,192.91,941531.58,181143781.892,90878115.1264
2025-10-20 06:00:00+00:00,192.92,194.23,192.67,193.81,831178.01,160732633.692,77031147.28
2025-10-20 07:00:00+00:00,193.81,194.44,192.7,192.93,754785.13,145981733.237,62255628.1516
2025-10-20 08:00:00+00:00,192.92,194.1,192.11,192.9,837370.69,161633307.15,79362628.3847
2025-10-20 09:00:00+00:00,192.89,193.55,192.47,193.13,551438.66,106365384.01,52734666.1259
2025-10-20 10:00:00+00:00,193.13,193.68,191.3,191.54,771412.67,148524675.396,62410066.8898
2025-10-20 11:00:00+00:00,191.54,192.2,190.89,192.11,715211.9,136965968.454,68818732.617
2025-10-20 12:00:00+00:00,192.11,192.68,191.56,192.68,656719.9,126100878.2,59855796.2831
2025-10-20 13:00:00+00:00,192.68,192.94,191.48,192.32,869180.6,167147499.783,76431523.5017
2025-10-20 14:00:00+00:00,192.32,192.51,190.64,191.3,1199698.44,229563990.077,109951789.551
2025-10-20 15:00:00+00:00,191.3,192.25,190.31,190.4,899073.61,172028713.258,87944396.5181
2025-10-20 16:00:00+00:00,190.4,190.44,186.61,187.44,2474787.68,466255468.486,222618550.901
2025-10-20 17:00:00+00:00,187.43,188.6,185.48,187.57,1522974.01,284853240.971,145752328.933
2025-10-20 18:00:00+00:00,187.57,188.45,187.1,188.1,626043.71,117551123.179,61678435.056
2025-10-20 19:00:00+00:00,188.11,189.37,187.4,188.71,652127.63,122910761.796,65115983.7798
2025-10-20 20:00:00+00:00,188.7,190.44,188.13,190.44,606566.42,114849742.59,60811456.1269
2025-10-20 21:00:00+00:00,190.43,191.07,188.66,188.89,515223.57,97820605.7524,41772441.6128
2025-10-20 22:00:00+00:00,188.9,190.8,188.68,190.65,425705.38,80855802.8535,43014772.8361
2025-10-20 23:00:00+00:00,190.66,190.76,189.39,189.63,448768.64,85276945.248,38706066.683
2025-10-21 00:00:00+00:00,189.63,190.15,188.6,188.9,573490.09,108557231.677,51200416.5633
2025-10-21 01:00:00+00:00,188.89,189.16,186,186.64,1105979.16,207646202.345,80896180.4987
2025-10-21 02:00:00+00:00,186.65,186.84,185.37,185.97,899227.88,167298629.688,83208185.3654
2025-10-21 03:00:00+00:00,185.97,186.52,185.15,185.46,505561.02,93989919.5926,46502280.9011
2025-10-21 04:00:00+00:00,185.46,185.56,183.05,183.66,1827021.02,336190052.501,151309717.407
2025-10-21 05:00:00+00:00,183.66,184.29,182.65,183.76,981465.62,180209799.405,88159528.907
2025-10-21 06:00:00+00:00,183.76,184.93,183.05,184.36,858220.14,158089328.161,83722377.5658
2025-10-21 07:00:00+00:00,184.35,185.08,183.57,184.88,516122.95,95225508.0334,48231234.593
2025-10-21 08:00:00+00:00,184.87,184.88,183.64,184.16,514696.64,94747260.9379,44269054.094
2025-10-21 09:00:00+00:00,184.16,184.43,183.64,184.27,305598.51,56262776.4755,25884151.9437
2025-10-21 10:00:00+00:00,184.27,186.65,184.09,185.81,1118827.31,207439960.452,116534351.272
2025-10-21 11:00:00+00:00,185.8,186.44,184.91,186.18,526320.85,97711197.4442,49428030.754
2025-10-21 12:00:00+00:00,186.17,187.66,185.8,186.38,930204.12,173802697.654,87036935.5648
2025-10-21 13:00:00+00:00,186.38,186.88,183.84,185.02,1529356.35,283589791.9,128867447.073
2025-10-21 14:00:00+00:00,185.03,192.73,184.89,192.64,3027255.96,572613393.099,298586749.843
2025-10-21 15:00:00+00:00,192.64,197.13,191.83,196.18,3485601.59,677118292.261,339802072.351
2025-10-21 16:00:00+00:00,196.17,197.69,192.01,192.57,2708231.36,529660187.153,238433628.051
2025-10-21 17:00:00+00:00,192.56,195.4,192.01,194.79,2504801.38,485230382.351,239431481.924
2025-10-21 18:00:00+00:00,194.79,195.4,193.45,194.11,904273.95,175652353.311,86575710.4077
2025-10-21 19:00:00+00:00,194.1,194.5,193.01,193.93,489583.92,94936311.4035,45486987.1122
2025-10-21 20:00:00+00:00,193.93,194.16,190.56,191.37,1039086.92,199455693.576,89881616.5303
2025-10-21 21:00:00+00:00,191.37,191.72,187.8,191.21,1248788.52,237148359.353,116052397.035
2025-10-21 22:00:00+00:00,191.21,191.45,187.67,188.49,1034619.56,195659366.044,91011744.6388
2025-10-21 23:00:00+00:00,188.49,188.86,185.01,185.54,1303858.21,243232487.992,113854182.714
2025-10-22 00:00:00+00:00,185.53,186.5,184.03,185.6,1454184.81,269338220.234,146372840.421
2025-10-22 01:00:00+00:00,185.6,187.1,185.49,186.87,1128721.18,210211697.797,118400616.196
2025-10-22 02:00:00+00:00,186.87,187.36,185.73,185.8,749418.98,139837726.629,69181720.5816
2025-10-22 03:00:00+00:00,185.8,185.88,184.39,185.15,812909.36,150444195.825,72010674.7105
2025-10-22 04:00:00+00:00,185.14,186.21,184.94,185.77,529794.23,98366601.5398,51737175.162
2025-10-22 05:00:00+00:00,185.77,185.86,183.13,184.46,1142434.07,210473802.808,85906118.5327
2025-10-22 06:00:00+00:00,184.47,184.81,183.78,183.96,522730.82,96334864.3054,44046642.5578
2025-10-22 07:00:00+00:00,183.97,185.05,183.29,184.9,679610.94,125097140.811,65773329.2758
2025-10-22 08:00:00+00:00,184.89,185.1,184.11,184.58,379415.17,70024157.9016,38100334.8962
2025-10-22 09:00:00+00:00,184.58,184.8,183.24,183.91,609238.72,112040509.073,50535394.9813
2025-10-22 10:00:00+00:00,183.92,184.4,183.08,183.46,544231.88,99997438.5256,45303397.2845
2025-10-22 11:00:00+00:00,183.45,185.87,181.44,184.95,2215796.36,408207828.923,200753380.577
2025-10-22 12:00:00+00:00,184.95,186.8,184.34,185.69,955766.15,177533934.711,89716444.3786
2025-10-22 13:00:00+00:00,185.7,186.92,184.03,186.48,1644057.41,304808845.062,155444686.589
2025-10-22 14:00:00+00:00,186.47,186.55,181.13,185.39,3155713.27,578848360.552,267524043.889
2025-10-22 15:00:00+00:00,185.4,185.96,182.23,183.91,1765763.56,324965972.867,164309378.189
2025-10-22 16:00:00+00:00,183.91,184.93,182.46,183.57,1378464.44,253091017.251,120062562.38
2025-10-22 17:00:00+00:00,183.57,184.16,181.24,181.59,828894.48,151393098.995,72879930.0901
2025-10-22 18:00:00+00:00,181.59,182.25,180,180.81,1456668.32,263481800.931,122633290.449
2025-10-22 19:00:00+00:00,180.81,182.48,177,180.1,2095857.97,377360571.44,174842434.984
2025-10-22 20:00:00+00:00,180.09,180.69,179.04,180.07,1051135.91,189161773.807,91035216.6287
2025-10-22 21:00:00+00:00,180.06,180.18,176.85,178.31,1629421.67,290652324.977,143826906.994
2025-10-22 22:00:00+00:00,178.31,179.49,177.68,178.74,700339.59,125087210.206,56580552.8581
2025-10-22 23:00:00+00:00,178.74,180.4,178.64,180.01,688902.18,123840835.868,62663095.6089
2025-10-23 00:00:00+00:00,180,181.02,179.54,180.9,604073.4,108916830.5,57484093.1144
2025-10-23 01:00:00+00:00,180.89,181.95,180.51,181.69,757555.11,137367348.232,70794107.9792
2025-10-23 02:00:00+00:00,181.7,182.39,181.31,182.18,431348.58,78453410.1695,39110591.4851
2025-10-23 03:00:00+00:00,182.18,183.29,182.02,182.76,569669.5,104069299.763,55885545.468
2025-10-23 04:00:00+00:00,182.77,184.2,182.57,183.92,488991.79,89758357.6995,42639089.9907
2025-10-23 05:00:00+00:00,183.93,184.74,183.71,184.72,429408.26,79109220.6299,39247023.4584
2025-10-23 06:00:00+00:00,184.72,187.5,184.43,187.34,1248016.43,232325922.778,124884004.51
2025-10-23 07:00:00+00:00,187.33,187.94,186.1,187.4,1151331.07,215420259.583,103846349.603
2025-10-23 08:00:00+00:00,187.41,188.65,187.41,187.91,890680.58,167450101.413,82624463.1028
2025-10-23 09:00:00+00:00,187.92,188.85,187.38,188.33,685788.94,128957032.747,62471100.3924
2025-10-23 10:00:00+00:00,188.34,189.3,188.17,188.21,823619.94,155405093.638,83384073.9345
2025-10-23 11:00:00+00:00,188.2,189.47,187.45,187.92,1205358.27,227051493.39,118607174.212
2025-10-23 12:00:00+00:00,187.93,189.34,186.5,189.26,1651711.27,310615204.202,154891364.192
2025-10-23 13:00:00+00:00,189.27,192.52,188.33,190.31,2228140.11,424626828.058,223545691.689
2025-10-23 14:00:00+00:00,190.32,191.25,188,189.69,1757205.81,332942721.056,160210675.12
2025-10-23 15:00:00+00:00,189.7,191.8,189.35,190.98,1356137.83,258975301.008,132392399.557
2025-10-23 16:00:00+00:00,190.98,192.38,190.34,191.87,909258.39,173976195.838,86522372.0514
2025-10-23 17:00:00+00:00,191.87,193.44,189.99,192.4,1695983.28,325235833.01,159167688.526
2025-10-23 18:00:00+00:00,192.41,192.8,190.76,191.45,769316.41,147485314.247,68560497.8629
2025-10-23 19:00:00+00:00,191.45,191.79,190.5,191.02,562981.69,107645079.505,52074550.3374
2025-10-23 20:00:00+00:00,191.02,191.21,188.2,188.75,1023233.74,194259308.963,84268897.1161
2025-10-23 21:00:00+00:00,188.75,189.41,188.44,188.71,467674.64,88388597.8154,43644103.2391
2025-10-23 22:00:00+00:00,188.71,190.54,188.6,190.32,562083.16,106583721.483,66446537.7746
2025-10-23 23:00:00+00:00,190.33,191.44,190.31,191.27,468424.26,89432282.3699,46505797.234
2025-10-24 00:00:00+00:00,191.27,194,190.87,192.45,1216284.53,233820550.938,127931544.737
2025-10-24 01:00:00+00:00,192.46,193.34,192.05,192.88,577481.99,111251319.544,56196117.0049
2025-10-24 02:00:00+00:00,192.88,193.04,191.33,192.14,639133.08,122834720.707,64685490.2876
2025-10-24 03:00:00+00:00,192.14,192.31,190.75,191.24,518365.13,99188514.146,44656004.8279
2025-10-24 04:00:00+00:00,191.24,194.59,190.69,193.45,1116956.03,215760924.832,128502777.59
2025-10-24 05:00:00+00:00,193.45,193.86,192.87,193.22,608992.59,117729055.474,55439357.6276
2025-10-24 06:00:00+00:00,193.22,193.64,192.49,193.22,537566.67,103766897.995,56128278.4018
2025-10-24 07:00:00+00:00,193.22,193.35,191.24,192.1,696155.92,133923233.85,57109225.6274
2025-10-24 08:00:00+00:00,192.09,193.39,191.66,192.88,519448.37,100034676.174,54836620.4352
2025-10-24 09:00:00+00:00,192.88,193.31,191.75,192.03,459712.7,88564429.1233,37040866.6539
2025-10-24 10:00:00+00:00,192.03,192.1,191.31,191.69,461510.88,88476920.4599,40647987.4877
2025-10-24 11:00:00+00:00,191.7,192.14,190.5,192.02,597427.21,114393346.342,55570071.5997
2025-10-24 12:00:00+00:00,192.03,196.8,192.03,193.57,2554665.89,496369646.228,250127960.75
2025-10-24 13:00:00+00:00,193.58,194.23,190.76,192.37,1601965.69,308295135.441,152498440.521
2025-10-24 14:00:00+00:00,192.37,192.37,189.42,190.08,1601197.35,305038877.568,137854880.294
2025-10-24 15:00:00+00:00,190.08,190.81,188.67,189.3,1541541.91,292645083.398,153886688.384
2025-10-24 16:00:00+00:00,189.31,190.62,188.66,190.56,698488.05,132558182.816,76167301.2757
2025-10-24 17:00:00+00:00,190.57,191.65,190.3,191.05,604791.98,115558292.023,57940357.8629
2025-10-24 18:00:00+00:00,191.05,191.86,190.89,191.7,526463.56,100771869.395,50394650.9835
2025-10-24 19:00:00+00:00,191.71,193.54,191.69,192.99,769583.3,148389345.614,78917591.2787
2025-10-24 20:00:00+00:00,193,194.11,192.71,193.53,446155.88,86342551.3115,41464313.9877
2025-10-24 21:00:00+00:00,193.52,193.94,193.19,193.7,303537.91,58755258.2262,30972375.2884
2025-10-24 22:00:00+00:00,193.69,194.11,193.1,193.72,277129.92,53650995.9684,26741065.4427
2025-10-24 23:00:00+00:00,193.71,193.72,193.01,193.5,210034.3,40613200.6882,17996017.0076
2025-10-25 00:00:00+00:00,193.49,193.56,192.35,192.91,496139.45,95680326.4744,40488268.3578
2025-10-25 01:00:00+00:00,192.91,194.49,192.78,193.68,409945.76,79423918.3745,45147128.9572
2025-10-25 02:00:00+00:00,193.68,194.12,193.26,193.79,239132.48,46300671.3289,24905085.6728
2025-10-25 03:00:00+00:00,193.79,193.96,193.22,193.4,228679.15,44261505.6717,20541894.4111
2025-10-25 04:00:00+00:00,193.39,194.43,193.35,194.14,359131.53,69618808.4176,38357520.9182
2025-10-25 05:00:00+00:00,194.14,194.7,193.41,194.41,334024.83,64833237.4215,32805584.7265
2025-10-25 06:00:00+00:00,194.42,194.68,193.91,193.99,272812.37,53002601.5326,23733556.1881
2025-10-25 07:00:00+00:00,193.99,194.86,193.7,193.87,301446.68,58520179.0388,29283153.526
2025-10-25 08:00:00+00:00,193.87,195.18,193.8,194.77,479904.59,93431747.0979,49578401.6427
2025-10-25 09:00:00+00:00,194.77,194.81,192.2,192.52,738393.48,142740719.794,57889322.951
2025-10-25 10:00:00+00:00,192.52,192.7,191,191.9,708791.22,136003598.738,64319075.5711
2025-10-25 11:00:00+00:00,191.9,192.83,191.61,192.63,383960.69,73843763.996,41207628.8164
2025-10-25 12:00:00+00:00,192.62,194.16,192.49,193.82,462893,89515719.6089,43015883.6043
2025-10-25 13:00:00+00:00,193.83,193.86,192.36,192.8,420828.95,81203179.0351,37209882.9802
2025-10-25 14:00:00+00:00,192.8,192.82,191.94,192.51,349697.09,67284348.3429,33727206.1963
2025-10-25 15:00:00+00:00,192.51,192.52,191.7,191.8,376959.32,72379688.4113,37764231.3484
2025-10-25 16:00:00+00:00,191.79,192.02,191.33,191.82,359218.5,68852563.7324,33319947.8166
2025-10-25 17:00:00+00:00,191.83,192.42,191.73,192.27,171229.44,32897477.0801,18296981.1648
2025-10-25 18:00:00+00:00,192.27,194.31,192.2,194.15,664256.64,128515047.341,75106528.1381
2025-10-25 19:00:00+00:00,194.16,194.56,193.81,194.42,302594.41,58785983.8756,29422168.8466
2025-10-25 20:00:00+00:00,194.43,194.85,193.65,194.05,426168.78,82788092.844,38105264.0414
2025-10-25 21:00:00+00:00,194.06,194.7,193.73,194.29,241210.59,46853296.1235,22180828.3882
2025-10-25 22:00:00+00:00,194.29,194.65,193.83,194.4,224370.84,43559359.7237,18624659.8597
2025-10-25 23:00:00+00:00,194.4,194.66,193.7,193.72,264106.98,51268401.7284,19337095.0026
2025-10-26 00:00:00+00:00,193.71,194.28,193.01,193.22,466279.43,90263649.6525,41130176.9986
2025-10-26 01:00:00+00:00,193.21,193.67,192.12,192.74,290653.28,56123592.4318,25714009.4329
2025-10-26 02:00:00+00:00,192.75,193.05,191.75,192.16,349734.39,67320359.2728,33059229.6048
2025-10-26 03:00:00+00:00,192.16,192.99,191.93,192.88,245546.56,47283202.4236,25246504.9338
2025-10-26 04:00:00+00:00,192.88,193.43,192.72,192.81,219074.94,42306186.5147,18285428.5458
2025-10-26 05:00:00+00:00,192.8,193.69,192.63,193.52,176554.11,34109784.0345,18283377.7923
2025-10-26 06:00:00+00:00,193.52,194.1,193.39,193.96,244777.5,47428170.7273,23694808.6651
2025-10-26 07:00:00+00:00,193.96,194.23,193.74,193.79,261755.53,50782743.5725,22327202.5851
2025-10-26 08:00:00+00:00,193.8,194.33,193.6,194.23,222697.52,43191235.4453,23182583.9722
2025-10-26 09:00:00+00:00,194.22,196.39,193.83,195.88,1167767.11,228206993.945,119164136.887
2025-10-26 10:00:00+00:00,195.88,196.08,194.54,194.74,573932.63,112002659.228,51513478.8628
2025-10-26 11:00:00+00:00,194.74,197.84,194.22,197.69,1435964.11,282159145.811,145630705.345
2025-10-26 12:00:00+00:00,197.68,198.31,196.82,197.9,1161632.21,229585201.394,121054596.858
2025-10-26 13:00:00+00:00,197.9,199.58,197.41,198.96,1074608.89,213496750.2,114486354.425
2025-10-26 14:00:00+00:00,198.96,199.83,198.6,198.75,748669.33,149034965.749,75659418.9953
2025-10-26 15:00:00+00:00,198.76,199.7,198.46,199.41,644893.4,128411511.89,65704712.7442
2025-10-26 16:00:00+00:00,199.42,199.46,198,198.62,991477.97,196929963.103,80852891.9403
2025-10-26 17:00:00+00:00,198.63,199.18,198.34,198.83,288351.13,57349961.709,28204102.0482
2025-10-26 18:00:00+00:00,198.83,199.6,198.8,199.06,291116.66,57994659.9553,26868425.4542
2025-10-26 19:00:00+00:00,199.05,199.06,198.42,198.81,226498.69,44989985.7551,18845456.0932
2025-10-26 20:00:00+00:00,198.8,198.8,197.29,197.38,553501.97,109545235.949,46813949.4481
2025-10-26 21:00:00+00:00,197.39,198.43,196.74,198.42,440609.06,87015837.1801,44651414.5381
2025-10-26 22:00:00+00:00,198.42,202.55,198.42,200.1,2061954.97,412708385.563,230792910.536
2025-10-26 23:00:00+00:00,200.09,200.93,199.6,199.93,716091.23,143346536.627,64098994.3545
2025-10-27 00:00:00+00:00,199.92,203.48,199.38,203.16,1733979.76,349750817.694,183195708.847
2025-10-27 01:00:00+00:00,203.15,205.02,202.7,204.3,1005085.03,205207490.595,112619241.016
2025-10-27 02:00:00+00:00,204.31,204.97,203.46,203.89,702110.61,143358457.098,69563965.2874
2025-10-27 03:00:00+00:00,203.9,204.55,203.2,204.25,459190.16,93592279.7478,48196289.6764
2025-10-27 04:00:00+00:00,204.25,204.56,203.11,203.93,434800.14,88542599.7526,38347661.9626
2025-10-27 05:00:00+00:00,203.94,205.3,203.83,204.24,548591.6,112282344.993,62499937.4233
2025-10-27 06:00:00+00:00,204.24,204.88,203.43,204.68,681274.64,139126230.655,68394578.2265
2025-10-27 07:00:00+00:00,204.69,205.17,202.15,202.43,973958.89,198135264.528,86600663.2757
2025-10-27 08:00:00+00:00,202.43,202.48,199.79,200.4,1488461.06,299128390.803,123834425.263
2025-10-27 09:00:00+00:00,200.4,200.46,198.01,199.88,1309306.43,260958396.706,119289456.598
2025-10-27 10:00:00+00:00,199.89,200.68,199.56,200.34,496650.19,99426473.4495,51124511.0149
2025-10-27 11:00:00+00:00,200.35,200.88,198.71,200.08,623609.37,124580677.681,56955434.1427
2025-10-27 12:00:00+00:00,200.08,200.18,198.88,199.43,456382.88,91034564.5561,43245157.3234
2025-10-27 13:00:00+00:00,199.43,200.49,198.3,200.23,1040040.31,207535241.354,102996124.823
2025-10-27 14:00:00+00:00,200.24,200.43,198.18,199.06,871281.26,173486289.245,76738168.8069
2025-10-27 15:00:00+00:00,199.06,200.4,198.85,199.99,658991.37,131688544.52,72179563.437
2025-10-27 16:00:00+00:00,200,203.09,199.91,202.35,1538490,310465876.926,166411750.81
2025-10-27 17:00:00+00:00,202.34,203.19,201.53,202.16,741179.56,149995774.038,67198658.2655
2025-10-27 18:00:00+00:00,202.16,203.1,201.12,201.55,579725.25,117155967.512,49535049.5114
2025-10-27 19:00:00+00:00,201.56,201.64,199.67,199.92,785825.47,157560996.582,62005723.3436
2025-10-27 20:00:00+00:00,199.92,200.13,198.57,198.63,750165.44,149513237.657,65941849.4456
2025-10-27 21:00:00+00:00,198.63,199.48,197.47,198.64,637152.18,126468684.229,57373359.1711
2025-10-27 22:00:00+00:00,198.64,199.33,197.92,198.21,479169.77,95186530.6576,47697391.2168
2025-10-27 23:00:00+00:00,198.21,198.87,197.23,198.61,531606.63,105238695.249,52246292.1099
2025-10-28 00:00:00+00:00,198.6,200.27,198.32,199.61,781422.95,155897218.194,80600391.1044
2025-10-28 01:00:00+00:00,199.61,201.98,199.61,201.27,777021.4,156034433.203,76459932.7265
2025-10-28 02:00:00+00:00,201.27,201.79,199.36,200.65,761693.28,152803809.563,70193543.3907
2025-10-28 03:00:00+00:00,200.65,201.87,199.74,201.2,789664.53,158680545.391,82093391.0187
2025-10-28 04:00:00+00:00,201.21,202.13,200.35,201.01,510573.58,102782599.192,57607303.2197
2025-10-28 05:00:00+00:00,201.02,201.38,198.5,198.62,861327.41,172040241.268,69535161.6749
2025-10-28 06:00:00+00:00,198.63,200.87,198.6,200.8,663349.4,132412437.212,75764521.1713
2025-10-28 07:00:00+00:00,200.81,202.94,200.56,202.25,1178881.2,238196914.43,124908451.778
2025-10-28 08:00:00+00:00,202.24,203.89,201.85,203.29,869854.94,176562068.666,104487065.363
2025-10-28 09:00:00+00:00,203.3,203.67,201.34,201.89,687325.69,139058760.126,58262872.7172
2025-10-28 10:00:00+00:00,201.89,201.97,199.72,200.19,819815.32,164479420.707,69344364.1691
2025-10-28 11:00:00+00:00,200.2,200.55,199.1,199.6,774266.26,154743149.275,73889620.4202
2025-10-28 12:00:00+00:00,199.59,200.28,198.11,200.15,1234084.08,245863556.894,133059546.75
2025-10-28 13:00:00+00:00,200.15,202.95,200.05,202.65,1990513.1,401452139.386,207298610.192
2025-10-28 14:00:00+00:00,202.65,202.87,196.5,199.46,3323650.35,663950599.665,304483170.963
2025-10-28 15:00:00+00:00,199.46,200.63,198.2,198.73,1459870.2,291005901.879,131443923.481
2025-10-28 16:00:00+00:00,198.74,200.61,197.81,199.71,1336283.81,266143999.005,135694575.2
2025-10-28 17:00:00+00:00,199.7,200.8,199.51,200.76,634332.98,127031538.491,63895498.6542
2025-10-28 18:00:00+00:00,200.76,201.19,198.79,199.55,825726.28,164973821.374,73701121.8247
2025-10-28 19:00:00+00:00,199.56,200.06,194.13,195.24,2468664.32,485103260.67,212687038.234
2025-10-28 20:00:00+00:00,195.24,195.25,191.93,192.36,3056401.94,590963045.103,250194448.208
2025-10-28 21:00:00+00:00,192.37,194.29,190.02,193.73,1802391.46,346430971.199,167284881.26
2025-10-28 22:00:00+00:00,193.72,195.08,193.18,194.78,804398.31,156284420.116,84419950.7175
2025-10-28 23:00:00+00:00,194.78,194.82,193.64,194.05,635223.65,123292853.766,51534716.3216
2025-10-29 00:00:00+00:00,194.04,195,193.14,193.66,816723.43,158517674.576,71504327.6728
2025-10-29 01:00:00+00:00,193.66,194.91,192.58,194.05,724902.62,140413057.124,69919528.3567
2025-10-29 02:00:00+00:00,194.04,194.79,193.85,194.6,366310.81,71210577.766,40387868.9372
2025-10-29 03:00:00+00:00,194.6,194.61,193.12,193.81,558257.94,108127577.828,56123563.5663
2025-10-29 04:00:00+00:00,193.81,194.7,193.66,194.43,370999.52,72064806.9372,41877277.0354
2025-10-29 05:00:00+00:00,194.43,195.71,194.32,195.03,491991.79,95973155.4867,49942852.5726
2025-10-29 06:00:00+00:00,195.03,195.68,194.63,195.46,423726.1,82663381.2394,36071851.7183
2025-10-29 07:00:00+00:00,195.46,195.99,195.02,195.52,362604.45,70892277.4925,36588809.4092
2025-10-29 08:00:00+00:00,195.53,195.61,193.86,194.41,600786.35,116896346.186,56759903.9328
2025-10-29 09:00:00+00:00,194.4,194.66,193.68,194.11,431177.82,83686301.9118,37762429.8376
2025-10-29 10:00:00+00:00,194.12,197,193.86,196.18,1028299.71,201487586.931,109521094.244
2025-10-29 11:00:00+00:00,196.19,199.3,195.95,198.65,1390385.15,275317512.767,145189486.765
2025-10-29 12:00:00+00:00,198.65,199.82,198.03,199.8,682468.69,135656047.699,73213401.1265
2025-10-29 13:00:00+00:00,199.79,201.66,199.02,200.65,2049944.56,410845520.842,201075736.609
2025-10-29 14:00:00+00:00,200.65,200.93,198.6,199.93,1624956.59,324339626.023,154541013.161
2025-10-29 15:00:00+00:00,199.93,200.61,196.29,196.71,1893287.1,375196165.284,170578209.398
2025-10-29 16:00:00+00:00,196.72,196.8,194.5,195.2,2318650.22,453574453.978,211132813.967
2025-10-29 17:00:00+00:00,195.2,198.71,194.71,198.36,1560608.58,307203576.074,171347352.02
2025-10-29 18:00:00+00:00,198.35,198.48,188.88,193.37,6235752.16,1207842777.6,573234137.199
2025-10-29 19:00:00+00:00,193.36,195.18,191.2,192.62,2485767.06,480795857.533,228485341.17
2025-10-29 20:00:00+00:00,192.62,196.14,191.76,195.48,1400921.57,271824245.566,141934990.455
2025-10-29 21:00:00+00:00,195.47,196.98,194.96,195.96,712715.63,139533224.291,73285768.9813
2025-10-29 22:00:00+00:00,195.96,196.33,195.13,195.29,448060.37,87703257.6853,41134978.6248
2025-10-29 23:00:00+00:00,195.29,195.47,192.84,193.81,1014006.22,196984546.528,91961835.239
2025-10-30 00:00:00+00:00,193.8,194.64,192.04,194.58,956851.8,185003167.408,94381519.7088
2025-10-30 01:00:00+00:00,194.58,195.94,193.37,195.42,673573.94,131020979.993,69455254.1362
2025-10-30 02:00:00+00:00,195.43,198.1,195.15,198.08,977366.36,192195261.871,107708117.825
2025-10-30 03:00:00+00:00,198.09,198.1,196.5,197.01,827974.92,163283974.203,70732109.0464
2025-10-30 04:00:00+00:00,197,197.08,190.21,191.71,3775052.34,727804891.09,343709415.523
2025-10-30 05:00:00+00:00,191.71,195.6,191.25,195.07,1835373.55,355043111.063,200032999.345
2025-10-30 06:00:00+00:00,195.07,195.39,193.3,194.09,924659.45,179776779.401,83416074.4046
2025-10-30 07:00:00+00:00,194.1,196.12,193.82,195.69,783011.8,153058163.859,85831582.0685
2025-10-30 08:00:00+00:00,195.69,196.05,194.5,195.28,625091.19,122047050.634,55667250.9108
2025-10-30 09:00:00+00:00,195.27,195.37,192.18,192.26,1214977.18,234670236.455,101980418.013
2025-10-30 10:00:00+00:00,192.26,192.38,190.94,192.05,1121346.08,214985568.83,105446107.69
2025-10-30 11:00:00+00:00,192.05,192.55,191.13,191.75,824755.82,158273157.174,80321220.7864
2025-10-30 12:00:00+00:00,191.75,191.96,185.98,187.7,3902431.24,735474998.828,323092511.31
2025-10-30 13:00:00+00:00,187.71,188.58,184.3,185.62,2941744.16,548840098.448,256200040.485
2025-10-30 14:00:00+00:00,185.61,187.73,185.54,187.14,1499790.22,279940088.669,138273489.197
2025-10-30 15:00:00+00:00,187.14,187.5,184.36,184.95,1477324.04,274159781.099,115293305.007
2025-10-30 16:00:00+00:00,184.94,186.2,183.8,185.19,1551664.5,287190534.162,138656720.851
2025-10-30 17:00:00+00:00,185.19,185.21,181.34,183.68,2719500.18,497520079.707,219518021.267
2025-10-30 18:00:00+00:00,183.68,183.82,180.69,181.22,1201736.14,218759859.491,94923453.3889
2025-10-30 19:00:00+00:00,181.22,181.82,178.5,178.92,2058610.87,370586296.37,174101721.044
2025-10-30 20:00:00+00:00,178.92,182.48,178.64,182.11,1791127.74,323281648.709,176186277.283
2025-10-30 21:00:00+00:00,182.11,182.58,181,182.25,1013981.72,184516236.882,84578632.5348
2025-10-30 22:00:00+00:00,182.25,183.51,181.95,183.5,944585.74,172669214.672,87098715.0329
2025-10-30 23:00:00+00:00,183.51,184.59,182.44,184.55,943394.51,173193425.881,95462869.9394
2025-10-31 00:00:00+00:00,184.55,186.43,183.94,185.35,1019719.17,188643195.1,101711879.171
2025-10-31 01:00:00+00:00,185.34,186.8,184.92,186.14,881231.37,164010158.938,77971843.7715
2025-10-31 02:00:00+00:00,186.15,186.2,183.57,184.52,1119767.03,206904150.246,83432444.1196
2025-10-31 03:00:00+00:00,184.53,185.64,184.03,185.05,653599.36,120868998.478,63931082.0464
2025-10-31 04:00:00+00:00,185.05,186.95,184.83,186.53,876230.87,163161914.501,96806197.7717
2025-10-31 05:00:00+00:00,186.52,186.52,185.2,185.62,560476.17,104060088.978,47090832.0927
2025-10-31 06:00:00+00:00,185.61,185.78,184.81,185.46,448804.86,83118431.6118,37204678.0875
2025-10-31 07:00:00+00:00,185.46,186.02,184.63,185.23,508047.59,94201439.7047,45682680.612
2025-10-31 08:00:00+00:00,185.23,186.49,184.44,186.39,621340.11,115256800.102,59199899.5344
2025-10-31 09:00:00+00:00,186.38,186.97,185.87,186.51,693889.39,129359060.733,71263023.3232
2025-10-31 10:00:00+00:00,186.51,187.27,186.06,186.28,587042.61,109560798.379,57449353.396
2025-10-31 11:00:00+00:00,186.28,189.19,186.09,188.81,1128584.74,211778286.899,110714985.68
2025-10-31 12:00:00+00:00,188.81,189.32,186.22,186.43,1681962.02,316037001.558,140701676.233
2025-10-31 13:00:00+00:00,186.43,188.5,185.83,188.26,1121892.23,209827642.249,105704745.566
2025-10-31 14:00:00+00:00,188.27,189.43,186.86,188.98,1240430.17,233219171.903,120994325.52
2025-10-31 15:00:00+00:00,188.99,190.26,187.84,188.02,1452339.43,274562321.278,140741092.248
2025-10-31 16:00:00+00:00,188.02,188.52,184.56,184.96,1535108.98,285951557.244,116059994.304
2025-10-31 17:00:00+00:00,184.95,185.85,184.22,185.26,1237400.58,228915491.232,105789856.068
2025-10-31 18:00:00+00:00,185.25,186.51,184.36,185.84,991677.35,183959767.859,94226166.8094
2025-10-31 19:00:00+00:00,185.84,188.96,184.88,188.3,1270942.12,238131693.262,122777081.423
2025-10-31 20:00:00+00:00,188.3,188.76,186.61,186.83,900800.06,169139666.517,79570376.0328
2025-10-31 21:00:00+00:00,186.83,187.61,186.42,187.17,333285.1,62317544.8432,36439247.3283
2025-10-31 22:00:00+00:00,187.18,187.83,186.87,187.2,323728.69,60658141.837,32978742.9913
2025-10-31 23:00:00+00:00,187.2,187.74,187.01,187.13,232351.75,43544384.2225,23081043.8909
2025-11-01 00:00:00+00:00,187.12,187.27,185.91,187.02,545481.82,101760990.716,43771177.8276
2025-11-01 01:00:00+00:00,187.02,187.35,186,186.01,260953.96,48735413.6343,21387888.568
2025-11-01 02:00:00+00:00,186.02,186.65,185.37,186.5,334022.27,62097155.8681,32833075.0652
2025-11-01 03:00:00+00:00,186.5,187.4,186.48,187.12,306327,57277738.4561,31130955.3855
2025-11-01 04:00:00+00:00,187.12,187.47,186.21,186.98,393802.5,73547921.2354,37606150.6684
2025-11-01 05:00:00+00:00,186.98,187.06,186.08,186.15,188284.22,35125293.6891,15946156.2075
2025-11-01 06:00:00+00:00,186.14,186.3,184.81,185.63,507307.67,94093050.8284,43373323.2262
2025-11-01 07:00:00+00:00,185.63,186.28,185.22,185.71,266523.37,49502474.1428,26407005.6181
2025-11-01 08:00:00+00:00,185.7,186.47,185.56,186.45,251930.83,46862684.6831,25732572.3779
2025-11-01 09:00:00+00:00,186.45,186.66,185.64,185.75,362669.07,67522356.1519,33714174.3727
2025-11-01 10:00:00+00:00,185.74,186.3,185.15,186.04,350718.43,65111670.5126,33447358.3188
2025-11-01 11:00:00+00:00,186.04,186.53,185.57,186.09,300451.3,55900294.0643,28139251.9515
2025-11-01 12:00:00+00:00,186.1,186.55,186.09,186.28,262277.06,48870767.5675,22335008.1143
2025-11-01 13:00:00+00:00,186.28,186.36,184.66,185.21,526424,97598528.3728,43246505.9363
2025-11-01 14:00:00+00:00,185.2,185.5,183.58,184.9,1025200.7,189064985.335,83674428.9487
2025-11-01 15:00:00+00:00,184.9,186.34,184.75,186.28,718317.89,133380733.396,62417490.0035
2025-11-01 16:00:00+00:00,186.29,187,185.84,186.3,685999.18,127929223.085,60922924.475
2025-11-01 17:00:00+00:00,186.3,186.43,184.79,184.86,438419.42,81337615.1312,38347243.6988
2025-11-01 18:00:00+00:00,184.85,185.7,184.77,185.64,419998.86,77780481.9938,43119056.8581
2025-11-01 19:00:00+00:00,185.64,186.22,185.32,186.18,229126.67,42555464.4081,23775099.2115
2025-11-01 20:00:00+00:00,186.18,186.87,186.06,186.42,307065.13,57271937.1911,27796206.27
2025-11-01 21:00:00+00:00,186.41,186.54,185.19,185.24,234839.21,43687739.8074,18683193.6778
2025-11-01 22:00:00+00:00,185.24,186.21,184.86,186.07,308811.09,57270130.3534,31348985.8886
2025-11-01 23:00:00+00:00,186.06,186.49,185.76,186.29,187158.58,34834255.7693,15829452.0797
2025-11-02 00:00:00+00:00,186.28,186.3,185,185.03,397828.21,73789938.9732,36896007.6772
2025-11-02 01:00:00+00:00,185.02,185.42,184.55,184.71,409175.67,75691953.5404,32464401.1914
2025-11-02 02:00:00+00:00,184.7,185.94,184.67,185.27,346353.75,64193733.5675,34820470.4282
2025-11-02 03:00:00+00:00,185.27,185.42,184.84,185.18,255951.26,47375527.3785,19673229.3639
2025-11-02 04:00:00+00:00,185.18,187.96,184.91,187.71,944056.39,176236078.193,102204425.213
2025-11-02 05:00:00+00:00,187.71,187.76,186.42,187.01,585617.72,109542438.118,49414728.3721
2025-11-02 06:00:00+00:00,187,187.61,186.52,187.31,279210.15,52216187.2179,26591734.864
2025-11-02 07:00:00+00:00,187.3,188.27,186.6,187.64,423523.13,79386373.1243,38739586.9505
2025-11-02 08:00:00+00:00,187.64,187.85,186.83,187.04,390760.61,73190295.802,34325755.4144
2025-11-02 09:00:00+00:00,187.03,187.84,185.67,185.79,616274.03,115001817.454,50367393.5936
2025-11-02 10:00:00+00:00,185.79,186.09,184.29,184.92,1042351.76,192918100.344,92731735.0335
2025-11-02 11:00:00+00:00,184.91,186.3,184.76,186.04,741316.69,137634526.69,70944054.8799
2025-11-02 12:00:00+00:00,186.04,186.41,185.15,185.42,517513.56,96156341.7342,44614497.5131
2025-11-02 13:00:00+00:00,185.41,185.47,183.77,184.99,675329.84,124696288.114,60221457.4799
2025-11-02 14:00:00+00:00,184.98,185.27,183.26,184.27,755375.38,139214873.114,62184135.0749
2025-11-02 15:00:00+00:00,184.26,184.98,183.59,183.67,591653.55,109049651.079,49456468.8371
2025-11-02 16:00:00+00:00,183.67,184.3,181.91,184.2,1441137.71,263892500.712,121377293.119
2025-11-02 17:00:00+00:00,184.19,184.51,183.43,184.32,464888.92,85529325.2577,39165267.9362
2025-11-02 18:00:00+00:00,184.32,184.56,183.86,184.14,235972.55,43474669.708,22174344.5456
2025-11-02 19:00:00+00:00,184.14,184.18,182.9,183.93,421307.39,77304381.5007,34855270.9371
2025-11-02 20:00:00+00:00,183.92,184.47,183.48,184.46,197369.78,36313646.189,19103654.7761
2025-11-02 21:00:00+00:00,184.47,185.95,184.43,185.39,488069.77,90398876.4419,48365567.0259
2025-11-02 22:00:00+00:00,185.4,185.59,184.23,184.82,299398.18,55352047.5039,24304336.8
2025-11-02 23:00:00+00:00,184.83,188.03,184.83,187.65,962981.68,179721096.83,98274836.0564
2025-11-03 00:00:00+00:00,187.64,189.1,186.49,186.52,1287265.65,242016462.051,121573606.563
2025-11-03 01:00:00+00:00,186.52,187.1,185.27,185.46,947772.52,176514830.332,84459767.5855
2025-11-03 02:00:00+00:00,185.47,185.89,182.88,183.41,1499993.35,276083796.068,130095513.46
2025-11-03 03:00:00+00:00,183.41,183.59,176.5,177.42,3507573.73,630686178.133,244464538.493
2025-11-03 04:00:00+00:00,177.42,178.3,175.58,177.79,1823325.43,323026800.389,164443711.027
2025-11-03 05:00:00+00:00,177.8,178.62,176.3,176.68,1144531.49,203281146.002,92485734.4729
2025-11-03 06:00:00+00:00,176.69,177.13,174.09,175.97,1776720.29,311785609.604,143822827.481
2025-11-03 07:00:00+00:00,175.96,177.01,175.31,176.38,962168.14,169516507.226,88148016.5932
2025-11-03 08:00:00+00:00,176.37,176.49,174.31,175.57,1243337.98,218050792.663,109276367.935
2025-11-03 09:00:00+00:00,175.56,176.83,174.52,174.84,974642.93,171199038.654,81361096.0622
2025-11-03 10:00:00+00:00,174.83,175.8,173.1,174.03,865687.04,151199580.959,68853033.1099
2025-11-03 11:00:00+00:00,174.04,176,173.99,175.2,1013986.58,177516092.369,92877062.6101
2025-11-03 12:00:00+00:00,175.2,176.45,174.88,175.44,855477.49,150412165.817,77191778.8142
2025-11-03 13:00:00+00:00,175.43,176.24,174.83,175.69,719602.08,126319309.132,61193555.044
2025-11-03 14:00:00+00:00,175.7,176.83,174.7,176.31,985632.27,173237979.3,82039272.181
2025-11-03 15:00:00+00:00,176.31,176.67,164,166.73,9259031.91,1561590725.01,687499836.631
2025-11-03 16:00:00+00:00,166.74,169.06,165.53,168.23,3158215.56,529426856.739,258235572.545
2025-11-03 17:00:00+00:00,168.23,170.9,167.95,169.79,1702411.38,288695810.91,150443928.958
2025-11-03 18:00:00+00:00,169.8,170.01,167.63,167.76,1019215.12,172043433.749,80591548.2152
2025-11-03 19:00:00+00:00,167.75,168.26,166.44,166.64,1122977.71,187934097.457,87368737.5666
2025-11-03 20:00:00+00:00,166.65,167.14,163.12,164.31,2157201.82,355964565.695,174140077.819
2025-11-03 21:00:00+00:00,164.31,166.15,163.15,165.86,1593194.9,262969440.814,132840061.516
2025-11-03 22:00:00+00:00,165.87,166.22,164.09,165.64,841332.02,139068384.662,69551474.0383
2025-11-03 23:00:00+00:00,165.65,166.23,164.4,165.95,518435.82,85798741.2499,42900448.4986
2025-11-04 00:00:00+00:00,165.96,167.22,164.1,166.46,1146593.72,190207478.172,97849957.6696
2025-11-04 01:00:00+00:00,166.47,168.27,165.76,167.71,1000158.24,167346345.61,88435417.7128
2025-11-04 02:00:00+00:00,167.7,168.28,166.28,166.55,695276.31,116303798.087,56368151.8253
2025-11-04 03:00:00+00:00,166.55,168.17,166.1,167.53,691692.03,115762151.374,54724819.007
2025-11-04 04:00:00+00:00,167.53,168,164.61,164.88,1427752.87,237153900.588,105563747.23
2025-11-04 05:00:00+00:00,164.88,165.37,157.04,157.59,4837849.27,775880198.862,345029859.176
2025-11-04 06:00:00+00:00,157.59,161.22,157.5,158.5,2552238.79,406314639.415,199675761.489
2025-11-04 07:00:00+00:00,158.51,158.85,155.81,157,2368007.5,372501900.333,183310111.608
2025-11-04 08:00:00+00:00,157.01,160.41,156.32,159.17,2150982.24,340944336.349,172219662.029
2025-11-04 09:00:00+00:00,159.17,160.41,158.56,160.31,1292133.13,206218915.842,107634736.569
2025-11-04 10:00:00+00:00,160.3,161.29,159.85,160.44,1196401.37,192031672.359,97093113.1069
2025-11-04 11:00:00+00:00,160.44,162.27,160.25,161.63,1227361.51,198126022.033,111084696.762
2025-11-04 12:00:00+00:00,161.63,162.47,160.72,161.35,1181363.99,190680621.21,102994726.089
2025-11-04 13:00:00+00:00,161.36,162.58,160.4,161.19,1571401.91,253533190.546,126711176.862
2025-11-04 14:00:00+00:00,161.2,164.68,159.24,164.34,3257939.9,527805733.98,265010647.674
2025-11-04 15:00:00+00:00,164.34,165.24,161.2,161.39,2520421.2,412022884.215,188611801.954
2025-11-04 16:00:00+00:00,161.39,162.3,158.1,158.15,2521893.46,403840581.268,197690020
2025-11-04 17:00:00+00:00,158.15,158.19,153,156.11,5100303.03,794609826.144,380970390.22
2025-11-04 18:00:00+00:00,156.11,156.5,152.15,156.35,3485869.25,538307474.38,269576094.246
2025-11-04 19:00:00+00:00,156.35,157.36,154.13,154.55,1687668.08,262970926.729,124734632.588
2025-11-04 20:00:00+00:00,154.55,155,148.11,153.35,5325062.99,808408651.039,382783962.709
2025-11-04 21:00:00+00:00,153.35,154.06,145.67,151.12,4593087.95,686505805.681,329139806.913
2025-11-04 22:00:00+00:00,151.12,155.52,150.41,155.15,1984767.39,304116673.38,158989786.743
2025-11-04 23:00:00+00:00,155.15,155.87,153.8,154.94,1421311.4,220280550.336,116495078.303
2025-11-05 00:00:00+00:00,154.95,155.57,152.45,153.29,1314924.64,202137928.193,95338115.2179
2025-11-05 01:00:00+00:00,153.3,153.5,147.2,152.59,3506405.73,525679467.961,257878227.038
2025-11-05 02:00:00+00:00,152.58,156.22,152.51,156.07,2659302.36,410706185.365,217192052.45
2025-11-05 03:00:00+00:00,156.06,157.34,154.95,156.84,1482252.56,231582545.509,124554152.93
2025-11-05 04:00:00+00:00,156.84,157.87,155.6,156.97,1061306.96,166313836.483,82519685.6172
2025-11-05 05:00:00+00:00,156.97,158.48,156.72,157.45,994217.78,156684590.397,83420423.0618
2025-11-05 06:00:00+00:00,157.44,158.09,156.51,157.95,684952.87,107688150.886,53822873.1509
2025-11-05 07:00:00+00:00,157.95,158.03,155.86,156.41,697572.85,109237298.874,54463447.2097
2025-11-05 08:00:00+00:00,156.41,156.43,153.61,155.62,1668963.93,258792231.644,125979036.3
2025-11-05 09:00:00+00:00,155.61,157.25,155.49,156.94,832430.93,130319597.919,69592801.9818
2025-11-05 10:00:00+00:00,156.94,157,154.59,154.77,720865.72,112310984.711,52235328.9047
2025-11-05 11:00:00+00:00,154.76,157.55,154.75,157.37,787589.74,123273735.637,66081410.8264
2025-11-05 12:00:00+00:00,157.37,158.64,156.66,158.19,1107105.54,174680110.318,92025400.1413
2025-11-05 13:00:00+00:00,158.18,159.84,157.48,159.34,1409828.01,223823355.186,121169028.284
2025-11-05 14:00:00+00:00,159.34,159.56,156.83,158.65,1855465.29,293777614.898,150262505.73
2025-11-05 15:00:00+00:00,158.66,160.43,157.78,160.36,1641325.49,261166933.06,134909567.26
2025-11-05 16:00:00+00:00,160.37,161.97,158.41,161.73,1529629.42,244891530.587,125816472.372
2025-11-05 17:00:00+00:00,161.73,162.4,160.78,161.91,1147481.97,185511916.201,93391122.2331
2025-11-05 18:00:00+00:00,161.91,163.82,161.56,162.98,1050135.09,171027173.574,93917932.7163
2025-11-05 19:00:00+00:00,162.97,163.32,162.07,162.41,1008332.04,164045202.143,88211159.1403
2025-11-05 20:00:00+00:00,162.4,163.88,162.23,162.44,884517,144017506.289,66321013.5991
2025-11-05 21:00:00+00:00,162.45,162.45,161.02,161.76,905711.46,146427418.769,67513086.3036
2025-11-05 22:00:00+00:00,161.76,162.86,161.22,162.72,385104.01,62343866.1426,31740370.2729
2025-11-05 23:00:00+00:00,162.72,162.99,162.03,162.28,453687.96,73756753.9756,33349149.8579
2025-11-06 00:00:00+00:00,162.29,162.29,160.38,161.31,846819.24,136440587.989,61860444.079
2025-11-06 01:00:00+00:00,161.3,161.64,159.62,160.75,1003125.71,160975623.466,72104330.3133
2025-11-06 02:00:00+00:00,160.74,162.26,160.02,161.67,717342.78,115667219.016,60941447.7754
2025-11-06 03:00:00+00:00,161.67,162.87,161.51,162.37,531230.77,86170799.9587,45113621.4427
2025-11-06 04:00:00+00:00,162.38,162.69,161.65,162.03,420230.4,68140751.6441,27549166.0655
2025-11-06 05:00:00+00:00,162.04,162.04,158.8,159.25,1031824.74,164956631.115,66324270.4201
2025-11-06 06:00:00+00:00,159.24,159.9,158.69,158.69,572636.09,91228901.8551,42927894.0614
2025-11-06 07:00:00+00:00,158.7,159.94,158.13,158.74,746213.9,118590384.1,59260937.0224
2025-11-06 08:00:00+00:00,158.74,159.54,158.42,159.28,496449.76,78944277.7698,44807008.965
2025-11-06 09:00:00+00:00,159.27,159.85,158.7,158.74,446230.64,71067039.2093,33772201.516
2025-11-06 10:00:00+00:00,158.73,159.72,157.59,159,955991.62,151638523.82,74740136.1413
2025-11-06 11:00:00+00:00,159,159.35,158.1,158.79,491960.48,78114715.0811,40945446.6834
2025-11-06 12:00:00+00:00,158.78,159.36,157.03,157.42,999708.65,157912096.245,75250947.2476
2025-11-06 13:00:00+00:00,157.43,161.27,157.43,160.58,1582103.84,253263703.732,138998229.872
2025-11-06 14:00:00+00:00,160.59,161.48,157.3,157.72,1772181.64,281131590.671,134871299.148
2025-11-06 15:00:00+00:00,157.73,158.94,155.31,155.83,2562970.73,402009947.184,186006506.066
2025-11-06 16:00:00+00:00,155.83,156.92,153.75,155.33,2077652.65,322833081.048,145681870.479
2025-11-06 17:00:00+00:00,155.32,157.55,154.76,157.18,1146214.5,179105522.852,92105605.8499
2025-11-06 18:00:00+00:00,157.18,158.58,155.34,157.4,1060017.14,166332135.316,85588570.9542
2025-11-06 19:00:00+00:00,157.41,157.75,156.02,156.8,674849.28,105931195.228,46693582.8463
2025-11-06 20:00:00+00:00,156.8,157.72,154.52,155.22,1027510.13,159985025.282,77948450.5507
2025-11-06 21:00:00+00:00,155.22,156.86,154.58,156.39,606292.06,94330327.5507,49460105.0978
2025-11-06 22:00:00+00:00,156.4,156.71,154.2,155.49,494399.63,76785007.7793,36861369.1675
2025-11-06 23:00:00+00:00,155.5,155.5,153.34,155.2,729915.71,112692618.58,54542458.7785
2025-11-07 00:00:00+00:00,155.2,157.06,154.8,156.68,934942.32,145916133.296,68630466.1844
2025-11-07 01:00:00+00:00,156.69,157.18,154.11,156.96,1095662.52,170493942.698,86386667.1546
2025-11-07 02:00:00+00:00,156.95,158.07,156.07,157.95,669337.24,105129739.8,53143810.8805
2025-11-07 03:00:00+00:00,157.96,158.52,156.71,156.79,642885.12,101403583.002,51260006.0924
2025-11-07 04:00:00+00:00,156.79,157.02,155.18,156.1,633505.31,98804342.0814,50901490.6732
2025-11-07 05:00:00+00:00,156.1,158.15,156.06,157.99,674881.98,106235502.149,55167385.9728
2025-11-07 06:00:00+00:00,158,158.2,156.7,156.72,390757.6,61563298.4474,26489146.1839
2025-11-07 07:00:00+00:00,156.72,157.77,156.25,157.69,472369.41,74166463.7951,38972736.0518
2025-11-07 08:00:00+00:00,157.69,158.1,156.75,157.19,547203.55,86128705.1577,47714327.5525
2025-11-07 09:00:00+00:00,157.2,157.24,154.02,154.62,994740.48,154344425.44,70722151.9616
2025-11-07 10:00:00+00:00,154.62,155.67,153.51,154.15,918375.26,141975348.787,66839249.7937
2025-11-07 11:00:00+00:00,154.16,154.16,151.58,153.77,2181611.24,333178843.783,158596105.419
2025-11-07 12:00:00+00:00,153.78,154.11,150.87,151.57,1533956.44,233271120.412,112558361.261
2025-11-07 13:00:00+00:00,151.58,153.14,150.93,152.24,1259423.03,191584412.959,96808871.396
2025-11-07 14:00:00+00:00,152.24,155.06,149.69,154.62,2724327.89,415129412.155,206568153.692
2025-11-07 15:00:00+00:00,154.63,156.21,153.22,155.31,2014405.58,311596683.483,156686064.271
2025-11-07 16:00:00+00:00,155.31,158.07,154.29,157.19,1663481.33,260594801.321,136380238.874
2025-11-07 17:00:00+00:00,157.2,161.43,156.34,161.06,2312290.78,369574742.733,198317796.113
2025-11-07 18:00:00+00:00,161.07,162.87,160.8,162.02,1312825.4,212507372.771,107937351.453
2025-11-07 19:00:00+00:00,162.03,164.4,161.42,164.08,1099469.93,179373312.094,94731097.2045
2025-11-07 20:00:00+00:00,164.08,164.32,162.01,163.29,1144219.41,186649024.706,92082726.7906
2025-11-07 21:00:00+00:00,163.29,163.77,162.61,163.43,551450.96,90039850.0922,41346860.3104
2025-11-07 22:00:00+00:00,163.44,163.86,162.68,163.14,485358.17,79260699.1832,36928248.4393
2025-11-07 23:00:00+00:00,163.15,163.2,161.5,161.72,706377.13,114656425.188,50905689.4675
2025-11-08 00:00:00+00:00,161.72,162.56,160.55,160.81,935406.73,151123912.983,67482248.773
2025-11-08 01:00:00+00:00,160.82,162.41,160.74,161.98,559932.79,90593960.1172,46895631.4537
2025-11-08 02:00:00+00:00,161.98,164.35,161.84,163.32,741579.79,121114104.641,61216360.4765
2025-11-08 03:00:00+00:00,163.32,164.82,162.37,162.42,766095.84,125453603.66,61165961.4796
2025-11-08 04:00:00+00:00,162.43,163.63,162.4,162.61,421449.68,68685559.8509,34259298.011
2025-11-08 05:00:00+00:00,162.61,163,160.94,161.29,634496.67,102597364.24,43949695.8074
2025-11-08 06:00:00+00:00,161.28,161.88,160.03,161.01,867232.04,139566796.019,69953437.6237
2025-11-08 07:00:00+00:00,161.02,161.09,159.48,160.96,601608.93,96459493.5067,43979228.1416
2025-11-08 08:00:00+00:00,160.95,161.98,160.2,161.46,477187.81,76958836.6855,38434313.3863
2025-11-08 09:00:00+00:00,161.45,162.29,160.86,161.07,462072.92,74653131.5438,34729638.018
2025-11-08 10:00:00+00:00,161.07,161.15,160.44,160.72,339676.68,54624658.9944,26623037.5759
2025-11-08 11:00:00+00:00,160.73,161.09,159.03,159.29,729856.04,116690514.703,49693953.8228
2025-11-08 12:00:00+00:00,159.3,159.62,158.66,159.33,507676.44,80824457.2864,36555716.2586
2025-11-08 13:00:00+00:00,159.34,159.38,158.01,158.14,700797.39,111237499.943,52622708.8196
2025-11-08 14:00:00+00:00,158.13,158.46,156.73,157.62,1097759.31,172921815.256,86005607.6761
2025-11-08 15:00:00+00:00,157.63,157.78,155.82,156.61,784804.9,122859875.156,60546442.363
2025-11-08 16:00:00+00:00,156.61,157.31,155.7,156.69,788509.85,123516966.611,65640698.5181
2025-11-08 17:00:00+00:00,156.69,157.58,155.95,157.5,579970.19,90997779.7852,44409983.9037
2025-11-08 18:00:00+00:00,157.49,158.07,156.83,157.85,439079.35,69179306.9994,32176507.5177
2025-11-08 19:00:00+00:00,157.84,157.94,156.12,157.24,484075.89,75993570.1149,35803658.3646
2025-11-08 20:00:00+00:00,157.23,158.17,157.1,157.58,341581.15,53842551.421,27238482.5903
2025-11-08 21:00:00+00:00,157.58,158.15,157.5,157.95,210235.21,33186110.5358,16967561.8986
2025-11-08 22:00:00+00:00,157.95,158.31,157.53,157.91,175545.55,27710300.2426,13532646.8642
2025-11-08 23:00:00+00:00,157.91,158.35,157.75,157.94,227591.05,35977106.2249,19044376.6324
2025-11-09 00:00:00+00:00,157.94,157.95,156.5,156.75,388459.84,61074995.5375,27177870.5402
2025-11-09 01:00:00+00:00,156.74,158.25,156.67,158.09,278127.37,43802391.4269,23544721.6879
2025-11-09 02:00:00+00:00,158.08,158.09,155.6,155.95,645399.37,101151482.304,46939770.4434
2025-11-09 03:00:00+00:00,155.95,156.43,155.01,155.82,605878.95,94331907.4476,41131917.5666
2025-11-09 04:00:00+00:00,155.81,157.44,155.78,157.13,505181.07,79229336.1549,42676908.3508
2025-11-09 05:00:00+00:00,157.12,158.24,157.03,158.01,349657.35,55134183.6167,28667514.893
2025-11-09 06:00:00+00:00,158,159.02,157.75,158.16,422801.96,66963783.7556,34225410.2663
2025-11-09 07:00:00+00:00,158.16,159.48,157.76,159.17,525658.36,83479555.8749,41728216.5812
2025-11-09 08:00:00+00:00,159.17,159.61,158.64,159.36,409724.41,65198624.9759,33161840.7619
2025-11-09 09:00:00+00:00,159.36,159.82,158.08,158.17,577547.72,91815301.2047,39665641.7881
2025-11-09 10:00:00+00:00,158.17,158.37,157.17,158.36,526004.64,82969654.7445,41086722.4502
2025-11-09 11:00:00+00:00,158.37,159.4,158.36,158.97,491065.2,78058350.9335,40079371.8107
2025-11-09 12:00:00+00:00,158.97,159.8,158.51,159.03,497059.67,79128529.3773,39905699.7046
2025-11-09 13:00:00+00:00,159.03,160.45,158.92,159.96,738829.97,118095404.992,66574690.1014
2025-11-09 14:00:00+00:00,159.96,163.06,159.16,160.08,2248120.43,362291721.311,178105672.135
2025-11-09 15:00:00+00:00,160.08,163.93,159.71,162.45,2051294.35,333092443.379,174049445.215
2025-11-09 16:00:00+00:00,162.44,163.13,161.74,162.85,850441.08,138051871.815,71515700.0628
2025-11-09 17:00:00+00:00,162.84,162.96,161.15,161.73,625614.33,101224989.457,43750646.2154
2025-11-09 18:00:00+00:00,161.73,164.05,161.3,163.9,542213.57,88129792.1834,48139038.5947
2025-11-09 19:00:00+00:00,163.91,166.24,163.28,166.08,1203513.67,198446989.342,104526134.345
2025-11-09 20:00:00+00:00,166.09,166.3,164.95,165.29,666726.44,110380868.838,53339359.2482
2025-11-09 21:00:00+00:00,165.29,165.75,164.33,165.16,808437.93,133442217.292,66126846.9244
2025-11-09 22:00:00+00:00,165.17,165.6,164.04,165.36,708493.92,116761635.466,58105579.1774
2025-11-09 23:00:00+00:00,165.37,166.55,163.85,164.45,928443.48,153232001.849,81623294.2304
2025-11-10 00:00:00+00:00,164.46,168.3,163.35,167.39,1536519.07,255060724.252,130485461.463
2025-11-10 01:00:00+00:00,167.39,168.2,166.25,167,1080834.22,180533501.25,82685134.0682
2025-11-10 02:00:00+00:00,167,167.91,166.25,167.64,862422.71,144107114.649,68681007.6838
2025-11-10 03:00:00+00:00,167.65,168.68,167.04,167.99,800432.74,134393025.152,71814733.0571
2025-11-10 04:00:00+00:00,168,168.84,166.55,167.93,790689.16,132539307.48,67639296.3862
2025-11-10 05:00:00+00:00,167.94,168.48,166.78,167.43,459885.33,77117211.1375,35068473.0732
2025-11-10 06:00:00+00:00,167.44,167.64,166.22,166.82,549564.39,91758512.6111,39338241.5411
2025-11-10 07:00:00+00:00,166.83,168.09,166.67,167.27,452653.32,75833790.6251,37617859.9616
2025-11-10 08:00:00+00:00,167.27,167.34,166.01,166.54,631430.64,105181174.319,42388618.7761
2025-11-10 09:00:00+00:00,166.54,169.72,166.22,169.4,980808,165065726.783,98687149.7599
2025-11-10 10:00:00+00:00,169.4,169.55,167.86,168.23,727347.34,122699900.839,57009246.9569
2025-11-10 11:00:00+00:00,168.24,168.72,167.9,168.2,444062.59,74741571.9027,37933596.4686
2025-11-10 12:00:00+00:00,168.21,168.38,166.82,168.02,700265.33,117312921.221,54360870.1987
2025-11-10 13:00:00+00:00,168.03,170.4,167.87,169.62,1045931.18,177230100.162,93647075.4308
2025-11-10 14:00:00+00:00,169.63,169.64,165.2,166.09,1912593.14,319702508.395,138670021.311
2025-11-10 15:00:00+00:00,166.09,167.23,165.06,166.17,1295869.41,215311202.764,104216280.466
2025-11-10 16:00:00+00:00,166.17,166.98,165.12,166.01,820091.55,136163783.864,66945697.047
2025-11-10 17:00:00+00:00,166.01,168.39,165.85,167.7,724262.57,121167667.876,62083708.4548
2025-11-10 18:00:00+00:00,167.71,168.02,165.55,165.55,681751.09,113679490.229,50850429.5425
2025-11-10 19:00:00+00:00,165.56,167.6,165.48,167.13,607943.52,101208949.594,49259304.5141
2025-11-10 20:00:00+00:00,167.12,168.34,166.73,167.74,544962.93,91316885.5691,45664608.6278
2025-11-10 21:00:00+00:00,167.74,167.78,164.71,165.41,770705.08,127852479.699,58532877.7758
2025-11-10 22:00:00+00:00,165.42,167.74,165.03,167.55,478441.82,79573065.969,42921077.8254
2025-11-10 23:00:00+00:00,167.56,168.02,167.09,167.24,387593.49,64961675.8779,32495717.2666
2025-11-11 00:00:00+00:00,167.24,167.55,165.91,167.42,492921.67,82236759.2916,39637918.4566
2025-11-11 01:00:00+00:00,167.42,170.96,166.51,167.3,1609631.53,271321215.511,144097457.558
2025-11-11 02:00:00+00:00,167.31,170.92,166.13,170.17,1493341.52,252649598.596,130913671.617
2025-11-11 03:00:00+00:00,170.18,171.87,169.38,169.84,1051936.22,179424229.917,90292932.097
2025-11-11 04:00:00+00:00,169.84,170,166.4,166.8,1254709.77,210612319.878,91530172.3825
2025-11-11 05:00:00+00:00,166.8,166.8,164.8,165.02,1546875.51,256042480.285,127122387.264
2025-11-11 06:00:00+00:00,165.03,165.17,163.16,164.82,1757544.76,288774708.375,124336809.446
2025-11-11 07:00:00+00:00,164.83,165.13,163.73,163.88,953571.86,156961367.696,76667633.685
2025-11-11 08:00:00+00:00,163.88,164.78,163.5,163.88,546163.98,89638555.2212,42863031.8364
2025-11-11 09:00:00+00:00,163.88,164.87,163.04,163.9,844060.67,138385500.334,67727738.6378
2025-11-11 10:00:00+00:00,163.89,164.27,162.38,163.68,769311.33,125674320.699,57312608.1178
2025-11-11 11:00:00+00:00,163.68,164.48,162.89,163.56,582362.89,95414988.9646,49277342.7342
2025-11-11 12:00:00+00:00,163.57,164.27,162.46,163.25,721219.54,117769881.354,55981562.9869
2025-11-11 13:00:00+00:00,163.25,163.87,162.3,162.75,573941.64,93610576.2896,44188108.3653
2025-11-11 14:00:00+00:00,162.76,163.18,161.01,162.91,1710547.63,277408527.075,138740938.383
2025-11-11 15:00:00+00:00,162.91,162.91,160,160.81,1848643.2,298082946.28,137093811.89
2025-11-11 16:00:00+00:00,160.82,161.17,159.59,160.58,1098839.7,176377455.299,86575975.5289
2025-11-11 17:00:00+00:00,160.58,160.99,158.03,159.42,1285359.32,204888224.954,99700870.1892
2025-11-11 18:00:00+00:00,159.43,159.74,158.25,158.87,696098.51,110653779.045,54441206.2104
2025-11-11 19:00:00+00:00,158.88,158.88,157.32,157.5,783026.03,123795569.19,54254719.1193
2025-11-11 20:00:00+00:00,157.51,157.79,156.21,156.74,996637.87,156365105.378,75254520.4075
2025-11-11 21:00:00+00:00,156.73,157.34,155.55,156,804742.56,125908689.816,58337595.9409
2025-11-11 22:00:00+00:00,155.99,157.19,155.43,156.6,845498.29,132383188.144,72550357.3386
2025-11-11 23:00:00+00:00,156.59,156.78,153.8,154.5,1184783.98,183748014.675,82025711.9959
2025-11-12 00:00:00+00:00,154.51,155.2,153.44,153.72,1023528.94,158025707.19,72403033.6535
2025-11-12 01:00:00+00:00,153.72,155.4,153.59,155.3,950594.16,147229752.183,78572197.5891
2025-11-12 02:00:00+00:00,155.3,155.48,153.62,154.2,836474.22,129240832.728,58157738.8687
2025-11-12 03:00:00+00:00,154.19,154.96,153.84,154.45,546973.41,84456019.7757,44683725.8907
2025-11-12 04:00:00+00:00,154.45,154.94,154.08,154.85,380947.48,58852268.1078,27157812.6348
2025-11-12 05:00:00+00:00,154.85,155.98,154.79,155.37,766193.94,119047661.913,68956988.9906
2025-11-12 06:00:00+00:00,155.37,156.45,155.23,155.81,638980.57,99664320.0238,53815266.3098
2025-11-12 07:00:00+00:00,155.8,156.47,154.71,154.91,576774.74,89701196.6306,36738310.8256
2025-11-12 08:00:00+00:00,154.91,157.99,154.91,157.86,1158986.05,181852082.392,106664022.151
2025-11-12 09:00:00+00:00,157.86,158.79,157.63,157.96,909142.27,143826818.537,72542453.0052
2025-11-12 10:00:00+00:00,157.95,160.33,157.87,160.14,912140.81,145298395.875,76506825.247
2025-11-12 11:00:00+00:00,160.14,161,159.36,159.91,970244.12,155462873.752,76752672.4835
2025-11-12 12:00:00+00:00,159.91,160.67,159.01,159.76,809589.03,129275926.622,60242617.5142
2025-11-12 13:00:00+00:00,159.75,160.96,158.67,160.47,886358.08,141636028.235,67421325.3133
2025-11-12 14:00:00+00:00,160.47,160.98,157.06,158.5,2034874.94,323440235.191,142702585.223
2025-11-12 15:00:00+00:00,158.5,159.51,155.15,155.66,2630001.6,413098467.855,189788285.507
2025-11-12 16:00:00+00:00,155.65,156.17,152.07,152.73,3412311.94,524397885.665,239189187.026
2025-11-12 17:00:00+00:00,152.72,154.74,152.25,153.2,1281252.94,196418821.194,104814301.329
2025-11-12 18:00:00+00:00,153.2,154.14,152.66,152.67,1318874.3,202448869.542,104605138.551
2025-11-12 19:00:00+00:00,152.66,153.73,151.06,152.95,1777338.02,270581722.606,121955168.323
2025-11-12 20:00:00+00:00,152.95,154.6,152.45,153.68,953352.06,146379336.726,79528220.9429
2025-11-12 21:00:00+00:00,153.68,154.23,153.27,154.04,508328.01,78176995.1877,42691601.77
2025-11-12 22:00:00+00:00,154.04,154.05,152.62,153.78,502968.95,77064623.0649,36485769.9926
2025-11-12 23:00:00+00:00,153.78,153.82,152.75,153.32,431164.06,66050894.523,30056729.3901
2025-11-13 00:00:00+00:00,153.32,154.33,152.28,152.92,812314.1,124526371.574,65346839.811
2025-11-13 01:00:00+00:00,152.92,154.39,152.17,152.67,1053368.18,161393775.975,84506053.4855
2025-11-13 02:00:00+00:00,152.66,153.34,152.3,152.82,501746.26,76702934.2894,38950923.3863
2025-11-13 03:00:00+00:00,152.82,155.77,150.29,154.27,2165887.92,331833078.672,164446904.373
2025-11-13 04:00:00+00:00,154.27,154.88,153.31,154.23,973453.85,150034601.938,74558514.2595
2025-11-13 05:00:00+00:00,154.23,156.75,153.71,156.08,885528.02,137559065.422,73879732.0587
2025-11-13 06:00:00+00:00,156.08,157.07,155.64,156.64,817472.19,127944057.75,64718661.6528
2025-11-13 07:00:00+00:00,156.65,157.159,154.74,155.22,1065313.37,166112907.058,68666532.768
2025-11-13 08:00:00+00:00,155.23,156.44,154.85,155.84,655880.57,102192303.024,47737022.0429
2025-11-13 09:00:00+00:00,155.85,155.99,153.79,154.93,1053396.64,163013025.387,71257861.5796
2025-11-13 10:00:00+00:00,154.94,156.1,154.79,155.32,633193.35,98374812.4344,51180770.0128
2025-11-13 11:00:00+00:00,155.32,156.43,155.3,156.19,524535.86,81796844.5199,42167466.2866
2025-11-13 12:00:00+00:00,156.19,156.86,155.69,156.3,535096.14,83595780.4192,39005971.8638
2025-11-13 13:00:00+00:00,156.31,156.44,153.53,153.74,1267767.31,196088368.032,76731317.1065
2025-11-13 14:00:00+00:00,153.75,156.61,152.15,155.25,2689714.63,414139203.526,212257721.729
2025-11-13 15:00:00+00:00,155.26,155.81,152.43,153.05,1879858.3,289112399.508,141823036.072
2025-11-13 16:00:00+00:00,153.05,153.32,150.65,151.03,2041703.26,310084785.408,157877884.998
2025-11-13 17:00:00+00:00,151.03,151.23,146.63,147.04,3025698.63,451624787.351,202909906.097
2025-11-13 18:00:00+00:00,147.04,147.72,144.47,145.34,3017841.23,440238244.229,208083819.512
2025-11-13 19:00:00+00:00,145.34,146.23,141.93,142.64,3103652.14,447102885.154,205298857.43
2025-11-13 20:00:00+00:00,142.65,143.2,140.94,142.63,2767994.95,393281628.13,200049614.524
2025-11-13 21:00:00+00:00,142.64,143.65,141.15,141.97,1648741.69,234316706.948,104594439.762
2025-11-13 22:00:00+00:00,141.98,144.72,141.61,144.48,1247043.49,178806448.534,99402740.9224
2025-11-13 23:00:00+00:00,144.49,146.1,143.8,144.62,1467162.85,213076113.568,102949732.501
2025-11-14 00:00:00+00:00,144.63,145.16,142.78,143.19,1412702.05,203516636.918,96521382.4808
2025-11-14 01:00:00+00:00,143.19,144.46,142.62,143.59,814880.25,116999747.511,60546095.3631
2025-11-14 02:00:00+00:00,143.6,145.6,143.56,145.21,666331.76,96533741.8621,51043596.8641
2025-11-14 03:00:00+00:00,145.22,145.48,143.56,144.2,613473.3,88572595.6668,39757660.4001
2025-11-14 04:00:00+00:00,144.21,144.3,138.48,141.81,3153617.71,445062131.973,187941515.589
2025-11-14 05:00:00+00:00,141.81,143.59,141.31,143.09,1598132.87,227415939.729,110007901.742
2025-11-14 06:00:00+00:00,143.1,144.05,139.88,143.88,1841223.85,261069807.447,129377498.672
2025-11-14 07:00:00+00:00,143.88,144.42,142.31,142.77,1597191.89,228922870.119,117475065.426
2025-11-14 08:00:00+00:00,142.77,142.91,141.3,142.41,1056519.65,150066766.059,70288627.909
2025-11-14 09:00:00+00:00,142.42,143.13,140.4,140.86,1169324.35,165554684.565,78225190.0985
2025-11-14 10:00:00+00:00,140.87,142.88,140.75,141.88,797185.15,113075041.039,59795461.3609
2025-11-14 11:00:00+00:00,141.89,142.15,139.74,140.69,1642738.4,231211596.815,108633502.737
2025-11-14 12:00:00+00:00,140.69,140.7,135.67,138.67,3970919.32,547060340.193,245821778.67
2025-11-14 13:00:00+00:00,138.67,139.72,135.84,138.92,2639706.01,363512398.737,191400138.427
2025-11-14 14:00:00+00:00,138.92,142.78,137.49,142.18,3517691.6,494196716.042,257504013.098
2025-11-14 15:00:00+00:00,142.18,143.72,140.14,142.16,2244015.28,318207910.011,160659408.692
2025-11-14 16:00:00+00:00,142.17,144.2,141.5,143.38,1871860.97,267902148.249,139350220.589
2025-11-14 17:00:00+00:00,143.38,143.91,140.5,141.34,1377089.96,195921224.931,84720823.4577
2025-11-14 18:00:00+00:00,141.35,142.86,140.62,141.22,1095804.75,155128734.363,74832486.9905
2025-11-14 19:00:00+00:00,141.22,143.56,140.88,143.07,1044988.56,148642402.8,78901628.9181
2025-11-14 20:00:00+00:00,143.08,143.17,139.2,139.55,1339826.91,188790466.059,88528681.4982
2025-11-14 21:00:00+00:00,139.56,141.17,139.02,140.59,814530.71,114369337.165,60592901.8858
2025-11-14 22:00:00+00:00,140.59,141.73,139.55,140.27,679765.6,95500854.7625,47185735.9012
2025-11-14 23:00:00+00:00,140.27,140.27,137.13,138.83,1004719.4,139166492.793,65721954.1436
2025-11-15 00:00:00+00:00,138.84,141.26,138.66,141.03,779452.7,109397646.208,59827916.8007
2025-11-15 01:00:00+00:00,141.03,142.27,140.17,141.96,656579.2,92814235.474,50904329.3836
2025-11-15 02:00:00+00:00,141.96,143.12,141.52,143,583276.51,83042219.0776,46346238.8889
2025-11-15 03:00:00+00:00,143.01,143.3,142.33,142.46,644391.02,92006922.4171,42667513.6349
2025-11-15 04:00:00+00:00,142.46,143.03,141.75,142.32,470493.12,66932398.1259,33974644.0169
2025-11-15 05:00:00+00:00,142.33,143.12,142.25,142.77,327460,46727939.5435,23766535.0328
2025-11-15 06:00:00+00:00,142.78,143.51,142.27,142.59,457193.14,65304221.6862,29871530.3824
2025-11-15 07:00:00+00:00,142.6,143.3,142.22,142.67,315874.7,45080515.1188,23006417.1275
2025-11-15 08:00:00+00:00,142.66,142.76,140.39,140.71,698565.68,98780931.3088,44966916.213
2025-11-15 09:00:00+00:00,140.7,141.63,140.44,140.86,490757.46,69206453.6895,35410469.2713
2025-11-15 10:00:00+00:00,140.86,141.33,140.5,141.15,603894.23,85094214.6713,42737072.9256
2025-11-15 11:00:00+00:00,141.14,141.3,139.85,140.11,505717.46,71009373.5784,32876660.7054
2025-11-15 12:00:00+00:00,140.11,140.95,139.9,140.8,489777.18,68786237.968,35243489.1689
2025-11-15 13:00:00+00:00,140.8,141.88,140.53,141.58,617227.91,87273996.0688,44986910.1895
2025-11-15 14:00:00+00:00,141.57,141.65,140.66,141.39,419141.48,59173856.4683,28186455.7807
2025-11-15 15:00:00+00:00,141.38,142.19,141.15,141.64,433470.6,61421063.1942,32627184.0598
2025-11-15 16:00:00+00:00,141.63,142.74,140.71,142.67,621200.79,87982818.7535,50635963.4476
2025-11-15 17:00:00+00:00,142.66,144.64,142.39,143.39,1291269.64,185086063.174,103716274.447
2025-11-15 18:00:00+00:00,143.38,143.39,142.1,142.43,410697.4,58619821.6955,25865836.7294
2025-11-15 19:00:00+00:00,142.43,142.84,141.61,141.7,471922.25,67075084.1585,32764831.0432
2025-11-15 20:00:00+00:00,141.69,141.9,140.02,140.34,873173.63,123058745.537,59931160.3359
2025-11-15 21:00:00+00:00,140.34,140.76,138.51,138.91,786004.86,109717231.712,51948849.4247
2025-11-15 22:00:00+00:00,138.9,139.93,138.56,139.76,531421.17,74016297.5946,40625648.6653
2025-11-15 23:00:00+00:00,139.75,140.13,139.39,139.55,299013.49,41794161.4046,22361718.6897
2025-11-16 00:00:00+00:00,139.54,139.73,138.54,139.16,437266.13,60826740.9664,30211781.1079
2025-11-16 01:00:00+00:00,139.16,139.45,137.28,138.71,1011865.99,140004032.957,60480148.9388
2025-11-16 02:00:00+00:00,138.7,140.78,138.35,140.77,819320.77,114552282.323,71115197.7092
2025-11-16 03:00:00+00:00,140.77,141.42,140.21,141.32,507402.25,71510448.911,39180497.0174
2025-11-16 04:00:00+00:00,141.32,141.54,140.63,141.26,323877.19,45689486.9635,22342551.1981
2025-11-16 05:00:00+00:00,141.25,142.16,141.17,141.4,525784.39,74500014.5983,41327864.5445
2025-11-16 06:00:00+00:00,141.39,142.09,141.25,141.6,312182.22,44273507.089,20143811.2479
2025-11-16 07:00:00+00:00,141.61,142.44,141.13,142.22,399895.11,56680637.5062,30559153.3963
2025-11-16 08:00:00+00:00,142.23,142.55,141.55,142.14,357773.16,50793768.8731,24337847.9415
2025-11-16 09:00:00+00:00,142.14,143.33,141.29,143.19,722035.09,102769089.146,54819371.5512
2025-11-16 10:00:00+00:00,143.19,143.28,142.63,142.86,493928.69,70624363.4788,32331990.258
2025-11-16 11:00:00+00:00,142.86,143.06,139.45,139.87,1614360.48,227138953.899,98059945.1902
2025-11-16 12:00:00+00:00,139.87,140.58,139.02,139.98,1131869.86,158421022.222,80141610.0771
2025-11-16 13:00:00+00:00,139.97,140.54,138.69,139.38,858320.42,119887508.318,59722404.0951
2025-11-16 14:00:00+00:00,139.38,140.79,139.35,140.34,538599.74,75415192.1453,41760717.2775
2025-11-16 15:00:00+00:00,140.34,140.4,137.03,137.36,1183633.57,163866842.064,66333678.8629
2025-11-16 16:00:00+00:00,137.36,138.16,135.23,135.64,2303046.64,314521705.303,153118579.832
2025-11-16 17:00:00+00:00,135.63,136.36,134.3,135.74,1690036.83,228903705.126,102804849.116
2025-11-16 18:00:00+00:00,135.73,138.47,135.15,135.77,1973409.15,269956624.623,133045358.111
2025-11-16 19:00:00+00:00,135.76,137.98,135.65,136.79,1290280.65,176928303.656,91446401.0863
2025-11-16 20:00:00+00:00,136.79,138.12,136.56,136.59,506806.41,69600485.8964,28642938.373
2025-11-16 21:00:00+00:00,136.59,136.71,135.35,136.38,751639.69,102174639.854,47611037.0115
2025-11-16 22:00:00+00:00,136.38,137.91,135.03,137.24,915313.58,124779244.365,63673425.9171
2025-11-16 23:00:00+00:00,137.25,138.09,134.74,137.12,2004007.33,274018735.185,141467999.431
2025-11-17 00:00:00+00:00,137.12,139.46,136.02,139.12,1591133.4,219776227.825,115615609.113
2025-11-17 01:00:00+00:00,139.12,139.42,138.1,138.2,830001.95,115159552.452,54035586.9189
2025-11-17 02:00:00+00:00,138.21,139.32,137.9,138.84,571140.71,79231338.9517,42729619.5595
2025-11-17 03:00:00+00:00,138.84,140.6,138.8,140.21,750770.43,105081076.891,58802431.0944
2025-11-17 04:00:00+00:00,140.22,140.76,139.61,140.31,646473.43,90644408.2348,49020636.526
2025-11-17 05:00:00+00:00,140.31,140.76,139.78,140.55,452425.1,63452602.9756,29220262.5235
2025-11-17 06:00:00+00:00,140.55,141.52,140.05,141.32,638740.88,89985629.2511,42655981.2884
2025-11-17 07:00:00+00:00,141.33,141.8,141.04,141.26,576334.58,81533288.8747,39445345.0763
2025-11-17 08:00:00+00:00,141.26,141.72,140.91,141.28,1031436.97,145672429.78,68767231.2208
2025-11-17 09:00:00+00:00,141.29,142.55,140.86,141.92,957008.3,135568729.932,68412843.8988
2025-11-17 10:00:00+00:00,141.92,142.45,141.7,142.19,444780.21,63192874.7789,30074967.6828
2025-11-17 11:00:00+00:00,142.19,142.74,141.61,141.8,599438.18,85232374.5784,37067722.3489
2025-11-17 12:00:00+00:00,141.8,142.6,141.5,141.73,733261.93,104050361.821,52315212.9953
2025-11-17 13:00:00+00:00,141.73,141.94,137.06,137.96,2533442.6,352997524.299,154613323.162
2025-11-17 14:00:00+00:00,137.96,143.3,136.69,140.08,4159909.01,581845542.556,298623677.217
2025-11-17 15:00:00+00:00,140.09,140.75,136.73,137.06,2637047.6,364361910.382,177409411.389
2025-11-17 16:00:00+00:00,137.06,137.11,133.16,135.8,3893968.4,525556833.819,256107546.444
2025-11-17 17:00:00+00:00,135.79,135.86,131.61,131.95,2494367.75,332566047.441,146232424.181
2025-11-17 18:00:00+00:00,131.95,133.05,130.31,130.44,2354664.69,309517437.773,150648093.996
2025-11-17 19:00:00+00:00,130.44,131.23,129.3,129.58,2909819.08,378601419.326,186715411.246
2025-11-17 20:00:00+00:00,129.58,130.81,128.7,130.19,2154288.36,279682203.655,141371497.662
2025-11-17 21:00:00+00:00,130.19,130.94,129.71,130.59,1145563.28,149369200.828,79376089.8507
2025-11-17 22:00:00+00:00,130.6,131.88,130.2,131.22,1055644.99,138501928.948,83673002.7411
2025-11-17 23:00:00+00:00,131.23,131.7,130.17,130.9,892658.63,116776259.769,58095100.5723
2025-11-18 00:00:00+00:00,130.9,131.48,128.9,131.24,1494504.24,194877580.511,98405568.9305
2025-11-18 01:00:00+00:00,131.23,132.33,130.87,131.89,1274954.23,167836754.53,78050213.1306
2025-11-18 02:00:00+00:00,131.89,134.65,130.39,132.34,2460598.09,326617558.876,165723165.765
2025-11-18 03:00:00+00:00,132.34,135.19,131.33,134.45,2692112.97,358408637.986,168979558.704
2025-11-18 04:00:00+00:00,134.46,136.08,132.43,135.47,2415703.35,323059105.759,162181546.607
2025-11-18 05:00:00+00:00,135.48,136.64,134.85,135.86,1394791.53,189415803.771,86835773.9931
2025-11-18 06:00:00+00:00,135.85,136.99,134.93,135.62,1423403.86,193398779.211,102163080.862
2025-11-18 07:00:00+00:00,135.62,137.76,134.92,136.83,2430421.42,332476020.024,166668698.868
2025-11-18 08:00:00+00:00,136.84,138.18,136.82,137.66,1343642.59,184758447.762,101751835.284
2025-11-18 09:00:00+00:00,137.66,138.1,136.36,137.77,1116619.79,153118337.738,74690998.0642
2025-11-18 10:00:00+00:00,137.77,139.06,137.51,137.9,1081154.22,149295801.569,75762717.0161
2025-11-18 11:00:00+00:00,137.9,138.12,137.18,137.79,621654.06,85632597.2032,39069415.4407
2025-11-18 12:00:00+00:00,137.79,138.5,136.88,138.12,1006598.47,138623306.697,73297647.9219
2025-11-18 13:00:00+00:00,138.13,138.34,136.75,138.24,1212314.02,166752106.913,78911587.3143
2025-11-18 14:00:00+00:00,138.24,139.84,137.42,137.42,2111795.09,292847815.039,150943400.068
2025-11-18 15:00:00+00:00,137.42,142.08,137.12,139.63,3370718.67,471904003.027,243303691.456
2025-11-18 16:00:00+00:00,139.64,141.91,138.67,140.98,2761220.48,387571025.179,193338125.82
2025-11-18 17:00:00+00:00,140.99,141.09,139.21,139.96,982015.61,137566775.972,61954340.2519
2025-11-18 18:00:00+00:00,139.96,141.75,139.89,141.39,801148.63,112974123.96,60019852.4181
2025-11-18 19:00:00+00:00,141.39,142.07,140.83,141.38,669716.13,94688059.0946,48544519.7671
2025-11-18 20:00:00+00:00,141.38,142.06,141.01,141.03,776501.75,109922761.423,59822326.3364
2025-11-18 21:00:00+00:00,141.03,141.5,139.58,139.69,787528.05,110648242.023,51543185.9164
2025-11-18 22:00:00+00:00,139.69,141.78,139.64,141.34,552450.18,77805145.0026,38523376.0779
2025-11-18 23:00:00+00:00,141.34,141.52,140.37,140.61,387801.71,54640136.0471,22659925.8279
2025-11-19 00:00:00+00:00,140.61,141.54,139.2,141.05,928137.44,130137860.902,61548232.9546
2025-11-19 01:00:00+00:00,141.06,141.73,139.71,140.3,728852.38,102508946.176,46648739.2203
2025-11-19 02:00:00+00:00,140.3,142.75,139.94,142.09,774284.06,109578887.411,60375203.4099
2025-11-19 03:00:00+00:00,142.09,142.36,139.33,139.7,1031323.2,145031732.402,66033926.9139
2025-11-19 04:00:00+00:00,139.7,140.18,138.35,138.6,1055726.58,146848701.281,67199335.8125
2025-11-19 05:00:00+00:00,138.6,139.08,137.04,137.94,1747874.08,241058563.414,115677643.854
2025-11-19 06:00:00+00:00,137.94,139.28,137.53,138.98,926609.75,128289488.218,73598713.1776
2025-11-19 07:00:00+00:00,138.97,141.05,138.89,140.49,1055748.04,147827155.7,78353940.7973
2025-11-19 08:00:00+00:00,140.49,140.96,139.71,140.11,714502.26,100247399.257,47605139.3014
2025-11-19 09:00:00+00:00,140.1,140.14,138.89,139.64,781156.51,108906351.468,47002561.0591
2025-11-19 10:00:00+00:00,139.63,140.26,139.13,139.47,473017.31,66048295.7506,30205191.8365
2025-11-19 11:00:00+00:00,139.47,139.76,138.3,138.49,556328.64,77334560.9132,34177825.5591
2025-11-19 12:00:00+00:00,138.49,139.13,138.07,138.85,569716.89,78975715.9313,43795219.0234
2025-11-19 13:00:00+00:00,138.85,138.88,136.51,136.66,1005636.69,138434826.51,62177291.5424
2025-11-19 14:00:00+00:00,136.65,137.78,135.85,137.12,2259390.71,308718700.673,147254126.449
2025-11-19 15:00:00+00:00,137.12,138.99,134.29,134.51,3063729.1,417689604.772,202763928.325
2025-11-19 16:00:00+00:00,134.51,135.37,132.77,133.3,2701570.27,361822875.753,181087318.858
2025-11-19 17:00:00+00:00,133.29,133.74,131.25,132.12,1921893.92,254275367.928,127044430.272
2025-11-19 18:00:00+00:00,132.12,132.43,130.44,131.38,1469374.42,192876183.559,92090300.3139
2025-11-19 19:00:00+00:00,131.38,132.04,130.73,131.64,1001213.82,131440309.128,67936497.0213
2025-11-19 20:00:00+00:00,131.64,133.45,131.26,133.1,1503004.13,199068780.494,104750985.885
2025-11-19 21:00:00+00:00,133.1,135.92,132.6,135.33,2063688.2,278055779.804,148736054.012
2025-11-19 22:00:00+00:00,135.33,135.6,134.06,135.46,648929.55,87560081.3488,41265403.7762
2025-11-19 23:00:00+00:00,135.46,136.98,135.27,136.96,963406.02,131464505.156,62962355.2842
2025-11-20 00:00:00+00:00,136.95,138.05,136.26,137.62,955353.93,131087515.582,65122142.3674
2025-11-20 01:00:00+00:00,137.61,139.73,137.36,139.58,1382531.04,192019086,103647386.207
2025-11-20 02:00:00+00:00,139.57,144.17,139.26,143.61,4029044.91,574220620.714,309874594.319
2025-11-20 03:00:00+00:00,143.61,144.4,142.9,143.12,1255945.75,180373992.71,84327038.3789
2025-11-20 04:00:00+00:00,143.12,144.7,142.35,144.59,1247781.8,178899602.013,96161042.3628
2025-11-20 05:00:00+00:00,144.59,144.78,143.56,144.06,685557.36,98767333.2464,49487277.8358
2025-11-20 06:00:00+00:00,144.05,144.3,142.13,142.78,994144.58,142328937.127,60394849.7234
2025-11-20 07:00:00+00:00,142.78,143.98,142.65,143.74,739446.16,105945079.87,58908912.3003
2025-11-20 08:00:00+00:00,143.73,143.91,142.91,143.36,545826.69,78281264.3076,41835617.4727
2025-11-20 09:00:00+00:00,143.35,143.38,141.32,141.98,1141680.78,162303250.431,71113415.9716
2025-11-20 10:00:00+00:00,141.99,142.3,141.04,142.21,699022.21,99065235.6752,52365053.5683
2025-11-20 11:00:00+00:00,142.21,142.47,141.49,142.05,408349.3,57971119.9158,30411133.8842
2025-11-20 12:00:00+00:00,142.05,142.35,141.3,141.96,626646.5,88889525.2288,40694651.9265
2025-11-20 13:00:00+00:00,141.97,143.44,140.47,140.67,1868509.85,265003068.591,134950742.692
2025-11-20 14:00:00+00:00,140.67,141.49,138.9,140.87,2641093.56,370596746.968,185592971.09
2025-11-20 15:00:00+00:00,140.87,141.05,138.24,138.51,1892191.03,264057359.335,123611240.769
2025-11-20 16:00:00+00:00,138.52,138.7,131.47,132.54,7559689.71,1012664264.45,476334815.825
2025-11-20 17:00:00+00:00,132.53,133.03,131.03,132.69,3373448.14,445407222.652,216500635.499
2025-11-20 18:00:00+00:00,132.69,134.48,131.88,132.47,2589549.67,345025105.302,165136382.537
2025-11-20 19:00:00+00:00,132.47,134.37,131.5,133.82,2095906.4,278058961.737,137886950.559
2025-11-20 20:00:00+00:00,133.83,134.59,132.53,133.6,2457484.11,328416012.585,174907747.116
2025-11-20 21:00:00+00:00,133.6,135.2,133.45,134.02,1383756.9,185763220.579,98809902.4618
2025-11-20 22:00:00+00:00,134.01,136.59,133.85,136.34,908470.37,123134970.195,64927885.4785
2025-11-20 23:00:00+00:00,136.35,136.46,133.19,133.6,1442881.95,193895289.388,86668098.2161
2025-11-21 00:00:00+00:00,133.61,134.99,133.55,134.11,1007690.78,135365570.517,65611996.8345
2025-11-21 01:00:00+00:00,134.11,134.98,133.52,134.16,733757.79,98573517.4567,46656515.0191
2025-11-21 02:00:00+00:00,134.17,134.59,131,131.32,2006218.74,266411943.053,106283844.312
2025-11-21 03:00:00+00:00,131.32,133.59,131.3,132.55,1367922.69,181453266.57,93288198.7656
2025-11-21 04:00:00+00:00,132.55,133.01,130.38,132.59,1428477.29,188014075.323,89964799.974
2025-11-21 05:00:00+00:00,132.59,133.05,131.51,132.03,824136.33,109072408.366,52847751.7088
2025-11-21 06:00:00+00:00,132.04,132.31,130.42,130.79,1199775.84,157345941.665,68271125.4958
2025-11-21 07:00:00+00:00,130.79,131.32,121.02,127.43,6937732.55,880416533.589,380680505.872
2025-11-21 08:00:00+00:00,127.44,129.33,126.75,127.96,2427574.73,311018901.361,151845125.697
2025-11-21 09:00:00+00:00,127.96,128.81,125.36,125.42,2840471.01,360524887.947,152884581.033
2025-11-21 10:00:00+00:00,125.43,126.54,124.72,125.01,4028054.75,505771004.74,252084495.09
2025-11-21 11:00:00+00:00,125.01,126.27,123.71,124.24,2400115.35,300239841.479,151541506.891
2025-11-21 12:00:00+00:00,124.24,127.19,121.55,126.15,5630325.49,701324055.994,350558644.773
2025-11-21 13:00:00+00:00,126.16,128.21,125.44,127.09,2695696.81,342172689.085,168238380.589
2025-11-21 14:00:00+00:00,127.09,129.5,126.07,128.5,3252002.47,415965179.915,212022690.622
2025-11-21 15:00:00+00:00,128.5,128.88,124.7,125.34,3466907.16,438510737.595,197223317.314
2025-11-21 16:00:00+00:00,125.34,128.76,123.5,128.57,4132708.42,518842000.063,268674092.146
2025-11-21 17:00:00+00:00,128.56,130.54,128.26,129.15,2694019.83,349040728.675,170240077.386
2025-11-21 18:00:00+00:00,129.16,130.32,126.47,129.46,2524982.43,324195628.426,161068009.009
2025-11-21 19:00:00+00:00,129.46,129.81,127.46,128.05,1268738.19,163361173.2,77620145.1201
2025-11-21 20:00:00+00:00,128.04,128.33,125.87,127.07,1942055.5,246652786.947,123011081.248
2025-11-21 21:00:00+00:00,127.08,129.22,126.57,128.78,1187142.24,151905193.573,78499679.6703
2025-11-21 22:00:00+00:00,128.78,129.28,125.32,125.38,1169823.58,148827269.514,64478806.9397
2025-11-21 23:00:00+00:00,125.38,128.8,125,128.61,1505314.92,191413263.531,101346229.666
2025-11-22 00:00:00+00:00,128.6,129.36,127.89,128.4,950799.03,122335877.293,57435833.8803
2025-11-22 01:00:00+00:00,128.39,129.87,128.31,129.4,720595.32,93119327.1674,48684149.83
2025-11-22 02:00:00+00:00,129.4,129.55,127.18,127.98,870357.23,111623647.648,50666310.1994
2025-11-22 03:00:00+00:00,127.98,128.37,126.74,127.07,644704.52,82175205.9362,42731302.9609
2025-11-22 04:00:00+00:00,127.06,127.35,125.57,126.91,1093561.4,138195534.242,67225386.1202
2025-11-22 05:00:00+00:00,126.9,127.23,125.28,126.14,884577.32,111428131.482,52105178.7032
2025-11-22 06:00:00+00:00,126.15,128.23,125.23,127.99,1123321.72,142571146.666,75599797.3311
2025-11-22 07:00:00+00:00,127.99,128.32,127.27,127.65,680883.65,87007977.2191,39920538.9777
2025-11-22 08:00:00+00:00,127.65,127.67,125.4,125.82,1226578.3,154715768.659,68399962.5361
2025-11-22 09:00:00+00:00,125.83,127.48,125.58,126.38,913535.26,115587792.324,60854096.4437
2025-11-22 10:00:00+00:00,126.37,127.13,125.41,125.83,691808.44,87241760.2118,42700054.5832
2025-11-22 11:00:00+00:00,125.84,127.42,125.17,126.61,856565,108369724.049,56807470.334
2025-11-22 12:00:00+00:00,126.61,126.66,125.1,125.74,798770.35,100448835.837,49359519.8634
2025-11-22 13:00:00+00:00,125.74,126.34,125,125.53,681595.93,85603209.9012,43344950.6993
2025-11-22 14:00:00+00:00,125.54,127.45,125.44,127.04,1013129.73,128301339.006,61696488.4128
2025-11-22 15:00:00+00:00,127.04,127.79,126.04,127.06,886735.23,112539316.73,57575687.6855
2025-11-22 16:00:00+00:00,127.06,128.55,126.78,128.11,919038.4,117454810.418,63971777.4254
2025-11-22 17:00:00+00:00,128.12,128.38,127.18,127.5,1287995.89,164510761.96,84057100.3077
2025-11-22 18:00:00+00:00,127.51,128,127.31,127.69,307136.37,39206959.667,20283750.767
2025-11-22 19:00:00+00:00,127.7,128.03,126.7,127.12,434844.78,55333765.5029,24118813.5527
2025-11-22 20:00:00+00:00,127.13,127.59,126.01,126.37,576741.53,73084950.956,38274683.1671
2025-11-22 21:00:00+00:00,126.37,126.78,126.04,126.58,302489.95,38228262.5902,20082513.2321
2025-11-22 22:00:00+00:00,126.58,128.84,126.13,128.15,663034.22,84598009.2664,47939167.6137
2025-11-22 23:00:00+00:00,128.14,128.41,127.23,127.5,502412.86,64190586.6799,29095772.0806
2025-11-23 00:00:00+00:00,127.5,128.59,127.48,127.94,495581.22,63459645.6486,34179058.6503
2025-11-23 01:00:00+00:00,127.95,129.8,127.79,129.34,812113.93,104732651.208,57378892.856
2025-11-23 02:00:00+00:00,129.35,130.74,129,129.93,1045932.97,135974778.707,68145239.7568
2025-11-23 03:00:00+00:00,129.93,130.32,129.27,129.86,522413.66,67766363.4189,35936521.4653
2025-11-23 04:00:00+00:00,129.86,131.84,129.84,130.63,1097080.55,143584615.104,79603237.1282
2025-11-23 05:00:00+00:00,130.63,130.84,130.1,130.45,517575.21,67515929.9159,32420528.2541
2025-11-23 06:00:00+00:00,130.46,130.83,129.06,129.28,727680.12,94444702.4058,42783082.1947
2025-11-23 07:00:00+00:00,129.28,129.36,128.01,128.78,926812.48,119219441.732,52381170.5045
2025-11-23 08:00:00+00:00,128.78,129.69,128.73,129.58,636788.12,82267668.3346,42614946.5477
2025-11-23 09:00:00+00:00,129.59,131.12,129.34,130,973120.43,126565656.849,74067476.4979
2025-11-23 10:00:00+00:00,130.01,130.12,129.32,129.88,551631.6,71570580.5358,33432764.8958
2025-11-23 11:00:00+00:00,129.88,129.92,128.91,129.66,523568.03,67783224.4922,32147022.7294
2025-11-23 12:00:00+00:00,129.66,131.64,129.57,130.78,1246234.05,163036894.078,84545061.7475
2025-11-23 13:00:00+00:00,130.77,131.66,130.26,131.5,719735.71,94215982.3737,50295244.4441
2025-11-23 14:00:00+00:00,131.49,132.7,130.41,130.68,1200785.67,157902698.155,79370248.7229
2025-11-23 15:00:00+00:00,130.68,133.12,130.33,132.82,1262876.98,166600535.567,95890696.3113
2025-11-23 16:00:00+00:00,132.82,133.38,131.66,131.7,1192309.75,157957875.441,75066027.4851
2025-11-23 17:00:00+00:00,131.71,131.84,130.75,131.31,1228446.87,161216149.637,80818960.4358
2025-11-23 18:00:00+00:00,131.31,132.88,131.3,132.12,780042.6,103083821.493,52296038.9263
2025-11-23 19:00:00+00:00,132.13,133.02,131.9,132.3,753509.6,99912702.7502,46959877.6888
2025-11-23 20:00:00+00:00,132.3,132.79,132,132.54,391876.06,51887529.4503,27737798.0869
2025-11-23 21:00:00+00:00,132.54,133.5,131.41,133.06,640592.82,84828666.2818,43978850.6139
2025-11-23 22:00:00+00:00,133.07,133.25,132.18,132.58,533906.37,70798968.7856,36274973.524
2025-11-23 23:00:00+00:00,132.59,132.8,130.4,130.51,1064615.45,139575103.717,65690039.5119
2025-11-24 00:00:00+00:00,130.52,132.05,129.22,130.71,1610386.83,210187638.096,100555160.839
2025-11-24 01:00:00+00:00,130.7,131.68,129.88,131.43,958722.71,125303559.964,62557574.7729
2025-11-24 02:00:00+00:00,131.42,134.33,131.33,133.34,1799974.35,239674861.236,125224415.104
2025-11-24 03:00:00+00:00,133.33,134.37,132.77,133.37,788760.8,105346723.181,57588688.4594
2025-11-24 04:00:00+00:00,133.37,133.48,130.51,131.32,1398132.81,184058419.106,84046146.3278
2025-11-24 05:00:00+00:00,131.32,133.87,131.14,132.86,1286146.74,170943065.054,92578723.1379
2025-11-24 06:00:00+00:00,132.86,132.95,130.58,131.08,1265609.53,166232441.426,75604360.8854
2025-11-24 07:00:00+00:00,131.07,131.33,130.1,130.2,1049669.03,137088460.719,72292271.1901
2025-11-24 08:00:00+00:00,130.2,130.65,129.52,130.47,1434410.17,186406182.706,91081853.8525
2025-11-24 09:00:00+00:00,130.47,130.59,128.34,128.82,1325140.82,171084565.618,76725201.3316
2025-11-24 10:00:00+00:00,128.81,129.4,128.68,129.16,603839.41,77917293.7105,42221880.378
2025-11-24 11:00:00+00:00,129.16,129.87,128.68,129.56,529147.85,68406539.8698,37236995.8441
2025-11-24 12:00:00+00:00,129.55,129.94,128.91,129.45,578452,74860237.3357,35923004.9898
2025-11-24 13:00:00+00:00,129.44,130.55,129.31,129.65,772597.95,100438424.163,54687937.9069
2025-11-24 14:00:00+00:00,129.65,131.54,128.43,130.7,2132820.32,277063587.403,132688166.169
2025-11-24 15:00:00+00:00,130.71,132.55,129.97,131.89,1973683.71,259168421.822,127066107.348
2025-11-24 16:00:00+00:00,131.88,134.38,131.77,133.64,2174805.42,289585019.545,145460404.289
2025-11-24 17:00:00+00:00,133.64,137.15,133.52,136.86,3126844.89,423539608.324,228048791.722
2025-11-24 18:00:00+00:00,136.87,137.94,136.39,137.32,1517670.21,208255335.484,99766951.9914
2025-11-24 19:00:00+00:00,137.31,137.73,136.59,137.19,1037439.97,142252577.194,70280932.3398
2025-11-24 20:00:00+00:00,137.19,139.26,137.19,138.9,1938649.87,268615686.528,146316218.577
2025-11-24 21:00:00+00:00,138.89,139.1,137.94,138.89,814011.11,112766661.853,54317242.7838
2025-11-24 22:00:00+00:00,138.88,139.78,138.35,138.96,709747.93,98698697.5417,48133030.7374
2025-11-24 23:00:00+00:00,138.95,139.13,138.14,138.38,528636.13,73300850.4957,29248849.3205
2025-11-25 00:00:00+00:00,138.38,138.95,137.59,138.36,797257.62,110166898.421,55259475.203
2025-11-25 01:00:00+00:00,138.37,138.94,137.71,137.75,551122.74,76185178.3826,36475274.2147
2025-11-25 02:00:00+00:00,137.76,138.33,137.17,138.11,630966.17,86892285.822,43731422.9988
2025-11-25 03:00:00+00:00,138.1,138.6,137.22,137.73,450237.76,62078438.8334,32577532.2776
2025-11-25 04:00:00+00:00,137.73,138.91,137.64,138.48,525327.02,72631237.2521,41415945.4705
2025-11-25 05:00:00+00:00,138.49,138.75,137.8,138.53,398509.34,55139508.0526,27308268.39
2025-11-25 06:00:00+00:00,138.52,138.58,137.35,138.1,478460.16,65967268.9145,33081029.9991
2025-11-25 07:00:00+00:00,138.1,138.13,136.23,136.28,917275.17,125628665.405,54813554.9688
2025-11-25 08:00:00+00:00,136.27,136.65,135,135.39,1110162.38,150875384.565,64125277.8332
2025-11-25 09:00:00+00:00,135.4,136.26,134.66,136.21,1348086.68,182459425.557,89799674.8788
2025-11-25 10:00:00+00:00,136.21,136.75,135.78,136.53,677460.3,92325984.608,49080422.5239
2025-11-25 11:00:00+00:00,136.54,136.64,135.86,136.18,641704.5,87418016.5266,41199730.185
2025-11-25 12:00:00+00:00,136.19,136.9,135.53,136.2,998503.82,136047830.773,66650130.0891
2025-11-25 13:00:00+00:00,136.2,136.88,135.07,135.36,1215994.34,165333156.743,78784820.0327
2025-11-25 14:00:00+00:00,135.37,136.12,133,134.59,2296282.28,308926862.301,147999154.926
2025-11-25 15:00:00+00:00,134.6,135.41,133.37,134.75,1579519.89,212125572.632,108580367.556
2025-11-25 16:00:00+00:00,134.75,136.99,134.44,135.98,1051304.31,142884702.766,73761793.6053
2025-11-25 17:00:00+00:00,135.98,137.94,135.62,136.82,1140160.8,156187260.745,77021112.2122
2025-11-25 18:00:00+00:00,136.83,137.62,136.19,136.24,1622573.29,222409452.269,115757294.976
2025-11-25 19:00:00+00:00,136.24,136.64,134.12,136.61,1227149.94,165958123.757,84810940.0255
2025-11-25 20:00:00+00:00,136.61,137.98,136.16,137.67,984887.02,135166556.138,75440444.1965
2025-11-25 21:00:00+00:00,137.68,138.07,136.91,137.11,623670.58,85758332.9898,39058727.6097
2025-11-25 22:00:00+00:00,137.1,139.52,135.89,138.91,1250115.11,172175907.284,92667156.9781
2025-11-25 23:00:00+00:00,138.9,140.45,138.5,138.9,1122426.27,156606237.854,78446817.8912
2025-11-26 00:00:00+00:00,138.9,139.81,138.73,138.97,526136.82,73287918.8371,35057655.107
2025-11-26 01:00:00+00:00,138.97,140.62,138.51,139.94,801722.62,111939943.655,58484495.8885
2025-11-26 02:00:00+00:00,139.93,140.16,138.97,139.2,573473.3,79985653.323,33840084.4858
2025-11-26 03:00:00+00:00,139.2,139.71,137.84,138.11,792866.3,109932673.376,48178804.54
2025-11-26 04:00:00+00:00,138.11,138.48,137.66,137.95,625248.96,86365640.0699,38598921.8387
2025-11-26 05:00:00+00:00,137.95,139.25,137.91,138.97,458540.65,63579666.9703,40770881.963
2025-11-26 06:00:00+00:00,138.96,139.73,138.36,139.52,605194.96,84108448.6309,43358301.4802
2025-11-26 07:00:00+00:00,139.52,139.9,139.05,139.84,554602.02,77377446.8206,38705191.4624
2025-11-26 08:00:00+00:00,139.84,139.89,137.85,137.89,996473.71,138029137.705,60291964.4235
2025-11-26 09:00:00+00:00,137.89,138.06,136.07,136.64,1956363.34,267849642.463,116064429.964
2025-11-26 10:00:00+00:00,136.65,137.4,136.51,137.18,1064663.54,145825392.55,78566830.1867
2025-11-26 11:00:00+00:00,137.18,137.3,136.51,136.77,344732.9,47174510.9861,24948248.2962
2025-11-26 12:00:00+00:00,136.76,137.04,135.47,135.55,1009854.19,137283454.182,66417284.7658
2025-11-26 13:00:00+00:00,135.54,136.84,135.42,136.67,844495.82,114992706.91,62984856.2979
2025-11-26 14:00:00+00:00,136.66,138.27,135.52,136.24,3589810.43,490994317.481,250710558.723
2025-11-26 15:00:00+00:00,136.23,137.38,135.65,136.59,3033209.05,413680059.677,202353972.575
2025-11-26 16:00:00+00:00,136.6,138.06,136.37,136.98,1445070.46,198396608.738,99406387.4201
2025-11-26 17:00:00+00:00,136.98,140.99,136.64,140.7,2353675.27,327666212.405,165167864.149
2025-11-26 18:00:00+00:00,140.69,144.67,140.61,144.59,3848203.27,549992572.895,290083849.291
2025-11-26 19:00:00+00:00,144.59,144.7,143.63,143.94,1002180.74,144503340.329,69421482.4577
2025-11-26 20:00:00+00:00,143.95,143.98,142.46,142.83,1072688.82,153472069.482,78258396.7474
2025-11-26 21:00:00+00:00,142.84,144.16,142.79,143.46,701533.02,100701872.667,54744755.7467
2025-11-26 22:00:00+00:00,143.46,144,142.72,142.97,550839.99,78949674.7537,34386701.2084
2025-11-26 23:00:00+00:00,142.96,143.36,142.43,142.95,441148.03,63043225.4945,32309396.4762
2025-11-27 00:00:00+00:00,142.95,143.68,142.14,142.77,773257.29,110390288.216,51075053.4637
2025-11-27 01:00:00+00:00,142.77,143.62,142,143.24,715658.31,102145520.699,55636495.5269
2025-11-27 02:00:00+00:00,143.23,144.02,142.72,142.91,843209.13,120906985.414,60006667.045
2025-11-27 03:00:00+00:00,142.92,143.64,142.25,142.45,658833.14,94123941.5944,41640149.7795
2025-11-27 04:00:00+00:00,142.46,142.95,142.22,142.78,376222.28,53656845.5193,30882446.819
2025-11-27 05:00:00+00:00,142.77,143.41,142.47,142.7,460010.96,65704624.8127,33346604.7002
2025-11-27 06:00:00+00:00,142.7,144.1,142.68,143.87,652151.78,93576566.3699,55312354.7446
2025-11-27 07:00:00+00:00,143.87,144.22,143.51,143.67,413131.98,59413475.1782,26977551.8181
2025-11-27 08:00:00+00:00,143.67,143.83,142.03,142.5,1014565.67,144709988.388,64985373.2306
2025-11-27 09:00:00+00:00,142.5,142.99,141.53,141.64,846465.68,120429046.992,52131259.6589
2025-11-27 10:00:00+00:00,141.64,142.25,141.41,142.2,593301.32,84108393.3277,42598044.3579
2025-11-27 11:00:00+00:00,142.21,142.24,141.57,141.98,377424.53,53563153.1169,23093594.8484
2025-11-27 12:00:00+00:00,141.98,142.09,140.93,141.07,585107.19,82725859.7066,40152632.4361
2025-11-27 13:00:00+00:00,141.07,141.46,140.62,141.18,677548.82,95593932.7043,46103382.262
2025-11-27 14:00:00+00:00,141.18,141.77,140.8,141.18,510184.47,72058818.9625,37947360.4575
2025-11-27 15:00:00+00:00,141.19,142.48,141.01,142.07,665321.19,94320372.2535,52461320.5231
2025-11-27 16:00:00+00:00,142.07,142.39,141.5,142.1,749498.94,106342210.655,52727071.739
2025-11-27 17:00:00+00:00,142.1,142.16,141.33,141.51,489806.81,69434523.2209,31517998.1626
2025-11-27 18:00:00+00:00,141.52,143.14,141.42,142.84,759538.75,108096706.993,64523864.8167
2025-11-27 19:00:00+00:00,142.84,142.85,142.14,142.62,306722.71,43707020.7588,19227649.6295
2025-11-27 20:00:00+00:00,142.62,142.81,142.33,142.39,276217.04,39386760.3858,16597575.1134
2025-11-27 21:00:00+00:00,142.39,142.46,141.69,141.85,419652.1,59617241.7921,22959360.7783
2025-11-27 22:00:00+00:00,141.84,141.95,140.4,140.72,620549.03,87647723.0279,31418223.1382
2025-11-27 23:00:00+00:00,140.72,141.38,140.34,140.77,451049.24,63543371.7439,31580658.8233
2025-11-28 00:00:00+00:00,140.77,141.37,140.42,140.89,458951.84,64614049.6676,32054513.2869
2025-11-28 01:00:00+00:00,140.89,140.95,138.74,138.95,1101771.67,153789241.348,66848599.65
2025-11-28 02:00:00+00:00,138.96,139.54,138.5,139.39,579750.78,80583767.7636,38902236.6327
2025-11-28 03:00:00+00:00,139.38,139.67,139.06,139.58,492894.9,68708265.0587,33339416.4841
2025-11-28 04:00:00+00:00,139.58,140.16,139.45,139.96,429120.14,60009125.132,28507812.4765
2025-11-28 05:00:00+00:00,139.97,140.46,139.75,140.27,481285.61,67479077.6007,39577634.5665
2025-11-28 06:00:00+00:00,140.28,140.28,139.1,139.35,483075.49,67441376.5628,26783734.5701
2025-11-28 07:00:00+00:00,139.36,139.98,138.87,138.88,555497.04,77448588.6736,38305360.7024
2025-11-28 08:00:00+00:00,138.88,141.56,138.84,141.4,979186.9,137426072.995,80310497.0003
2025-11-28 09:00:00+00:00,141.4,142.57,140.94,141.59,1212087.15,171860887.291,81905687.872
2025-11-28 10:00:00+00:00,141.59,142.28,141.46,141.98,452875.99,64234719.0843,32315363.0857
2025-11-28 11:00:00+00:00,141.98,141.98,139.76,140.89,870072.18,122385295.665,55486903.5682
2025-11-28 12:00:00+00:00,140.9,141.49,140.67,140.71,448713.99,63292003.5357,27082669.1789
2025-11-28 13:00:00+00:00,140.72,143.36,140.34,142.44,1144183.41,162432452.214,88643103.5543
2025-11-28 14:00:00+00:00,142.44,143.49,141.66,142.52,1526121.24,217540832.857,102494932.308
2025-11-28 15:00:00+00:00,142.52,143.56,141.26,141.59,2137186.28,304300450.208,147253032.33
2025-11-28 16:00:00+00:00,141.59,141.64,138.69,138.74,1830660.2,256041783.64,124874931.005
2025-11-28 17:00:00+00:00,138.74,138.8,136.65,137.11,2422477.74,333115272.606,157338280.58
2025-11-28 18:00:00+00:00,137.11,137.48,135.87,137.09,1475914.19,201849314.617,107156223.177
2025-11-28 19:00:00+00:00,137.09,137.9,136.95,137.43,550068.65,75646375.9688,39037860.8476
2025-11-28 20:00:00+00:00,137.43,137.89,136.82,137.8,504629.41,69283604.9397,31847751.338
2025-11-28 21:00:00+00:00,137.8,137.94,137.2,137.32,289333.03,39811980.1825,17738385.0997
2025-11-28 22:00:00+00:00,137.31,137.8,136.54,137.73,481065.96,65960709.6703,28572003.4771
2025-11-28 23:00:00+00:00,137.72,138.22,137.19,137.28,348121.49,47931320.2007,19890598.98
2025-11-29 00:00:00+00:00,137.28,137.81,137.06,137.56,257530.04,35400431.2506,19190114.0992
2025-11-29 01:00:00+00:00,137.56,137.77,137.17,137.34,249969.73,34367690.8917,17275488.9335
2025-11-29 02:00:00+00:00,137.35,137.66,136.83,137.14,340661.18,46723360.9244,21337783.4298
2025-11-29 03:00:00+00:00,137.14,137.36,136.64,136.77,280808.73,38464205.3545,17056089.9091
2025-11-29 04:00:00+00:00,136.77,137.68,136.77,137.59,267764.42,36723419.9983,23523235.5061
2025-11-29 05:00:00+00:00,137.6,137.6,137.06,137.13,243726.19,33479865.485,13650528.6441
2025-11-29 06:00:00+00:00,137.13,137.55,136.21,137.03,736260.1,100721517.121,47496550.7523
2025-11-29 07:00:00+00:00,137.03,137.49,136.86,137.22,331837.69,45528479.93,23981700.5802
2025-11-29 08:00:00+00:00,137.23,137.42,136.56,136.93,358764.39,49152725.0982,22233351.1181
2025-11-29 09:00:00+00:00,136.93,137.08,136.55,136.63,300304.91,41069569.7097,16581076.0641
2025-11-29 10:00:00+00:00,136.62,136.96,136.34,136.75,406970.02,55639667.2798,26457539.118
2025-11-29 11:00:00+00:00,136.76,137.32,136.59,137.27,306435.62,41971063.5619,22720261.9142
2025-11-29 12:00:00+00:00,137.27,137.4,136.77,136.85,271578.34,37212836.1489,16621964.9628
2025-11-29 13:00:00+00:00,136.85,137,136.58,136.82,230642.18,31542394.9944,15411931.8755
2025-11-29 14:00:00+00:00,136.83,136.83,136.39,136.45,270527.23,36952431.2335,15343770.3082
2025-11-29 15:00:00+00:00,136.46,137.61,136.46,137.49,568180.91,77940905.0458,43648473.3707
2025-11-29 16:00:00+00:00,137.5,137.77,136.91,137.58,392622.88,53938333.5466,25160590.623
2025-11-29 17:00:00+00:00,137.59,137.99,136.04,136.13,804752.36,110212247.777,47907104.6909
2025-11-29 18:00:00+00:00,136.14,136.3,134.61,135.61,1339167.15,181480432.25,82801348.4322
2025-11-29 19:00:00+00:00,135.62,136.18,135.33,135.63,431731.51,58633625.1307,26897235.2374
2025-11-29 20:00:00+00:00,135.63,136.27,135.26,136.16,336388.92,45668351.154,23434414.5072
2025-11-29 21:00:00+00:00,136.16,136.45,135.68,136.38,222454.46,30263892.7402,16609585.7876
2025-11-29 22:00:00+00:00,136.38,136.39,135.35,135.75,289364.11,39290357.8862,17070700.8713
2025-11-29 23:00:00+00:00,135.75,136.16,135.43,135.84,218935.96,29739207.46,14627496.2042
2025-11-30 00:00:00+00:00,135.85,136.39,135.68,135.9,268928.06,36581218.205,16680384.6024
2025-11-30 01:00:00+00:00,135.91,136.57,135.82,136.25,332797.01,45352753.4798,23476886.8649
2025-11-30 02:00:00+00:00,136.26,136.77,135.79,135.88,460349.8,62763376.8454,33008681.6196
2025-11-30 03:00:00+00:00,135.88,136.45,135.18,136.35,513289.64,69717290.1726,37391329.1344
2025-11-30 04:00:00+00:00,136.36,136.93,136.15,136.28,344215.58,46989303.2534,25783855.7482
2025-11-30 05:00:00+00:00,136.29,136.29,135.5,135.69,333313.31,45257416.2453,19783052.3038
2025-11-30 06:00:00+00:00,135.69,136.44,135.44,136.25,330671.93,45008469.2041,25168646.9549
2025-11-30 07:00:00+00:00,136.24,136.68,136.11,136.44,250412.96,34148560.7473,19039758.9824
2025-11-30 08:00:00+00:00,136.44,137.03,136.05,136.73,507658.48,69353388.927,35922325.9997
2025-11-30 09:00:00+00:00,136.73,137.04,136.37,136.73,352314.55,48155341.6368,24613907.7286
2025-11-30 10:00:00+00:00,136.74,136.89,136.44,136.6,235518.61,32181333.1456,13972468.865
2025-11-30 11:00:00+00:00,136.6,136.84,136.15,136.37,245470.79,33493041.6072,16563239.6247
2025-11-30 12:00:00+00:00,136.37,137.69,136.12,137.5,601508.4,82463777.3913,45290447.7523
2025-11-30 13:00:00+00:00,137.51,140.15,137.25,139.19,2072428.06,288014736.9,147820746.468
2025-11-30 14:00:00+00:00,139.18,139.44,138.09,138.46,789070.33,109409687.647,51568945.4518
2025-11-30 15:00:00+00:00,138.46,138.5,137.4,138.29,578778.11,79824014.2314,37659168.9073
2025-11-30 16:00:00+00:00,138.28,139.79,138.24,139.49,723671.4,100680055.281,52865874.9501
2025-11-30 17:00:00+00:00,139.48,139.49,138.27,138.41,699193.93,97026427.717,44179613.4359
2025-11-30 18:00:00+00:00,138.41,138.58,137.77,138.55,479671.48,66278270.5786,30533445.0114
2025-11-30 19:00:00+00:00,138.55,138.63,137.32,137.58,383746.15,52904432.7977,24067843.7269
2025-11-30 20:00:00+00:00,137.58,137.89,136.82,137.24,403374.16,55367750.8506,27674776.6749
2025-11-30 21:00:00+00:00,137.23,137.37,136.55,136.99,376235.2,51515511.3514,25921615.9753
2025-11-30 22:00:00+00:00,136.99,137.84,136.93,137.68,343585.93,47212595.9466,24837847.4431
2025-11-30 23:00:00+00:00,137.68,137.74,133.16,133.38,2084183.82,281468927.256,123271233.531
2025-12-01 00:00:00+00:00,133.37,133.66,127.4,127.49,4898918.31,638252470.612,282700078.12
2025-12-01 01:00:00+00:00,127.48,129.25,127.37,127.87,1557457.57,199890419.3,104181235.498
2025-12-01 02:00:00+00:00,127.86,128.57,127.38,127.51,1134441.52,145167721.729,68300945.7316
2025-12-01 03:00:00+00:00,127.51,127.51,126.45,126.89,1243051.36,157786070.975,74634875.0172
2025-12-01 04:00:00+00:00,126.89,126.98,126.1,126.3,943726.01,119475248.44,58005564.69
2025-12-01 05:00:00+00:00,126.3,126.5,125.73,126.05,899179.19,113388357.393,55923750.0529
2025-12-01 06:00:00+00:00,126.05,126.77,125.91,126.62,682244.59,86216516.5368,44588847.2875
2025-12-01 07:00:00+00:00,126.62,127.37,126.22,127.33,653554.64,82878079.4166,42336644.9238
2025-12-01 08:00:00+00:00,127.32,127.72,126.88,127.62,644246.68,82044286.825,37516120.5782
2025-12-01 09:00:00+00:00,127.62,127.93,126.78,126.93,717909.31,91316078.5958,42898039.8416
2025-12-01 10:00:00+00:00,126.94,127.48,126.87,127.17,283164.59,36015151.3644,15931947.3115
2025-12-01 11:00:00+00:00,127.17,127.3,126.81,127.05,380262.06,48302488.6642,23814731.0985
2025-12-01 12:00:00+00:00,127.05,127.13,125.35,126.54,1895364.28,239437605.264,109012391.575
2025-12-01 13:00:00+00:00,126.53,127.66,126.06,126.42,1491336.17,189303656.641,91737453.7962
2025-12-01 14:00:00+00:00,126.43,127.02,125.45,126.05,1624509.83,205089195.1,98848134.7062
2025-12-01 15:00:00+00:00,126.05,126.25,123.05,125.05,4024642.75,501231720.777,212029295.807
2025-12-01 16:00:00+00:00,125.06,125.28,123.33,123.48,1759816.88,218534309.338,105394367.787
2025-12-01 17:00:00+00:00,123.49,124.96,123.47,124.4,946286.11,117584227.589,66667804.5573
2025-12-01 18:00:00+00:00,124.39,125.27,123.69,124.47,976529.66,121563778.217,63164584.049
2025-12-01 19:00:00+00:00,124.46,124.55,123.19,123.8,656590.54,81301469.999,38750478.2836
2025-12-01 20:00:00+00:00,123.79,125.31,123.75,124.34,1085562.44,135186860.46,66367158.9163
2025-12-01 21:00:00+00:00,124.34,126.16,124.13,126,1311867.77,164498942.845,92057092.3975
2025-12-01 22:00:00+00:00,126,127.32,125.77,126.74,937136.73,118567940.838,70430778.338
2025-12-01 23:00:00+00:00,126.74,127.31,126.44,126.57,608741.01,77235806.0294,34995850.6021
2025-12-02 00:00:00+00:00,126.57,127.49,126.37,127.27,601991.2,76402106.5166,38429951.307
2025-12-02 01:00:00+00:00,127.28,128.48,126.72,126.94,921700.08,117507177.281,57890718.9659
2025-12-02 02:00:00+00:00,126.94,128.08,126.52,126.89,727573.81,92662071.8046,46761780.1472
2025-12-02 03:00:00+00:00,126.89,127.66,125.95,127.21,975455.76,123665505.202,63050677.4951
2025-12-02 04:00:00+00:00,127.21,127.8,126.82,126.85,479878.88,61106925.0661,29850001.864
2025-12-02 05:00:00+00:00,126.84,127.04,126.42,126.66,362313.7,45915546.6111,25145505.5141
2025-12-02 06:00:00+00:00,126.65,127.8,126.36,127.62,463273.06,58901437.3815,34581352.178
2025-12-02 07:00:00+00:00,127.62,127.64,126.9,127.18,406411.26,51720654.1514,26879503.6121
2025-12-02 08:00:00+00:00,127.17,127.24,125.89,126.09,894376.03,113002040.482,47850905.3786
2025-12-02 09:00:00+00:00,126.08,127.12,126.04,126.68,643249.72,81469972.1417,47101864.972
2025-12-02 10:00:00+00:00,126.68,128.78,126.62,128.23,797764.65,101891015.264,54840179.4868
2025-12-02 11:00:00+00:00,128.22,128.44,127.74,128.23,651121.04,83421661.3376,40819015.2203
2025-12-02 12:00:00+00:00,128.23,128.97,128.09,128.79,797550.8,102542213.332,48030652.7328
2025-12-02 13:00:00+00:00,128.79,130.96,128.33,130.54,2007560.65,261183820.742,135740017.349
2025-12-02 14:00:00+00:00,130.54,133.42,130.3,132.92,2851039.26,376243079.45,209138490.558
2025-12-02 15:00:00+00:00,132.91,141.5,132.87,137.79,6159230.89,840469102.242,444028185.986
2025-12-02 16:00:00+00:00,137.79,139.69,137.32,139.34,3079567.73,426521968.856,207709881.903
2025-12-02 17:00:00+00:00,139.34,140.86,139.21,139.44,1967761.74,275314768.124,142041940.393
2025-12-02 18:00:00+00:00,139.44,140.29,139.33,139.81,1112714.24,155573507.298,79076690.325
2025-12-02 19:00:00+00:00,139.82,140.62,139.72,140.23,799258.37,112010534.036,62000187.9994
2025-12-02 20:00:00+00:00,140.23,140.37,138.16,138.72,1778775.25,247374861.695,115124924.309
2025-12-02 21:00:00+00:00,138.71,139.27,138.33,139.1,551423.06,76542812.2824,43442617.806
2025-12-02 22:00:00+00:00,139.09,139.98,138.85,139.9,610460.19,85123499.0594,46412875.6483
2025-12-02 23:00:00+00:00,139.89,139.9,138.39,138.65,513222.68,71349146.6836,30144634.1543
2025-12-03 00:00:00+00:00,138.65,138.93,137.71,138.13,848089.26,117260456.035,55535065.9642
2025-12-03 01:00:00+00:00,138.12,139.19,137.83,138.81,757139.75,104841443.575,53522545.0431
2025-12-03 02:00:00+00:00,138.81,140.29,138.73,140,910947.55,127261575.153,69193783.0776
2025-12-03 03:00:00+00:00,139.99,140.62,139.72,140.29,618615.53,86760132.3726,46035278.328
2025-12-03 04:00:00+00:00,140.29,142.47,140.13,142.21,1340491.49,189579291.234,108155603.582
2025-12-03 05:00:00+00:00,142.21,143.2,142.08,143,1214675.38,173316007.111,87648522.4164
2025-12-03 06:00:00+00:00,142.99,144.22,142.23,142.4,1512256.17,216406191.44,101520452.28
2025-12-03 07:00:00+00:00,142.39,142.5,141.75,141.82,787539.09,111908931.087,50524298.8651
2025-12-03 08:00:00+00:00,141.83,142.64,141.38,142.09,703205.22,99806238.258,49546496.3666
2025-12-03 09:00:00+00:00,142.08,142.4,141.42,142.02,648418.92,92053109.0481,42013587.4489
2025-12-03 10:00:00+00:00,142.03,142.22,141.09,141.24,610071.38,86393928.024,40025284.5339
2025-12-03 11:00:00+00:00,141.25,141.72,140.66,141.66,641573.49,90603835.1816,45230580.4234
2025-12-03 12:00:00+00:00,141.65,142.04,141.01,141.85,569167.48,80579993.0182,40431446.0166
2025-12-03 13:00:00+00:00,141.85,142.4,141.43,141.79,691396.02,98101751.9907,47132069.4605
2025-12-03 14:00:00+00:00,141.8,143.47,138.61,140.89,4078519.24,574268107.765,266634121.157
2025-12-03 15:00:00+00:00,140.89,142.03,140.08,140.92,1269162.37,178991478.046,92042913.7727
2025-12-03 16:00:00+00:00,140.93,141.77,139.79,140.65,1069606.09,150487682.307,76741422.817
2025-12-03 17:00:00+00:00,140.66,142.03,140.4,141.76,1064472.91,150497483.906,89730337.8909
2025-12-03 18:00:00+00:00,141.77,142.35,140.59,141.11,811332.26,114802660.82,53782829.6015
2025-12-03 19:00:00+00:00,141.12,141.53,140.94,141.23,342983.05,48455638.7789,24506400.4928
2025-12-03 20:00:00+00:00,141.22,142.21,140.67,141.64,759671.87,107404293.389,46346815.7075
2025-12-03 21:00:00+00:00,141.65,146.04,141.55,145.44,1768693.65,254658770.393,157296930.209
2025-12-03 22:00:00+00:00,145.45,145.88,142.92,144.51,2340185.78,337663833.504,177795176.942
2025-12-03 23:00:00+00:00,144.51,145.61,144.41,144.62,1094967.15,158776355.296,83491258.6103
2025-12-04 00:00:00+00:00,144.62,145.35,143.59,144.97,1010090.94,145899898.522,75859219.7523
2025-12-04 01:00:00+00:00,144.97,146.87,144.04,144.09,1651789.04,240334843.786,113600894.644
2025-12-04 02:00:00+00:00,144.1,146.06,143.9,145.53,759973.78,110244792.804,55190960.2051
2025-12-04 03:00:00+00:00,145.53,145.56,144.23,144.58,491366.02,71165601.4543,31080858.3221
2025-12-04 04:00:00+00:00,144.59,144.85,143.64,144.09,477954.57,68883755.5997,31732301.6626
2025-12-04 05:00:00+00:00,144.1,144.17,142.88,143.19,764190.73,109649576.862,49520746.1577
2025-12-04 06:00:00+00:00,143.19,144.25,143.02,143.9,628561.18,90343431.6278,47483030.1898
2025-12-04 07:00:00+00:00,143.9,143.95,142.56,143.38,682759.91,97722962.2284,45560795.3401
2025-12-04 08:00:00+00:00,143.39,144,142.66,142.84,416929.95,59689878.8892,28672528.8241
2025-12-04 09:00:00+00:00,142.84,144.15,142.82,143.86,471501.92,67718056.9703,36386378.2269
2025-12-04 10:00:00+00:00,143.86,144.15,143.23,143.29,358400.28,51474006.4831,24245405.2617
2025-12-04 11:00:00+00:00,143.29,143.45,142.63,142.99,522125.14,74685490.3698,37166700.1643
2025-12-04 12:00:00+00:00,142.99,143.45,142.33,142.85,561134.91,80120496.6411,41312700.9751
2025-12-04 13:00:00+00:00,142.85,143.13,141.74,142.16,985187,140246092.56,66571667.9773
2025-12-04 14:00:00+00:00,142.16,143.3,141.38,141.78,1230749.14,175252147.88,84338829.4992
2025-12-04 15:00:00+00:00,141.78,144.22,141.73,143.14,1578946.65,225738270.658,116325198.016
2025-12-04 16:00:00+00:00,143.13,143.8,142.19,142.56,959839.86,137081289.253,62496040.7707
2025-12-04 17:00:00+00:00,142.56,142.75,141.04,142.1,891270.07,126371468.157,61883933.5841
2025-12-04 18:00:00+00:00,142.1,142.18,140.24,140.68,886581.25,125105086.439,56516513.7582
2025-12-04 19:00:00+00:00,140.69,140.8,137.7,139.6,2154052.52,299664628.673,147739020.604
2025-12-04 20:00:00+00:00,139.6,140.45,139.1,140.27,876230.85,122470875.152,63866838.507
2025-12-04 21:00:00+00:00,140.28,140.36,138.43,138.65,787953.78,109915236.722,43539572.9419
2025-12-04 22:00:00+00:00,138.65,139.71,138.65,139.31,491957.8,68480346.5175,41911121.8282
2025-12-04 23:00:00+00:00,139.31,139.36,138.64,138.96,299973.51,41694024.8127,21919408.5764
2025-12-05 00:00:00+00:00,138.95,139.67,138.81,139.18,452361.73,62976780.3961,37681305.8823
2025-12-05 01:00:00+00:00,139.18,140.21,139.09,139.75,534480.15,74682907.7624,37622409.8946
2025-12-05 02:00:00+00:00,139.75,140.09,139.16,139.73,474627.91,66277596.5727,33703858.6884
2025-12-05 03:00:00+00:00,139.74,140.11,138.21,138.47,751094.44,104455418.911,39340902.6936
2025-12-05 04:00:00+00:00,138.47,139.07,137.99,138.43,605021.65,83762013.1911,46100647.4981
2025-12-05 05:00:00+00:00,138.44,138.68,137.71,137.98,417138.39,57587030.1663,23965228.8069
2025-12-05 06:00:00+00:00,137.99,138.93,137.97,138.81,416618.45,57720703.1792,31711751.5141
2025-12-05 07:00:00+00:00,138.81,140.72,138.69,139.62,1283159.21,179567320.298,96748211.723
2025-12-05 08:00:00+00:00,139.62,139.62,137.7,138.13,1033179.87,142948352.004,62219298.4496
2025-12-05 09:00:00+00:00,138.14,138.22,136.22,136.28,1403825.99,192274839.17,82681798.5374
2025-12-05 10:00:00+00:00,136.27,137.94,136.05,137.66,1180356.05,161854319.672,97037708.7919
2025-12-05 11:00:00+00:00,137.66,138.05,136.81,136.95,597040.93,81996674.6935,36760656.1014
2025-12-05 12:00:00+00:00,136.95,137.07,136.13,136.61,546140.23,74659659.1386,34781313.2497
2025-12-05 13:00:00+00:00,136.62,137,135.7,135.9,1094743.77,149143716.297,72263514.0161
2025-12-05 14:00:00+00:00,135.9,136.28,134.32,134.67,1548234.19,209388361.184,97700989.9434
2025-12-05 15:00:00+00:00,134.66,137.17,134.51,134.96,2261047.06,307192656.988,158678460.181
2025-12-05 16:00:00+00:00,134.95,135.16,131.1,132.13,3339611.11,444016510.15,203109789.479
2025-12-05 17:00:00+00:00,132.13,132.77,131.03,132.07,1442252.82,190412337.861,104581892.466
2025-12-05 18:00:00+00:00,132.07,132.96,131.1,131.27,1152989.48,152251477.545,79327125.1209
2025-12-05 19:00:00+00:00,131.28,132.92,130.5,132.4,944943.4,124398839.417,64213895.9949
2025-12-05 20:00:00+00:00,132.41,132.83,131.88,132.49,535254.39,70841747.9956,30670469.7197
2025-12-05 21:00:00+00:00,132.49,133.11,131.92,132.33,590418.41,78248941.9929,37378808.5441
2025-12-05 22:00:00+00:00,132.34,132.77,132.05,132.65,279001.83,36952430.1556,17481344.9936
2025-12-05 23:00:00+00:00,132.65,133.29,132.2,133.22,377268.03,50095885.9279,28024273.6463
2025-12-06 00:00:00+00:00,133.22,133.64,132.71,133.38,359656.74,47906214.0592,27704080.0382
2025-12-06 01:00:00+00:00,133.39,133.76,133.14,133.42,322622.14,43059540.1572,21908904.2434
2025-12-06 02:00:00+00:00,133.42,133.44,132.78,133.37,307087.79,40854327.9079,20439105.1541
2025-12-06 03:00:00+00:00,133.37,134.07,133.25,133.65,365482.47,48886655.5353,26868697.321
2025-12-06 04:00:00+00:00,133.65,133.67,132.91,133.14,590178.15,78641715.6355,39589732.7163
2025-12-06 05:00:00+00:00,133.14,133.35,132.82,133.01,172911.72,23006935.5479,10010559.5058
2025-12-06 06:00:00+00:00,133,133.17,132.71,132.88,206133.56,27401886.648,13105054.958
2025-12-06 07:00:00+00:00,132.89,133.14,132.46,132.65,277012.73,36794987.0878,15332886.0635
2025-12-06 08:00:00+00:00,132.66,132.8,131.79,131.9,521981.55,69046661.7621,30064642.795
2025-12-06 09:00:00+00:00,131.91,132.76,131.91,132.44,411415.49,54461867.2357,30546779.2457
2025-12-06 10:00:00+00:00,132.43,132.93,132.33,132.63,252765.49,33517466.4741,17465729.5712
2025-12-06 11:00:00+00:00,132.62,133.22,132.6,133.14,293995.69,39096588.1814,18050122.5329
2025-12-06 12:00:00+00:00,133.13,133.14,132.54,132.58,224918.55,29862152.6948,11518331.7538
2025-12-06 13:00:00+00:00,132.57,133.19,132.51,132.88,221506.76,29445528.865,13427243.1363
2025-12-06 14:00:00+00:00,132.87,133.93,132.75,133.66,874417.94,116676908.903,62081904.4667
2025-12-06 15:00:00+00:00,133.65,133.72,132.13,132.8,845014.91,112176406.666,49384094.6905
2025-12-06 16:00:00+00:00,132.81,133.49,132.7,133,497949.61,66289687.6176,36783019.3723
2025-12-06 17:00:00+00:00,133,133.31,132.62,132.91,292546.99,38889632.2383,18174369.0395
2025-12-06 18:00:00+00:00,132.91,133.16,132.54,132.75,235042.38,31222101.5744,16666799.6807
2025-12-06 19:00:00+00:00,132.75,132.92,131.67,132.01,625475.9,82661897.0225,41178334.9545
2025-12-06 20:00:00+00:00,132.01,132.54,131.99,132.41,245368.39,32459427.5964,18762722.5864
2025-12-06 21:00:00+00:00,132.42,132.87,132.16,132.34,291218.18,38574450.8932,19560896.2418
2025-12-06 22:00:00+00:00,132.33,132.56,131.72,132.11,295447.45,39048029.6365,17735574.8242
2025-12-06 23:00:00+00:00,132.1,132.29,131.22,132.14,604805.09,79642813.6418,35088806.1658
2025-12-07 00:00:00+00:00,132.13,132.64,131.85,132.3,356324.53,47129273.9177,23844235.8088
2025-12-07 01:00:00+00:00,132.29,132.73,132.21,132.25,193618.14,25651493.1199,13237724.5278
2025-12-07 02:00:00+00:00,132.24,133.39,132.21,133.19,294394.95,39114435.3803,21764007.2947
2025-12-07 03:00:00+00:00,133.19,133.53,132.94,133.43,233947.27,31166538.3604,14884808.5829
2025-12-07 04:00:00+00:00,133.42,133.46,132.77,132.95,233335.83,31048546.6782,13120237.9465
2025-12-07 05:00:00+00:00,132.96,133.17,132.61,132.75,202320.25,26878246.303,12725411.6594
2025-12-07 06:00:00+00:00,132.75,133.18,132.67,133.02,157547.37,20951852.9639,10561816.7488
2025-12-07 07:00:00+00:00,133.02,133.08,131.83,132.02,422411.53,55878224.4837,24073530.1097
2025-12-07 08:00:00+00:00,132.02,132.53,131.61,131.81,328447.78,43361868.1703,21852030.0482
2025-12-07 09:00:00+00:00,131.81,132.04,131.46,131.83,314532.53,41442166.7575,19565765.1516
2025-12-07 10:00:00+00:00,131.83,132.49,131.62,132.2,312881.2,41318891.3137,22211652.0995
2025-12-07 11:00:00+00:00,132.19,132.46,132.07,132.36,189700.96,25095448.0304,11959769.0393
2025-12-07 12:00:00+00:00,132.36,133,132.28,132.81,319935.95,42446024.4387,24954134.9199
2025-12-07 13:00:00+00:00,132.82,132.94,131.41,131.65,610806.23,80574967.1665,33051972.1164
2025-12-07 14:00:00+00:00,131.64,131.76,127.55,128.07,3544992.02,457648890.877,196136704.891
2025-12-07 15:00:00+00:00,128.06,132.11,127.94,131.93,2054315.6,267085341.012,153128016.71
2025-12-07 16:00:00+00:00,131.93,131.96,130.39,131.89,1152045.5,150934105.279,75592722.5808
2025-12-07 17:00:00+00:00,131.89,135.46,131.19,134.71,2593870.43,347204272.834,188089472.932
2025-12-07 18:00:00+00:00,134.71,136.22,134.7,135.96,1268990.5,172125263.309,85352511.7472
2025-12-07 19:00:00+00:00,135.95,136.1,135.11,135.66,684422.63,92727274.07,42358960.6275
2025-12-07 20:00:00+00:00,135.66,136.33,135.56,136.12,465726.17,63289493.096,33191875.5609
2025-12-07 21:00:00+00:00,136.11,136.11,132.41,133.04,1395918.67,187265187.796,74773219.1438
2025-12-07 22:00:00+00:00,133.04,133.04,129.69,131.15,2139795.24,280646622.288,134188253.237
2025-12-07 23:00:00+00:00,131.15,132.32,130.52,132.16,686948.85,90186891.4429,51261708.5946
2025-12-08 00:00:00+00:00,132.17,132.7,131.41,131.52,662928.12,87474519.6994,43862953.7914
2025-12-08 01:00:00+00:00,131.53,134.4,131.44,133.31,1230824.8,164003712.887,89450625.6297
2025-12-08 02:00:00+00:00,133.3,134.13,133.06,133.96,522714.05,69810000.7166,32456934.5558
2025-12-08 03:00:00+00:00,133.96,134.66,133.67,134.24,544848.47,73067463.9845,37293124.653
2025-12-08 04:00:00+00:00,134.23,135.14,133.98,135,555107.38,74743042.586,35768258.1631
2025-12-08 05:00:00+00:00,134.99,135.38,134.51,135.13,425018.09,57361386.865,29110359.7511
2025-12-08 06:00:00+00:00,135.12,135.97,134.65,135.68,585446.03,79220107.3638,42298252.1474
2025-12-08 07:00:00+00:00,135.68,135.94,134.84,135.79,839248.08,113673028.257,56790202.7616
2025-12-08 08:00:00+00:00,135.78,136.91,135.59,136.66,704100.66,95943316.5693,50443816.7365
2025-12-08 09:00:00+00:00,136.65,138.86,136.61,138.08,1450983.8,200321943.652,99513909.2322
2025-12-08 10:00:00+00:00,138.09,139.3,138,138.68,810281.14,112314839.121,58119023.8174
2025-12-08 11:00:00+00:00,138.68,139.09,138.06,138.33,852258.8,118081252.363,56188744.9593
2025-12-08 12:00:00+00:00,138.33,138.56,137.2,137.78,1607407.25,221369667.958,102484077.741
2025-12-08 13:00:00+00:00,137.79,139.28,137.49,138.07,1333272.68,184448991.382,91923717.4709
2025-12-08 14:00:00+00:00,138.06,138.93,136.81,137.11,1775382.38,244776098.687,118141777.203
2025-12-08 15:00:00+00:00,137.12,137.52,135.15,135.45,2175950.53,296223978.073,141933449.181
2025-12-08 16:00:00+00:00,135.45,136.47,134.75,135.55,1266784.48,171780600.296,88626761.4793
2025-12-08 17:00:00+00:00,135.55,136.23,134.67,135.78,1001120.58,135672720.084,72074552.8081
2025-12-08 18:00:00+00:00,135.78,136.2,132.85,133.54,1465982.64,197438239.56,91944950.365
2025-12-08 19:00:00+00:00,133.54,134.61,133.39,133.57,801689.93,107361495.638,52928026.7719
2025-12-08 20:00:00+00:00,133.58,135,133.32,134.01,991267.59,132918187.003,70417151.6153
2025-12-08 21:00:00+00:00,134.01,134.5,133.12,134.39,893141.93,119636009.938,58531947.3543
2025-12-08 22:00:00+00:00,134.39,134.48,133.28,133.5,352630.74,47192208.9987,23211819.7452
2025-12-08 23:00:00+00:00,133.5,133.72,132.36,133.19,817202.72,108658565.962,58800954.3903
2025-12-09 00:00:00+00:00,133.18,133.53,132.5,132.97,542107.92,72123513.9138,31682005.1735
2025-12-09 01:00:00+00:00,132.97,133.28,132.55,133.05,646870.44,85978528.9349,47964956.2531
2025-12-09 02:00:00+00:00,133.06,133.58,132.66,132.7,537970.65,71672967.7432,38596727.8053
2025-12-09 03:00:00+00:00,132.71,134.36,132.4,134.11,1036455.26,138228498.524,82199994.9935
2025-12-09 04:00:00+00:00,134.11,134.22,132.25,132.57,923309.47,122845490.331,55288307.7818
2025-12-09 05:00:00+00:00,132.57,132.95,131.64,132.05,698259.72,92446856.3701,36992457.2837
2025-12-09 06:00:00+00:00,132.05,132.74,131.9,132.56,437449.21,57880344.456,29400762.6463
2025-12-09 07:00:00+00:00,132.57,133.24,132.3,133.14,442889.53,58818918.8357,30706668.0078
2025-12-09 08:00:00+00:00,133.15,133.37,132.57,133.07,461675.38,61408540.0913,27944861.6167
2025-12-09 09:00:00+00:00,133.06,133.07,132.23,132.26,408845.06,54208261.0283,22201338.399
2025-12-09 10:00:00+00:00,132.26,132.82,131.91,132.68,489354.63,64764780.1827,30523652.8072
2025-12-09 11:00:00+00:00,132.68,132.98,132.37,132.87,314559.71,41740105.762,22351533.1427
2025-12-09 12:00:00+00:00,132.88,133.51,132.64,133.05,534783.36,71183464.0812,38167760.6183
2025-12-09 13:00:00+00:00,133.05,133.23,131.94,132.34,856765.74,113585132.56,53754133.4015
2025-12-09 14:00:00+00:00,132.34,132.78,131.52,132.45,1017540.4,134478509.137,68625285.4926
2025-12-09 15:00:00+00:00,132.45,138.46,132.31,138.42,4028114.36,546173504.197,279740377.867
2025-12-09 16:00:00+00:00,138.42,144.6,138.41,143.64,5880616.38,833150652.589,424664841.759
2025-12-09 17:00:00+00:00,143.64,144.9,142.48,143.1,3020388.77,434185778.613,212550949.553
2025-12-09 18:00:00+00:00,143.1,143.27,141.61,142.46,1291546.75,184047179.62,90924740.0492
2025-12-09 19:00:00+00:00,142.45,142.84,141.67,142.08,657229.27,93515385.9508,44996852.1186
2025-12-09 20:00:00+00:00,142.08,142.3,139.6,140.12,1407052.17,197886678.061,89008549.1184
2025-12-09 21:00:00+00:00,140.12,140.44,136.65,137.7,1387149.2,192045990.658,92625263.7948
2025-12-09 22:00:00+00:00,137.71,139.4,137.38,138.71,1017594.45,140883551.191,77663067.97
2025-12-09 23:00:00+00:00,138.71,138.75,137.62,137.82,625658.29,86476391.934,43027175.9492
2025-12-10 00:00:00+00:00,137.82,138.27,137.12,137.21,622421.65,85677810.2161,42215803.7751
2025-12-10 01:00:00+00:00,137.22,138.39,137.12,137.78,833175.69,114786464.39,65644573.0951
2025-12-10 02:00:00+00:00,137.78,138.04,137.1,137.68,549156.25,75568579.1871,39640513.089
2025-12-10 03:00:00+00:00,137.68,138.56,137.46,138.07,438836.06,60544088.6394,34294497.4223
2025-12-10 04:00:00+00:00,138.07,140.18,137.94,138.99,1050430.21,146098484.901,78333625.338
2025-12-10 05:00:00+00:00,138.98,139.53,138.57,139.09,492355.02,68427960.4726,33902737.4229
2025-12-10 06:00:00+00:00,139.09,139.38,138.63,139.14,393266.07,54698002.9527,25489665.6773
2025-12-10 07:00:00+00:00,139.15,139.16,138.28,139.13,395294.48,54833141.6526,25722012.6949
2025-12-10 08:00:00+00:00,139.14,139.39,138.31,138.42,442523.49,61435830.1331,29381355.0289
2025-12-10 09:00:00+00:00,138.42,139.06,138.04,138.89,663608.91,91921440.2228,42476565.3122
2025-12-10 10:00:00+00:00,138.88,139.8,136.73,136.88,1779496.27,245361322.349,105599180.842
2025-12-10 11:00:00+00:00,136.88,137.44,136.25,137.14,1061870.01,145310917.765,72715244.3716
2025-12-10 12:00:00+00:00,137.14,138.09,136.74,137.82,594493.58,81641156.1866,44062482.0725
2025-12-10 13:00:00+00:00,137.82,138.1,137.41,137.62,503405.66,69349144.8288,33587505.4697
2025-12-10 14:00:00+00:00,137.62,137.69,136.44,137.11,974137.39,133477233.624,69535188.5504
2025-12-10 15:00:00+00:00,137.1,137.59,135.6,136.09,1304621.89,178037800.159,87872878.0507
2025-12-10 16:00:00+00:00,136.08,137.43,135.65,136.05,1534976.6,209311961.849,109759902.896
2025-12-10 17:00:00+00:00,136.05,137.1,135.83,136.75,785886.13,107276734.402,53700039.5675
2025-12-10 18:00:00+00:00,136.75,139.44,136.32,137.63,1880037.15,258967073.41,123670466.136
2025-12-10 19:00:00+00:00,137.62,139.58,136.08,138.6,3922483.18,541952976.849,276009992.682
2025-12-10 20:00:00+00:00,138.61,142.57,137.28,138.28,4426136.9,619749231.27,289435427.347
2025-12-10 21:00:00+00:00,138.27,138.8,136.72,137.08,1591252.67,218919764.656,105457927.717
2025-12-10 22:00:00+00:00,137.08,137.78,135.26,137.55,1229147.3,167825564.769,84892896.8096
2025-12-10 23:00:00+00:00,137.54,137.77,136.05,136.18,626220.56,85748297.3618,41739452.8446
2025-12-11 00:00:00+00:00,136.18,136.35,133.36,133.78,1557499.85,209900782.592,88455989.2308
2025-12-11 01:00:00+00:00,133.78,134.12,132.58,132.81,1194789.23,159257488.882,70144834.1463
2025-12-11 02:00:00+00:00,132.81,132.85,130.46,130.74,1974370.32,259665385.427,112975091.166
2025-12-11 03:00:00+00:00,130.74,130.75,128.91,129.28,1905155.76,247374543.828,111548770.119
2025-12-11 04:00:00+00:00,129.29,131.44,128.92,130.96,1409641.85,183488486.966,104454100.429
2025-12-11 05:00:00+00:00,130.95,131.19,130.37,131.1,669242.15,87564306.4334,42007366.25
2025-12-11 06:00:00+00:00,131.09,131.34,130.25,130.95,596844.28,78102896.3519,36201242.2189
2025-12-11 07:00:00+00:00,130.95,131.28,130.55,130.93,389558.32,51013928.1228,23413498.4979
2025-12-11 08:00:00+00:00,130.93,131.04,130.06,131.01,550137.81,71840177.9698,37283977.7119
2025-12-11 09:00:00+00:00,131,131.32,130.73,130.85,569810.05,74664618.7464,32289083.2503
2025-12-11 10:00:00+00:00,130.85,131.02,130.41,130.73,411653.91,53794619.2096,27430912.7554
2025-12-11 11:00:00+00:00,130.73,131.14,130.67,130.83,274697.89,35954679.5403,17141615.6747
2025-12-11 12:00:00+00:00,130.84,131.83,130.65,131.15,685919.81,90030337.3041,44264825.8927
2025-12-11 13:00:00+00:00,131.15,131.45,130.8,131.25,492113.12,64543535.3456,29381665.5067
2025-12-11 14:00:00+00:00,131.25,131.48,129.68,130.57,2039710.56,266496843.979,131221388.091
2025-12-11 15:00:00+00:00,130.56,132.75,130.23,131.08,1907580.76,250763854.446,124675095.854
2025-12-11 16:00:00+00:00,131.08,131.93,130.02,131.26,1071130.98,140129876.076,66838288.9103
2025-12-11 17:00:00+00:00,131.26,132.49,130.7,132.28,908554.82,119748232.207,63194658.2019
2025-12-11 18:00:00+00:00,132.28,135.51,131.91,134.37,1939476.55,259763674.775,130025709.765
2025-12-11 19:00:00+00:00,134.37,135.41,133.53,133.82,1274652.01,171417169.467,79159938.6345
2025-12-11 20:00:00+00:00,133.81,136.96,133.74,136.04,1338044.23,180895892.169,96361106.4801
2025-12-11 21:00:00+00:00,136.04,137.76,136.01,136.96,2174021.16,297939895.626,144363447.355
2025-12-11 22:00:00+00:00,136.97,137.44,135.77,136.11,1201384.72,164149414.965,66224298.9855
2025-12-11 23:00:00+00:00,136.11,136.73,135.62,136.36,652713.34,88887576.0962,43207300.8236
2025-12-12 00:00:00+00:00,136.36,137.45,135.31,135.47,1022617.37,139529096.899,71019458.6828
2025-12-12 01:00:00+00:00,135.48,137.2,135.48,136.68,784572.46,107075936.63,54456348.0367
2025-12-12 02:00:00+00:00,136.69,137.93,136.47,137.15,679126.13,93216780.5043,48144893.7999
2025-12-12 03:00:00+00:00,137.15,137.44,136.51,137.02,442792.98,60659583.7955,29304654.3658
2025-12-12 04:00:00+00:00,137.02,137.16,136.71,136.99,329601.85,45129226.1511,24104427.8529
2025-12-12 05:00:00+00:00,137,138.92,136.5,138.88,885480.81,121959314.401,71977200.054
2025-12-12 06:00:00+00:00,138.88,140.09,138.6,139.11,1405041.97,195741802.727,100063084.933
2025-12-12 07:00:00+00:00,139.11,139.38,138.75,139.06,479200.64,66640859.155,35424563.6348
2025-12-12 08:00:00+00:00,139.05,139.12,137.53,137.9,944499.88,130519050.031,60569792.097
2025-12-12 09:00:00+00:00,137.9,138.44,137.17,138.2,634106.78,87364614.0153,44071000.7768
2025-12-12 10:00:00+00:00,138.19,138.56,137.91,138.34,391345.14,54083928.6743,26963160.8248
2025-12-12 11:00:00+00:00,138.34,138.74,137.81,138.66,459727.02,63577901.099,29116433.1936
2025-12-12 12:00:00+00:00,138.66,139.82,138.3,139.6,780939.84,108576903.11,60798748.4173
2025-12-12 13:00:00+00:00,139.61,139.61,138.68,138.95,627385.55,87334086.3732,36687290.4593
2025-12-12 14:00:00+00:00,138.95,139.54,138.03,138.42,1060181.68,147166962.195,71219529.2036
2025-12-12 15:00:00+00:00,138.42,138.48,132.7,133.42,4545028.19,615673594.935,282785696.122
2025-12-12 16:00:00+00:00,133.43,133.9,131.43,132.12,3574132.15,473993648.148,249380829.792
2025-12-12 17:00:00+00:00,132.12,133.51,131.27,132.07,1973445.97,261134032.079,134180031.91
2025-12-12 18:00:00+00:00,132.07,133.19,131.37,132.67,1532175.99,202860958.103,104211742.789
2025-12-12 19:00:00+00:00,132.67,132.76,130.24,131.17,1408521,185059341.764,81134461.1478
2025-12-12 20:00:00+00:00,131.17,131.91,130.9,131.49,682414.64,89707779.3925,44820335.5473
2025-12-12 21:00:00+00:00,131.49,132,131.17,131.76,402416.81,52957275.3323,25749886.5503
2025-12-12 22:00:00+00:00,131.77,132.8,131.72,132.7,535325.9,70871056.9107,38720689.2137
2025-12-12 23:00:00+00:00,132.69,132.98,132.11,132.19,473065.41,62676904.4408,25365716.9207
2025-12-13 00:00:00+00:00,132.19,132.68,132.19,132.58,291088.01,38554800.0273,19773570.3302
2025-12-13 01:00:00+00:00,132.57,133.01,132.32,132.6,381463.39,50595002.5013,19439160.7836
2025-12-13 02:00:00+00:00,132.6,132.95,132.5,132.56,234179.76,31082333.2184,14540699.0112
2025-12-13 03:00:00+00:00,132.56,132.93,132.47,132.81,150389.86,19963146.5637,9559850.7812
2025-12-13 04:00:00+00:00,132.8,132.86,132.49,132.8,183592.18,24364039.8559,11755108.0682
2025-12-13 05:00:00+00:00,132.79,132.91,132.19,132.6,298432.04,39551155.9411,15533139.8885
2025-12-13 06:00:00+00:00,132.59,132.89,132.32,132.81,206620.59,27397726.346,14412937.1459
2025-12-13 07:00:00+00:00,132.8,132.94,132.7,132.85,169283.83,22483945.5866,10459514.6129
2025-12-13 08:00:00+00:00,132.85,134.12,132.85,133.91,691342.39,92296952.4999,49387962.184
2025-12-13 09:00:00+00:00,133.9,134.2,133.42,133.49,440672.11,58944181.8942,26294795.2644
2025-12-13 10:00:00+00:00,133.48,134.19,133.39,133.88,351674.23,47064245.0648,23146657.2994
2025-12-13 11:00:00+00:00,133.88,133.99,133.12,133.23,387549.63,51741401.3906,23185476.2271
2025-12-13 12:00:00+00:00,133.23,133.62,132.54,132.89,511662.13,68065823.96,29281907.5106
2025-12-13 13:00:00+00:00,132.89,133.3,132.55,133.07,391859.44,52101715.7892,25424685.9657
2025-12-13 14:00:00+00:00,133.08,133.37,132.55,133.12,361101.94,48029052.8124,23301708.7468
2025-12-13 15:00:00+00:00,133.12,133.6,133.01,133.21,383038.41,51058828.2545,24577770.127
2025-12-13 16:00:00+00:00,133.21,133.77,132.79,133.08,329372.87,43873965.5655,21337800.1928
2025-12-13 17:00:00+00:00,133.09,133.14,132.06,132.14,555991.8,73624589.935,34307468.9906
2025-12-13 18:00:00+00:00,132.14,132.75,132.06,132.26,289406.33,38311989.5453,20361057.9914
2025-12-13 19:00:00+00:00,132.26,132.9,132.24,132.68,163909.26,21731708.515,11683375.0058
2025-12-13 20:00:00+00:00,132.69,132.92,132.16,132.21,167437.34,22198653.4024,10505190.4332
2025-12-13 21:00:00+00:00,132.21,132.66,131.51,132.61,470677.11,62163220.1766,29216919.4562
2025-12-13 22:00:00+00:00,132.61,133,132.12,132.75,374005.71,49611972.2779,26008708.4159
2025-12-13 23:00:00+00:00,132.75,133.18,132.49,133.04,229745.25,30531981.4585,14165200.8496
2025-12-14 00:00:00+00:00,133.04,133.58,132.62,133.16,331631.25,44162266.1064,23735153.5951
2025-12-14 01:00:00+00:00,133.16,133.48,132.92,133.21,189872.07,25292382.19,11592181.8578
2025-12-14 02:00:00+00:00,133.22,133.46,133.01,133.27,142919.74,19046158.1701,7665823.6347
2025-12-14 03:00:00+00:00,133.27,133.39,132.73,132.86,173575.24,23082554.9277,9322789.1989
2025-12-14 04:00:00+00:00,132.86,133.12,132.34,132.42,246629.78,32727504.7945,13442034.3233
2025-12-14 05:00:00+00:00,132.42,132.63,132.02,132.6,291290.41,38535780.075,20707517.0508
2025-12-14 06:00:00+00:00,132.61,132.96,132.4,132.84,201812.54,26777130.3295,13491085.7521
2025-12-14 07:00:00+00:00,132.85,133.32,132.75,133.18,195871.24,26053388.8799,15090073.3324
2025-12-14 08:00:00+00:00,133.18,133.43,132.57,132.59,369261.69,49158594.8968,21120820.0171
2025-12-14 09:00:00+00:00,132.59,132.72,132.26,132.28,383871.31,50851857.6272,21994268.0655
2025-12-14 10:00:00+00:00,132.28,132.55,130.79,131.7,1783275.04,234436018.81,111303105.283
2025-12-14 11:00:00+00:00,131.7,131.9,130.02,131.37,1276076.16,167257213.459,77265765.9171
2025-12-14 12:00:00+00:00,131.38,131.83,130.8,131.28,733255.58,96335746.4103,49651084.4473
2025-12-14 13:00:00+00:00,131.28,131.58,130.84,131.54,516012.38,67662361.9575,35229288.1707
2025-12-14 14:00:00+00:00,131.54,131.72,130.33,130.82,649445.89,85072453.1271,39350491.3332
2025-12-14 15:00:00+00:00,130.82,131,130.24,130.6,508820.08,66460970.2374,28482792.2547
2025-12-14 16:00:00+00:00,130.59,131.53,130.42,130.95,613955.89,80361563.7543,40814538.2197
2025-12-14 17:00:00+00:00,130.94,131.15,129.2,129.95,1238421.85,160886682.451,70372187.9053
2025-12-14 18:00:00+00:00,129.96,130.64,129.79,130.54,396846.48,51690967.5128,26725856.5186
2025-12-14 19:00:00+00:00,130.54,130.55,129.87,130.21,298699.94,38874309.6972,17159716.7327
2025-12-14 20:00:00+00:00,130.22,130.65,129.76,129.95,554677.11,72186221.5937,34401549.2743
2025-12-14 21:00:00+00:00,129.96,130.25,129.47,129.81,348287.11,45206240.8181,20837631.1029
2025-12-14 22:00:00+00:00,129.81,130.23,129.48,130.12,390722.65,50730661.5377,28296388.5293
2025-12-14 23:00:00+00:00,130.11,130.76,127.73,129.31,1489354.13,192287100.21,81461805.8261
2025-12-15 00:00:00+00:00,129.31,130.3,129.2,130.04,878374.59,114015609.436,62025195.3738
2025-12-15 01:00:00+00:00,130.05,131.51,129.72,131.08,944615.58,123416662.34,68893513.4042
2025-12-15 02:00:00+00:00,131.08,133.2,131.07,131.43,1543949.82,204151856.605,96319940.9155
2025-12-15 03:00:00+00:00,131.43,131.68,130.81,131.09,567432.61,74466415.1441,38930880.827
2025-12-15 04:00:00+00:00,131.1,131.96,130.8,131.76,448436.68,58921710.1845,31504186.0754
2025-12-15 05:00:00+00:00,131.77,132.09,131.61,131.92,302449.99,39869960.448,20246012.2173
2025-12-15 06:00:00+00:00,131.92,132.65,131.62,132.35,380614.87,50287678.5923,28064878.5012
2025-12-15 07:00:00+00:00,132.36,132.59,131.73,132.28,391689.56,51740448.739,23422553.188
2025-12-15 08:00:00+00:00,132.29,132.66,132.05,132.32,306394.05,40558230.5799,19804550.8718
2025-12-15 09:00:00+00:00,132.33,132.96,132.07,132.69,372765.39,49386683.742,25060606.6597
2025-12-15 10:00:00+00:00,132.68,132.99,132.26,132.57,460625.11,61067233.215,29100364.1812
2025-12-15 11:00:00+00:00,132.58,132.76,132,132.21,406305.89,53775925.4652,26430204.0889
2025-12-15 12:00:00+00:00,132.22,133.09,131.71,132.71,698776.27,92479936.4627,45563677.8115
2025-12-15 13:00:00+00:00,132.71,133.23,131.64,132.62,1519962.92,201380494.586,93638895.8431
2025-12-15 14:00:00+00:00,132.62,135.4,129.5,130.42,3877743.48,514159969.703,248274283.021
2025-12-15 15:00:00+00:00,130.42,130.54,126.34,126.78,5739118.4,734973128.527,385531274.951
2025-12-15 16:00:00+00:00,126.78,127.22,125.49,126.41,2306460.33,291331059.476,137084729.54
2025-12-15 17:00:00+00:00,126.4,126.7,124.37,124.85,2007835.32,251887443.167,118006378.699
2025-12-15 18:00:00+00:00,124.84,125.2,123.53,124.79,1981045.93,246480339.043,119422453.172
2025-12-15 19:00:00+00:00,124.79,125.79,124.59,124.93,1398088.75,175063594.835,98751241.9482
2025-12-15 20:00:00+00:00,124.93,125.54,123.8,124.92,1394013.02,173670042.256,87556709.0244
2025-12-15 21:00:00+00:00,124.92,126.37,124.89,125.76,863621.19,108489787.874,52066222.7635
2025-12-15 22:00:00+00:00,125.77,126.34,125.51,126.28,420647.86,52982278.5244,25522014.9149
2025-12-15 23:00:00+00:00,126.27,127.79,126.2,127.73,733298.2,93200923.3489,48209156.9864
2025-12-16 00:00:00+00:00,127.72,127.96,126.07,126.14,834511.89,106083717.358,44613196.1954
2025-12-16 01:00:00+00:00,126.14,126.79,125.46,126.31,863868.87,108968666.345,55722595.8316
2025-12-16 02:00:00+00:00,126.31,127.24,125.86,126.68,535573.77,67837253.029,31732193.0431
2025-12-16 03:00:00+00:00,126.67,126.86,124.85,126.43,829920.53,104394155.793,44191076.7583
2025-12-16 04:00:00+00:00,126.42,126.73,124.76,126.06,774448.06,97386069.7222,45183010.0944
2025-12-16 05:00:00+00:00,126.06,126.62,125.86,126.33,465325.83,58735642.7156,28993335.2529
2025-12-16 06:00:00+00:00,126.32,127.4,126.23,127.26,483590.13,61357202.2244,36189855.284
2025-12-16 07:00:00+00:00,127.27,127.34,125.45,125.49,741072.11,93589296.8074,36227235.3804
2025-12-16 08:00:00+00:00,125.49,126.54,125.35,125.9,672783.07,84707212.3369,42229677.5721
2025-12-16 09:00:00+00:00,125.89,126.42,125.81,126.21,394792.51,49781266.0959,27242816.7302
2025-12-16 10:00:00+00:00,126.21,128.8,126.05,128.4,1378569.19,176182519.195,91640027.6009
2025-12-16 11:00:00+00:00,128.41,129,127.87,128.57,1188591.45,152624142.334,75072248.9897
2025-12-16 12:00:00+00:00,128.57,128.96,128.16,128.57,608686.13,78225594.2238,35206936.4678
2025-12-16 13:00:00+00:00,128.57,129.87,126.65,126.7,2132961.62,273302431.707,126770991.761
2025-12-16 14:00:00+00:00,126.69,129.78,126.05,128.5,3016061.16,386379038.532,195277474.663
2025-12-16 15:00:00+00:00,128.51,130.1,127.16,129.69,1842154.34,236801333.731,118686140.019
2025-12-16 16:00:00+00:00,129.69,129.8,127.7,128.28,1203940.99,154945679.34,70930051.8826
2025-12-16 17:00:00+00:00,128.28,128.54,127.07,127.23,737047.38,94108737.5923,50698772.1926
2025-12-16 18:00:00+00:00,127.22,128.58,126.9,127.98,1015754.98,129577227.856,68405783.2593
2025-12-16 19:00:00+00:00,127.97,128.04,126.68,127.67,801568.94,102009076.886,48049486.037
2025-12-16 20:00:00+00:00,127.68,128.88,127.41,128.34,836374.57,107057842.692,53200866.3346
2025-12-16 21:00:00+00:00,128.35,128.67,127.9,128.41,410801.68,52714905.4256,28327937.9416
2025-12-16 22:00:00+00:00,128.41,128.94,128.18,128.53,311279.72,40036779.7402,18279120.1729
2025-12-16 23:00:00+00:00,128.54,129.46,128.07,129.09,482587.73,62146185.5228,32566086.5648
2025-12-17 00:00:00+00:00,129.09,129.1,128.19,128.85,449943.96,57871642.9176,26006341.5054
2025-12-17 01:00:00+00:00,128.85,129.77,128.7,129.11,672815.41,86940060.703,42631574.1006
2025-12-17 02:00:00+00:00,129.11,129.46,128.37,129.24,521230.72,67188968.509,33714173.4563
2025-12-17 03:00:00+00:00,129.24,129.59,128.12,128.19,468156.35,60306684.1426,24607066.0028
2025-12-17 04:00:00+00:00,128.2,128.41,127.35,127.79,744048.53,95075271.363,43844677.4942
2025-12-17 05:00:00+00:00,127.79,128.04,126.92,127.54,788284.18,100492889.254,49610559.6479
2025-12-17 06:00:00+00:00,127.54,127.96,127.49,127.7,344723.24,44029629.1712,24127594.6736
2025-12-17 07:00:00+00:00,127.7,128.52,127.57,128.2,448689.89,57469232.2791,30855921.8852
2025-12-17 08:00:00+00:00,128.2,128.2,126.72,126.87,624261.31,79415461.9286,35836389.6634
2025-12-17 09:00:00+00:00,126.87,126.98,125.9,126.69,908436.5,114889365.11,60078993.8906
2025-12-17 10:00:00+00:00,126.68,126.89,126.22,126.54,595263.48,75345173.5468,38408381.5963
2025-12-17 11:00:00+00:00,126.53,127.86,126.44,127.54,686235.53,87437667.1918,51550687.6186
2025-12-17 12:00:00+00:00,127.53,128.1,127.3,127.88,706132.62,90162057.0686,38905921.6832
2025-12-17 13:00:00+00:00,127.87,129.42,127.47,129.15,1117141.99,143478273.901,73654004.0707
2025-12-17 14:00:00+00:00,129.15,132.62,126.91,132.58,4416877.15,572947486.089,298881825.37
2025-12-17 15:00:00+00:00,132.58,133.96,126.51,126.69,6773297.44,884430926.944,417426336.387
2025-12-17 16:00:00+00:00,126.69,127.91,123.71,124.82,4998186.86,627166657.185,307820931.736
2025-12-17 17:00:00+00:00,124.82,125.13,122.49,122.97,3416723.17,421518764.424,192981388.518
2025-12-17 18:00:00+00:00,122.97,123.89,121.56,122.01,1915618.77,234931933.601,108403079.353
2025-12-17 19:00:00+00:00,122.01,122.42,121.24,122.31,1564095.38,190576707.782,94941629.8417
2025-12-17 20:00:00+00:00,122.32,123.68,121.92,122.91,1362180.55,167426928.753,92010794.6695
2025-12-17 21:00:00+00:00,122.92,123.04,121.87,122.34,558310.29,68353135.9488,32478207.0698
2025-12-17 22:00:00+00:00,122.34,123.46,121.97,123.4,608297.4,74703298.2461,40340749.1556
2025-12-17 23:00:00+00:00,123.4,123.44,122.7,123.17,478068.92,58810355.6555,26252912.2319
2025-12-18 00:00:00+00:00,123.17,123.7,122.94,123.6,465429.81,57400604.6451,30886218.8225
2025-12-18 01:00:00+00:00,123.6,123.72,122.88,123.33,480381,59241318.8004,28331514.041
2025-12-18 02:00:00+00:00,123.33,124.1,123.01,123.64,624164.03,77185836.1912,38892092.4052
2025-12-18 03:00:00+00:00,123.65,123.9,122.94,123.58,493340.99,60879691.5567,28563429.0556
2025-12-18 04:00:00+00:00,123.58,124.1,123.5,123.59,464855.39,57523682.53,30516069.3284
2025-12-18 05:00:00+00:00,123.6,123.6,122.27,122.35,719003.65,88214047.425,34937108.722
2025-12-18 06:00:00+00:00,122.34,122.82,122.13,122.72,346411.03,42441077.1754,21889939.3301
2025-12-18 07:00:00+00:00,122.73,123.34,122.35,122.76,569577.81,69968301.6523,34710776.2358
2025-12-18 08:00:00+00:00,122.76,123.36,122.38,122.95,727919.27,89490272.4988,46351135.0727
2025-12-18 09:00:00+00:00,122.95,123.83,122.57,123.6,582687.99,71831621.1548,38198236.7575
2025-12-18 10:00:00+00:00,123.59,124.07,123.28,123.85,616178.52,76241109.8407,37481150.1027
2025-12-18 11:00:00+00:00,123.86,123.99,123.14,123.99,691848.36,85506393.5243,44777759.8391
2025-12-18 12:00:00+00:00,124,124.46,123.56,123.87,795178.18,98618522.8943,48021505.4147
2025-12-18 13:00:00+00:00,123.88,126.82,123.88,126.34,3190603.53,400442273.444,202071513.549
2025-12-18 14:00:00+00:00,126.33,127.91,124.59,125.84,4614404.71,582480910.674,270447828.777
2025-12-18 15:00:00+00:00,125.84,129,125.55,127.36,3758373.06,478976374.256,245197754.713
2025-12-18 16:00:00+00:00,127.36,127.46,126.04,126.8,1537043.99,194857214.127,89187577.2238
2025-12-18 17:00:00+00:00,126.8,126.86,120.47,122.9,6012233.08,738256932.218,358497459.589
2025-12-18 18:00:00+00:00,122.9,123.89,121.1,121.46,1860697.93,227873375.85,106856774.416
2025-12-18 19:00:00+00:00,121.46,121.55,117.28,117.47,4329191.6,516548997.014,234692241.99
2025-12-18 20:00:00+00:00,117.48,118.94,116.71,117.12,1952814.74,230173070.853,111391135.85
2025-12-18 21:00:00+00:00,117.11,120.15,116.97,120.04,2563549.91,304091069.375,177120379.369
2025-12-18 22:00:00+00:00,120.05,120.08,119.13,119.73,643229.23,76963434.3598,40033329.5724
2025-12-18 23:00:00+00:00,119.74,119.94,119.21,119.54,548258.64,65549292.0878,29994919.5321
2025-12-19 00:00:00+00:00,119.55,119.81,117.83,118.36,1254520.47,149023788.433,75088192.5987
2025-12-19 01:00:00+00:00,118.35,118.5,117.55,118.31,836154.67,98703933.2311,43985776.8305
2025-12-19 02:00:00+00:00,118.3,119.15,117.84,118.89,848768.2,100591622.634,58032886.6869
2025-12-19 03:00:00+00:00,118.89,122.47,118.84,121.52,2945170.33,356247180.881,186715435.717
2025-12-19 04:00:00+00:00,121.52,123,121.29,122.77,1278157.85,156085321.852,79404228.1911
2025-12-19 05:00:00+00:00,122.78,123.34,121.9,122.56,1154489.85,141482456.114,61289617.007
2025-12-19 06:00:00+00:00,122.57,123.61,122.03,123.38,998134.28,122608291.403,60308410.8938
2025-12-19 07:00:00+00:00,123.38,125.3,123.37,124.37,1874004.54,232965541.089,112098317.079
2025-12-19 08:00:00+00:00,124.37,125.58,123.81,124.9,1302570.23,162430865.171,81014715.412
2025-12-19 09:00:00+00:00,124.9,125.03,124.32,124.68,782080.9,97505131.7614,49666238.6524
2025-12-19 10:00:00+00:00,124.68,124.98,124.48,124.71,568159.35,70842702.3865,34444709.2215
2025-12-19 11:00:00+00:00,124.71,125.73,124.64,125.31,791296.75,99085154.0753,53276087.0054
2025-12-19 12:00:00+00:00,125.32,126.16,124.86,125.74,1184459.44,148836620.868,78853918.3428
2025-12-19 13:00:00+00:00,125.75,126.49,125.56,125.87,1040368.04,131132844.913,68125930.3736
2025-12-19 14:00:00+00:00,125.87,126.88,124.6,125.97,2615832.3,328723464.947,157972131.127
2025-12-19 15:00:00+00:00,125.97,127.6,124.72,125.02,2554419.13,321708638.135,162833205.669
2025-12-19 16:00:00+00:00,125.02,126.95,124.76,125.26,1310762.78,165063024.832,80325371.6801
2025-12-19 17:00:00+00:00,125.26,126.1,123.59,123.61,1635140.56,203875997.601,96411166.0816
2025-12-19 18:00:00+00:00,123.62,125.33,123.55,124.77,913863.77,113594694.542,60840183.7695
2025-12-19 19:00:00+00:00,124.77,126.62,124.75,126.22,919272.15,115800439.499,66513191.9946
2025-12-19 20:00:00+00:00,126.22,127.86,126.05,127.15,1009050.07,128063986.77,67786288.3766
2025-12-19 21:00:00+00:00,127.15,127.34,126.41,126.74,482936.81,61242988.8771,30464574.7718
2025-12-19 22:00:00+00:00,126.74,127.29,126.71,126.8,345838.74,43905469.545,22193950.6572
2025-12-19 23:00:00+00:00,126.8,126.8,126.08,126.22,397425.3,50235006.8919,23952569.103
2025-12-20 00:00:00+00:00,126.23,126.3,125.55,125.74,407085.55,51267771.1755,24674265.6315
2025-12-20 01:00:00+00:00,125.75,125.96,125.45,125.52,281083.23,35340786.2692,17592381.6232
2025-12-20 02:00:00+00:00,125.52,126.13,125.2,125.77,347523.99,43670367.3116,22328655.6257
2025-12-20 03:00:00+00:00,125.77,126.44,125.45,126.15,348582.65,43936147.9969,24997925.6043
2025-12-20 04:00:00+00:00,126.16,126.37,125.81,126.21,287563.89,36267601.8099,18424764.402
2025-12-20 05:00:00+00:00,126.2,126.62,126.01,126.32,304648.1,38495887.3697,20393038.1944
2025-12-20 06:00:00+00:00,126.32,126.6,126.17,126.21,170324.25,21523230.883,10422507.0361
2025-12-20 07:00:00+00:00,126.22,126.32,125.84,126.12,284542.27,35868051.4349,16438263.9941
2025-12-20 08:00:00+00:00,126.13,126.87,126.06,126.41,377834.19,47816364.4368,26579167.12
2025-12-20 09:00:00+00:00,126.42,126.71,126.18,126.21,226559.65,28656395.0183,13479082.1947
2025-12-20 10:00:00+00:00,126.22,126.36,125.94,125.99,277463.95,34991648.1092,14622850.1448
2025-12-20 11:00:00+00:00,126,126.49,125.82,126.42,318211.87,40133400.1528,23457595.4727
2025-12-20 12:00:00+00:00,126.43,126.43,126.03,126.23,169476.5,21391107.0518,11116731.1423
2025-12-20 13:00:00+00:00,126.24,126.36,125.36,126.06,755715.66,95024502.433,40653334.4796
2025-12-20 14:00:00+00:00,126.07,126.34,125.51,126.29,305140.78,38434323.4799,20614952.0923
2025-12-20 15:00:00+00:00,126.3,126.6,125.9,126.5,319752.43,40386864.3672,19811262.7897
2025-12-20 16:00:00+00:00,126.51,126.65,126.05,126.25,268602.6,33936062.3864,14972125.7925
2025-12-20 17:00:00+00:00,126.25,126.41,125.92,125.97,184308.29,23249228.017,13079205.3407
2025-12-20 18:00:00+00:00,125.97,126.1,125.69,125.97,273157.44,34375371.1146,17907162.9237
2025-12-20 19:00:00+00:00,125.97,126.15,125.72,125.99,137084.31,17268797.0428,8774080.9173
2025-12-20 20:00:00+00:00,126,126.39,125.87,126.36,161333.02,20348471.6072,12300442.4953
2025-12-20 21:00:00+00:00,126.37,126.49,126.17,126.26,178079.45,22493691.4081,10364179.4121
2025-12-20 22:00:00+00:00,126.27,126.31,125.7,125.97,179352.01,22590076.9651,11129894.4734
2025-12-20 23:00:00+00:00,125.97,126.02,125.55,125.74,233033.69,29305615.1143,13597328.1738
2025-12-21 00:00:00+00:00,125.75,126.05,125.64,125.95,217553.85,27371959.7458,14066705.4676
2025-12-21 01:00:00+00:00,125.96,125.97,125.02,125.06,477230.11,59846881.4308,25156076.3662
2025-12-21 02:00:00+00:00,125.06,125.3,124.62,124.85,530482.15,66257711.8047,32992973.0452
2025-12-21 03:00:00+00:00,124.84,125.49,124.78,125.16,400972.68,50207217.0054,29422472.5331
2025-12-21 04:00:00+00:00,125.17,125.38,125.08,125.13,139031.1,17410364.5985,9150419.3033
2025-12-21 05:00:00+00:00,125.12,125.46,125.02,125.23,159346.99,19960405.7562,11867227.0959
2025-12-21 06:00:00+00:00,125.23,125.44,125.1,125.34,122157.92,15300177.5487,8071256.984
2025-12-21 07:00:00+00:00,125.35,125.5,125.15,125.25,155228.48,19450337.9325,9405341.128
2025-12-21 08:00:00+00:00,125.24,125.86,124.71,125.5,598180.4,74944070.3819,38994124.8828
2025-12-21 09:00:00+00:00,125.51,126.53,125.39,126.21,699578.85,88152978.7946,47312374.2784
2025-12-21 10:00:00+00:00,126.21,126.56,125.52,125.75,582698.27,73462588.1226,32089134.2327
2025-12-21 11:00:00+00:00,125.76,125.83,125.25,125.42,350391.68,43978250.4495,20935655.2454
2025-12-21 12:00:00+00:00,125.43,126,125.03,125.49,652914.5,81961547.2982,36675900.655
2025-12-21 13:00:00+00:00,125.49,125.52,123.3,123.56,1896553.14,235438118.317,103223948.885
2025-12-21 14:00:00+00:00,123.57,124.65,123.42,124.35,868893.35,107842936.849,53505609.6195
2025-12-21 15:00:00+00:00,124.35,125.2,123.89,124.98,999921.41,124576432.535,66802145.9487
2025-12-21 16:00:00+00:00,124.98,125.57,124.72,125.4,666272.4,83408948.2603,39523251.4666
2025-12-21 17:00:00+00:00,125.39,126.3,125.3,125.43,923520.03,116217443.032,59121663.244
2025-12-21 18:00:00+00:00,125.42,125.42,124.3,125.08,831392.19,103738252.591,50692380.7095
2025-12-21 19:00:00+00:00,125.08,125.83,125.01,125.61,374914.59,47007528.9535,26358526.6022
2025-12-21 20:00:00+00:00,125.61,125.74,125.24,125.3,263053.89,33024080.4624,16458702.2837
2025-12-21 21:00:00+00:00,125.3,125.33,124.63,124.83,323031.31,40380516.4535,18612353.8513
2025-12-21 22:00:00+00:00,124.82,125.86,124.7,125.77,313492.59,39268970.502,22190993.4304
2025-12-21 23:00:00+00:00,125.78,126.27,125.44,125.96,516661.93,65051057.2466,32641841.0029
2025-12-22 00:00:00+00:00,125.97,128.51,125.92,126.19,2315747.56,294494752.288,165628410.442
2025-12-22 01:00:00+00:00,126.2,127.3,125.71,125.97,858201.46,108613787.274,53840260.667
2025-12-22 02:00:00+00:00,125.98,126.02,124.4,125.18,1485395.25,185748926.355,86640749.6923
2025-12-22 03:00:00+00:00,125.17,126.47,124.86,125.97,717833.44,90294639.7412,51524227.6016
2025-12-22 04:00:00+00:00,125.98,126.68,125.78,126.47,535593.48,67608599.1957,34725840.4461
2025-12-22 05:00:00+00:00,126.47,126.64,126.01,126.25,355436.39,44910464.514,22156145.8072
2025-12-22 06:00:00+00:00,126.26,126.5,125.69,125.69,384897.94,48531917.3432,23182871.9097
2025-12-22 07:00:00+00:00,125.69,126.47,125.47,126.23,469626.48,59245279.973,32858738.2607
2025-12-22 08:00:00+00:00,126.23,127.32,125.5,125.58,1149514.16,145411887.54,67020524.811
2025-12-22 09:00:00+00:00,125.57,126.3,125.38,126.15,813091.35,102299900.449,50171737.8304
2025-12-22 10:00:00+00:00,126.15,126.87,125.82,126.65,599145.42,75779401.1828,43442580.9665
2025-12-22 11:00:00+00:00,126.66,127.41,126.3,126.93,631533.13,80159528.6677,40408113.1395
2025-12-22 12:00:00+00:00,126.93,127.65,126.61,126.9,878351.97,111603566.582,55068378.7342
2025-12-22 13:00:00+00:00,126.91,127.04,126.24,126.96,733964.56,92978018.3205,44994331.0861
2025-12-22 14:00:00+00:00,126.96,128.28,126.45,127.8,1940513.2,247164382.976,126468143.724
2025-12-22 15:00:00+00:00,127.79,128.74,126.35,128.02,1831782.36,233634458.916,108223639.106
2025-12-22 16:00:00+00:00,128.03,128.33,127.08,127.19,883173.02,112850463.563,54896885.1286
2025-12-22 17:00:00+00:00,127.19,127.26,126.39,126.87,718064.36,91053308.8,42855234.8439
2025-12-22 18:00:00+00:00,126.86,127.45,126.27,126.45,789135.5,100159380.825,53093269.1692
2025-12-22 19:00:00+00:00,126.44,126.45,124.56,124.58,2105702.12,264008977.244,116893415.737
2025-12-22 20:00:00+00:00,124.58,125.21,124.11,124.34,1094145.63,136367377.782,79000612.962
2025-12-22 21:00:00+00:00,124.33,125.54,124.26,125.08,724913.71,90498036.248,48991063.7898
2025-12-22 22:00:00+00:00,125.07,125.98,124.91,125.79,499865.26,62705586.2819,31874488.2667
2025-12-22 23:00:00+00:00,125.79,125.9,125.33,125.87,375519.14,47180220.0299,23677761.291
2025-12-23 00:00:00+00:00,125.87,126.87,125.71,126.65,690842.16,87242635.0967,52671019.5753
2025-12-23 01:00:00+00:00,126.64,126.74,125.86,126.12,461105.24,58238688.011,25709278.8864
2025-12-23 02:00:00+00:00,126.13,126.54,125.4,125.6,554317.15,69825450.9857,32335610.1834
2025-12-23 03:00:00+00:00,125.6,126.12,124.81,125.58,676788.47,84921915.4427,42968301.3991
2025-12-23 04:00:00+00:00,125.58,126.02,125.35,125.37,323910.08,40684836.4224,20140187.717
2025-12-23 05:00:00+00:00,125.36,125.47,124.51,124.92,539495.78,67427915.0122,30231674.7877
2025-12-23 06:00:00+00:00,124.91,125.22,124.04,124.29,810971.13,100924011.78,47435273.1278
2025-12-23 07:00:00+00:00,124.28,124.56,123.58,124.13,1003808.48,124546987.354,59660521.2278
2025-12-23 08:00:00+00:00,124.13,124.59,123.96,124.13,474348.18,58951514.5586,28821469.5164
2025-12-23 09:00:00+00:00,124.12,124.31,123.84,124.09,403314.81,50057705.0626,24641698.1422
2025-12-23 10:00:00+00:00,124.09,124.83,124.04,124.78,395221.56,49191477.9784,27607468.2689
2025-12-23 11:00:00+00:00,124.77,125.16,124.63,124.79,530488.02,66261281.2908,35136805.881
2025-12-23 12:00:00+00:00,124.79,124.87,123.85,124.08,709981.39,88222846.1859,40547046.7079
2025-12-23 13:00:00+00:00,124.09,124.58,122.66,123.26,1735192.75,214233886.075,90316742.8055
2025-12-23 14:00:00+00:00,123.26,123.68,122.04,122.6,1787188.13,219542770.021,102604269.627
2025-12-23 15:00:00+00:00,122.6,123.44,122.29,123.28,1220640.3,150034032.412,75902043.5917
2025-12-23 16:00:00+00:00,123.29,124.86,122.94,124.55,1430726.66,177408208.963,88531240.5175
2025-12-23 17:00:00+00:00,124.55,124.77,122.7,122.78,988036.63,122478764.949,50491107.7834
2025-12-23 18:00:00+00:00,122.78,124.12,122.75,123.93,1000642.75,123595595.961,68650528.8737
2025-12-23 19:00:00+00:00,123.92,124.52,123.41,123.91,678390.15,84111455.2244,42984705.2918
2025-12-23 20:00:00+00:00,123.92,125.6,123.4,124.65,1115360.61,139091603.415,81812976.9138
2025-12-23 21:00:00+00:00,124.66,124.71,123.89,124.24,527715.24,65584810.8708,33956453.786
2025-12-23 22:00:00+00:00,124.23,124.45,123.53,123.8,399883.04,49574919.1971,21406670.3094
2025-12-23 23:00:00+00:00,123.8,124.12,123.4,123.95,342720.46,42415161.7958,23312389.2801
2025-12-24 00:00:00+00:00,123.96,124.25,123.52,123.81,418901.44,51883199.0686,26157086.5622
2025-12-24 01:00:00+00:00,123.81,124.16,122.89,123.07,537514.44,66324552.7159,29500957.5299
2025-12-24 02:00:00+00:00,123.06,123.1,121.7,122.24,976808.49,119508753.716,50958296.5426
2025-12-24 03:00:00+00:00,122.25,122.75,121.68,122.66,590870.08,72204656.0196,38382008.3226
2025-12-24 04:00:00+00:00,122.66,123.01,121.4,121.56,863476.89,105378383.323,49133795.7541
2025-12-24 05:00:00+00:00,121.57,121.98,121.04,121.39,693905.23,84312567.9726,38982843.0602
2025-12-24 06:00:00+00:00,121.4,121.52,120.51,121.5,826021.17,99968711.3724,47284106.1757
2025-12-24 07:00:00+00:00,121.51,121.81,121.21,121.24,424271.38,51557397.6941,23919651.0266
2025-12-24 08:00:00+00:00,121.25,121.6,121.01,121.32,507519.41,61572333.0456,28747200.5102
2025-12-24 09:00:00+00:00,121.32,121.67,121.2,121.34,415100.35,50409606.5334,24983249.7968
2025-12-24 10:00:00+00:00,121.35,122.17,121.3,121.7,590500.74,71936063.0744,39369086.3497
2025-12-24 11:00:00+00:00,121.7,122.17,121.69,121.98,362399.39,44215756.4664,21128159.918
2025-12-24 12:00:00+00:00,121.98,122.49,121.86,122.39,378217.54,46199906.6498,25872814.879
2025-12-24 13:00:00+00:00,122.4,122.4,121.65,121.89,438209.4,53469912.1186,21914456.3183
2025-12-24 14:00:00+00:00,121.9,122.25,120.61,121.44,1169274.66,142065457.675,68828730.999
2025-12-24 15:00:00+00:00,121.44,122.89,121.24,122.67,989506,120844251.541,60549923.5206
2025-12-24 16:00:00+00:00,122.67,123.43,122.36,122.67,1082732.38,133005393.472,66324350.8589
2025-12-24 17:00:00+00:00,122.66,122.95,121.89,121.99,516967.93,63314758.1347,27531686.5292
2025-12-24 18:00:00+00:00,121.99,122.66,121.71,122.43,432332.82,52823272.9926,26023589.1834
2025-12-24 19:00:00+00:00,122.42,122.83,121.91,122.82,423568.7,51829810.9517,25009503.0375
2025-12-24 20:00:00+00:00,122.82,123.08,122.53,122.62,403139.79,49533833.6759,25712317.5482
2025-12-24 21:00:00+00:00,122.63,123.03,122.56,122.93,209959.78,25788808.8318,12541095.0872
2025-12-24 22:00:00+00:00,122.92,123.36,122.87,123.25,351278.31,43248660.319,24743871.0592
2025-12-24 23:00:00+00:00,123.26,123.3,122.41,122.49,339767.22,41734124.6946,17252522.6503
2025-12-25 00:00:00+00:00,122.49,122.67,122.03,122.13,349658.97,42783003.4689,20687778.6279
2025-12-25 01:00:00+00:00,122.13,122.74,122.09,122.71,215442.54,26375412.2663,14530037.9453
2025-12-25 02:00:00+00:00,122.71,123.11,122.41,123,249848.33,30685953.4322,17362404.5807
2025-12-25 03:00:00+00:00,123,123.1,122.5,122.64,239408.53,29396038.7307,12826880.8117
2025-12-25 04:00:00+00:00,122.63,122.8,122.54,122.73,147953.96,18148665.3897,9420089.4902
2025-12-25 05:00:00+00:00,122.73,122.73,122.16,122.32,305844.12,37426478.1605,17165475.6632
2025-12-25 06:00:00+00:00,122.33,122.48,122.11,122.41,222746.36,27239819.8265,13501292.449
2025-12-25 07:00:00+00:00,122.42,122.43,122.04,122.24,269174.2,32882936.5923,14676315.4975
2025-12-25 08:00:00+00:00,122.25,122.63,121.56,122.06,709628.99,86561661.9203,40232100.3337
2025-12-25 09:00:00+00:00,122.06,122.14,121.75,122.05,241684.48,29473937.8583,14014655.9848
2025-12-25 10:00:00+00:00,122.05,122.05,121.22,121.49,543685.13,66072442.8955,27008336.2422
2025-12-25 11:00:00+00:00,121.5,121.8,121.46,121.59,257082.6,31269762.3296,14538278.1131
2025-12-25 12:00:00+00:00,121.58,122,121.52,121.98,259985.74,31658492.0525,19399829.942
2025-12-25 13:00:00+00:00,121.98,122.29,121.6,121.97,385191.22,46992385.0226,23874498.4238
2025-12-25 14:00:00+00:00,121.97,122.29,121.7,122.04,414656.41,50589842.0545,26851042.5349
2025-12-25 15:00:00+00:00,122.05,124.06,121.79,123.63,1778081.78,219000010.374,119933278.911
2025-12-25 16:00:00+00:00,123.63,124.42,123.26,123.46,1197964.1,148372238.892,66756429.0722
2025-12-25 17:00:00+00:00,123.45,123.56,122.72,123,661475.97,81410079.4627,38721479.5509
2025-12-25 18:00:00+00:00,123.01,124.16,123.01,123.96,773245.73,95678675.2458,58023218.1566
2025-12-25 19:00:00+00:00,123.96,124,123.28,123.42,302622.42,37418686.3495,16729744.7145
2025-12-25 20:00:00+00:00,123.41,123.44,122.89,123.25,351855.57,43323149.7591,22465889.0757
2025-12-25 21:00:00+00:00,123.26,123.48,123.06,123.18,180058.49,22193268.067,11181438.925
2025-12-25 22:00:00+00:00,123.17,123.4,121.29,121.76,950693.65,116146167.045,48402423.7314
2025-12-25 23:00:00+00:00,121.76,122.08,119.58,119.95,2386109.98,287753460.666,125543576.058
2025-12-26 00:00:00+00:00,119.95,120.25,119.15,120.25,1317311.98,157801096.041,74177652.8218
2025-12-26 01:00:00+00:00,120.24,121.09,120.1,120.71,820855.58,98972304.4499,52350079.5785
2025-12-26 02:00:00+00:00,120.72,124.33,120.71,123.39,3022808.87,372253142.028,184922421.52
2025-12-26 03:00:00+00:00,123.4,123.66,122.39,122.61,918526.46,112908319.266,54494989.63
2025-12-26 04:00:00+00:00,122.61,122.96,121.72,122.77,1066057.75,130281028.221,68306010.9186
2025-12-26 05:00:00+00:00,122.77,123.44,122.59,123.25,570643.48,70153635.6206,39756785.6858
2025-12-26 06:00:00+00:00,123.24,123.72,123.24,123.42,547818.13,67646815.1171,36924560.4898
2025-12-26 07:00:00+00:00,123.43,123.94,122.52,122.66,952904.31,117459450.535,62004453.1565
2025-12-26 08:00:00+00:00,122.66,123.11,122.24,122.64,738436.09,90570802.4619,50300663.5386
2025-12-26 09:00:00+00:00,122.64,124.13,122.48,123.65,1259684.9,155603320.898,102777435.589
2025-12-26 10:00:00+00:00,123.65,123.9,123.39,123.73,469011.45,57988844.5569,30772025.8627
2025-12-26 11:00:00+00:00,123.73,123.9,123.3,123.8,519724.63,64231434.658,33177939.6483
2025-12-26 12:00:00+00:00,123.8,124.17,123.72,123.92,494020.87,61209443.2906,33003185.5505
2025-12-26 13:00:00+00:00,123.93,125.12,123.85,124.86,1263122.48,157313089.685,90908451.2133
2025-12-26 14:00:00+00:00,124.87,124.95,122.02,122.2,2747572.49,339099415.962,163259882.15
2025-12-26 15:00:00+00:00,122.2,122.21,120.37,121.49,3430930.34,415981174.349,210319066.331
2025-12-26 16:00:00+00:00,121.5,122.19,121.1,121.19,990364.32,120568673.785,56924286.109
2025-12-26 17:00:00+00:00,121.18,122.35,121.18,121.8,952959.86,116035125.833,60504072.0229
2025-12-26 18:00:00+00:00,121.8,122.16,121.64,122.01,431073.21,52562224.404,19952929.4666
2025-12-26 19:00:00+00:00,122.01,122.33,121.65,122.08,367323.62,44824347.8083,20102206.7749
2025-12-26 20:00:00+00:00,122.08,122.6,121.81,122.34,435461.7,53228783.903,25307420.3027
2025-12-26 21:00:00+00:00,122.33,122.57,121.99,122,235983.79,28856723.0212,12150450.8327
2025-12-26 22:00:00+00:00,122,122.39,121.74,122.38,289453.83,35314802.9639,14847169.6876
2025-12-26 23:00:00+00:00,122.39,122.52,122.11,122.22,246389.2,30135188.1435,13470211.5454
2025-12-27 00:00:00+00:00,122.22,122.32,121.88,122.05,297623.92,36326951.2184,16120617.6939
2025-12-27 01:00:00+00:00,122.06,122.28,121.82,122.26,187571.07,22887051.9332,11826918.4195
2025-12-27 02:00:00+00:00,122.25,122.39,122.09,122.27,197829.77,24180775.394,11743405.2128
2025-12-27 03:00:00+00:00,122.28,123.78,122.21,123.63,1114292.61,137120245.775,85267410.5095
2025-12-27 04:00:00+00:00,123.63,123.7,122.85,122.96,575047.68,70824171.8778,32239635.2248
2025-12-27 05:00:00+00:00,122.96,123.26,122.92,123.13,265133.29,32634242.5525,17306197.6656
2025-12-27 06:00:00+00:00,123.14,123.14,122.71,122.99,291908.07,35876789.525,17156018.4759
2025-12-27 07:00:00+00:00,122.99,123.41,122.98,123.11,269983.66,33262392.8433,16825070.8939
2025-12-27 08:00:00+00:00,123.1,123.29,122.78,122.82,208403.06,25641916.3546,11647329.583
2025-12-27 09:00:00+00:00,122.82,123.18,122.81,122.95,237402,29205119.5562,14335003.3293
2025-12-27 10:00:00+00:00,122.96,123.1,122.45,122.83,330102.69,40537390.8091,18443476.7404
2025-12-27 11:00:00+00:00,122.83,123.18,122.8,122.95,312535.5,38429698.3498,18153395.0496
2025-12-27 12:00:00+00:00,122.95,123.18,122.71,122.84,233935.99,28760103.8323,12476610.883
2025-12-27 13:00:00+00:00,122.84,123.27,122.69,122.96,433323.07,53293536.9845,26021157.4968
2025-12-27 14:00:00+00:00,122.97,123.31,122.81,123.28,260723.88,32082221.2005,17131821.9776
2025-12-27 15:00:00+00:00,123.27,123.63,123.1,123.27,436803.03,53890637.6209,29304138.0812
2025-12-27 16:00:00+00:00,123.27,123.4,122.85,122.93,341320.08,42034475.214,17769645.9142
2025-12-27 17:00:00+00:00,122.93,123.41,122.7,123.34,461829.57,56799431.2171,31089122.1777
2025-12-27 18:00:00+00:00,123.35,123.42,122.95,123.15,314936.86,38802060.2601,19141546.2217
2025-12-27 19:00:00+00:00,123.15,123.41,122.98,123.21,242398.59,29858033.3562,14733396.2698
2025-12-27 20:00:00+00:00,123.21,123.76,123.2,123.5,524945.39,64847282.4763,40344836.6254
2025-12-27 21:00:00+00:00,123.51,124.53,123.5,124.49,678808.94,84215831.1178,45752375.1985
2025-12-27 22:00:00+00:00,124.49,124.93,123.61,123.83,976615.61,121392102.568,51178249.4399
2025-12-27 23:00:00+00:00,123.84,125.04,123.84,124.67,593564.83,73897149.0289,40576639.9505
2025-12-28 00:00:00+00:00,124.68,124.85,124.23,124.33,395855.35,49270623.1886,21841292.1013
2025-12-28 01:00:00+00:00,124.34,124.58,123.93,123.95,377175.92,46835913.5161,23239574.2484
2025-12-28 02:00:00+00:00,123.94,124.38,123.85,124.17,243725.15,30250849.3323,18009496.5746
2025-12-28 03:00:00+00:00,124.17,124.25,123.91,124.08,143757.6,17835814.5919,8554977.7085
2025-12-28 04:00:00+00:00,124.07,124.27,123.93,124.04,168133.15,20870325.4549,10596060.1114
2025-12-28 05:00:00+00:00,124.04,124.04,123.55,123.74,302446.26,37437063.458,16498980.5785
2025-12-28 06:00:00+00:00,123.73,124.16,123.68,124.07,219121.1,27161418.2196,14455797.5056
2025-12-28 07:00:00+00:00,124.07,124.27,123.79,124.18,193076.84,23952955.4542,12869110.3768
2025-12-28 08:00:00+00:00,124.18,124.64,124.11,124.24,361841.64,44995171.8685,22824225.638
2025-12-28 09:00:00+00:00,124.24,124.35,123.92,124.03,256149.44,31798915.2121,14815718.1216
2025-12-28 10:00:00+00:00,124.03,124.57,123.96,124.45,330863.67,41149351.1361,20918840.948
2025-12-28 11:00:00+00:00,124.45,124.79,124.32,124.57,394252.11,49109324.7985,23449181.5855
2025-12-28 12:00:00+00:00,124.58,124.73,124.31,124.36,312115.41,38848497.3922,18969248.8469
2025-12-28 13:00:00+00:00,124.35,124.75,124.23,124.58,344246.78,42861825.8518,18121761.3359
2025-12-28 14:00:00+00:00,124.59,124.95,124.45,124.51,441195.51,55022234.9559,29575025.9155
2025-12-28 15:00:00+00:00,124.52,124.98,124.35,124.4,457955.52,57096222.0338,30455563.2574
2025-12-28 16:00:00+00:00,124.39,124.62,124.12,124.25,474928.03,59063358.6011,28139029.076
2025-12-28 17:00:00+00:00,124.26,124.72,124.25,124.4,338337.5,42128151.7174,21755016.2866
2025-12-28 18:00:00+00:00,124.4,124.47,123.05,123.11,1202918.36,148720289.463,64305276.9744
2025-12-28 19:00:00+00:00,123.1,123.59,123.01,123.22,633235.85,78069963.6861,37150801.7243
2025-12-28 20:00:00+00:00,123.22,123.63,123.03,123.36,411482.39,50768025.205,26124718.0965
2025-12-28 21:00:00+00:00,123.36,123.81,123.22,123.8,370218.47,45758752.6438,24992859.3594
2025-12-28 22:00:00+00:00,123.81,124.3,123.45,124.19,339748.7,42086393.1978,23477022.5215
2025-12-28 23:00:00+00:00,124.18,125.6,123.87,125.21,1192155.88,148805143.709,83695610.922
2025-12-29 00:00:00+00:00,125.22,128.22,124.94,126.96,2763557.05,349950503.188,178610119.892
2025-12-29 01:00:00+00:00,126.97,130.21,126.18,128.7,3144041.38,403144305.646,225697007.534
2025-12-29 02:00:00+00:00,128.7,129.48,128.12,128.68,1410080.53,181590183.755,94012405.806
2025-12-29 03:00:00+00:00,128.69,129.5,128.44,128.52,1606921.27,207067749.343,107239830.251
2025-12-29 04:00:00+00:00,128.53,129.12,128.17,128.52,978712.95,125948297.403,58893846.0261
2025-12-29 05:00:00+00:00,128.52,128.54,127.55,127.7,755024.07,96689382.4277,41919813.4966
2025-12-29 06:00:00+00:00,127.7,128,127.42,127.74,544278.96,69527496.1305,33033361.1569
2025-12-29 07:00:00+00:00,127.75,127.94,127.2,127.83,679097.5,86658825.2372,44381559.8007
2025-12-29 08:00:00+00:00,127.82,128.48,127.63,127.85,746126.72,95531472.49,52656309.7141
2025-12-29 09:00:00+00:00,127.86,127.96,125.37,126.03,2045652.41,258604999.433,120203057.572
2025-12-29 10:00:00+00:00,126.03,126.32,125.45,125.65,833302.13,104895012.175,57794994.8989
2025-12-29 11:00:00+00:00,125.65,125.66,124.95,125.02,763899.4,95652642.9372,46152690.5531
2025-12-29 12:00:00+00:00,125.02,125.38,122.75,123.63,3062209.56,379072320.235,189105542.835
2025-12-29 13:00:00+00:00,123.64,124.03,122.85,123.18,1139385.06,140707153.86,66970910.5816
2025-12-29 14:00:00+00:00,123.17,124.46,122.15,123.38,2676180.03,330039003.383,154914551.932
2025-12-29 15:00:00+00:00,123.39,124.05,123.06,123.36,886019.75,109493614.671,50866039.8834
2025-12-29 16:00:00+00:00,123.35,123.67,122.52,123.4,933062.54,114827340.702,58157461.7338
2025-12-29 17:00:00+00:00,123.4,123.84,122.97,123.83,690778.46,85284197.2086,43199059.6481
2025-12-29 18:00:00+00:00,123.82,123.94,122.89,123.06,527634.59,65151047.8441,29501926.317
2025-12-29 19:00:00+00:00,123.06,123.44,122.78,122.99,515422.21,63439199.0262,33334656.847
2025-12-29 20:00:00+00:00,122.98,123.55,122.8,123.28,462968.97,56999575.6791,28407551.6888
2025-12-29 21:00:00+00:00,123.28,123.52,123.09,123.38,283858.87,35007391.0706,16912371.2578
2025-12-29 22:00:00+00:00,123.38,123.54,123.1,123.35,188139.47,23199387.7103,11649942.6456
2025-12-29 23:00:00+00:00,123.35,123.53,123.11,123.19,282568.91,34844682.2258,15749553.6985
2025-12-30 00:00:00+00:00,123.19,123.29,122.82,123.06,370050.45,45541542.6721,22696361.6734
2025-12-30 01:00:00+00:00,123.05,123.4,122.7,123.12,428928.78,52767121.443,26930084.0108
2025-12-30 02:00:00+00:00,123.12,123.2,122.5,122.93,664936.82,81653674.2026,36346266.9175
2025-12-30 03:00:00+00:00,122.93,123.86,122.68,123.72,648495.43,80012599.7934,42961505.7154
2025-12-30 04:00:00+00:00,123.72,124.13,123.5,123.86,524591.11,64981018.2245,29741735.7783
2025-12-30 05:00:00+00:00,123.87,123.94,123.12,123.35,394662.93,48731454.85,21894200.8254
2025-12-30 06:00:00+00:00,123.35,123.99,123.31,123.83,358814.89,44402036.4247,22236610.3966
2025-12-30 07:00:00+00:00,123.84,124.29,123.71,123.94,448756.74,55644887.1799,28731248.9472
2025-12-30 08:00:00+00:00,123.94,125.1,123.91,124.71,1293241.06,161274495.385,81535647.6798
2025-12-30 09:00:00+00:00,124.71,125.03,124.33,124.77,721136.62,89907629.8127,43820552.1459
2025-12-30 10:00:00+00:00,124.77,124.95,124.44,124.53,463217.23,57745775.5239,28982064.5173
2025-12-30 11:00:00+00:00,124.53,124.61,123.97,124.24,568647.19,70682691.8187,35360494.602
2025-12-30 12:00:00+00:00,124.24,124.61,124.06,124.24,519173.31,64543322.4451,34354193.3766
2025-12-30 13:00:00+00:00,124.25,124.41,123.87,124.24,469826.06,58339520.9681,30337961.2432
2025-12-30 14:00:00+00:00,124.23,125.31,123.48,124.97,2198425.23,273576955.057,137985184.019
2025-12-30 15:00:00+00:00,124.98,125.21,123.96,125.1,1876107.67,233679899.899,113661024.572
2025-12-30 16:00:00+00:00,125.11,126.49,124.82,125.6,2024939.36,254553404.32,122798040.731
2025-12-30 17:00:00+00:00,125.61,125.96,124.37,124.66,1269071.17,158878031.678,65128181.9192
2025-12-30 18:00:00+00:00,124.65,124.67,124.14,124.51,585910,72906530.8283,37329067.4847
2025-12-30 19:00:00+00:00,124.5,124.8,123.7,124.67,808063.72,100386189.226,49597952.6836
2025-12-30 20:00:00+00:00,124.66,124.76,123.8,123.99,491981.15,61136393.2688,29032609.9101
2025-12-30 21:00:00+00:00,123.99,124.15,123.45,123.94,478047.59,59197553.7505,32187470.5774
2025-12-30 22:00:00+00:00,123.94,124.55,123.83,124.36,316876.39,39364413.2016,21784811.218
2025-12-30 23:00:00+00:00,124.36,125.08,124.22,124.92,542435.71,67609742.9914,35813831.9639
2025-12-31 00:00:00+00:00,124.93,124.99,124.34,124.85,476714.86,59448601.3444,26264948.7885
2025-12-31 01:00:00+00:00,124.84,125.88,124.76,125.46,693219.31,86983911.6325,40195135.1202
2025-12-31 02:00:00+00:00,125.46,126.06,125.25,125.95,676961.81,85066620.2241,46604527.6966
2025-12-31 03:00:00+00:00,125.95,126.04,125.08,125.76,603089.37,75704747.8267,36675829.4024
2025-12-31 04:00:00+00:00,125.76,125.92,125.3,125.37,402278.18,50514506.1756,23329332.2551
2025-12-31 05:00:00+00:00,125.37,125.71,125.33,125.58,310064.13,38928276.55,20558594.9954
2025-12-31 06:00:00+00:00,125.58,126.04,125.54,125.82,316939.61,39869641.9794,20534555.2001
2025-12-31 07:00:00+00:00,125.83,126,125.57,125.9,351657.86,44236374.275,22241766.0337
2025-12-31 08:00:00+00:00,125.9,126.24,125.36,125.51,587080.55,73846544.2664,37322619.23
2025-12-31 09:00:00+00:00,125.5,126.36,125.48,126.23,463840.96,58382590.3701,33190137.842
2025-12-31 10:00:00+00:00,126.23,126.36,125.92,126.33,467798.76,59014788.6883,29417413.7002
2025-12-31 11:00:00+00:00,126.34,126.82,126.15,126.69,681824.12,86222959.9485,46302381.4139
2025-12-31 12:00:00+00:00,126.68,126.72,126,126.13,601054.65,75978759.5546,33350774.4416
2025-12-31 13:00:00+00:00,126.14,126.48,125.88,126.22,737482.4,93042026.8744,43343714.3814
2025-12-31 14:00:00+00:00,126.23,127.4,125.32,125.74,1770873.17,223574513.637,104964990.28
2025-12-31 15:00:00+00:00,125.74,125.8,124.93,125.54,1763486.81,220918029.559,115275845.098
2025-12-31 16:00:00+00:00,125.54,125.7,124.24,124.78,1301451.48,162617383.163,85569790.1625
2025-12-31 17:00:00+00:00,124.77,125.21,124.51,124.98,600218.85,74920935.3076,41069553.9305
2025-12-31 18:00:00+00:00,124.98,125.46,124.54,124.69,661451.28,82735176.5816,41484157.3758
2025-12-31 19:00:00+00:00,124.7,125.15,124.27,124.3,464965.32,58004384.0772,26491329.3995
2025-12-31 20:00:00+00:00,124.31,124.95,123.42,124.14,1805928.33,224056773.729,107158161.893
2025-12-31 21:00:00+00:00,124.14,124.43,123.94,124.42,473862.78,58845825.9741,29711235.7716
2025-12-31 22:00:00+00:00,124.42,125.12,124.2,124.79,398764.51,49759635.7566,26478983.16
2025-12-31 23:00:00+00:00,124.78,124.99,124.53,124.59,250213.72,31220564.1816,14346581.8108
2026-01-01 00:00:00+00:00,124.58,125.19,124.52,125.07,297564.54,37180319.9561,20438432.7301
2026-01-01 01:00:00+00:00,125.07,125.75,124.8,124.92,620211.47,77719891.6219,37632047.4576
2026-01-01 02:00:00+00:00,124.92,125.18,124.72,125.12,318244.96,39761003.336,21405187.6455
2026-01-01 03:00:00+00:00,125.11,125.35,124.94,125.14,206666.26,25864867.9379,14311824.3528
2026-01-01 04:00:00+00:00,125.13,125.2,124.73,124.89,249446.86,31170519.0625,13080337.3982
2026-01-01 05:00:00+00:00,124.88,125.25,124.88,125.23,176180.82,22033722.6893,11412893.2462
2026-01-01 06:00:00+00:00,125.24,125.26,124.81,124.83,127040.4,15882309.0271,6180450.0042
2026-01-01 07:00:00+00:00,124.82,124.94,124.14,124.19,417039.27,51926643.4996,22010742.2285
2026-01-01 08:00:00+00:00,124.19,124.67,124.08,124.64,376650.98,46857850.6143,26156015.6704
2026-01-01 09:00:00+00:00,124.64,125.05,124.54,124.96,403620.61,50383014.0757,25373112.8019
2026-01-01 10:00:00+00:00,124.95,125.22,124.88,124.96,292649.25,36601098.4781,17365870.2889
2026-01-01 11:00:00+00:00,124.96,125.16,124.7,125.16,260582.34,32552025.1749,16118555.5747
2026-01-01 12:00:00+00:00,125.16,125.22,124.92,124.95,272964.72,34134213.9652,12590501.7837
2026-01-01 13:00:00+00:00,124.94,125.07,124.64,124.68,302444.39,37765058.7238,16643851.4657
2026-01-01 14:00:00+00:00,124.67,124.87,124.34,124.67,371190.65,46248435.9214,23462624.6945
2026-01-01 15:00:00+00:00,124.66,125.19,124.52,124.9,534222.09,66685132.1783,38779009.8401
2026-01-01 16:00:00+00:00,124.9,124.96,124.2,124.41,531802.14,66212047.426,33264008.8201
2026-01-01 17:00:00+00:00,124.4,125.62,124.25,125.13,1069090.49,133797701.957,68597145.0802
2026-01-01 18:00:00+00:00,125.13,125.32,124.96,125.28,333041.01,41682416.4753,20228811.191
2026-01-01 19:00:00+00:00,125.28,125.75,125.15,125.7,413421.94,51870020.3254,27621037.6927
2026-01-01 20:00:00+00:00,125.7,125.92,125.27,125.33,370715.82,46561563.4667,22413062.5463
2026-01-01 21:00:00+00:00,125.33,125.64,125.25,125.37,154002.79,19318130.8013,9855057.9781
2026-01-01 22:00:00+00:00,125.37,126.2,125.33,126.02,328232.4,41266570.2551,23914038.9198
2026-01-01 23:00:00+00:00,126.02,127.21,125.7,126.83,1110682.15,140639628.049,70332765.5356
2026-01-02 00:00:00+00:00,126.84,127.1,126.38,126.75,666677.42,84464686.5196,39663998.5066
2026-01-02 01:00:00+00:00,126.75,126.91,126.01,126.16,487441.72,61602650.7761,27071909.2422
2026-01-02 02:00:00+00:00,126.16,126.65,125.81,126.54,445635.68,56208510.5235,28474378.8824
2026-01-02 03:00:00+00:00,126.53,127.99,126.39,127.51,1074723.44,136867226.842,77161062.5208
2026-01-02 04:00:00+00:00,127.51,127.69,126.91,126.94,472621.19,60119175.9393,25614840.7145
2026-01-02 05:00:00+00:00,126.94,127.41,126.71,127.29,423245.64,53742976.6621,28310204.3827
2026-01-02 06:00:00+00:00,127.28,127.69,127.2,127.3,479512.3,61098332.0179,34654750.9175
2026-01-02 07:00:00+00:00,127.29,127.54,126.86,127.1,500209.79,63605641.3529,31497066.8816
2026-01-02 08:00:00+00:00,127.1,127.95,127.09,127.92,580795.12,74104491.5383,41780206.9249
2026-01-02 09:00:00+00:00,127.92,129.89,127.78,129.37,1979630.63,255105995.15,149102115.017
2026-01-02 10:00:00+00:00,129.37,129.98,128.84,128.91,1029746.14,133166743.545,68956027.1898
2026-01-02 11:00:00+00:00,128.92,128.94,127.94,128.19,811974.18,104229972.476,52996647.7136
2026-01-02 12:00:00+00:00,128.18,128.61,127.84,128.37,704361.05,90306090.1621,47468322.8978
2026-01-02 13:00:00+00:00,128.38,128.77,128.22,128.32,489672.63,62890110.4067,32009850.2838
2026-01-02 14:00:00+00:00,128.32,129.59,126.76,128.67,2544024.46,325843050.597,164488193.279
2026-01-02 15:00:00+00:00,128.68,129.49,127.35,128.94,1805662.1,232108119.672,115367538.439
2026-01-02 16:00:00+00:00,128.93,131.8,128.62,130.88,2630134.76,343206403.474,190983197.46
2026-01-02 17:00:00+00:00,130.87,132.3,130.65,131.39,1630549.29,214299170.51,111027103.1
2026-01-02 18:00:00+00:00,131.4,132,130.28,130.76,1158063.42,152004539.264,69405914.4383
2026-01-02 19:00:00+00:00,130.75,131.75,130.59,131.59,639894.69,84031441.9465,44445821.2908
2026-01-02 20:00:00+00:00,131.6,132.11,130.76,131.07,770429.68,101307960.788,52892692.881
2026-01-02 21:00:00+00:00,131.07,132.1,131.07,131.85,412317.44,54266927.4138,30007704.7118
2026-01-02 22:00:00+00:00,131.85,133.29,131.83,132.57,954338.91,126663657.491,73467668.6175
2026-01-02 23:00:00+00:00,132.57,132.69,131.85,132.24,488533.17,64655246.6393,33176947.2191
2026-01-03 00:00:00+00:00,132.24,132.89,132.18,132.46,442834.46,58724657.7039,30015825.6602
2026-01-03 01:00:00+00:00,132.47,132.92,132.29,132.58,285033.81,37780860.9055,19978176.2221
2026-01-03 02:00:00+00:00,132.59,133.04,132.02,132.8,444734.91,58936028.6562,28811044.9041
2026-01-03 03:00:00+00:00,132.8,133.13,132.11,132.77,554808.06,73566257.6624,34227806.9188
2026-01-03 04:00:00+00:00,132.78,132.85,132.13,132.29,330052.37,43705356.8439,20729961.0907
2026-01-03 05:00:00+00:00,132.3,132.48,131.55,131.84,492306.89,64962396.0903,25968558.9443
2026-01-03 06:00:00+00:00,131.85,132.25,131,131.12,564637.2,74266681.958,34819240.5612
2026-01-03 07:00:00+00:00,131.12,131.35,129.52,130.05,1285064.84,167422609.359,77932470.0922
2026-01-03 08:00:00+00:00,130.05,130.98,129.74,130.63,754275.73,98398471.209,52509532.9574
2026-01-03 09:00:00+00:00,130.64,131.43,130.3,131.11,564705.7,73933516.0927,36816001.122
2026-01-03 10:00:00+00:00,131.11,131.18,130.7,130.89,332718.73,43575741.2612,18496053.9711
2026-01-03 11:00:00+00:00,130.89,130.94,130.38,130.63,283717.24,37067333.2138,18047571.0748
2026-01-03 12:00:00+00:00,130.64,130.88,130.43,130.83,323723.73,42306945.087,21802543.0265
2026-01-03 13:00:00+00:00,130.83,131.33,130.73,131.22,347987.54,45623677.2708,24675701.9188
2026-01-03 14:00:00+00:00,131.21,132.12,131.06,131.96,673150.49,88651594.7325,53251922.4611
2026-01-03 15:00:00+00:00,131.96,131.98,131.16,131.41,433015.97,56982034.6267,23906624.7185
2026-01-03 16:00:00+00:00,131.41,131.95,131.41,131.71,373916.09,49251055.8418,22934239.2695
2026-01-03 17:00:00+00:00,131.71,131.99,131.59,131.85,221473.48,29191083.3438,13675841.4504
2026-01-03 18:00:00+00:00,131.85,132.07,131.55,131.91,285678.19,37678902.9235,20364616.9743
2026-01-03 19:00:00+00:00,131.9,131.91,131.6,131.73,177848.61,23428618.6486,12055164.9764
2026-01-03 20:00:00+00:00,131.73,131.98,131.27,131.94,292466.49,38491702.3408,21045605.3798
2026-01-03 21:00:00+00:00,131.93,133.03,131.73,132.81,547531.73,72549010.0619,42206139.363
2026-01-03 22:00:00+00:00,132.81,133.99,132.53,133.38,763309.2,101659672.927,59119712.9146
2026-01-03 23:00:00+00:00,133.38,133.71,133.02,133.31,359353.15,47932043.6915,24025698.4243
2026-01-04 00:00:00+00:00,133.3,135,133.26,134.49,1236862.96,166090345.065,89473740.2061
2026-01-04 01:00:00+00:00,134.49,134.7,133.35,133.9,744193.79,99654254.407,46244959.7121
2026-01-04 02:00:00+00:00,133.9,133.96,133.4,133.65,320167.44,42816392.5414,19512330.8028
2026-01-04 03:00:00+00:00,133.65,134.67,133.59,134.56,626404.16,84084293.4639,49284934.8064
2026-01-04 04:00:00+00:00,134.55,134.8,134.16,134.23,460518.43,61933397.0866,28236971.5339
2026-01-04 05:00:00+00:00,134.24,134.55,134.2,134.5,211682.37,28443005.7989,13950014.9489
2026-01-04 06:00:00+00:00,134.5,134.97,133.62,133.71,789668.86,106030971.987,47882845.0139
2026-01-04 07:00:00+00:00,133.71,134.08,133.52,133.75,427507.06,57208698.0317,24982383.7518
2026-01-04 08:00:00+00:00,133.75,134.12,133.1,134.05,678957.1,90676722.2061,42613527.8966
2026-01-04 09:00:00+00:00,134.04,134.54,133.78,134.27,508454.3,68217733.3757,36337412.9693
2026-01-04 10:00:00+00:00,134.26,134.82,134.16,134.62,568360.49,76451754.725,42434141.4116
2026-01-04 11:00:00+00:00,134.62,134.62,134.08,134.32,379114.16,50950432.0126,25031301.4714
2026-01-04 12:00:00+00:00,134.33,134.84,134.12,134.27,492906.64,66261219.9405,31737708.3833
2026-01-04 13:00:00+00:00,134.27,134.49,133.67,134.47,515555.02,69129492.7775,35230795.0058
2026-01-04 14:00:00+00:00,134.46,134.93,134.15,134.9,674019.84,90693902.2949,46386706.5394
2026-01-04 15:00:00+00:00,134.89,135.32,134.21,134.83,853379.15,115095813.753,60864528.0703
2026-01-04 16:00:00+00:00,134.83,135.5,134.68,135.06,656174.88,88640581.9157,44840578.3574
2026-01-04 17:00:00+00:00,135.06,135.31,134.74,134.77,355115.9,47948478.047,22103411.5945
2026-01-04 18:00:00+00:00,134.77,134.82,133.62,134.13,742888.32,99668014.74,49748753.3258
2026-01-04 19:00:00+00:00,134.13,134.14,133.03,133.51,851531.36,113591157.85,54410303.8073
2026-01-04 20:00:00+00:00,133.51,134.2,133.32,133.97,379007.96,50737454.0095,26380733.0672
2026-01-04 21:00:00+00:00,133.97,134.54,133.64,133.87,345294.69,46295745.8792,23420639.9682
2026-01-04 22:00:00+00:00,133.86,134.38,133.72,134.1,241727.92,32401329.9317,16863275.2236
2026-01-04 23:00:00+00:00,134.1,134.81,133.58,134.04,639294.24,85767833.8366,44965404.3474
2026-01-05 00:00:00+00:00,134.05,135.79,133.93,135.49,1482335.29,199909784.22,101050062.307
2026-01-05 01:00:00+00:00,135.49,137.75,135.23,136.69,2215208.49,302315693.949,160272338.104
2026-01-05 02:00:00+00:00,136.7,137.18,135.62,136.81,993659.76,135606710.571,62082112.7608
2026-01-05 03:00:00+00:00,136.82,137.29,136.51,136.58,740045.42,101303801.363,61892647.8632
2026-01-05 04:00:00+00:00,136.58,136.74,134.88,135.63,1177157.63,159702026.446,67176322.0502
2026-01-05 05:00:00+00:00,135.62,136.28,134.92,134.98,749822.93,101745747.709,47646221.4809
2026-01-05 06:00:00+00:00,134.98,135.64,134.54,135.53,815122.36,110200230.823,49394117.472
2026-01-05 07:00:00+00:00,135.54,135.68,135.02,135.34,494825.29,66953846.3941,34249005.5221
2026-01-05 08:00:00+00:00,135.34,135.89,135.11,135.13,532535.55,72138749.6245,33257301.2479
2026-01-05 09:00:00+00:00,135.13,135.6,134.63,135.37,574230.16,77566236.403,34461942.3211
2026-01-05 10:00:00+00:00,135.38,135.97,135.2,135.74,509091.14,69049528.7892,29788368.5307
2026-01-05 11:00:00+00:00,135.75,135.75,135.16,135.68,618404.19,83756579.596,45646561.9201
2026-01-05 12:00:00+00:00,135.69,135.75,134.81,135.04,497505,67290441.2075,26421419.4469
2026-01-05 13:00:00+00:00,135.05,135.32,133.1,133.71,1898587.47,254437433.921,126326405.794
2026-01-05 14:00:00+00:00,133.71,135.57,133.09,134.93,3162405.84,424138386.088,218680641.591
2026-01-05 15:00:00+00:00,134.94,136.47,134.07,136.08,1995288.7,270039942.816,135240692.343
2026-01-05 16:00:00+00:00,136.08,136.26,134.92,135.35,1102125.32,149346949.417,64541969.3713
2026-01-05 17:00:00+00:00,135.35,136.83,134.25,136.48,1229521.33,166574303.129,92689057.7871
2026-01-05 18:00:00+00:00,136.49,137.55,135.64,137.33,1265461.27,172865602.913,94750327.1413
2026-01-05 19:00:00+00:00,137.33,138.78,137.06,138.2,1746409.04,241083559.685,122135042.887
2026-01-05 20:00:00+00:00,138.2,139.83,137.69,137.82,1696905.96,235363768.699,122786490.543
2026-01-05 21:00:00+00:00,137.82,138.71,137.82,138.34,685739.28,94790783.4346,50016178.9928
2026-01-05 22:00:00+00:00,138.34,139.13,138.24,138.75,514855.6,71402659.0526,32320241.2219
2026-01-05 23:00:00+00:00,138.76,138.91,137.82,137.84,494717.52,68455415.1469,30791478.9135
2026-01-06 00:00:00+00:00,137.84,138.15,136.81,137.66,804371.62,110537717.495,51821767.8898
2026-01-06 01:00:00+00:00,137.66,138.47,137.26,137.49,1024842.8,141306451.799,64254278.841
2026-01-06 02:00:00+00:00,137.5,137.95,137.24,137.53,625718,86086940.638,45159404.9912
2026-01-06 03:00:00+00:00,137.54,138.57,137.49,138.31,606583.61,83751294.7836,46661997.7339
2026-01-06 04:00:00+00:00,138.32,138.94,138.13,138.38,579628.79,80346411.1504,38592305.1997
2026-01-06 05:00:00+00:00,138.37,140.09,138,139.5,1841383.81,255878270.991,165265738.692
2026-01-06 06:00:00+00:00,139.5,139.73,138.76,138.96,898716.71,125101653.128,60314858.4773
2026-01-06 07:00:00+00:00,138.96,139.04,137.26,137.51,1270971.48,175306101.844,78998004.144
2026-01-06 08:00:00+00:00,137.52,138.06,137.31,137.52,586394.41,80764814.2803,40930162.3282
2026-01-06 09:00:00+00:00,137.52,138.35,137.42,137.72,588551.78,81236958.3483,49555541.1539
2026-01-06 10:00:00+00:00,137.72,138.05,137.3,137.65,589279.41,81156692.5693,36114568.2639
2026-01-06 11:00:00+00:00,137.66,139.64,137.55,139.44,1422680.46,197518634.454,114871097.368
2026-01-06 12:00:00+00:00,139.44,139.59,138.81,139.01,742568.49,103343036.737,42355556.0678
2026-01-06 13:00:00+00:00,139.02,139.43,138.66,139.04,870560.4,121026023.556,59155465.9363
2026-01-06 14:00:00+00:00,139.05,143.45,139.05,141.96,5043069.15,714753712.16,408341951.347
2026-01-06 15:00:00+00:00,141.95,143.16,141.06,141.56,2421196.9,344071743.397,170165783.208
2026-01-06 16:00:00+00:00,141.55,141.93,138.05,138.86,2798240.99,390552154.26,179577070.751
2026-01-06 17:00:00+00:00,138.85,139.13,136.33,136.45,2596087.03,357504397.594,152380921.715
2026-01-06 18:00:00+00:00,136.45,137.94,136.12,137.5,1512433.81,207618070.676,102757557.256
2026-01-06 19:00:00+00:00,137.5,138.01,137.21,137.45,534809.17,73602718.0077,38263504.5655
2026-01-06 20:00:00+00:00,137.45,139.14,137.42,138.89,899236.91,124543136.04,65547260.0984
2026-01-06 21:00:00+00:00,138.89,141.96,138.57,140.17,2052621.23,288686444.766,147229594.241
2026-01-06 22:00:00+00:00,140.16,140.95,139.48,140,790204.74,110727601.145,55005090.4177
2026-01-06 23:00:00+00:00,139.99,141.34,139.99,141.03,662565.67,93309618.0103,53323017.2125
2026-01-07 00:00:00+00:00,141.04,141.35,139.73,139.81,858238.21,120734892.457,56652428.575
2026-01-07 01:00:00+00:00,139.81,140.62,138.75,138.84,954390.59,133102895.709,62308199.8752
2026-01-07 02:00:00+00:00,138.84,140.07,138.36,139.89,1082112.08,150563039.35,81108853.0991
2026-01-07 03:00:00+00:00,139.9,140.5,139.29,139.52,628128.56,87842075.4042,38945140.4634
2026-01-07 04:00:00+00:00,139.52,139.66,138.65,138.7,424610.39,59074659.037,25317622.6453
2026-01-07 05:00:00+00:00,138.7,139.27,138.06,138.43,842478.14,116784250.222,52943899.3786
2026-01-07 06:00:00+00:00,138.43,139.01,138.39,138.7,367604.47,50997414.9683,26300880.182
2026-01-07 07:00:00+00:00,138.7,139.36,138.7,139.31,501270.95,69725802.6118,32739357.7426
2026-01-07 08:00:00+00:00,139.31,139.74,138.96,139.32,852116.3,118766752.003,55674948.9699
2026-01-07 09:00:00+00:00,139.32,139.41,136.42,136.78,2649960.87,364486088.994,138610863.618
2026-01-07 10:00:00+00:00,136.79,137.62,136.64,137.48,792105.04,108695794.018,57603286.9322
2026-01-07 11:00:00+00:00,137.48,138.14,137.41,137.84,534825.96,73730030.2409,36965088.359
2026-01-07 12:00:00+00:00,137.84,138.13,137.52,137.85,552810.07,76147237.2492,33733342.7092
2026-01-07 13:00:00+00:00,137.85,138.44,137.44,138.04,783768.54,108138427.376,53505783.5012
2026-01-07 14:00:00+00:00,138.05,138.15,136.5,137.97,1785505.49,245253924.805,119654070.027
2026-01-07 15:00:00+00:00,137.98,138.03,135.17,135.61,2662955.07,362185395.618,173271726.916
2026-01-07 16:00:00+00:00,135.61,136.6,135.23,135.62,926695.46,125906727.958,62556364.7665
2026-01-07 17:00:00+00:00,135.63,136.4,135.3,135.5,755706.04,102610427.197,53131523.2135
2026-01-07 18:00:00+00:00,135.51,135.84,134.55,135.19,1163264.51,157314264.237,77029598.9678
2026-01-07 19:00:00+00:00,135.18,135.94,134.33,135.68,784618.6,105979913.605,54910921.4486
2026-01-07 20:00:00+00:00,135.68,135.95,134.93,135.74,523542.92,70982342.4114,35387209.451
2026-01-07 21:00:00+00:00,135.74,136.28,135.62,136.11,345282.22,46970583.3811,23893212.2198
2026-01-07 22:00:00+00:00,136.1,136.76,135.68,136.4,500618.92,68224277.4285,34547888.2514
2026-01-07 23:00:00+00:00,136.4,137.07,135.78,136.32,1006668.49,137486180.357,88222006.6906
2026-01-08 00:00:00+00:00,136.31,136.91,135.93,136.76,476406.84,64972117.4022,35121610.8626
2026-01-08 01:00:00+00:00,136.76,137.35,136.63,136.76,455773.44,62421228.4732,30899334.7672
2026-01-08 02:00:00+00:00,136.75,138,136.52,137.88,1786694.47,245507702.407,147030640.405
2026-01-08 03:00:00+00:00,137.89,138.3,136.51,136.68,744987.13,102342391.392,43976382.5353
2026-01-08 04:00:00+00:00,136.68,138.29,136.36,137.61,911118.79,125299666.446,62682144.2694
2026-01-08 05:00:00+00:00,137.61,138.04,136.44,136.56,773659.29,106173858.275,46905149.6337
2026-01-08 06:00:00+00:00,136.57,136.7,134.63,134.77,1648365.93,223267439.605,108014340.124
2026-01-08 07:00:00+00:00,134.78,135.92,133.6,135.81,1595475.12,215307683.432,111966368.22
2026-01-08 08:00:00+00:00,135.82,136.17,134.97,135.04,679887.5,92200679.3364,43147089.2091
2026-01-08 09:00:00+00:00,135.05,135.45,134.26,134.4,826395.57,111357129.344,56048054.9666
2026-01-08 10:00:00+00:00,134.4,135.37,133.85,135.01,988297.59,132990342.968,70884236.315
2026-01-08 11:00:00+00:00,135.01,135.25,134.19,134.72,665341.1,89596523.919,41102032.7736
2026-01-08 12:00:00+00:00,134.71,134.76,133.63,134.05,902551.33,121011182.198,53451758.2756
2026-01-08 13:00:00+00:00,134.05,134.55,133.65,134.4,687869.39,92262913.794,52506000.2489
2026-01-08 14:00:00+00:00,134.39,134.42,132.5,133.94,2734981.38,365476086.328,168778830.514
2026-01-08 15:00:00+00:00,133.94,136.5,133.3,136.33,2296469.33,310212751.52,159732104.282
2026-01-08 16:00:00+00:00,136.32,138.14,136.15,138.12,2082127.62,285200421.844,152160979.298
2026-01-08 17:00:00+00:00,138.12,138.8,137.18,138.68,1646657.53,227380064.117,115542339.68
2026-01-08 18:00:00+00:00,138.68,139.07,137.85,138.05,1114853.28,154381623.031,71514105.4405
2026-01-08 19:00:00+00:00,138.05,138.37,137.13,137.48,823987.04,113481564.894,53297008.9681
2026-01-08 20:00:00+00:00,137.48,137.81,136.46,137.63,995685.42,136432666.457,72774891.8028
2026-01-08 21:00:00+00:00,137.63,139.8,137.63,139.56,1374201.33,190749305.411,94714057.3925
2026-01-08 22:00:00+00:00,139.55,140,138.25,138.78,1956388.41,272702327.872,121906731.125
2026-01-08 23:00:00+00:00,138.79,139.13,138.15,138.3,845832.64,117258134.975,58591535.029
2026-01-09 00:00:00+00:00,138.29,139.25,138.22,139.04,540416.3,74983897.429,39810711.7226
2026-01-09 01:00:00+00:00,139.04,139.54,137.66,138.22,1039815.77,143983552.994,72646677.0482
2026-01-09 02:00:00+00:00,138.22,139.48,138.13,138.9,705300.21,98057114.2501,46163488.3956
2026-01-09 03:00:00+00:00,138.91,141.14,138.85,140.73,1517740.83,212728634.453,118170171.314
2026-01-09 04:00:00+00:00,140.73,141.01,139.55,139.68,814510.69,114186568.667,46409536.225
2026-01-09 05:00:00+00:00,139.68,140.1,139.38,139.89,568730.85,79477435.8885,41199198.6614
2026-01-09 06:00:00+00:00,139.88,140.78,139.59,140.62,550498.89,77175719.2069,45241320.801
2026-01-09 07:00:00+00:00,140.62,140.66,139.46,139.51,745161.38,104370019.318,48146923.7997
2026-01-09 08:00:00+00:00,139.51,139.63,136.98,137.89,2020383.88,279420686.383,131261325.034
2026-01-09 09:00:00+00:00,137.89,139.04,137.83,138.4,1102463.26,152797721.585,72643090.672
2026-01-09 10:00:00+00:00,138.4,138.95,138.09,138.67,481628.01,66742821.5209,35369689.3116
2026-01-09 11:00:00+00:00,138.66,138.85,138.01,138.24,596581.16,82551232.8851,40152605.2975
2026-01-09 12:00:00+00:00,138.23,138.58,137.51,137.65,566351.28,78114490.9911,39687075.9455
2026-01-09 13:00:00+00:00,137.65,139.47,137.59,138.57,1409925.35,195115349.332,102570557.931
2026-01-09 14:00:00+00:00,138.57,138.59,136.38,136.8,1804862.29,247789725.896,119601437.635
2026-01-09 15:00:00+00:00,136.8,140.85,136.11,138.75,4037602.33,560601865.969,282415139.185
2026-01-09 16:00:00+00:00,138.76,140.21,138.64,139.89,1399589.53,195344238.243,100691159.236
2026-01-09 17:00:00+00:00,139.89,140.02,137.25,138.37,1602910.72,221640095.144,112265278.838
2026-01-09 18:00:00+00:00,138.37,138.4,135.7,136.76,1616570.75,220997348.839,108931422.162
2026-01-09 19:00:00+00:00,136.75,136.75,135.37,135.71,924632.83,125655557.667,59864156.1152
2026-01-09 20:00:00+00:00,135.71,135.99,134.86,135.51,1255471.76,170002179.605,83865842.1131
2026-01-09 21:00:00+00:00,135.51,136.37,135.32,135.9,621599.18,84468686.4756,41604850.0453
2026-01-09 22:00:00+00:00,135.9,136.15,135.47,136.09,296771.82,40314454.0465,23204277.6455
2026-01-09 23:00:00+00:00,136.09,136.41,135.67,135.88,533741.09,72609967.2513,37388683.9922
2026-01-10 00:00:00+00:00,135.89,136.06,135.6,135.8,275511.57,37423897.0198,18840218.65
2026-01-10 01:00:00+00:00,135.8,136.41,135.68,136.37,355134.75,48336568.3026,26952954.4793
2026-01-10 02:00:00+00:00,136.37,136.62,135.82,136.3,415886.45,56669090.2272,28787760.1758
2026-01-10 03:00:00+00:00,136.3,136.32,135.83,136.05,263970.91,35899149.6072,15426314.6962
2026-01-10 04:00:00+00:00,136.05,136.1,135.66,135.78,282351.33,38344798.6893,14406290.0246
2026-01-10 05:00:00+00:00,135.78,136.28,135.71,135.85,210605.57,28645152.3401,14627671.9016
2026-01-10 06:00:00+00:00,135.85,136.12,135.68,135.91,261410.71,35523096.3672,14412894.8203
2026-01-10 07:00:00+00:00,135.9,136.19,135.87,136,187244.11,25468818.3038,12968855.925
2026-01-10 08:00:00+00:00,136.01,136.29,135.91,136.15,185578.57,25251529.1855,13286888.1544
2026-01-10 09:00:00+00:00,136.14,136.56,136.01,136.53,276748.69,37713291.9618,20752577.8421
2026-01-10 10:00:00+00:00,136.54,136.97,136.3,136.93,561358.67,76719715.671,42004636.4652
2026-01-10 11:00:00+00:00,136.93,136.93,136.3,136.5,356549.8,48709861.6393,21064171.997
2026-01-10 12:00:00+00:00,136.51,136.99,136.47,136.54,429633.6,58723312.1152,29931726.0597
2026-01-10 13:00:00+00:00,136.54,136.56,136,136.26,426325.01,58097394.6933,25130360.9772
2026-01-10 14:00:00+00:00,136.26,136.4,135.93,136.09,332140.71,45219169.1575,20718093.7599
2026-01-10 15:00:00+00:00,136.09,136.47,136,136.35,289433.54,39431340.932,23542890.542
2026-01-10 16:00:00+00:00,136.36,136.59,136.09,136.35,215589.52,29394656.319,14166044.0645
2026-01-10 17:00:00+00:00,136.35,136.65,136.06,136.09,320979.59,43777396.9552,22074761.2864
2026-01-10 18:00:00+00:00,136.1,136.28,135.84,136.1,305916.52,41624896.3445,23009091.0573
2026-01-10 19:00:00+00:00,136.1,136.2,135.92,136.17,149631.02,20358582.1232,10459652.8291
2026-01-10 20:00:00+00:00,136.17,136.22,135.93,136.03,135556,18442735.6004,9299805.6029
2026-01-10 21:00:00+00:00,136.03,136.04,135.66,135.7,253473.8,34430116.7027,16841653.1786
2026-01-10 22:00:00+00:00,135.69,135.87,135.3,135.5,317829.01,43087059.4394,20582907.9867
2026-01-10 23:00:00+00:00,135.49,136,135.43,135.78,204833.27,27802308.1586,15149764.9896
2026-01-11 00:00:00+00:00,135.79,136.39,135.68,136.33,321123.15,43710841.935,22345603.6011
2026-01-11 01:00:00+00:00,136.34,136.43,136.03,136.24,156634.43,21338674.5523,9346081.6059
2026-01-11 02:00:00+00:00,136.23,136.4,135.89,135.96,211085.3,28738469.8361,14468505.9276
2026-01-11 03:00:00+00:00,135.96,136.28,135.79,136.21,257792.25,35059698.9257,20726942.9994
2026-01-11 04:00:00+00:00,136.21,136.35,135.92,136.14,220587.79,30034691.4272,15647639.4612
2026-01-11 05:00:00+00:00,136.14,136.39,135.94,136.23,279257.46,38034585.8061,19396247.8779
2026-01-11 06:00:00+00:00,136.23,136.36,135.83,136.11,309408.69,42104326.6764,21420854.7892
2026-01-11 07:00:00+00:00,136.1,136.21,135.92,136.13,110418.12,15022801.6093,7111468.4826
2026-01-11 08:00:00+00:00,136.13,136.86,136.04,136.7,506538.95,69137326.7039,36686926.3682
2026-01-11 09:00:00+00:00,136.7,136.75,136.27,136.39,316383.76,43198782.3668,19385217.6864
2026-01-11 10:00:00+00:00,136.4,136.66,136.2,136.49,211338.49,28837192.9473,13204205.047
2026-01-11 11:00:00+00:00,136.48,136.71,136.41,136.49,154882.18,21152109.5429,9396027.2018
2026-01-11 12:00:00+00:00,136.5,137.23,136.43,137.01,385230.32,52708778.0714,29936254.7634
2026-01-11 13:00:00+00:00,137,137.28,136.86,137.17,424666.46,58213910.5804,25300671.9149
2026-01-11 14:00:00+00:00,137.18,139.41,137.16,139.16,1417694.8,195814770.219,105185618.454
2026-01-11 15:00:00+00:00,139.16,139.5,137.77,138.38,1811912.05,251108928.924,110974444.5
2026-01-11 16:00:00+00:00,138.38,141.65,138.38,139.98,3274438.14,459186216.419,262288628.219
2026-01-11 17:00:00+00:00,139.99,140.17,138.69,139.64,962456.81,134217469.017,67022398.6628
2026-01-11 18:00:00+00:00,139.63,140.18,139.07,139.98,525126.1,73302744.1374,37814837.5968
2026-01-11 19:00:00+00:00,139.97,140.12,139,139.39,639127.45,89187566.7264,39467293.4371
2026-01-11 20:00:00+00:00,139.39,139.39,137.91,138.49,1034283.89,143188011.142,71171168.7823
2026-01-11 21:00:00+00:00,138.5,138.92,137.93,138.66,497658.44,68809334.7065,32658740.6825
2026-01-11 22:00:00+00:00,138.65,138.66,137.62,138.19,451142.32,62282063.8568,27855972.917
2026-01-11 23:00:00+00:00,138.18,139.74,137.47,139.65,1148244.35,159538321.678,86075975.5037
2026-01-12 00:00:00+00:00,139.65,141.33,138.85,141.27,1685320.92,236396395.105,125875105.175
2026-01-12 01:00:00+00:00,141.26,141.9,140.63,141,1751921.28,247577459.808,110259908.97
2026-01-12 02:00:00+00:00,141,142.73,140.88,142.37,1310396.48,186159238.75,100079832.001
2026-01-12 03:00:00+00:00,142.38,144.4,142.35,142.49,2355576.34,337392525.249,168082164.793
2026-01-12 04:00:00+00:00,142.49,143.04,142.39,142.68,752758.89,107462044.396,56660240.9626
2026-01-12 05:00:00+00:00,142.68,143.18,142.42,142.74,461634.62,65902588.6955,32261340.5621
2026-01-12 06:00:00+00:00,142.73,143.32,141.81,141.96,864816.81,123192494.457,53784025.8643
2026-01-12 07:00:00+00:00,141.97,142.42,141.28,141.34,845581.56,119883570.865,63890079.2029
2026-01-12 08:00:00+00:00,141.35,142,138.95,139.98,2332478.31,327284642.962,166542431.775
2026-01-12 09:00:00+00:00,139.99,140.19,139.06,139.5,1039698.25,145275090.415,74702639.1593
2026-01-12 10:00:00+00:00,139.51,140.12,138.94,139.18,735283.51,102572955.225,49687761.8563
2026-01-12 11:00:00+00:00,139.19,140.09,139.1,139.93,546287.43,76307145.3847,41912750.5827
2026-01-12 12:00:00+00:00,139.93,140.24,139.61,139.68,494445.22,69187960.2506,32100398.5339
2026-01-12 13:00:00+00:00,139.68,140.08,139.29,139.69,585552.57,81774774.2704,39692702.645
2026-01-12 14:00:00+00:00,139.7,140.77,138.59,140.38,1968428.36,275099392.044,133373842.908
2026-01-12 15:00:00+00:00,140.38,142.7,139.98,142.55,2047994.59,289956300.467,144729229.932
2026-01-12 16:00:00+00:00,142.54,144.26,142.05,142.92,2657589.52,380593769.063,178611455.187
2026-01-12 17:00:00+00:00,142.93,143.69,141.1,141.89,1977320.01,281247977.446,133978117.503
2026-01-12 18:00:00+00:00,141.89,142.85,140.54,141.19,1980793.31,280309413.305,146928636.674
2026-01-12 19:00:00+00:00,141.18,141.46,140.56,140.94,787610.93,111075161.461,53421044.9496
2026-01-12 20:00:00+00:00,140.94,141.81,139.9,140.15,883991.16,124368969.647,60904218.1292
2026-01-12 21:00:00+00:00,140.14,140.16,138.23,138.73,1281816.03,178449390.586,88149585.3604
2026-01-12 22:00:00+00:00,138.73,139.75,138.7,139.09,810428.88,112925072.038,59827547.1463
2026-01-12 23:00:00+00:00,139.09,139.45,138.57,139.13,569304.49,79145082.4954,40281155.3377
2026-01-13 00:00:00+00:00,139.13,139.33,138.61,139.2,938160.13,130442847.608,61736804.6721
2026-01-13 01:00:00+00:00,139.2,139.52,138.4,138.82,872473.55,121216041.54,65036469.6834
2026-01-13 02:00:00+00:00,138.82,139.25,138.02,138.3,605444.32,83921591.0501,40398188.898
2026-01-13 03:00:00+00:00,138.3,138.73,137.75,138.66,829635.45,114673147.728,56300921.7369
2026-01-13 04:00:00+00:00,138.66,139.09,138.31,139.06,527636.8,73179644.8921,36784949.9537
2026-01-13 05:00:00+00:00,139.06,140.44,138.73,139.88,1670545.2,233364229.915,114923289.703
2026-01-13 06:00:00+00:00,139.88,140.69,139.76,140.55,751892.22,105462415.931,52147635.5674
2026-01-13 07:00:00+00:00,140.55,140.62,139.88,139.88,614806.5,86213015.6776,36018918.0188
2026-01-13 08:00:00+00:00,139.88,141.82,139.87,141.53,941562.61,132724983.107,72766334.3566
2026-01-13 09:00:00+00:00,141.53,143.09,141.19,141.87,2310490.68,328205401.204,156936019.912
2026-01-13 10:00:00+00:00,141.88,142.59,141.63,142.05,1058159.45,150358434.169,73423020.1804
2026-01-13 11:00:00+00:00,142.06,142.25,141.48,141.8,813330.49,115400150.666,53745913.797
2026-01-13 12:00:00+00:00,141.79,142.33,141.33,142.2,566529.09,80395717.1046,40969174.346
2026-01-13 13:00:00+00:00,142.2,143.5,141.75,142.39,2468030.06,351836698.379,180844198.667
2026-01-13 14:00:00+00:00,142.39,143.79,141.57,141.96,2748772.36,392032863.592,172940657.371
2026-01-13 15:00:00+00:00,141.96,143.46,141.1,143.41,2455860.44,349319394.029,183408563.737
2026-01-13 16:00:00+00:00,143.42,144.56,142.79,143.12,2291244.68,329074115.099,170280217.785
2026-01-13 17:00:00+00:00,143.11,143.61,142.33,142.83,1166770.74,166727559.539,87152414.9415
2026-01-13 18:00:00+00:00,142.82,143.85,142.61,143.42,810781.86,116167384.8,61827859.9839
2026-01-13 19:00:00+00:00,143.42,144.39,142.99,144.18,863386.63,124114392.405,69661937.1132
2026-01-13 20:00:00+00:00,144.18,144.38,142.91,143.76,1041563.48,149635382.717,72619947.9708
2026-01-13 21:00:00+00:00,143.76,144.25,143.3,143.34,616672.43,88671374.9706,39100281.409
2026-01-13 22:00:00+00:00,143.33,148.8,143.33,146.92,3746290.97,549188539.5,313436973.309
2026-01-13 23:00:00+00:00,146.93,147.56,144.58,145.48,1841350.67,268675797.877,140678236.491
2026-01-14 00:00:00+00:00,145.47,145.85,144.29,145.03,1289391.68,187064762.405,88825943.9788
2026-01-14 01:00:00+00:00,145.03,146.19,144.89,145.66,1078894.94,157167162.964,79030945.357
2026-01-14 02:00:00+00:00,145.66,146.56,145.28,145.46,690932.95,100772692.595,48293745.9597
2026-01-14 03:00:00+00:00,145.45,146.32,145.06,146.22,734735.89,107070189.566,55743889.3936
2026-01-14 04:00:00+00:00,146.21,146.41,144.75,144.87,1045160.12,151880408.011,72560787.0763
2026-01-14 05:00:00+00:00,144.88,145.15,144.27,144.42,685251.97,99151291.2202,43649712.9673
2026-01-14 06:00:00+00:00,144.41,144.66,143.86,144.63,822977.43,118677580.276,59278306.9709
2026-01-14 07:00:00+00:00,144.64,145,144.09,144.8,713387.55,103149977.438,48610611.2299
2026-01-14 08:00:00+00:00,144.8,145.13,144.57,144.84,455843.93,66032933.7255,29967899.6017
2026-01-14 09:00:00+00:00,144.84,145.6,144.8,145.43,471032.78,68451392.0574,37775594.5376
2026-01-14 10:00:00+00:00,145.44,145.7,144.46,144.67,764613.86,110907129.531,51927062.1415
2026-01-14 11:00:00+00:00,144.67,144.67,143.45,143.7,1061094.22,152739316.398,72158264.2476
2026-01-14 12:00:00+00:00,143.69,144.7,143.3,144.49,755108.29,108822949.306,49905156.395
2026-01-14 13:00:00+00:00,144.48,144.85,143.98,144.16,708900.76,102345901.596,49756948.6193
2026-01-14 14:00:00+00:00,144.16,147.53,144.15,146.58,2985040.19,436260705.705,245543352.725
2026-01-14 15:00:00+00:00,146.58,147.56,145.89,147.02,2180053.15,319899717.174,160074255.102
2026-01-14 16:00:00+00:00,147.02,148.4,146.78,147.04,2145125.95,316675646.094,156962009.34
2026-01-14 17:00:00+00:00,147.04,147.59,145.66,145.92,1208576.28,177156221.654,78530952.8953
2026-01-14 18:00:00+00:00,145.92,147.4,145.26,146.29,1229621.79,179708130.671,90204843.1241
2026-01-14 19:00:00+00:00,146.29,147.5,146.05,146.75,801735.11,117649524.518,61875497.2795
2026-01-14 20:00:00+00:00,146.76,147.7,146.51,147.48,710614.68,104611991.827,54551382.2174
2026-01-14 21:00:00+00:00,147.48,147.48,146.18,146.86,624646.97,91786899.7416,45207153.8804
2026-01-14 22:00:00+00:00,146.86,147.12,145.74,146.1,541224.55,79228624.5519,38015471.5495
2026-01-14 23:00:00+00:00,146.11,147.05,145.97,146.61,502731.93,73643658.3132,38599339.2615
2026-01-15 00:00:00+00:00,146.62,146.65,145.41,145.99,594979.46,86788499.2987,42263984.8434
2026-01-15 01:00:00+00:00,145.98,146.44,144.7,145.1,824875.89,119923446.146,51870025.9772
2026-01-15 02:00:00+00:00,145.09,145.47,144.2,144.43,781332.7,113097252.403,49771920.1187
2026-01-15 03:00:00+00:00,144.44,144.64,143.1,143.4,1296541.69,186363669.836,82826299.4544
2026-01-15 04:00:00+00:00,143.41,144.4,143.2,144.39,788960.19,113577550.001,61243568.7357
2026-01-15 05:00:00+00:00,144.39,144.77,144.22,144.51,462352.93,66807896.2649,33474107.3627
2026-01-15 06:00:00+00:00,144.51,144.8,144,144.14,505329.2,72944921.6822,35201622.7424
2026-01-15 07:00:00+00:00,144.14,145.22,144.02,144.93,555153.97,80324402.1305,44159601.5201
2026-01-15 08:00:00+00:00,144.94,145.18,144,144.8,629932.08,91005035.8867,45982452.7845
2026-01-15 09:00:00+00:00,144.8,145.95,144.4,145.56,914912.53,133075263.304,70845135.5051
2026-01-15 10:00:00+00:00,145.57,145.62,145.14,145.34,402727.84,58544540.1171,27489451.843
2026-01-15 11:00:00+00:00,145.34,145.61,144.72,144.76,446548.14,64804358.3928,29778702.6099
2026-01-15 12:00:00+00:00,144.76,144.99,144.21,144.8,692762.97,100192456.589,47646614.1912
2026-01-15 13:00:00+00:00,144.81,145.28,144.42,145.11,742954.1,107623380.801,53576067.3053
2026-01-15 14:00:00+00:00,145.11,145.57,143.14,143.85,1934658.03,278969205.843,132093059.421
2026-01-15 15:00:00+00:00,143.84,144.28,141.71,143.39,3121191.31,445588633.063,188535682.96
2026-01-15 16:00:00+00:00,143.39,143.96,142.71,143.46,1015140.68,145425141.05,71261391.8202
2026-01-15 17:00:00+00:00,143.46,144.15,142.39,142.57,935949.56,134128882.679,63563204.517
2026-01-15 18:00:00+00:00,142.57,142.95,141.38,141.48,1277940.76,181508987.744,84756906.1339
2026-01-15 19:00:00+00:00,141.47,141.78,140.77,141.44,1170785.47,165460184.441,77867328.5375
2026-01-15 20:00:00+00:00,141.43,141.83,140.94,141.35,533691.99,75453469.5198,36469952.082
2026-01-15 21:00:00+00:00,141.36,142.2,141.22,142.02,328141.15,46527116.9678,26400346.3462
2026-01-15 22:00:00+00:00,142.02,142.52,141.88,142.31,323180.57,45974155.337,24435341.6445
2026-01-15 23:00:00+00:00,142.31,142.6,141.99,142.32,319496.11,45448638.329,19397533.9772
2026-01-16 00:00:00+00:00,142.33,142.74,142.15,142.36,350269.32,49913640.9826,23393852.7633
2026-01-16 01:00:00+00:00,142.37,142.64,141.89,142.26,437904.9,62253076.7747,30901202.3317
2026-01-16 02:00:00+00:00,142.26,142.26,141.6,142.14,386285.19,54825745.7059,24773389.7802
2026-01-16 03:00:00+00:00,142.13,142.41,141.78,141.87,253476.12,36019040.6168,19643710.7285
2026-01-16 04:00:00+00:00,141.87,142.66,141.36,141.59,665546.6,94467524.266,43191115.657
2026-01-16 05:00:00+00:00,141.59,143.6,141.41,143.11,1027536.35,146647696.92,80842667.2535
2026-01-16 06:00:00+00:00,143.12,143.3,142.65,143.24,402126.21,57513990.9014,24287757.2194
2026-01-16 07:00:00+00:00,143.24,143.26,142.51,142.86,421887.52,60270817.1379,21987480.7845
2026-01-16 08:00:00+00:00,142.86,143.38,142.83,143.08,426063.22,60986403.7796,28355333.7106
2026-01-16 09:00:00+00:00,143.07,143.4,142.79,142.99,393135.78,56262866.9593,28856286.2961
2026-01-16 10:00:00+00:00,142.98,143.1,142.63,143.01,359204.14,51319316.0673,23729553.4543
2026-01-16 11:00:00+00:00,143.02,143.49,142.71,143.08,527387.49,75431522.2885,36040869.4104
2026-01-16 12:00:00+00:00,143.07,143.8,143.04,143.62,535798.06,76889943.1478,40921185.6854
2026-01-16 13:00:00+00:00,143.62,143.62,142.59,143,448477.21,64177397.0818,30092526.1774
2026-01-16 14:00:00+00:00,143,143.68,142.74,142.96,625510.46,89546835.1943,42879781.3185
2026-01-16 15:00:00+00:00,142.96,143.62,140.17,140.68,2513576.24,355745317.802,154346931.895
2026-01-16 16:00:00+00:00,140.68,141.93,140.54,141.83,976057.16,137984158.33,70745164.4996
2026-01-16 17:00:00+00:00,141.83,143.36,141.32,143.26,1219638.09,173664793.101,94715056.3597
2026-01-16 18:00:00+00:00,143.26,144.15,142.91,143.47,943306.33,135330026.592,63533816.6601
2026-01-16 19:00:00+00:00,143.46,144.45,142.93,144.13,921351.08,132518378.609,67005383.8148
2026-01-16 20:00:00+00:00,144.14,144.97,143.41,144.9,741085.25,106900072.387,51689302.6599
2026-01-16 21:00:00+00:00,144.9,145.5,144.64,144.99,780035.36,113151732.88,54211314.8367
2026-01-16 22:00:00+00:00,144.99,145.09,144.5,144.86,457561.55,66261316.3886,29061693.0094
2026-01-16 23:00:00+00:00,144.87,145.15,144.68,144.85,282347.02,40915265.1373,19249211.3664
2026-01-17 00:00:00+00:00,144.84,144.95,144.14,144.28,424725.72,61387978.2049,27527528.0587
2026-01-17 01:00:00+00:00,144.27,144.75,144.17,144.58,257504.08,37220773.4632,18112935.3513
2026-01-17 02:00:00+00:00,144.59,144.61,144.18,144.53,202952.6,29299541.6972,14182861.0677
2026-01-17 03:00:00+00:00,144.53,144.56,144.16,144.3,147252.18,21254081.332,9786511.4379
2026-01-17 04:00:00+00:00,144.29,144.45,144.13,144.27,168514.3,24316111.7559,11816792.0962
2026-01-17 05:00:00+00:00,144.27,144.3,143.85,143.89,288169.3,41504467.8742,15164464.6518
2026-01-17 06:00:00+00:00,143.89,144.03,143.68,143.77,252667.52,36346673.1164,18623498.1757
2026-01-17 07:00:00+00:00,143.76,143.9,143.54,143.56,201279.16,28921153.7234,12869831.8515
2026-01-17 08:00:00+00:00,143.56,144.21,143.53,144.15,264570.88,38087615.7814,23578331.2241
2026-01-17 09:00:00+00:00,144.15,144.58,143.92,144.39,291233.76,42026895.4408,24879365.035
2026-01-17 10:00:00+00:00,144.39,144.56,143.85,143.88,389988.69,56218288.7501,21554815.5379
2026-01-17 11:00:00+00:00,143.88,144.13,143.18,143.92,661274.48,95030062.3405,48347879.2423
2026-01-17 12:00:00+00:00,143.92,144,143.57,143.69,271193.4,38989569.7794,19501444.6621
2026-01-17 13:00:00+00:00,143.68,143.98,143.5,143.91,511212.74,73474680.473,40537786.879
2026-01-17 14:00:00+00:00,143.91,144.22,143.65,143.83,366168.73,52705732.5111,27548428.0171
2026-01-17 15:00:00+00:00,143.83,144.29,143.61,144.25,453874.51,65298566.6752,41386232.282
2026-01-17 16:00:00+00:00,144.24,144.26,143.52,143.8,482711.59,69444198.2539,30504345.5309
2026-01-17 17:00:00+00:00,143.79,144.19,143.74,143.99,207932.42,29935208.1282,13920319.6723
2026-01-17 18:00:00+00:00,143.99,144.22,143.9,144.2,147906.59,21314202.5012,11349851.8588
2026-01-17 19:00:00+00:00,144.19,144.46,144.02,144.2,240883.52,34746328.0386,17348067.0605
2026-01-17 20:00:00+00:00,144.19,144.51,144.12,144.42,124506.37,17974010.2082,8631507.2747
2026-01-17 21:00:00+00:00,144.42,144.51,144.14,144.18,126432.13,18247444.1066,5977166.4378
2026-01-17 22:00:00+00:00,144.17,144.18,143.4,143.69,341305.31,49050251.9958,23006239.9894
2026-01-17 23:00:00+00:00,143.68,143.96,143.56,143.64,205610.47,29553933.6319,14603618.2044
2026-01-18 00:00:00+00:00,143.65,143.92,143.01,143.19,533898.24,76595056.9046,35592762.9074
2026-01-18 01:00:00+00:00,143.18,143.39,141.89,142.7,1279731.02,182329959.976,93678410.0484
2026-01-18 02:00:00+00:00,142.69,142.96,141.8,142.46,690494.34,98234921.3717,46398590.1035
2026-01-18 03:00:00+00:00,142.46,142.84,142.29,142.73,304253.7,43372176.4023,24365963.3925
2026-01-18 04:00:00+00:00,142.73,142.84,142.44,142.74,197029.1,28108087.1269,14688517.7836
2026-01-18 05:00:00+00:00,142.74,142.89,142.46,142.76,165167.21,23571403.8978,12786979.0425
2026-01-18 06:00:00+00:00,142.77,142.94,142.45,142.61,191421.27,27308103.4438,12128881.6468
2026-01-18 07:00:00+00:00,142.61,142.63,141.94,142.04,340487.45,48423113.7105,19553817.3963
2026-01-18 08:00:00+00:00,142.05,142.38,141.81,142.34,399065.12,56699228.7462,29716781.9074
2026-01-18 09:00:00+00:00,142.35,142.56,142.24,142.44,213201.36,30363025.2276,15580253.8136
2026-01-18 10:00:00+00:00,142.44,142.47,142.09,142.34,181242.48,25782411.7999,12429517.824
2026-01-18 11:00:00+00:00,142.35,142.43,142.12,142.32,205277.94,29206805.9545,16450390.6341
2026-01-18 12:00:00+00:00,142.33,142.44,142.1,142.16,176593.56,25120018.5939,12922109.873
2026-01-18 13:00:00+00:00,142.17,142.44,141.91,142.31,376410.62,53510248.547,24746246.907
2026-01-18 14:00:00+00:00,142.31,142.67,141.52,141.62,694089.26,98696801.7245,41385204.3865
2026-01-18 15:00:00+00:00,141.63,142.07,141.4,141.91,485234.47,68798622.5242,35018435.9929
2026-01-18 16:00:00+00:00,141.92,142.15,141.67,141.95,257001.83,36491871.5251,18879859.5269
2026-01-18 17:00:00+00:00,141.95,142.35,141.78,142.28,320137.96,45481133.0646,22842736.2917
2026-01-18 18:00:00+00:00,142.27,142.88,141.99,142.68,549164.67,78264202.4082,36554347.2931
2026-01-18 19:00:00+00:00,142.68,143.19,142.02,142.2,564833.42,80594617.0571,38979308.0518
2026-01-18 20:00:00+00:00,142.2,142.49,141.86,142.39,282169.17,40117783.5142,19172512.5289
2026-01-18 21:00:00+00:00,142.39,142.72,142.31,142.59,140071.61,19968540.0336,10745645.391
2026-01-18 22:00:00+00:00,142.58,142.99,142.39,142.8,306876.67,43790266.9347,20603381.0105
2026-01-18 23:00:00+00:00,142.79,142.79,137.65,137.79,3793228.52,530088984.497,229501328.102
2026-01-19 00:00:00+00:00,137.79,137.79,129.82,133.72,8718793.61,1166786481.47,559884466.237
2026-01-19 01:00:00+00:00,133.71,134.39,133.36,133.73,1099436.44,147140699.198,75557880.0002
2026-01-19 02:00:00+00:00,133.73,134.04,133.4,133.75,624782.34,83543745.3763,40746235.2614
2026-01-19 03:00:00+00:00,133.74,134.06,133.53,133.85,566937.77,75873581.2311,41847128.4029
2026-01-19 04:00:00+00:00,133.85,134,133.46,133.62,364431.97,48726413.924,22783700.9127
2026-01-19 05:00:00+00:00,133.62,133.93,133.26,133.29,913681.35,121995268.378,57308889.7511
2026-01-19 06:00:00+00:00,133.28,133.37,132.64,133.21,797101.16,106020933.085,46659743.642
2026-01-19 07:00:00+00:00,133.21,133.52,133.12,133.39,392468.18,52335706.8658,24437589.1146
2026-01-19 08:00:00+00:00,133.39,133.99,133.2,133.8,731714.48,97812520.8087,48070624.1509
2026-01-19 09:00:00+00:00,133.8,134,133.47,133.66,493556.31,66004380.3405,30783315.6995
2026-01-19 10:00:00+00:00,133.67,133.79,133.45,133.73,284740.13,38051880.5699,17743634.6835
2026-01-19 11:00:00+00:00,133.73,134.32,133.56,134.05,543294.68,72772081.8528,39319676.8964
2026-01-19 12:00:00+00:00,134.05,134.14,133.64,134.07,575481.06,77053695.7409,37998482.1958
2026-01-19 13:00:00+00:00,134.07,134.08,133.52,133.67,426665.78,57077008.7481,26225934.402
2026-01-19 14:00:00+00:00,133.67,133.73,133.2,133.44,530007.27,70728466.5735,35729076.6812
2026-01-19 15:00:00+00:00,133.44,133.87,133.35,133.47,589544.22,78749643.2938,37449252.3836
2026-01-19 16:00:00+00:00,133.48,134.6,133.4,134.39,641033.22,85891359.1412,47367376.6496
2026-01-19 17:00:00+00:00,134.39,134.46,134,134.21,504921.59,67763889.4332,32527656.4367
2026-01-19 18:00:00+00:00,134.2,134.35,133.81,134.19,293841.36,39386175.6102,17984953.3601
2026-01-19 19:00:00+00:00,134.18,134.65,134.16,134.38,240882.38,32378390.3417,14378853.9505
2026-01-19 20:00:00+00:00,134.37,135.1,134.37,134.62,449356.2,60555199.4595,32071484.724
2026-01-19 21:00:00+00:00,134.61,134.91,134,134.03,313201.38,42097288.507,21382260.3634
2026-01-19 22:00:00+00:00,134.02,134.15,132.7,132.89,844793.42,112783710.636,47528929.6119
2026-01-19 23:00:00+00:00,132.89,133.88,132.69,133.38,748559.52,99751737.5552,49069140.6029
2026-01-20 00:00:00+00:00,133.38,133.9,133,133.67,606665.49,80992310.607,44469838.0099
2026-01-20 01:00:00+00:00,133.66,134.23,133.22,133.8,418809.85,56042810.4014,28635864.1957
2026-01-20 02:00:00+00:00,133.81,134.1,133.28,133.79,441968.81,59090156.2682,28176435.8869
2026-01-20 03:00:00+00:00,133.78,134.6,133.43,134.21,776357.74,103983848.471,56330457.899
2026-01-20 04:00:00+00:00,134.2,134.21,133.13,133.34,768718.9,102667613.48,48154981.8797
2026-01-20 05:00:00+00:00,133.35,133.48,132.33,132.97,1058725.08,140739218.442,69835135.9561
2026-01-20 06:00:00+00:00,132.97,132.98,131,131.17,1962104.05,258401652.092,118643837.323
2026-01-20 07:00:00+00:00,131.16,131.7,130.51,130.56,995995.05,130612530.155,61058594.7514
2026-01-20 08:00:00+00:00,130.57,130.73,128.27,129.03,3477529.52,449900747.934,201609766.112
2026-01-20 09:00:00+00:00,129.03,129.15,128.5,128.85,902134.68,116214416.311,53336313.6132
2026-01-20 10:00:00+00:00,128.85,129.28,128.68,128.83,749252.59,96669942.011,47409435.3482
2026-01-20 11:00:00+00:00,128.84,129.42,128.64,128.73,711308.22,91700959.2092,40564870.315
2026-01-20 12:00:00+00:00,128.73,129.39,128.65,129.26,590335.74,76245371.7547,37509252.3891
2026-01-20 13:00:00+00:00,129.26,129.28,128.3,128.37,1085607.72,139693959.352,55186453.3692
2026-01-20 14:00:00+00:00,128.36,129.73,127.75,128.79,2345202.97,301763019.945,145295565.121
2026-01-20 15:00:00+00:00,128.79,128.89,127.15,127.78,2612942.25,334088009.011,143829782.225
2026-01-20 16:00:00+00:00,127.77,128.52,126.2,127,2152761.52,273966564.804,125677034.08
2026-01-20 17:00:00+00:00,127,127.9,126.3,126.92,1373069.32,174400168.175,91103545.2522
2026-01-20 18:00:00+00:00,126.92,127.67,126.79,126.93,807172.15,102691482.982,53321037.5398
2026-01-20 19:00:00+00:00,126.92,127.49,126.54,127.18,609500.13,77425728.9033,37422129.4628
2026-01-20 20:00:00+00:00,127.18,128.03,126.93,127.77,981499.71,125283315.501,60161212.0011
2026-01-20 21:00:00+00:00,127.77,127.9,126.87,126.87,391440.02,49848430.2441,22045297.9177
2026-01-20 22:00:00+00:00,126.88,127.42,124.25,126.03,1562923.98,196422115.227,84475675.0891
2026-01-20 23:00:00+00:00,126.02,126.43,125.51,125.72,829773.38,104549670.094,51311163.4148
2026-01-21 00:00:00+00:00,125.72,127.45,125.66,127.23,887798.45,112435074.186,57572674.6115
2026-01-21 01:00:00+00:00,127.23,127.82,127.12,127.29,701172.9,89357282.3556,41576724.7326
2026-01-21 02:00:00+00:00,127.29,127.73,126.7,126.88,555601.98,70657017.8322,34387677.6878
2026-01-21 03:00:00+00:00,126.87,127.79,126.82,127.54,592207.86,75441555.5671,38953609.6063
2026-01-21 04:00:00+00:00,127.54,127.97,127.39,127.69,384603.47,49097377.6702,25908329.4355
2026-01-21 05:00:00+00:00,127.7,128.68,127.66,128.43,636354.52,81630641.1724,49865614.3818
2026-01-21 06:00:00+00:00,128.43,128.55,127.91,128.16,453328.85,58143329.33,26827800.8303
2026-01-21 07:00:00+00:00,128.16,128.39,127.4,127.53,672538.03,86007405.4007,31894567.8448
2026-01-21 08:00:00+00:00,127.52,127.62,126.9,127.1,592365.8,75396059.7135,34073990.6092
2026-01-21 09:00:00+00:00,127.1,127.71,126.97,127.4,563551.4,71781698.2437,35929016.4157
2026-01-21 10:00:00+00:00,127.4,128.14,127.34,127.66,401750.24,51329517.0497,27342605.6503
2026-01-21 11:00:00+00:00,127.67,127.86,126.73,126.87,711510.4,90606235.7282,44454567.7084
2026-01-21 12:00:00+00:00,126.87,127.39,126.09,127.35,1594025.68,202159147.262,95250207.2143
2026-01-21 13:00:00+00:00,127.35,127.58,126.74,127.04,796826.52,101361356.485,47778397.9032
2026-01-21 14:00:00+00:00,127.04,129.69,126.9,129.47,2547843.95,327875813.53,178169407.258
2026-01-21 15:00:00+00:00,129.47,131.13,129.29,130.38,2311846.68,300777536.312,153792101.315
2026-01-21 16:00:00+00:00,130.37,130.39,125.42,125.52,3268540.57,416878195.81,194237189.532
2026-01-21 17:00:00+00:00,125.51,127,125.17,126.85,2192237.61,276500379.077,139728858.603
2026-01-21 18:00:00+00:00,126.86,127.81,126.28,127.55,1192182.1,151495574.331,72313677.6875
2026-01-21 19:00:00+00:00,127.55,131.64,127.11,131.46,2760529.64,358609789.026,185910010.804
2026-01-21 20:00:00+00:00,131.46,131.6,129.97,131.09,1331140.12,173926950.429,81650449.0746
2026-01-21 21:00:00+00:00,131.09,132.09,130.7,130.99,748340,98283444.5992,52703330.4021
2026-01-21 22:00:00+00:00,131,131.7,130.51,130.54,501256.64,65665656.7141,27873789.6426
2026-01-21 23:00:00+00:00,130.54,130.98,129.08,129.48,748497.25,97233713.5555,41890584.6958
2026-01-22 00:00:00+00:00,129.48,130.27,129.47,129.93,532231.44,69135800.5126,34080686.7199
2026-01-22 01:00:00+00:00,129.92,130.55,129.81,130.15,414820.64,53978439.5886,30066718.9973
2026-01-22 02:00:00+00:00,130.15,130.53,129.64,129.72,357353.21,46504910.5664,21068590.5569
2026-01-22 03:00:00+00:00,129.72,130.22,129.45,129.77,318799.95,41391875.7805,19019381.9259
2026-01-22 04:00:00+00:00,129.77,130.42,129.72,130.28,262441.27,34152777.5929,18888550.065
2026-01-22 05:00:00+00:00,130.28,130.37,129.88,130.04,176677.84,22989893.3274,10917675.1572
2026-01-22 06:00:00+00:00,130.04,130.4,129.66,130.29,328424.94,42693238.1367,23420890.3929
2026-01-22 07:00:00+00:00,130.28,130.37,129.68,129.72,236192.93,30694539.4294,13206777.8578
2026-01-22 08:00:00+00:00,129.73,130.04,129.26,129.87,418900.65,54304241.3863,26216596.7201
2026-01-22 09:00:00+00:00,129.87,130.2,129.53,130.1,358711.47,46595626.2361,23909847.0396
2026-01-22 10:00:00+00:00,130.1,130.3,129.93,130.08,232407.15,30237646.5295,15026948.559
2026-01-22 11:00:00+00:00,130.09,130.27,129.63,130.04,445684.82,57917176.9366,25437343.1644
2026-01-22 12:00:00+00:00,130.04,130.38,129.9,130.01,305790.45,39793325.1492,19930497.3169
2026-01-22 13:00:00+00:00,130,130.89,129.01,129.3,1147776.88,148964536.663,74519649.2783
2026-01-22 14:00:00+00:00,129.29,129.46,127.76,127.83,1962113.49,252308066.478,115309427.694
2026-01-22 15:00:00+00:00,127.83,128.46,126.66,127.32,2068446.9,263860405.278,129723766.653
2026-01-22 16:00:00+00:00,127.32,128.24,126.82,127.81,1171428.32,149359633.54,70210880.7535
2026-01-22 17:00:00+00:00,127.81,128.75,127.46,128.62,639498.3,81927964.8408,39710184.9453
2026-01-22 18:00:00+00:00,128.61,128.72,127.53,127.66,556472.02,71359108.523,32207156.0002
2026-01-22 19:00:00+00:00,127.66,129.3,127.39,129.18,855635.09,109996041.946,63143870.3648
2026-01-22 20:00:00+00:00,129.18,129.7,128.25,128.42,769675.65,99234014.9113,48366440.416
2026-01-22 21:00:00+00:00,128.42,129,128.14,128.24,384303.26,49386183.8481,22299633.8226
2026-01-22 22:00:00+00:00,128.25,128.71,127.95,128.65,290221.67,37238977.9563,18101165.8377
2026-01-22 23:00:00+00:00,128.64,128.66,128.05,128.41,247279.64,31734659.3484,13226408.9204
2026-01-23 00:00:00+00:00,128.42,128.45,128,128.28,211221.84,27092379.1185,13305099.5232
2026-01-23 01:00:00+00:00,128.28,128.87,128.2,128.82,286302.91,36796138.8649,18945587.1903
2026-01-23 02:00:00+00:00,128.83,128.9,128.11,128.11,308158.58,39594470.752,18806348.2764
2026-01-23 03:00:00+00:00,128.11,128.71,128.07,128.7,214812.1,27597177.4532,15190228.2443
2026-01-23 04:00:00+00:00,128.69,129.24,128.53,129.05,579467.59,74693258.1929,37734242.9066
2026-01-23 05:00:00+00:00,129.06,129.06,128.3,128.6,401782.38,51676653.8127,23486340.5675
2026-01-23 06:00:00+00:00,128.6,129.09,127.16,127.43,1019030.97,130528817.314,54027931.4224
2026-01-23 07:00:00+00:00,127.43,128.03,127.43,127.84,449300.65,57395040.3882,30061956.1722
2026-01-23 08:00:00+00:00,127.84,127.93,126.87,127.04,530889.3,67590168.8917,31047950.9265
2026-01-23 09:00:00+00:00,127.04,127.32,126.84,127,417234.74,53021332.7689,28672987.7861
2026-01-23 10:00:00+00:00,127,127.42,126.94,127.21,350210.55,44553347.3419,24581708.8418
2026-01-23 11:00:00+00:00,127.21,127.68,127.15,127.45,294396.84,37537033.6673,18966253.6485
2026-01-23 12:00:00+00:00,127.46,127.46,127.08,127.11,273791.34,34850553.0725,15671293.723
2026-01-23 13:00:00+00:00,127.11,127.35,126.65,126.77,495791.95,62995663.3609,24748736.5311
2026-01-23 14:00:00+00:00,126.77,127.31,125.22,126.04,1885474.6,237737666.941,109075373.125
2026-01-23 15:00:00+00:00,126.05,128.05,125.43,127.84,1447515.14,183401783.196,91754994.3081
2026-01-23 16:00:00+00:00,127.85,129.12,127.37,128.38,1653664.14,212184977.963,108445473.693
2026-01-23 17:00:00+00:00,128.38,130.15,127.8,128.35,1570096.37,202741332.519,103069053.148
2026-01-23 18:00:00+00:00,128.36,129.51,128.18,128.98,862082.69,111150017.06,54337377.2488
2026-01-23 19:00:00+00:00,128.98,129.06,127.59,128.01,1162493.2,149141645.72,62652275.9533
2026-01-23 20:00:00+00:00,128.02,128.21,126.47,126.9,1120535.49,142560791.953,71360845.1341
2026-01-23 21:00:00+00:00,126.9,127.5,126.82,127.06,318806.45,40557366.1892,21255794.1095
2026-01-23 22:00:00+00:00,127.07,127.82,127.04,127.6,235421.81,30027991.2271,16119909.5496
2026-01-23 23:00:00+00:00,127.6,127.6,127.18,127.36,196370.27,25010877.1914,13828456.6997
2026-01-24 00:00:00+00:00,127.37,127.68,127.3,127.32,193288.58,24633767.1424,13274060.199
2026-01-24 01:00:00+00:00,127.33,127.49,127.22,127.48,136834.05,17428277.438,9823047.2371
2026-01-24 02:00:00+00:00,127.48,127.72,127.41,127.64,186201.62,23750801.6132,12202195.4933
2026-01-24 03:00:00+00:00,127.65,128.05,127.52,127.82,267181.21,34159694.0204,17976891.8666
2026-01-24 04:00:00+00:00,127.82,128.04,127.62,127.77,171111.65,21872729.4702,10639306.0777
2026-01-24 05:00:00+00:00,127.78,127.82,127.56,127.73,102025.4,13027541.3272,5141339.8093
2026-01-24 06:00:00+00:00,127.73,127.76,127.46,127.58,93799.33,11967325.471,4525188.5188
2026-01-24 07:00:00+00:00,127.57,127.61,127,127.05,299187.3,38069237.9442,15502939.2283
2026-01-24 08:00:00+00:00,127.06,127.34,126.93,127.3,228942.73,29102673.8011,15895605.1846
2026-01-24 09:00:00+00:00,127.3,127.31,126.94,127.05,172885.85,21972126.8763,10726461.6073
2026-01-24 10:00:00+00:00,127.05,127.2,126.86,127.13,173152.95,21997473.3442,10840938.1319
2026-01-24 11:00:00+00:00,127.13,127.34,127.05,127.12,169393.81,21546940.2083,10534042.8441
2026-01-24 12:00:00+00:00,127.12,127.32,127.02,127.24,154101.19,19598674.0966,9397743.373
2026-01-24 13:00:00+00:00,127.25,127.25,126.86,126.87,192837.54,24505655.4098,8772739.2017
2026-01-24 14:00:00+00:00,126.86,127.21,126.75,127.11,300362.62,38144027.0559,18371891.3259
2026-01-24 15:00:00+00:00,127.11,127.34,126.72,126.78,260514.8,33091246.6405,15445667.8657
2026-01-24 16:00:00+00:00,126.77,127.06,126.56,126.93,294690.9,37359459.7227,17112484.4045
2026-01-24 17:00:00+00:00,126.94,127.21,126.88,127.18,175660.15,22321834.222,10324514.5127
2026-01-24 18:00:00+00:00,127.18,127.39,127.1,127.3,168665.63,21461619.093,10135295.8618
2026-01-24 19:00:00+00:00,127.31,127.43,127.16,127.22,177746.9,22625118.5133,8747538.9535
2026-01-24 20:00:00+00:00,127.21,127.42,127.19,127.21,90575.53,11531160.4606,4449307.384
2026-01-24 21:00:00+00:00,127.22,127.27,127.02,127.08,121967.39,15507396.4395,6472850.0186
2026-01-24 22:00:00+00:00,127.09,127.65,127.07,127.55,226735.3,28885906.8114,16831668.8986
2026-01-24 23:00:00+00:00,127.56,127.68,127.1,127.13,160856.64,20480907.0655,8278364.4154
2026-01-25 00:00:00+00:00,127.13,127.39,126.75,127.26,237814.18,30224447.9705,13688731.3596
2026-01-25 01:00:00+00:00,127.26,127.35,126.88,127.08,152650.81,19398532.0826,10410298.7015
2026-01-25 02:00:00+00:00,127.08,127.36,126.87,126.97,167641.91,21312261.5976,10731460.9275
2026-01-25 03:00:00+00:00,126.97,127.06,126.25,126.55,403122.9,51026676.3842,22073267.4594
2026-01-25 04:00:00+00:00,126.56,126.93,126.44,126.7,222817.96,28225913.3025,15337995.4435
2026-01-25 05:00:00+00:00,126.7,126.88,126.55,126.86,133299.62,16885005.2776,8648555.4408
2026-01-25 06:00:00+00:00,126.87,126.87,126.35,126.64,183581.18,23238152.3868,11807707.2896
2026-01-25 07:00:00+00:00,126.64,126.65,126.27,126.41,142602.51,18032030.6283,9197283.1868
2026-01-25 08:00:00+00:00,126.41,126.76,125.9,126.15,410035.71,51781008.9397,22726003.2207
2026-01-25 09:00:00+00:00,126.15,126.85,126.04,126.65,315234.6,39880725.9182,21838845.2645
2026-01-25 10:00:00+00:00,126.65,127.16,126.57,126.89,304593.11,38650864.291,22481968.4345
2026-01-25 11:00:00+00:00,126.89,126.92,126.5,126.71,187536.82,23764607.0866,10499702.1012
2026-01-25 12:00:00+00:00,126.71,126.99,126.52,126.98,277324.33,35152498.2514,19676726.7452
2026-01-25 13:00:00+00:00,126.98,127.08,126.42,126.9,240332.24,30470373.0804,13248400.3489
2026-01-25 14:00:00+00:00,126.91,126.94,125.6,126.03,687972.71,86715913.1179,40917110.219
2026-01-25 15:00:00+00:00,126.02,126.26,125.38,125.51,579805.95,72951637.3932,29023616.2251
2026-01-25 16:00:00+00:00,125.51,125.51,122,122.69,4140535.62,509953871.68,228801458.102
2026-01-25 17:00:00+00:00,122.68,122.9,121.47,122.13,1394410.98,170193655.045,80526423.9404
2026-01-25 18:00:00+00:00,122.13,122.23,120.56,121.58,1664713.6,202005622.944,93100112.8698
2026-01-25 19:00:00+00:00,121.59,121.77,117,117.86,4361763.62,519626373.291,222248222.078
2026-01-25 20:00:00+00:00,117.87,118.61,117.33,118.24,2780740.29,328049958.725,161107444.103
2026-01-25 21:00:00+00:00,118.24,118.89,117.49,118.73,1831177.28,216460473.363,112518455.095
2026-01-25 22:00:00+00:00,118.74,118.74,117.81,118.32,523214.85,61878212.1096,30029150.0089
2026-01-25 23:00:00+00:00,118.33,119.37,117.46,118.76,1801769.48,213863211.808,115397309.465
2026-01-26 00:00:00+00:00,118.77,119.73,118.45,119.56,1075403.09,128106545.57,70689837.0992
2026-01-26 01:00:00+00:00,119.56,122.72,119.49,122.31,1729494.23,209975180.802,113463136.339
2026-01-26 02:00:00+00:00,122.32,122.61,121.21,121.97,957290.19,116763913.426,60263875.2125
2026-01-26 03:00:00+00:00,121.96,122.28,121.04,121.51,909835.48,110700440.844,61770748.2306
2026-01-26 04:00:00+00:00,121.51,123.55,121.5,122.52,1045489.49,128263326.796,64426857.9192
2026-01-26 05:00:00+00:00,122.52,122.82,122.35,122.41,299756.76,36737738.9065,18914421.5384
2026-01-26 06:00:00+00:00,122.41,122.72,122.12,122.4,363705.49,44524911.0117,22461964.8401
2026-01-26 07:00:00+00:00,122.41,122.96,122.15,122.84,431350.53,52852502.5524,27009705.5451
2026-01-26 08:00:00+00:00,122.85,123.54,122.2,122.64,772338.86,94868841.5636,46015062.5521
2026-01-26 09:00:00+00:00,122.65,122.68,121.71,121.88,685558.58,83709966.3692,40548927.7431
2026-01-26 10:00:00+00:00,121.87,122.64,121.85,122.4,499880.13,61187599.2197,28126914.9209
2026-01-26 11:00:00+00:00,122.39,122.64,122.35,122.46,249749.11,30591107.0483,14641445.7929
2026-01-26 12:00:00+00:00,122.46,122.91,122.29,122.62,372518.69,45673611.0182,24253827.2662
2026-01-26 13:00:00+00:00,122.62,123.23,122.46,123.08,471845.24,57986965.2669,28535753.6152
2026-01-26 14:00:00+00:00,123.09,124.25,122.59,123.72,1844902.07,227565933.876,111632981.431
2026-01-26 15:00:00+00:00,123.72,125.15,122.98,123.46,2036493.16,252479377.825,123003173.558
2026-01-26 16:00:00+00:00,123.45,124.84,123.11,124.24,1209758.6,149997841.949,79142901.2478
2026-01-26 17:00:00+00:00,124.25,124.61,122.96,124.24,956089.57,118280528.258,61640666.6745
2026-01-26 18:00:00+00:00,124.23,125.54,123.9,124.86,1501715,187288518.069,105658062.605
2026-01-26 19:00:00+00:00,124.85,125.09,124.12,124.26,554827.31,69097961.5067,31058396.2034
2026-01-26 20:00:00+00:00,124.26,124.4,123.37,123.63,531968.67,65872862.4336,31547373.2662
2026-01-26 21:00:00+00:00,123.63,124.75,123.46,124.48,601233.66,74695917.497,41943582.7224
2026-01-26 22:00:00+00:00,124.47,124.83,124.19,124.46,261949.37,32618726.6527,16519512.2927
2026-01-26 23:00:00+00:00,124.47,124.83,124.07,124.18,452606.17,56288009.3778,25880626.2158
2026-01-27 00:00:00+00:00,124.17,124.34,123.81,124.03,352949.49,43787041.2677,18005743.9734
2026-01-27 01:00:00+00:00,124.02,124.52,123.66,124.28,434331.7,53917045.8078,26914799.5942
2026-01-27 02:00:00+00:00,124.29,125.08,124.24,124.98,596352.37,74388531.6448,40095025.9435
2026-01-27 03:00:00+00:00,124.98,125.13,124.33,124.44,409030.1,50976066.3267,26593028.6689
2026-01-27 04:00:00+00:00,124.45,125.09,124.19,124.36,363628.01,45311131.8256,23113963.938
2026-01-27 05:00:00+00:00,124.37,124.46,124.08,124.42,265588.82,33005332.0585,18126604.0309
2026-01-27 06:00:00+00:00,124.42,124.68,123.94,124.15,250019.91,31062713.2832,13571420.2687
2026-01-27 07:00:00+00:00,124.14,124.59,124.04,124.46,303202.58,37705031.311,20097544.0232
2026-01-27 08:00:00+00:00,124.45,124.73,124,124.02,433095.79,53841814.4869,27030739.6682
2026-01-27 09:00:00+00:00,124.01,124.02,123.51,123.69,604678.36,74812012.8272,37172823.8148
2026-01-27 10:00:00+00:00,123.69,124.08,123.63,123.66,304126.79,37662299.9948,18723805.4014
2026-01-27 11:00:00+00:00,123.65,124.23,123.56,124.08,300140.8,37185703.9147,23293786.9986
2026-01-27 12:00:00+00:00,124.08,124.29,123.77,123.84,330232.6,40967793.1734,18299367.0935
2026-01-27 13:00:00+00:00,123.84,123.87,123.06,123.13,589142.12,72695871.3714,33200502.2344
2026-01-27 14:00:00+00:00,123.13,124.46,123.12,123.59,1158686.34,143438716.728,79012638.9587
2026-01-27 15:00:00+00:00,123.59,125,123.37,124.94,920453.4,114262871.831,61238145.8446
2026-01-27 16:00:00+00:00,124.94,126.74,124.92,126.25,2289601.99,288589429.843,155923599.739
2026-01-27 17:00:00+00:00,126.24,126.28,123.47,123.98,1927289.79,239910250.264,106807933.32
2026-01-27 18:00:00+00:00,123.97,126.27,123.75,125.76,1125114.99,140579364.876,77005633.5882
2026-01-27 19:00:00+00:00,125.76,126.23,125.34,125.79,714626.08,89860460.9276,47347382.4178
2026-01-27 20:00:00+00:00,125.79,127.48,125.67,127.31,1359068.93,172354411.562,97024252.9628
2026-01-27 21:00:00+00:00,127.31,127.8,126.85,127.01,894614.1,113967664.015,53480799.448
2026-01-27 22:00:00+00:00,127.01,127.78,126.93,127.58,479407.68,61063480.2645,33066697.4815
2026-01-27 23:00:00+00:00,127.59,127.62,127.05,127.12,451012.95,57443889.3684,26377042.3678
2026-01-28 00:00:00+00:00,127.12,127.25,126.57,127.18,581154.73,73760099.0525,29688920.7452
2026-01-28 01:00:00+00:00,127.18,127.47,126.62,127.01,370719.32,47106823.1996,24061725.2657
2026-01-28 02:00:00+00:00,127.01,127.33,126.6,126.99,273183.59,34688278.8025,16166024.8131
2026-01-28 03:00:00+00:00,127,127.17,126.62,126.9,276168.27,35048593.8009,16842793.3364
2026-01-28 04:00:00+00:00,126.89,126.97,126.4,126.77,400706.79,50753959.1801,23164255.6044
2026-01-28 05:00:00+00:00,126.77,126.93,126.39,126.7,307008.31,38878925.4856,17603532.8693
2026-01-28 06:00:00+00:00,126.7,127.49,126.7,127.35,449199.68,57087063.9892,33305395.4678
2026-01-28 07:00:00+00:00,127.35,127.48,126.88,127.04,274248.83,34886795.5912,16185632.3112
2026-01-28 08:00:00+00:00,127.04,127.23,126.6,126.64,385350.08,48889864.3797,20445470.8579
2026-01-28 09:00:00+00:00,126.63,127.56,125.92,127.55,891306.04,113008956.97,58754066.592
2026-01-28 10:00:00+00:00,127.55,128.05,127.24,127.25,577791.8,73680353.1812,37857928.5174
2026-01-28 11:00:00+00:00,127.25,128.3,127.11,128.1,682801.16,87174307.719,50906123.4512
2026-01-28 12:00:00+00:00,128.11,128.19,126.97,127.18,770598.26,98244756.7791,42549415.7581
2026-01-28 13:00:00+00:00,127.19,127.83,126.8,127.26,922164.19,117393183.927,60668330.8653
2026-01-28 14:00:00+00:00,127.27,127.29,126.4,126.79,968049.06,122729162.305,60075483.2026
2026-01-28 15:00:00+00:00,126.78,127.09,125.44,126,1187580.06,149732916.386,76533361.4195
2026-01-28 16:00:00+00:00,126.01,126.59,125.51,126.02,712543.41,89766163.2429,50510163.4165
2026-01-28 17:00:00+00:00,126.02,126.99,125.17,126.47,815534.76,102840361.344,52026015.9782
2026-01-28 18:00:00+00:00,126.47,126.5,125.62,126.03,595624.77,75039306.8223,37627938.8844
2026-01-28 19:00:00+00:00,126.03,126.66,125.23,125.93,1161746.3,146350534.839,72402291.9852
2026-01-28 20:00:00+00:00,125.93,126.62,125.25,125.36,857377.96,107931905.999,61341357.309
2026-01-28 21:00:00+00:00,125.36,125.79,124.69,125.41,990999.41,124083354.652,66875882.2237
2026-01-28 22:00:00+00:00,125.41,125.78,125.07,125.66,399694.55,50156093.0845,27268700.0906
2026-01-28 23:00:00+00:00,125.66,125.7,124.98,125.28,637552.03,79881698.6247,46120399.9772
2026-01-29 00:00:00+00:00,125.29,125.44,124.5,125.05,451229.24,56359556.2959,25979096.8181
2026-01-29 01:00:00+00:00,125.04,125.18,124.04,124.26,623225.72,77593193.6285,33618713.5831
2026-01-29 02:00:00+00:00,124.25,124.72,123.07,123.45,1255206.01,155278569.623,69874423.7074
2026-01-29 03:00:00+00:00,123.45,123.69,122.58,122.99,875361.12,107721263.056,53993680.01
2026-01-29 04:00:00+00:00,122.99,123.45,122.41,123.35,571942.74,70302408.3863,35279003.5035
2026-01-29 05:00:00+00:00,123.36,123.75,123.07,123.16,474756.91,58625330.9828,27594028.2186
2026-01-29 06:00:00+00:00,123.16,123.66,123.01,123.61,311487.35,38422871.865,19084213.0895
2026-01-29 07:00:00+00:00,123.62,123.93,123.57,123.71,281094.59,34789393.6427,17346960.7871
2026-01-29 08:00:00+00:00,123.72,123.86,123.09,123.2,498710.25,61541789.1406,26938724.9742
2026-01-29 09:00:00+00:00,123.2,123.31,122.9,122.95,294440,36241932.6579,15565152.2294
2026-01-29 10:00:00+00:00,122.96,123.24,122.84,123.16,228049.84,28070881.826,14747686.3271
2026-01-29 11:00:00+00:00,123.16,123.23,122.61,122.69,587323.93,72148310.0796,34107976.2873
2026-01-29 12:00:00+00:00,122.69,123.12,122.36,122.78,537297.9,65950159.563,33116336.3138
2026-01-29 13:00:00+00:00,122.78,123.1,122.61,122.85,405979.76,49884250.1879,24442345.8637
2026-01-29 14:00:00+00:00,122.85,123.02,120.25,120.3,2345907.87,285212231.909,131266228.916
2026-01-29 15:00:00+00:00,120.3,120.38,116.03,117.6,6829310.57,805727418.775,370981709.385
2026-01-29 16:00:00+00:00,117.6,118.91,116.57,118.86,2635891.48,310368782.879,153761880.007
2026-01-29 17:00:00+00:00,118.86,119.88,117.51,117.83,2179380.44,258667654.72,117654042.094
2026-01-29 18:00:00+00:00,117.84,118.1,115.29,115.69,3110741.08,362891342.088,153667110.317
2026-01-29 19:00:00+00:00,115.68,117.13,115.33,116.75,1840373.74,213730295.853,117895727.408
2026-01-29 20:00:00+00:00,116.75,117.39,116.46,116.86,1220722.92,142667913.963,68166210.7074
2026-01-29 21:00:00+00:00,116.87,117.66,116.8,117.37,707973.16,82950791.8239,45652596.8875
2026-01-29 22:00:00+00:00,117.38,117.7,117.24,117.49,307579.5,36145175.0429,15991881.213
2026-01-29 23:00:00+00:00,117.5,117.84,117.2,117.72,435023.17,51134314.2066,24907367.9887
2026-01-30 00:00:00+00:00,117.72,118.06,117.43,117.55,538600.55,63408772.7022,31426996.9262
2026-01-30 01:00:00+00:00,117.54,117.83,111.75,115.15,4456566.55,511082378.158,228658964.032
2026-01-30 02:00:00+00:00,115.15,115.32,112.7,114.06,2544329.06,289717610.612,132650413.019
2026-01-30 03:00:00+00:00,114.05,114.6,113.47,114.35,1019602.02,116372392.504,60962752.749
2026-01-30 04:00:00+00:00,114.34,115.76,114.2,115.49,994377.63,114521314.856,63260947.7825
2026-01-30 05:00:00+00:00,115.49,116.03,115.36,115.39,579321.15,66989140.4308,34803305.2741
2026-01-30 06:00:00+00:00,115.39,115.4,112.89,113.8,1711685.84,195296231.394,84847485.1467
2026-01-30 07:00:00+00:00,113.79,116.07,113.79,115.71,1457634.41,168021649.13,95562957.5939
2026-01-30 08:00:00+00:00,115.72,116.12,115.09,115.31,787841.32,91053837.3432,38339720.2781
2026-01-30 09:00:00+00:00,115.31,115.99,114.58,115.3,1323942.94,152658437.271,78338394.3606
2026-01-30 10:00:00+00:00,115.3,115.93,115.03,115.85,761619.68,87931390.1969,48329995.2981
2026-01-30 11:00:00+00:00,115.85,117.24,115.7,117.01,984632.46,114593581.294,65955490.8454
2026-01-30 12:00:00+00:00,117,117.26,115.88,116.21,994704.01,115924775.402,57372242.1071
2026-01-30 13:00:00+00:00,116.21,116.35,115.11,115.74,1289189.08,149236307.248,71121992.5018
2026-01-30 14:00:00+00:00,115.74,117.6,115.72,116.28,1828703.71,213261622.579,114955073.62
2026-01-30 15:00:00+00:00,116.29,117.09,114.5,116.73,2472009.39,286988072.962,147409853.863
2026-01-30 16:00:00+00:00,116.72,117.95,116.13,117.07,1856993.41,217550778.482,106764403.086
2026-01-30 17:00:00+00:00,117.07,117.73,116.47,116.59,1114471.52,130356917.847,61480572.482
2026-01-30 18:00:00+00:00,116.58,118.56,114.26,118.04,3333127.83,387437770.454,197755836.865
2026-01-30 19:00:00+00:00,118.04,119.09,118.04,118.23,2009861.02,238383008.512,114936025.739
2026-01-30 20:00:00+00:00,118.23,118.39,116.32,116.92,1909618.4,224222113.127,94618784.2229
2026-01-30 21:00:00+00:00,116.92,117.98,116.8,117.32,893919.7,104924295.457,55889036.0319
2026-01-30 22:00:00+00:00,117.32,117.51,116.51,117.33,378303.46,44264785.2169,22904719.0148
2026-01-30 23:00:00+00:00,117.32,117.57,116.82,117.54,304770.4,35711034.3043,17416370.0022
2026-01-31 00:00:00+00:00,117.54,117.91,117.31,117.46,476518.52,56047951.2848,22510426.3081
2026-01-31 01:00:00+00:00,117.46,118.29,117.46,118.09,490115.36,57824529.1355,29401521.8317
2026-01-31 02:00:00+00:00,118.08,118.47,117.51,118.24,431909.4,50963723.8708,24874611.1069
2026-01-31 03:00:00+00:00,118.24,118.56,118.08,118.29,275830.18,32629813.3582,15490778.4785
2026-01-31 04:00:00+00:00,118.3,118.77,118.19,118.35,333438.63,39513496.7472,17338197.1922
2026-01-31 05:00:00+00:00,118.35,118.7,117.93,118.54,415598.74,49164944.9998,20909075.8078
2026-01-31 06:00:00+00:00,118.54,118.72,117.81,118.47,559723.87,66190025.5871,31940198.7117
2026-01-31 07:00:00+00:00,118.48,118.53,117.1,117.29,641704.24,75493187.3782,30958318.173
2026-01-31 08:00:00+00:00,117.3,117.46,112.67,115.52,3055216.38,352433379.176,140819698.569
2026-01-31 09:00:00+00:00,115.52,116.77,115.3,116.28,935130.5,108483232.203,54317772.9608
2026-01-31 10:00:00+00:00,116.28,116.86,115.96,116.7,379006.21,44130887.1251,20750762.5169
2026-01-31 11:00:00+00:00,116.7,116.71,115.88,115.96,435905.83,50689853.5223,21998908.0459
2026-01-31 12:00:00+00:00,115.97,116.12,114.95,115.12,793281.19,91631650.1709,44264365.4213
2026-01-31 13:00:00+00:00,115.12,115.16,113.53,114.1,1340301.25,153151686.51,75493368.9806
2026-01-31 14:00:00+00:00,114.1,114.38,108.15,109.06,6865093.49,758449707.144,346985018.91
2026-01-31 15:00:00+00:00,109.06,110.14,108.3,108.57,2449931.22,267581754.928,119944827.021
2026-01-31 16:00:00+00:00,108.58,109.73,105.55,106.21,5027513.96,541032827.735,251322582.437
2026-01-31 17:00:00+00:00,106.21,106.64,100.1,103.26,7218301.59,747367456.1,335979363.372
2026-01-31 18:00:00+00:00,103.26,103.82,95.5,101.85,7436586.19,750211573.828,327169315.199
2026-01-31 19:00:00+00:00,101.85,103.36,101.38,101.65,3558242.17,364333154.21,175456822.845
2026-01-31 20:00:00+00:00,101.65,102.45,100.26,101.85,2298350.64,232552735.763,119142986.481
2026-01-31 21:00:00+00:00,101.85,103.64,101.19,103.33,2058344.54,211077326.715,109661734.913
2026-01-31 22:00:00+00:00,103.34,104.26,103.16,103.98,1012343.04,104940312.617,53798715.2058
2026-01-31 23:00:00+00:00,103.97,106.4,103.72,105.45,1928135.67,202863758.838,104260926.596
2026-02-01 00:00:00+00:00,105.44,106.28,105.16,105.55,1031436.8,109014977.492,57128021.1134
2026-02-01 01:00:00+00:00,105.55,105.67,104.1,104.9,1015976.6,106382682.482,48841187.2054
2026-02-01 02:00:00+00:00,104.9,105.88,104.65,105.46,680937.11,71721148.8325,37203298.2521
2026-02-01 03:00:00+00:00,105.46,105.59,104.42,104.87,518482.57,54392976.3761,23777499.7043
2026-02-01 04:00:00+00:00,104.88,105.43,104.7,105.12,547902.97,57601898.3487,28014398.0426
2026-02-01 05:00:00+00:00,105.13,105.62,104.39,104.62,719755.33,75595432.945,33953548.9971
2026-02-01 06:00:00+00:00,104.62,105.39,104.45,105.01,611770.39,64221323.5712,30995176.0917
2026-02-01 07:00:00+00:00,105.01,105.97,103.87,105.14,1298015.39,136109538.447,61136017.4796
2026-02-01 08:00:00+00:00,105.14,105.99,104.75,105.46,791066.92,83327270.1125,45402284.2849
2026-02-01 09:00:00+00:00,105.46,105.86,104.89,105.73,691284.63,72810743.5943,36596531.1255
2026-02-01 10:00:00+00:00,105.72,105.8,103.44,103.7,1380637.05,144472843.021,59680284.8061
2026-02-01 11:00:00+00:00,103.7,105.34,103.68,104.99,980254.89,102422713.772,56359102.2711
2026-02-01 12:00:00+00:00,104.99,105.14,104.06,104.99,902677.62,94462711.0579,52047515.851
2026-02-01 13:00:00+00:00,104.98,106.67,104.01,104.38,2173282.79,229125517.794,121470438.249
2026-02-01 14:00:00+00:00,104.38,104.76,101.66,102.87,3815560.87,392474329.484,180170174.72
2026-02-01 15:00:00+00:00,102.86,102.89,100.14,101.61,2668124.57,270359433.723,128721098.309
2026-02-01 16:00:00+00:00,101.62,102.82,100.85,101.63,1822180,185638238.634,91069706.6367
2026-02-01 17:00:00+00:00,101.63,102.42,101.04,102.37,898254.45,91322179.3946,45494414.5784
2026-02-01 18:00:00+00:00,102.37,104.16,102.34,103.37,1684268.45,174096789.541,88273793.4529
2026-02-01 19:00:00+00:00,103.36,103.68,101.45,101.88,882240.5,90307684.0876,41248457.3455
2026-02-01 20:00:00+00:00,101.87,102.8,100.11,101.52,1695423.31,171906303.094,84275601.0346
2026-02-01 21:00:00+00:00,101.53,101.65,100.04,100.79,1501816.72,151320340.491,75087621.1936
2026-02-01 22:00:00+00:00,100.79,102.81,100.74,101.72,1137072.72,115815029.257,62105450.0563
2026-02-01 23:00:00+00:00,101.72,102,97.95,100.73,4805834.59,479987504.729,233299042.309
2026-02-02 00:00:00+00:00,100.73,102.87,99.57,102.21,2070385.93,210485084.644,105261669.34
2026-02-02 01:00:00+00:00,102.22,103.09,100.33,102.03,1856188.48,189144672.407,96117534.4737
2026-02-02 02:00:00+00:00,102.03,102.67,100.48,100.68,1196180.77,121534356.946,59726446.3724
2026-02-02 03:00:00+00:00,100.68,100.83,95.83,100,5708688.05,559860147.642,269808536.347
2026-02-02 04:00:00+00:00,100.01,101.75,98.58,100.26,2191033.83,219715179.368,115067529.84
2026-02-02 05:00:00+00:00,100.26,100.4,97.57,98.22,2359649.8,232774341.456,109430750.132
2026-02-02 06:00:00+00:00,98.22,101.39,97,100.67,3863320.65,383684063.362,199819780.588
2026-02-02 07:00:00+00:00,100.67,102.39,100.4,101.38,1863273.05,188838388.04,105521781.685
2026-02-02 08:00:00+00:00,101.39,102.42,101.33,101.65,1132445.27,115345714.781,60404945.1934
2026-02-02 09:00:00+00:00,101.65,103.16,101.36,102.74,1352979.94,138607794.251,72955061.8116
2026-02-02 10:00:00+00:00,102.73,103.39,102.56,102.84,853481.25,87867138.3031,41272262.0678
2026-02-02 11:00:00+00:00,102.85,103.37,102.58,102.73,641204.17,66042441.6046,31288736.7826
2026-02-02 12:00:00+00:00,102.73,103.7,102.72,103.24,904498.97,93328216.695,49206068.0746
2026-02-02 13:00:00+00:00,103.23,103.64,102.76,103.25,894369.92,92269195.2815,46485367.0786
2026-02-02 14:00:00+00:00,103.26,105.11,102.29,103.92,3128764.04,325030703.043,170401295.391
2026-02-02 15:00:00+00:00,103.92,106.06,103.51,104.63,2364647.54,248250148.395,131056896.667
2026-02-02 16:00:00+00:00,104.62,105.71,104.2,104.93,1256892.46,132008336.75,71572995.8566
2026-02-02 17:00:00+00:00,104.93,105.53,104.37,104.74,802876.75,84301971.4637,41368192.4887
2026-02-02 18:00:00+00:00,104.75,104.97,103.79,104.64,1105026.91,115249851.368,55036104.7153
2026-02-02 19:00:00+00:00,104.64,104.76,103.43,103.83,769521.78,80031657.9338,40825956.0961
2026-02-02 20:00:00+00:00,103.83,104.2,103.25,103.77,951811.2,98709445.1272,48988857.6962
2026-02-02 21:00:00+00:00,103.78,104.92,103.72,104.75,576590.76,60254009.096,34743467.0938
2026-02-02 22:00:00+00:00,104.76,105.13,104.5,104.94,358232.41,37571362.302,17840728.8135
2026-02-02 23:00:00+00:00,104.95,105,104.34,104.48,366557,38347123.4386,18938351.8678
2026-02-03 00:00:00+00:00,104.47,104.6,103.62,104.09,765957.43,79639653.0556,38673790.4176
2026-02-03 01:00:00+00:00,104.1,104.33,103.47,104.31,512673.74,53261542.2328,28359279.4377
2026-02-03 02:00:00+00:00,104.32,104.34,102.26,102.35,1023798.39,105577974.187,43223179.4572
2026-02-03 03:00:00+00:00,102.36,104.36,102.08,104.1,1274430.25,131308674.745,71026510.4163
2026-02-03 04:00:00+00:00,104.09,105.06,103.79,104.62,660046.96,68930217.0162,37692652.1604
2026-02-03 05:00:00+00:00,104.63,104.68,103.58,103.65,512403.99,53285850.4635,22929311.4935
2026-02-03 06:00:00+00:00,103.65,104.02,102.88,103.9,726413.89,75156999.4917,35642439.5223
2026-02-03 07:00:00+00:00,103.91,104.85,103.68,104.62,575805.04,60112076.8689,32289813.0885
2026-02-03 08:00:00+00:00,104.62,104.95,103.99,104.03,833604.94,87140484.6374,44625314.5958
2026-02-03 09:00:00+00:00,104.03,104.14,102.43,103.03,1521989.23,156951623.277,70807678.0137
2026-02-03 10:00:00+00:00,103.04,103.25,102.38,102.8,687352.29,70661526.1814,33225442.2143
2026-02-03 11:00:00+00:00,102.8,103.33,102.75,102.92,534039.24,55040778.594,27316729.8802
2026-02-03 12:00:00+00:00,102.93,103.29,102.42,103.05,666079.98,68531641.4902,34453153.2367
2026-02-03 13:00:00+00:00,103.05,103.53,102.68,103.33,622811.94,64174925.0982,31255926.2076
2026-02-03 14:00:00+00:00,103.34,103.58,100.7,100.79,2049817.74,209210719.241,97403245.2613
2026-02-03 15:00:00+00:00,100.78,102.73,100.3,102.52,3235872.8,328553904.748,176959923.529
2026-02-03 16:00:00+00:00,102.52,102.52,99.81,100.67,2123579.52,214188385.812,100764512.687
2026-02-03 17:00:00+00:00,100.67,100.93,98.94,99.04,2122517.05,211790393.223,100326969.701
2026-02-03 18:00:00+00:00,99.04,99.38,96.6,96.77,3485573.31,341406446.715,154895493.869
2026-02-03 19:00:00+00:00,96.77,100.03,96.63,98.95,3700289.01,365406331.052,201116109.755
2026-02-03 20:00:00+00:00,98.94,102.12,98.23,101.08,3274952.12,328467728.075,174511545.756
2026-02-03 21:00:00+00:00,101.09,101.76,99.89,100.14,1650981.42,166619860.03,78607721.6387
2026-02-03 22:00:00+00:00,100.14,100.21,98.07,98.41,1234315.2,122448882.646,56806932.3487
2026-02-03 23:00:00+00:00,98.41,98.53,97.11,97.81,1786707.83,174741439.398,84681689.2852
2026-02-04 00:00:00+00:00,97.82,98.73,97.08,97.9,1206153.62,118145637.388,60879140.4725
2026-02-04 01:00:00+00:00,97.9,99.6,97.9,99.04,1226127.04,121541020.493,59049260.4098
2026-02-04 02:00:00+00:00,99.03,99.13,97.31,97.84,1025695.7,100731950.01,41750761.0958
2026-02-04 03:00:00+00:00,97.83,99.58,97.81,99.04,1136160.39,112371085.539,60338814.5846
2026-02-04 04:00:00+00:00,99.03,99.27,97.95,98.01,698174.04,68894402.7476,24839292.0018
2026-02-04 05:00:00+00:00,98.01,98.38,96.2,96.88,1656131.88,161256843.886,67080231.3748
2026-02-04 06:00:00+00:00,96.88,98.69,96.61,98.13,1673718.39,163650663.783,87414283.9172
2026-02-04 07:00:00+00:00,98.12,98.17,97.28,97.82,1021105.53,99830943.4292,49869362.1734
2026-02-04 08:00:00+00:00,97.83,97.88,96.69,97.64,1208095.81,117507411.499,53922455.5124
2026-02-04 09:00:00+00:00,97.64,97.71,96.69,97.07,1102946.6,107074547.728,46727414.2955
2026-02-04 10:00:00+00:00,97.07,97.23,96.7,96.96,654864.37,63476721.1058,27990451.5696
2026-02-04 11:00:00+00:00,96.97,97.01,94.5,96.03,4763604.01,455974881.571,209546199.206
2026-02-04 12:00:00+00:00,96.04,96.69,95.77,96.41,879602.93,84600086.2601,41748963.9796
2026-02-04 13:00:00+00:00,96.4,96.42,94.07,94.31,2308104.09,219430948.311,92767954.975
2026-02-04 14:00:00+00:00,94.3,94.97,92.81,93.02,4452825.93,418387856.845,196386819.649
2026-02-04 15:00:00+00:00,93.03,94.12,91.19,92.69,4976463.86,461253524.835,228401413.381
2026-02-04 16:00:00+00:00,92.69,93.03,90.87,91.89,3790882.26,348366306.894,175807730.735
2026-02-04 17:00:00+00:00,91.88,92.54,89.92,91.35,4358090.65,396852486.587,194446092.378
2026-02-04 18:00:00+00:00,91.35,93.19,90.24,92.24,3798679.92,348523860.573,181870875.185
2026-02-04 19:00:00+00:00,92.23,94.67,92.2,94.32,3896273.27,365343552.225,193360848.081
2026-02-04 20:00:00+00:00,94.32,94.46,92.94,93.19,1380417.85,129226926.852,62789433.8661
2026-02-04 21:00:00+00:00,93.2,93.35,90.68,91.28,2552870.42,234608562.777,111461697.627
2026-02-04 22:00:00+00:00,91.27,92.85,89.19,90.78,3082797.95,280449791.729,138718937.96
2026-02-04 23:00:00+00:00,90.77,92.9,90.21,92.07,1903064.19,174527225.55,91989243.0509
2026-02-05 00:00:00+00:00,92.07,92.72,91.33,91.69,975620.84,89804100.4058,44409618.7924
2026-02-05 01:00:00+00:00,91.7,92.88,90.48,91.89,2053528.5,188643480.827,89867018.7786
2026-02-05 02:00:00+00:00,91.88,92.67,90.63,90.87,2010682.56,184078679.509,91433123.1223
2026-02-05 03:00:00+00:00,90.86,91.66,90.13,91.1,1988632.22,180811825.64,92216091.9833
2026-02-05 04:00:00+00:00,91.1,91.89,90.26,91.08,2162957.32,196912096.701,99740430.7407
2026-02-05 05:00:00+00:00,91.08,92.07,89.85,91.13,3028691.75,275375688.777,138788971.427
2026-02-05 06:00:00+00:00,91.12,91.21,89.62,90.16,2104977.79,189695925.534,89145198.8036
2026-02-05 07:00:00+00:00,90.16,91.63,90.1,90.5,1758266.95,160135155.488,85745695.6619
2026-02-05 08:00:00+00:00,90.51,92.44,90.51,91.73,1499400.94,137384094.815,70590058.2076
2026-02-05 09:00:00+00:00,91.74,93.4,91.7,92.47,1425461.93,132049564.39,74863897.6944
2026-02-05 10:00:00+00:00,92.47,92.6,89.7,90.22,2302104.52,209694323.209,89453844.307
2026-02-05 11:00:00+00:00,90.23,90.75,88.61,89.92,3504436.26,314373225.852,154161562.429
2026-02-05 12:00:00+00:00,89.93,90.72,88.64,89.47,3224085.71,288504833.429,144795488.192
2026-02-05 13:00:00+00:00,89.46,90,88.14,88.44,2100937.68,186568232.761,94303273.665
2026-02-05 14:00:00+00:00,88.44,91.43,88.25,88.56,4337491.59,389713778.345,199568747.976
2026-02-05 15:00:00+00:00,88.57,88.96,83.36,84.55,10515115.39,898991921.572,434786063.232
2026-02-05 16:00:00+00:00,84.55,86.18,83.61,85.5,5049746.48,428518593.774,224989558.18
2026-02-05 17:00:00+00:00,85.49,85.66,82.34,82.64,5310450.21,444095372.813,206578200.66
2026-02-05 18:00:00+00:00,82.64,83.28,81.12,82.89,4529247.51,371850840.321,185819839.473
2026-02-05 19:00:00+00:00,82.9,83.27,81.35,81.63,2881346.02,236979649.221,120809485.076
2026-02-05 20:00:00+00:00,81.63,82.26,77.6,78.77,10167536.83,806888736.223,376507630.763
2026-02-05 21:00:00+00:00,78.78,81.14,78.29,78.93,4695034.07,373833939.32,184237680.705
2026-02-05 22:00:00+00:00,78.94,80.65,77.49,79.76,4298207.74,339968644.014,178817183.613
2026-02-05 23:00:00+00:00,79.77,81.57,78.01,78.29,3463688.1,276074525.107,125282478.096
2026-02-06 00:00:00+00:00,78.29,78.74,67.29,75.42,18817305.45,1371039353.12,665756220.686
2026-02-06 01:00:00+00:00,75.42,79.67,75.4,79.48,5382571.76,416992943.331,217889756.431
2026-02-06 02:00:00+00:00,79.48,80.22,76.34,76.89,4830997.8,376291390.131,187212726.084
2026-02-06 03:00:00+00:00,76.89,77.35,75.68,76.66,2634863.89,201529059.818,98866515.3066
2026-02-06 04:00:00+00:00,76.66,77.97,76.16,77.69,2091054.2,161224657.321,76967574.3572
2026-02-06 05:00:00+00:00,77.68,81.56,77.51,81.06,3251935.66,258784052.394,146731814.243
2026-02-06 06:00:00+00:00,81.07,81.51,79.31,79.41,2742740.24,220508130.011,107570405.608
2026-02-06 07:00:00+00:00,79.41,80.55,78.67,79.5,2399367.12,190635397.562,93064567.5848
2026-02-06 08:00:00+00:00,79.49,80.14,78.55,78.98,2182115.84,172858899.156,84951355.2344
2026-02-06 09:00:00+00:00,78.97,81.58,78.84,81.22,2315731.36,185567894.949,102714349.136
2026-02-06 10:00:00+00:00,81.22,81.98,80.63,80.73,2055867.84,166983839.461,83096318.7059
2026-02-06 11:00:00+00:00,80.73,81.66,80.36,81.26,1859468.69,150692854.565,79674428.7537
2026-02-06 12:00:00+00:00,81.25,81.86,80.72,81.78,1349575.41,109773036.06,52235536.0762
2026-02-06 13:00:00+00:00,81.78,83.75,81.58,83.01,3837850.57,317682319.204,178797787.339
2026-02-06 14:00:00+00:00,83.01,85.14,81.82,84.1,5083614.14,424375409.457,213729346.706
2026-02-06 15:00:00+00:00,84.11,84.98,83.31,84.4,3683094.5,309981274.703,157673481.879
2026-02-06 16:00:00+00:00,84.39,87.1,83.5,86.58,4440409.73,380622438.496,201310131.449
2026-02-06 17:00:00+00:00,86.57,88.59,86.02,86.58,3787426.63,330451639.694,174738211.665
2026-02-06 18:00:00+00:00,86.57,86.73,85.1,86.03,2810991.08,241430427.458,113944037.304
2026-02-06 19:00:00+00:00,86.03,87.35,85.41,86.97,1984889.98,171545966.45,89777752.5177
2026-02-06 20:00:00+00:00,86.97,87.87,86.48,86.83,1873875.26,163250481.699,80959875.6738
2026-02-06 21:00:00+00:00,86.83,88.13,86.5,87.97,1220345.21,106728258.4,52879143.0975
2026-02-06 22:00:00+00:00,87.97,89.74,87.85,89.1,1648356.95,146379502.589,81285858.9082
2026-02-06 23:00:00+00:00,89.09,89.53,87.25,87.42,1692742.74,149123234.922,67859557.4627
2026-02-07 00:00:00+00:00,87.41,87.42,86.04,86.51,1993108.33,172595951.558,78036998.9256
2026-02-07 01:00:00+00:00,86.51,87.43,85.84,87.06,1142680.08,98931878.8645,49164450.5163
2026-02-07 02:00:00+00:00,87.06,87.54,86.72,87.23,663029.84,57724453.1936,26862896.2974
2026-02-07 03:00:00+00:00,87.24,88.31,87.16,88.01,1044658.86,91806577.0494,50126975.3758
2026-02-07 04:00:00+00:00,88.01,88.97,87.21,87.65,1285392.74,113337645.117,59312587.395
2026-02-07 05:00:00+00:00,87.64,88.57,87.49,87.75,948662.11,83459114.5288,37912831.6435
2026-02-07 06:00:00+00:00,87.74,88.17,86.16,86.21,1101961.49,96145819.6693,39725921.6607
2026-02-07 07:00:00+00:00,86.21,86.59,84.15,85.24,4578018.92,390548331.173,171642140.902
2026-02-07 08:00:00+00:00,85.24,85.66,84.68,85.29,1308229.71,111398710.786,52857344.7501
2026-02-07 09:00:00+00:00,85.3,85.67,84.75,85.19,941421.77,80178051.5932,37927447.8684
2026-02-07 10:00:00+00:00,85.18,85.46,84.44,84.94,901653.22,76568950.6518,35378107.7345
2026-02-07 11:00:00+00:00,84.93,85.16,84.52,84.85,814353.41,69090740.1816,37328431.2426
2026-02-07 12:00:00+00:00,84.85,87.15,84.78,86.16,2405119.08,207164504.627,113997287.144
2026-02-07 13:00:00+00:00,86.16,86.59,85.48,86.06,874864.61,75217662.9067,38325507.1405
2026-02-07 14:00:00+00:00,86.07,86.55,85.43,85.71,1013713.16,87108413.9052,40189908.6687
2026-02-07 15:00:00+00:00,85.71,86.91,85.59,86.52,1321513.19,114147053.914,59478686.7278
2026-02-07 16:00:00+00:00,86.51,88.07,86.11,86.99,6317534.03,550373855.989,281873929.465
2026-02-07 17:00:00+00:00,87,87.67,86.42,87.58,789231.58,68753647.3624,33252362.4473
2026-02-07 18:00:00+00:00,87.57,89.15,87.38,88.65,1234263.76,109050322.898,61358511.9371
2026-02-07 19:00:00+00:00,88.65,88.73,87.93,88.22,812568.05,71782656.1216,29525724.168
2026-02-07 20:00:00+00:00,88.21,89.13,87.92,88.83,697746.61,61757213.4606,31720710.8916
2026-02-07 21:00:00+00:00,88.83,89.11,88.02,88.12,562586.99,49823324.5692,24368628.6526
2026-02-07 22:00:00+00:00,88.13,88.69,88.08,88.21,435263.71,38458131.4727,20016487.325
2026-02-07 23:00:00+00:00,88.21,88.29,86.8,87.51,829647.79,72535800.2053,29442182.2735
2026-02-08 00:00:00+00:00,87.52,87.6,87.03,87.27,551983.92,48170507.584,22481040.1686
2026-02-08 01:00:00+00:00,87.27,87.93,87.24,87.79,399947.65,35068371.049,18163328.9077
2026-02-08 02:00:00+00:00,87.8,88.15,86.83,87.19,609105.22,53257284.1058,23983535.5372
2026-02-08 03:00:00+00:00,87.2,87.47,86.63,86.74,498116.4,43368093.1768,19454652.1031
2026-02-08 04:00:00+00:00,86.74,87.33,86.53,87.32,445988.42,38779808.9012,20311257.7207
2026-02-08 05:00:00+00:00,87.32,87.48,86.95,87.2,270493.3,23585290.4825,11151808.2671
2026-02-08 06:00:00+00:00,87.21,87.43,86.86,87.08,320560.34,27949837.7224,13403003.7771
2026-02-08 07:00:00+00:00,87.08,87.32,86.59,87.32,540540.07,46991196.4972,24251767.7909
2026-02-08 08:00:00+00:00,87.32,88.75,86.85,88.55,1434069.56,126186025.834,71535723.1502
2026-02-08 09:00:00+00:00,88.54,88.93,87.45,87.52,984404.51,86764213.3548,43264997.5343
2026-02-08 10:00:00+00:00,87.52,88.05,86.34,86.81,1215882.3,105744984.75,49384240.1521
2026-02-08 11:00:00+00:00,86.81,88.24,86.67,88.16,1183268.11,103797505.034,56057814.7426
2026-02-08 12:00:00+00:00,88.17,88.32,87.6,88.07,818459.37,71979257.4645,35973824.7022
2026-02-08 13:00:00+00:00,88.07,88.82,87.67,88.5,1213953.5,107203335.345,53233159.3462
2026-02-08 14:00:00+00:00,88.5,88.67,87.94,88.37,648813.74,57287565.2918,24677901.314
2026-02-08 15:00:00+00:00,88.38,88.71,87.26,87.71,1259041.61,110678229.105,53324353.3095
2026-02-08 16:00:00+00:00,87.71,87.85,85.68,86.14,1674416.27,145071973.991,64181569.0036
2026-02-08 17:00:00+00:00,86.13,87.05,86.09,86.86,889354.42,77091183.3869,40775691.2526
2026-02-08 18:00:00+00:00,86.85,88.57,86.84,87.75,1179723.65,103596934.947,56252056.3152
2026-02-08 19:00:00+00:00,87.75,88.54,87.73,88.34,648485.88,57193232.4008,29418560.0745
2026-02-08 20:00:00+00:00,88.34,88.35,86.69,86.84,920376.96,80417432.8633,38513550.3832
2026-02-08 21:00:00+00:00,86.85,87.29,86.17,86.54,737649.39,63962634.0782,30839995.8074
2026-02-08 22:00:00+00:00,86.55,87.2,86.37,87.07,440696.75,38254180.1855,20393255.3344
2026-02-08 23:00:00+00:00,87.07,89.09,86,86.92,2837603.83,248136105.828,125253746.773
2026-02-09 00:00:00+00:00,86.91,87.4,86.3,87.01,900255.81,78172122.3433,40844658.0887
2026-02-09 01:00:00+00:00,87,87.93,85.66,86.35,1561177.85,135239930.815,63262810.4579
2026-02-09 02:00:00+00:00,86.35,87.84,86.13,86.96,1111447.27,96827075.1824,49558191.6261
2026-02-09 03:00:00+00:00,86.96,87.86,86.78,87.62,873802.89,76301023.9121,38717800.468
2026-02-09 04:00:00+00:00,87.61,87.67,86.9,87.06,566632.07,49437162.4525,25622803.8593
2026-02-09 05:00:00+00:00,87.05,87.41,86.82,87.19,483930.55,42137912.01,20675203.6843
2026-02-09 06:00:00+00:00,87.2,87.2,85.88,86.37,1033735.44,89252787.0227,41569539.6671
2026-02-09 07:00:00+00:00,86.37,86.51,85.12,85.43,1273730.84,109258740.975,47906575.4156
2026-02-09 08:00:00+00:00,85.43,85.57,83.76,84.5,1936289.99,163875897.686,73850202.4905
2026-02-09 09:00:00+00:00,84.5,84.86,83.88,84.27,1009128.43,85088373.052,42612624.0951
2026-02-09 10:00:00+00:00,84.27,84.43,82.82,83.2,1961138.1,163700599.098,75280242.2117
2026-02-09 11:00:00+00:00,83.19,83.68,83.18,83.43,826925.78,68990504.6102,36006907.7087
2026-02-09 12:00:00+00:00,83.44,84.33,83.39,84.01,880331.59,73867774.0498,41521888.4819
2026-02-09 13:00:00+00:00,84,84.58,83.69,83.73,899340.46,75651754.8166,37288217.0742
2026-02-09 14:00:00+00:00,83.72,85.21,83.51,84.9,2392014.09,201599096.113,106852219.808
2026-02-09 15:00:00+00:00,84.91,85.77,84.27,85.23,2024389.89,172314882.827,88308050.332
2026-02-09 16:00:00+00:00,85.23,86.86,84.75,86.04,1650878.33,141763527.771,81572751.3902
2026-02-09 17:00:00+00:00,86.05,88.06,85.57,87.74,2307185.93,200969586.359,106729252.155
2026-02-09 18:00:00+00:00,87.73,88.66,87.01,87.46,2084385.37,183047639.939,88055886.5547
2026-02-09 19:00:00+00:00,87.45,88.18,87.08,87.9,1161591.12,101777708.851,53871934.3725
2026-02-09 20:00:00+00:00,87.89,88.28,87.12,87.7,851215.98,74581483.532,34770311.1272
2026-02-09 21:00:00+00:00,87.7,87.84,86.45,87.27,868171.29,75550002.6428,35424750.3536
2026-02-09 22:00:00+00:00,87.27,87.53,86.9,87.05,477077.62,41610266.611,19648640.8888
2026-02-09 23:00:00+00:00,87.06,87.36,86.59,86.71,360889.48,31381406.3032,16090174.8151
2026-02-10 00:00:00+00:00,86.71,86.88,86.25,86.36,439156.04,37996693.4787,17675999.8385
2026-02-10 01:00:00+00:00,86.36,87.44,86.32,87.22,550982.19,47981061.7366,25724956.8167
2026-02-10 02:00:00+00:00,87.22,87.28,86.36,86.62,439451.78,38143810.483,19935242.5305
2026-02-10 03:00:00+00:00,86.62,86.81,85.2,85.8,1224973.27,105084634.252,45502008.3998
2026-02-10 04:00:00+00:00,85.8,86.62,85.72,86.5,587827.34,50694327.2955,25407368.3671
2026-02-10 05:00:00+00:00,86.49,86.53,85.54,85.89,609133.57,52412696.4627,24541784.2636
2026-02-10 06:00:00+00:00,85.88,85.98,84.26,84.55,1393552.81,118444710.304,49370900.029
2026-02-10 07:00:00+00:00,84.56,85.07,84.36,84.59,970875.49,82224266.1481,40189495.6953
2026-02-10 08:00:00+00:00,84.58,84.84,84.11,84.59,1039381.9,87825325.8425,41985213.1354
2026-02-10 09:00:00+00:00,84.58,85.03,84.21,84.51,843604.91,71464908.9351,34021622.0764
2026-02-10 10:00:00+00:00,84.51,84.7,84.14,84.16,463511.34,39104508.6505,18827094.4399
2026-02-10 11:00:00+00:00,84.17,84.55,83.69,83.79,1050336.17,88290731.3158,41292838.9305
2026-02-10 12:00:00+00:00,83.78,84.32,83.58,83.89,867089.81,72826577.9579,35062881.1254
2026-02-10 13:00:00+00:00,83.89,84.72,83.61,84.59,1090018.65,91861917.967,50826268.2131
2026-02-10 14:00:00+00:00,84.6,85.18,83.14,83.66,2782860.69,233759069.59,111204631.817
2026-02-10 15:00:00+00:00,83.66,84.49,83.37,84.24,1776972.9,149388054.12,75876645.289
2026-02-10 16:00:00+00:00,84.24,84.89,83.71,84.42,1238945.52,104545275.339,53375726.6462
2026-02-10 17:00:00+00:00,84.41,85.1,84.14,84.87,856574.93,72511911.2364,41101392.3264
2026-02-10 18:00:00+00:00,84.87,84.93,82.66,82.89,1574138.22,131524927.032,61631563.6841
2026-02-10 19:00:00+00:00,82.89,83.47,82.39,83.05,1051239.08,87160984.7326,46740757.7215
2026-02-10 20:00:00+00:00,83.04,83.19,82.25,82.6,1018269.65,84182818.4389,41174285.0551
2026-02-10 21:00:00+00:00,82.59,82.89,81.84,82.41,816674.51,67212970.1243,33451792.2679
2026-02-10 22:00:00+00:00,82.42,82.95,82.31,82.55,469570.76,38782604.4507,21198041.6509
2026-02-10 23:00:00+00:00,82.54,82.96,82.31,82.95,498636.62,41217348.0647,22456465.0813
2026-02-11 00:00:00+00:00,82.96,83.68,82.88,83.42,643102.29,53566416.769,29721016.6145
2026-02-11 01:00:00+00:00,83.41,83.74,83.14,83.73,397232.45,33155306.2003,17476732.8712
2026-02-11 02:00:00+00:00,83.72,84.34,83.46,83.49,730535.89,61330302.9227,30125112.9591
2026-02-11 03:00:00+00:00,83.49,83.8,82.53,83.28,1029957.36,85664342.9155,37875940.134
2026-02-11 04:00:00+00:00,83.27,83.49,81.63,81.92,1480901.24,121994298.638,53786349.7985
2026-02-11 05:00:00+00:00,81.92,82.35,81.67,81.85,645246.28,52935162.5268,27158108.844
2026-02-11 06:00:00+00:00,81.85,81.93,80.52,80.82,2198279.08,178290511.361,77695745.8624
2026-02-11 07:00:00+00:00,80.83,81.33,80.23,80.96,1262591.27,102005718.431,52748870.9532
2026-02-11 08:00:00+00:00,80.95,81.16,80.48,81.04,736899.91,59611281.667,29730045.4348
2026-02-11 09:00:00+00:00,81.04,81.25,80.62,80.76,763305.16,61770457.5856,29943968.3137
2026-02-11 10:00:00+00:00,80.75,80.97,80.33,80.67,923365.48,74432335.3341,35899540.7629
2026-02-11 11:00:00+00:00,80.66,81.44,80.61,81.21,1078140.07,87473263.7136,48311921.3504
2026-02-11 12:00:00+00:00,81.2,81.42,80.9,81.13,967537.15,78550370.4784,37851962.3581
2026-02-11 13:00:00+00:00,81.14,81.82,80.58,81.61,1842101.02,149644099.627,76745909.962
2026-02-11 14:00:00+00:00,81.61,83.13,79.7,79.91,4369276.56,356429091.884,179537119.784
2026-02-11 15:00:00+00:00,79.9,80.29,78.52,79.65,3694784.51,293503379.747,154578571.488
2026-02-11 16:00:00+00:00,79.66,80.88,78.64,78.68,2209798.27,175989886.819,86386328.8248
2026-02-11 17:00:00+00:00,78.67,79.99,77.92,78.96,2235151.7,176490809.407,96509000.2905
2026-02-11 18:00:00+00:00,78.96,79.96,78.46,79.76,1362796.23,108127661.809,61843049.6901
2026-02-11 19:00:00+00:00,79.75,80.34,79.25,79.67,1112578.69,88812337.6368,44540873.7427
2026-02-11 20:00:00+00:00,79.66,79.96,78.9,79.59,905788.51,71981729.3932,33175502.2046
2026-02-11 21:00:00+00:00,79.6,81.08,79.58,80.09,1454650.65,117014750.101,65349272.8942
2026-02-11 22:00:00+00:00,80.1,80.18,79.39,79.44,548855.55,43821569.3441,21131205.4774
2026-02-11 23:00:00+00:00,79.45,79.69,78.59,79.25,1035737.39,82018200.5859,37480846.188
2026-02-12 00:00:00+00:00,79.24,80.18,79.22,79.92,585395.86,46692861.1899,26103520.0319
2026-02-12 01:00:00+00:00,79.93,80.74,79.93,80.37,763211.8,61339858.4166,31660622.441
2026-02-12 02:00:00+00:00,80.36,80.7,79.88,80.28,552878.01,44381334.4207,18874631.5351
2026-02-12 03:00:00+00:00,80.28,80.62,80.02,80.56,354547.54,28475357.8043,13988250.4441
2026-02-12 04:00:00+00:00,80.56,80.93,80.23,80.26,775350.82,62509428.4991,31681058.3448
2026-02-12 05:00:00+00:00,80.26,80.57,79.37,80.53,1075845.86,86144113.7875,38193583.921
2026-02-12 06:00:00+00:00,80.54,80.96,80.32,80.53,628111.05,50658208.6884,26069344.7928
2026-02-12 07:00:00+00:00,80.52,80.88,80.24,80.72,510699.62,41164811.6249,19584299.3793
2026-02-12 08:00:00+00:00,80.72,80.88,80.26,80.7,513084.27,41329815.7304,20105960.1646
2026-02-12 09:00:00+00:00,80.71,81.86,80.51,81.74,1545239.37,125722255.231,65549953.2562
2026-02-12 10:00:00+00:00,81.74,82.19,81.29,82.12,938453.26,76681834.8748,40897555.135
2026-02-12 11:00:00+00:00,82.12,82.19,81.64,81.8,778742.6,63772293.7852,32611857.1299
2026-02-12 12:00:00+00:00,81.79,81.89,80.77,81.03,998906.79,81225324.6624,34940377.7858
2026-02-12 13:00:00+00:00,81.03,82.07,80.64,81.9,1305952.49,106124670.673,57327378.468
2026-02-12 14:00:00+00:00,81.9,81.93,80.95,81.09,1301285.09,105806881.277,44906657.4974
2026-02-12 15:00:00+00:00,81.09,81.48,80.03,80.06,2012842.09,162387222.167,78555546.0311
2026-02-12 16:00:00+00:00,80.06,80.17,78.12,78.27,3630818.07,286660607.495,141596897.826
2026-02-12 17:00:00+00:00,78.26,78.64,77.46,77.86,2374628.78,185330671.376,91106094.7481
2026-02-12 18:00:00+00:00,77.86,78.44,77.14,77.56,1862357.4,144687472.064,71191863.1569
2026-02-12 19:00:00+00:00,77.56,78.59,76.9,77.57,1916517.63,149086547.074,77242840.2387
2026-02-12 20:00:00+00:00,77.57,77.88,76.54,76.86,1604209.58,123678886.858,55166926.9089
2026-02-12 21:00:00+00:00,76.86,77.52,76.86,77.29,718520.17,55468360.1025,28173329.3178
2026-02-12 22:00:00+00:00,77.29,78.08,76.91,78.05,778562.95,60338042.5312,31405945.3361
2026-02-12 23:00:00+00:00,78.06,78.48,77.77,78.37,1001515.64,78306697.6036,39309406.3075
2026-02-13 00:00:00+00:00,78.37,78.69,77.49,77.99,926378.51,72303277.5177,35882930.0506
2026-02-13 01:00:00+00:00,77.99,78.8,77.97,78.56,758683.25,59534625.1011,28996601.3836
2026-02-13 02:00:00+00:00,78.56,79.28,78.39,79.09,762422.32,60102915.1371,31013429.6964
2026-02-13 03:00:00+00:00,79.1,79.44,78.76,79,585484.08,46286013.2826,21158584.2846
2026-02-13 04:00:00+00:00,79.01,79.23,78.4,78.47,542976.25,42759781.9266,18237355.1631
2026-02-13 05:00:00+00:00,78.47,78.72,78.12,78.25,576998.56,45245676.6919,21719434.4902
2026-02-13 06:00:00+00:00,78.24,78.63,77.79,78.58,710113.09,55476566.3402,25314808.2704
2026-02-13 07:00:00+00:00,78.58,79.22,78.48,78.93,878394.39,69263116.2252,33232904.4577
2026-02-13 08:00:00+00:00,78.93,79.87,78.8,79.67,885503.09,70251818.6427,35027153.2793
2026-02-13 09:00:00+00:00,79.67,79.92,79.36,79.82,686359.9,54672972.194,26015216.5821
2026-02-13 10:00:00+00:00,79.82,80.58,79.71,80.29,1396847.78,111972943.967,58410543.8425
2026-02-13 11:00:00+00:00,80.3,80.36,79.74,80.26,798417.77,63936099.5477,28598969.589
2026-02-13 12:00:00+00:00,80.26,80.27,79.8,79.92,435549.51,34838635.1155,15890235.8813
2026-02-13 13:00:00+00:00,79.92,80.89,79.68,80.23,1452755.82,116625016.99,61388691.9896
2026-02-13 14:00:00+00:00,80.23,81.93,79.8,81.3,2624276.67,212566823.198,111279981.792
2026-02-13 15:00:00+00:00,81.31,84.3,81.04,83.16,3860970.78,320228012.285,171158903.027
2026-02-13 16:00:00+00:00,83.16,84.99,82.87,84.17,2201574.97,185073324.678,98308817.4151
2026-02-13 17:00:00+00:00,84.18,84.69,83.52,84.29,1348130.62,113453296.433,55696863.9988
2026-02-13 18:00:00+00:00,84.3,85.57,84.07,85.35,1672358.39,142036207.579,73019276.6173
2026-02-13 19:00:00+00:00,85.34,85.59,84.5,84.6,958308.02,81386700.4981,38675700.1484
2026-02-13 20:00:00+00:00,84.6,85.03,84.12,84.72,1105131.61,93449503.268,43827657.1466
2026-02-13 21:00:00+00:00,84.73,85.16,84.52,84.8,662646.23,56232784.8995,28785878.9197
2026-02-13 22:00:00+00:00,84.8,84.88,84.41,84.62,335200.46,28366136.5617,14324488.9356
2026-02-13 23:00:00+00:00,84.62,84.62,84.04,84.29,419338.61,35347335.8204,16132002.6707
2026-02-14 00:00:00+00:00,84.28,85.04,84.17,84.88,647681.65,54816027.8352,28126278.3497
2026-02-14 01:00:00+00:00,84.88,85.15,84.72,84.94,416182.13,35331959.7578,16390648.7329
2026-02-14 02:00:00+00:00,84.94,84.96,84.54,84.85,341624.24,28960632.0281,13745638.1067
2026-02-14 03:00:00+00:00,84.84,85.25,84.77,85,347760.58,29561273.6186,15909127.1911
2026-02-14 04:00:00+00:00,85,85.05,84.73,84.76,255764.29,21710313.6479,10540561.3795
2026-02-14 05:00:00+00:00,84.76,84.98,84.56,84.57,248109.42,21031818.4943,9507255.1386
2026-02-14 06:00:00+00:00,84.56,84.9,84.28,84.79,418436.3,35390352.3524,18486545.9096
2026-02-14 07:00:00+00:00,84.79,85.22,84.71,85.12,386430.72,32831139.0391,17705200.3155
2026-02-14 08:00:00+00:00,85.13,86.37,85.1,86.15,1522660.74,130641909.388,76516080.3722
2026-02-14 09:00:00+00:00,86.15,86.32,85.78,85.95,738531.86,63551938.7926,31519913.6139
2026-02-14 10:00:00+00:00,85.96,85.96,85.66,85.76,357762,30694612.2393,13602916.8075
2026-02-14 11:00:00+00:00,85.76,87.28,85.76,87.22,1728318.26,149916915.734,89883906.1548
2026-02-14 12:00:00+00:00,87.22,87.26,86.2,86.36,1195849.52,103725642.455,45799675.4451
2026-02-14 13:00:00+00:00,86.37,86.85,85.97,86.39,1138482.08,98365945.222,48098104.9902
2026-02-14 14:00:00+00:00,86.39,87.49,86.32,87.2,1056052.14,91794877.9882,49426074.0559
2026-02-14 15:00:00+00:00,87.2,87.65,87.04,87.38,878558.94,76715473.0726,37727643.0619
2026-02-14 16:00:00+00:00,87.39,88.19,86.96,88.04,1598686.67,140048018.549,77496677.547
2026-02-14 17:00:00+00:00,88.04,88.42,87.76,87.97,900816.62,79299840.5834,39379570.9262
2026-02-14 18:00:00+00:00,87.98,88.24,87.71,87.95,565504.67,49764744.1941,25550251.1882
2026-02-14 19:00:00+00:00,87.94,88.27,87.48,88.13,531214.21,46692543.6421,22871839.6062
2026-02-14 20:00:00+00:00,88.14,88.38,87.61,88.08,656679.29,57744773.1524,29789917.9229
2026-02-14 21:00:00+00:00,88.08,88.45,87.22,88,1066404.96,93686610.4344,47795941.3126
2026-02-14 22:00:00+00:00,88,88.85,87.84,88.44,719509.58,63576731.4888,35979817.7102
2026-02-14 23:00:00+00:00,88.43,88.85,87.98,88.02,591118.01,52248597.0838,26397705.9714
2026-02-15 00:00:00+00:00,88.01,88.38,87.74,88.14,658837.56,57968001.162,32286067.254
2026-02-15 01:00:00+00:00,88.14,88.7,87.56,88.24,821369.12,72318073.55,37401702.3995
2026-02-15 02:00:00+00:00,88.23,88.47,87.45,87.96,695417.69,61159849.0273,27567015.8752
2026-02-15 03:00:00+00:00,87.95,88.76,87.31,88.56,948781.44,83426028.5728,43614848.0912
2026-02-15 04:00:00+00:00,88.56,89.78,88.32,88.74,2131220.37,189587757.156,102081862.376
2026-02-15 05:00:00+00:00,88.73,90.03,88.69,89.61,1051157.29,94048949.5949,52549074.6874
2026-02-15 06:00:00+00:00,89.61,90.12,89.26,89.54,914372.61,81985349.7666,40587462.9871
2026-02-15 07:00:00+00:00,89.54,90.96,89.33,90.68,1325662.98,119717259.681,68672947.4499
2026-02-15 08:00:00+00:00,90.68,91.19,89.15,89.6,1926662.69,173642831.866,80772330.3228
2026-02-15 09:00:00+00:00,89.61,90.46,89.39,89.93,855295.54,77012077.102,35330327.4903
2026-02-15 10:00:00+00:00,89.93,90.05,89.05,89.47,833454.21,74499313.8125,35059883.7356
2026-02-15 11:00:00+00:00,89.47,89.78,88.95,89.13,599263.02,53486524.6869,23314046.7994
2026-02-15 12:00:00+00:00,89.12,89.59,87.26,87.27,2196945.08,194396497.625,88747440.161
2026-02-15 13:00:00+00:00,87.28,88.34,86.78,86.93,2350465.82,205770787.544,98134429.4781
2026-02-15 14:00:00+00:00,86.93,87.57,86.61,87.31,1214817.23,105852652.154,53636424.4341
2026-02-15 15:00:00+00:00,87.31,87.63,86.88,87.36,820439.9,71593379.8945,39207312.6562
2026-02-15 16:00:00+00:00,87.36,87.62,86.61,87.51,982215.37,85665938.3355,46843716.3273
2026-02-15 17:00:00+00:00,87.51,87.85,85.67,86.37,1941175.14,168203571.631,78982876.8399
2026-02-15 18:00:00+00:00,86.37,86.81,85.95,86.17,1190334.57,102699362.235,49537216.4778
2026-02-15 19:00:00+00:00,86.16,86.31,85.14,85.29,1573350.83,134775908.486,63456955.3146
2026-02-15 20:00:00+00:00,85.28,85.95,84.83,85.81,980584.26,83726344.9256,43864257.6037
2026-02-15 21:00:00+00:00,85.82,86.39,85.81,86.11,802622.02,69106852.3763,34266327.8789
2026-02-15 22:00:00+00:00,86.12,86.63,85.99,86.31,544908.85,47080709.7304,26110261.0786
2026-02-15 23:00:00+00:00,86.31,86.32,85.04,86.09,1039032.09,88918579.5447,43791209.873
2026-02-16 00:00:00+00:00,86.09,86.47,85.58,86.12,619247.85,53284730.6691,29616208.684
2026-02-16 01:00:00+00:00,86.13,86.59,85.33,85.72,805662.14,69204799.7958,36148923.8238
2026-02-16 02:00:00+00:00,85.72,86.17,85.18,85.34,681889.27,58405022.9568,25265165.7403
2026-02-16 03:00:00+00:00,85.35,85.52,84.71,85.11,714293.75,60759968.0513,31695983.4105
2026-02-16 04:00:00+00:00,85.1,85.78,85.05,85.75,551038.2,47050178.1871,28896927.2941
2026-02-16 05:00:00+00:00,85.76,85.86,84.4,84.65,914080.35,77614087.1366,36716448.5633
2026-02-16 06:00:00+00:00,84.65,85.17,84.47,85,551689.9,46787508.1932,24685031.2689
2026-02-16 07:00:00+00:00,85.01,85.47,84.76,85.01,537216.42,45744022.4559,21997430.7202
2026-02-16 08:00:00+00:00,85.02,85.45,84.99,85.32,590521.73,50341952.0112,26825477.0689
2026-02-16 09:00:00+00:00,85.33,86.2,85.32,85.93,904487.05,77622723.0314,42556439.545
2026-02-16 10:00:00+00:00,85.93,85.98,85.56,85.69,461049.56,39534433.6924,21836892.31
2026-02-16 11:00:00+00:00,85.69,85.92,84.4,85.46,1181451.93,100555025.08,48382122.9741
2026-02-16 12:00:00+00:00,85.46,86.35,85.21,86.13,1601469.2,137715907.527,67958512.8919
2026-02-16 13:00:00+00:00,86.13,86.88,83.79,84.1,3424855.36,291614110.377,136648292.328
2026-02-16 14:00:00+00:00,84.09,84.62,83.39,83.98,1946286.87,163586065.808,81631246.0644
2026-02-16 15:00:00+00:00,83.99,84.5,82.51,83.16,2266769.63,188841361.491,92914825.1633
2026-02-16 16:00:00+00:00,83.16,84.06,83.05,83.92,1710184.57,142988047.506,69979607.4171
2026-02-16 17:00:00+00:00,83.91,84.75,83.82,84.45,1153261.15,97267220.5148,50293665.2805
2026-02-16 18:00:00+00:00,84.45,85.11,84.42,84.47,837858.2,70949667.4247,32816997.4741
2026-02-16 19:00:00+00:00,84.48,85.07,84.17,84.57,571398.84,48377091.2129,23838702.3843
2026-02-16 20:00:00+00:00,84.57,85.45,84.44,85.31,768702.23,65341281.5205,34376200.1059
2026-02-16 21:00:00+00:00,85.31,86.08,85.06,85.97,714617.14,61141239.2571,33119836.1702
2026-02-16 22:00:00+00:00,85.97,86.2,85.52,85.67,593230.56,50950047.4112,22510108.8175
2026-02-16 23:00:00+00:00,85.66,86.61,85.61,86.39,828034.05,71364367.2754,36274968.3472
2026-02-17 00:00:00+00:00,86.39,87.11,86.23,86.56,1021635.62,88479704.4961,46715257.2597
2026-02-17 01:00:00+00:00,86.56,87.03,86.07,86.12,730589.95,63284996.2954,31702798.591
2026-02-17 02:00:00+00:00,86.13,87.66,85.72,87.26,1055883,91729268.776,49949662.9626
2026-02-17 03:00:00+00:00,87.26,87.32,86.27,86.31,741295.5,64336356.3197,27907274.2394
2026-02-17 04:00:00+00:00,86.31,86.61,85.87,86.32,767781.53,66237804.5933,32494355.1524
2026-02-17 05:00:00+00:00,86.32,86.44,85.38,86.16,712869.47,61214463.5818,29899953.1429
2026-02-17 06:00:00+00:00,86.16,86.76,86.15,86.44,426792.16,36913885.5611,16799135.5404
2026-02-17 07:00:00+00:00,86.44,86.49,85.87,86.42,444311.82,38309591.226,18290272.5799
2026-02-17 08:00:00+00:00,86.42,86.71,85.84,85.89,800438.94,69043170.3518,31845137.9249
2026-02-17 09:00:00+00:00,85.9,86.13,85.61,85.87,440333.91,37796672.6088,17791253.2406
2026-02-17 10:00:00+00:00,85.87,85.99,84.82,84.99,899705.7,76649142.0605,34558568.9625
2026-02-17 11:00:00+00:00,84.99,85.25,84.67,85.04,629555.81,53487836.6169,28979087.8846
2026-02-17 12:00:00+00:00,85.05,85.53,84.46,84.58,962431.23,81813556.4255,35100988.6717
2026-02-17 13:00:00+00:00,84.59,85.47,84.31,84.94,1324796.59,112509145.814,59057137.9236
2026-02-17 14:00:00+00:00,84.93,85.42,82.93,83.2,2584088.98,217145561.086,103042721.482
2026-02-17 15:00:00+00:00,83.2,83.85,82.86,83.76,2250697.85,187698881.969,95131862.2753
2026-02-17 16:00:00+00:00,83.75,85.43,83.66,84.13,2052912.36,173655141.125,86980432.0594
2026-02-17 17:00:00+00:00,84.13,84.28,83.08,83.64,1118298.17,93531277.219,42378274.2094
2026-02-17 18:00:00+00:00,83.65,85.39,83.5,85.07,1228565.22,103979667.884,57595125.295
2026-02-17 19:00:00+00:00,85.07,85.72,84.58,84.8,1070485.19,91057401.0225,44364656.5788
2026-02-17 20:00:00+00:00,84.8,85.22,84.47,84.94,816314.9,69274099.8432,31680564.9366
2026-02-17 21:00:00+00:00,84.93,85.39,84.78,85.17,406470.17,34582795.1812,16561771.6198
2026-02-17 22:00:00+00:00,85.17,85.39,84.91,84.98,214094.18,18239078.7682,9300097.8462
2026-02-17 23:00:00+00:00,84.98,85.29,84.84,85.02,441374.07,37538488.7221,16656000.0374
2026-02-18 00:00:00+00:00,85.02,85.44,84.75,84.82,514966.59,43842215.7,18265658.5432
2026-02-18 01:00:00+00:00,84.82,84.94,83.87,84.21,646005.62,54455315.4215,22002653.6059
2026-02-18 02:00:00+00:00,84.2,84.95,84.18,84.61,397368.17,33652186.9789,17313318.3919
2026-02-18 03:00:00+00:00,84.62,85.41,84.49,85.27,430978.42,36640147.5331,19341389.9247
2026-02-18 04:00:00+00:00,85.27,85.5,84.92,85.1,359687.59,30646528.6392,14942120.4285
2026-02-18 05:00:00+00:00,85.1,85.21,84.7,84.85,267740.18,22739992.6063,10741705.3965
2026-02-18 06:00:00+00:00,84.84,85.26,84.75,84.87,292642.45,24882076.9192,12563368.1691
2026-02-18 07:00:00+00:00,84.87,85.38,84.63,85.22,442897.89,37660148.8357,19646447.3979
2026-02-18 08:00:00+00:00,85.22,86.04,85.17,85.42,963551.2,82426582.9938,47770370.1892
2026-02-18 09:00:00+00:00,85.42,85.7,85.25,85.26,373487.09,31924546.1675,15375605.0576
2026-02-18 10:00:00+00:00,85.27,85.34,84.12,84.22,915637.04,77589279.1082,33705508.6786
2026-02-18 11:00:00+00:00,84.21,84.22,82.74,82.8,2196459.62,183184437.813,84560667.5304
2026-02-18 12:00:00+00:00,82.79,83.28,82.24,82.94,1671622.42,138445892.926,67181620.6108
2026-02-18 13:00:00+00:00,82.94,83.21,82.23,82.54,1111194.03,91974149.0137,42515436.7598
2026-02-18 14:00:00+00:00,82.54,82.82,81.62,82.49,1917347.16,157808342.717,80037383.0963
2026-02-18 15:00:00+00:00,82.49,83.97,82.45,82.95,2041394.42,169664464.773,89383507.9934
2026-02-18 16:00:00+00:00,82.96,83.04,82,82.23,1387194.08,114158076.915,54185675.0922
2026-02-18 17:00:00+00:00,82.23,82.95,82.03,82.12,776768.49,64029304.4514,34547419.2299
2026-02-18 18:00:00+00:00,82.13,82.31,80.74,81.23,1841022,149991925.868,64502035.2428
2026-02-18 19:00:00+00:00,81.22,81.55,80.37,80.87,1565915.42,126738675.275,57455171.7886
2026-02-18 20:00:00+00:00,80.87,81.55,80.79,81.27,874447.6,71021326.9119,36971746.9392
2026-02-18 21:00:00+00:00,81.27,81.59,80.92,81.21,634983.81,51591995.1796,28656543.5617
2026-02-18 22:00:00+00:00,81.22,81.5,80.99,81.41,313211.51,25447835.6588,12987894.7825
2026-02-18 23:00:00+00:00,81.42,81.59,81.18,81.55,305204.5,24839174.9358,13433653.3818
2026-02-19 00:00:00+00:00,81.54,81.68,81.18,81.44,316470.09,25775213.6001,13479169.2206
2026-02-19 01:00:00+00:00,81.44,81.99,81.44,81.82,421307.66,34423043.1204,17625801.4857
2026-02-19 02:00:00+00:00,81.83,82.02,81.25,81.6,571292.73,46656653.1336,21866466.5901
2026-02-19 03:00:00+00:00,81.59,81.9,81.37,81.71,264099.6,21566501.8017,10019922.1282
2026-02-19 04:00:00+00:00,81.72,82,81.43,81.46,449861.42,36762180.2827,18562718.5212
2026-02-19 05:00:00+00:00,81.45,81.93,81.32,81.83,512490.49,41837647.9666,22878362.8749
2026-02-19 06:00:00+00:00,81.83,82.45,81.77,82.32,545010.9,44812287.7125,24534027.5977
2026-02-19 07:00:00+00:00,82.31,82.63,81.95,82.34,591050.79,48650648.9656,23825176.9314
2026-02-19 08:00:00+00:00,82.34,82.35,81.51,81.67,652920.08,53476854.7937,23375290.3403
2026-02-19 09:00:00+00:00,81.68,81.96,81.06,81.14,746717.52,60855961.9622,25702613.1946
2026-02-19 10:00:00+00:00,81.15,81.79,80.86,81.48,994257.88,80957753.6375,44109375.226
2026-02-19 11:00:00+00:00,81.49,81.86,81.06,81.2,468789.27,38176189.1531,16973627.3827
2026-02-19 12:00:00+00:00,81.2,81.28,80.63,80.76,1003418.86,81298667.6448,38409932.2418
2026-02-19 13:00:00+00:00,80.76,80.88,79.57,79.96,1826615.15,146326499.322,70317698.3535
2026-02-19 14:00:00+00:00,79.97,81.29,79.9,80.74,1971232.25,158641759.352,83748297.0915
2026-02-19 15:00:00+00:00,80.74,81.26,79.91,80.59,1241099.16,99887568.9283,49510135.5943
2026-02-19 16:00:00+00:00,80.58,80.92,79.86,80.76,1239793.63,99712781.1358,48700685.358
2026-02-19 17:00:00+00:00,80.76,81.9,80.17,80.42,1584806.77,128431121,63003766.0963
2026-02-19 18:00:00+00:00,80.43,82.02,80.33,81.95,1158439.46,94315865.1858,55062932.8743
2026-02-19 19:00:00+00:00,81.95,82.19,81.02,81.9,962930.56,78625095.7879,41536839.2296
2026-02-19 20:00:00+00:00,81.9,82.34,81.63,82.06,725162.83,59470048.8887,26034509.653
2026-02-19 21:00:00+00:00,82.05,82.14,81.78,82.02,322242.45,26418430.4758,11474046.6346
2026-02-19 22:00:00+00:00,82.02,82.5,81.86,82.29,481318.57,39535134.8836,19841984.4122
2026-02-19 23:00:00+00:00,82.29,82.52,82.07,82.46,333561.6,27452573.9292,15733388.7143
2026-02-20 00:00:00+00:00,82.46,83.5,82.27,82.85,1122342.16,93202301.3635,42679194.83
2026-02-20 01:00:00+00:00,82.85,83.1,82.64,82.97,486149.54,40295612.2081,21304293.2453
2026-02-20 02:00:00+00:00,82.97,83.27,82.75,82.86,564127.55,46804321.9573,24239117.5335
2026-02-20 03:00:00+00:00,82.87,83.32,82.79,82.97,431705.96,35854548.6157,19147632.6094
2026-02-20 04:00:00+00:00,82.98,83.05,82.32,82.63,671734.47,55541719.0044,20432315.9051
2026-02-20 05:00:00+00:00,82.63,83.71,82.45,83.23,872140.07,72569863.4191,36229555.4663
2026-02-20 06:00:00+00:00,83.22,83.69,83.09,83.66,516578.33,43073850.3901,24364881.3536
2026-02-20 07:00:00+00:00,83.66,83.88,83.34,83.38,606152.72,50679607.9621,26799824.6453
2026-02-20 08:00:00+00:00,83.39,83.76,83.24,83.59,396588.12,33105889.4451,15754642.548
2026-02-20 09:00:00+00:00,83.58,84.45,83.58,84.16,1060560.58,89293642.5192,46099604.6208
2026-02-20 10:00:00+00:00,84.15,84.81,83.99,84.05,1017582.92,85910593.6882,43376136.7374
2026-02-20 11:00:00+00:00,84.05,84.21,83.29,83.52,1291483.96,108163242.839,53158474.8321
2026-02-20 12:00:00+00:00,83.53,83.99,83.31,83.67,744560.75,62259699.8404,29066243.0242
2026-02-20 13:00:00+00:00,83.67,83.67,81.71,82.15,2573140.91,212087786.084,97333355.3293
2026-02-20 14:00:00+00:00,82.16,83.35,82.07,83.02,1701036.88,140785432.588,77712428.3958
2026-02-20 15:00:00+00:00,83.02,84.76,82.62,84.33,3584206.83,300527593.418,150808198.276
2026-02-20 16:00:00+00:00,84.32,84.92,83.68,84.45,1874028.36,158005191.645,80184932.3768
2026-02-20 17:00:00+00:00,84.45,84.56,82.75,84.44,2382904.86,199243988.431,94787336.3315
2026-02-20 18:00:00+00:00,84.45,85.44,83.9,85.21,1961711.51,166068558.522,88868327.1456
2026-02-20 19:00:00+00:00,85.2,85.34,84.33,84.72,735375.68,62313512.7811,33181453.3947
2026-02-20 20:00:00+00:00,84.71,85.19,84.36,84.57,500128,42375554.2202,19194997.5653
2026-02-20 21:00:00+00:00,84.57,84.72,84.25,84.52,539466.6,45550807.5043,25947526.1265
2026-02-20 22:00:00+00:00,84.51,84.73,84.06,84.55,500093.79,42204343.6552,20639588.1926
2026-02-20 23:00:00+00:00,84.54,84.67,84.23,84.62,315878.71,26680340.1974,12271470.8521
2026-02-21 00:00:00+00:00,84.62,84.71,84.29,84.4,330932.73,27970842.2301,11970673.5357
2026-02-21 01:00:00+00:00,84.4,84.81,84.4,84.65,238236.43,20156940.3863,10326271.7782
2026-02-21 02:00:00+00:00,84.64,84.98,84.48,84.76,272963.05,23144593.9518,11249453.796
2026-02-21 03:00:00+00:00,84.76,84.79,84.16,84.29,444080.33,37457084.6871,15803933.8449
2026-02-21 04:00:00+00:00,84.3,84.46,84.08,84.36,244360.55,20595091.9229,9754652.2583
2026-02-21 05:00:00+00:00,84.35,84.54,84.33,84.42,168450.46,14222956.7266,6423275.3222
2026-02-21 06:00:00+00:00,84.42,84.74,83.96,84.08,600933.1,50643758.3002,18907131.6264
2026-02-21 07:00:00+00:00,84.07,84.29,83.91,84.18,355101.39,29861037.9706,15022864.1335
2026-02-21 08:00:00+00:00,84.17,84.69,84.14,84.67,330980.56,27937926.618,16051682.0179
2026-02-21 09:00:00+00:00,84.66,85.15,84.61,84.86,626424.05,53196488.759,28145872.5949
2026-02-21 10:00:00+00:00,84.87,85.24,84.84,85.11,326325.57,27740544.5308,14587757.3958
2026-02-21 11:00:00+00:00,85.11,85.67,85.09,85.35,689059.9,58837752.5526,30615599.5227
2026-02-21 12:00:00+00:00,85.35,85.49,84.96,85.25,544309.84,46359877.0761,22483492.6257
2026-02-21 13:00:00+00:00,85.26,85.93,85.11,85.81,611907.68,52303745.1178,32354005.1446
2026-02-21 14:00:00+00:00,85.81,86.63,85.58,86.27,1455277.99,125510713.034,67157280.3498
2026-02-21 15:00:00+00:00,86.27,86.68,86.13,86.52,719820.62,62226526.499,31753420.6342
2026-02-21 16:00:00+00:00,86.52,86.62,85.8,86.1,869084.67,74821669.518,34747224.5366
2026-02-21 17:00:00+00:00,86.09,86.42,85.77,86.19,779240.3,67065513.2663,38215968.4679
2026-02-21 18:00:00+00:00,86.19,86.67,86.13,86.53,495249.61,42795494.7185,25759405.7884
2026-02-21 19:00:00+00:00,86.53,86.64,86.13,86.17,348692.35,30128422.8327,12279353.3991
2026-02-21 20:00:00+00:00,86.16,86.17,85.21,85.41,800075.89,68526344.7679,28364311.1646
2026-02-21 21:00:00+00:00,85.42,85.8,85.35,85.79,396031.25,33897266.4744,17888476.1378
2026-02-21 22:00:00+00:00,85.79,85.85,85.32,85.4,316604.2,27082775.6637,13379595.9623
2026-02-21 23:00:00+00:00,85.41,85.51,85.07,85.12,504412.46,42997496.9971,16808125.9713
2026-02-22 00:00:00+00:00,85.12,85.18,84.71,85.01,582817.68,49495069.4562,26196451.5772
2026-02-22 01:00:00+00:00,85.01,85.38,85,85.28,456387.17,38878871.7179,24095068.9407
2026-02-22 02:00:00+00:00,85.28,85.56,84.8,84.9,484645.02,41253624.594,20333540.2211
2026-02-22 03:00:00+00:00,84.91,85.11,84.62,85.03,470545.86,39937917.1682,21227019.0005
2026-02-22 04:00:00+00:00,85.03,85.3,84.91,85.1,238929.57,20334103.9005,12665647.987
2026-02-22 05:00:00+00:00,85.1,85.16,84.73,84.93,273075.88,23182563.4099,9726122.4772
2026-02-22 06:00:00+00:00,84.92,85.28,84.89,85.24,308228.1,26238089.2065,15324825.4195
2026-02-22 07:00:00+00:00,85.24,85.5,85.09,85.19,495812.36,42301004.8388,20774472.0535
2026-02-22 08:00:00+00:00,85.19,85.21,84.81,84.91,374719.57,31845731.1729,14821011.5467
2026-02-22 09:00:00+00:00,84.91,85.14,84.88,84.97,203290.96,17282533.5915,9530055.3347
2026-02-22 10:00:00+00:00,84.97,85.25,84.94,85.16,241247.79,20542794.1448,11775724.5475
2026-02-22 11:00:00+00:00,85.17,85.43,85.09,85.2,275723.77,23515501.4179,10953503.7418
2026-02-22 12:00:00+00:00,85.2,85.26,84.27,84.4,964907.34,81652956.6476,36287580.6841
2026-02-22 13:00:00+00:00,84.4,84.59,83.62,83.94,1180889.09,99272761.5577,48756521.6653
2026-02-22 14:00:00+00:00,83.95,84.03,83.32,83.6,1140990.52,95485734.4569,44178119.9207
2026-02-22 15:00:00+00:00,83.6,83.68,82.94,83.44,1559849.95,129989825.66,58971203.5181
2026-02-22 16:00:00+00:00,83.44,83.58,83.13,83.52,441868.66,36828792.4527,20895309.2083
2026-02-22 17:00:00+00:00,83.53,83.56,82.76,83.01,785830.25,65253448.6132,32946358.4338
2026-02-22 18:00:00+00:00,83,83.24,82.91,83.16,393500.79,32683408.6381,15530187.9614
2026-02-22 19:00:00+00:00,83.16,83.36,82.97,83.25,232251.96,19322835.7294,10219920.2224
2026-02-22 20:00:00+00:00,83.24,83.32,82.91,82.97,451927.27,37551161.2669,12967984.8291
2026-02-22 21:00:00+00:00,82.97,83.53,82.97,83.44,289012.19,24066108.7119,14064623.1283
2026-02-22 22:00:00+00:00,83.44,83.66,83.03,83.52,507598.24,42319167.1734,21657324.1457
2026-02-22 23:00:00+00:00,83.52,83.6,82.43,82.75,1152990.25,95528389.4547,51202292.5467
2026-02-23 00:00:00+00:00,82.75,82.81,81.26,81.34,1358483.17,111467966.885,49763695.9552
2026-02-23 01:00:00+00:00,81.33,81.33,77.39,77.88,6426229.44,507334478.694,234282794.464
2026-02-23 02:00:00+00:00,77.88,78.37,77.45,77.79,1721771.38,134149889.151,66049301.0828
2026-02-23 03:00:00+00:00,77.78,78.23,77.16,77.57,1545407.03,120051981.006,55149228.5234
2026-02-23 04:00:00+00:00,77.58,77.66,77.06,77.29,937844.69,72572669.4963,32705826.6192
2026-02-23 05:00:00+00:00,77.3,77.98,77.25,77.74,1366222.64,106118921.082,50972220.65
2026-02-23 06:00:00+00:00,77.74,79.1,77.57,79.01,1906823.53,149758910.433,80954493.9453
2026-02-23 07:00:00+00:00,79,79.63,78.83,79.32,1214368.59,96187045.4185,42862805.8893
2026-02-23 08:00:00+00:00,79.32,79.33,78.44,78.69,1201485.29,94679887.8401,46614193.6283
2026-02-23 09:00:00+00:00,78.69,80.48,78.69,80.4,1986515.49,158422220.802,82256964.739
2026-02-23 10:00:00+00:00,80.4,80.63,80.03,80.22,1051718.99,84435930.3358,40133944.9028
2026-02-23 11:00:00+00:00,80.22,80.5,79.9,79.99,714984.57,57315202.2171,24732950.2629
2026-02-23 12:00:00+00:00,79.99,80.93,79.81,80.65,1490843.06,119902834.987,59811086.3331
2026-02-23 13:00:00+00:00,80.65,81.06,80.37,80.47,1320628.72,106512864.021,51506359.8692
2026-02-23 14:00:00+00:00,80.47,80.76,79.36,80.09,2435669.86,195247460.21,90620515.0899
2026-02-23 15:00:00+00:00,80.09,80.29,79.15,79.35,1640658.32,130808100.47,67186062.7101
2026-02-23 16:00:00+00:00,79.36,79.76,78.61,78.92,2003221.99,158488274.509,76768728.8441
2026-02-23 17:00:00+00:00,78.93,79.11,77.21,78.27,2432078.28,190043534.489,90317482.7958
2026-02-23 18:00:00+00:00,78.28,79.26,78,78.57,1630953.09,128108436.981,65160588.4911
2026-02-23 19:00:00+00:00,78.58,78.87,77.88,78.25,1110452.43,86989586.4341,39770133.9552
2026-02-23 20:00:00+00:00,78.24,78.5,77.8,78.26,937774.25,73327094.4472,38208727.366
2026-02-23 21:00:00+00:00,78.26,78.69,78.13,78.33,716229.08,56141407.8068,27831796.5502
2026-02-23 22:00:00+00:00,78.33,78.87,78.2,78.21,717362.09,56435473.6889,28133126.5808
2026-02-23 23:00:00+00:00,78.21,78.5,77.57,77.87,668599.56,52175066.177,22758574.0981
2026-02-24 00:00:00+00:00,77.86,78.49,77.85,78.41,662279.53,51798942.8992,29532410.3811
2026-02-24 01:00:00+00:00,78.4,78.42,75.68,77.63,3291013.22,253876585.426,119676611.937
2026-02-24 02:00:00+00:00,77.62,78.38,77.46,77.58,916891.98,71358658.9174,38697963.2971
2026-02-24 03:00:00+00:00,77.59,77.59,76.43,76.84,1359040.92,104542485.055,42829599.7126
2026-02-24 04:00:00+00:00,76.84,77.04,76.06,76.8,1235165.01,94574953.4112,43799605.8037
2026-02-24 05:00:00+00:00,76.8,77.29,76.15,76.59,1175168.39,90109540.1422,48776903.0373
2026-02-24 06:00:00+00:00,76.58,76.89,76.33,76.55,570030.53,43691050.3728,22746856.4367
2026-02-24 07:00:00+00:00,76.55,77.19,76.45,76.79,771912.21,59337702.9277,33056176.6868
2026-02-24 08:00:00+00:00,76.8,77.15,76.43,76.98,660203.7,50717891.8884,26729945.8747
2026-02-24 09:00:00+00:00,76.97,77.09,75.87,76.61,995095.29,76094376.3018,33613105.217
2026-02-24 10:00:00+00:00,76.61,76.79,76.35,76.71,440130.13,33711662.4667,15515086.2961
2026-02-24 11:00:00+00:00,76.71,76.86,76.44,76.71,396014.53,30360706.901,15501203.3693
2026-02-24 12:00:00+00:00,76.71,77.01,76.45,76.54,619524.77,47543569.1937,20919043.9648
2026-02-24 13:00:00+00:00,76.55,76.75,75.99,76.52,1078039.78,82439000.7881,37690819.7183
2026-02-24 14:00:00+00:00,76.51,77.39,75.57,76.83,2636718.06,201691229.811,99134491.7502
2026-02-24 15:00:00+00:00,76.84,77.45,76.55,77.25,1338868.42,103175099.814,51177348.5368
2026-02-24 16:00:00+00:00,77.26,78.2,77.17,78.06,1729240.43,134474396.988,65561696.7266
2026-02-24 17:00:00+00:00,78.07,78.45,77.74,77.93,1138179.8,88919693.3157,45158503.815
2026-02-24 18:00:00+00:00,77.92,78.28,77.51,78.14,688056.46,53647939.9102,27610673.3543
2026-02-24 19:00:00+00:00,78.14,78.47,77.82,78.32,648260.91,50693194.3334,25627384.3282
2026-02-24 20:00:00+00:00,78.33,78.86,78.28,78.61,831433.85,65338575.5491,35587898.4322
2026-02-24 21:00:00+00:00,78.6,78.67,78.06,78.48,663208.55,51942268.4312,21924188.669
2026-02-24 22:00:00+00:00,78.48,79.34,78.39,79.02,731907.28,57765641.628,33527105.0746
2026-02-24 23:00:00+00:00,79.02,79.56,78.59,78.91,957007.55,75719744.0783,34495933.8047
2026-02-25 00:00:00+00:00,78.92,79.37,78.66,79.14,641745.89,50680302.4466,23251860.8894
2026-02-25 01:00:00+00:00,79.13,82.53,79.04,81.94,4217964.18,343251094.942,186504865.618
2026-02-25 02:00:00+00:00,81.95,82.97,81.93,82.41,1809415.86,149104289.198,75418967.0834
2026-02-25 03:00:00+00:00,82.42,82.53,81.58,81.72,1185220.03,97075642.7337,45956554.1956
2026-02-25 04:00:00+00:00,81.71,82.41,81.24,81.93,1342531.46,109903867.941,57377218.3393
2026-02-25 05:00:00+00:00,81.92,82.14,80.93,81.26,1416645.98,115328820.94,55908766.6868
2026-02-25 06:00:00+00:00,81.25,81.85,81.11,81.53,784760.13,63971092.2134,37073406.9264
2026-02-25 07:00:00+00:00,81.53,82.38,81.45,82.13,927637.25,76102958.1565,42681243.4083
2026-02-25 08:00:00+00:00,82.14,82.52,81.88,82.44,964032.38,79317197.1382,42288385.0954
2026-02-25 09:00:00+00:00,82.45,82.66,82.18,82.49,819350.57,67520526.6299,34169564.36
2026-02-25 10:00:00+00:00,82.49,82.93,82.41,82.51,760040.86,62809655.4362,35302209.2653
2026-02-25 11:00:00+00:00,82.51,83.38,82.26,83.33,1185040.51,98197256.5636,56373607.4474
2026-02-25 12:00:00+00:00,83.34,84.06,82.85,83.64,1722082.73,143752025.461,82805161.8381
2026-02-25 13:00:00+00:00,83.64,84.4,83.29,83.78,1786056.98,149711746.603,77699596.4758
2026-02-25 14:00:00+00:00,83.79,85.75,83.75,85.59,2699059.15,228445049.806,124418439.972
2026-02-25 15:00:00+00:00,85.59,86.43,84.95,85.92,2917760.96,249978452.538,127431693.649
2026-02-25 16:00:00+00:00,85.92,87.67,85.92,87.5,2892063.18,251452416.723,132670708.923
2026-02-25 17:00:00+00:00,87.51,88.92,87.35,88.52,2767251.06,244035584.664,131472553.569
2026-02-25 18:00:00+00:00,88.51,89.15,87.96,88.91,1770585.02,156821757.257,79157689.4032
2026-02-25 19:00:00+00:00,88.9,89.6,88.31,89.39,1501134.62,133589589.351,65403916.5648
2026-02-25 20:00:00+00:00,89.4,90.08,88.93,89.34,1722033.33,154083340.289,81074830.514
2026-02-25 21:00:00+00:00,89.33,92.09,89.33,89.81,2883574.91,261160137.39,138762125.847
2026-02-25 22:00:00+00:00,89.82,90.5,88.33,89.07,1575524.4,140918339.779,64343461.7058
2026-02-25 23:00:00+00:00,89.06,89.32,87.05,88.01,2147775.14,189109517.219,90012835.1356
2026-02-26 00:00:00+00:00,88.01,89.22,87.79,88.55,1775791.39,157310457.21,79417141.006
2026-02-26 01:00:00+00:00,88.56,89.13,88.17,88.39,755295.53,66968235.8723,32213974.0159
2026-02-26 02:00:00+00:00,88.39,88.44,87.51,88.16,1036878.75,91159763.6276,43668509.501
2026-02-26 03:00:00+00:00,88.15,88.34,87.73,87.91,506794.72,44588849.8509,20386655.0485
2026-02-26 04:00:00+00:00,87.91,89,87.79,88.68,829598.97,73435769.8929,40027352.7096
2026-02-26 05:00:00+00:00,88.69,88.69,87.18,87.72,1071149.34,93892377.4395,44817916.6366
2026-02-26 06:00:00+00:00,87.73,87.97,87.32,87.59,537172.1,47064902.2247,22885136.6476
2026-02-26 07:00:00+00:00,87.59,87.84,87.17,87.21,618569.13,54117525.5586,22162817.7375
2026-02-26 08:00:00+00:00,87.21,87.83,87.2,87.24,735745.07,64358665.0874,35023535.8088
2026-02-26 09:00:00+00:00,87.24,88.64,87.15,88.27,1294360.32,114018537.529,66265568.1462
2026-02-26 10:00:00+00:00,88.26,88.54,87.22,87.4,867833.53,76183585.3325,34113756.0407
2026-02-26 11:00:00+00:00,87.4,87.57,86.53,86.76,1080967.6,93929419.0102,44581437.4496
2026-02-26 12:00:00+00:00,86.76,87.74,86.66,87.63,678661.28,59212747.8823,34461917.4451
2026-02-26 13:00:00+00:00,87.62,88.04,87.42,87.57,595944.7,52236670.1892,25570815.2447
2026-02-26 14:00:00+00:00,87.58,88.22,86.23,86.97,2082352.44,181590354.552,89068297.3601
2026-02-26 15:00:00+00:00,86.97,87.05,85.22,86.52,2950274.32,253937346.155,128257659.219
2026-02-26 16:00:00+00:00,86.52,86.71,84.25,84.53,2746885.34,234522453.129,112467238.313
2026-02-26 17:00:00+00:00,84.54,85.29,84.44,84.85,1405282.84,119417001.197,60535965.4563
2026-02-26 18:00:00+00:00,84.84,85.66,84.4,85.33,1329631.17,113076708.889,62372795.9123
2026-02-26 19:00:00+00:00,85.32,86.65,85.28,86.41,1377420.99,118530539.47,67704812.2693
2026-02-26 20:00:00+00:00,86.42,86.83,85.79,85.98,744865.03,64324313.1502,27729350.7475
2026-02-26 21:00:00+00:00,85.97,86.26,85.68,85.89,495037.34,42573347.2831,20232721.0002
2026-02-26 22:00:00+00:00,85.9,86.21,85.73,86.08,275096.82,23660498.2421,13540335.8754
2026-02-26 23:00:00+00:00,86.08,86.11,85.71,85.86,319157.6,27411115.1189,14249051.836
2026-02-27 00:00:00+00:00,85.86,86,85.14,85.8,752429.81,64387539.4961,33073688.1242
2026-02-27 01:00:00+00:00,85.8,86.11,85.25,86.09,961077.29,82325364.006,41815299.1726
2026-02-27 02:00:00+00:00,86.09,86.75,85.89,86.52,576560.55,49793161.9897,26672788.5569
2026-02-27 03:00:00+00:00,86.52,87.77,86.3,87.57,926383.21,80608990.421,43729193.8523
2026-02-27 04:00:00+00:00,87.57,88.26,87.41,87.49,1370939.44,120309483.159,58448732.2934
2026-02-27 05:00:00+00:00,87.49,87.8,87.32,87.48,500341.68,43800473.5234,21120085.9635
2026-02-27 06:00:00+00:00,87.48,87.57,86.79,87.28,782371.44,68202924.9178,31741502.1258
2026-02-27 07:00:00+00:00,87.27,87.4,86.74,87.26,714801.96,62249953.6592,33772478.8823
2026-02-27 08:00:00+00:00,87.27,87.88,87.14,87.52,899249.29,78702342.6052,39020516.9529
2026-02-27 09:00:00+00:00,87.52,87.78,86.18,86.27,1035406.16,90025154.7179,43071462.9931
2026-02-27 10:00:00+00:00,86.26,86.45,84.5,84.65,1781115.68,152044715.439,69777816.9552
2026-02-27 11:00:00+00:00,84.66,84.9,83.27,83.53,1916895.76,161021254.438,73093514.743
2026-02-27 12:00:00+00:00,83.52,83.71,82.56,83.05,1675399.83,139271131.389,66263406.8055
2026-02-27 13:00:00+00:00,83.06,83.5,81.89,83.01,2748887.67,227396011.296,116196104.361
2026-02-27 14:00:00+00:00,83.01,83.31,82.03,82.32,1921458.88,158758110.255,86007402.8018
2026-02-27 15:00:00+00:00,82.32,83.03,82.24,82.64,1528066.22,126373776.338,72618386.9557
2026-02-27 16:00:00+00:00,82.63,82.64,81.24,81.29,1990173.07,162926062.605,77526578.8477
2026-02-27 17:00:00+00:00,81.29,81.88,81.05,81.78,1502750.75,122392964.736,69936491.3765
2026-02-27 18:00:00+00:00,81.78,81.99,81.35,81.45,873210.43,71304828.7958,39870034.1073
2026-02-27 19:00:00+00:00,81.45,81.69,81.08,81.52,528282.46,43005581.1977,25988967.4739
2026-02-27 20:00:00+00:00,81.52,81.84,81.17,81.41,813862.36,66370750.9684,29894993.8986
2026-02-27 21:00:00+00:00,81.41,81.79,80.81,81.17,854947.62,69534754.2715,32604064.1631
2026-02-27 22:00:00+00:00,81.16,81.56,80.26,81.38,1074371.05,87052334.182,44449373.6146
2026-02-27 23:00:00+00:00,81.39,82.07,81.3,81.8,868734.68,70988461.8915,41165951.0435
2026-02-28 00:00:00+00:00,81.8,82.1,81.53,82.06,593992.68,48612618.1681,22971584.9436
2026-02-28 01:00:00+00:00,82.07,82.22,81.66,81.73,472456.19,38726830.9668,18657665.6275
2026-02-28 02:00:00+00:00,81.72,82.15,81.64,82.07,288857.55,23677783.8738,13037289.0063
2026-02-28 03:00:00+00:00,82.08,82.08,81.47,81.69,405773.79,33164184.083,12951593.9433
2026-02-28 04:00:00+00:00,81.68,81.85,81.15,81.59,556507.65,45386885.993,19629612.4493
2026-02-28 05:00:00+00:00,81.59,81.76,81.23,81.5,305479.48,24887357.3182,11582398.6208
2026-02-28 06:00:00+00:00,81.49,81.5,77.06,77.48,5409398.42,427830574.283,191875691.692
2026-02-28 07:00:00+00:00,77.48,79.64,77.06,78.63,3642919.91,285712675.84,150543090.158
2026-02-28 08:00:00+00:00,78.64,78.67,77.78,77.95,1339541.87,104819712.993,47967511.6737
2026-02-28 09:00:00+00:00,77.94,78.66,77.67,78.34,1091045.54,85372849.2228,45235074.5663
2026-02-28 10:00:00+00:00,78.34,79.11,77.91,79.05,1361416.55,107028841.587,60351226.6297
2026-02-28 11:00:00+00:00,79.04,79.53,78.58,78.71,1090404.13,86263355.1071,40823573.7963
2026-02-28 12:00:00+00:00,78.71,79.16,78.55,78.86,660914.51,52123269.5411,25111179.6657
2026-02-28 13:00:00+00:00,78.87,80.95,78.63,80.75,2646939.27,211686566.513,120558983.862
2026-02-28 14:00:00+00:00,80.75,81.46,79.96,80.19,2878427.86,232279786.74,109180454.913
2026-02-28 15:00:00+00:00,80.19,81.1,79.54,80.87,1584965.54,127433061.68,63360917.6404
2026-02-28 16:00:00+00:00,80.86,81.29,80.43,81.02,970543.06,78468879.4993,37070813.7378
2026-02-28 17:00:00+00:00,81.01,81.48,80.52,81.33,748729.05,60626463.9439,29174409.0718
2026-02-28 18:00:00+00:00,81.32,82.87,81.03,82.29,1678723.02,137605905.306,76911108.6043
2026-02-28 19:00:00+00:00,82.29,82.73,81.39,82.15,1735733.21,142489313.819,71777838.6575
2026-02-28 20:00:00+00:00,82.15,85,81.9,84.83,2775661.69,232226062.531,137898518.623
2026-02-28 21:00:00+00:00,84.83,85.02,83.53,84.44,1561938.64,131577583.384,62811148.3017
2026-02-28 22:00:00+00:00,84.44,85.63,84.2,84.25,1070480.07,90779477.6108,41097104.5315
2026-02-28 23:00:00+00:00,84.25,84.69,83.87,84.29,746698.85,62918094.2571,30271985.361
2026-03-01 00:00:00+00:00,84.29,84.98,84.27,84.82,848678.89,71775548.5491,34472488.5927
2026-03-01 01:00:00+00:00,84.83,87.48,84.22,86.7,2453817.86,210395182.485,111607455.117
2026-03-01 02:00:00+00:00,86.7,88.88,86.69,87.92,2965944.71,260910198.865,139593787.263
2026-03-01 03:00:00+00:00,87.92,88.3,87.59,87.98,1067198.95,93873271.5,42129379.8012
2026-03-01 04:00:00+00:00,87.99,88.23,86.83,87.5,1457454.08,127493941.091,59300800.7877
2026-03-01 05:00:00+00:00,87.51,87.99,87.16,87.23,673374.61,58993050.9418,27502533.6472
2026-03-01 06:00:00+00:00,87.23,87.36,86.11,86.63,1440528.36,124731223.351,49015685.706
2026-03-01 07:00:00+00:00,86.63,86.86,86.23,86.58,639947.52,55402176.3098,29538215.9466
2026-03-01 08:00:00+00:00,86.59,86.79,85.01,85.17,1274315.28,109374768.814,46634476.923
2026-03-01 09:00:00+00:00,85.18,85.83,84.77,84.96,1348849.85,114982601.9,59173915.0607
2026-03-01 10:00:00+00:00,84.96,85.63,84.67,85.18,1008455.63,85847131.4727,45004516.908
2026-03-01 11:00:00+00:00,85.18,85.48,84.94,85.13,460051.91,39215059.2464,18991841.6195
2026-03-01 12:00:00+00:00,85.13,85.36,84.72,84.84,654620.77,55646339.8564,27426342.6569
2026-03-01 13:00:00+00:00,84.83,86.95,84.46,86.02,2149306.17,184336185.797,99531538.879
2026-03-01 14:00:00+00:00,86.03,86.86,85.37,85.75,1509617.49,129906704.937,62482458.9235
2026-03-01 15:00:00+00:00,85.74,86.64,85.56,85.61,1133059.71,97627154.7878,47072317.2121
2026-03-01 16:00:00+00:00,85.61,86.05,83.51,83.96,2499321.11,212252756.316,95579498.4671
2026-03-01 17:00:00+00:00,83.97,84.26,83.14,83.85,1816607.42,152232895.466,71553724.6277
2026-03-01 18:00:00+00:00,83.85,84.99,83.8,83.89,1419989.39,119767841.628,64859346.7481
2026-03-01 19:00:00+00:00,83.9,83.98,82.98,83.19,847167.85,70678961.6712,32626776.4932
2026-03-01 20:00:00+00:00,83.19,83.24,81.64,81.93,1805955.21,148608967.55,72503754.4765
2026-03-01 21:00:00+00:00,81.93,82.98,81.88,82.89,947305.14,78185257.6595,43928622.4577
2026-03-01 22:00:00+00:00,82.9,84.17,82.32,82.68,1702756.06,141632240.217,72954406.9259
2026-03-01 23:00:00+00:00,82.68,84.03,82.45,83.55,1223829.16,102142160.522,54571429.0048
2026-03-02 00:00:00+00:00,83.55,85.19,83.43,84.95,1380719.13,116412518.612,67552566.1854
2026-03-02 01:00:00+00:00,84.94,86.14,84.35,84.58,1371014.45,116829955.262,55269126.0093
2026-03-02 02:00:00+00:00,84.59,84.74,83.41,84.11,1045307.76,87835292.0394,43615143.592
2026-03-02 03:00:00+00:00,84.11,85.09,83.78,84.74,888994.62,75199129.4203,40453382.2361
2026-03-02 04:00:00+00:00,84.73,84.8,84.03,84.25,656636.45,55424114.014,24692103.3443
2026-03-02 05:00:00+00:00,84.25,84.65,83.79,84.17,557559.86,46971191.1894,24389868.0878
2026-03-02 06:00:00+00:00,84.18,84.2,82.82,83.18,1195253.58,99616892.3751,42927915.0404
2026-03-02 07:00:00+00:00,83.19,83.25,82.32,82.9,975137.82,80734602.6184,40550039.4315
2026-03-02 08:00:00+00:00,82.9,83.6,82.3,83.4,1280919.12,106177996.642,53487745.1735
2026-03-02 09:00:00+00:00,83.39,84.09,83.27,83.6,1098802.97,91992327.1238,48193435.4687
2026-03-02 10:00:00+00:00,83.6,84.08,83.31,83.85,929021.69,77688282.5201,43660570.3711
2026-03-02 11:00:00+00:00,83.85,84.28,83.41,83.85,836394.83,70105107.743,37152237.6003
2026-03-02 12:00:00+00:00,83.84,84.11,83.52,83.64,598199,50112885.749,23033127.7921
2026-03-02 13:00:00+00:00,83.63,83.8,82.85,83.03,1203103.35,100203482.869,47181107.7952
2026-03-02 14:00:00+00:00,83.02,85.91,82.72,85.61,3413306.1,288199463.948,153072009.276
2026-03-02 15:00:00+00:00,85.6,88.96,85.41,88.74,5664800.2,496834573.304,257172759.458
2026-03-02 16:00:00+00:00,88.74,90.32,88.41,88.82,4017038.98,358682244.369,189810507.599
2026-03-02 17:00:00+00:00,88.81,88.96,86.36,87.57,2762170.99,242051290.558,118630946.532
2026-03-02 18:00:00+00:00,87.57,87.82,86.65,87.28,1281748.54,111908498.741,56776923.0094
2026-03-02 19:00:00+00:00,87.27,87.75,86.78,87.62,1068399.75,93263244.8662,45803710.8385
2026-03-02 20:00:00+00:00,87.61,88.04,86.8,87.5,1290229.15,112956198.987,57862068.0272
2026-03-02 21:00:00+00:00,87.5,87.71,87.09,87.49,868841.36,75965204.3616,39670390.4603
2026-03-02 22:00:00+00:00,87.49,88.19,87.18,87.98,639591.86,56138784.4326,29740125.7062
2026-03-02 23:00:00+00:00,87.99,88.04,86.27,86.59,1206970.07,104956793.63,45794818.8702
2026-03-03 00:00:00+00:00,86.59,87.28,86.04,86.85,1205799.9,104437279.791,55075171.4053
2026-03-03 01:00:00+00:00,86.86,87.13,86.08,86.1,592091.67,51270418.9809,28306231.5108
2026-03-03 02:00:00+00:00,86.1,86.3,85.16,86.15,1123846.67,96324109.9985,49229597.1211
2026-03-03 03:00:00+00:00,86.15,86.59,85.84,86.23,489858.61,42234757.0163,22702864.8101
2026-03-03 04:00:00+00:00,86.23,86.41,85.59,85.8,518271.78,44566285.1739,19821761.2792
2026-03-03 05:00:00+00:00,85.79,86.77,85.36,85.73,1278627.41,110088015.046,56015964.0737
2026-03-03 06:00:00+00:00,85.74,85.94,85.34,85.78,710879.84,60887068.4263,30823154.0432
2026-03-03 07:00:00+00:00,85.78,86.26,85.33,85.53,918656.01,78803038.5505,40617598.6112
2026-03-03 08:00:00+00:00,85.52,85.73,83.88,84.2,1826683.65,154591832.095,72548371.839
2026-03-03 09:00:00+00:00,84.2,84.94,83.94,84.23,1562355.35,131954735.289,68800448.9458
2026-03-03 10:00:00+00:00,84.24,84.52,83.63,83.86,1468400.82,123351277.597,61634812.6126
2026-03-03 11:00:00+00:00,83.86,84.3,83.72,84.15,1373936.48,115438721.741,56395922.1688
2026-03-03 12:00:00+00:00,84.15,85.32,84.06,84.37,1747027.9,147829789.167,78960871.9691
2026-03-03 13:00:00+00:00,84.37,84.42,83.12,83.56,1303239,109035165.38,52174618.5972
2026-03-03 14:00:00+00:00,83.56,84.39,82.4,83.2,2647893.55,220917393.833,110338197.938
2026-03-03 15:00:00+00:00,83.19,85.13,83,84.98,2450823.55,205933931.401,111383980.125
2026-03-03 16:00:00+00:00,84.97,87.31,84.27,85.34,4218539.89,361900361.147,180750061.057
2026-03-03 17:00:00+00:00,85.35,85.42,84.1,85.14,1633166.11,138352834.491,71739789.0492
2026-03-03 18:00:00+00:00,85.13,85.99,84.46,85.35,1327071.23,113332754.386,53962001.9249
2026-03-03 19:00:00+00:00,85.35,85.73,84.61,85.04,1303201.75,111025873.204,54479168.8058
2026-03-03 20:00:00+00:00,85.04,85.42,84.61,84.81,774399.08,65773521.2738,34590325.3146
2026-03-03 21:00:00+00:00,84.8,85.13,84.13,85.08,662728.32,56043066.1637,27142282.2419
2026-03-03 22:00:00+00:00,85.08,86.61,85.06,86.24,995132.41,85521708.295,49143735.1177
2026-03-03 23:00:00+00:00,86.23,87.43,86.14,86.92,1500606.93,130570226.727,66841306.9944
2026-03-04 00:00:00+00:00,86.91,87.34,86.21,86.58,959260.14,83250750.5013,36700284.6911
2026-03-04 01:00:00+00:00,86.58,88.06,86.44,87.22,1492204.73,130243075.879,71523409.9922
2026-03-04 02:00:00+00:00,87.23,87.44,86.49,87.02,823672.78,71626037.6427,35592415.6413
2026-03-04 03:00:00+00:00,87.01,87.02,85.12,85.71,1596098.02,137080939.621,61584628.4752
2026-03-04 04:00:00+00:00,85.71,85.87,84.76,85.36,954521.65,81362581.3158,43039479.1254
2026-03-04 05:00:00+00:00,85.35,85.94,84.75,85.64,1122440.11,95798068.9,47259760.4837
2026-03-04 06:00:00+00:00,85.63,86,84.92,85.56,968383.66,82734085.7796,41078017.866
2026-03-04 07:00:00+00:00,85.56,87.49,85.45,87.38,1287939.65,111659724.546,64078641.534
2026-03-04 08:00:00+00:00,87.38,89.98,86.94,89.7,2693769.38,237736671.469,125431385.209
2026-03-04 09:00:00+00:00,89.69,91.48,89.18,90.5,3910698.36,353187215.459,186195499.031
2026-03-04 10:00:00+00:00,90.51,91.04,89.84,90.12,2394608.85,216359476.785,97960856.2834
2026-03-04 11:00:00+00:00,90.12,90.62,89.36,89.73,1542305.04,138798746.355,69285884.5171
2026-03-04 12:00:00+00:00,89.74,89.83,88.66,89.39,1530454.87,136527354.072,68426865.2438
2026-03-04 13:00:00+00:00,89.39,90.14,89.26,89.94,1329710.96,119305967.183,58643899.575
2026-03-04 14:00:00+00:00,89.93,91.72,89.41,90.13,3318619.75,299873974.124,151512880.716
2026-03-04 15:00:00+00:00,90.12,93.12,90.09,92.88,3788559.24,347656425.784,182955016.851
2026-03-04 16:00:00+00:00,92.89,93.1,90.9,91.47,2532225.72,232435769.805,112884072.114
2026-03-04 17:00:00+00:00,91.47,92.19,90.57,91.49,1730330.36,158107266.021,78489944.0891
2026-03-04 18:00:00+00:00,91.49,92.45,91.06,92.32,979910.74,89957306.4911,44226670.1028
2026-03-04 19:00:00+00:00,92.33,94.15,92.23,93.14,2309306.54,214997928.025,118133934.972
2026-03-04 20:00:00+00:00,93.13,93.73,92.64,92.81,1414915.52,131862672.102,65595422.0396
2026-03-04 21:00:00+00:00,92.81,92.94,92.11,92.29,1002041.7,92698164.189,50159455.502
2026-03-04 22:00:00+00:00,92.3,92.83,91.13,91.28,958856.65,88258762.6186,35043811.1581
2026-03-04 23:00:00+00:00,91.28,91.4,90.24,90.82,1107731.23,100650558.642,47871354.9987
2026-03-05 00:00:00+00:00,90.81,91.34,90.67,90.72,687281.37,62547449.8245,32808969.4552
2026-03-05 01:00:00+00:00,90.73,91.38,89.7,89.92,1581302.96,142778194.516,65334073.0724
2026-03-05 02:00:00+00:00,89.92,90.64,89.89,90.13,767492.22,69273507.9468,37790172.8501
2026-03-05 03:00:00+00:00,90.14,90.49,89.55,89.98,714786.16,64295509.98,32792430.7189
2026-03-05 04:00:00+00:00,89.98,90.69,89.83,90.35,742257.52,66985229.2681,37150620.5016
2026-03-05 05:00:00+00:00,90.36,90.58,89.97,90.12,569241.67,51355877.0538,24917175.3905
2026-03-05 06:00:00+00:00,90.13,90.96,89.63,90.81,831130.89,75057024.4014,39611483.5542
2026-03-05 07:00:00+00:00,90.82,91.25,89.65,90.11,1167653.14,105715909.068,45856103.7499
2026-03-05 08:00:00+00:00,90.1,90.69,89.61,90.59,1039328.23,93675155.342,50038434.221
2026-03-05 09:00:00+00:00,90.6,91.88,90.56,91.13,1519430.58,138603921.487,73135771.549
2026-03-05 10:00:00+00:00,91.13,92.91,90.94,92.58,1573899.16,145035047.462,80381424.7124
2026-03-05 11:00:00+00:00,92.59,92.72,91.58,91.76,952483.6,87695074.2668,38381146.8574
2026-03-05 12:00:00+00:00,91.77,92.15,91.22,91.92,1037401.06,95107006.3185,49097887.8895
2026-03-05 13:00:00+00:00,91.92,92,90.34,90.77,1503566.26,136847319.418,65685734.8621
2026-03-05 14:00:00+00:00,90.76,91.44,89.77,90.96,2208188.65,199884044.39,102598105.129
2026-03-05 15:00:00+00:00,90.95,91.09,88.76,89.56,2754457.75,246572480.371,123051704.609
2026-03-05 16:00:00+00:00,89.56,89.58,87.85,88.9,2698984.73,238707982.809,110934206.397
2026-03-05 17:00:00+00:00,88.91,89.36,87.84,88.07,1451368.41,128410916.684,61752860.0546
2026-03-05 18:00:00+00:00,88.07,88.86,87.96,88.77,756411.97,66873264.7599,36214561.4181
2026-03-05 19:00:00+00:00,88.76,89.35,88.62,88.68,864469.31,76912410.9451,39849837.5771
2026-03-05 20:00:00+00:00,88.69,89.53,88.5,89.17,1013858.04,90376166.3949,46526530.7999
2026-03-05 21:00:00+00:00,89.16,89.81,88.8,89.07,790031,70549478.3269,35934776.514
2026-03-05 22:00:00+00:00,89.06,89.36,88.81,89.04,523575.96,46638650.1851,24697560.2439
2026-03-05 23:00:00+00:00,89.04,89.16,88.56,88.74,449515.96,39934273.965,16548299.2133
2026-03-06 00:00:00+00:00,88.74,89,88.53,88.82,354849.89,31505359.809,16999372.7052
2026-03-06 01:00:00+00:00,88.81,89.24,87.95,89.06,1068678.25,94770153.4574,43597985.4894
2026-03-06 02:00:00+00:00,89.07,89.26,88.15,88.31,1193652.36,105692461.618,51531309.7796
2026-03-06 03:00:00+00:00,88.31,88.65,88.07,88.36,517482.6,45720965.2623,21700891.7299
2026-03-06 04:00:00+00:00,88.35,88.55,87.58,88.11,802151.58,70658159.4444,28459585.217
2026-03-06 05:00:00+00:00,88.11,88.22,87.45,87.85,771486.15,67713988.7739,32218732.6851
2026-03-06 06:00:00+00:00,87.85,88.39,87.61,88.02,616358.19,54224281.1997,29089728.2482
2026-03-06 07:00:00+00:00,88.02,88.87,87.74,88.64,852627.19,75411410.5415,39714818.9771
2026-03-06 08:00:00+00:00,88.64,88.64,88.13,88.3,532562.58,47053547.6485,21782374.3017
2026-03-06 09:00:00+00:00,88.31,88.44,87.1,87.43,1245861.76,109106540.077,54383058.7753
2026-03-06 10:00:00+00:00,87.43,87.91,87.34,87.64,584634.1,51244999.2723,26118697.0777
2026-03-06 11:00:00+00:00,87.64,87.95,87.05,87.21,781646.69,68326795.9739,31178126.594
2026-03-06 12:00:00+00:00,87.21,87.23,85.84,86.43,2421150.74,209474542.675,101896513.489
2026-03-06 13:00:00+00:00,86.43,87.06,85.51,85.54,2275628.41,196467530.202,88050885.6445
2026-03-06 14:00:00+00:00,85.53,85.69,83.89,84.27,3213714.47,272667192.46,134556814.066
2026-03-06 15:00:00+00:00,84.26,85.28,84.13,84.57,1981752.18,167888711.299,86644727.5138
2026-03-06 16:00:00+00:00,84.57,84.95,84.02,84.28,1104736.43,93352709.0615,45777702.4461
2026-03-06 17:00:00+00:00,84.29,84.63,83.52,84.14,1411452.19,118624761.224,56755732.0673
2026-03-06 18:00:00+00:00,84.14,85.57,84.11,85.2,1438738.66,122309531.752,69707567.5484
2026-03-06 19:00:00+00:00,85.21,85.83,85.08,85.14,884854.8,75568207.2583,39498930.8616
2026-03-06 20:00:00+00:00,85.14,85.41,84.51,84.96,820683.18,69687169.9532,33041305.4699
2026-03-06 21:00:00+00:00,84.96,85.06,84.39,84.68,585262.43,49533348.2088,23198447.4738
2026-03-06 22:00:00+00:00,84.69,85.01,84.5,84.92,371029.87,31431969.3425,17778358.4452
2026-03-06 23:00:00+00:00,84.93,85.01,84.57,84.64,265010.7,22471663.1333,10167134.3124
2026-03-07 00:00:00+00:00,84.65,85.03,84.46,84.7,404382.62,34259368.9329,18050027.6216
2026-03-07 01:00:00+00:00,84.7,84.84,84.54,84.66,283996.15,24049605.0807,10852316.432
2026-03-07 02:00:00+00:00,84.66,84.7,84.24,84.61,408606.94,34498943.1738,14891525.171
2026-03-07 03:00:00+00:00,84.6,85.03,84.3,84.47,431938.46,36556827.3908,18314988.9815
2026-03-07 04:00:00+00:00,84.48,84.51,83.9,84.22,605141.91,50948148.2913,20463489.6267
2026-03-07 05:00:00+00:00,84.22,84.45,84.04,84.28,333091.36,28063252.5261,13096899.9313
2026-03-07 06:00:00+00:00,84.29,84.3,83.82,84,403701.58,33943948.8295,15367765.2452
2026-03-07 07:00:00+00:00,84,84.48,83.83,84.27,586796.71,49354085.9806,26965062.1885
2026-03-07 08:00:00+00:00,84.27,84.62,84.07,84.31,580375.31,48973705.391,27418100.8887
2026-03-07 09:00:00+00:00,84.31,84.65,84.15,84.51,313718.58,26502288.0823,13955096.4199
2026-03-07 10:00:00+00:00,84.52,84.71,84.34,84.43,291829.68,24674704.3871,11375327.4413
2026-03-07 11:00:00+00:00,84.42,84.87,84.18,84.61,527542.43,44644025.2838,22071657.3314
2026-03-07 12:00:00+00:00,84.6,84.73,84.22,84.24,378003.98,31917174.5557,11750994.2909
2026-03-07 13:00:00+00:00,84.25,84.48,84.06,84.24,381200.93,32136470.9275,15784754.4584
2026-03-07 14:00:00+00:00,84.24,84.4,83.58,84.16,1055554.47,88627712.3242,47261525.3456
2026-03-07 15:00:00+00:00,84.17,84.19,83.26,83.69,864941.41,72441517.6092,34904933.3158
2026-03-07 16:00:00+00:00,83.69,83.75,83.44,83.53,391702.05,32736634.4171,16771852.5628
2026-03-07 17:00:00+00:00,83.53,84.03,83.49,83.56,484595.8,40607538.6652,21257092.6869
2026-03-07 18:00:00+00:00,83.57,83.58,82.85,83.32,761646.99,63405178.6605,27626233.0472
2026-03-07 19:00:00+00:00,83.33,83.33,82.22,82.47,1259939.38,104260547.321,46517962.2585
2026-03-07 20:00:00+00:00,82.47,83.07,82.46,82.97,520755.62,43140295.1748,21987247.7768
2026-03-07 21:00:00+00:00,82.98,83.25,82.83,83.22,376427.33,31248845.0143,16284688.1094
2026-03-07 22:00:00+00:00,83.23,83.28,82.6,82.93,361649.74,30009997.4244,13653201.9017
2026-03-07 23:00:00+00:00,82.93,83.21,82.87,83.17,227694.18,18923711.7733,10719234.4477
2026-03-08 00:00:00+00:00,83.17,83.44,82.86,83.02,468974.8,39000899.0755,19313216.0267
2026-03-08 01:00:00+00:00,83.02,83.17,82.64,82.93,421190.47,34918216.2737,18693776.9108
2026-03-08 02:00:00+00:00,82.93,83.04,82.03,82.32,865325.45,71428587.3402,29449891.2913
2026-03-08 03:00:00+00:00,82.32,82.69,82.2,82.27,610558.45,50328908.2177,24244455.5682
2026-03-08 04:00:00+00:00,82.28,82.5,81.67,81.9,678679.94,55727063.1385,23578444.8421
2026-03-08 05:00:00+00:00,81.9,82.74,81.88,82.43,550739.82,45387026.6394,24431648.8844
2026-03-08 06:00:00+00:00,82.43,82.57,82.21,82.39,409864.6,33769703.9053,17655499.4205
2026-03-08 07:00:00+00:00,82.39,83.06,82.34,82.9,662088.39,54815127.5857,28388160.566
2026-03-08 08:00:00+00:00,82.89,83.07,82.43,83.04,498281.97,41247156.1694,21259486.6974
2026-03-08 09:00:00+00:00,83.03,83.34,82.72,83.1,733170.13,60913706.6946,35847564.8348
2026-03-08 10:00:00+00:00,83.11,84.07,83.09,83.59,997322.75,83453398.056,49629769.1198
2026-03-08 11:00:00+00:00,83.6,83.6,82.56,82.74,1057253.91,87659823.8108,38943852.5218
2026-03-08 12:00:00+00:00,82.75,82.95,81.54,82.25,1744143.49,143466430.641,70894809.5636
2026-03-08 13:00:00+00:00,82.26,82.42,81.11,82.03,1708813.83,139619858.095,67658330.9369
2026-03-08 14:00:00+00:00,82.02,82.33,81.89,82.25,726121.96,59634165.273,30930439.4798
2026-03-08 15:00:00+00:00,82.25,82.36,81.77,81.99,578616.36,47455985.0053,21179174.9467
2026-03-08 16:00:00+00:00,81.99,82.11,81.29,81.46,751234.32,61316784.8876,30549365.9301
2026-03-08 17:00:00+00:00,81.46,81.94,81.31,81.63,625737.77,51065240.6922,28218845.7704
2026-03-08 18:00:00+00:00,81.63,81.76,81.23,81.54,487124.86,39717690.9734,19907917.6464
2026-03-08 19:00:00+00:00,81.55,82.62,81.44,82.44,937601.92,77077413.4393,43668971.7578
2026-03-08 20:00:00+00:00,82.43,82.93,82.05,82.27,661858.73,54546200.1434,25416962.1654
2026-03-08 21:00:00+00:00,82.27,82.38,81.65,82.2,551973.55,45259197.486,21025912.901
2026-03-08 22:00:00+00:00,82.19,82.47,80.18,81.96,3076430.25,249939887.133,116640598.693
2026-03-08 23:00:00+00:00,81.96,82.4,81.43,81.56,910735.95,74602325.02,36873256.6314
2026-03-09 00:00:00+00:00,81.57,83.26,81.5,82.29,1346743.04,110941759.829,62096574.6307
2026-03-09 01:00:00+00:00,82.29,82.87,81.82,82.05,943327.9,77747169.8702,38967139.1472
2026-03-09 02:00:00+00:00,82.05,82.9,81.6,82.62,1069215.45,87910620.2508,41267052.4513
2026-03-09 03:00:00+00:00,82.62,84.47,82.57,83.1,2081934.14,174184904.535,91868665.9108
2026-03-09 04:00:00+00:00,83.1,83.83,83.02,83.15,709935,59232512.2327,30068829.0784
2026-03-09 05:00:00+00:00,83.15,84.58,83.07,84.24,1421657.51,119372925.935,64592862.3053
2026-03-09 06:00:00+00:00,84.24,84.26,83.04,83.07,857768.59,71781330.5825,34262309.6615
2026-03-09 07:00:00+00:00,83.07,83.25,82.25,83.12,1211708.81,100377917.482,47945029.8982
2026-03-09 08:00:00+00:00,83.12,83.81,82.87,83.67,917827.04,76569121.785,38577706.6121
2026-03-09 09:00:00+00:00,83.68,84.56,83.26,83.97,1077347.31,90577866.8687,44435998.5008
2026-03-09 10:00:00+00:00,83.98,84.19,83.44,83.68,702046.64,58833649.6781,27475674.3829
2026-03-09 11:00:00+00:00,83.69,83.88,83.04,83.52,705159.08,58856025.7083,28425800.9079
2026-03-09 12:00:00+00:00,83.52,84.17,83.34,83.96,831150.07,69669424.0771,35221673.5366
2026-03-09 13:00:00+00:00,83.96,85.71,83.94,85.11,2377954.31,201896922.169,102178235.367
2026-03-09 14:00:00+00:00,85.1,85.7,84.51,85.25,1932076.89,164577163.857,78189094.2205
2026-03-09 15:00:00+00:00,85.24,85.42,84.58,85.01,985892.52,83825043.6103,41840871.5396
2026-03-09 16:00:00+00:00,85,85.6,84.66,85.09,983267.64,83619949.1758,41041141.3092
2026-03-09 17:00:00+00:00,85.09,85.38,84.27,85.05,1409292.86,119611800.153,56035399.1626
2026-03-09 18:00:00+00:00,85.04,85.54,84.43,85.15,1324953.23,112795306.12,60068345.3262
2026-03-09 19:00:00+00:00,85.15,87,85.03,85.92,2452284.46,211359310.02,114896083.14
2026-03-09 20:00:00+00:00,85.93,86.14,85.25,85.77,787508.19,67466714.2944,32800175.4941
2026-03-09 21:00:00+00:00,85.76,86.32,85.63,85.97,772917.78,66518962.9325,34413081.6392
2026-03-09 22:00:00+00:00,85.96,86.27,85.52,85.67,834425.61,71676100.5168,38176883.2527
2026-03-09 23:00:00+00:00,85.67,85.95,84.78,84.91,708696.04,60434566.8002,25569320.5931
2026-03-10 00:00:00+00:00,84.91,85.93,84.79,85.52,1041499.98,88897731.5015,42740285.3064
2026-03-10 01:00:00+00:00,85.53,85.94,85.05,85.69,530957.62,45369518.1451,21100880.0764
2026-03-10 02:00:00+00:00,85.68,86.86,85.41,86.57,1353164.93,116798029.534,64207926.9701
2026-03-10 03:00:00+00:00,86.57,86.71,85.45,85.52,965086.59,83073986.8874,36215455.7542
2026-03-10 04:00:00+00:00,85.51,86.62,85.34,86.51,1028789.9,88307292.8651,42880605.0785
2026-03-10 05:00:00+00:00,86.51,86.96,86.3,86.36,850199.8,73632546.5214,40452542.6076
2026-03-10 06:00:00+00:00,86.37,86.66,85.94,86.32,613773.52,52975887.8078,24540288.7803
2026-03-10 07:00:00+00:00,86.31,86.86,86.14,86.66,774621.72,67042608.9024,35427658.8849
2026-03-10 08:00:00+00:00,86.67,87.38,86.52,86.65,1585417.23,137848148.887,68090808.1459
2026-03-10 09:00:00+00:00,86.65,87.46,86.59,87.17,976921.6,85074434.4022,43036848.261
2026-03-10 10:00:00+00:00,87.18,87.65,86.75,87.04,709068.7,61800222.5132,29882590.7925
2026-03-10 11:00:00+00:00,87.04,87.15,86.57,86.75,619945.82,53807132.8142,26327269.7882
2026-03-10 12:00:00+00:00,86.75,86.79,86.23,86.64,731312.72,63247954.5445,29962005.3054
2026-03-10 13:00:00+00:00,86.63,87.25,85.7,86.01,1906835.33,164820413.079,73498451.2578
2026-03-10 14:00:00+00:00,86.02,88.2,84.86,88.07,3055527.51,264000645.603,139548033.31
2026-03-10 15:00:00+00:00,88.06,88.58,87.23,88.31,2114313.7,185836371.119,86073900.3833
2026-03-10 16:00:00+00:00,88.31,88.67,87.61,88.36,1551122.33,136936757.289,62077690.4386
2026-03-10 17:00:00+00:00,88.35,88.78,87.58,87.9,1223685.28,107885084.762,53461407.622
2026-03-10 18:00:00+00:00,87.9,87.97,86.03,86.19,2084958.65,180889041.712,92171984.3595
2026-03-10 19:00:00+00:00,86.18,86.42,85.59,85.97,1280548.03,110143337.699,62663211.5758
2026-03-10 20:00:00+00:00,85.96,86.36,85.89,86.2,575158.84,49535499.2469,26744279.6513
2026-03-10 21:00:00+00:00,86.2,86.39,85.2,85.67,952197.34,81621474.1766,37082686.2096
2026-03-10 22:00:00+00:00,85.66,85.81,84.95,85.48,910810.8,77693972.0054,36958772.9525
2026-03-10 23:00:00+00:00,85.47,85.85,85.31,85.83,549275.65,47021164.7229,27786113.9849
2026-03-11 00:00:00+00:00,85.82,86.18,85.53,85.97,770940.4,66162421.8726,32316224.9163
2026-03-11 01:00:00+00:00,85.97,86.22,85.6,86.03,419763.42,36087091.2328,16822734.8138
2026-03-11 02:00:00+00:00,86.03,86.16,85.43,85.87,519181.92,44521362.7428,22002970.4931
2026-03-11 03:00:00+00:00,85.87,86.13,85.48,85.56,503618.55,43191926.4556,18734217.5044
2026-03-11 04:00:00+00:00,85.57,86.79,85.43,86.65,1136040.69,97964099.7076,55656292.5054
2026-03-11 05:00:00+00:00,86.65,86.83,85.54,85.66,1045028.17,89964124.6275,42526341.6394
2026-03-11 06:00:00+00:00,85.66,86.12,85.6,85.97,536071.86,46026900.9332,22412493.2855
2026-03-11 07:00:00+00:00,85.97,86.08,85.07,85.39,658562.47,56300205.6806,24869336.1754
2026-03-11 08:00:00+00:00,85.39,85.57,85.01,85.43,772510.61,65905200.6548,33298483.7455
2026-03-11 09:00:00+00:00,85.43,85.53,84.64,84.83,783106.19,66605617.2166,29370774.5614
2026-03-11 10:00:00+00:00,84.82,85.5,84.79,85.22,658328.95,56044717.9497,31097587.6505
2026-03-11 11:00:00+00:00,85.21,85.28,84.3,84.51,1191666.41,100991519.042,47752164.8016
2026-03-11 12:00:00+00:00,84.5,85.66,84.3,85.14,1361319.53,115608172.162,60408921.1204
2026-03-11 13:00:00+00:00,85.14,87.35,85.05,85.91,3341017.3,288079340.126,149444196.677
2026-03-11 14:00:00+00:00,85.9,87.12,85.68,86.49,1940322.47,167704068.914,83163562.2889
2026-03-11 15:00:00+00:00,86.5,86.61,84.49,85.37,2028073.12,173249549.764,88489901.7515
2026-03-11 16:00:00+00:00,85.37,86.56,85.24,86.39,1193533.68,102557449.513,50468227.1026
2026-03-11 17:00:00+00:00,86.39,87.81,86.38,87.21,2304114.24,200782002.522,104709608.86
2026-03-11 18:00:00+00:00,87.21,88.06,87.1,87.76,1796234.34,157373368.021,77744911.811
2026-03-11 19:00:00+00:00,87.76,87.81,86.98,87.25,917919.52,80140703.1348,39823394.5558
2026-03-11 20:00:00+00:00,87.25,87.4,86.97,87.25,496885.95,43300841.6228,21466275.8893
2026-03-11 21:00:00+00:00,87.25,87.57,87.09,87.49,344725.91,30111278.0897,13543173.4317
2026-03-11 22:00:00+00:00,87.5,87.9,86.78,87.01,627089.41,54709290.7789,25280461.88
2026-03-11 23:00:00+00:00,87.01,87.17,86.4,86.52,570144.58,49466723.9429,24203261.4881
2026-03-12 00:00:00+00:00,86.52,86.73,86.32,86.62,388214.23,33599882.7817,17756255.9051
2026-03-12 01:00:00+00:00,86.61,86.65,85.88,85.99,726214.08,62568950.9889,29422388.3203
2026-03-12 02:00:00+00:00,85.98,86.1,85.1,85.15,1196920.19,102475576.064,48590092.4649
2026-03-12 03:00:00+00:00,85.14,85.36,84.63,84.94,1038139.69,88304375.7536,46507324.8877
2026-03-12 04:00:00+00:00,84.94,85.35,84.82,85.04,802832.63,68290359.8613,37640236.8348
2026-03-12 05:00:00+00:00,85.03,85.26,84.82,85.08,443046.66,37669285.9507,21731740.6765
2026-03-12 06:00:00+00:00,85.08,85.36,84.91,85.32,418214.54,35612390.6141,20032963.3838
2026-03-12 07:00:00+00:00,85.32,85.86,84.93,85.77,935502.06,79933356.5669,41345455.1998
2026-03-12 08:00:00+00:00,85.77,86.13,85.34,85.9,906424.8,77758878.0352,41692371.0424
2026-03-12 09:00:00+00:00,85.9,86.67,85.4,86.15,831572.38,71478540.3099,35386289.024
2026-03-12 10:00:00+00:00,86.15,87.02,85.98,86.72,1210388.47,104822908.759,49761544.1539
2026-03-12 11:00:00+00:00,86.71,87.1,86.58,86.75,912199.71,79179688.9187,39546319.8661
2026-03-12 12:00:00+00:00,86.75,87.46,86.51,87.2,1252744.87,109091827.736,49115712.9225
2026-03-12 13:00:00+00:00,87.21,87.66,86.3,86.7,2022282.92,175915431.79,86428759.9343
2026-03-12 14:00:00+00:00,86.7,87.63,85.13,85.47,2531754.15,218217497.724,104407117.997
2026-03-12 15:00:00+00:00,85.48,86.98,85.03,86.53,2026174.95,174548161.437,89839939.2744
2026-03-12 16:00:00+00:00,86.52,87.05,85.73,86.77,1613294.05,139554871.595,68570847.5944
2026-03-12 17:00:00+00:00,86.76,86.96,86.27,86.56,892278.64,77313471.5169,36398321.1122
2026-03-12 18:00:00+00:00,86.55,86.77,85.75,85.82,755561.6,65115810.7967,29486943.157
2026-03-12 19:00:00+00:00,85.82,86.92,85.61,86.75,804080.22,69410309.8957,37665711.0388
2026-03-12 20:00:00+00:00,86.75,86.92,86.37,86.41,525059.82,45483146.3451,22851416.2542
2026-03-12 21:00:00+00:00,86.41,86.66,86.11,86.49,341259.02,29471157.2941,13628758.6316
2026-03-12 22:00:00+00:00,86.49,86.57,85.9,86.24,489130.57,42167509.8877,22352142.8251
2026-03-12 23:00:00+00:00,86.25,87.18,86.22,86.8,881513.74,76542990.4317,41670302.6787
2026-03-13 00:00:00+00:00,86.79,91.15,86.66,89.75,5177718.27,463429291.918,263885810.053
2026-03-13 01:00:00+00:00,89.74,90.72,89.73,90.45,1453839.24,131122262.117,63035450.9047
2026-03-13 02:00:00+00:00,90.45,90.56,88.89,89.05,1154901.11,103520448.796,43384924.4172
2026-03-13 03:00:00+00:00,89.05,89.95,88.84,89.66,1018953.95,91105440.8764,51649294.9553
2026-03-13 04:00:00+00:00,89.66,89.71,89.16,89.3,442214.7,39527659.937,19164391.4685
2026-03-13 05:00:00+00:00,89.3,89.43,88.85,89.04,765628.97,68210403.1524,32118720.3252
2026-03-13 06:00:00+00:00,89.04,89.19,88.21,88.38,910066.43,80638386.8864,39492385.0083
2026-03-13 07:00:00+00:00,88.37,88.93,88.1,88.62,1042887.59,92299403.9186,48879092.5648
2026-03-13 08:00:00+00:00,88.62,89.62,88.27,89.1,1105410.15,98402969.5462,50159132.0706
2026-03-13 09:00:00+00:00,89.09,89.6,88.72,89.47,704213.64,62835922.3859,32058428.3704
2026-03-13 10:00:00+00:00,89.46,90.26,89.41,90.14,1351585.57,121441312.321,60225297.6735
2026-03-13 11:00:00+00:00,90.14,90.41,89.92,90.27,843904.58,76075102.6217,37547657.6983
2026-03-13 12:00:00+00:00,90.27,91.36,90.08,90.94,1387433.37,125816855.256,66431598.3963
2026-03-13 13:00:00+00:00,90.95,92.29,90.88,91.83,2969288.65,272112330.863,138648514.015
2026-03-13 14:00:00+00:00,91.82,93.38,90.42,90.67,4058854.03,373127909.498,181214855.78
2026-03-13 15:00:00+00:00,90.66,91.21,89.24,89.42,2357088.68,212690083.294,107664815.27
2026-03-13 16:00:00+00:00,89.43,89.91,88.76,89.55,1791749.7,160215962.488,84446822.0804
2026-03-13 17:00:00+00:00,89.56,90.14,88.52,88.82,1526137.26,136160192.231,70707832.0148
2026-03-13 18:00:00+00:00,88.83,89.08,88.3,88.77,1194861.7,105983871.739,56109132.1465
2026-03-13 19:00:00+00:00,88.76,89,88.3,88.86,919401.37,81549069.4521,41748807.1362
2026-03-13 20:00:00+00:00,88.86,89.06,88.48,88.84,683066.53,60648426.3789,31499052.2842
2026-03-13 21:00:00+00:00,88.84,89.09,88.24,88.53,509743.73,45191394.9016,20268608.7691
2026-03-13 22:00:00+00:00,88.52,88.61,87.68,87.97,960928.26,84538281.2486,42048814.8348
2026-03-13 23:00:00+00:00,87.96,88.21,87.75,88.12,385291.1,33920722.8407,19150568.7778
2026-03-14 00:00:00+00:00,88.11,88.33,87.79,87.89,489478.88,43091169.8456,21922406.3961
2026-03-14 01:00:00+00:00,87.88,88.33,87.75,88.19,439669.85,38712385.4367,21847506.5607
2026-03-14 02:00:00+00:00,88.19,88.28,87.93,88.18,236784.34,20864661.4863,11324358.6911
2026-03-14 03:00:00+00:00,88.18,88.57,88.17,88.35,450142.49,39795275.5245,21141829.717
2026-03-14 04:00:00+00:00,88.35,88.66,88.16,88.2,461409.08,40805680.7115,19733394.7166
2026-03-14 05:00:00+00:00,88.2,88.35,87.83,88.03,553314.35,48742293.5808,21099196.7525
2026-03-14 06:00:00+00:00,88.02,88.05,86.87,87.2,1117172.4,97607061.525,45997083.8247
2026-03-14 07:00:00+00:00,87.2,87.38,87.11,87.27,366247.24,31959037.6185,17716145.8866
2026-03-14 08:00:00+00:00,87.27,87.51,87.01,87.08,410260.54,35800389.5773,15648080.5008
2026-03-14 09:00:00+00:00,87.09,87.26,86.56,86.78,605017.16,52579260.2391,22431390.9284
2026-03-14 10:00:00+00:00,86.79,86.88,86.41,86.6,582525.49,50461055.9089,22222705.0705
2026-03-14 11:00:00+00:00,86.61,86.96,86.58,86.9,484615.4,42065652.5022,24643591.7299
2026-03-14 12:00:00+00:00,86.9,87.07,86.74,87.04,516965,44929496.0733,24021103.301
2026-03-14 13:00:00+00:00,87.05,87.31,86.96,87.04,470622.97,41014731.2917,21206030.2974
2026-03-14 14:00:00+00:00,87.04,87.18,86.57,86.66,501222.51,43517825.7048,19121811.2116
2026-03-14 15:00:00+00:00,86.65,86.87,86.57,86.67,299611.17,25983632.2034,13899977.5063
2026-03-14 16:00:00+00:00,86.67,87.07,86.57,87.01,370203.82,32146063.6061,19018136.4807
2026-03-14 17:00:00+00:00,87.01,87.04,86.77,86.82,221405.09,19246329.3341,7865723.9798
2026-03-14 18:00:00+00:00,86.82,87.06,86.73,86.98,207747.06,18048271.0719,10673850.0255
2026-03-14 19:00:00+00:00,86.97,87.03,86.84,86.95,171697.32,14924821.0747,8265420.3365
2026-03-14 20:00:00+00:00,86.96,87.1,86.82,87.02,209036.54,18174995.1545,10925991.3335
2026-03-14 21:00:00+00:00,87.02,87.29,86.8,87.22,220991,19237279.7109,10369302.2809
2026-03-14 22:00:00+00:00,87.22,87.41,87.15,87.25,268532.07,23437511.0012,12596943.425
2026-03-14 23:00:00+00:00,87.26,88.12,87.25,87.99,817996.88,71874561.2171,38069272.2334
2026-03-15 00:00:00+00:00,88,88.16,87.62,87.7,455938.67,40070138.9374,18457158.5467
2026-03-15 01:00:00+00:00,87.7,87.86,87.51,87.62,376521.98,33009596.4587,15201009.0473
2026-03-15 02:00:00+00:00,87.63,88.59,87.63,88.24,892847.27,78708033.7215,42911347.3647
2026-03-15 03:00:00+00:00,88.24,88.38,87.64,87.79,487114.56,42831419.4968,17096549.7825
2026-03-15 04:00:00+00:00,87.8,88.28,87.79,88.27,494747.33,43569888.6064,21576785.389
2026-03-15 05:00:00+00:00,88.27,88.59,88.05,88.25,596018.25,52660535.3155,27732051.1005
2026-03-15 06:00:00+00:00,88.25,88.54,88.07,88.31,425928.94,37609775.9116,17935222.3375
2026-03-15 07:00:00+00:00,88.31,88.49,88.06,88.17,292238.07,25796617.7512,12877351.7941
2026-03-15 08:00:00+00:00,88.18,88.48,88.09,88.43,317494.12,28033086.2831,15449018.8085
2026-03-15 09:00:00+00:00,88.44,88.83,88.36,88.49,581167.72,51499196.5167,28154089.2788
2026-03-15 10:00:00+00:00,88.49,88.66,88.33,88.42,237607.88,21020228.6226,9977217.1043
2026-03-15 11:00:00+00:00,88.43,88.63,88.18,88.51,387119.1,34202488.3762,15602518.7189
2026-03-15 12:00:00+00:00,88.51,88.52,88.13,88.22,321118.45,28344846.3649,11823303.1803
2026-03-15 13:00:00+00:00,88.23,88.35,87.31,87.8,1174839.1,103050917.801,48409829.8148
2026-03-15 14:00:00+00:00,87.8,87.96,87.51,87.93,497417.94,43649924.0352,24508472.7473
2026-03-15 15:00:00+00:00,87.93,88.08,87.71,87.86,281935.91,24784347.6838,11845331.554
2026-03-15 16:00:00+00:00,87.86,88,87.41,87.5,455607.2,39949650.1371,17374584.2393
2026-03-15 17:00:00+00:00,87.51,88.77,87.45,88.37,674857.96,59507000.0506,33161069.4955
2026-03-15 18:00:00+00:00,88.38,88.65,87.78,87.85,648107.38,57217962.4561,25597285.7583
2026-03-15 19:00:00+00:00,87.86,88.24,87.75,88.14,348858.85,30702507.6469,16181393.6209
2026-03-15 20:00:00+00:00,88.13,88.99,87.92,88.7,671571.34,59462570.0602,34233300.9382
2026-03-15 21:00:00+00:00,88.7,90.26,88.5,89.97,1611512.03,144185731.652,86364680.8856
2026-03-15 22:00:00+00:00,89.97,92.93,89.8,92.63,3295637.59,301087502.842,169236139.855
2026-03-15 23:00:00+00:00,92.62,93.23,91.56,92.28,2219387.52,205193923.591,96007955.1932
2026-03-16 00:00:00+00:00,92.28,93.09,91.85,91.99,1422431.88,131507205.345,66206599.2113
2026-03-16 01:00:00+00:00,91.99,92.23,91.47,92.09,942085.39,86492536.9684,41560777.2004
2026-03-16 02:00:00+00:00,92.08,92.26,91.15,91.45,745967,68326044.7281,31565357.5127
2026-03-16 03:00:00+00:00,91.46,93.97,91.24,93.14,2787186.67,259265021.776,150181256.672
2026-03-16 04:00:00+00:00,93.14,94.27,92.91,93.6,1817365.87,169777457.75,89236795.499
2026-03-16 05:00:00+00:00,93.61,94.33,93.16,94.01,1807872.43,169671902.139,95977806.4437
2026-03-16 06:00:00+00:00,94,94.01,93.11,93.37,1001840.08,93667511.9629,43537464.6063
2026-03-16 07:00:00+00:00,93.38,93.84,93.29,93.54,793848.09,74286233.0619,38255336.8646
2026-03-16 08:00:00+00:00,93.54,93.99,92.54,92.84,1234533.02,115084063.387,53604214.1563
2026-03-16 09:00:00+00:00,92.83,93.43,92.69,93.26,719605.82,66991276.5919,38577702.647
2026-03-16 10:00:00+00:00,93.27,93.92,93.22,93.87,762831.73,71367522.5288,36887083.0111
2026-03-16 11:00:00+00:00,93.86,93.94,93.48,93.71,537949.69,50426952.1229,23846457.4709
2026-03-16 12:00:00+00:00,93.71,94.16,93.29,93.73,1227708.51,115188006.85,54645846.0705
2026-03-16 13:00:00+00:00,93.73,95.08,93.37,93.62,2769246.94,260927448.474,132449659.679
2026-03-16 14:00:00+00:00,93.62,94.48,92.32,93.58,2725153.54,254140370.776,126988472.697
2026-03-16 15:00:00+00:00,93.57,94.32,93,93.14,1328738.37,124410076.643,61791371.2969
2026-03-16 16:00:00+00:00,93.13,94.03,93.07,93.76,863782.2,80733811.1299,43269207.3815
2026-03-16 17:00:00+00:00,93.76,94.39,93.63,94.04,793536.85,74563946.9032,39372013.522
2026-03-16 18:00:00+00:00,94.04,95.08,94,94.34,1350328.34,127782312.16,66810805.7225
2026-03-16 19:00:00+00:00,94.34,95.45,94.13,95.18,1258387.16,119555216.711,64346842.8118
2026-03-16 20:00:00+00:00,95.17,95.94,95.02,95.72,1058481.16,101176969.493,52889152.2488
2026-03-16 21:00:00+00:00,95.73,96.87,95.44,96.13,1260229.77,121202410.389,67908738.4797
2026-03-16 22:00:00+00:00,96.12,97.65,96.1,96.32,1579894.77,152998287.352,80650811.5143
2026-03-16 23:00:00+00:00,96.33,96.42,95.37,96.14,1045089.5,100199302.722,47064191.5733
2026-03-17 00:00:00+00:00,96.14,96.91,95.09,95.47,1566343.84,150196574.438,73320452.9999
2026-03-17 01:00:00+00:00,95.47,96.06,94.9,95.66,1056363.26,100896195.67,48639188.923
2026-03-17 02:00:00+00:00,95.66,95.72,94.81,95.09,680730.47,64788205.2386,27731783.481
2026-03-17 03:00:00+00:00,95.08,95.24,93.66,94.02,1326086.05,125045878.987,60875645.7181
2026-03-17 04:00:00+00:00,94.02,94.23,93.11,93.74,1102125.14,103244467.121,49153028.2313
2026-03-17 05:00:00+00:00,93.75,94.06,93.3,93.75,758750.84,71127382.8181,37110521.5219
2026-03-17 06:00:00+00:00,93.75,94.27,93.42,93.85,589867.14,55413600.0305,30443071.2338
2026-03-17 07:00:00+00:00,93.85,94.6,93.81,94.38,597904.12,56398202.1525,32309464.2855
2026-03-17 08:00:00+00:00,94.38,94.92,94.22,94.36,627261.65,59330736.1725,29162424.3161
2026-03-17 09:00:00+00:00,94.35,95.05,93.65,93.86,1062076.01,100209913.141,46487467.409
2026-03-17 10:00:00+00:00,93.85,94.02,93.2,93.52,867052.06,81161426.7811,40723069.5918
2026-03-17 11:00:00+00:00,93.51,93.86,93.33,93.59,704755.19,66009897.7354,31267493.5491
2026-03-17 12:00:00+00:00,93.59,94.03,93.1,93.37,724293.36,67722496.0097,34028084.9782
2026-03-17 13:00:00+00:00,93.36,94.55,93.28,93.75,1464295.6,137461154.384,68318551.845
2026-03-17 14:00:00+00:00,93.75,94.64,93.43,94.45,1108156.16,104344101.533,51797416.8337
2026-03-17 15:00:00+00:00,94.45,95.1,93.19,93.76,1554235.52,146164669.62,70462201.0222
2026-03-17 16:00:00+00:00,93.77,94.75,93.66,94.34,940356.05,88674314.3298,42522480.1937
2026-03-17 17:00:00+00:00,94.35,94.69,94.08,94.51,575684.96,54362253.9433,25228857.4415
2026-03-17 18:00:00+00:00,94.51,95.6,94.39,95.28,1123405.07,106823878.215,56033114.0392
2026-03-17 19:00:00+00:00,95.28,95.52,94.53,94.6,765146.38,72696991.7368,33096781.3492
2026-03-17 20:00:00+00:00,94.59,95,94.35,94.84,470574.54,44547526.773,24389193.074
2026-03-17 21:00:00+00:00,94.84,95.41,94.79,95.21,390109.8,37108786.5978,20450664.749
2026-03-17 22:00:00+00:00,95.21,95.57,94.52,95.26,946287.82,89996853.8733,50214194.5535
2026-03-17 23:00:00+00:00,95.27,95.39,94.54,94.57,491421.01,46645412.0064,23589626.4023
2026-03-18 00:00:00+00:00,94.57,94.89,94.04,94.49,676947.5,63904468.519,31134866.3995
2026-03-18 01:00:00+00:00,94.49,94.88,94.25,94.37,418173.81,39562656.1224,17489694.65
2026-03-18 02:00:00+00:00,94.36,95.18,94.33,94.87,470164.5,44587075.604,24404992.4917
2026-03-18 03:00:00+00:00,94.87,95.63,94.76,94.99,612199.96,58295270.6421,30277121.0966
2026-03-18 04:00:00+00:00,95,95.07,93.92,94.07,935126.04,88254815.8249,41967899.8214
2026-03-18 05:00:00+00:00,94.07,94.36,93.66,93.87,859908.47,80840243.0207,40981262.9118
2026-03-18 06:00:00+00:00,93.87,94.6,93.85,94.17,498730.79,47014888.7767,26353162.0634
2026-03-18 07:00:00+00:00,94.17,94.24,93.76,93.89,376608.24,35393818.8726,18001109.0551
2026-03-18 08:00:00+00:00,93.89,94.2,93.89,93.97,357479.9,33626784.7037,17059659.6097
2026-03-18 09:00:00+00:00,93.97,94.38,93.88,94.21,356790.96,33610197.8139,16673063.9003
2026-03-18 10:00:00+00:00,94.21,94.38,93.44,93.79,670817.86,62938557.4304,28613963.3553
2026-03-18 11:00:00+00:00,93.79,94.03,91.75,91.95,3032071.97,280495209.955,131166706.725
2026-03-18 12:00:00+00:00,91.96,92,90.25,90.36,2816504.57,256342616.209,130210211.907
2026-03-18 13:00:00+00:00,90.37,90.7,89.82,90.25,2074048.46,187284903.968,97260682.4658
2026-03-18 14:00:00+00:00,90.26,90.34,88.79,88.91,2440521.04,218422098.343,98610475.4886
2026-03-18 15:00:00+00:00,88.91,89.4,88.51,89.31,1903186.25,169475139.276,90351117.0305
2026-03-18 16:00:00+00:00,89.31,89.31,88.57,88.91,1153417.11,102569058.951,48051278.3466
2026-03-18 17:00:00+00:00,88.91,90.3,88.77,89.87,1294732.62,116092714.43,64372369.4934
2026-03-18 18:00:00+00:00,89.86,90.81,89.32,89.53,1689687.64,152312103.813,73754755.3612
2026-03-18 19:00:00+00:00,89.52,90.02,89.38,89.65,664892.13,59641155.2342,31021319.9941
2026-03-18 20:00:00+00:00,89.66,90.08,88.92,89.93,855215.61,76543631.1502,37491356.6054
2026-03-18 21:00:00+00:00,89.93,90.58,89.87,90.4,511367.71,46162953.4201,21996131.597
2026-03-18 22:00:00+00:00,90.4,90.42,89.88,89.97,560300.24,50514785.0265,22934282.6507
2026-03-18 23:00:00+00:00,89.97,90.12,89.62,90.02,410366.97,36897162.8971,18151768.0711
2026-03-19 00:00:00+00:00,90.02,90.26,89.76,90.06,418301,37653408.4068,20800118.0031
2026-03-19 01:00:00+00:00,90.05,90.35,89.87,90.12,415943.47,37498971.715,18667366.4967
2026-03-19 02:00:00+00:00,90.13,90.35,89.73,89.93,388066.27,34963361.5109,17494531.5017
2026-03-19 03:00:00+00:00,89.94,91.37,89.86,90.69,1637218.99,148725720.52,85564374.2131
2026-03-19 04:00:00+00:00,90.69,90.69,89.68,89.86,1226190.03,110431681.858,52306502.7214
2026-03-19 05:00:00+00:00,89.86,90.07,89.61,89.71,503735.75,45245783.9911,23128318.695
2026-03-19 06:00:00+00:00,89.71,90.09,89.47,89.82,985917.31,88518290.8805,44181594.8631
2026-03-19 07:00:00+00:00,89.82,90.01,88.57,89.37,2281023.28,203667542.061,94444355.1267
2026-03-19 08:00:00+00:00,89.37,89.59,89.04,89.32,660194.92,58970465.6374,33897075.8175
2026-03-19 09:00:00+00:00,89.32,90.36,89.13,90.16,1159251.66,104107856.245,63849301.8332
2026-03-19 10:00:00+00:00,90.15,90.46,89.73,89.78,713589.41,64279435.8414,32842292.9985
2026-03-19 11:00:00+00:00,89.78,90.01,89.44,89.58,480843.27,43135456.128,23861647.3351
2026-03-19 12:00:00+00:00,89.59,89.59,87.97,88.08,1734239.04,153942487.292,70921967.7237
2026-03-19 13:00:00+00:00,88.07,88.71,87.49,88.45,2364263.65,208172881.102,100496761.397
2026-03-19 14:00:00+00:00,88.46,88.89,87.37,88.16,1501023.17,132000185.345,60631560.109
2026-03-19 15:00:00+00:00,88.16,88.72,87.1,87.58,1680932.8,147493298.439,68160227.942
2026-03-19 16:00:00+00:00,87.57,87.77,86.79,87.63,1238298.12,108186974.343,49339639.7439
2026-03-19 17:00:00+00:00,87.63,88.32,87.02,88.09,1018613.57,89330259.5506,50469618.1545
2026-03-19 18:00:00+00:00,88.1,88.29,87.61,88.09,517133.5,45473806.1452,20039543.2362
2026-03-19 19:00:00+00:00,88.08,89.22,88.08,88.68,1363433.28,121066151.948,64001533.9218
2026-03-19 20:00:00+00:00,88.67,89.17,88.62,88.94,330243.39,29354708.5084,15439546.6199
2026-03-19 21:00:00+00:00,88.94,89.28,88.81,89.07,347816.01,30975809.5654,14207914.1339
2026-03-19 22:00:00+00:00,89.07,89.13,88.31,88.72,511905,45399200.5791,16310413.7913
2026-03-19 23:00:00+00:00,88.71,89.14,88.55,88.84,578127.8,51408328.6578,26533152.6236
2026-03-20 00:00:00+00:00,88.84,89.39,88.8,89.37,516328.78,46049546.1166,24772987.2943
2026-03-20 01:00:00+00:00,89.37,89.76,89.28,89.42,615675.06,55102414.9015,29343651.3599
2026-03-20 02:00:00+00:00,89.43,89.56,88.83,89.26,507630.14,45262041.7225,21725665.088
2026-03-20 03:00:00+00:00,89.26,89.68,89.19,89.53,371769.03,33257500.2626,16382420.6162
2026-03-20 04:00:00+00:00,89.53,89.72,88.68,89.22,614545.35,54800994.9513,26200757.2366
2026-03-20 05:00:00+00:00,89.23,89.48,88.81,89.31,642177.8,57290980.8098,31727707.4061
2026-03-20 06:00:00+00:00,89.3,89.31,88.87,89.04,449291.32,40015563.1138,18432687.5247
2026-03-20 07:00:00+00:00,89.03,89.45,88.44,89.31,727011.47,64656979.4022,29974385.6062
2026-03-20 08:00:00+00:00,89.32,90.43,89.25,89.73,1166747.05,104926512.516,58656192.1315
2026-03-20 09:00:00+00:00,89.72,89.73,88.56,88.9,997070.68,88706576.6826,39685048.9728
2026-03-20 10:00:00+00:00,88.91,89.44,88.54,89.26,621964.27,55327660.5965,30885481.8542
2026-03-20 11:00:00+00:00,89.25,89.53,88.81,89.08,510126.22,45499272.7958,20402283.8984
2026-03-20 12:00:00+00:00,89.08,89.47,88.97,89.08,468460.41,41785044.1229,19799570.0609
2026-03-20 13:00:00+00:00,89.09,89.59,88.56,88.76,1196673.62,106538878.881,51893283.0862
2026-03-20 14:00:00+00:00,88.76,89.7,88.43,88.88,1657391.37,147502338.685,74847408.4892
2026-03-20 15:00:00+00:00,88.87,89.3,88.56,88.9,978576.55,86973060.9388,43483359.93
2026-03-20 16:00:00+00:00,88.9,89.18,88.57,88.87,543712.32,48341053.0597,23031470.2663
2026-03-20 17:00:00+00:00,88.87,89,88.07,88.85,817626.37,72381698.934,33782475.7111
2026-03-20 18:00:00+00:00,88.85,88.97,88.11,88.52,656023.3,58108104.1178,31797263.967
2026-03-20 19:00:00+00:00,88.52,89.02,88.17,88.95,583688.97,51735422.097,26250527.313
2026-03-20 20:00:00+00:00,88.95,89.32,88.6,88.95,580909.34,51678561.9818,22538952.4255
2026-03-20 21:00:00+00:00,88.95,89.99,88.86,89.53,686982.53,61498764.5131,33670175.2651
2026-03-20 22:00:00+00:00,89.53,90.22,89.53,90.05,623304.68,56083055.8344,28929552.7902
2026-03-20 23:00:00+00:00,90.05,90.1,89.67,89.8,389521.69,35014695.9975,16269559.9458
2026-03-21 00:00:00+00:00,89.81,90.22,89.78,89.98,359777.65,32364435.8535,18693126.0262
2026-03-21 01:00:00+00:00,89.98,90.31,89.68,89.83,397911.32,35790708.8602,17402144.3999
2026-03-21 02:00:00+00:00,89.83,90.68,89.71,90.42,542960.57,48997194.6599,28816858.956
2026-03-21 03:00:00+00:00,90.42,90.57,90.27,90.41,280481.9,25355040.917,11277107.1978
2026-03-21 04:00:00+00:00,90.41,90.78,90.11,90.23,625985.33,56623745.3121,30052087.1142
2026-03-21 05:00:00+00:00,90.23,90.47,89.9,89.92,443734.04,39994958.7243,14071602.5853
2026-03-21 06:00:00+00:00,89.91,90.28,89.88,90.12,283802.65,25567544.9128,14423878.0458
2026-03-21 07:00:00+00:00,90.11,90.36,89.88,90.1,288120.11,25972990.7226,12270657.5446
2026-03-21 08:00:00+00:00,90.1,90.1,89.76,89.96,284407.54,25571078.0197,11820383.6386
2026-03-21 09:00:00+00:00,89.96,90.35,89.93,90.15,417556.12,37642419.363,20530794.894
2026-03-21 10:00:00+00:00,90.14,90.2,89.83,89.93,216213.02,19457581.2006,9543526.9532
2026-03-21 11:00:00+00:00,89.92,89.98,89.78,89.91,213396.87,19180918.4335,9252461.1727
2026-03-21 12:00:00+00:00,89.9,90.15,89.83,90.12,245720.95,22118581.1538,10669215.7887
2026-03-21 13:00:00+00:00,90.12,90.23,89.9,89.97,287559.6,25900378.5219,12507707.0548
2026-03-21 14:00:00+00:00,89.96,90.36,89.58,89.6,645625.78,58100666.13,25923373.2446
2026-03-21 15:00:00+00:00,89.6,89.88,89.31,89.78,584691.54,52387414.9187,25005363.4156
2026-03-21 16:00:00+00:00,89.77,89.95,89.5,89.62,400985.67,35974621.5756,16565035.3803
2026-03-21 17:00:00+00:00,89.63,89.65,89.3,89.5,304051.74,27220736.3791,13445230.9642
2026-03-21 18:00:00+00:00,89.5,89.9,89.5,89.72,232715.85,20868078.8442,12801558.676
2026-03-21 19:00:00+00:00,89.72,89.86,89.64,89.73,134972.34,12116104.044,5842293.2829
2026-03-21 20:00:00+00:00,89.74,90.36,89.72,90.1,432304.27,38942951.3963,23556094.4803
2026-03-21 21:00:00+00:00,90.11,90.17,89.87,89.93,189151.59,17025154.2303,7322537.2744
2026-03-21 22:00:00+00:00,89.93,90.02,89.74,89.82,193817.69,17418407.4849,8101390.5848
2026-03-21 23:00:00+00:00,89.82,89.84,87,87.5,2128954,187729632.025,77627515.5987
2026-03-22 00:00:00+00:00,87.5,87.72,86.18,87.26,2725095.63,237077639.636,120229865.387
2026-03-22 01:00:00+00:00,87.26,87.66,86.9,87.39,904173.96,78901384.6049,36396715.2059
2026-03-22 02:00:00+00:00,87.39,88.43,87.36,88.11,829039.79,72862318.1801,40517994.5862
2026-03-22 03:00:00+00:00,88.11,89.11,87.69,88.61,1221670.56,108118946.789,60726640.3892
2026-03-22 04:00:00+00:00,88.6,89.14,88.51,88.96,881462.7,78304749.5021,42908235.1279
2026-03-22 05:00:00+00:00,88.96,88.96,88.39,88.42,500512.3,44344851.9638,17088791.4946
2026-03-22 06:00:00+00:00,88.42,88.42,88.07,88.14,377236.97,33284282.9162,14609588.896
2026-03-22 07:00:00+00:00,88.14,88.28,87.61,87.65,477139.73,41972369.7848,17458866.7825
2026-03-22 08:00:00+00:00,87.65,87.69,86.79,87.32,1205823.93,105158584.147,50635207.16
2026-03-22 09:00:00+00:00,87.31,87.62,87.11,87.26,485423.85,42397538.0978,20115809.2094
2026-03-22 10:00:00+00:00,87.26,87.44,87.15,87.26,303552.75,26499237.6455,13166741.9598
2026-03-22 11:00:00+00:00,87.26,87.4,86.77,86.79,619638.8,53966481.9945,24648457.8397
2026-03-22 12:00:00+00:00,86.79,87.41,86.75,87.21,592475.09,51593459.9852,28219199.4833
2026-03-22 13:00:00+00:00,87.22,87.68,86.95,87.26,535567.95,46777159.6973,26124904.7378
2026-03-22 14:00:00+00:00,87.27,87.55,86.98,87.16,349476.85,30498806.6754,15376134.1383
2026-03-22 15:00:00+00:00,87.15,87.54,87.12,87.53,398927.59,34836343.4896,20169243.4009
2026-03-22 16:00:00+00:00,87.53,87.66,87.21,87.43,505666.93,44220297.6402,22417220.2622
2026-03-22 17:00:00+00:00,87.43,87.51,87.15,87.21,276012.56,24104526.1996,10301510.9497
2026-03-22 18:00:00+00:00,87.21,87.27,86.4,86.95,629422.09,54669526.2264,25818111.1547
2026-03-22 19:00:00+00:00,86.96,86.98,86.51,86.83,416058.74,36093592.0479,19164416.4992
2026-03-22 20:00:00+00:00,86.83,87.15,86.48,86.55,403794.19,35042045.2031,17960161.943
2026-03-22 21:00:00+00:00,86.54,86.6,85.04,85.94,1880211.88,161196926.032,66934610.7477
2026-03-22 22:00:00+00:00,85.94,86.74,85.44,86.69,1220960.55,105166737.418,55083571.2775
2026-03-22 23:00:00+00:00,86.7,86.99,85.94,86.15,645623.89,55837969.7279,25550474.7591
2026-03-23 00:00:00+00:00,86.15,86.58,85.37,85.83,915516.66,78721273.1375,37828339.8209
2026-03-23 01:00:00+00:00,85.84,86.57,85.68,86.03,586715.54,50608589.5175,26244477.0232
2026-03-23 02:00:00+00:00,86.04,86.96,86,86.65,601930.64,52091976.6669,30963983.9146
2026-03-23 03:00:00+00:00,86.66,87.19,86.33,86.37,577669.88,50096010.7649,26188105.6992
2026-03-23 04:00:00+00:00,86.37,86.89,86.26,86.88,438879.54,37997108.9764,21164726.3553
2026-03-23 05:00:00+00:00,86.88,87.32,86.8,87.12,873308.41,76022180.2587,38720309.982
2026-03-23 06:00:00+00:00,87.12,87.12,85.38,85.67,1099118.42,94555758.8653,42779824.8613
2026-03-23 07:00:00+00:00,85.68,86.18,85,85.94,1561426.64,133595090.344,63411961.9276
2026-03-23 08:00:00+00:00,85.94,86.42,85.79,85.9,730646.8,62945594.4877,32964573.9732
2026-03-23 09:00:00+00:00,85.89,85.98,85.12,85.72,804806.11,68849279.3791,33867212.8221
2026-03-23 10:00:00+00:00,85.72,86.29,85.6,86.01,694762.58,59720625.2486,30038365.8879
2026-03-23 11:00:00+00:00,86.02,91.93,85.99,88.74,9209343.99,828791734.629,432143363.777
2026-03-23 12:00:00+00:00,88.74,90.45,88.28,90.17,2511786.5,224625545.312,114548981.307
2026-03-23 13:00:00+00:00,90.18,91.45,89.83,91.31,2232256.29,202299243.796,101033759.432
2026-03-23 14:00:00+00:00,91.31,91.69,91.02,91.48,1863714.53,170285109.166,79593098.4576
2026-03-23 15:00:00+00:00,91.48,92.24,89.76,89.91,2852779.35,259513947.829,126349740.302
2026-03-23 16:00:00+00:00,89.9,90.41,89.35,90.29,1753258.33,157747492.45,82619211.8522
2026-03-23 17:00:00+00:00,90.29,91.35,89.64,91.21,1645973.33,149114727.395,78714915.1638
2026-03-23 18:00:00+00:00,91.21,91.77,90.87,91.56,991966.52,90612437.3541,43478212.9404
2026-03-23 19:00:00+00:00,91.57,91.86,91.2,91.34,873577.73,79931613.1265,40788547.0547
2026-03-23 20:00:00+00:00,91.34,92,91.2,91.74,573917.05,52598030.0354,30797785.2629
2026-03-23 21:00:00+00:00,91.75,91.93,91.47,91.59,351227.2,32204859.3235,14911854.811
2026-03-23 22:00:00+00:00,91.59,91.89,91.15,91.47,775362.05,70920866.4574,38013868.2348
2026-03-23 23:00:00+00:00,91.48,91.54,90.93,91.4,572141.85,52193859.4329,27839858.9994
2026-03-24 00:00:00+00:00,91.4,91.63,90.56,90.95,753964.25,68700836.3079,33947207.1698
2026-03-24 01:00:00+00:00,90.95,91.02,90.1,90.37,618601.26,56039931.6307,26278351.5997
2026-03-24 02:00:00+00:00,90.36,90.73,90.06,90.1,545079.17,49241837.5728,23882550.7862
2026-03-24 03:00:00+00:00,90.1,90.31,89.91,90.29,621145.82,55956916.0294,26977924.7647
2026-03-24 04:00:00+00:00,90.3,90.79,90.08,90.3,522300.76,47196092.5147,21984482.32
2026-03-24 05:00:00+00:00,90.29,90.36,89.93,90.06,662474.06,59675755.3726,25924003.5128
2026-03-24 06:00:00+00:00,90.07,90.49,90,90.41,527538.97,47617637.5402,24283554.013
2026-03-24 07:00:00+00:00,90.41,91.86,90.34,91.67,1296932.42,118213974.422,68492106.8453
2026-03-24 08:00:00+00:00,91.68,91.92,91.22,91.53,1124669.71,103043940.008,52794352.7961
2026-03-24 09:00:00+00:00,91.54,92.12,91.08,92.08,1147486.08,105152579.754,57542646.5002
2026-03-24 10:00:00+00:00,92.07,92.2,91.68,91.79,935110.97,85976385.4624,41885769.517
2026-03-24 11:00:00+00:00,91.79,92.13,91.29,91.71,1073312.84,98383632.2046,48137047.8082
2026-03-24 12:00:00+00:00,91.71,91.81,91.29,91.52,514283.82,47103104.29,21912476.6807
2026-03-24 13:00:00+00:00,91.52,91.7,89.45,89.81,3205733.39,289500105.279,135802843.084
2026-03-24 14:00:00+00:00,89.81,90.17,88.62,89.5,3349225.91,299569849.732,145132008.499
2026-03-24 15:00:00+00:00,89.51,90.25,89.44,89.67,1285744.2,115511036.434,54021060.5393
2026-03-24 16:00:00+00:00,89.68,89.92,89,89.21,1006160.03,90001807.2874,37452355.0824
2026-03-24 17:00:00+00:00,89.22,89.33,88.65,89.11,1069476.33,95154516.281,47519920.4071
2026-03-24 18:00:00+00:00,89.12,89.63,88.81,88.84,903764.52,80569323.7831,44008411.5967
2026-03-24 19:00:00+00:00,88.84,89.24,88.35,88.46,950681.44,84400369.5209,38189596.3158
2026-03-24 20:00:00+00:00,88.46,90.2,88.43,89.98,1608375.85,144043540.241,75626561.1783
2026-03-24 21:00:00+00:00,89.98,90.57,89.64,90.32,603695.79,54376259.1521,29871897.0713
2026-03-24 22:00:00+00:00,90.32,90.73,90.02,90.26,579735.54,52392379.3203,25334804.6404
2026-03-24 23:00:00+00:00,90.26,91.1,90.17,90.75,925555.32,84051511.052,44571905.6406
2026-03-25 00:00:00+00:00,90.76,91.58,90.67,91.27,844531.66,77009300.0185,41062073.4682
2026-03-25 01:00:00+00:00,91.27,91.43,90.88,90.9,546855.58,49836172.7674,22852773.1083
2026-03-25 02:00:00+00:00,90.91,91.47,90.77,91.09,550043.7,50114811.4819,25550864.2998
2026-03-25 03:00:00+00:00,91.09,91.9,90.74,91.66,1044485.94,95462107.9749,47116697.3967
2026-03-25 04:00:00+00:00,91.66,92.08,91.54,92.02,675404.05,61973298.1131,35541486.5504
2026-03-25 05:00:00+00:00,92.02,92.95,91.93,92.38,1320765.57,122155081.968,68339456.8542
2026-03-25 06:00:00+00:00,92.38,92.87,92.23,92.34,835994.85,77381555.3027,38704154.1373
2026-03-25 07:00:00+00:00,92.34,92.47,91.71,91.77,758679.62,69884928.2597,29014051.1106
2026-03-25 08:00:00+00:00,91.78,92.71,91.78,92.32,963860.63,88898896.9038,51687950.8948
2026-03-25 09:00:00+00:00,92.31,92.63,92.09,92.52,612288.61,56572804.7272,30098118.3531
2026-03-25 10:00:00+00:00,92.52,92.68,92.34,92.61,461186.23,42661848.2335,20700660.4272
2026-03-25 11:00:00+00:00,92.6,93.46,92.41,92.94,1467506.63,136426437.696,77290577.1055
2026-03-25 12:00:00+00:00,92.95,93.4,92.3,92.99,1258833.89,116772494.124,62746332.2561
2026-03-25 13:00:00+00:00,93,93.38,92.64,92.68,831015.94,77313364.7321,36814941.5199
2026-03-25 14:00:00+00:00,92.68,92.87,91.86,91.91,1360751.34,125561268.609,64680129.154
2026-03-25 15:00:00+00:00,91.92,92.04,90.96,91.72,1619029.5,148183693.06,74764488.8519
2026-03-25 16:00:00+00:00,91.72,92.72,91.55,92.18,1128086.72,104033250.43,56203167.3987
2026-03-25 17:00:00+00:00,92.17,92.33,91.55,91.67,641692.19,59004153.5695,30827869.7993
2026-03-25 18:00:00+00:00,91.68,92.15,91.41,91.65,520967.57,47830506.3345,27045607.3357
2026-03-25 19:00:00+00:00,91.65,91.95,91.35,91.72,454440.11,41661840.8069,23138811.3452
2026-03-25 20:00:00+00:00,91.72,91.74,91.05,91.45,586745.53,53582715.6957,27927638.6759
2026-03-25 21:00:00+00:00,91.45,91.59,91.11,91.22,345104.22,31516318.8132,17544035.215
2026-03-25 22:00:00+00:00,91.22,91.9,90.98,91.69,844613.08,77252226.3445,41330472.2857
2026-03-25 23:00:00+00:00,91.69,91.8,91.42,91.65,341400.4,31280452.7102,14873520.5332
2026-03-26 00:00:00+00:00,91.65,91.92,91.44,91.64,474752.84,43531308.2079,20115385.6894
2026-03-26 01:00:00+00:00,91.64,91.91,91.53,91.76,351803.52,32281945.0412,17634428.243
2026-03-26 02:00:00+00:00,91.76,91.79,90.6,90.89,836805,76165534.6059,35388844.6393
2026-03-26 03:00:00+00:00,90.89,91.1,90.53,91.01,596997.83,54218862.0834,29649580.7571
2026-03-26 04:00:00+00:00,91.02,91.02,90.61,90.76,338427.17,30727467.4555,14366304.8457
2026-03-26 05:00:00+00:00,90.75,90.79,89.04,89.18,2181533.01,196032258.951,89833312.9815
2026-03-26 06:00:00+00:00,89.17,89.24,88.81,88.99,1466963.82,130589333.622,68181832.0398
2026-03-26 07:00:00+00:00,88.99,89.33,88.72,89.04,1081714.05,96288516.0714,48673274.2168
2026-03-26 08:00:00+00:00,89.03,89.04,88.58,88.81,731548.71,64929062.0754,33300201.0988
2026-03-26 09:00:00+00:00,88.81,88.97,87.66,88.05,1505666.57,132749371.776,54182382.5671
2026-03-26 10:00:00+00:00,88.05,88.27,87.69,87.88,838481.3,73767585.4438,35155229.2483
2026-03-26 11:00:00+00:00,87.88,88.06,87.37,87.51,1011673.18,88672187.0966,43271461.3574
2026-03-26 12:00:00+00:00,87.51,87.75,87.31,87.51,795749.8,69636855.9758,35149861.1901
2026-03-26 13:00:00+00:00,87.51,88.19,87.25,87.86,1916351.15,168163754.475,75541903.9863
2026-03-26 14:00:00+00:00,87.86,88.12,87.07,87.48,1063822.78,93192153.2663,43603712.8962
2026-03-26 15:00:00+00:00,87.47,87.76,86.66,87.47,1739809.35,151698254.202,62013756.1591
2026-03-26 16:00:00+00:00,87.47,87.68,87,87.15,981562.42,85730730.6055,37791281.0835
2026-03-26 17:00:00+00:00,87.15,87.44,86.47,86.58,1048148.83,91132832.285,41151784.0829
2026-03-26 18:00:00+00:00,86.58,86.77,85.66,85.99,2050649.56,176563209.291,69205955.5049
2026-03-26 19:00:00+00:00,85.98,86.01,85.37,85.41,996415.94,85379485.103,37616246.0938
2026-03-26 20:00:00+00:00,85.41,87.13,85.37,86.28,2427953.68,210071479.968,111289233.352
2026-03-26 21:00:00+00:00,86.28,87.09,86.14,86.76,711628.16,61729807.8562,31840708.4949
2026-03-26 22:00:00+00:00,86.75,86.83,86.16,86.76,516511.06,44695601.8141,21822831.1146
2026-03-26 23:00:00+00:00,86.75,86.9,86.16,86.47,820573.86,70918777.4637,34173271.6272
2026-03-27 00:00:00+00:00,86.47,86.74,86.11,86.5,541308.05,46781542.635,25491905.4372
2026-03-27 01:00:00+00:00,86.49,86.85,86.39,86.82,398406.71,34532113.7667,17223921.1374
2026-03-27 02:00:00+00:00,86.83,86.99,86.46,86.63,318232.68,27602895.4029,11969697.1296
2026-03-27 03:00:00+00:00,86.64,86.73,86.28,86.36,326195.62,28197540.7148,12408169.4106
2026-03-27 04:00:00+00:00,86.37,86.38,85.68,86.1,898663.04,77263994.0721,32745139.0667
2026-03-27 05:00:00+00:00,86.11,86.73,85.87,86.04,758070.13,65318681.5388,33603368.3531
2026-03-27 06:00:00+00:00,86.03,86.34,85.83,86,469887.75,40450759.4979,20443229.458
2026-03-27 07:00:00+00:00,86,86.3,85.63,85.86,697257.7,59928807.0677,28983813.4052
2026-03-27 08:00:00+00:00,85.87,86.07,84.3,85.05,2301994.26,195816773.62,85259134.9381
2026-03-27 09:00:00+00:00,85.05,85.2,84.35,85.01,921172.32,78196368.8026,39483215.8116
2026-03-27 10:00:00+00:00,85.02,85.1,82.55,82.93,3388859.22,283282697.794,121754420.287
2026-03-27 11:00:00+00:00,82.93,83.55,82.56,83.3,1332947.29,110885634.623,57074087.4265
2026-03-27 12:00:00+00:00,83.31,83.37,82.95,83.02,1107509.59,92086356.7776,40393859.775
2026-03-27 13:00:00+00:00,83.02,83.5,82.34,82.87,1682377.11,139571407.411,64994190.6765
2026-03-27 14:00:00+00:00,82.86,83.28,82.53,83.11,1300637.6,107785643.368,51671614.3877
2026-03-27 15:00:00+00:00,83.11,83.94,82.89,83.24,1920367.55,160219678.236,81278325.5431
2026-03-27 16:00:00+00:00,83.25,83.28,82.56,82.95,1203775.78,99779246.7034,50681636.2837
2026-03-27 17:00:00+00:00,82.95,83.36,82.02,82.17,1403246.68,115881816.658,48478466.9444
2026-03-27 18:00:00+00:00,82.17,82.45,81.76,82.32,1048660.86,86166450.4486,42695895.4527
2026-03-27 19:00:00+00:00,82.33,82.84,81.99,82.73,841207.91,69346684.8184,34002395.1537
2026-03-27 20:00:00+00:00,82.73,82.91,82.3,82.71,464136.92,38348513.1573,18602486.5748
2026-03-27 21:00:00+00:00,82.72,82.98,82.62,82.68,290612.21,24074630.0349,11934154.9128
2026-03-27 22:00:00+00:00,82.68,82.78,82.46,82.66,224607.76,18560790.1508,8697209.9566
2026-03-27 23:00:00+00:00,82.67,83.06,82.33,83.03,378924.43,31353274.4988,16304926.8524
2026-03-28 00:00:00+00:00,83.03,83.03,82.67,82.78,384864.94,31875600.9359,15514376.1178
2026-03-28 01:00:00+00:00,82.79,82.81,82.19,82.6,510490.63,42108233.8204,18760983.5612
2026-03-28 02:00:00+00:00,82.6,82.85,82.31,82.52,322527.01,26625984.8497,13335420.5745
2026-03-28 03:00:00+00:00,82.52,82.67,82.45,82.54,240721.89,19878108.2775,9876118.4986
2026-03-28 04:00:00+00:00,82.54,82.73,82.34,82.51,496481.25,40978269.8469,19274149.642
2026-03-28 05:00:00+00:00,82.51,82.73,82.31,82.7,472355.81,38994605.5379,21936791.2646
2026-03-28 06:00:00+00:00,82.7,83.22,82.59,83.11,691624.31,57426146.6338,32441891.2262
2026-03-28 07:00:00+00:00,83.11,83.61,83.1,83.54,576659.75,48062940.2062,30760425.9993
2026-03-28 08:00:00+00:00,83.55,83.67,83.3,83.34,554478.47,46291592.8374,19685069.448
2026-03-28 09:00:00+00:00,83.33,83.34,82.86,82.99,539313.23,44791350.8364,19464527.2932
2026-03-28 10:00:00+00:00,83,83.29,82.65,82.97,630668.52,52289912.2688,25974177.1035
2026-03-28 11:00:00+00:00,82.97,83.03,82.85,82.89,305904.98,25371960.4921,13516924.6531
2026-03-28 12:00:00+00:00,82.89,83.16,82.53,82.64,581205.61,48143194.3505,23533709.8964
2026-03-28 13:00:00+00:00,82.64,84.09,82.63,83.3,1701980.78,141922046.451,76689733.4524
2026-03-28 14:00:00+00:00,83.31,83.47,82.92,83.17,1002245.89,83358141.0928,37817807.1883
2026-03-28 15:00:00+00:00,83.16,84.35,83.12,83.75,1681743.92,140946711.178,73540465.911
2026-03-28 16:00:00+00:00,83.75,83.89,83.41,83.48,524164.44,43844895.2069,19270374.5024
2026-03-28 17:00:00+00:00,83.49,83.68,83.07,83.24,502784.49,41886928.8857,17394258.3228
2026-03-28 18:00:00+00:00,83.23,83.46,83.22,83.31,224048.5,18679473.0325,8988291.942
2026-03-28 19:00:00+00:00,83.3,83.37,82.95,83.22,327555.71,27228625.5239,10412734.6205
2026-03-28 20:00:00+00:00,83.22,83.45,83.21,83.34,260923.2,21747454.345,12316787.3827
2026-03-28 21:00:00+00:00,83.33,83.37,82.27,82.62,907507.73,75144841.459,32111789.3615
2026-03-28 22:00:00+00:00,82.62,82.85,82.4,82.74,388619.53,32124156.0446,15565651.4586
2026-03-28 23:00:00+00:00,82.73,82.73,81.6,82,1009206.49,82767641.5575,30798109.9585
2026-03-29 00:00:00+00:00,82.01,82.21,81.79,82.14,569400.2,46699869.9185,23135249.3542
2026-03-29 01:00:00+00:00,82.14,82.45,82.01,82.4,549923.18,45237714.5918,24945226.2132
2026-03-29 02:00:00+00:00,82.4,82.79,82.34,82.71,407703.33,33659730.0651,18433741.5098
2026-03-29 03:00:00+00:00,82.7,83.19,82.62,82.93,536909.66,44527621.1592,23666509.8038
2026-03-29 04:00:00+00:00,82.93,82.97,82.64,82.72,234080.66,19376440.9348,8699226.5526
2026-03-29 05:00:00+00:00,82.72,82.82,82.34,82.64,484734.35,40032262.2935,18928645.3082
2026-03-29 06:00:00+00:00,82.64,82.77,82.24,82.42,453023.12,37350636.0959,17250475.1808
2026-03-29 07:00:00+00:00,82.42,82.58,82.16,82.38,314464.27,25891470.6585,12403960.9729
2026-03-29 08:00:00+00:00,82.39,82.56,82.28,82.4,261667.22,21569923.6566,11839021.9898
2026-03-29 09:00:00+00:00,82.4,82.49,82.07,82.3,302866.66,24921724.6172,11682084.4828
2026-03-29 10:00:00+00:00,82.29,82.29,81.92,82.07,517411.06,42475236.6998,17873541.4185
2026-03-29 11:00:00+00:00,82.06,82.79,82.06,82.52,684947.07,56509357.6826,31028208.0831
2026-03-29 12:00:00+00:00,82.52,82.59,82.17,82.38,301035.74,24794545.6139,12350625.2659
2026-03-29 13:00:00+00:00,82.38,82.42,81.62,81.86,907595.11,74335673.0629,32995990.8881
2026-03-29 14:00:00+00:00,81.87,82.38,81.64,81.88,762382.2,62436246.8545,29933263.0504
2026-03-29 15:00:00+00:00,81.88,82.09,81.21,81.76,1048444.4,85597016.2602,41202820.3437
2026-03-29 16:00:00+00:00,81.75,82.08,81.55,81.63,497674.34,40710795.1599,21314068.31
2026-03-29 17:00:00+00:00,81.64,81.79,81.06,81.5,928831.84,75578053.407,33753529.787
2026-03-29 18:00:00+00:00,81.51,81.88,81.33,81.75,655438.56,53516379.0585,23539192.7771
2026-03-29 19:00:00+00:00,81.74,81.83,81.48,81.56,360090.39,29405146.3626,11663738.3983
2026-03-29 20:00:00+00:00,81.55,82.18,81.54,81.87,467384.31,38273787.7272,19533992.5814
2026-03-29 21:00:00+00:00,81.88,82.17,81.77,82.1,350052.66,28697780.8745,17466392.5801
2026-03-29 22:00:00+00:00,82.1,82.11,78.77,80.85,3675283.05,295086292.612,132705262.534
2026-03-29 23:00:00+00:00,80.86,81.65,80.81,81.34,1446577.08,117526090.103,60838061.057
2026-03-30 00:00:00+00:00,81.34,82.95,81.06,81.82,1917122.05,157360827.561,81320399.6149
2026-03-30 01:00:00+00:00,81.83,82.84,81.82,82.66,831478.97,68520678.1083,36223182.4429
2026-03-30 02:00:00+00:00,82.66,83.91,82.42,83.29,1374763.64,114385041.769,61867071.2812
2026-03-30 03:00:00+00:00,83.3,83.5,82.87,83.24,868982.68,72281908.3284,34062113.9279
2026-03-30 04:00:00+00:00,83.24,83.83,83.2,83.73,831937.29,69492065.4856,37186331.3772
2026-03-30 05:00:00+00:00,83.73,84.15,83.43,83.59,1205750.74,101022148.326,51334309.8146
2026-03-30 06:00:00+00:00,83.59,83.84,83.36,83.43,493356.59,41211298.4936,20728580.9723
2026-03-30 07:00:00+00:00,83.42,84.25,83.27,83.98,843072.51,70636955.7094,38078273.1226
2026-03-30 08:00:00+00:00,83.98,84.98,83.95,84.48,1646499.14,138970033.762,77136791.4775
2026-03-30 09:00:00+00:00,84.48,84.48,84.07,84.09,556513.24,46888971.9298,20297517.0008
2026-03-30 10:00:00+00:00,84.1,84.18,83.45,83.88,901199.39,75573609.0262,35834276.8683
2026-03-30 11:00:00+00:00,83.88,84.65,83.81,84.21,920864.85,77496914.9881,40690445.0581
2026-03-30 12:00:00+00:00,84.21,84.57,84.08,84.45,660465.45,55694300.8601,26792059.1743
2026-03-30 13:00:00+00:00,84.46,84.95,83.88,83.96,1374200.85,116016353.16,54082087.6983
2026-03-30 14:00:00+00:00,83.96,84.6,83.6,84.33,1823895.49,153378753.692,75651921.5791
2026-03-30 15:00:00+00:00,84.34,84.71,83.81,84.45,994173.79,83869421.9693,39565377.3007
2026-03-30 16:00:00+00:00,84.45,84.49,83.86,84.16,757348.92,63697840.673,35417557.3134
2026-03-30 17:00:00+00:00,84.16,84.36,83.03,83.2,1326875.34,110770145.51,49710196.8448
2026-03-30 18:00:00+00:00,83.2,83.39,82.38,82.63,1342662.16,111245348.554,53548287.5561
2026-03-30 19:00:00+00:00,82.63,82.64,81.9,82.32,1559750.65,128263612.41,59768402.2961
2026-03-30 20:00:00+00:00,82.32,82.85,82.29,82.73,697786.43,57665312.9659,28734983.2002
2026-03-30 21:00:00+00:00,82.73,83.66,82.63,83.09,1141050.96,95003323.0293,52085010.4803
2026-03-30 22:00:00+00:00,83.1,83.45,82.59,82.76,671518.41,55667699.5332,27085228.2728
2026-03-30 23:00:00+00:00,82.77,82.77,82.08,82.51,731581.64,60221952.656,31126138.0194
2026-03-31 00:00:00+00:00,82.51,82.91,82.09,82.68,961784.27,79338102.8113,41841083.7663
2026-03-31 01:00:00+00:00,82.69,84.6,82.55,83.79,1886459.99,157955172.943,78278034.1664
2026-03-31 02:00:00+00:00,83.8,84.05,83.53,83.78,534686.93,44818832.1901,22080616.1573
2026-03-31 03:00:00+00:00,83.78,83.89,83.21,83.57,432777.96,36142801.706,16526964.3111
2026-03-31 04:00:00+00:00,83.57,83.88,83.24,83.28,586190.15,48952723.102,24105819.4176
2026-03-31 05:00:00+00:00,83.29,83.73,82.85,83.73,760431.83,63290548.5097,34592647.2024
2026-03-31 06:00:00+00:00,83.73,83.78,83.01,83.36,735444.67,61281862.1413,28330599.9525
2026-03-31 07:00:00+00:00,83.37,83.39,82.64,83.05,854205.04,70812512.1159,32700689.8772
2026-03-31 08:00:00+00:00,83.06,83.32,82.18,82.19,1008122.72,83327124.6985,40019373.1309
2026-03-31 09:00:00+00:00,82.2,82.42,79.89,80.5,3525481.32,285678146.203,132793790.181
2026-03-31 10:00:00+00:00,80.49,80.89,80.26,80.4,1770104.95,142642474.44,70837869.9968
2026-03-31 11:00:00+00:00,80.4,80.92,80.18,80.78,2152969.5,173490049.727,80479943.6236
2026-03-31 12:00:00+00:00,80.79,81.04,80.34,80.72,1261140.74,101834661.219,52162860.6318
2026-03-31 13:00:00+00:00,80.73,82,80.69,81.8,1769143.1,143854017.286,73322177.0245
2026-03-31 14:00:00+00:00,81.79,82.55,80.33,80.57,3072419.4,250455450.416,114495899.647
2026-03-31 15:00:00+00:00,80.58,81.64,80.57,80.83,1978906.5,160551349.611,81224772.147
2026-03-31 16:00:00+00:00,80.83,82.88,80.82,82.34,2246018.8,184276009.626,96938677.8146
2026-03-31 17:00:00+00:00,82.34,83.45,82.14,82.34,2229088.12,184529752.639,88994792.9825
2026-03-31 18:00:00+00:00,82.34,83.07,82.33,82.84,810344.91,67012099.3882,34191958.2223
2026-03-31 19:00:00+00:00,82.84,82.93,82.41,82.67,628930.94,52004109.9025,26321630.4057
2026-03-31 20:00:00+00:00,82.67,83.37,82.57,83.14,697393.45,57883519.0293,30552431.5848
2026-03-31 21:00:00+00:00,83.14,83.15,82.58,82.82,517226.41,42843105.049,20421805.3176
2026-03-31 22:00:00+00:00,82.82,82.87,82.27,82.72,502433.75,41513860.2882,21115745.4575
2026-03-31 23:00:00+00:00,82.72,83.23,82.62,83.15,496243.25,41176785.7258,21869364.4372
2026-04-01 00:00:00+00:00,83.16,83.58,82.8,83.36,671836.22,55868747.7119,27241864.1971
2026-04-01 01:00:00+00:00,83.37,83.43,82.66,82.68,656286.72,54474587.9372,21777246.858
2026-04-01 02:00:00+00:00,82.68,82.86,82.41,82.6,466994.41,38602779.2905,18106507.4436
2026-04-01 03:00:00+00:00,82.6,83.46,82.6,83.39,614922.68,51154848.0876,29231637.2151
2026-04-01 04:00:00+00:00,83.38,83.82,83.21,83.71,645693,53911917.7089,29701546.5711
2026-04-01 05:00:00+00:00,83.71,84.28,83.31,84.09,1132362.09,95017510.7102,50177031.3836
2026-04-01 06:00:00+00:00,84.08,84.68,83.99,84.4,1207634.09,101906650.169,52238004.9338
2026-04-01 07:00:00+00:00,84.4,84.7,83.76,83.8,1079315.42,90902549.2536,42324480.8974
2026-04-01 08:00:00+00:00,83.8,84.03,83.35,83.58,1023461.79,85642491.9248,41101270.3823
2026-04-01 09:00:00+00:00,83.59,83.72,83.09,83.34,738644.86,61571554.0463,26146823.7843
2026-04-01 10:00:00+00:00,83.33,83.44,83.01,83.32,559487.93,46586501.1623,22219676.2322
2026-04-01 11:00:00+00:00,83.32,83.53,83.11,83.31,456498.05,38020547.7909,18538963.6681
2026-04-01 12:00:00+00:00,83.3,83.69,82.73,82.98,1485399.47,123509398.525,62776815.292
2026-04-01 13:00:00+00:00,82.99,83.4,82.33,82.64,1435628.07,118898284.415,59373895.9711
2026-04-01 14:00:00+00:00,82.63,83.53,82.47,83.34,1087882.84,90358208.8215,49407080.1493
2026-04-01 15:00:00+00:00,83.34,83.85,83.04,83.58,827070.81,69038070.8059,39210569.37
2026-04-01 16:00:00+00:00,83.58,85.29,82.9,85.18,2880954.18,243171379.323,125486785.752
2026-04-01 17:00:00+00:00,85.19,86.59,84.14,84.38,4405742.09,376050868.188,190955720.026
2026-04-01 18:00:00+00:00,84.38,84.43,83.49,83.59,1786636.78,149986061.098,75783074.477
2026-04-01 19:00:00+00:00,83.59,84.37,83.58,83.79,957578.28,80411044.2965,44801480.4322
2026-04-01 20:00:00+00:00,83.8,83.85,82.26,82.54,1763642.03,146123773.091,66024908.5796
2026-04-01 21:00:00+00:00,82.54,83.16,81.34,81.82,1608816.86,132494179.071,64129100.8755
2026-04-01 22:00:00+00:00,81.81,81.91,80.72,81.12,2042051.17,165673610.557,79624194.9994
2026-04-01 23:00:00+00:00,81.12,81.42,80.93,81.14,865041.98,70250125.4119,30229262.3395
2026-04-02 00:00:00+00:00,81.14,81.72,80.87,81.56,1082233.43,87979550.9709,47121132.83
2026-04-02 01:00:00+00:00,81.56,81.57,78.91,79.27,4552558.26,364196290.601,152179304.854
2026-04-02 02:00:00+00:00,79.27,79.28,78.22,78.81,2221532.49,174817842.032,79594097.1928
2026-04-02 03:00:00+00:00,78.81,79.35,78.61,78.94,1427706.94,112712861.21,52341731.1055
2026-04-02 04:00:00+00:00,78.94,79.15,78.68,78.77,1186117.92,93615735.0348,44614830.6609
2026-04-02 05:00:00+00:00,78.77,79.43,78.55,79.21,1230552.01,97087729.9884,56289656.7513
2026-04-02 06:00:00+00:00,79.21,79.38,78.89,79.06,699276.16,55322990.1994,24611244.3893
2026-04-02 07:00:00+00:00,79.06,79.63,78.95,79.59,840361.21,66658348.0533,34419422.5425
2026-04-02 08:00:00+00:00,79.59,79.59,78.98,79.07,742284.07,58795487.9329,21385098.2021
2026-04-02 09:00:00+00:00,79.06,79.32,78.86,79.22,635028.76,50237033.9781,25741981.5544
2026-04-02 10:00:00+00:00,79.21,79.27,78.74,78.84,645659,50952191.4279,21611312.9861
2026-04-02 11:00:00+00:00,78.84,78.94,78.11,78.27,1060918.02,83320976.9887,33380107.6067
2026-04-02 12:00:00+00:00,78.28,78.55,77.83,77.93,1367982.19,106917003.988,48538937.6113
2026-04-02 13:00:00+00:00,77.93,78.22,76.63,77.69,3105615.12,240219400.088,112374984.564
2026-04-02 14:00:00+00:00,77.7,79.67,77.46,79.02,3603570.35,283717487.957,145124055.397
2026-04-02 15:00:00+00:00,79.03,79.21,78.23,79.01,1572214.73,123891923.413,57615690.7456
2026-04-02 16:00:00+00:00,79.01,79.86,78.67,79.39,1235111.05,98003058.8288,51867710.6551
2026-04-02 17:00:00+00:00,79.38,79.64,78.51,78.56,1330174.51,105201430.842,51984834.4849
2026-04-02 18:00:00+00:00,78.56,79.25,78.38,79.1,995353.27,78379283.0259,44540248.9983
2026-04-02 19:00:00+00:00,79.1,79.22,78.65,78.95,564428.26,44571582.6798,20189052.55
2026-04-02 20:00:00+00:00,78.95,79.33,78.73,79.14,499424.56,39499437.1565,22743988.2397
2026-04-02 21:00:00+00:00,79.13,79.2,78.58,78.93,399679.51,31520634.6581,14340937.5324
2026-04-02 22:00:00+00:00,78.93,79.1,78.68,78.94,266156.32,21014610.5797,11198785.8294
2026-04-02 23:00:00+00:00,78.93,79.12,78.74,78.91,319526.36,25213363.7684,12692589.2801
2026-04-03 00:00:00+00:00,78.91,79.36,78.83,79.18,404530.96,31999479.6763,16835171.7819
2026-04-03 01:00:00+00:00,79.18,79.77,78.93,79.13,864289.51,68531593.213,35535746.6631
2026-04-03 02:00:00+00:00,79.13,79.56,78.8,79.32,924942.49,73207297.7011,35343263.1075
2026-04-03 03:00:00+00:00,79.32,79.4,78.96,78.97,529277.9,41908481.9313,19413194.9332
2026-04-03 04:00:00+00:00,78.96,79.5,78.95,79.27,640150.26,50711550.6204,27627144.0654
2026-04-03 05:00:00+00:00,79.27,79.62,79.01,79.27,479232.08,38026883.5488,19203224.6569
2026-04-03 06:00:00+00:00,79.27,79.67,79.15,79.6,514443.27,40875055.4756,23127266.1035
2026-04-03 07:00:00+00:00,79.6,80.15,79.39,79.9,839590.49,66973554.1084,38850250.8309
2026-04-03 08:00:00+00:00,79.9,80.09,79.58,79.71,641556.9,51218927.4935,22446682.4308
2026-04-03 09:00:00+00:00,79.72,80.18,79.64,79.92,627548.28,50129012.0374,23868340.7066
2026-04-03 10:00:00+00:00,79.92,80.14,79.65,80.12,686052.26,54828189.2096,27397851.8513
2026-04-03 11:00:00+00:00,80.11,80.43,79.84,80.13,768117.52,61516913.604,33155594.604
2026-04-03 12:00:00+00:00,80.12,80.9,79.14,79.29,1581660.63,126425476.498,56307430.8931
2026-04-03 13:00:00+00:00,79.29,79.59,79.11,79.57,852436.55,67625177.3771,32812256.1187
2026-04-03 14:00:00+00:00,79.57,80.33,79.39,80.2,839340.39,67081882.8429,38650961.8647
2026-04-03 15:00:00+00:00,80.21,80.64,80.1,80.3,927303.02,74534167.4954,36724853.5276
2026-04-03 16:00:00+00:00,80.3,80.64,80.19,80.52,662557.4,53282651.2236,27154007.4105
2026-04-03 17:00:00+00:00,80.52,80.52,79.85,80.14,575422.18,46106694.249,22840433.722
2026-04-03 18:00:00+00:00,80.14,80.41,80.03,80.09,346430.96,27782996.3637,13557124.5499
2026-04-03 19:00:00+00:00,80.08,80.26,79.82,80.16,468238.83,37471102.071,19557993.0224
2026-04-03 20:00:00+00:00,80.16,80.28,80.11,80.15,194381.91,15591154.5207,8581637.9739
2026-04-03 21:00:00+00:00,80.15,80.65,80.07,80.35,466086.13,37445026.0063,17435861.6277
2026-04-03 22:00:00+00:00,80.36,80.46,79.9,80.11,396948.64,31818186.8456,16437998.5734
2026-04-03 23:00:00+00:00,80.11,80.5,80.07,80.35,350560.02,28134111.6949,12444293.5893
2026-04-04 00:00:00+00:00,80.35,80.37,80.09,80.19,223771.13,17947999.9436,9121898.2917
2026-04-04 01:00:00+00:00,80.19,80.29,79.97,80.1,270317.57,21649814.3125,10109640.8479
2026-04-04 02:00:00+00:00,80.09,80.24,80.01,80.13,270269.74,21651802.42,11356797.372
2026-04-04 03:00:00+00:00,80.14,80.23,80.11,80.13,139029.97,11146542.4801,5841539.5624
2026-04-04 04:00:00+00:00,80.12,80.27,80.1,80.21,143319.43,11490847.9253,5940437.3428
2026-04-04 05:00:00+00:00,80.2,80.23,80.06,80.15,265466.15,21271060.7721,9752223.0027
2026-04-04 06:00:00+00:00,80.15,80.5,80.09,80.42,194689.05,15633401.2316,7969480.8651
2026-04-04 07:00:00+00:00,80.42,80.43,80.16,80.27,165606.46,13290860.2128,6286028.2265
2026-04-04 08:00:00+00:00,80.26,80.35,79.87,79.93,279852.76,22407666.636,8793220.8759
2026-04-04 09:00:00+00:00,79.92,80.05,79.85,79.98,262972.87,21023589.4923,11313849.6647
2026-04-04 10:00:00+00:00,79.98,80.25,79.96,80.19,328320.86,26300204.0276,14106126.1986
2026-04-04 11:00:00+00:00,80.18,80.24,79.97,80.14,260462.47,20866427.6705,10709718.6709
2026-04-04 12:00:00+00:00,80.15,80.21,79.95,80.05,237683.41,19033665.4038,8382885.7852
2026-04-04 13:00:00+00:00,80.04,80.19,79.86,79.98,373892.28,29923071.2087,12655920.5759
2026-04-04 14:00:00+00:00,79.97,80.35,79.53,80.32,961483.76,76843113.9759,42381654.6006
2026-04-04 15:00:00+00:00,80.32,81.64,80.24,81.05,2759838.03,223444925.664,130650138.281
2026-04-04 16:00:00+00:00,81.05,81.3,80.63,80.71,1169868.25,94747370.2069,45938197.6382
2026-04-04 17:00:00+00:00,80.7,80.99,80.56,80.88,448126.69,36203216.6828,18863914.583
2026-04-04 18:00:00+00:00,80.89,81.09,80.66,80.8,592241.95,47868397.0421,22416933.032
2026-04-04 19:00:00+00:00,80.8,81.28,80.69,80.8,831850.22,67351836.1734,38132324.2501
2026-04-04 20:00:00+00:00,80.8,80.82,80.56,80.75,330468.36,26671157.6458,13357053.3681
2026-04-04 21:00:00+00:00,80.76,80.99,80.71,80.88,370629.56,29960544.3694,14874682.0168
2026-04-04 22:00:00+00:00,80.88,81.02,80.82,80.96,267815.2,21669968.2242,10541417.1908
2026-04-04 23:00:00+00:00,80.95,80.95,80.65,80.79,226551.08,18296398.127,7338049.1084
2026-04-05 00:00:00+00:00,80.79,80.81,80.45,80.65,365089.06,29442452.7276,13156274.9418
2026-04-05 01:00:00+00:00,80.65,80.75,80.43,80.46,265104.45,21365620.6067,10021356.1818
2026-04-05 02:00:00+00:00,80.45,80.61,80.28,80.54,363674.48,29253310.292,14127694.7573
2026-04-05 03:00:00+00:00,80.53,80.57,80.35,80.51,145485.33,11708802.5983,5494916.425
2026-04-05 04:00:00+00:00,80.5,80.52,80.22,80.27,313704.33,25217435.7075,8950827.2062
2026-04-05 05:00:00+00:00,80.27,80.37,80.08,80.24,399972.19,32094289.1192,16800701.2434
2026-04-05 06:00:00+00:00,80.25,80.33,79.3,79.55,1565823.07,124815846.226,56494471.1955
2026-04-05 07:00:00+00:00,79.55,79.84,79.47,79.55,559286.54,44545477.2803,23837983.2113
2026-04-05 08:00:00+00:00,79.54,79.66,79.47,79.56,359813.16,28633075.8552,13312267.9559
2026-04-05 09:00:00+00:00,79.57,79.83,79.57,79.78,335001.06,26712288.3957,14573580.1585
2026-04-05 10:00:00+00:00,79.79,80.2,79.73,79.79,423503.51,33845812.6735,18204965.8521
2026-04-05 11:00:00+00:00,79.8,79.88,79.7,79.86,304565.75,24305314.8443,9411735.2469
2026-04-05 12:00:00+00:00,79.87,79.92,78.72,78.95,1434047.94,113542132.389,42419417.9302
2026-04-05 13:00:00+00:00,78.95,79.23,78.45,79.16,1222935.14,96470547.002,48970981.2592
2026-04-05 14:00:00+00:00,79.16,79.44,79.1,79.25,468914.18,37170610.1873,18655613.1839
2026-04-05 15:00:00+00:00,79.24,80.31,78.93,79.55,1724117.48,137376217.108,70384491.3578
2026-04-05 16:00:00+00:00,79.56,79.77,79.34,79.41,525952.51,41848890.1354,20900906.2272
2026-04-05 17:00:00+00:00,79.42,79.89,79.32,79.85,458813.33,36538584.6806,21762372.0066
2026-04-05 18:00:00+00:00,79.84,80.09,79.66,79.91,373138.16,29811555.0727,16538994.1238
2026-04-05 19:00:00+00:00,79.9,80.19,79.48,79.77,460339.39,36755658.146,16866150.5722
2026-04-05 20:00:00+00:00,79.77,80.18,79.76,80.13,391314.77,31301367.521,16577520.1999
2026-04-05 21:00:00+00:00,80.12,80.15,79.44,79.69,549876.58,43819662.2314,21503482.1335
2026-04-05 22:00:00+00:00,79.69,80.67,79.04,80.53,1412390.81,112839542.328,60248511.6051
2026-04-05 23:00:00+00:00,80.53,82.11,80.42,81.85,2316571.44,188822471.478,102170135.71
2026-04-06 00:00:00+00:00,81.86,82.95,81.86,82.3,2389856.93,197073252.3,104718937.522
2026-04-06 01:00:00+00:00,82.3,82.4,81.63,81.67,935401.35,76634738.8094,31441130.6124
2026-04-06 02:00:00+00:00,81.67,82.79,81.62,82.38,960573.76,79171612.8123,39306376.5166
2026-04-06 03:00:00+00:00,82.38,82.46,81.9,82.07,604022.53,49591898.7255,21419431.0203
2026-04-06 04:00:00+00:00,82.07,82.37,81.75,81.96,634241.9,52018135.3472,28651967.8709
2026-04-06 05:00:00+00:00,81.97,82.05,81.8,81.86,378258.8,30986087.12,12066996.4546
2026-04-06 06:00:00+00:00,81.86,82.11,80.91,81.45,1337835.8,108884774.208,50264036.5959
2026-04-06 07:00:00+00:00,81.45,81.94,81.25,81.77,885756.72,72293240.3649,36095170.4379
2026-04-06 08:00:00+00:00,81.76,82.23,81.65,81.94,656724.34,53805574.7947,28503595.9945
2026-04-06 09:00:00+00:00,81.94,83.18,81.83,82.43,1623521.48,134051278.846,73808620.3773
2026-04-06 10:00:00+00:00,82.43,82.86,82.43,82.63,674101.65,55694652.9714,29019759.7789
2026-04-06 11:00:00+00:00,82.62,82.63,82.28,82.39,428770.37,35341341.4654,14534417.4447
2026-04-06 12:00:00+00:00,82.4,82.49,82.15,82.25,488322.87,40188756.2659,18197530.8311
2026-04-06 13:00:00+00:00,82.25,82.64,82.12,82.43,657021.55,54108704.0923,28972920.5347
2026-04-06 14:00:00+00:00,82.42,82.8,81.67,82.19,1420997.32,116785339.771,53425364.2078
2026-04-06 15:00:00+00:00,82.19,82.42,81.95,82.24,803504.82,66009864.2585,31376436.3507
2026-04-06 16:00:00+00:00,82.25,82.45,81.53,81.56,754218.44,61816525.9245,29541388.5178
2026-04-06 17:00:00+00:00,81.56,81.75,81.13,81.6,1071444.51,87276098.2795,43878862.2878
2026-04-06 18:00:00+00:00,81.61,82.19,81.5,81.83,571146.26,46777870.3151,25303118.1488
2026-04-06 19:00:00+00:00,81.84,81.92,81.51,81.86,398346.15,32538203.0801,16973507.6983
2026-04-06 20:00:00+00:00,81.86,82.1,81.75,81.93,266925.91,21880130.7531,9945248.592
2026-04-06 21:00:00+00:00,81.94,81.94,81.33,81.42,289682.01,23635579.148,11132673.8901
2026-04-06 22:00:00+00:00,81.42,81.47,80.09,80.11,1126640.5,91025242.5817,37995206.0491
2026-04-06 23:00:00+00:00,80.12,80.21,79.52,79.96,1894405.23,151362465.375,76804667.9599
2026-04-07 00:00:00+00:00,79.96,80.17,79.54,79.82,1128357.6,90059906.5555,50553649.8232
2026-04-07 01:00:00+00:00,79.83,80.08,79.3,79.46,883261.13,70436521.9259,35908011.8602
2026-04-07 02:00:00+00:00,79.45,79.85,79.4,79.67,683377.64,54423108.2222,25491285.3624
2026-04-07 03:00:00+00:00,79.66,79.84,79.63,79.73,336538.13,26834556.0688,14683579.4708
2026-04-07 04:00:00+00:00,79.73,80.11,79.6,79.86,457862.05,36564303.8858,19082212.9426
2026-04-07 05:00:00+00:00,79.86,79.91,79.39,79.54,718660.86,57200114.1422,24807083.9903
2026-04-07 06:00:00+00:00,79.54,79.6,79.23,79.48,602491.01,47854902.3822,21912838.5824
2026-04-07 07:00:00+00:00,79.49,79.9,79.39,79.81,540410.93,43065381.5059,20733323.2526
2026-04-07 08:00:00+00:00,79.82,80.32,79.75,80.1,1027464.19,82276721.7763,42509544.2591
2026-04-07 09:00:00+00:00,80.09,80.55,80.09,80.34,750530.87,60287574.7064,31580760.8968
2026-04-07 10:00:00+00:00,80.34,80.41,79.16,79.33,1492668.6,118990623.019,54889413.5804
2026-04-07 11:00:00+00:00,79.32,79.51,78.83,79.17,1411438.4,111755443.682,47313525.7495
2026-04-07 12:00:00+00:00,79.17,79.34,78.58,79.09,1698384.41,134124172.177,63142351.1123
2026-04-07 13:00:00+00:00,79.1,79.2,78.78,78.83,761539.69,60153885.0849,30502371.3261
2026-04-07 14:00:00+00:00,78.83,79.03,78.3,78.54,1292512.08,101648800.739,46496269.061
2026-04-07 15:00:00+00:00,78.53,78.95,78.32,78.82,910261.17,71630065.4896,36121750.5849
2026-04-07 16:00:00+00:00,78.82,79.16,78.6,78.85,691748.33,54567559.0032,26870554.5505
2026-04-07 17:00:00+00:00,78.85,81,78.79,80.03,3199508.84,255554114.844,142157246.957
2026-04-07 18:00:00+00:00,80.04,80.17,79.47,79.89,1052036.95,84005641.4724,43613340.1067
2026-04-07 19:00:00+00:00,79.89,81.84,79.84,81.58,2731115.43,220835495.225,108938585.006
2026-04-07 20:00:00+00:00,81.58,82.38,81.58,81.9,2067635.5,169534543.695,85449873.9443
2026-04-07 21:00:00+00:00,81.91,83.35,81.84,82.88,2342775.45,193743695.669,105193233.629
2026-04-07 22:00:00+00:00,82.89,85.23,82.89,85.22,3802925.12,319346120.846,172129371.899
2026-04-07 23:00:00+00:00,85.22,87.19,85.07,85.54,5139700.6,441781685.72,231794815.387
2026-04-08 00:00:00+00:00,85.53,85.89,84.23,84.74,1998884.9,169882079.292,75929839.1352
2026-04-08 01:00:00+00:00,84.75,84.96,84.42,84.66,949022.22,80349062.4014,41478739.1844
2026-04-08 02:00:00+00:00,84.67,84.95,84.37,84.57,843594.75,71408545.5407,35870070.9948
2026-04-08 03:00:00+00:00,84.58,84.66,84.34,84.53,527202.16,44546479.2707,21780489.1767
2026-04-08 04:00:00+00:00,84.54,85.01,84.44,84.47,1080279.27,91594487.2211,40703342.965
2026-04-08 05:00:00+00:00,84.47,84.73,84.12,84.19,693118.8,58549656.1227,23916018.4692
2026-04-08 06:00:00+00:00,84.18,84.7,83.85,84.52,781100.37,65884965.8093,36415001.952
2026-04-08 07:00:00+00:00,84.53,84.69,84.17,84.47,598715.86,50517160.4229,26026177.6971
2026-04-08 08:00:00+00:00,84.48,84.85,84.4,84.83,489750.97,41418152.9241,23203422.1641
2026-04-08 09:00:00+00:00,84.83,84.95,84.5,84.64,461965.6,39147345.2399,17400359.6978
2026-04-08 10:00:00+00:00,84.63,84.77,84.45,84.48,320928.39,27149890.0906,13127425.3942
2026-04-08 11:00:00+00:00,84.47,84.82,84.11,84.42,1049627.14,88647944.0098,36572093.8419
2026-04-08 12:00:00+00:00,84.42,84.65,84.06,84.51,657491.39,55521332.7656,26859653.7352
2026-04-08 13:00:00+00:00,84.5,84.96,83.86,84,2007619.84,169404866.531,79154902.0136
2026-04-08 14:00:00+00:00,84,84.12,82.47,82.87,2688384.57,223528734.796,103947185.412
2026-04-08 15:00:00+00:00,82.87,83.43,82.75,83.29,1287093.22,106910956.679,53389900.0477
2026-04-08 16:00:00+00:00,83.29,83.59,83,83.45,585589.86,48770167.8686,27278873.3144
2026-04-08 17:00:00+00:00,83.46,84.17,83.25,83.93,887021.64,74247319.0578,42577278.8772
2026-04-08 18:00:00+00:00,83.94,83.99,82.76,82.89,916408.99,76330688.0336,34274940.236
2026-04-08 19:00:00+00:00,82.89,83.19,82.74,83.15,572744.37,47503115.6739,26727686.7063
2026-04-08 20:00:00+00:00,83.15,83.34,82.97,83.23,372630.79,31000017.6269,13147771.7743
2026-04-08 21:00:00+00:00,83.24,83.58,83.14,83.36,309897.83,25843865.1475,12929854.9872
2026-04-08 22:00:00+00:00,83.36,83.41,82.53,82.58,541103.5,44831887.24,19605353.7269
2026-04-08 23:00:00+00:00,82.57,82.99,82.17,82.52,1007481.72,83144350.2199,34916142.2935
2026-04-09 00:00:00+00:00,82.52,82.63,82.01,82.16,768532.27,63218870.3261,27075008.7839
2026-04-09 01:00:00+00:00,82.15,82.28,81.65,82.18,1141364.43,93542218.6599,47351712.5868
2026-04-09 02:00:00+00:00,82.17,82.41,82.02,82.09,504561.92,41476432.8424,20742516.8197
2026-04-09 03:00:00+00:00,82.09,82.14,81.85,81.97,568580.81,46611191.8138,25661617.3774
2026-04-09 04:00:00+00:00,81.97,82,81.78,81.8,350264.79,28680675.4235,13034844.7634
2026-04-09 05:00:00+00:00,81.8,82.29,81.7,82.11,498440.74,40881420.8649,25278010.1875
2026-04-09 06:00:00+00:00,82.12,82.31,81.79,82.13,505246.58,41462279.3523,20689640.8358
2026-04-09 07:00:00+00:00,82.13,82.44,82.13,82.23,387531.36,31887334.2728,17970200.6189
2026-04-09 08:00:00+00:00,82.24,82.61,82.1,82.43,503931.44,41514869.1712,24323279.7467
2026-04-09 09:00:00+00:00,82.42,82.64,82.08,82.55,713500.71,58745425.1841,30575635.8248
2026-04-09 10:00:00+00:00,82.55,82.62,82.32,82.53,396123.87,32682246.069,16551337.2082
2026-04-09 11:00:00+00:00,82.53,82.68,81.98,82.14,755978.09,62179871.2491,27535947.9859
2026-04-09 12:00:00+00:00,82.13,82.33,81.93,82.23,669242.85,54984297.4039,28903861.8406
2026-04-09 13:00:00+00:00,82.24,82.39,81.51,81.83,1035684.53,84846015.1213,41095132.2702
2026-04-09 14:00:00+00:00,81.82,82.28,81.36,82.14,1124951.45,92028732.5018,47441574.6142
2026-04-09 15:00:00+00:00,82.14,83.89,81.86,83.69,2661386.3,220894102.876,123606472.706
2026-04-09 16:00:00+00:00,83.7,84.21,82.87,83.64,1876754.13,156904052.029,74533480.5647
2026-04-09 17:00:00+00:00,83.64,84.65,83.62,84.62,1852249.77,155876576.722,85428320.6164
2026-04-09 18:00:00+00:00,84.62,84.67,83.33,83.81,1744883.23,146579356.479,67453946.3581
2026-04-09 19:00:00+00:00,83.8,84.28,83.38,84.12,979861.31,82188567.9848,41575824.1336
2026-04-09 20:00:00+00:00,84.11,84.5,84.05,84.22,555660.34,46824757.9482,22629969.0395
2026-04-09 21:00:00+00:00,84.22,84.71,84.1,84.22,609109.62,51371195.9954,26513655.826
2026-04-09 22:00:00+00:00,84.23,85.93,83.91,83.95,2038331.01,172889902.942,91814665.8679
2026-04-09 23:00:00+00:00,83.95,84.02,83.1,83.29,1112777.55,92922552.9107,35152896.6168
2026-04-10 00:00:00+00:00,83.29,83.33,82.84,83.08,800990.68,66537597.7871,34855393.1514
2026-04-10 01:00:00+00:00,83.07,83.74,82.75,83.11,1087511.68,90503249.4962,44835602.985
2026-04-10 02:00:00+00:00,83.12,83.41,83,83.22,455578.9,37904213.6707,18531151.0696
2026-04-10 03:00:00+00:00,83.22,83.23,82.63,82.84,705527.87,58502444.3635,23170945.4196
2026-04-10 04:00:00+00:00,82.84,83.48,82.84,83.31,527025.7,43810498.9556,23649936.5667
2026-04-10 05:00:00+00:00,83.3,83.55,83.05,83.36,541724.74,45149614.9569,23511829.6384
2026-04-10 06:00:00+00:00,83.36,83.43,83.06,83.15,439877.66,36599013.7073,18135407.423
2026-04-10 07:00:00+00:00,83.16,83.23,82.82,82.92,463437.61,38495071.1042,17034286.5862
2026-04-10 08:00:00+00:00,82.93,83.08,82.66,82.87,820203.58,67973811.486,35310359.6513
2026-04-10 09:00:00+00:00,82.87,83.55,82.86,83.49,757968.56,63142861.9613,35697280.9878
2026-04-10 10:00:00+00:00,83.5,83.5,83.06,83.25,534027.57,44472840.0764,20625485.9613
2026-04-10 11:00:00+00:00,83.26,83.73,83.25,83.48,898638.25,75089511.5763,36517524.8134
2026-04-10 12:00:00+00:00,83.49,84.39,83.31,84.07,1420882.63,119139704.593,65944288.2221
2026-04-10 13:00:00+00:00,84.08,84.35,83.53,84.22,1086566.02,91228834.8025,44713310.3867
2026-04-10 14:00:00+00:00,84.22,85.2,84.14,85.06,1762108.66,149386719.394,77361400.3968
2026-04-10 15:00:00+00:00,85.05,85.57,84.01,84.2,1619691.76,137315020.956,62571467.0802
2026-04-10 16:00:00+00:00,84.2,84.88,84.08,84.81,896417.95,75728482.594,44781628.3197
2026-04-10 17:00:00+00:00,84.81,84.86,84.41,84.82,505705.78,42811129.2735,15678022.9681
2026-04-10 18:00:00+00:00,84.83,85.24,84.57,85.18,570616.72,48461766.4563,27934833.9393
2026-04-10 19:00:00+00:00,85.17,85.44,85.06,85.41,704294.44,60042569.4161,30724140.9664
2026-04-10 20:00:00+00:00,85.41,85.66,85.01,85.4,670965.67,57255882.922,31595516.8593
2026-04-10 21:00:00+00:00,85.41,85.41,84.92,85.19,418822.11,35632869.2013,16480592.7773
2026-04-10 22:00:00+00:00,85.2,85.24,84.6,84.84,434414.57,36872508.2865,15036335.5803
2026-04-10 23:00:00+00:00,84.83,84.92,84.7,84.78,234337.26,19864833.5271,10623217.2142
2026-04-11 00:00:00+00:00,84.78,84.81,84.47,84.64,289216.78,24474150.5055,11440382.6215
2026-04-11 01:00:00+00:00,84.63,84.69,84.34,84.63,338118.95,28567011.2462,12670383.3801
2026-04-11 02:00:00+00:00,84.63,84.89,84.54,84.77,283849.26,24042496.4883,13143569.1493
2026-04-11 03:00:00+00:00,84.76,84.85,84.22,84.35,424635.98,35894313.1939,13673592.5565
2026-04-11 04:00:00+00:00,84.35,84.57,84.16,84.33,450006.26,37941463.0302,17457353.9748
2026-04-11 05:00:00+00:00,84.32,84.36,84.02,84.04,532164.15,44799295.156,24204797.3683
2026-04-11 06:00:00+00:00,84.04,84.11,83.82,84.07,443166.1,37215751.0988,19546236.3162
2026-04-11 07:00:00+00:00,84.08,84.31,84.03,84.23,252830.94,21284583.8736,12900157.6573
2026-04-11 08:00:00+00:00,84.23,84.38,84.1,84.1,323679.01,27273059.6941,13287023.0384
2026-04-11 09:00:00+00:00,84.1,84.76,84.09,84.45,664239.57,56132154.4475,30203629.6679
2026-04-11 10:00:00+00:00,84.45,84.47,83.9,83.99,478844.9,40295832.1373,17213288.3266
2026-04-11 11:00:00+00:00,83.99,84.22,83.75,84.18,513951.03,43166310.7402,23530610.2634
2026-04-11 12:00:00+00:00,84.18,84.48,84.01,84.18,388928.09,32763585.8612,16507972.0423
2026-04-11 13:00:00+00:00,84.18,84.27,83.78,84.06,509003.19,42769056.6597,19563529.5687
2026-04-11 14:00:00+00:00,84.05,84.39,83.98,84.33,357548.53,30113680.7249,18085632.1888
2026-04-11 15:00:00+00:00,84.34,84.84,84.2,84.63,632151.98,53474207.4697,27498990.5353
2026-04-11 16:00:00+00:00,84.62,85.35,84.56,84.93,758914.54,64462458.0357,32659550.2882
2026-04-11 17:00:00+00:00,84.94,84.97,84.64,84.76,430557.6,36517390.9728,15262777.8994
2026-04-11 18:00:00+00:00,84.76,85.78,84.58,85.45,1025678.69,87511127.192,49002466.4967
2026-04-11 19:00:00+00:00,85.45,86.23,85.37,85.99,1251173.72,107417153.694,60799667.7236
2026-04-11 20:00:00+00:00,85.99,86.06,85.08,85.38,763655.78,65284711.4215,30614989.7345
2026-04-11 21:00:00+00:00,85.37,85.51,85.15,85.3,316811.31,27032153.1883,12976198.5638
2026-04-11 22:00:00+00:00,85.29,86.14,85.01,85.24,1214747.59,103994068.597,56152160.9047
2026-04-11 23:00:00+00:00,85.23,85.24,84.45,84.89,617584.23,52362842.7687,22085247.9734
2026-04-12 00:00:00+00:00,84.89,84.97,84.67,84.85,364455.12,30921604.0716,15002836.9432
2026-04-12 01:00:00+00:00,84.86,84.93,81.98,82.24,3209629.81,266711258.3,108193197.214
2026-04-12 02:00:00+00:00,82.25,82.95,81.83,82.61,1575852.59,129941080.248,71165011.0597
2026-04-12 03:00:00+00:00,82.61,82.74,82.26,82.27,647238.93,53402932.4047,26591027.0683
2026-04-12 04:00:00+00:00,82.27,82.42,82.1,82.16,491043.03,40380667.5122,18204442.3951
2026-04-12 05:00:00+00:00,82.16,82.42,82.01,82.34,555734.88,45716511.1364,26427576.2145
2026-04-12 06:00:00+00:00,82.34,82.44,82.15,82.2,548920.3,45173281.8521,21039663.8074
2026-04-12 07:00:00+00:00,82.2,82.4,82.17,82.23,265429.19,21842671.3954,11950038.5355
2026-04-12 08:00:00+00:00,82.24,82.25,82.09,82.23,287426.08,23621403.6622,11810411.7906
2026-04-12 09:00:00+00:00,82.24,82.36,82.08,82.15,281384.4,23130688.8359,9823419.9715
2026-04-12 10:00:00+00:00,82.16,82.29,81.88,81.98,467421.34,38364740.0455,17893258.3571
2026-04-12 11:00:00+00:00,81.99,82.33,81.89,82.15,506529.49,41583126.4909,18385366.5836
2026-04-12 12:00:00+00:00,82.15,82.5,81.82,81.97,947029.37,77841410.7186,37042659.4181
2026-04-12 13:00:00+00:00,81.97,82.19,81.71,81.86,847453.33,69426321.7636,36267148.2022
2026-04-12 14:00:00+00:00,81.85,82.06,81.24,81.51,1616902.09,131968764.372,64717492.2506
2026-04-12 15:00:00+00:00,81.51,81.78,81.25,81.55,735453.6,59978593.1771,28989826.0711
2026-04-12 16:00:00+00:00,81.54,81.84,81.48,81.82,357792.01,29222304.3542,14718212.6889
2026-04-12 17:00:00+00:00,81.83,82.26,81.69,82.14,592929.88,48612186.0755,30910622.111
2026-04-12 18:00:00+00:00,82.14,82.29,81.98,82.07,447593.3,36748310.45,20993819.5699
2026-04-12 19:00:00+00:00,82.07,82.27,81.86,81.93,260061.31,21338501.0095,9325970.6776
2026-04-12 20:00:00+00:00,81.93,82.85,81.88,82.64,758394.72,62514481.4856,38134661.8145
2026-04-12 21:00:00+00:00,82.64,82.86,82.39,82.76,590155.71,48760959.8892,26419590.014
2026-04-12 22:00:00+00:00,82.76,82.78,81.32,81.95,1648604.4,135013493.495,69996126.2835
2026-04-12 23:00:00+00:00,81.94,81.94,81.23,81.49,665832.22,54250560.4315,24542112.2869
2026-04-13 00:00:00+00:00,81.48,82.19,81.35,82.1,700753.12,57318814.1003,33152364.0579
2026-04-13 01:00:00+00:00,82.1,82.31,81.92,82.28,547450.84,44950687.2802,20690899.5523
2026-04-13 02:00:00+00:00,82.28,82.4,81.83,81.88,597238.9,49035618.3764,25180503.8031
2026-04-13 03:00:00+00:00,81.89,82.04,81.68,81.86,341293.78,27936082.0492,14705770.0499
2026-04-13 04:00:00+00:00,81.87,82.21,81.8,81.86,426501.61,34964021.7864,17341015.848
2026-04-13 05:00:00+00:00,81.87,81.95,81.48,81.79,480760.05,39269443.712,18850429.1982
2026-04-13 06:00:00+00:00,81.8,82.58,81.77,82.31,935983.8,76991973.9626,43535491.7494
2026-04-13 07:00:00+00:00,82.31,82.36,81.81,82.12,590005.67,48399816.3324,23548222.0428
2026-04-13 08:00:00+00:00,82.12,82.25,81.67,81.82,814021.19,66679189.9993,27643871.6537
2026-04-13 09:00:00+00:00,81.82,82.17,81.74,81.82,604960.35,49574245.3543,24200458.3133
2026-04-13 10:00:00+00:00,81.82,81.93,81.61,81.7,346868.41,28365302.4804,14458326.2952
2026-04-13 11:00:00+00:00,81.71,82.01,81.65,81.82,479239.18,39220839.9606,20955186.813
2026-04-13 12:00:00+00:00,81.82,82.77,81.77,82.5,1424934.54,117263627.058,62873210.4448
2026-04-13 13:00:00+00:00,82.51,83.65,82.25,83.58,2191058.21,181499496.525,96028383.079
2026-04-13 14:00:00+00:00,83.58,83.79,82.73,83.73,2109419.02,175647582.134,86048652.7179
2026-04-13 15:00:00+00:00,83.73,83.95,82.31,82.62,1796802.17,149012378.783,72383760.2678
2026-04-13 16:00:00+00:00,82.62,83.6,82.31,83.32,1560628.09,129754405.449,68677183.9886
2026-04-13 17:00:00+00:00,83.33,83.82,82.96,83.03,922156.42,76898182.9647,38861130.0679
2026-04-13 18:00:00+00:00,83.02,83.25,82.54,83.19,942499.53,78131094.0448,42703407.777
2026-04-13 19:00:00+00:00,83.18,84.23,83.06,84.07,1606539.69,134539731.657,74388718.5524
2026-04-13 20:00:00+00:00,84.07,84.35,83.77,83.89,1175329.96,98752013.8853,50936539.4596
2026-04-13 21:00:00+00:00,83.9,84.14,83.79,83.92,526377.89,44182525.8017,20322013.2054
2026-04-13 22:00:00+00:00,83.91,86.47,83.91,86.2,3112554.19,266158758.835,155641638.519
2026-04-13 23:00:00+00:00,86.2,86.8,85.88,86.5,2126060.59,183599149.436,90707247.1284
2026-04-14 00:00:00+00:00,86.49,86.73,85.7,85.88,1542907.77,133008724.309,53496292.1467
2026-04-14 01:00:00+00:00,85.89,86.1,85.65,85.94,831453.2,71444241.4823,38096653.8992
2026-04-14 02:00:00+00:00,85.93,86.41,85.84,86.2,890888.99,76727600.8398,39615473.7359
2026-04-14 03:00:00+00:00,86.2,86.25,85.96,86.03,429520.25,36976866.7912,14948995.2977
2026-04-14 04:00:00+00:00,86.03,86.04,85.54,85.88,655108.68,56196158.1213,25397851.3956
2026-04-14 05:00:00+00:00,85.88,85.9,85.4,85.48,493175.57,42250957.4887,17501058.1318
2026-04-14 06:00:00+00:00,85.49,86.06,85.48,85.92,674339.98,57855270.7511,30206912.9116
2026-04-14 07:00:00+00:00,85.92,86.17,85.76,85.87,856899.57,73641825.1154,33245909.618
2026-04-14 08:00:00+00:00,85.86,86.35,85.68,86.09,694944.5,59792099.2404,33251728.0093
2026-04-14 09:00:00+00:00,86.09,86.22,85.93,86.05,352993.64,30379055.0192,13788302.5985
2026-04-14 10:00:00+00:00,86.06,86.52,85.96,85.99,671169.47,57866661.7086,27495862.544
2026-04-14 11:00:00+00:00,85.99,86.07,85.56,85.75,925096.72,79387715.8293,34465523.7303
2026-04-14 12:00:00+00:00,85.74,86,85.55,85.92,631545.57,54165457.9003,30789939.8173
2026-04-14 13:00:00+00:00,85.92,87.4,85.87,87.28,2054724.76,178200793.805,103078325.788
2026-04-14 14:00:00+00:00,87.28,87.64,85.95,85.95,2650942.16,230059369.391,108443141.284
2026-04-14 15:00:00+00:00,85.96,86.28,85.17,85.92,2131005.27,182677986.187,89506946.9036
2026-04-14 16:00:00+00:00,85.92,86.13,84.7,84.99,1654142.09,141324899.248,61562513.5821
2026-04-14 17:00:00+00:00,84.99,85.42,84.66,85.2,1200637.32,102120245.413,59029695.4787
2026-04-14 18:00:00+00:00,85.21,85.39,83.83,84.05,1333418.09,112680059.196,49257702.7013
2026-04-14 19:00:00+00:00,84.04,84.28,83.66,83.91,1185055.74,99501222.7038,50917473.6007
2026-04-14 20:00:00+00:00,83.91,84.11,83.36,83.57,874720.69,73195626.886,35876236.7408
2026-04-14 21:00:00+00:00,83.56,83.92,83.49,83.76,359745.77,30107595.9244,17797255.6736
2026-04-14 22:00:00+00:00,83.76,83.89,83.26,83.46,779870.57,65119389.1034,32588020.2929
2026-04-14 23:00:00+00:00,83.47,84,83.42,83.66,604573.76,50615769.8959,25928117.9445
2026-04-15 00:00:00+00:00,83.66,84.01,83.48,83.72,1080023.05,90429820.2529,45320461.7625
2026-04-15 01:00:00+00:00,83.72,83.98,83.51,83.85,610059.72,51082464.9154,27381465.0626
2026-04-15 02:00:00+00:00,83.85,83.97,83.07,83.35,752677.36,62768478.6442,26059213.0771
2026-04-15 03:00:00+00:00,83.35,83.47,83.23,83.4,292142.51,24348819.8339,12278122.5323
2026-04-15 04:00:00+00:00,83.4,83.62,83.26,83.55,401589.72,33520780.2082,18114311.5921
2026-04-15 05:00:00+00:00,83.56,83.74,82.88,83.07,1060485.83,88181538.1205,37704064.2989
2026-04-15 06:00:00+00:00,83.07,83.09,82.75,82.94,605349.7,50199108.57,20605755.4121
2026-04-15 07:00:00+00:00,82.95,83.17,82.6,82.88,885015.85,73278871.6208,33596695.5742
2026-04-15 08:00:00+00:00,82.88,83.23,82.68,83.08,744312.12,61783978.2791,34398440.5214
2026-04-15 09:00:00+00:00,83.07,83.19,82.82,83.11,548007.62,45500560.5922,22310138.2869
2026-04-15 10:00:00+00:00,83.11,83.65,82.85,83.1,1123595.42,93458283.4023,46712777.0896
2026-04-15 11:00:00+00:00,83.11,83.65,83,83.54,727369.84,60605914.9702,32105656.1274
2026-04-15 12:00:00+00:00,83.55,83.84,83.32,83.67,654221.52,54681491.8461,29090779.2016
2026-04-15 13:00:00+00:00,83.66,83.77,83.14,83.59,954192.68,79632297.2781,34097749.3952
2026-04-15 14:00:00+00:00,83.59,84.47,83.36,84.27,1609352.82,135258427.988,70788672.4173
2026-04-15 15:00:00+00:00,84.27,84.44,83.44,83.94,1485424.28,124661346.274,59226112.849
2026-04-15 16:00:00+00:00,83.95,84.67,83.86,84.51,1276832.7,107747909.445,54555785.6495
2026-04-15 17:00:00+00:00,84.5,85.12,84.4,84.66,1370589.33,116168860.944,57465260.7684
2026-04-15 18:00:00+00:00,84.66,85.03,84.55,84.98,522677.61,44348495.8729,22562420.524
2026-04-15 19:00:00+00:00,84.99,85.81,84.9,85.48,1095593.33,93553226.9628,46899228.6333
2026-04-15 20:00:00+00:00,85.48,85.54,84.59,84.77,786810.65,66824853.8868,31633665.3087
2026-04-15 21:00:00+00:00,84.77,84.87,84.16,84.75,576937.47,48735373.2738,26192074.6633
2026-04-15 22:00:00+00:00,84.74,85.59,84.7,84.98,759885.21,64694897.5588,34058988.7377
2026-04-15 23:00:00+00:00,84.99,85,84.56,84.85,533977.77,45277655.5109,22783182.127
2026-04-16 00:00:00+00:00,84.86,85.03,84.45,84.89,514288.55,43582884.4233,19271384.7398
2026-04-16 01:00:00+00:00,84.9,84.91,84.42,84.82,331901.35,28108824.1024,13129755.035
2026-04-16 02:00:00+00:00,84.81,85.56,84.67,85.07,782039.96,66603881.5527,36138563.0249
2026-04-16 03:00:00+00:00,85.07,85.48,85.04,85.26,495610.43,42258100.9978,20608777.2495
2026-04-16 04:00:00+00:00,85.25,85.53,84.93,85.2,480936.24,40998814.2538,18139531.0675
2026-04-16 05:00:00+00:00,85.19,85.5,85,85.36,336046.18,28653392.0863,12851190.1967
2026-04-16 06:00:00+00:00,85.37,85.5,85.12,85.43,299939.25,25596811.5763,12330496.7069
2026-04-16 07:00:00+00:00,85.43,85.61,85.03,85.15,542957.58,46348211.8078,23075621.3582
2026-04-16 08:00:00+00:00,85.16,85.27,84.85,84.99,632359.07,53787213.4981,24631776.8614
2026-04-16 09:00:00+00:00,85,85.47,84.91,85.14,816701.17,69628457.6678,31717195.3379
2026-04-16 10:00:00+00:00,85.15,85.21,84.56,85.01,1128701.21,95857628.1112,45436381.8772
2026-04-16 11:00:00+00:00,85.01,85.14,84.89,85.02,394559.07,33531698.6538,15519649.2841
2026-04-16 12:00:00+00:00,85.03,85.47,85.01,85.34,562683.98,47980550.4599,26953327.6365
2026-04-16 13:00:00+00:00,85.34,86.25,83.7,84.74,3179759.17,270694967.364,128496616.445
2026-04-16 14:00:00+00:00,84.74,85.67,83.99,85.35,2081697.77,176329569.988,91268192.3804
2026-04-16 15:00:00+00:00,85.34,87.11,85.24,86.57,2814815.4,243037298.1,135282579.062
2026-04-16 16:00:00+00:00,86.58,87.07,85.58,85.9,1869845.52,161537035.986,75369808.8136
2026-04-16 17:00:00+00:00,85.89,86.76,85.66,86.61,1406198.78,121198885.468,63342394.4319
2026-04-16 18:00:00+00:00,86.61,89.05,86.46,88.96,3868853.14,339318514.377,193276232.745
2026-04-16 19:00:00+00:00,88.97,90.14,88.59,90.07,2528197,225932637.172,116917602.677
2026-04-16 20:00:00+00:00,90.06,90.58,89.21,89.55,2436908.1,218851149.291,109964583.134
2026-04-16 21:00:00+00:00,89.55,89.74,88.68,88.9,1209873.95,107776773.745,50975870.5282
2026-04-16 22:00:00+00:00,88.9,89.43,88.83,88.97,654645.85,58335064.0773,29634216.4102
2026-04-16 23:00:00+00:00,88.96,89.19,88.78,89.03,482939.76,42959353.6282,20265166.3867
2026-04-17 00:00:00+00:00,89.02,89.15,88.54,88.77,618209.84,54894386.8002,24473557.5307
2026-04-17 01:00:00+00:00,88.78,88.98,87.86,88.2,969701.66,85648312.3407,36461509.5492
2026-04-17 02:00:00+00:00,88.21,88.33,87.5,87.82,873598.16,76703730.1402,31759179.5025
2026-04-17 03:00:00+00:00,87.83,87.93,87.43,87.67,716818.66,62859790.4541,32726195.098
2026-04-17 04:00:00+00:00,87.67,88.25,87.64,87.94,712452.81,62714972.5812,32422168.0886
2026-04-17 05:00:00+00:00,87.94,87.95,87.34,87.36,762338.33,66763153.9175,29530304.891
2026-04-17 06:00:00+00:00,87.36,88.05,87.3,87.96,580866.51,50959703.6851,29296650.9478
2026-04-17 07:00:00+00:00,87.96,88.44,87.93,88.09,785830.4,69293638.4074,38894299.1553
2026-04-17 08:00:00+00:00,88.1,89.05,88.07,88.91,1140719.17,101025222.23,61262474.8302
2026-04-17 09:00:00+00:00,88.9,89.48,88.24,88.65,1697292.2,150493524.584,74647612.2725
2026-04-17 10:00:00+00:00,88.66,88.69,87.26,87.62,1829905.02,160730170.89,68083725.6072
2026-04-17 11:00:00+00:00,87.62,88.27,87.57,88.15,763540.9,67148877.0997,32585473.9794
2026-04-17 12:00:00+00:00,88.16,88.87,87.85,88.82,1098796.25,97062632.9292,50319949.5932
2026-04-17 13:00:00+00:00,88.83,90.48,88.51,90.09,4675390.57,418726323.755,194905502.261
2026-04-17 14:00:00+00:00,90.09,90.71,89.57,89.97,2697860.03,242966218.467,117196176.406
2026-04-17 15:00:00+00:00,89.97,90.14,89.39,89.91,1670863.19,150022261.951,77611208.2234
2026-04-17 16:00:00+00:00,89.91,90.58,89.85,90.39,1284125.13,115805865.205,66886590.736
2026-04-17 17:00:00+00:00,90.39,90.39,89.04,89.7,1516240.77,135878842.664,65684855.0798
2026-04-17 18:00:00+00:00,89.69,89.8,88.84,89.12,1047138.71,93310214.0803,46155314.5126
2026-04-17 19:00:00+00:00,89.12,89.46,88.86,89.18,577555.55,51530913.9519,30188226.4027
2026-04-17 20:00:00+00:00,89.17,89.33,88.45,88.95,908047.02,80670476.9191,38551467.654
2026-04-17 21:00:00+00:00,88.94,89.23,88.74,89.08,431665.52,38433501.8877,17572078.9679
2026-04-17 22:00:00+00:00,89.08,89.43,88.89,89.17,470519.55,41966034.0284,22767597.9649
2026-04-17 23:00:00+00:00,89.16,89.17,88.42,88.71,523001.5,46423150.0925,22389676.6643
2026-04-18 00:00:00+00:00,88.71,89.1,88.61,88.91,344791.39,30625111.7152,15471461.6841
2026-04-18 01:00:00+00:00,88.92,89.11,88.63,88.8,365262.77,32470857.036,14664483.7424
2026-04-18 02:00:00+00:00,88.81,89.05,88.61,88.86,270418.27,24029542.6903,12502067.1687
2026-04-18 03:00:00+00:00,88.87,88.87,88.17,88.27,497841.51,44064572.1313,16751321.1674
2026-04-18 04:00:00+00:00,88.27,88.5,88.18,88.3,540963.38,47791715.6789,25092333.0434
2026-04-18 05:00:00+00:00,88.31,88.6,88.1,88.34,486255.25,42939178.2518,21153643.051
2026-04-18 06:00:00+00:00,88.35,88.56,88.25,88.44,282049.39,24942148.2981,12829098.1345
2026-04-18 07:00:00+00:00,88.44,88.5,88.25,88.39,281155.55,24850353.7414,10177738.6133
2026-04-18 08:00:00+00:00,88.4,88.45,87.04,87.5,1789877.47,156739648.547,70124964.6207
2026-04-18 09:00:00+00:00,87.49,87.63,87.07,87.56,828297.54,72395282.618,35951262.9254
2026-04-18 10:00:00+00:00,87.57,87.6,86.71,86.92,1272143.22,110722514.345,44361949.502
2026-04-18 11:00:00+00:00,86.91,86.92,86.22,86.49,1120074.29,96957215.3921,47039330.5777
2026-04-18 12:00:00+00:00,86.48,86.91,86.45,86.84,794556.82,68912751.7291,37325722.4756
2026-04-18 13:00:00+00:00,86.85,86.92,86.35,86.69,641692.04,55611972.517,25686870.1377
2026-04-18 14:00:00+00:00,86.7,86.82,86.38,86.77,510558.23,44248844.9501,22150654.5112
2026-04-18 15:00:00+00:00,86.78,86.92,86.5,86.7,412695.98,35795123.5143,17559599.0318
2026-04-18 16:00:00+00:00,86.7,86.93,86.41,86.64,572523.94,49610087.4827,21198258.4976
2026-04-18 17:00:00+00:00,86.64,86.79,86.45,86.69,337772.35,29263719.228,12283516.54
2026-04-18 18:00:00+00:00,86.69,86.7,85.71,85.9,1419714,122279255.193,49313884.3738
2026-04-18 19:00:00+00:00,85.9,86.24,85.88,86.07,370235.27,31871284.7767,16833494.3996
2026-04-18 20:00:00+00:00,86.06,86.27,85.95,86.12,281978.56,24280325.095,13719688.0242
2026-04-18 21:00:00+00:00,86.12,86.22,85.98,86.16,182552.31,15720694.9541,7897095.521
2026-04-18 22:00:00+00:00,86.16,86.32,85.86,86.24,408800.66,35201203.0963,20153638.8336
2026-04-18 23:00:00+00:00,86.24,86.42,86.08,86.11,290663.13,25066551.9172,11452542.2897
2026-04-19 00:00:00+00:00,86.1,86.33,85.8,85.97,464146.86,39924476.65,16876582.2841
2026-04-19 01:00:00+00:00,85.97,86.18,85.54,85.7,521084.06,44679758.3771,19163266.5114
2026-04-19 02:00:00+00:00,85.7,85.82,85.18,85.47,817941.18,69930562.4235,31161588.3095
2026-04-19 03:00:00+00:00,85.48,85.75,85.25,85.55,302937.56,25919092.1586,12659119.3657
2026-04-19 04:00:00+00:00,85.55,85.92,85.09,85.53,724267.98,61979174.4806,29997686.7125
2026-04-19 05:00:00+00:00,85.52,85.74,85.35,85.43,455262.95,38922933.7202,16440529.1287
2026-04-19 06:00:00+00:00,85.44,85.62,85.07,85.4,534437.8,45610997.2635,22675561.7635
2026-04-19 07:00:00+00:00,85.39,85.39,84.28,84.82,1576648.38,133572185.398,66096372.2556
2026-04-19 08:00:00+00:00,84.81,85.1,84.56,84.74,656051.78,55644849.3521,28846974.9759
2026-04-19 09:00:00+00:00,84.75,84.99,84.52,84.55,531243.03,45017571.5092,22755721.7376
2026-04-19 10:00:00+00:00,84.54,84.86,84.38,84.73,466735.08,39484653.2841,21153756.8101
2026-04-19 11:00:00+00:00,84.74,85.67,84.71,85.54,981889.12,83768219.0941,50198317.079
2026-04-19 12:00:00+00:00,85.55,85.92,85.49,85.74,907494.71,77719563.4438,38926113.2486
2026-04-19 13:00:00+00:00,85.75,86.89,85.7,86.27,1776006.66,153455223.399,82108774.0217
2026-04-19 14:00:00+00:00,86.28,87.08,85.9,86.48,1447038.13,125240830.183,61723692.6292
2026-04-19 15:00:00+00:00,86.48,86.63,85.52,86.32,1138311.74,97977243.6055,46827875.1548
2026-04-19 16:00:00+00:00,86.31,86.46,85.68,85.82,718049.63,61796842.7473,29183041.5642
2026-04-19 17:00:00+00:00,85.82,85.95,84.94,85.08,1066991.39,91134866.6887,38194539.4072
2026-04-19 18:00:00+00:00,85.09,85.26,84.82,85.06,694121.17,59023886.734,27141468.4851
2026-04-19 19:00:00+00:00,85.06,85.52,85.06,85.28,473581.74,40411354.622,19898249.3945
2026-04-19 20:00:00+00:00,85.27,85.31,84.68,84.9,689896.28,58612980.877,28267235.353
2026-04-19 21:00:00+00:00,84.9,85.2,84.47,84.65,433312.83,36784629.0559,17565221.0138
2026-04-19 22:00:00+00:00,84.65,84.65,82.77,83.71,3006273.72,251440612.832,117153903.989
2026-04-19 23:00:00+00:00,83.71,83.72,83.27,83.41,645030.62,53840059.4719,24219405.9994
2026-04-20 00:00:00+00:00,83.42,84.17,83.27,83.93,859797.44,71973599.9208,36583673.7106
2026-04-20 01:00:00+00:00,83.93,84.51,83.89,84.3,674350.93,56791367.7203,27878047.4081
2026-04-20 02:00:00+00:00,84.29,84.35,83.66,84.16,537988.63,45201835.6232,21580395.4225
2026-04-20 03:00:00+00:00,84.16,84.58,84.07,84.53,458788.14,38710574.9927,25949309.345
2026-04-20 04:00:00+00:00,84.53,84.58,84.2,84.53,323597.74,27318821.8069,12903263.6795
2026-04-20 05:00:00+00:00,84.53,84.55,83.7,83.82,650827.35,54663854.9137,21624866.8248
2026-04-20 06:00:00+00:00,83.83,84.72,83.73,84.42,792237.9,66728295.6423,37878152.8218
2026-04-20 07:00:00+00:00,84.42,85.74,84.4,84.69,1671001.86,142162972.239,73434393.3477
2026-04-20 08:00:00+00:00,84.7,85.1,84.51,84.63,818272.59,69353250.4665,36698989.1774
2026-04-20 09:00:00+00:00,84.63,85.2,84.58,85.04,607962.99,51654512.1172,28778208.9033
2026-04-20 10:00:00+00:00,85.04,85.37,84.76,84.8,546606.03,46501555.655,19537405.1898
2026-04-20 11:00:00+00:00,84.8,85.34,84.71,85,521203.7,44323933.1009,22149597.6894
2026-04-20 12:00:00+00:00,85.01,85.51,84.77,85.27,967922.02,82418436.1965,43465426.6834
2026-04-20 13:00:00+00:00,85.27,85.49,84.82,85.26,1148673.51,97889673.1503,42595581.2846
2026-04-20 14:00:00+00:00,85.27,85.8,84.46,84.74,1826345,155540212.657,71398523.5958
2026-04-20 15:00:00+00:00,84.73,85.85,84.35,85.82,1628688.68,138834846.852,76776931.9176
2026-04-20 16:00:00+00:00,85.82,85.86,85.21,85.26,836649.38,71572526.7746,34921636.0907
2026-04-20 17:00:00+00:00,85.27,86.1,85.21,85.66,944812.73,81027935.8846,44880071.0134
2026-04-20 18:00:00+00:00,85.66,86.19,85.66,86.02,1077104.9,92600275.4368,48063635.4391
2026-04-20 19:00:00+00:00,86.03,86.06,85.71,85.75,518868.61,44563537.5403,20116193.2452
2026-04-20 20:00:00+00:00,85.75,86.14,85.61,85.91,518018.2,44471822.2748,25540438.248
2026-04-20 21:00:00+00:00,85.91,86.18,85.53,85.76,544819.54,46728978.5238,22256383.4386
2026-04-20 22:00:00+00:00,85.76,86.03,85.55,85.66,349447.62,29967395.8263,16787659.5192
2026-04-20 23:00:00+00:00,85.67,85.67,85.17,85.24,507176.69,43274721.9471,17629964.7961
2026-04-21 00:00:00+00:00,85.25,85.75,85.21,85.63,434747.7,37155615.5783,21312276.832
2026-04-21 01:00:00+00:00,85.64,85.79,85.31,85.39,340369.51,29131902.5087,14679101.1567
2026-04-21 02:00:00+00:00,85.39,85.42,85.14,85.24,317377.27,27059151.9252,14282809.0672
2026-04-21 03:00:00+00:00,85.24,85.48,84.95,85.14,868824.47,73995667.7949,31600224.4874
2026-04-21 04:00:00+00:00,85.13,85.43,84.97,85.39,532938.07,45370047.8264,22365855.3592
2026-04-21 05:00:00+00:00,85.39,85.8,85.37,85.63,562421.92,48152479.3635,24710244.3262
2026-04-21 06:00:00+00:00,85.63,85.91,85.13,85.63,703909.41,60211284.3259,31436138.8653
2026-04-21 07:00:00+00:00,85.63,85.93,85.36,85.65,569026.12,48744455.8713,27272077.6846
2026-04-21 08:00:00+00:00,85.66,86.47,85.58,85.75,746386.8,64153035.0621,38296163.4734
2026-04-21 09:00:00+00:00,85.76,85.85,85.46,85.85,486638.89,41690322.5638,21879841.0754
2026-04-21 10:00:00+00:00,85.85,86.28,85.79,86.11,523822.09,45065492.9288,21465048.9212
2026-04-21 11:00:00+00:00,86.1,86.13,85.66,85.79,616890.52,52998982.9138,23742746.8979
2026-04-21 12:00:00+00:00,85.79,85.99,85.12,85.48,1059130.47,90539681.8021,42062417.3294
2026-04-21 13:00:00+00:00,85.47,85.83,85.24,85.77,782869.72,66944099.4714,31004619.1204
2026-04-21 14:00:00+00:00,85.78,86.87,85.54,85.72,1725969.46,148738868.762,79241047.4307
2026-04-21 15:00:00+00:00,85.73,86.25,85.34,86,1300323.81,111585066.996,55890973.0225
2026-04-21 16:00:00+00:00,86,86.24,85.6,85.63,863065.86,74183096.4514,39264231.8849
2026-04-21 17:00:00+00:00,85.63,85.77,84.65,85.28,1612263.15,137388118.641,61855591.3736
2026-04-21 18:00:00+00:00,85.28,85.36,84.69,85.21,794836.53,67574708.3799,35186326.6253
2026-04-21 19:00:00+00:00,85.21,85.69,84.26,84.53,1299494.65,110346552.286,52888272.0683
2026-04-21 20:00:00+00:00,84.52,85.72,84.4,85.37,1052973.33,89727460.5654,45206876.4831
2026-04-21 21:00:00+00:00,85.37,85.53,84.95,85.1,303760.32,25877583.3354,13406500.4114
2026-04-21 22:00:00+00:00,85.1,85.41,84.94,85.31,447392.08,38096734.9493,19040823.358
2026-04-21 23:00:00+00:00,85.32,86.11,85.3,86,742593.92,63661208.8701,38600660.4805
2026-04-22 00:00:00+00:00,86.01,86.48,85.97,86.47,911145.88,78585548.5379,40635225.9654
2026-04-22 01:00:00+00:00,86.47,86.51,86.05,86.22,533663.88,46057518.2916,21184036.934
2026-04-22 02:00:00+00:00,86.22,87.54,86.16,87.39,1747610.1,152203581.278,88733333.1407
2026-04-22 03:00:00+00:00,87.38,87.86,87.08,87.21,939562.05,82130750.2461,42529338.5519
2026-04-22 04:00:00+00:00,87.22,87.31,86.93,87.03,541226.79,47152485.1411,21325969.8953
2026-04-22 05:00:00+00:00,87.04,88.33,86.97,88,2064954.84,181517981.502,96671614.0988
2026-04-22 06:00:00+00:00,88,88.17,87.77,87.91,983503.53,86513433.9221,48404869.9225
2026-04-22 07:00:00+00:00,87.92,88.25,87.66,88.04,855608.7,75233913.2025,35434253.3873
2026-04-22 08:00:00+00:00,88.04,88.32,87.57,87.96,994794.15,87432423.4503,47382032.2013
2026-04-22 09:00:00+00:00,87.97,88.88,87.81,88.28,1215188.97,107465779.251,57305052.6549
2026-04-22 10:00:00+00:00,88.27,88.4,88.1,88.3,351587.16,31025982.3874,17919364.3349
2026-04-22 11:00:00+00:00,88.29,88.55,88.12,88.29,441853.33,39003167.1045,19932800.7249
2026-04-22 12:00:00+00:00,88.29,88.65,88.18,88.55,717237.59,63416156.395,35186705.0476
2026-04-22 13:00:00+00:00,88.56,89.16,88.39,89.07,1384997.4,122988201.1,65183749.3141
2026-04-22 14:00:00+00:00,89.07,89.29,88.45,88.69,1492790.33,132684956.092,67808514.7308
2026-04-22 15:00:00+00:00,88.69,88.76,87.98,88.13,1756563.08,155119701.511,83458450.5637
2026-04-22 16:00:00+00:00,88.12,88.42,87.48,87.63,1143922.43,100566355.842,45513073.9048
2026-04-22 17:00:00+00:00,87.62,87.99,87.59,87.8,616229.52,54122609.0919,28136593.3879
2026-04-22 18:00:00+00:00,87.8,88.34,87.75,87.78,560210.89,49332485.7768,24504836.0868
2026-04-22 19:00:00+00:00,87.78,87.8,87.05,87.34,1080517.1,94469634.5227,47822060.0604
2026-04-22 20:00:00+00:00,87.34,87.45,87.04,87.1,346893.01,30257497.5421,13734075.6424
2026-04-22 21:00:00+00:00,87.1,87.66,87.08,87.55,318139.77,27804351.9867,18554138.6827
2026-04-22 22:00:00+00:00,87.55,87.69,87.25,87.38,343105.02,29992082.1045,14374419.4291
2026-04-22 23:00:00+00:00,87.38,87.43,86.75,86.83,559714.29,48672057.0163,22086545.2886
2026-04-23 00:00:00+00:00,86.83,87.11,85.91,86.82,1629584.84,141209555.462,68319050.3648
2026-04-23 01:00:00+00:00,86.83,86.83,86.08,86.39,770019.91,66494928.2196,32492895.2242
2026-04-23 02:00:00+00:00,86.4,86.4,85.67,85.89,916802.22,78827999.5003,32532214.9642
2026-04-23 03:00:00+00:00,85.89,86.05,85.42,85.72,658610.26,56447274.4113,27670541.6508
2026-04-23 04:00:00+00:00,85.73,85.96,85.59,85.91,532440.44,45683042.1628,24908238.4388
2026-04-23 05:00:00+00:00,85.91,86.07,85.45,85.84,769172.62,66005881.1712,33405785.1658
2026-04-23 06:00:00+00:00,85.83,86.18,85.78,86.15,792013.88,68144029.9819,41532880.7834
2026-04-23 07:00:00+00:00,86.14,86.18,85.8,85.85,495838.15,42648912.9046,14631144.8443
2026-04-23 08:00:00+00:00,85.85,85.89,85.5,85.66,708371.92,60721630.478,27086206.7217
2026-04-23 09:00:00+00:00,85.66,85.66,85.2,85.47,701619.35,59942371.6609,25708247.4531
2026-04-23 10:00:00+00:00,85.47,85.57,85.13,85.38,560680.57,47837622.0964,21916387.7484
2026-04-23 11:00:00+00:00,85.38,85.89,85.32,85.76,691762.95,59241037.2262,36301840.6946
2026-04-23 12:00:00+00:00,85.76,86.06,85.66,85.92,736150.7,63225059.3187,29683050.6611
2026-04-23 13:00:00+00:00,85.92,85.99,85.52,85.72,781943.27,67045479.4943,29682176.4535
2026-04-23 14:00:00+00:00,85.72,86.15,85.5,86,904859.78,77686099.336,43415128.3459
2026-04-23 15:00:00+00:00,86.01,86.61,85.75,86.3,1947431.86,167861133.108,96291073.6571
2026-04-23 16:00:00+00:00,86.31,86.38,85.72,85.75,811170.68,69824411.5621,29619625.0869
2026-04-23 17:00:00+00:00,85.76,85.82,84.42,85.28,2805700.74,238563971.321,110757777.179
2026-04-23 18:00:00+00:00,85.29,85.62,85.18,85.21,1006569.37,85952163.3238,43038609.7536
2026-04-23 19:00:00+00:00,85.21,85.52,85.08,85.24,814606.4,69483618.9807,31259580.5377
2026-04-23 20:00:00+00:00,85.23,85.8,85.22,85.54,608189.35,52031340.7194,28079522.3211
2026-04-23 21:00:00+00:00,85.53,85.96,85.45,85.74,355649.25,30479447.4632,14954083.5537
2026-04-23 22:00:00+00:00,85.74,86.21,85.73,85.91,490433.45,42185123.8739,21094182.9404
2026-04-23 23:00:00+00:00,85.91,86.15,85.55,86.08,384825.87,33046977.2688,16202116.5426
2026-04-24 00:00:00+00:00,86.08,86.32,85.99,86.16,441578.9,38042929.9342,22274083.6527
2026-04-24 01:00:00+00:00,86.15,86.28,85.76,86.23,404474.86,34782849.0599,15369149.8236
2026-04-24 02:00:00+00:00,86.23,86.32,85.71,85.83,357755.48,30767348.4645,11777457.4327
2026-04-24 03:00:00+00:00,85.82,85.9,85.33,85.63,713212.76,61049578.9173,25832480.7503
2026-04-24 04:00:00+00:00,85.64,85.66,85.13,85.26,632211.41,53981191.7625,22685705.5958
2026-04-24 05:00:00+00:00,85.25,85.79,85.1,85.64,896522.34,76540522.959,43943670.2022
2026-04-24 06:00:00+00:00,85.65,85.69,85.28,85.38,415018.93,35488571.0812,17021585.1178
2026-04-24 07:00:00+00:00,85.38,85.57,85.29,85.45,398935.52,34072063.634,15674053.0096
2026-04-24 08:00:00+00:00,85.45,85.7,85.23,85.3,648097.07,55363250.2219,29768252.4034
2026-04-24 09:00:00+00:00,85.3,85.44,84.79,85.42,798255.01,67955326.234,28966215.101
2026-04-24 10:00:00+00:00,85.42,85.72,85.12,85.65,486237.44,41549653.9794,21791134.6714
2026-04-24 11:00:00+00:00,85.65,86.24,85.65,86.14,1146846.75,98645029.3582,52751068.4564
2026-04-24 12:00:00+00:00,86.14,86.75,86.01,86.3,1544618.16,133459422.515,65386380.8238
2026-04-24 13:00:00+00:00,86.3,86.55,85.79,86.04,778006.51,67053645.343,31120868.9391
2026-04-24 14:00:00+00:00,86.03,86.18,85.6,85.99,889565,76421101.984,39854662.0062
2026-04-24 15:00:00+00:00,85.99,86.53,85.46,86.46,961757.22,82743771.3283,47740512.5756
2026-04-24 16:00:00+00:00,86.47,86.56,86.03,86.29,570079.22,49170533.7153,22387404.8263
2026-04-24 17:00:00+00:00,86.29,86.51,86.07,86.44,466109.98,40250506.9701,21149576.4861
2026-04-24 18:00:00+00:00,86.44,86.5,85.87,86.32,479429.18,41330060.7959,20727232.6437
2026-04-24 19:00:00+00:00,86.31,86.49,86.19,86.29,400736.68,34585296.4579,17425234.9344
2026-04-24 20:00:00+00:00,86.28,86.92,86.18,86.83,888696.81,76921417.4526,47939289.7932
2026-04-24 21:00:00+00:00,86.83,86.92,86.32,86.4,484412.04,41941153.4139,17380985.5585
2026-04-24 22:00:00+00:00,86.4,86.41,86.02,86.14,460268.25,39688056.8296,22485785.1133
2026-04-24 23:00:00+00:00,86.14,86.26,86.1,86.13,167687.68,14449837.3744,7817578.6567
2026-04-25 00:00:00+00:00,86.13,86.23,85.98,86.19,225198.34,19389158.3559,8277645.6184
2026-04-25 01:00:00+00:00,86.2,86.32,86.09,86.24,185596.47,16002344.1702,7806791.5749
2026-04-25 02:00:00+00:00,86.23,86.36,86.11,86.24,166464.02,14354054.2238,7389197.9781
2026-04-25 03:00:00+00:00,86.24,86.45,86.22,86.42,140263.83,12108908.3564,7112180.5163
2026-04-25 04:00:00+00:00,86.41,86.49,86.24,86.28,153762.8,13278749.3836,7006318.646
2026-04-25 05:00:00+00:00,86.29,86.29,86.07,86.16,220816.52,19022241.6048,8422809.4262
2026-04-25 06:00:00+00:00,86.17,86.63,86.16,86.4,361296.28,31226853.1876,16239511.3794
2026-04-25 07:00:00+00:00,86.4,86.48,86.2,86.31,446625.16,38549653.9129,19532534.9981
2026-04-25 08:00:00+00:00,86.31,86.77,86.23,86.57,470191.59,40698283.8708,20971762.2111
2026-04-25 09:00:00+00:00,86.58,86.75,86.51,86.53,266365.95,23068935.1542,12646366.6687
2026-04-25 10:00:00+00:00,86.53,86.68,86.51,86.57,187827.12,16263520.8703,7325984.9099
2026-04-25 11:00:00+00:00,86.57,86.58,86.19,86.3,525470.97,45381839.5651,22944222.6603
2026-04-25 12:00:00+00:00,86.3,86.38,86.18,86.34,263154.41,22708807.361,10034194.3118
2026-04-25 13:00:00+00:00,86.33,86.63,86.33,86.55,254635.53,22031451.3591,11011376.1909
2026-04-25 14:00:00+00:00,86.55,86.61,86.39,86.39,223290.16,19321817.5906,7920838.2535
2026-04-25 15:00:00+00:00,86.39,86.58,86.08,86.17,424538.47,36637272.0007,16405889.8606
2026-04-25 16:00:00+00:00,86.18,86.27,85.55,85.84,804826.09,69158596.3104,30515122.4984
2026-04-25 17:00:00+00:00,85.84,85.84,85.5,85.51,439137.15,37616540.6696,17974182.3657
2026-04-25 18:00:00+00:00,85.5,85.8,85.48,85.64,525504.38,45012216.9398,25835498.1248
2026-04-25 19:00:00+00:00,85.64,85.68,85.52,85.62,253292.26,21679580.4656,11572184.4791
2026-04-25 20:00:00+00:00,85.63,85.88,85.55,85.86,218226.82,18715819.4456,13079249.0855
2026-04-25 21:00:00+00:00,85.86,86.09,85.68,85.85,324442.44,27871526.8281,12322422.2725
2026-04-25 22:00:00+00:00,85.86,86.13,85.81,86.05,186516.61,16041612.3958,8709298.3319
2026-04-25 23:00:00+00:00,86.06,86.13,85.98,86.13,131507.72,11317059.3038,6335643.0054
2026-04-26 00:00:00+00:00,86.13,86.16,85.87,85.97,238711.89,20536960.1125,8972906.6345
2026-04-26 01:00:00+00:00,85.96,86.07,85.91,85.92,152568.61,13117785.8118,5406588.3354
2026-04-26 02:00:00+00:00,85.92,86.35,85.91,86.34,302119.49,26042550.4352,16156680.8814
2026-04-26 03:00:00+00:00,86.34,86.44,85.78,85.94,613589.59,52786528.8655,22055162.9295
2026-04-26 04:00:00+00:00,85.94,86.7,85.89,86.41,744500.27,64308983.6095,37362731.3833
2026-04-26 05:00:00+00:00,86.41,86.67,86.09,86.42,641560.31,55454504.6641,29833150.7216
2026-04-26 06:00:00+00:00,86.42,86.55,86.34,86.47,197702.78,17090468.4332,7687755.8016
2026-04-26 07:00:00+00:00,86.47,86.6,86.39,86.59,187300.22,16197877.8108,8309595.1005
2026-04-26 08:00:00+00:00,86.59,86.73,86.47,86.53,400297.11,34668032.6344,16062920.7733
2026-04-26 09:00:00+00:00,86.53,86.56,86.41,86.5,148759.59,12864579.9483,5227611.1016
2026-04-26 10:00:00+00:00,86.49,86.58,86.38,86.44,136332.82,11790052.0741,6119087.7592
2026-04-26 11:00:00+00:00,86.44,86.6,86.41,86.46,210634.1,18216372.9074,8560919.3022
2026-04-26 12:00:00+00:00,86.45,86.46,85.83,86.05,787664.32,67843653.3843,28653679.7561
2026-04-26 13:00:00+00:00,86.04,86.21,85.92,86.06,602554.69,51849787.8015,26731687.6109
2026-04-26 14:00:00+00:00,86.06,86.46,86,86.35,482402.23,41639387.5935,24438818.798
2026-04-26 15:00:00+00:00,86.34,86.54,86.3,86.5,330175.79,28538528.6943,15178062.6402
2026-04-26 16:00:00+00:00,86.5,86.55,86.32,86.36,461619.98,39913506.2272,17771080.177
2026-04-26 17:00:00+00:00,86.36,86.54,86.22,86.49,318164.33,27493354.5882,13253315.0478
2026-04-26 18:00:00+00:00,86.48,86.97,86.37,86.76,770598.65,66830705.4107,35026537.1161
2026-04-26 19:00:00+00:00,86.76,87.42,86.62,86.84,729734.49,63440475.6282,39594816.3855
2026-04-26 20:00:00+00:00,86.84,86.89,86.55,86.64,352482.71,30569676.2366,14628257.7525
2026-04-26 21:00:00+00:00,86.65,87.1,86.06,86.77,955605.75,82771563.3574,43067758.6303
2026-04-26 22:00:00+00:00,86.77,87.29,86.26,86.67,892082.57,77435428.8209,39477506.0804
2026-04-26 23:00:00+00:00,86.67,87.13,86.47,86.87,477133.33,41432342.4367,22104027.3319
2026-04-27 00:00:00+00:00,86.88,87.36,86.5,87.31,1127836.81,98059253.4562,54869885.1275
2026-04-27 01:00:00+00:00,87.31,87.84,87.21,87.79,1348418.81,118067807.945,67903330.0008
2026-04-27 02:00:00+00:00,87.78,88.08,87.32,87.78,886958.07,77783976.3819,39108456.0629
2026-04-27 03:00:00+00:00,87.78,88.04,87.64,87.69,496475.78,43619188.722,21140370.5598
2026-04-27 04:00:00+00:00,87.69,87.81,87.35,87.48,404022.35,35390775.1189,16764562.3487
2026-04-27 05:00:00+00:00,87.49,87.5,85.73,85.89,3115026.23,268867571.596,115959900.531
2026-04-27 06:00:00+00:00,85.89,85.99,85.36,85.66,1146094.72,98212404.2107,51641848.946
2026-04-27 07:00:00+00:00,85.66,85.73,85.2,85.21,920785.79,78669552.9799,32950631.3973
2026-04-27 08:00:00+00:00,85.21,85.46,84.94,85.44,973106.3,82917508.3711,39290749.0924
2026-04-27 09:00:00+00:00,85.45,85.58,85.09,85.42,930445.41,79409922.1887,36287882.3867
2026-04-27 10:00:00+00:00,85.41,85.52,85.08,85.13,909212.81,77509842.8854,34524524.7848
2026-04-27 11:00:00+00:00,85.12,85.24,85,85.19,392341.76,33399444.0184,17877421.626
2026-04-27 12:00:00+00:00,85.19,85.21,84.83,85.04,560918.74,47691853.7872,20557668.8534
2026-04-27 13:00:00+00:00,85.04,85.33,84.66,85.08,1082021.88,91936723.8764,39524238.7265
2026-04-27 14:00:00+00:00,85.07,85.81,84.94,85.18,1428198.52,121907671.527,61069999.391
2026-04-27 15:00:00+00:00,85.18,85.2,83.56,84.09,3083128.68,259666690.679,105712842.778
2026-04-27 16:00:00+00:00,84.1,84.36,83.97,84.22,681512.03,57364422.9973,30172671.2437
2026-04-27 17:00:00+00:00,84.23,84.66,84.21,84.41,710385.59,59974352.2287,31856107.682
2026-04-27 18:00:00+00:00,84.41,84.65,84.35,84.51,301497.49,25477414.2331,14096067.8729
2026-04-27 19:00:00+00:00,84.51,84.61,83.76,84.12,1092627.16,91931396.526,32728011.444
2026-04-27 20:00:00+00:00,84.11,84.3,84.08,84.21,279819.82,23556787.0107,12828263.5046
2026-04-27 21:00:00+00:00,84.22,84.46,84.04,84.2,253894.41,21388251.0434,9750848.1595
2026-04-27 22:00:00+00:00,84.21,84.56,84.13,84.48,291685.03,24618225.4669,12609505.576
2026-04-27 23:00:00+00:00,84.49,84.88,84.4,84.78,430607.29,36447104.5326,21608433.4619
2026-04-28 00:00:00+00:00,84.78,84.89,84.54,84.77,351830.96,29802938.1303,14603386.5645
2026-04-28 01:00:00+00:00,84.76,84.82,84.34,84.36,385169.59,32569721.9659,13840027.9139
2026-04-28 02:00:00+00:00,84.35,84.6,83.85,84.13,655700.56,55216141.7418,25008974.6836
2026-04-28 03:00:00+00:00,84.12,84.15,83.96,84.12,296330.75,24901769.4764,10520860.3899
2026-04-28 04:00:00+00:00,84.13,84.39,83.78,84.02,751695.78,63155549.7613,31424619.1529
2026-04-28 05:00:00+00:00,84.01,84.42,84.01,84.17,622042.64,52380090.992,24706701.9032
2026-04-28 06:00:00+00:00,84.17,84.27,83.62,83.9,764482.24,64167344.7486,29598919.2028
2026-04-28 07:00:00+00:00,83.89,84.01,83.58,83.96,438361.73,36735285.1902,18751241.6347
2026-04-28 08:00:00+00:00,83.96,84.15,83.7,83.9,428903.79,35991556.8502,18575158.3994
2026-04-28 09:00:00+00:00,83.9,83.92,83.34,83.58,494914.66,41381111.7278,15486692.736
2026-04-28 10:00:00+00:00,83.58,83.76,83.57,83.75,222857.94,18649866.2438,10344155.387
2026-04-28 11:00:00+00:00,83.75,83.8,83.21,83.36,639122.76,53331168.3284,22257195.6149
2026-04-28 12:00:00+00:00,83.35,83.72,83.19,83.66,625702.13,52218286.2545,29239135.4749
2026-04-28 13:00:00+00:00,83.65,84.04,83.13,83.49,1139466.73,95191980.4062,46708686.8728
2026-04-28 14:00:00+00:00,83.5,83.5,82.91,83.35,1310736.35,108989826.63,52047489.0879
2026-04-28 15:00:00+00:00,83.35,83.48,83.16,83.43,565314.86,47111800.7924,23076377.2079
2026-04-28 16:00:00+00:00,83.42,83.67,83.27,83.55,544223.5,45424645.1874,23619578.5174
2026-04-28 17:00:00+00:00,83.55,83.8,83.32,83.56,443497.06,37076116.3294,21215166.2646
2026-04-28 18:00:00+00:00,83.56,83.81,83.54,83.77,420798.16,35209318.3099,19957564.4502
2026-04-28 19:00:00+00:00,83.76,83.99,83.64,83.85,395741.08,33179574.8224,18262342.9979
2026-04-28 20:00:00+00:00,83.85,83.96,83.72,83.73,237976.74,19949230.6731,9634061.4048
2026-04-28 21:00:00+00:00,83.73,83.91,83.58,83.69,330210.38,27649005.7164,11661863.7175
2026-04-28 22:00:00+00:00,83.69,83.88,83.53,83.68,430845.78,36056489.9234,19659454.0632
2026-04-28 23:00:00+00:00,83.68,84.15,83.59,84.02,705980.4,59226500.8616,30141532.3656
2026-04-29 00:00:00+00:00,84.02,84.14,83.77,83.99,604327.09,50743636.4816,24146317.3905
2026-04-29 01:00:00+00:00,84,84.16,83.75,84.04,460678.31,38677110.943,23186382.3427
2026-04-29 02:00:00+00:00,84.03,84.17,83.88,84,268022.91,22522477.4676,10509665.4339
2026-04-29 03:00:00+00:00,83.99,84.71,83.99,84.55,1006352.69,84989593.8903,45961882.9514
2026-04-29 04:00:00+00:00,84.54,85.04,84.39,84.9,1130740.67,95847335.381,58204104.774
2026-04-29 05:00:00+00:00,84.91,84.95,84.65,84.8,556248.67,47165074.8334,21648720.7367
2026-04-29 06:00:00+00:00,84.8,84.97,84.5,84.58,650731.61,55153007.2176,23207784.8208
2026-04-29 07:00:00+00:00,84.59,84.82,84.57,84.66,337681.72,28593028.731,15828421.6731
2026-04-29 08:00:00+00:00,84.67,84.72,84.3,84.48,542315.62,45823219.4335,20925855.2487
2026-04-29 09:00:00+00:00,84.47,85.51,84.43,85.26,1326969.97,112857287.999,64556741.3293
2026-04-29 10:00:00+00:00,85.26,85.53,85.08,85.1,921775.51,78637604.2177,38045834.0289
2026-04-29 11:00:00+00:00,85.11,85.13,84.75,84.87,832404.98,70685311.8699,31849756.6844
2026-04-29 12:00:00+00:00,84.87,84.87,83.88,84.2,1711282.21,144127125.14,68675878.9742
2026-04-29 13:00:00+00:00,84.21,84.24,83.57,83.95,1365816.49,114566100.742,55115991.7097
2026-04-29 14:00:00+00:00,83.94,84,83.59,83.78,789445.11,66155634.1344,32407396.9257
2026-04-29 15:00:00+00:00,83.79,83.88,82.91,83.2,2020395.68,168193548.111,69553647.6493
2026-04-29 16:00:00+00:00,83.2,83.59,82.9,83.06,1366480.05,113652932.588,49159889.7446
2026-04-29 17:00:00+00:00,83.07,83.34,82.68,83.31,1076275.39,89313088.1741,47237558.2091
2026-04-29 18:00:00+00:00,83.32,83.41,81.31,82.23,3863989.12,316515133.056,138805396.806
2026-04-29 19:00:00+00:00,82.24,82.31,81.92,82.13,848292.67,69661378.9463,32015378.2161
2026-04-29 20:00:00+00:00,82.13,82.78,82.09,82.58,1041229.97,85816190.7103,45515112.1077
2026-04-29 21:00:00+00:00,82.59,83.2,82.47,82.85,838090.94,69393044.4878,37088163.603
2026-04-29 22:00:00+00:00,82.86,83.09,82.75,83.03,406577.79,33716422.1756,18526544.1198
2026-04-29 23:00:00+00:00,83.02,83.07,82.78,83.01,413791.22,34330609.2665,14573967.0243
2026-04-30 00:00:00+00:00,83.02,83.99,83.01,83.77,1357650.73,113362204.306,63077365.6234
2026-04-30 01:00:00+00:00,83.78,83.99,83.62,83.71,553966.91,46423674.8746,21167741.6927
2026-04-30 02:00:00+00:00,83.72,83.93,82.64,82.95,1017889.74,84644495.1399,36743303.2668
2026-04-30 03:00:00+00:00,82.94,83.21,82.8,83.02,320425.88,26591924.5698,14395157.4072
2026-04-30 04:00:00+00:00,83.02,83.05,82.32,82.36,519694.71,42912493.2093,17723158.0987
2026-04-30 05:00:00+00:00,82.36,82.75,82.1,82.54,654476.17,53988301.3257,30362484.9694
2026-04-30 06:00:00+00:00,82.53,83.02,82.49,82.9,424353.69,35118147.1417,20735596.7267
2026-04-30 07:00:00+00:00,82.89,83.36,82.84,83.32,561823.5,46707236.9012,29022256.8425
2026-04-30 08:00:00+00:00,83.31,83.39,83.08,83.09,482422.9,40145192.652,19473208.6487
2026-04-30 09:00:00+00:00,83.08,83.55,83.02,83.09,452013.59,37640458.7276,20308131.5847
2026-04-30 10:00:00+00:00,83.1,83.19,82.88,82.97,323203.86,26824438.8251,10475977.6751
2026-04-30 11:00:00+00:00,82.96,83.36,82.75,82.98,577256.73,47947357.1679,25862798.9053
2026-04-30 12:00:00+00:00,82.97,83.45,82.95,83.18,598926.7,49835102.6589,24741101.3796
2026-04-30 13:00:00+00:00,83.17,83.53,82.81,83.16,784102.92,65230972.45,32251892.9141
2026-04-30 14:00:00+00:00,83.17,83.38,82.63,83.19,984699.66,81750325.6786,38537302.8475
2026-04-30 15:00:00+00:00,83.18,83.8,82.98,83.3,781842.18,65185096.6709,35398256.6104
2026-04-30 16:00:00+00:00,83.3,83.4,82.89,82.97,375385.08,31209897.1277,12956586.4679
2026-04-30 17:00:00+00:00,82.97,83.1,82.82,83,367354.65,30471582.4707,16540733.516
2026-04-30 18:00:00+00:00,83,83.27,82.94,83.02,403693.42,33548100.4187,18267796.8801
2026-04-30 19:00:00+00:00,83.01,83.26,82.97,82.99,359177.57,29851744.3048,18332464.8537
2026-04-30 20:00:00+00:00,82.99,83.16,82.93,83.05,178992.37,14863800.6673,7908287.3611
2026-04-30 21:00:00+00:00,83.05,83.11,82.79,82.83,171526.29,14228696.9511,6077899.5521
2026-04-30 22:00:00+00:00,82.82,83,82.74,82.81,228950.22,18969894.2031,9928535.3393
2026-04-30 23:00:00+00:00,82.81,83.06,82.8,83.04,183026.07,15182642.8933,8278766.8575
