timestamp,open,high,low,close,volume
2025-04-30 23:00:00+00:00,0.88343000412,0.884299993515,0.882730007172,0.884060025215,0
2025-05-01 00:00:00+00:00,0.884029984474,0.884490013123,0.882979989052,0.884090006351,0
2025-05-01 01:00:00+00:00,0.884100019932,0.884299993515,0.882849991322,0.883780002594,0
2025-05-01 02:00:00+00:00,0.883750021458,0.885850012302,0.882969975471,0.884700000286,0
2025-05-01 03:00:00+00:00,0.88467001915,0.884760022163,0.882749974728,0.883750021458,0
2025-05-01 04:00:00+00:00,0.883740007877,0.883930027485,0.881709992886,0.882770001888,0
2025-05-01 05:00:00+00:00,0.882749974728,0.883189976215,0.881009995937,0.882109999657,0
2025-05-01 06:00:00+00:00,0.882109999657,0.883229970932,0.881349980831,0.882830023766,0
2025-05-01 07:00:00+00:00,0.882839977741,0.882889986038,0.881020009518,0.881789982319,0
2025-05-01 08:00:00+00:00,0.881760001183,0.882700026035,0.880720019341,0.882229983807,0
2025-05-01 09:00:00+00:00,0.88217997551,0.882830023766,0.880469977856,0.881179988384,0
2025-05-01 10:00:00+00:00,0.881219983101,0.883170008659,0.880389988422,0.883099973202,0
2025-05-01 11:00:00+00:00,0.883080005646,0.883599996567,0.881680011749,0.882870018482,0
2025-05-01 12:00:00+00:00,0.882860004902,0.883369982243,0.881420016289,0.882409989834,0
2025-05-01 13:00:00+00:00,0.882359981537,0.882809996605,0.880400002003,0.880919992924,0
2025-05-01 14:00:00+00:00,0.880779981613,0.88356000185,0.879419982433,0.883350014687,0
2025-05-01 15:00:00+00:00,0.883289992809,0.883930027485,0.881290018559,0.88220000267,0
2025-05-01 16:00:00+00:00,0.882130026817,0.882679998875,0.881120026112,0.882619976997,0
2025-05-01 17:00:00+00:00,0.882589995861,0.88356000185,0.881789982319,0.883120000362,0
2025-05-01 18:00:00+00:00,0.883120000362,0.884559988976,0.88205999136,0.884029984474,0
2025-05-01 19:00:00+00:00,0.884050011635,0.884159982204,0.882740020752,0.883520007133,0
2025-05-01 20:00:00+00:00,0.883530020714,0.884310007095,0.882359981537,0.88380998373,0
2025-05-01 21:00:00+00:00,0.883830010891,0.884169995785,0.882279992104,0.883700013161,0
2025-05-01 22:00:00+00:00,0.884010016918,0.884469985962,0.882920026779,0.883889973164,0
2025-05-01 23:00:00+00:00,0.883870005608,0.884599983692,0.883040010929,0.884220004082,0
2025-05-02 00:00:00+00:00,0.884180009365,0.887189984322,0.882990002632,0.88652998209,0
2025-05-02 01:00:00+00:00,0.886569976807,0.886749982834,0.884760022163,0.886489987373,0
2025-05-02 02:00:00+00:00,0.886479973793,0.886960029602,0.885219991207,0.88629001379,0
2025-05-02 03:00:00+00:00,0.886269986629,0.887049973011,0.884209990501,0.886699974537,0
2025-05-02 04:00:00+00:00,0.886699974537,0.886709988117,0.884440004826,0.886250019073,0
2025-05-02 05:00:00+00:00,0.88629001379,0.886460006237,0.884999990463,0.885779976845,0
2025-05-02 06:00:00+00:00,0.885720014572,0.886650025845,0.884370028973,0.885450005531,0
2025-05-02 07:00:00+00:00,0.885429978371,0.886849999428,0.884559988976,0.886250019073,0
2025-05-02 08:00:00+00:00,0.886240005493,0.888090014458,0.885140001774,0.887790024281,0
2025-05-02 09:00:00+00:00,0.88775998354,0.889970004559,0.886569976807,0.889419972897,0
2025-05-02 10:00:00+00:00,0.889519989491,0.889829993248,0.887860000134,0.888939976692,0
2025-05-02 11:00:00+00:00,0.88901001215,0.889869987965,0.88802999258,0.88901001215,0
2025-05-02 12:00:00+00:00,0.889029979706,0.891129970551,0.887139976025,0.890969991684,0
2025-05-02 13:00:00+00:00,0.890959978104,0.891449987888,0.889280021191,0.890429973602,0
2025-05-02 14:00:00+00:00,0.890410006046,0.891139984131,0.888800024986,0.890110015869,0
2025-05-02 15:00:00+00:00,0.890150010586,0.890540003777,0.88763999939,0.888779997826,0
2025-05-02 16:00:00+00:00,0.888750016689,0.890230000019,0.88789999485,0.889330029488,0
2025-05-02 17:00:00+00:00,0.889280021191,0.889940023422,0.888090014458,0.889859974384,0
2025-05-02 18:00:00+00:00,0.889859974384,0.890179991722,0.888679981232,0.889859974384,0
2025-05-02 19:00:00+00:00,0.889869987965,0.890770018101,0.888920009136,0.890219986439,0
2025-05-02 20:00:00+00:00,0.890169978142,0.890919983387,0.889209985733,0.890789985657,0
2025-05-02 21:00:00+00:00,0.889230012894,0.889440000057,0.889230012894,0.889440000057,0
2025-05-04 23:00:00+00:00,0.892040014267,0.892180025578,0.889940023422,0.89076000452,0
2025-05-05 00:00:00+00:00,0.890709996223,0.890860021114,0.888650000095,0.89064002037,0
2025-05-05 01:00:00+00:00,0.890670001507,0.894050002098,0.889940023422,0.892629981041,0
2025-05-05 02:00:00+00:00,0.892549991608,0.893320024014,0.891219973564,0.892620027065,0
2025-05-05 03:00:00+00:00,0.892589986324,0.892750024796,0.891160011292,0.892210006714,0
2025-05-05 04:00:00+00:00,0.892180025578,0.892650008202,0.890950024128,0.892440021038,0
2025-05-05 05:00:00+00:00,0.892390012741,0.89459002018,0.891520023346,0.893980026245,0
2025-05-05 06:00:00+00:00,0.894039988518,0.894209980965,0.892009973526,0.893519997597,0
2025-05-05 07:00:00+00:00,0.893530011177,0.894219994545,0.892470002174,0.89322000742,0
2025-05-05 08:00:00+00:00,0.893169999123,0.895489990711,0.89222997427,0.894469976425,0
2025-05-05 09:00:00+00:00,0.894519984722,0.895569980145,0.893859982491,0.895039975643,0
2025-05-05 10:00:00+00:00,0.894940018654,0.895250022411,0.893499970436,0.894469976425,0
2025-05-05 11:00:00+00:00,0.894460022449,0.895759999752,0.893670022488,0.894620001316,0
2025-05-05 12:00:00+00:00,0.894609987736,0.896350026131,0.893689990044,0.895940005779,0
2025-05-05 13:00:00+00:00,0.89595001936,0.8962200284,0.894150018692,0.894739985466,0
2025-05-05 14:00:00+00:00,0.894739985466,0.895640015602,0.893620014191,0.894900023937,0
2025-05-05 15:00:00+00:00,0.89496999979,0.894990026951,0.892319977283,0.893620014191,0
2025-05-05 16:00:00+00:00,0.893580019474,0.893790006638,0.89197999239,0.892780005932,0
2025-05-05 17:00:00+00:00,0.892759978771,0.893140017986,0.891770005226,0.892910003662,0
2025-05-05 18:00:00+00:00,0.892889976501,0.893540024757,0.891830027103,0.893369972706,0
2025-05-05 19:00:00+00:00,0.893299996853,0.893980026245,0.892319977283,0.893400013447,0
2025-05-05 20:00:00+00:00,0.893389999866,0.894169986248,0.892490029335,0.893909990788,0
2025-05-05 21:00:00+00:00,0.893509984016,0.893899977207,0.89223998785,0.893209993839,0
2025-05-05 22:00:00+00:00,0.893209993839,0.893859982491,0.892530024052,0.893570005894,0
2025-05-05 23:00:00+00:00,0.893540024757,0.893700003624,0.892069995403,0.892979979515,0
2025-05-06 00:00:00+00:00,0.892889976501,0.893199980259,0.891110002995,0.892300009727,0
2025-05-06 01:00:00+00:00,0.892289996147,0.893149971962,0.891210019588,0.892130017281,0
2025-05-06 02:00:00+00:00,0.892139971256,0.893270015717,0.891380012035,0.892549991608,0
2025-05-06 03:00:00+00:00,0.892560005188,0.893019974232,0.891240000725,0.892939984798,0
2025-05-06 04:00:00+00:00,0.892929971218,0.893859982491,0.891939997673,0.893639981747,0
2025-05-06 05:00:00+00:00,0.893649995327,0.893679976463,0.890829980373,0.892050027847,0
2025-05-06 06:00:00+00:00,0.892009973526,0.892809987068,0.890030026436,0.892719984055,0
2025-05-06 07:00:00+00:00,0.892709970474,0.892920017242,0.891229987144,0.892059981823,0
2025-05-06 08:00:00+00:00,0.892050027847,0.89223998785,0.890690028667,0.891589999199,0
2025-05-06 09:00:00+00:00,0.891579985619,0.891619980335,0.889580011368,0.891269981861,0
2025-05-06 10:00:00+00:00,0.891200006008,0.892210006714,0.890230000019,0.892170011997,0
2025-05-06 11:00:00+00:00,0.892130017281,0.892490029335,0.890559971333,0.892040014267,0
2025-05-06 12:00:00+00:00,0.892040014267,0.892849981785,0.89073997736,0.892750024796,0
2025-05-06 13:00:00+00:00,0.892740011215,0.892809987068,0.890919983387,0.89236998558,0
2025-05-06 14:00:00+00:00,0.892340004444,0.894010007381,0.891380012035,0.893419981003,0
2025-05-06 15:00:00+00:00,0.893369972706,0.894039988518,0.892210006714,0.893540024757,0
2025-05-06 16:00:00+00:00,0.89358997345,0.894609987736,0.892430007458,0.893329977989,0
2025-05-06 17:00:00+00:00,0.893270015717,0.894909977913,0.892449975014,0.893890023232,0
2025-05-06 18:00:00+00:00,0.893890023232,0.89496999979,0.893010020256,0.89472001791,0
2025-05-06 19:00:00+00:00,0.894670009613,0.894819974899,0.89359998703,0.894659996033,0
2025-05-06 20:00:00+00:00,0.894670009613,0.895009994507,0.89333999157,0.894320011139,0
2025-05-06 21:00:00+00:00,0.894460022449,0.894519984722,0.892660021782,0.893429994583,0
2025-05-06 22:00:00+00:00,0.892989993095,0.897199988365,0.892759978771,0.896409988403,0
2025-05-06 23:00:00+00:00,0.896139979362,0.896440029144,0.894450008869,0.895500004292,0
2025-05-07 00:00:00+00:00,0.895500004292,0.895959973335,0.893440008163,0.89508998394,0
2025-05-07 01:00:00+00:00,0.895020008087,0.896830022335,0.893320024014,0.895190000534,0
2025-05-07 02:00:00+00:00,0.89521998167,0.89521998167,0.892899990082,0.894469976425,0
2025-05-07 03:00:00+00:00,0.894439995289,0.895039975643,0.892840027809,0.894259989262,0
2025-05-07 04:00:00+00:00,0.894270002842,0.894770026207,0.892650008202,0.893819987774,0
2025-05-07 05:00:00+00:00,0.893819987774,0.894630014896,0.892650008202,0.893830001354,0
2025-05-07 06:00:00+00:00,0.893840014935,0.89482998848,0.892820000648,0.894179999828,0
2025-05-07 07:00:00+00:00,0.894200026989,0.894200026989,0.89222997427,0.893559992313,0
2025-05-07 08:00:00+00:00,0.893540024757,0.893670022488,0.891520023346,0.892629981041,0
2025-05-07 09:00:00+00:00,0.892599999905,0.893010020256,0.891129970551,0.892620027065,0
2025-05-07 10:00:00+00:00,0.892639994621,0.89335000515,0.891510009766,0.893180012703,0
2025-05-07 11:00:00+00:00,0.893119990826,0.893329977989,0.891489982605,0.892759978771,0
2025-05-07 12:00:00+00:00,0.892769992352,0.893230021,0.891730010509,0.892750024796,0
2025-05-07 13:00:00+00:00,0.892769992352,0.892859995365,0.890429973602,0.89200001955,0
2025-05-07 14:00:00+00:00,0.89200001955,0.892210006714,0.889959990978,0.891260027885,0
2025-05-07 15:00:00+00:00,0.891260027885,0.891269981861,0.888809978962,0.889800012112,0
2025-05-07 16:00:00+00:00,0.889769971371,0.891240000725,0.888779997826,0.890730023384,0
2025-05-07 17:00:00+00:00,0.890779972076,0.890990018845,0.889450013638,0.89038002491,0
2025-05-07 18:00:00+00:00,0.890259981155,0.891589999199,0.889110028744,0.89064002037,0
2025-05-07 19:00:00+00:00,0.890590012074,0.890670001507,0.887210011482,0.889320015907,0
2025-05-07 20:00:00+00:00,0.889320015907,0.889490008354,0.887679994106,0.888759970665,0
2025-05-07 21:00:00+00:00,0.888759970665,0.889219999313,0.887679994106,0.888979971409,0
2025-05-07 22:00:00+00:00,0.889110028744,0.889400005341,0.888109982014,0.888920009136,0
2025-05-07 23:00:00+00:00,0.889100015163,0.889720022678,0.888159990311,0.889549970627,0
2025-05-08 00:00:00+00:00,0.889590024948,0.891070008278,0.888599991798,0.890359997749,0
2025-05-08 01:00:00+00:00,0.89037001133,0.892740011215,0.88950997591,0.89199000597,0
2025-05-08 02:00:00+00:00,0.89199000597,0.892849981785,0.891110002995,0.892030000687,0
2025-05-08 03:00:00+00:00,0.892009973526,0.893029987812,0.891279995441,0.892610013485,0
2025-05-08 04:00:00+00:00,0.892570018768,0.892799973488,0.891330003738,0.892050027847,0
2025-05-08 05:00:00+00:00,0.892090022564,0.892220020294,0.890359997749,0.891619980335,0
2025-05-08 06:00:00+00:00,0.891529977322,0.891700029373,0.888159990311,0.889190018177,0
2025-05-08 07:00:00+00:00,0.889190018177,0.890460014343,0.888100028038,0.889919996262,0
2025-05-08 08:00:00+00:00,0.889859974384,0.890290021896,0.888520002365,0.88914000988,0
2025-05-08 09:00:00+00:00,0.889100015163,0.890230000019,0.888260006905,0.889999985695,0
2025-05-08 10:00:00+00:00,0.889989972115,0.891420006752,0.889100015163,0.890209972858,0
2025-05-08 11:00:00+00:00,0.890179991722,0.891179978848,0.88938999176,0.891019999981,0
2025-05-08 12:00:00+00:00,0.89099997282,0.891569972038,0.890110015869,0.891210019588,0
2025-05-08 13:00:00+00:00,0.891189992428,0.89199000597,0.890200018883,0.891179978848,0
2025-05-08 14:00:00+00:00,0.891160011292,0.892400026321,0.89037001133,0.890900015831,0
2025-05-08 15:00:00+00:00,0.890890002251,0.89310002327,0.889909982681,0.892440021038,0
2025-05-08 16:00:00+00:00,0.892430007458,0.892570018768,0.890690028667,0.892300009727,0
2025-05-08 17:00:00+00:00,0.892250001431,0.892350018024,0.89050000906,0.891640007496,0
2025-05-08 18:00:00+00:00,0.891629993916,0.891900002956,0.889989972115,0.890699982643,0
2025-05-08 19:00:00+00:00,0.890709996223,0.891449987888,0.889859974384,0.89076000452,0
2025-05-08 20:00:00+00:00,0.890820026398,0.891139984131,0.889720022678,0.89060997963,0
2025-05-08 21:00:00+00:00,0.890120029449,0.891499996185,0.889760017395,0.890670001507,0
2025-05-08 22:00:00+00:00,0.890730023384,0.891040027142,0.889810025692,0.89086997509,0
2025-05-08 23:00:00+00:00,0.890820026398,0.890850007534,0.88914000988,0.890100002289,0
2025-05-09 00:00:00+00:00,0.890100002289,0.890659987926,0.888809978962,0.889859974384,0
2025-05-09 01:00:00+00:00,0.889869987965,0.890699982643,0.888239979744,0.889859974384,0
2025-05-09 02:00:00+00:00,0.889890015125,0.890649974346,0.887679994106,0.890550017357,0
2025-05-09 03:00:00+00:00,0.89048999548,0.891830027103,0.889729976654,0.891780018806,0
2025-05-09 04:00:00+00:00,0.891759991646,0.892009973526,0.890290021896,0.891900002956,0
2025-05-09 05:00:00+00:00,0.891910016537,0.891929984093,0.890150010586,0.891229987144,0
2025-05-09 06:00:00+00:00,0.891200006008,0.891719996929,0.890120029449,0.891089975834,0
2025-05-09 07:00:00+00:00,0.891030013561,0.892430007458,0.890089988708,0.891849994659,0
2025-05-09 08:00:00+00:00,0.89186000824,0.891919970512,0.889699995518,0.891369998455,0
2025-05-09 09:00:00+00:00,0.891380012035,0.891539990902,0.889569997787,0.890559971333,0
2025-05-09 10:00:00+00:00,0.890519976616,0.890600025654,0.888899981976,0.890410006046,0
2025-05-09 11:00:00+00:00,0.890399992466,0.891380012035,0.889370024204,0.890900015831,0
2025-05-09 12:00:00+00:00,0.890919983387,0.891809999943,0.889959990978,0.891719996929,0
2025-05-09 13:00:00+00:00,0.891700029373,0.894620001316,0.89087998867,0.894379973412,0
2025-05-09 14:00:00+00:00,0.894360005856,0.895420014858,0.892899990082,0.894100010395,0
2025-05-09 15:00:00+00:00,0.894110023975,0.894749999046,0.893140017986,0.894460022449,0
2025-05-09 16:00:00+00:00,0.894479990005,0.894789993763,0.892880022526,0.893710017204,0
2025-05-09 17:00:00+00:00,0.893689990044,0.893980026245,0.892530024052,0.893509984016,0
2025-05-09 18:00:00+00:00,0.89349001646,0.893739998341,0.892300009727,0.893180012703,0
2025-05-09 19:00:00+00:00,0.893119990826,0.893369972706,0.89197999239,0.893069982529,0
2025-05-09 20:00:00+00:00,0.893060028553,0.89358997345,0.892030000687,0.892960011959,0
2025-05-09 21:00:00+00:00,0.892769992352,0.892769992352,0.892669975758,0.892669975758,0
2025-05-11 23:00:00+00:00,0.893930017948,0.894890010357,0.893010020256,0.893909990788,0
2025-05-12 00:00:00+00:00,0.893980026245,0.894930005074,0.892560005188,0.89484000206,0
2025-05-12 01:00:00+00:00,0.89484000206,0.895990014076,0.893939971924,0.895070016384,0
2025-05-12 02:00:00+00:00,0.895070016384,0.895420014858,0.893239974976,0.895009994507,0
2025-05-12 03:00:00+00:00,0.894940018654,0.895380020142,0.89348000288,0.895190000534,0
2025-05-12 04:00:00+00:00,0.895129978657,0.895780026913,0.893999993801,0.895370006561,0
2025-05-12 05:00:00+00:00,0.895319998264,0.896560013294,0.894460022449,0.896290004253,0
2025-05-12 06:00:00+00:00,0.896279990673,0.896499991417,0.894659996033,0.895519971848,0
2025-05-12 07:00:00+00:00,0.895460009575,0.89906001091,0.892780005932,0.894699990749,0
2025-05-12 08:00:00+00:00,0.894609987736,0.896229982376,0.892910003662,0.894509971142,0
2025-05-12 09:00:00+00:00,0.894529998302,0.895519971848,0.893440008163,0.894990026951,0
2025-05-12 10:00:00+00:00,0.894990026951,0.895039975643,0.891809999943,0.892929971218,0
2025-05-12 11:00:00+00:00,0.892910003662,0.893999993801,0.891969978809,0.893660008907,0
2025-05-12 12:00:00+00:00,0.893540024757,0.894630014896,0.892530024052,0.893920004368,0
2025-05-12 13:00:00+00:00,0.893959999084,0.894919991493,0.892629981041,0.893379986286,0
2025-05-12 14:00:00+00:00,0.893450021744,0.893850028515,0.891059994698,0.8921200037,0
2025-05-12 15:00:00+00:00,0.89210999012,0.892759978771,0.890600025654,0.89161002636,0
2025-05-12 16:00:00+00:00,0.891589999199,0.891960024834,0.890039980412,0.891170024872,0
2025-05-12 17:00:00+00:00,0.891179978848,0.891600012779,0.890110015869,0.890969991684,0
2025-05-12 18:00:00+00:00,0.890969991684,0.891240000725,0.889739990234,0.891019999981,0
2025-05-12 19:00:00+00:00,0.891059994698,0.891170024872,0.889630019665,0.890890002251,0
2025-05-12 20:00:00+00:00,0.89086997509,0.891040027142,0.88924998045,0.889869987965,0
2025-05-12 21:00:00+00:00,0.889859974384,0.890850007534,0.888260006905,0.890100002289,0
2025-05-12 22:00:00+00:00,0.890120029449,0.890860021114,0.889219999313,0.890320003033,0
2025-05-12 23:00:00+00:00,0.890179991722,0.890940010548,0.889289975166,0.890389978886,0
2025-05-13 00:00:00+00:00,0.89037001133,0.891149997711,0.889060020447,0.889850020409,0
2025-05-13 01:00:00+00:00,0.889800012112,0.891049981117,0.888660013676,0.890709996223,0
2025-05-13 02:00:00+00:00,0.89064002037,0.892090022564,0.889649987221,0.891709983349,0
2025-05-13 03:00:00+00:00,0.891619980335,0.893710017204,0.890820026398,0.893389999866,0
2025-05-13 04:00:00+00:00,0.893410027027,0.895150005817,0.892379999161,0.895060002804,0
2025-05-13 05:00:00+00:00,0.895060002804,0.895709991455,0.89371997118,0.894919991493,0
2025-05-13 06:00:00+00:00,0.894940018654,0.896099984646,0.893530011177,0.895510017872,0
2025-05-13 07:00:00+00:00,0.895500004292,0.897019982338,0.894550025463,0.896239995956,0
2025-05-13 08:00:00+00:00,0.896229982376,0.896260023117,0.894609987736,0.896009981632,0
2025-05-13 09:00:00+00:00,0.895980000496,0.896969974041,0.894999980927,0.896489977837,0
2025-05-13 10:00:00+00:00,0.896430015564,0.897319972515,0.894990026951,0.896820008755,0
2025-05-13 11:00:00+00:00,0.896809995174,0.897239983082,0.895699977875,0.896570026875,0
2025-05-13 12:00:00+00:00,0.8964599967,0.89894002676,0.895460009575,0.898750007153,0
2025-05-13 13:00:00+00:00,0.898750007153,0.900510013103,0.89783000946,0.899749994278,0
2025-05-13 14:00:00+00:00,0.899779975414,0.903230011463,0.898450016975,0.902869999409,0
2025-05-13 15:00:00+00:00,0.902800023556,0.90363997221,0.901629984379,0.903209984303,0
2025-05-13 16:00:00+00:00,0.903209984303,0.903919994831,0.902400016785,0.903320014477,0
2025-05-13 17:00:00+00:00,0.903259992599,0.903590023518,0.90192002058,0.902970016003,0
2025-05-13 18:00:00+00:00,0.902909994125,0.903540015221,0.901639997959,0.902840018272,0
2025-05-13 19:00:00+00:00,0.902849972248,0.902989983559,0.901069998741,0.901910007,0
2025-05-13 20:00:00+00:00,0.901910007,0.902369976044,0.900619983673,0.901430010796,0
2025-05-13 21:00:00+00:00,0.901430010796,0.90189999342,0.899940013885,0.900990009308,0
2025-05-13 22:00:00+00:00,0.901059985161,0.902069985867,0.900489985943,0.90179002285,0
2025-05-13 23:00:00+00:00,0.901750028133,0.902350008488,0.900579988956,0.901740014553,0
2025-05-14 00:00:00+00:00,0.901740014553,0.90215998888,0.900720000267,0.90166002512,0
2025-05-14 01:00:00+00:00,0.901669979095,0.903779983521,0.900600016117,0.903599977493,0
2025-05-14 02:00:00+00:00,0.903580009937,0.90363997221,0.901069998741,0.902339994907,0
2025-05-14 03:00:00+00:00,0.902329981327,0.902559995651,0.900479972363,0.901449978352,0
2025-05-14 04:00:00+00:00,0.901449978352,0.901870012283,0.900110006332,0.901090025902,0
2025-05-14 05:00:00+00:00,0.901080012321,0.902140021324,0.900210022926,0.901229977608,0
2025-05-14 06:00:00+00:00,0.901210010052,0.902260005474,0.900189995766,0.90192002058,0
2025-05-14 07:00:00+00:00,0.901910007,0.903439998627,0.900730013847,0.903310000896,0
2025-05-14 08:00:00+00:00,0.903299987316,0.904250025749,0.901939988136,0.902880012989,0
2025-05-14 09:00:00+00:00,0.902989983559,0.903680026531,0.900619983673,0.901499986649,0
2025-05-14 10:00:00+00:00,0.901520013809,0.902339994907,0.90029001236,0.901880025864,0
2025-05-14 11:00:00+00:00,0.901870012283,0.902230024338,0.900110006332,0.902090013027,0
2025-05-14 12:00:00+00:00,0.902079999447,0.902400016785,0.900030016899,0.901719987392,0
2025-05-14 13:00:00+00:00,0.901700019836,0.902010023594,0.899600028992,0.901390016079,0
2025-05-14 14:00:00+00:00,0.901409983635,0.901690006256,0.899909973145,0.901170015335,0
2025-05-14 15:00:00+00:00,0.901109993458,0.901229977608,0.898970007896,0.900049984455,0
2025-05-14 16:00:00+00:00,0.900020003319,0.90030002594,0.89758002758,0.898989975452,0
2025-05-14 17:00:00+00:00,0.89893001318,0.899489998817,0.897849977016,0.899349987507,0
2025-05-14 18:00:00+00:00,0.899339973927,0.899489998817,0.897019982338,0.898209989071,0
2025-05-14 19:00:00+00:00,0.898199975491,0.898370027542,0.896730005741,0.898150026798,0
2025-05-14 20:00:00+00:00,0.898169994354,0.89906001091,0.897339999676,0.898329973221,0
2025-05-14 21:00:00+00:00,0.898500025272,0.899269998074,0.89632999897,0.897669970989,0
2025-05-14 22:00:00+00:00,0.897719979286,0.898570001125,0.897140026093,0.898109972477,0
2025-05-14 23:00:00+00:00,0.898079991341,0.898199975491,0.896780014038,0.898199975491,0
2025-05-15 00:00:00+00:00,0.898119986057,0.899020016193,0.897400021553,0.898419976234,0
2025-05-15 01:00:00+00:00,0.898410022259,0.901239991188,0.897840023041,0.900269985199,0
2025-05-15 02:00:00+00:00,0.900240004063,0.90043002367,0.898180007935,0.899659991264,0
2025-05-15 03:00:00+00:00,0.899689972401,0.90017002821,0.898410022259,0.89929997921,0
2025-05-15 04:00:00+00:00,0.89930999279,0.899600028992,0.897480010986,0.898270010948,0
2025-05-15 05:00:00+00:00,0.898199975491,0.89880001545,0.8964599967,0.897859990597,0
2025-05-15 06:00:00+00:00,0.897800028324,0.899739980698,0.897369980812,0.899590015411,0
2025-05-15 07:00:00+00:00,0.899519979954,0.899810016155,0.896390020847,0.897469997406,0
2025-05-15 08:00:00+00:00,0.897459983826,0.898039996624,0.896669983864,0.897530019283,0
2025-05-15 09:00:00+00:00,0.897549986839,0.897889971733,0.89608001709,0.897010028362,0
2025-05-15 10:00:00+00:00,0.896990001202,0.897080004215,0.894930005074,0.895789980888,0
2025-05-15 11:00:00+00:00,0.895730018616,0.896350026131,0.894670009613,0.896000027657,0
2025-05-15 12:00:00+00:00,0.895980000496,0.897199988365,0.894789993763,0.896860003471,0
2025-05-15 13:00:00+00:00,0.896870017052,0.89783000946,0.895129978657,0.896099984646,0
2025-05-15 14:00:00+00:00,0.896040022373,0.896650016308,0.894079983234,0.895730018616,0
2025-05-15 15:00:00+00:00,0.895789980888,0.896019995213,0.893869996071,0.895399987698,0
2025-05-15 16:00:00+00:00,0.895370006561,0.895940005779,0.894519984722,0.895410001278,0
2025-05-15 17:00:00+00:00,0.895410001278,0.895860016346,0.893410027027,0.894230008125,0
2025-05-15 18:00:00+00:00,0.894230008125,0.894580006599,0.893040001392,0.894370019436,0
2025-05-15 19:00:00+00:00,0.894379973412,0.894400000572,0.893140017986,0.894020020962,0
2025-05-15 20:00:00+00:00,0.894010007381,0.894490003586,0.893320024014,0.893700003624,0
2025-05-15 21:00:00+00:00,0.893649995327,0.894179999828,0.892189979553,0.893639981747,0
2025-05-15 22:00:00+00:00,0.893639981747,0.894379973412,0.892690002918,0.893760025501,0
2025-05-15 23:00:00+00:00,0.893779993057,0.893890023232,0.892279982567,0.893700003624,0
2025-05-16 00:00:00+00:00,0.893689990044,0.894389986992,0.891439974308,0.892700016499,0
2025-05-16 01:00:00+00:00,0.892709970474,0.894129991531,0.892080008984,0.893980026245,0
2025-05-16 02:00:00+00:00,0.893959999084,0.89521998167,0.892459988594,0.895020008087,0
2025-05-16 03:00:00+00:00,0.89508998394,0.89595001936,0.893800020218,0.895479977131,0
2025-05-16 04:00:00+00:00,0.895489990711,0.896369993687,0.894460022449,0.895860016346,0
2025-05-16 05:00:00+00:00,0.895820021629,0.897000014782,0.895120024681,0.896790027618,0
2025-05-16 06:00:00+00:00,0.896780014038,0.896820008755,0.894659996033,0.896030008793,0
2025-05-16 07:00:00+00:00,0.89607000351,0.896990001202,0.894869983196,0.896440029144,0
2025-05-16 08:00:00+00:00,0.896409988403,0.897059977055,0.895330011845,0.896820008755,0
2025-05-16 09:00:00+00:00,0.896799981594,0.897069990635,0.895290017128,0.896229982376,0
2025-05-16 10:00:00+00:00,0.8962200284,0.896499991417,0.894919991493,0.896089971066,0
2025-05-16 11:00:00+00:00,0.896099984646,0.896300017834,0.894980013371,0.896189987659,0
2025-05-16 12:00:00+00:00,0.896189987659,0.896229982376,0.894079983234,0.895269989967,0
2025-05-16 13:00:00+00:00,0.895269989967,0.895389974117,0.893639981747,0.895349979401,0
2025-05-16 14:00:00+00:00,0.895330011845,0.895650029182,0.893050014973,0.894339978695,0
2025-05-16 15:00:00+00:00,0.894330024719,0.894630014896,0.892830014229,0.894429981709,0
2025-05-16 16:00:00+00:00,0.894439995289,0.894999980927,0.893180012703,0.894940018654,0
2025-05-16 17:00:00+00:00,0.894919991493,0.895380020142,0.894010007381,0.895160019398,0
2025-05-16 18:00:00+00:00,0.895139992237,0.895789980888,0.894339978695,0.895650029182,0
2025-05-16 19:00:00+00:00,0.895690023899,0.895969986916,0.894469976425,0.895529985428,0
2025-05-16 20:00:00+00:00,0.895500004292,0.895579993725,0.893440008163,0.894230008125,0
2025-05-16 21:00:00+00:00,0.893209993839,0.893209993839,0.893209993839,0.893209993839,0
2025-05-18 23:00:00+00:00,0.894060015678,0.894689977169,0.893239974976,0.894140005112,0
2025-05-19 00:00:00+00:00,0.894129991531,0.895229995251,0.892979979515,0.895200014114,0
2025-05-19 01:00:00+00:00,0.895169973373,0.895359992981,0.893540024757,0.894599974155,0
2025-05-19 02:00:00+00:00,0.894559979439,0.896600008011,0.893769979477,0.896089971066,0
2025-05-19 03:00:00+00:00,0.89608001709,0.896269977093,0.894779980183,0.895659983158,0
2025-05-19 04:00:00+00:00,0.895619988441,0.895709991455,0.893959999084,0.894900023937,0
2025-05-19 05:00:00+00:00,0.894940018654,0.895240008831,0.893000006676,0.894039988518,0
2025-05-19 06:00:00+00:00,0.893970012665,0.895410001278,0.893140017986,0.895210027695,0
2025-05-19 07:00:00+00:00,0.895240008831,0.896899998188,0.894219994545,0.896489977837,0
2025-05-19 08:00:00+00:00,0.896499991417,0.89768999815,0.89494997263,0.897589981556,0
2025-05-19 09:00:00+00:00,0.89758002758,0.898909986019,0.896629989147,0.89881002903,0
2025-05-19 10:00:00+00:00,0.898819983006,0.899360001087,0.897729992867,0.898980021477,0
2025-05-19 11:00:00+00:00,0.89894002676,0.899760007858,0.897800028324,0.898859977722,0
2025-05-19 12:00:00+00:00,0.89894002676,0.89904999733,0.897010028362,0.89770001173,0
2025-05-19 13:00:00+00:00,0.89768999815,0.89919000864,0.896809995174,0.898750007153,0
2025-05-19 14:00:00+00:00,0.89880001545,0.899479985237,0.8978099823,0.899349987507,0
2025-05-19 15:00:00+00:00,0.899360001087,0.900699973106,0.898370027542,0.900470018387,0
2025-05-19 16:00:00+00:00,0.90040999651,0.900810003281,0.899160027504,0.900510013103,0
2025-05-19 17:00:00+00:00,0.900479972363,0.900889992714,0.899590015411,0.900610029697,0
2025-05-19 18:00:00+00:00,0.90068000555,0.900720000267,0.899460017681,0.900529980659,0
2025-05-19 19:00:00+00:00,0.900470018387,0.901099979877,0.899489998817,0.900849997997,0
2025-05-19 20:00:00+00:00,0.900929987431,0.901130020618,0.899779975414,0.900479972363,0
2025-05-19 21:00:00+00:00,0.900219976902,0.900520026684,0.898559987545,0.900049984455,0
2025-05-19 22:00:00+00:00,0.900030016899,0.901040017605,0.899230003357,0.900979995728,0
2025-05-19 23:00:00+00:00,0.900910019875,0.901120007038,0.899670004845,0.900740027428,0
2025-05-20 00:00:00+00:00,0.900749981403,0.900940001011,0.899140000343,0.900009989738,0
2025-05-20 01:00:00+00:00,0.900020003319,0.900390028954,0.898670017719,0.89955997467,0
2025-05-20 02:00:00+00:00,0.899569988251,0.900160014629,0.898620009422,0.900089979172,0
2025-05-20 03:00:00+00:00,0.900089979172,0.900229990482,0.898880004883,0.899829983711,0
2025-05-20 04:00:00+00:00,0.899829983711,0.899890005589,0.895940005779,0.897059977055,0
2025-05-20 05:00:00+00:00,0.897109985352,0.898190021515,0.893670022488,0.895259976387,0
2025-05-20 06:00:00+00:00,0.895190000534,0.896440029144,0.893869996071,0.894580006599,0
2025-05-20 07:00:00+00:00,0.894599974155,0.895550012589,0.893630027771,0.895169973373,0
2025-05-20 08:00:00+00:00,0.895150005817,0.895150005817,0.89348000288,0.894749999046,0
2025-05-20 09:00:00+00:00,0.894779980183,0.894919991493,0.893199980259,0.894339978695,0
2025-05-20 10:00:00+00:00,0.894330024719,0.894770026207,0.893090009689,0.894379973412,0
2025-05-20 11:00:00+00:00,0.894370019436,0.894620001316,0.892889976501,0.894140005112,0
2025-05-20 12:00:00+00:00,0.894119977951,0.894389986992,0.889859974384,0.890829980373,0
2025-05-20 13:00:00+00:00,0.890799999237,0.89197999239,0.890079975128,0.891009986401,0
2025-05-20 14:00:00+00:00,0.890959978104,0.892910003662,0.890020012856,0.892740011215,0
2025-05-20 15:00:00+00:00,0.892759978771,0.892960011959,0.891369998455,0.892790019512,0
2025-05-20 16:00:00+00:00,0.892799973488,0.894039988518,0.891939997673,0.893809974194,0
2025-05-20 17:00:00+00:00,0.893840014935,0.894119977951,0.892690002918,0.893660008907,0
2025-05-20 18:00:00+00:00,0.893639981747,0.893850028515,0.892459988594,0.893410027027,0
2025-05-20 19:00:00+00:00,0.893450021744,0.893639981747,0.892279982567,0.89310002327,0
2025-05-20 20:00:00+00:00,0.893079996109,0.893970012665,0.892170011997,0.89358997345,0
2025-05-20 21:00:00+00:00,0.893630027771,0.894010007381,0.892149984837,0.892939984798,0
2025-05-20 22:00:00+00:00,0.893040001392,0.893750011921,0.89199000597,0.893010020256,0
2025-05-20 23:00:00+00:00,0.892920017242,0.89372998476,0.891879975796,0.89359998703,0
2025-05-21 00:00:00+00:00,0.89359998703,0.895210027695,0.892400026321,0.895120024681,0
2025-05-21 01:00:00+00:00,0.895039975643,0.895489990711,0.89358997345,0.894739985466,0
2025-05-21 02:00:00+00:00,0.89471000433,0.89595001936,0.89371997118,0.894919991493,0
2025-05-21 03:00:00+00:00,0.894980013371,0.895959973335,0.894169986248,0.895600020885,0
2025-05-21 04:00:00+00:00,0.895590007305,0.896120011806,0.893890023232,0.895929992199,0
2025-05-21 05:00:00+00:00,0.895929992199,0.896730005741,0.894900023937,0.895860016346,0
2025-05-21 06:00:00+00:00,0.895799994469,0.89634001255,0.894240021706,0.895690023899,0
2025-05-21 07:00:00+00:00,0.895730018616,0.895820021629,0.893739998341,0.895319998264,0
2025-05-21 08:00:00+00:00,0.895340025425,0.895370006561,0.8934699893,0.894649982452,0
2025-05-21 09:00:00+00:00,0.894630014896,0.89507997036,0.892979979515,0.894029974937,0
2025-05-21 10:00:00+00:00,0.894060015678,0.895039975643,0.892780005932,0.894439995289,0
2025-05-21 11:00:00+00:00,0.894420027733,0.895319998264,0.893400013447,0.895070016384,0
2025-05-21 12:00:00+00:00,0.895049989223,0.895669996738,0.892929971218,0.893859982491,0
2025-05-21 13:00:00+00:00,0.893909990788,0.894169986248,0.892009973526,0.893989980221,0
2025-05-21 14:00:00+00:00,0.893970012665,0.895200014114,0.893040001392,0.894140005112,0
2025-05-21 15:00:00+00:00,0.894150018692,0.894640028477,0.892719984055,0.893739998341,0
2025-05-21 16:00:00+00:00,0.89372998476,0.893840014935,0.892310023308,0.893119990826,0
2025-05-21 17:00:00+00:00,0.893090009689,0.893570005894,0.890720009804,0.891789972782,0
2025-05-21 18:00:00+00:00,0.891770005226,0.892170011997,0.890540003777,0.891399979591,0
2025-05-21 19:00:00+00:00,0.891369998455,0.891929984093,0.890339970589,0.891560018063,0
2025-05-21 20:00:00+00:00,0.891560018063,0.892159998417,0.89051002264,0.89186000824,0
2025-05-21 21:00:00+00:00,0.892379999161,0.892759978771,0.890349984169,0.891330003738,0
2025-05-21 22:00:00+00:00,0.891369998455,0.891969978809,0.890810012817,0.891709983349,0
2025-05-21 23:00:00+00:00,0.891529977322,0.89186000824,0.890600025654,0.891340017319,0
2025-05-22 00:00:00+00:00,0.891359984875,0.892620027065,0.890569984913,0.89222997427,0
2025-05-22 01:00:00+00:00,0.892180025578,0.892740011215,0.889769971371,0.89060997963,0
2025-05-22 02:00:00+00:00,0.89051002264,0.892470002174,0.889739990234,0.891900002956,0
2025-05-22 03:00:00+00:00,0.89186000824,0.892459988594,0.890959978104,0.892300009727,0
2025-05-22 04:00:00+00:00,0.892270028591,0.89336001873,0.891380012035,0.893169999123,0
2025-05-22 05:00:00+00:00,0.893079996109,0.89322000742,0.891719996929,0.892620027065,0
2025-05-22 06:00:00+00:00,0.892539978027,0.893029987812,0.891040027142,0.89210999012,0
2025-05-22 07:00:00+00:00,0.89210999012,0.893429994583,0.891550004482,0.893419981003,0
2025-05-22 08:00:00+00:00,0.89336001873,0.894339978695,0.8921200037,0.892970025539,0
2025-05-22 09:00:00+00:00,0.892929971218,0.892989993095,0.890649974346,0.891340017319,0
2025-05-22 10:00:00+00:00,0.891279995441,0.891399979591,0.889500021935,0.890280008316,0
2025-05-22 11:00:00+00:00,0.89025002718,0.891110002995,0.88938999176,0.890169978142,0
2025-05-22 12:00:00+00:00,0.890150010586,0.891089975834,0.889310002327,0.890990018845,0
2025-05-22 13:00:00+00:00,0.89099997282,0.891369998455,0.88901001215,0.890230000019,0
2025-05-22 14:00:00+00:00,0.890320003033,0.890959978104,0.888679981232,0.889710009098,0
2025-05-22 15:00:00+00:00,0.889649987221,0.889970004559,0.888090014458,0.888899981976,0
2025-05-22 16:00:00+00:00,0.888909995556,0.88925999403,0.88789999485,0.888610005379,0
2025-05-22 17:00:00+00:00,0.888620018959,0.889039993286,0.887700021267,0.888769984245,0
2025-05-22 18:00:00+00:00,0.888779997826,0.889490008354,0.888159990311,0.889100015163,0
2025-05-22 19:00:00+00:00,0.889119982719,0.889320015907,0.887470006943,0.888360023499,0
2025-05-22 20:00:00+00:00,0.888369977474,0.888490021229,0.887139976025,0.888140022755,0
2025-05-22 21:00:00+00:00,0.887870013714,0.889230012894,0.887059986591,0.888239979744,0
2025-05-22 22:00:00+00:00,0.888230025768,0.888650000095,0.887380003929,0.888520002365,0
2025-05-22 23:00:00+00:00,0.888540029526,0.888599991798,0.887250006199,0.888130009174,0
2025-05-23 00:00:00+00:00,0.888050019741,0.888890028,0.887239992619,0.88888001442,0
2025-05-23 01:00:00+00:00,0.888849973679,0.889660000801,0.887920022011,0.889330029488,0
2025-05-23 02:00:00+00:00,0.889310002327,0.890070021152,0.888469994068,0.889720022678,0
2025-05-23 03:00:00+00:00,0.889769971371,0.890389978886,0.888970017433,0.889810025692,0
2025-05-23 04:00:00+00:00,0.889829993248,0.890240013599,0.888559997082,0.889699995518,0
2025-05-23 05:00:00+00:00,0.889689981937,0.890070021152,0.888450026512,0.889810025692,0
2025-05-23 06:00:00+00:00,0.889789998531,0.889909982681,0.888109982014,0.889310002327,0
2025-05-23 07:00:00+00:00,0.889289975166,0.891640007496,0.888429999352,0.891359984875,0
2025-05-23 08:00:00+00:00,0.891359984875,0.891719996929,0.890330016613,0.891650021076,0
2025-05-23 09:00:00+00:00,0.891589999199,0.892289996147,0.89064002037,0.892180025578,0
2025-05-23 10:00:00+00:00,0.892199993134,0.892579972744,0.891099989414,0.892379999161,0
2025-05-23 11:00:00+00:00,0.892419993877,0.893090009689,0.888939976692,0.890359997749,0
2025-05-23 12:00:00+00:00,0.890330016613,0.891480028629,0.888549983501,0.891089975834,0
2025-05-23 13:00:00+00:00,0.891019999981,0.891170024872,0.888010025024,0.889069974422,0
2025-05-23 14:00:00+00:00,0.889180004597,0.891579985619,0.888170003891,0.89025002718,0
2025-05-23 15:00:00+00:00,0.890259981155,0.891240000725,0.889370024204,0.890850007534,0
2025-05-23 16:00:00+00:00,0.89087998867,0.891330003738,0.889660000801,0.891019999981,0
2025-05-23 17:00:00+00:00,0.891009986401,0.891969978809,0.889989972115,0.891520023346,0
2025-05-23 18:00:00+00:00,0.891560018063,0.891690015793,0.889989972115,0.891219973564,0
2025-05-23 19:00:00+00:00,0.891250014305,0.89174002409,0.889900028706,0.891470015049,0
2025-05-23 20:00:00+00:00,0.891460001469,0.892270028591,0.890649974346,0.891910016537,0
2025-05-23 21:00:00+00:00,0.891309976578,0.891309976578,0.891309976578,0.891309976578,0
2025-05-25 23:00:00+00:00,0.892549991608,0.89322000742,0.891460001469,0.893040001392,0
2025-05-26 00:00:00+00:00,0.893069982529,0.893199980259,0.891480028629,0.892289996147,0
2025-05-26 01:00:00+00:00,0.892279982567,0.894599974155,0.891380012035,0.894410014153,0
2025-05-26 02:00:00+00:00,0.894389986992,0.89509999752,0.892870008945,0.893679976463,0
2025-05-26 03:00:00+00:00,0.893630027771,0.893779993057,0.892189979553,0.89335000515,0
2025-05-26 04:00:00+00:00,0.893329977989,0.893899977207,0.892149984837,0.893710017204,0
2025-05-26 05:00:00+00:00,0.893689990044,0.894219994545,0.892459988594,0.894100010395,0
2025-05-26 06:00:00+00:00,0.894119977951,0.894280016422,0.891910016537,0.893040001392,0
2025-05-26 07:00:00+00:00,0.893050014973,0.893249988556,0.891330003738,0.892080008984,0
2025-05-26 08:00:00+00:00,0.892139971256,0.893239974976,0.891179978848,0.893000006676,0
2025-05-26 09:00:00+00:00,0.892979979515,0.893090009689,0.891080021858,0.892139971256,0
2025-05-26 10:00:00+00:00,0.892130017281,0.892910003662,0.891210019588,0.892809987068,0
2025-05-26 11:00:00+00:00,0.892759978771,0.892880022526,0.891290009022,0.892859995365,0
2025-05-26 12:00:00+00:00,0.892870008945,0.893069982529,0.891279995441,0.892480015755,0
2025-05-26 13:00:00+00:00,0.892459988594,0.893239974976,0.891210019588,0.893109977245,0
2025-05-26 14:00:00+00:00,0.893109977245,0.893169999123,0.891179978848,0.89222997427,0
2025-05-26 15:00:00+00:00,0.89223998785,0.892539978027,0.890829980373,0.891529977322,0
2025-05-26 16:00:00+00:00,0.891539990902,0.891799986362,0.890330016613,0.891189992428,0
2025-05-26 17:00:00+00:00,0.891219973564,0.891250014305,0.889989972115,0.89073997736,0
2025-05-26 18:00:00+00:00,0.890709996223,0.890890002251,0.88950997591,0.890389978886,0
2025-05-26 19:00:00+00:00,0.890389978886,0.890890002251,0.889370024204,0.890720009804,0
2025-05-26 20:00:00+00:00,0.890659987926,0.891290009022,0.889660000801,0.890579998493,0
2025-05-26 21:00:00+00:00,0.891629993916,0.891629993916,0.889850020409,0.890730023384,0
2025-05-26 22:00:00+00:00,0.89073997736,0.890959978104,0.88938999176,0.890399992466,0
2025-05-26 23:00:00+00:00,0.890439987183,0.890680015087,0.889230012894,0.890020012856,0
2025-05-27 00:00:00+00:00,0.890039980412,0.891070008278,0.88915002346,0.890950024128,0
2025-05-27 01:00:00+00:00,0.890950024128,0.891390025616,0.889549970627,0.890439987183,0
2025-05-27 02:00:00+00:00,0.890389978886,0.890519976616,0.888779997826,0.890139997005,0
2025-05-27 03:00:00+00:00,0.890110015869,0.89060997963,0.888719975948,0.889789998531,0
2025-05-27 04:00:00+00:00,0.889729976654,0.890600025654,0.888429999352,0.889370024204,0
2025-05-27 05:00:00+00:00,0.88938999176,0.889999985695,0.887489974499,0.889909982681,0
2025-05-27 06:00:00+00:00,0.889909982681,0.89099997282,0.888580024242,0.88914000988,0
2025-05-27 07:00:00+00:00,0.88914000988,0.889410018921,0.886460006237,0.887419998646,0
2025-05-27 08:00:00+00:00,0.887390017509,0.888289988041,0.886510014534,0.887459993362,0
2025-05-27 09:00:00+00:00,0.887489974499,0.888260006905,0.886449992657,0.887459993362,0
2025-05-27 10:00:00+00:00,0.887459993362,0.887539982796,0.88617002964,0.886770009995,0
2025-05-27 11:00:00+00:00,0.886799991131,0.887979984283,0.885950028896,0.887149989605,0
2025-05-27 12:00:00+00:00,0.887179970741,0.888409972191,0.886219978333,0.888289988041,0
2025-05-27 13:00:00+00:00,0.888379991055,0.888899981976,0.88665997982,0.887149989605,0
2025-05-27 14:00:00+00:00,0.887080013752,0.887799978256,0.885269999504,0.886110007763,0
2025-05-27 15:00:00+00:00,0.886089980602,0.886860013008,0.885070025921,0.88653999567,0
2025-05-27 16:00:00+00:00,0.886550009251,0.887709975243,0.885550022125,0.887560009956,0
2025-05-27 17:00:00+00:00,0.887510001659,0.888080000877,0.88642001152,0.887929975986,0
2025-05-27 18:00:00+00:00,0.887969970703,0.889230012894,0.887080013752,0.8891299963,0
2025-05-27 19:00:00+00:00,0.889119982719,0.890559971333,0.888069987297,0.89037001133,0
2025-05-27 20:00:00+00:00,0.890389978886,0.891019999981,0.888650000095,0.889580011368,0
2025-05-27 21:00:00+00:00,0.88925999403,0.890129983425,0.888629972935,0.889479994774,0
2025-05-27 22:00:00+00:00,0.889590024948,0.89064002037,0.888909995556,0.890559971333,0
2025-05-27 23:00:00+00:00,0.890569984913,0.890779972076,0.889180004597,0.890269994736,0
2025-05-28 00:00:00+00:00,0.890290021896,0.890720009804,0.889310002327,0.890160024166,0
2025-05-28 01:00:00+00:00,0.890110015869,0.891179978848,0.887790024281,0.888719975948,0
2025-05-28 02:00:00+00:00,0.888610005379,0.89048999548,0.887629985809,0.889800012112,0
2025-05-28 03:00:00+00:00,0.889859974384,0.891009986401,0.888610005379,0.890779972076,0
2025-05-28 04:00:00+00:00,0.890779972076,0.890910029411,0.888069987297,0.888949990273,0
2025-05-28 05:00:00+00:00,0.888930022717,0.890060007572,0.887969970703,0.889739990234,0
2025-05-28 06:00:00+00:00,0.889689981937,0.890659987926,0.888459980488,0.889349997044,0
2025-05-28 07:00:00+00:00,0.889370024204,0.890320003033,0.888289988041,0.889970004559,0
2025-05-28 08:00:00+00:00,0.889970004559,0.891040027142,0.889110028744,0.890709996223,0
2025-05-28 09:00:00+00:00,0.890680015087,0.890990018845,0.889630019665,0.890569984913,0
2025-05-28 10:00:00+00:00,0.890590012074,0.890670001507,0.888979971409,0.889999985695,0
2025-05-28 11:00:00+00:00,0.889959990978,0.890349984169,0.88901001215,0.890089988708,0
2025-05-28 12:00:00+00:00,0.890070021152,0.890330016613,0.88763999939,0.888549983501,0
2025-05-28 13:00:00+00:00,0.888549983501,0.888840019703,0.885969996452,0.886770009995,0
2025-05-28 14:00:00+00:00,0.886820018291,0.888329982758,0.885230004787,0.887149989605,0
2025-05-28 15:00:00+00:00,0.887139976025,0.887560009956,0.885510027409,0.886629998684,0
2025-05-28 16:00:00+00:00,0.886600017548,0.887709975243,0.885720014572,0.887570023537,0
2025-05-28 17:00:00+00:00,0.887610018253,0.888599991798,0.886650025845,0.888440012932,0
2025-05-28 18:00:00+00:00,0.888440012932,0.888769984245,0.887290000916,0.888520002365,0
2025-05-28 19:00:00+00:00,0.888530015945,0.888999998569,0.887290000916,0.888899981976,0
2025-05-28 20:00:00+00:00,0.888909995556,0.889460027218,0.887709975243,0.888610005379,0
2025-05-28 21:00:00+00:00,0.888620018959,0.888679981232,0.887470006943,0.888040006161,0
2025-05-28 22:00:00+00:00,0.888499975204,0.889779984951,0.88788998127,0.88963997364,0
2025-05-28 23:00:00+00:00,0.889419972897,0.890680015087,0.88763999939,0.889559984207,0
2025-05-29 00:00:00+00:00,0.889479994774,0.890030026436,0.887969970703,0.889370024204,0
2025-05-29 01:00:00+00:00,0.889280021191,0.889500021935,0.887170016766,0.888930022717,0
2025-05-29 02:00:00+00:00,0.888870000839,0.889090001583,0.886910021305,0.888620018959,0
2025-05-29 03:00:00+00:00,0.888639986515,0.889500021935,0.887399971485,0.889479994774,0
2025-05-29 04:00:00+00:00,0.889479994774,0.890120029449,0.888180017471,0.889970004559,0
2025-05-29 05:00:00+00:00,0.889940023422,0.889980018139,0.888220012188,0.889400005341,0
2025-05-29 06:00:00+00:00,0.889400005341,0.890820026398,0.888199985027,0.889580011368,0
2025-05-29 07:00:00+00:00,0.88950997591,0.891040027142,0.888819992542,0.890950024128,0
2025-05-29 08:00:00+00:00,0.890910029411,0.891080021858,0.888890028,0.890190005302,0
2025-05-29 09:00:00+00:00,0.890200018883,0.891059994698,0.889209985733,0.890169978142,0
2025-05-29 10:00:00+00:00,0.890230000019,0.890659987926,0.889159977436,0.890550017357,0
2025-05-29 11:00:00+00:00,0.890519976616,0.890649974346,0.888740003109,0.889530003071,0
2025-05-29 12:00:00+00:00,0.889479994774,0.891080021858,0.888700008392,0.890410006046,0
2025-05-29 13:00:00+00:00,0.890439987183,0.890579998493,0.888220012188,0.88924998045,0
2025-05-29 14:00:00+00:00,0.889169991016,0.890020012856,0.888249993324,0.88950997591,0
2025-05-29 15:00:00+00:00,0.889519989491,0.889909982681,0.888400018215,0.889440000057,0
2025-05-29 16:00:00+00:00,0.88937997818,0.890309989452,0.888480007648,0.889970004559,0
2025-05-29 17:00:00+00:00,0.890030026436,0.890139997005,0.888759970665,0.889840006828,0
2025-05-29 18:00:00+00:00,0.889850020409,0.890429973602,0.888939976692,0.889999985695,0
2025-05-29 19:00:00+00:00,0.890009999275,0.890219986439,0.88888001442,0.890129983425,0
2025-05-29 20:00:00+00:00,0.890139997005,0.890240013599,0.888629972935,0.889050006866,0
2025-05-29 21:00:00+00:00,0.888930022717,0.890600025654,0.888350009918,0.88924998045,0
2025-05-29 22:00:00+00:00,0.88925999403,0.889909982681,0.888650000095,0.889540016651,0
2025-05-29 23:00:00+00:00,0.889370024204,0.889999985695,0.888650000095,0.889630019665,0
2025-05-30 00:00:00+00:00,0.889649987221,0.890470027924,0.888199985027,0.890200018883,0
2025-05-30 01:00:00+00:00,0.890150010586,0.89063000679,0.887139976025,0.888090014458,0
2025-05-30 02:00:00+00:00,0.888159990311,0.888450026512,0.886929988861,0.888249993324,0
2025-05-30 03:00:00+00:00,0.888199985027,0.888729989529,0.887070000172,0.888170003891,0
2025-05-30 04:00:00+00:00,0.888230025768,0.888700008392,0.887080013752,0.888589978218,0
2025-05-30 05:00:00+00:00,0.888540029526,0.889609992504,0.887690007687,0.88888001442,0
2025-05-30 06:00:00+00:00,0.888809978962,0.888949990273,0.886950016022,0.887610018253,0
2025-05-30 07:00:00+00:00,0.887570023537,0.88765001297,0.885259985924,0.886709988117,0
2025-05-30 08:00:00+00:00,0.88665997982,0.887239992619,0.885580003262,0.886319994926,0
2025-05-30 09:00:00+00:00,0.886330008507,0.886770009995,0.885190010071,0.886720001698,0
2025-05-30 10:00:00+00:00,0.886690020561,0.887419998646,0.885860025883,0.886730015278,0
2025-05-30 11:00:00+00:00,0.886720001698,0.887139976025,0.885490000248,0.886550009251,0
2025-05-30 12:00:00+00:00,0.886569976807,0.887229979038,0.884869992733,0.885839998722,0
2025-05-30 13:00:00+00:00,0.885800004005,0.885879993439,0.88318002224,0.884280025959,0
2025-05-30 14:00:00+00:00,0.884159982204,0.885739982128,0.883340001106,0.884660005569,0
2025-05-30 15:00:00+00:00,0.884609997272,0.885240018368,0.883329987526,0.884320020676,0
2025-05-30 16:00:00+00:00,0.884299993515,0.885529994965,0.882619976997,0.883719980717,0
2025-05-30 17:00:00+00:00,0.883750021458,0.884869992733,0.882910013199,0.884209990501,0
2025-05-30 18:00:00+00:00,0.884220004082,0.884530007839,0.882600009441,0.88357001543,0
2025-05-30 19:00:00+00:00,0.88354998827,0.884479999542,0.882669985294,0.884270012379,0
2025-05-30 20:00:00+00:00,0.884289979935,0.884729981422,0.882659971714,0.883499979973,0
2025-05-30 21:00:00+00:00,0.882719993591,0.882719993591,0.882719993591,0.882719993591,0
2025-06-01 23:00:00+00:00,0.884570002556,0.88504999876,0.883390009403,0.884239971638,0
2025-06-02 00:00:00+00:00,0.884190022945,0.885760009289,0.883719980717,0.885469973087,0
2025-06-02 01:00:00+00:00,0.885550022125,0.887099981308,0.885060012341,0.885730028152,0
2025-06-02 02:00:00+00:00,0.885749995708,0.886720001698,0.884710013866,0.885649979115,0
2025-06-02 03:00:00+00:00,0.885630011559,0.885919988155,0.883819997311,0.885209977627,0
2025-06-02 04:00:00+00:00,0.885259985924,0.885839998722,0.884119987488,0.885749995708,0
2025-06-02 05:00:00+00:00,0.885760009289,0.886210024357,0.884609997272,0.885999977589,0
2025-06-02 06:00:00+00:00,0.885990023613,0.886789977551,0.88490998745,0.885919988155,0
2025-06-02 07:00:00+00:00,0.885919988155,0.887310028076,0.88516998291,0.886730015278,0
2025-06-02 08:00:00+00:00,0.886720001698,0.887229979038,0.885360002518,0.887040019035,0
2025-06-02 09:00:00+00:00,0.887030005455,0.887860000134,0.886309981346,0.887709975243,0
2025-06-02 10:00:00+00:00,0.88765001297,0.88791000843,0.88628000021,0.887690007687,0
2025-06-02 11:00:00+00:00,0.887700021267,0.888840019703,0.886669993401,0.888019979,0
2025-06-02 12:00:00+00:00,0.887989997864,0.888809978962,0.887229979038,0.888559997082,0
2025-06-02 13:00:00+00:00,0.888530015945,0.888570010662,0.886359989643,0.887560009956,0
2025-06-02 14:00:00+00:00,0.887499988079,0.89038002491,0.886449992657,0.890009999275,0
2025-06-02 15:00:00+00:00,0.890049993992,0.89038002491,0.888379991055,0.88937997818,0
2025-06-02 16:00:00+00:00,0.88938999176,0.889490008354,0.887950003147,0.88927000761,0
2025-06-02 17:00:00+00:00,0.88924998045,0.889660000801,0.888360023499,0.88938999176,0
2025-06-02 18:00:00+00:00,0.889310002327,0.890240013599,0.888289988041,0.890120029449,0
2025-06-02 19:00:00+00:00,0.890139997005,0.890259981155,0.88902002573,0.890070021152,0
2025-06-02 20:00:00+00:00,0.890060007572,0.891099989414,0.889159977436,0.890339970589,0
2025-06-02 21:00:00+00:00,0.89051002264,0.890529990196,0.888939976692,0.88937997818,0
2025-06-02 22:00:00+00:00,0.889479994774,0.89063000679,0.889370024204,0.890410006046,0
2025-06-02 23:00:00+00:00,0.890439987183,0.891070008278,0.889360010624,0.890890002251,0
2025-06-03 00:00:00+00:00,0.89087998867,0.891019999981,0.889519989491,0.890779972076,0
2025-06-03 01:00:00+00:00,0.890789985657,0.891080021858,0.888390004635,0.889289975166,0
2025-06-03 02:00:00+00:00,0.88927000761,0.88938999176,0.887040019035,0.887820005417,0
2025-06-03 03:00:00+00:00,0.887799978256,0.888530015945,0.886810004711,0.887960016727,0
2025-06-03 04:00:00+00:00,0.887969970703,0.888310015202,0.886919975281,0.887939989567,0
2025-06-03 05:00:00+00:00,0.88788998127,0.888170003891,0.885550022125,0.887449979782,0
2025-06-03 06:00:00+00:00,0.887480020523,0.887499988079,0.885269999504,0.886979997158,0
2025-06-03 07:00:00+00:00,0.887009978294,0.887239992619,0.88529998064,0.886810004711,0
2025-06-03 08:00:00+00:00,0.886829972267,0.886940002441,0.885399997234,0.886200010777,0
2025-06-03 09:00:00+00:00,0.886189997196,0.886860013008,0.88517999649,0.886560022831,0
2025-06-03 10:00:00+00:00,0.886500000954,0.887229979038,0.885529994965,0.886650025845,0
2025-06-03 11:00:00+00:00,0.886650025845,0.887189984322,0.885519981384,0.887040019035,0
2025-06-03 12:00:00+00:00,0.887059986591,0.887179970741,0.884769976139,0.885839998722,0
2025-06-03 13:00:00+00:00,0.885800004005,0.886699974537,0.884570002556,0.885839998722,0
2025-06-03 14:00:00+00:00,0.885950028896,0.887329995632,0.884590029716,0.886460006237,0
2025-06-03 15:00:00+00:00,0.886460006237,0.887099981308,0.885269999504,0.886510014534,0
2025-06-03 16:00:00+00:00,0.886479973793,0.887019991875,0.885439991951,0.886520028114,0
2025-06-03 17:00:00+00:00,0.886489987373,0.887610018253,0.885670006275,0.887310028076,0
2025-06-03 18:00:00+00:00,0.887319982052,0.887369990349,0.885869979858,0.887059986591,0
2025-06-03 19:00:00+00:00,0.887049973011,0.887199997902,0.885680019855,0.886709988117,0
2025-06-03 20:00:00+00:00,0.886720001698,0.887199997902,0.885760009289,0.88617002964,0
2025-06-03 21:00:00+00:00,0.886340022087,0.886929988861,0.884890019894,0.88665997982,0
2025-06-03 22:00:00+00:00,0.88665997982,0.887120008469,0.885630011559,0.886870026588,0
2025-06-03 23:00:00+00:00,0.886870026588,0.886950016022,0.885609984398,0.886500000954,0
2025-06-04 00:00:00+00:00,0.88652998209,0.886720001698,0.88493001461,0.885900020599,0
2025-06-04 01:00:00+00:00,0.885869979858,0.88753002882,0.884590029716,0.887359976768,0
2025-06-04 02:00:00+00:00,0.887380003929,0.888199985027,0.885609984398,0.88653999567,0
2025-06-04 03:00:00+00:00,0.886569976807,0.886910021305,0.885410010815,0.886680006981,0
2025-06-04 04:00:00+00:00,0.886699974537,0.887030005455,0.88492000103,0.885850012302,0
2025-06-04 05:00:00+00:00,0.885819971561,0.886460006237,0.884720027447,0.886020004749,0
2025-06-04 06:00:00+00:00,0.88603001833,0.886969983578,0.884980022907,0.886650025845,0
2025-06-04 07:00:00+00:00,0.886619985104,0.88763999939,0.885609984398,0.886319994926,0
2025-06-04 08:00:00+00:00,0.886330008507,0.887679994106,0.885339975357,0.887499988079,0
2025-06-04 09:00:00+00:00,0.887459993362,0.888419985771,0.886439979076,0.887880027294,0
2025-06-04 10:00:00+00:00,0.887860000134,0.888599991798,0.887019991875,0.887929975986,0
2025-06-04 11:00:00+00:00,0.887960016727,0.888949990273,0.886770009995,0.888520002365,0
2025-06-04 12:00:00+00:00,0.888559997082,0.889660000801,0.887750029564,0.889299988747,0
2025-06-04 13:00:00+00:00,0.889330029488,0.889649987221,0.888050019741,0.889169991016,0
2025-06-04 14:00:00+00:00,0.889209985733,0.889630019665,0.887220025063,0.888300001621,0
2025-06-04 15:00:00+00:00,0.888320028782,0.888520002365,0.886950016022,0.888159990311,0
2025-06-04 16:00:00+00:00,0.888140022755,0.888459980488,0.886889994144,0.887960016727,0
2025-06-04 17:00:00+00:00,0.887939989567,0.888189971447,0.886829972267,0.888019979,0
2025-06-04 18:00:00+00:00,0.88802999258,0.888419985771,0.887120008469,0.887880027294,0
2025-06-04 19:00:00+00:00,0.887920022011,0.888270020485,0.886780023575,0.88814997673,0
2025-06-04 20:00:00+00:00,0.888130009174,0.888289988041,0.887009978294,0.887549996376,0
2025-06-04 21:00:00+00:00,0.887700021267,0.88791000843,0.886330008507,0.886780023575,0
2025-06-04 22:00:00+00:00,0.886820018291,0.88788998127,0.886640012264,0.88776999712,0
2025-06-04 23:00:00+00:00,0.887730002403,0.887950003147,0.886799991131,0.887690007687,0
2025-06-05 00:00:00+00:00,0.887619972229,0.888949990273,0.887049973011,0.888710021973,0
2025-06-05 01:00:00+00:00,0.888660013676,0.889689981937,0.887719988823,0.888670027256,0
2025-06-05 02:00:00+00:00,0.888629972935,0.888840019703,0.887149989605,0.888300001621,0
2025-06-05 03:00:00+00:00,0.888249993324,0.888390004635,0.88652998209,0.88752001524,0
2025-06-05 04:00:00+00:00,0.887459993362,0.887979984283,0.886579990387,0.887939989567,0
2025-06-05 05:00:00+00:00,0.887939989567,0.888209998608,0.886740028858,0.887629985809,0
2025-06-05 06:00:00+00:00,0.887629985809,0.888279974461,0.886799991131,0.887679994106,0
2025-06-05 07:00:00+00:00,0.887679994106,0.888960003853,0.886950016022,0.888499975204,0
2025-06-05 08:00:00+00:00,0.888499975204,0.888859987259,0.887149989605,0.888660013676,0
2025-06-05 09:00:00+00:00,0.888650000095,0.889680027962,0.888040006161,0.888920009136,0
2025-06-05 10:00:00+00:00,0.888890028,0.889339983463,0.888090014458,0.888979971409,0
2025-06-05 11:00:00+00:00,0.888939976692,0.88937997818,0.887969970703,0.888930022717,0
2025-06-05 12:00:00+00:00,0.888909995556,0.89051002264,0.88776999712,0.889769971371,0
2025-06-05 13:00:00+00:00,0.889800012112,0.891830027103,0.888840019703,0.890389978886,0
2025-06-05 14:00:00+00:00,0.890389978886,0.891059994698,0.888859987259,0.890540003777,0
2025-06-05 15:00:00+00:00,0.89048999548,0.89073997736,0.88902002573,0.890359997749,0
2025-06-05 16:00:00+00:00,0.890349984169,0.890829980373,0.888899981976,0.890049993992,0
2025-06-05 17:00:00+00:00,0.890070021152,0.890129983425,0.888759970665,0.889699995518,0
2025-06-05 18:00:00+00:00,0.889729976654,0.889750003815,0.888509988785,0.88925999403,0
2025-06-05 19:00:00+00:00,0.889230012894,0.889540016651,0.888130009174,0.88902002573,0
2025-06-05 20:00:00+00:00,0.88901001215,0.889760017395,0.888289988041,0.88915002346,0
2025-06-05 21:00:00+00:00,0.889169991016,0.890079975128,0.888249993324,0.8891299963,0
2025-06-05 22:00:00+00:00,0.889209985733,0.889739990234,0.888289988041,0.889680027962,0
2025-06-05 23:00:00+00:00,0.889670014381,0.889930009842,0.888710021973,0.889599978924,0
2025-06-06 00:00:00+00:00,0.889590024948,0.890309989452,0.888540029526,0.889479994774,0
2025-06-06 01:00:00+00:00,0.88937997818,0.889859974384,0.8877800107,0.888549983501,0
2025-06-06 02:00:00+00:00,0.888589978218,0.888670027256,0.886609971523,0.887679994106,0
2025-06-06 03:00:00+00:00,0.887669980526,0.888230025768,0.886860013008,0.888080000877,0
2025-06-06 04:00:00+00:00,0.888090014458,0.888530015945,0.887099981308,0.888390004635,0
2025-06-06 05:00:00+00:00,0.888339996338,0.888409972191,0.886810004711,0.888000011444,0
2025-06-06 06:00:00+00:00,0.887969970703,0.888059973717,0.886629998684,0.887700021267,0
2025-06-06 07:00:00+00:00,0.88766002655,0.888689994812,0.886709988117,0.888209998608,0
2025-06-06 08:00:00+00:00,0.888170003891,0.888230025768,0.886439979076,0.887629985809,0
2025-06-06 09:00:00+00:00,0.88763999939,0.887979984283,0.886709988117,0.887499988079,0
2025-06-06 10:00:00+00:00,0.88752001524,0.888080000877,0.886500000954,0.888000011444,0
2025-06-06 11:00:00+00:00,0.888010025024,0.888870000839,0.887210011482,0.888459980488,0
2025-06-06 12:00:00+00:00,0.888450026512,0.88924998045,0.886889994144,0.888069987297,0
2025-06-06 13:00:00+00:00,0.888080000877,0.888939976692,0.886889994144,0.888109982014,0
2025-06-06 14:00:00+00:00,0.88814997673,0.888960003853,0.886720001698,0.88775998354,0
2025-06-06 15:00:00+00:00,0.887750029564,0.8891299963,0.886619985104,0.888859987259,0
2025-06-06 16:00:00+00:00,0.888830006123,0.88924998045,0.887750029564,0.888779997826,0
2025-06-06 17:00:00+00:00,0.888759970665,0.889410018921,0.887920022011,0.888960003853,0
2025-06-06 18:00:00+00:00,0.888930022717,0.889859974384,0.888249993324,0.889670014381,0
2025-06-06 19:00:00+00:00,0.889689981937,0.890150010586,0.888790011406,0.889549970627,0
2025-06-06 20:00:00+00:00,0.889599978924,0.889940023422,0.888239979744,0.889069974422,0
2025-06-06 21:00:00+00:00,0.888480007648,0.888480007648,0.887860000134,0.887860000134,0
2025-06-08 23:00:00+00:00,0.889769971371,0.890230000019,0.888809978962,0.889739990234,0
2025-06-09 00:00:00+00:00,0.889699995518,0.890389978886,0.888339996338,0.889729976654,0
2025-06-09 01:00:00+00:00,0.889710009098,0.891080021858,0.889079988003,0.890940010548,0
2025-06-09 02:00:00+00:00,0.89087998867,0.891669988632,0.889819979668,0.89064002037,0
2025-06-09 03:00:00+00:00,0.890649974346,0.891349971294,0.889739990234,0.891149997711,0
2025-06-09 04:00:00+00:00,0.891089975834,0.891420006752,0.890079975128,0.891319990158,0
2025-06-09 05:00:00+00:00,0.891359984875,0.89186000824,0.890009999275,0.891290009022,0
2025-06-09 06:00:00+00:00,0.891260027885,0.891820013523,0.890129983425,0.891640007496,0
2025-06-09 07:00:00+00:00,0.891600012779,0.891900002956,0.890399992466,0.891770005226,0
2025-06-09 08:00:00+00:00,0.891780018806,0.893299996853,0.890900015831,0.892660021782,0
2025-06-09 09:00:00+00:00,0.892599999905,0.893010020256,0.891579985619,0.892560005188,0
2025-06-09 10:00:00+00:00,0.892470002174,0.892859995365,0.891200006008,0.892189979553,0
2025-06-09 11:00:00+00:00,0.892159998417,0.892480015755,0.890770018101,0.891820013523,0
2025-06-09 12:00:00+00:00,0.891830027103,0.891900002956,0.890219986439,0.891359984875,0
2025-06-09 13:00:00+00:00,0.891330003738,0.892159998417,0.889710009098,0.891960024834,0
2025-06-09 14:00:00+00:00,0.891939997673,0.892960011959,0.890860021114,0.891879975796,0
2025-06-09 15:00:00+00:00,0.891830027103,0.892759978771,0.891129970551,0.892289996147,0
2025-06-09 16:00:00+00:00,0.892250001431,0.892319977283,0.890810012817,0.891780018806,0
2025-06-09 17:00:00+00:00,0.891770005226,0.892579972744,0.890559971333,0.892400026321,0
2025-06-09 18:00:00+00:00,0.892440021038,0.892849981785,0.891420006752,0.892279982567,0
2025-06-09 19:00:00+00:00,0.892300009727,0.892490029335,0.891129970551,0.892090022564,0
2025-06-09 20:00:00+00:00,0.892059981823,0.892709970474,0.891160011292,0.89236998558,0
2025-06-09 21:00:00+00:00,0.891579985619,0.892530024052,0.89086997509,0.892210006714,0
2025-06-09 22:00:00+00:00,0.892379999161,0.892799973488,0.89161002636,0.892549991608,0
2025-06-09 23:00:00+00:00,0.892579972744,0.892859995365,0.891589999199,0.892759978771,0
2025-06-10 00:00:00+00:00,0.892650008202,0.893140017986,0.891820013523,0.892740011215,0
2025-06-10 01:00:00+00:00,0.892709970474,0.893540024757,0.891539990902,0.892750024796,0
2025-06-10 02:00:00+00:00,0.892750024796,0.893459975719,0.890730023384,0.893320024014,0
2025-06-10 03:00:00+00:00,0.89335000515,0.894630014896,0.892300009727,0.894349992275,0
2025-06-10 04:00:00+00:00,0.894299983978,0.89471000433,0.892849981785,0.893700003624,0
2025-06-10 05:00:00+00:00,0.89371997118,0.894150018692,0.891129970551,0.892260015011,0
2025-06-10 06:00:00+00:00,0.89222997427,0.893019974232,0.890720009804,0.891359984875,0
2025-06-10 07:00:00+00:00,0.891359984875,0.891950011253,0.890039980412,0.891809999943,0
2025-06-10 08:00:00+00:00,0.891799986362,0.892989993095,0.890839993954,0.892809987068,0
2025-06-10 09:00:00+00:00,0.892820000648,0.892920017242,0.891260027885,0.892740011215,0
2025-06-10 10:00:00+00:00,0.892709970474,0.893069982529,0.891269981861,0.892329990864,0
2025-06-10 11:00:00+00:00,0.892310023308,0.892759978771,0.891210019588,0.892660021782,0
2025-06-10 12:00:00+00:00,0.892629981041,0.892979979515,0.891110002995,0.892069995403,0
2025-06-10 13:00:00+00:00,0.8921200037,0.89358997345,0.891730010509,0.892949998379,0
2025-06-10 14:00:00+00:00,0.892910003662,0.893159985542,0.891359984875,0.892419993877,0
2025-06-10 15:00:00+00:00,0.89223998785,0.892499983311,0.890839993954,0.892210006714,0
2025-06-10 16:00:00+00:00,0.892189979553,0.892300009727,0.890529990196,0.892199993134,0
2025-06-10 17:00:00+00:00,0.892159998417,0.892379999161,0.890799999237,0.89209997654,0
2025-06-10 18:00:00+00:00,0.89210999012,0.892480015755,0.891070008278,0.892419993877,0
2025-06-10 19:00:00+00:00,0.892400026321,0.892840027809,0.89099997282,0.89200001955,0
2025-06-10 20:00:00+00:00,0.892009973526,0.892260015011,0.890579998493,0.891430020332,0
2025-06-10 21:00:00+00:00,0.891110002995,0.891969978809,0.89048999548,0.891600012779,0
2025-06-10 22:00:00+00:00,0.891700029373,0.892149984837,0.890670001507,0.891939997673,0
2025-06-10 23:00:00+00:00,0.891919970512,0.892599999905,0.890940010548,0.892340004444,0
2025-06-11 00:00:00+00:00,0.892329990864,0.892329990864,0.889479994774,0.89050000906,0
2025-06-11 01:00:00+00:00,0.890540003777,0.891309976578,0.888409972191,0.889339983463,0
2025-06-11 02:00:00+00:00,0.889400005341,0.890079975128,0.888440012932,0.889710009098,0
2025-06-11 03:00:00+00:00,0.889689981937,0.890959978104,0.888119995594,0.890910029411,0
2025-06-11 04:00:00+00:00,0.890929996967,0.891250014305,0.889760017395,0.890720009804,0
2025-06-11 05:00:00+00:00,0.890709996223,0.891439974308,0.889689981937,0.891189992428,0
2025-06-11 06:00:00+00:00,0.891160011292,0.891300022602,0.889720022678,0.890929996967,0
2025-06-11 07:00:00+00:00,0.890929996967,0.891210019588,0.889410018921,0.890349984169,0
2025-06-11 08:00:00+00:00,0.890349984169,0.890919983387,0.889519989491,0.89061999321,0
2025-06-11 09:00:00+00:00,0.890590012074,0.89174002409,0.889630019665,0.891129970551,0
2025-06-11 10:00:00+00:00,0.891089975834,0.891319990158,0.889739990234,0.89073997736,0
2025-06-11 11:00:00+00:00,0.890690028667,0.890810012817,0.888899981976,0.889890015125,0
2025-06-11 12:00:00+00:00,0.889919996262,0.89371997118,0.888899981976,0.891960024834,0
2025-06-11 13:00:00+00:00,0.89197999239,0.892069995403,0.889429986477,0.890670001507,0
2025-06-11 14:00:00+00:00,0.89063000679,0.891629993916,0.889689981937,0.89086997509,0
2025-06-11 15:00:00+00:00,0.891030013561,0.891160011292,0.889750003815,0.890770018101,0
2025-06-11 16:00:00+00:00,0.89076000452,0.891200006008,0.889609992504,0.890590012074,0
2025-06-11 17:00:00+00:00,0.890569984913,0.891309976578,0.889419972897,0.890309989452,0
2025-06-11 18:00:00+00:00,0.890299975872,0.890389978886,0.88789999485,0.889090001583,0
2025-06-11 19:00:00+00:00,0.889079988003,0.889159977436,0.887090027332,0.888170003891,0
2025-06-11 20:00:00+00:00,0.88814997673,0.889090001583,0.887220025063,0.888320028782,0
2025-06-11 21:00:00+00:00,0.888339996338,0.889999985695,0.887549996376,0.888549983501,0
2025-06-11 22:00:00+00:00,0.888599991798,0.889230012894,0.887809991837,0.888939976692,0
2025-06-11 23:00:00+00:00,0.888939976692,0.889620006084,0.887939989567,0.889320015907,0
2025-06-12 00:00:00+00:00,0.88925999403,0.889500021935,0.88763999939,0.888409972191,0
2025-06-12 01:00:00+00:00,0.888419985771,0.889100015163,0.885519981384,0.887080013752,0
2025-06-12 02:00:00+00:00,0.887080013752,0.887499988079,0.885710000992,0.887329995632,0
2025-06-12 03:00:00+00:00,0.887350022793,0.888700008392,0.886479973793,0.887960016727,0
2025-06-12 04:00:00+00:00,0.887939989567,0.888180017471,0.886009991169,0.886759996414,0
2025-06-12 05:00:00+00:00,0.886680006981,0.887610018253,0.886039972305,0.887390017509,0
2025-06-12 06:00:00+00:00,0.887329995632,0.887589991093,0.885850012302,0.886950016022,0
2025-06-12 07:00:00+00:00,0.886879980564,0.887160003185,0.884710013866,0.885689973831,0
2025-06-12 08:00:00+00:00,0.885699987411,0.887929975986,0.885079979897,0.887719988823,0
2025-06-12 09:00:00+00:00,0.88766002655,0.888069987297,0.885789990425,0.886810004711,0
2025-06-12 10:00:00+00:00,0.886839985847,0.888570010662,0.885860025883,0.888419985771,0
2025-06-12 11:00:00+00:00,0.888339996338,0.888589978218,0.886759996414,0.888199985027,0
2025-06-12 12:00:00+00:00,0.888199985027,0.889720022678,0.887019991875,0.888629972935,0
2025-06-12 13:00:00+00:00,0.888599991798,0.888759970665,0.886839985847,0.887809991837,0
2025-06-12 14:00:00+00:00,0.887820005417,0.888589978218,0.886940002441,0.888279974461,0
2025-06-12 15:00:00+00:00,0.888220012188,0.888660013676,0.886919975281,0.888069987297,0
2025-06-12 16:00:00+00:00,0.888059973717,0.888320028782,0.886960029602,0.888040006161,0
2025-06-12 17:00:00+00:00,0.88802999258,0.888310015202,0.886829972267,0.887690007687,0
2025-06-12 18:00:00+00:00,0.887669980526,0.888050019741,0.886740028858,0.888000011444,0
2025-06-12 19:00:00+00:00,0.888019979,0.888209998608,0.887059986591,0.888000011444,0
2025-06-12 20:00:00+00:00,0.888010025024,0.888629972935,0.887070000172,0.888100028038,0
2025-06-12 21:00:00+00:00,0.888100028038,0.889110028744,0.886919975281,0.888080000877,0
2025-06-12 22:00:00+00:00,0.888080000877,0.888570010662,0.887319982052,0.888220012188,0
2025-06-12 23:00:00+00:00,0.888360023499,0.888379991055,0.886510014534,0.887290000916,0
2025-06-13 00:00:00+00:00,0.887260019779,0.887419998646,0.881290018559,0.882520020008,0
2025-06-13 01:00:00+00:00,0.882470011711,0.884019970894,0.880309998989,0.883409976959,0
2025-06-13 02:00:00+00:00,0.883390009403,0.884829998016,0.881389975548,0.882600009441,0
2025-06-13 03:00:00+00:00,0.882550001144,0.883930027485,0.881609976292,0.883400022984,0
2025-06-13 04:00:00+00:00,0.883400022984,0.883589982986,0.881869971752,0.882939994335,0
2025-06-13 05:00:00+00:00,0.882929980755,0.884150028229,0.881900012493,0.883090019226,0
2025-06-13 06:00:00+00:00,0.882979989052,0.884159982204,0.881190001965,0.882809996605,0
2025-06-13 07:00:00+00:00,0.882809996605,0.883790016174,0.881229996681,0.882749974728,0
2025-06-13 08:00:00+00:00,0.882759988308,0.884249985218,0.882049977779,0.883459985256,0
2025-06-13 09:00:00+00:00,0.883459985256,0.884169995785,0.882009983063,0.883270025253,0
2025-06-13 10:00:00+00:00,0.883229970932,0.88330000639,0.880779981613,0.881959974766,0
2025-06-13 11:00:00+00:00,0.881959974766,0.883660018444,0.880970001221,0.882679998875,0
2025-06-13 12:00:00+00:00,0.882740020752,0.883069992065,0.88094997406,0.882049977779,0
2025-06-13 13:00:00+00:00,0.882040023804,0.883069992065,0.880550026894,0.882839977741,0
2025-06-13 14:00:00+00:00,0.882820010185,0.883880019188,0.881910026073,0.883400022984,0
2025-06-13 15:00:00+00:00,0.883369982243,0.884750008583,0.88217997551,0.883859992027,0
2025-06-13 16:00:00+00:00,0.883840024471,0.88480001688,0.883080005646,0.884720027447,0
2025-06-13 17:00:00+00:00,0.884710013866,0.884869992733,0.882570028305,0.883509993553,0
2025-06-13 18:00:00+00:00,0.883490025997,0.883840024471,0.880639970303,0.88218998909,0
2025-06-13 19:00:00+00:00,0.88217997551,0.882550001144,0.88095998764,0.882040023804,0
2025-06-13 20:00:00+00:00,0.882009983063,0.882130026817,0.880060017109,0.880779981613,0
2025-06-13 21:00:00+00:00,0.880360007286,0.880360007286,0.880360007286,0.880360007286,0
2025-06-15 23:00:00+00:00,0.881060004234,0.881799995899,0.880010008812,0.881699979305,0
2025-06-16 00:00:00+00:00,0.881640017033,0.882369995117,0.880659997463,0.881959974766,0
2025-06-16 01:00:00+00:00,0.881929993629,0.88207000494,0.879599988461,0.880999982357,0
2025-06-16 02:00:00+00:00,0.881039977074,0.881680011749,0.879920005798,0.880869984627,0
2025-06-16 03:00:00+00:00,0.880850017071,0.881190001965,0.878910005093,0.880680024624,0
2025-06-16 04:00:00+00:00,0.880729973316,0.881739974022,0.880039989948,0.881410002708,0
2025-06-16 05:00:00+00:00,0.881439983845,0.882650017738,0.880800008774,0.882430016994,0
2025-06-16 06:00:00+00:00,0.882459998131,0.883729994297,0.881290018559,0.883199989796,0
2025-06-16 07:00:00+00:00,0.883120000362,0.884270012379,0.882009983063,0.88318002224,0
2025-06-16 08:00:00+00:00,0.883189976215,0.884130001068,0.882170021534,0.883790016174,0
2025-06-16 09:00:00+00:00,0.883740007877,0.884280025959,0.882690012455,0.884169995785,0
2025-06-16 10:00:00+00:00,0.884150028229,0.884620010853,0.883130013943,0.884230017662,0
2025-06-16 11:00:00+00:00,0.884249985218,0.885129988194,0.883229970932,0.884989976883,0
2025-06-16 12:00:00+00:00,0.885010004044,0.885420024395,0.883459985256,0.885020017624,0
2025-06-16 13:00:00+00:00,0.884999990463,0.886520028114,0.883660018444,0.886370003223,0
2025-06-16 14:00:00+00:00,0.88640999794,0.887359976768,0.88517999649,0.886730015278,0
2025-06-16 15:00:00+00:00,0.886709988117,0.886969983578,0.884880006313,0.885829985142,0
2025-06-16 16:00:00+00:00,0.885829985142,0.887329995632,0.88517999649,0.887149989605,0
2025-06-16 17:00:00+00:00,0.887160003185,0.887300014496,0.885529994965,0.88640999794,0
2025-06-16 18:00:00+00:00,0.88642001152,0.886640012264,0.88529998064,0.886200010777,0
2025-06-16 19:00:00+00:00,0.886229991913,0.886430025101,0.88467001915,0.885569989681,0
2025-06-16 20:00:00+00:00,0.885529994965,0.885930001736,0.884180009365,0.88504999876,0
2025-06-16 21:00:00+00:00,0.884199976921,0.886990010738,0.883729994297,0.885140001774,0
2025-06-16 22:00:00+00:00,0.885380029678,0.885420024395,0.883449971676,0.884410023689,0
2025-06-16 23:00:00+00:00,0.884410023689,0.885309994221,0.882830023766,0.883750021458,0
2025-06-17 00:00:00+00:00,0.883800029755,0.884220004082,0.882510006428,0.884159982204,0
2025-06-17 01:00:00+00:00,0.884150028229,0.885619997978,0.883080005646,0.885619997978,0
2025-06-17 02:00:00+00:00,0.885590016842,0.886200010777,0.884000003338,0.886089980602,0
2025-06-17 03:00:00+00:00,0.886110007763,0.886619985104,0.88467001915,0.886449992657,0
2025-06-17 04:00:00+00:00,0.88639998436,0.887109994888,0.885269999504,0.886789977551,0
2025-06-17 05:00:00+00:00,0.886789977551,0.887260019779,0.885619997978,0.886560022831,0
2025-06-17 06:00:00+00:00,0.886550009251,0.888199985027,0.885360002518,0.887669980526,0
2025-06-17 07:00:00+00:00,0.88765001297,0.888080000877,0.885819971561,0.887070000172,0
2025-06-17 08:00:00+00:00,0.887070000172,0.88766002655,0.885569989681,0.886479973793,0
2025-06-17 09:00:00+00:00,0.88639998436,0.887250006199,0.884530007839,0.885330021381,0
2025-06-17 10:00:00+00:00,0.885269999504,0.886550009251,0.884840011597,0.886449992657,0
2025-06-17 11:00:00+00:00,0.886460006237,0.887030005455,0.88529998064,0.886430025101,0
2025-06-17 12:00:00+00:00,0.88640999794,0.887000024319,0.884389996529,0.885739982128,0
2025-06-17 13:00:00+00:00,0.885710000992,0.887880027294,0.884999990463,0.887399971485,0
2025-06-17 14:00:00+00:00,0.887399971485,0.88753002882,0.883679986,0.88454002142,0
2025-06-17 15:00:00+00:00,0.884519994259,0.884940028191,0.883090019226,0.884890019894,0
2025-06-17 16:00:00+00:00,0.884890019894,0.885500013828,0.882849991322,0.883819997311,0
2025-06-17 17:00:00+00:00,0.883790016174,0.884190022945,0.881609976292,0.882520020008,0
2025-06-17 18:00:00+00:00,0.882539987564,0.883279979229,0.881389975548,0.882889986038,0
2025-06-17 19:00:00+00:00,0.882849991322,0.883539974689,0.881760001183,0.883340001106,0
2025-06-17 20:00:00+00:00,0.883360028267,0.886240005493,0.882650017738,0.884819984436,0
2025-06-17 21:00:00+00:00,0.884819984436,0.887549996376,0.883660018444,0.885500013828,0
2025-06-17 22:00:00+00:00,0.885500013828,0.885730028152,0.884259998798,0.885370016098,0
2025-06-17 23:00:00+00:00,0.88529998064,0.886940002441,0.884469985962,0.886680006981,0
2025-06-18 00:00:00+00:00,0.886759996414,0.886960029602,0.885209977627,0.88652998209,0
2025-06-18 01:00:00+00:00,0.886510014534,0.887679994106,0.885659992695,0.886709988117,0
2025-06-18 02:00:00+00:00,0.886640012264,0.887269973755,0.885259985924,0.886709988117,0
2025-06-18 03:00:00+00:00,0.886789977551,0.887160003185,0.885640025139,0.886969983578,0
2025-06-18 04:00:00+00:00,0.886929988861,0.888480007648,0.885930001736,0.888249993324,0
2025-06-18 05:00:00+00:00,0.888260006905,0.888540029526,0.887000024319,0.887989997864,0
2025-06-18 06:00:00+00:00,0.887989997864,0.889339983463,0.887019991875,0.888779997826,0
2025-06-18 07:00:00+00:00,0.888769984245,0.888939976692,0.886579990387,0.887600004673,0
2025-06-18 08:00:00+00:00,0.887589991093,0.888329982758,0.886759996414,0.88789999485,0
2025-06-18 09:00:00+00:00,0.88791000843,0.888610005379,0.886950016022,0.888109982014,0
2025-06-18 10:00:00+00:00,0.888050019741,0.888350009918,0.885810017586,0.886699974537,0
2025-06-18 11:00:00+00:00,0.886690020561,0.887989997864,0.885930001736,0.887929975986,0
2025-06-18 12:00:00+00:00,0.88789999485,0.888100028038,0.885619997978,0.886929988861,0
2025-06-18 13:00:00+00:00,0.886940002441,0.888949990273,0.885980010033,0.88802999258,0
2025-06-18 14:00:00+00:00,0.88802999258,0.892310023308,0.887260019779,0.891830027103,0
2025-06-18 15:00:00+00:00,0.891889989376,0.892379999161,0.890569984913,0.891910016537,0
2025-06-18 16:00:00+00:00,0.891929984093,0.892009973526,0.890039980412,0.890950024128,0
2025-06-18 17:00:00+00:00,0.890900015831,0.891279995441,0.889649987221,0.890659987926,0
2025-06-18 18:00:00+00:00,0.891070008278,0.892669975758,0.889230012894,0.890089988708,0
2025-06-18 19:00:00+00:00,0.890100002289,0.891129970551,0.888949990273,0.891030013561,0
2025-06-18 20:00:00+00:00,0.891059994698,0.891380012035,0.890139997005,0.890980005264,0
2025-06-18 21:00:00+00:00,0.89025002718,0.89048999548,0.888750016689,0.889859974384,0
2025-06-18 22:00:00+00:00,0.89037001133,0.891349971294,0.890079975128,0.89076000452,0
2025-06-18 23:00:00+00:00,0.890910029411,0.891340017319,0.890150010586,0.890929996967,0
2025-06-19 00:00:00+00:00,0.890910029411,0.891390025616,0.889060020447,0.890089988708,0
2025-06-19 01:00:00+00:00,0.890009999275,0.890160024166,0.887679994106,0.888809978962,0
2025-06-19 02:00:00+00:00,0.888849973679,0.889590024948,0.887419998646,0.888949990273,0
2025-06-19 03:00:00+00:00,0.888930022717,0.890160024166,0.888109982014,0.889959990978,0
2025-06-19 04:00:00+00:00,0.889970004559,0.890020012856,0.888199985027,0.889289975166,0
2025-06-19 05:00:00+00:00,0.889209985733,0.889360010624,0.886240005493,0.887049973011,0
2025-06-19 06:00:00+00:00,0.887009978294,0.887719988823,0.885999977589,0.88763999939,0
2025-06-19 07:00:00+00:00,0.887619972229,0.887979984283,0.886070013046,0.886960029602,0
2025-06-19 08:00:00+00:00,0.886929988861,0.88788998127,0.886259973049,0.887449979782,0
2025-06-19 09:00:00+00:00,0.887449979782,0.887830018997,0.885599970818,0.886430025101,0
2025-06-19 10:00:00+00:00,0.886449992657,0.887220025063,0.885339975357,0.88615000248,0
2025-06-19 11:00:00+00:00,0.886120021343,0.886860013008,0.884720027447,0.88642001152,0
2025-06-19 12:00:00+00:00,0.886370003223,0.886749982834,0.885269999504,0.886349976063,0
2025-06-19 13:00:00+00:00,0.886319994926,0.887080013752,0.885259985924,0.886359989643,0
2025-06-19 14:00:00+00:00,0.886380016804,0.887139976025,0.884880006313,0.886489987373,0
2025-06-19 15:00:00+00:00,0.886479973793,0.887000024319,0.885349988937,0.886439979076,0
2025-06-19 16:00:00+00:00,0.88639998436,0.886560022831,0.88504999876,0.885850012302,0
2025-06-19 17:00:00+00:00,0.885810017586,0.887709975243,0.885100007057,0.88752001524,0
2025-06-19 18:00:00+00:00,0.887600004673,0.88791000843,0.886460006237,0.887399971485,0
2025-06-19 19:00:00+00:00,0.887489974499,0.887750029564,0.886229991913,0.887179970741,0
2025-06-19 20:00:00+00:00,0.887099981308,0.8877800107,0.886189997196,0.887300014496,0
2025-06-19 21:00:00+00:00,0.887489974499,0.887570023537,0.885370016098,0.886849999428,0
2025-06-19 22:00:00+00:00,0.886849999428,0.888220012188,0.886520028114,0.887860000134,0
2025-06-19 23:00:00+00:00,0.887849986553,0.888369977474,0.886870026588,0.888080000877,0
2025-06-20 00:00:00+00:00,0.888080000877,0.888890028,0.887080013752,0.888059973717,0
2025-06-20 01:00:00+00:00,0.888040006161,0.888379991055,0.886139988899,0.887139976025,0
2025-06-20 02:00:00+00:00,0.887109994888,0.888140022755,0.886319994926,0.888130009174,0
2025-06-20 03:00:00+00:00,0.888119995594,0.888859987259,0.887260019779,0.888740003109,0
2025-06-20 04:00:00+00:00,0.888740003109,0.88914000988,0.88765001297,0.888700008392,0
2025-06-20 05:00:00+00:00,0.888660013676,0.889100015163,0.887600004673,0.888999998569,0
2025-06-20 06:00:00+00:00,0.888949990273,0.889159977436,0.886629998684,0.887560009956,0
2025-06-20 07:00:00+00:00,0.88752001524,0.888759970665,0.886680006981,0.888740003109,0
2025-06-20 08:00:00+00:00,0.888710021973,0.888809978962,0.887189984322,0.888480007648,0
2025-06-20 09:00:00+00:00,0.888499975204,0.889370024204,0.887560009956,0.889110028744,0
2025-06-20 10:00:00+00:00,0.889060020447,0.889190018177,0.887409985065,0.889029979706,0
2025-06-20 11:00:00+00:00,0.88902002573,0.889739990234,0.887690007687,0.889159977436,0
2025-06-20 12:00:00+00:00,0.889180004597,0.890540003777,0.888440012932,0.890190005302,0
2025-06-20 13:00:00+00:00,0.890139997005,0.890479981899,0.887589991093,0.888790011406,0
2025-06-20 14:00:00+00:00,0.888779997826,0.8891299963,0.886259973049,0.88765001297,0
2025-06-20 15:00:00+00:00,0.88763999939,0.888320028782,0.885670006275,0.886569976807,0
2025-06-20 16:00:00+00:00,0.886569976807,0.887179970741,0.885339975357,0.886680006981,0
2025-06-20 17:00:00+00:00,0.886640012264,0.886950016022,0.885070025921,0.886129975319,0
2025-06-20 18:00:00+00:00,0.886129975319,0.886389970779,0.884940028191,0.885980010033,0
2025-06-20 19:00:00+00:00,0.886009991169,0.88616001606,0.884809970856,0.886020004749,0
2025-06-20 20:00:00+00:00,0.886020004749,0.886569976807,0.884429991245,0.885370016098,0
2025-06-20 21:00:00+00:00,0.88490998745,0.88490998745,0.88490998745,0.88490998745,0
2025-06-22 23:00:00+00:00,0.884959995747,0.88603001833,0.884259998798,0.885659992695,0
2025-06-23 00:00:00+00:00,0.885659992695,0.885659992695,0.883759975433,0.88503998518,0
2025-06-23 01:00:00+00:00,0.885100007057,0.885779976845,0.882960021496,0.884199976921,0
2025-06-23 02:00:00+00:00,0.884159982204,0.884530007839,0.881280004978,0.882279992104,0
2025-06-23 03:00:00+00:00,0.882219970226,0.882589995861,0.879960000515,0.881330013275,0
2025-06-23 04:00:00+00:00,0.881299972534,0.882040023804,0.880079984665,0.881120026112,0
2025-06-23 05:00:00+00:00,0.881150007248,0.881929993629,0.880089998245,0.881630003452,0
2025-06-23 06:00:00+00:00,0.881640017033,0.883639991283,0.880940020084,0.883469998837,0
2025-06-23 07:00:00+00:00,0.883469998837,0.884130001068,0.882130026817,0.883229970932,0
2025-06-23 08:00:00+00:00,0.883130013943,0.883889973164,0.881330013275,0.882109999657,0
2025-06-23 09:00:00+00:00,0.882089972496,0.88220000267,0.879149973392,0.879960000515,0
2025-06-23 10:00:00+00:00,0.879899978638,0.880400002003,0.878690004349,0.879610002041,0
2025-06-23 11:00:00+00:00,0.879570007324,0.880209982395,0.878080010414,0.880200028419,0
2025-06-23 12:00:00+00:00,0.880169987679,0.880900025368,0.878690004349,0.880760014057,0
2025-06-23 13:00:00+00:00,0.880770027637,0.881630003452,0.87884002924,0.881129980087,0
2025-06-23 14:00:00+00:00,0.881129980087,0.883620023727,0.880559980869,0.883409976959,0
2025-06-23 15:00:00+00:00,0.883360028267,0.884419977665,0.88220000267,0.884339988232,0
2025-06-23 16:00:00+00:00,0.884360015392,0.885079979897,0.882520020008,0.884140014648,0
2025-06-23 17:00:00+00:00,0.884060025215,0.887059986591,0.883249998093,0.88665997982,0
2025-06-23 18:00:00+00:00,0.886629998684,0.887139976025,0.885479986668,0.886720001698,0
2025-06-23 19:00:00+00:00,0.886770009995,0.886910021305,0.885290026665,0.886690020561,0
2025-06-23 20:00:00+00:00,0.886690020561,0.887459993362,0.885730028152,0.886770009995,0
2025-06-23 21:00:00+00:00,0.886259973049,0.886910021305,0.885659992695,0.88640999794,0
2025-06-23 22:00:00+00:00,0.886439979076,0.88924998045,0.885990023613,0.888670027256,0
2025-06-23 23:00:00+00:00,0.888610005379,0.890160024166,0.88763999939,0.88915002346,0
2025-06-24 00:00:00+00:00,0.88915002346,0.890020012856,0.887860000134,0.889559984207,0
2025-06-24 01:00:00+00:00,0.889479994774,0.890070021152,0.888080000877,0.889649987221,0
2025-06-24 02:00:00+00:00,0.889609992504,0.890900015831,0.888279974461,0.890839993954,0
2025-06-24 03:00:00+00:00,0.890799999237,0.891250014305,0.889240026474,0.890450000763,0
2025-06-24 04:00:00+00:00,0.890450000763,0.891330003738,0.888999998569,0.891040027142,0
2025-06-24 05:00:00+00:00,0.89099997282,0.891330003738,0.889720022678,0.891040027142,0
2025-06-24 06:00:00+00:00,0.891129970551,0.893169999123,0.890139997005,0.892459988594,0
2025-06-24 07:00:00+00:00,0.892459988594,0.893010020256,0.890039980412,0.890950024128,0
2025-06-24 08:00:00+00:00,0.890929996967,0.89223998785,0.890030026436,0.891929984093,0
2025-06-24 09:00:00+00:00,0.89187002182,0.893169999123,0.890779972076,0.892570018768,0
2025-06-24 10:00:00+00:00,0.892520010471,0.893090009689,0.891589999199,0.892880022526,0
2025-06-24 11:00:00+00:00,0.892790019512,0.893320024014,0.891569972038,0.892539978027,0
2025-06-24 12:00:00+00:00,0.892459988594,0.892660021782,0.890330016613,0.891319990158,0
2025-06-24 13:00:00+00:00,0.891309976578,0.891650021076,0.888949990273,0.890209972858,0
2025-06-24 14:00:00+00:00,0.890240013599,0.892400026321,0.889469981194,0.891210019588,0
2025-06-24 15:00:00+00:00,0.891189992428,0.892310023308,0.890089988708,0.890910029411,0
2025-06-24 16:00:00+00:00,0.89087998867,0.89174002409,0.889900028706,0.891659975052,0
2025-06-24 17:00:00+00:00,0.891700029373,0.892390012741,0.890720009804,0.892009973526,0
2025-06-24 18:00:00+00:00,0.892059981823,0.892719984055,0.891160011292,0.892599999905,0
2025-06-24 19:00:00+00:00,0.892570018768,0.892719984055,0.890980005264,0.891700029373,0
2025-06-24 20:00:00+00:00,0.891759991646,0.89186000824,0.889599978924,0.890009999275,0
2025-06-24 21:00:00+00:00,0.889999985695,0.890339970589,0.889039993286,0.889970004559,0
2025-06-24 22:00:00+00:00,0.889840006828,0.890839993954,0.889360010624,0.890670001507,0
2025-06-24 23:00:00+00:00,0.890550017357,0.891499996185,0.88963997364,0.891470015049,0
2025-06-25 00:00:00+00:00,0.891470015049,0.891939997673,0.890079975128,0.891690015793,0
2025-06-25 01:00:00+00:00,0.891680002213,0.892949998379,0.89074999094,0.892509996891,0
2025-06-25 02:00:00+00:00,0.892509996891,0.892929971218,0.891179978848,0.892840027809,0
2025-06-25 03:00:00+00:00,0.892910003662,0.893090009689,0.891309976578,0.89209997654,0
2025-06-25 04:00:00+00:00,0.89210999012,0.892509996891,0.890900015831,0.892430007458,0
2025-06-25 05:00:00+00:00,0.892459988594,0.892459988594,0.890799999237,0.892019987106,0
2025-06-25 06:00:00+00:00,0.892080008984,0.892459988594,0.890779972076,0.89209997654,0
2025-06-25 07:00:00+00:00,0.8921200037,0.892880022526,0.89074999094,0.891799986362,0
2025-06-25 08:00:00+00:00,0.891709983349,0.891910016537,0.890349984169,0.891470015049,0
2025-06-25 09:00:00+00:00,0.891550004482,0.891799986362,0.890049993992,0.891669988632,0
2025-06-25 10:00:00+00:00,0.891659975052,0.892059981823,0.890590012074,0.89199000597,0
2025-06-25 11:00:00+00:00,0.89200001955,0.892319977283,0.890850007534,0.892050027847,0
2025-06-25 12:00:00+00:00,0.892050027847,0.892520010471,0.890839993954,0.891839981079,0
2025-06-25 13:00:00+00:00,0.891749978065,0.892430007458,0.890139997005,0.890860021114,0
2025-06-25 14:00:00+00:00,0.890890002251,0.892270028591,0.890089988708,0.891589999199,0
2025-06-25 15:00:00+00:00,0.89161002636,0.892759978771,0.890699982643,0.892490029335,0
2025-06-25 16:00:00+00:00,0.892430007458,0.893260002136,0.891480028629,0.89322000742,0
2025-06-25 17:00:00+00:00,0.893180012703,0.89336001873,0.89200001955,0.892790019512,0
2025-06-25 18:00:00+00:00,0.892820000648,0.893779993057,0.89199000597,0.893549978733,0
2025-06-25 19:00:00+00:00,0.893559992313,0.894029974937,0.892270028591,0.893159985542,0
2025-06-25 20:00:00+00:00,0.893130004406,0.893989980221,0.89222997427,0.893630027771,0
2025-06-25 21:00:00+00:00,0.89359998703,0.89359998703,0.891939997673,0.892499983311,0
2025-06-25 22:00:00+00:00,0.892449975014,0.89358997345,0.892189979553,0.89349001646,0
2025-06-25 23:00:00+00:00,0.893580019474,0.894360005856,0.892809987068,0.894020020962,0
2025-06-26 00:00:00+00:00,0.893970012665,0.894259989262,0.893119990826,0.893959999084,0
2025-06-26 01:00:00+00:00,0.893970012665,0.894270002842,0.892440021038,0.893840014935,0
2025-06-26 02:00:00+00:00,0.893890023232,0.895190000534,0.892910003662,0.89485001564,0
2025-06-26 03:00:00+00:00,0.89485001564,0.895699977875,0.894060015678,0.895539999008,0
2025-06-26 04:00:00+00:00,0.895579993725,0.895609974861,0.893639981747,0.894640028477,0
2025-06-26 05:00:00+00:00,0.894649982452,0.895349979401,0.893519997597,0.895210027695,0
2025-06-26 06:00:00+00:00,0.895120024681,0.895460009575,0.894209980965,0.895060002804,0
2025-06-26 07:00:00+00:00,0.895049989223,0.895539999008,0.893899977207,0.89509999752,0
2025-06-26 08:00:00+00:00,0.89508998394,0.896019995213,0.894200026989,0.895659983158,0
2025-06-26 09:00:00+00:00,0.895529985428,0.895560026169,0.89335000515,0.89484000206,0
2025-06-26 10:00:00+00:00,0.89485001564,0.895200014114,0.894089996815,0.894429981709,0
2025-06-26 11:00:00+00:00,0.894309997559,0.894429981709,0.892790019512,0.893790006638,0
2025-06-26 12:00:00+00:00,0.893739998341,0.894800007343,0.892960011959,0.894129991531,0
2025-06-26 13:00:00+00:00,0.894190013409,0.894400000572,0.891759991646,0.89333999157,0
2025-06-26 14:00:00+00:00,0.893270015717,0.894289970398,0.89197999239,0.892709970474,0
2025-06-26 15:00:00+00:00,0.892729997635,0.893260002136,0.891759991646,0.893130004406,0
2025-06-26 16:00:00+00:00,0.893090009689,0.893700003624,0.891969978809,0.893140017986,0
2025-06-26 17:00:00+00:00,0.893119990826,0.893869996071,0.89222997427,0.893790006638,0
2025-06-26 18:00:00+00:00,0.893779993057,0.893850028515,0.892539978027,0.893549978733,0
2025-06-26 19:00:00+00:00,0.893530011177,0.893679976463,0.892050027847,0.893029987812,0
2025-06-26 20:00:00+00:00,0.892960011959,0.89310002327,0.891849994659,0.892310023308,0
2025-06-26 21:00:00+00:00,0.892319977283,0.894079983234,0.89199000597,0.892579972744,0
2025-06-26 22:00:00+00:00,0.892709970474,0.893239974976,0.891849994659,0.892690002918,0
2025-06-26 23:00:00+00:00,0.892719984055,0.893280029297,0.891939997673,0.892970025539,0
2025-06-27 00:00:00+00:00,0.892960011959,0.894219994545,0.892210006714,0.893949985504,0
2025-06-27 01:00:00+00:00,0.893909990788,0.894339978695,0.89223998785,0.894119977951,0
2025-06-27 02:00:00+00:00,0.894119977951,0.894309997559,0.892780005932,0.893710017204,0
2025-06-27 03:00:00+00:00,0.893670022488,0.894550025463,0.892059981823,0.892949998379,0
2025-06-27 04:00:00+00:00,0.893010020256,0.893199980259,0.891910016537,0.892809987068,0
2025-06-27 05:00:00+00:00,0.892830014229,0.893090009689,0.891460001469,0.892589986324,0
2025-06-27 06:00:00+00:00,0.892579972744,0.893199980259,0.891470015049,0.893199980259,0
2025-06-27 07:00:00+00:00,0.893140017986,0.894070029259,0.89236998558,0.893190026283,0
2025-06-27 08:00:00+00:00,0.893169999123,0.894129991531,0.892250001431,0.893559992313,0
2025-06-27 09:00:00+00:00,0.893509984016,0.89361000061,0.891910016537,0.892979979515,0
2025-06-27 10:00:00+00:00,0.892910003662,0.89310002327,0.891219973564,0.892430007458,0
2025-06-27 11:00:00+00:00,0.892430007458,0.892599999905,0.891040027142,0.892130017281,0
2025-06-27 12:00:00+00:00,0.892090022564,0.893459975719,0.891110002995,0.892780005932,0
2025-06-27 13:00:00+00:00,0.892750024796,0.893289983273,0.889829993248,0.89051002264,0
2025-06-27 14:00:00+00:00,0.89048999548,0.891889989376,0.889699995518,0.891420006752,0
2025-06-27 15:00:00+00:00,0.891369998455,0.892949998379,0.890309989452,0.892729997635,0
2025-06-27 16:00:00+00:00,0.892709970474,0.893519997597,0.891770005226,0.893299996853,0
2025-06-27 17:00:00+00:00,0.893320024014,0.89608001709,0.892430007458,0.895190000534,0
2025-06-27 18:00:00+00:00,0.895190000534,0.895869970322,0.892799973488,0.893710017204,0
2025-06-27 19:00:00+00:00,0.893679976463,0.894620001316,0.892910003662,0.89372998476,0
2025-06-27 20:00:00+00:00,0.893750011921,0.894439995289,0.892300009727,0.892610013485,0
2025-06-27 21:00:00+00:00,0.892499983311,0.892539978027,0.892499983311,0.892539978027,0
2025-06-29 23:00:00+00:00,0.894089996815,0.894379973412,0.892889976501,0.893639981747,0
2025-06-30 00:00:00+00:00,0.893639981747,0.894980013371,0.892929971218,0.894159972668,0
2025-06-30 01:00:00+00:00,0.894190013409,0.895380020142,0.89310002327,0.894680023193,0
2025-06-30 02:00:00+00:00,0.894659996033,0.894879996777,0.891919970512,0.893140017986,0
2025-06-30 03:00:00+00:00,0.893079996109,0.893739998341,0.892170011997,0.893549978733,0
2025-06-30 04:00:00+00:00,0.89358997345,0.894680023193,0.892549991608,0.894540011883,0
2025-06-30 05:00:00+00:00,0.894569993019,0.895240008831,0.893530011177,0.894620001316,0
2025-06-30 06:00:00+00:00,0.894569993019,0.894749999046,0.892709970474,0.893880009651,0
2025-06-30 07:00:00+00:00,0.893930017948,0.893930017948,0.891650021076,0.893369972706,0
2025-06-30 08:00:00+00:00,0.893329977989,0.894209980965,0.892520010471,0.894010007381,0
2025-06-30 09:00:00+00:00,0.893999993801,0.894060015678,0.891799986362,0.892549991608,0
2025-06-30 10:00:00+00:00,0.892509996891,0.892989993095,0.891380012035,0.892809987068,0
2025-06-30 11:00:00+00:00,0.892799973488,0.893310010433,0.891749978065,0.892700016499,0
2025-06-30 12:00:00+00:00,0.892700016499,0.893079996109,0.891240000725,0.892549991608,0
2025-06-30 13:00:00+00:00,0.892539978027,0.894580006599,0.891730010509,0.894559979439,0
2025-06-30 14:00:00+00:00,0.894550025463,0.894789993763,0.892530024052,0.894119977951,0
2025-06-30 15:00:00+00:00,0.894159972668,0.895190000534,0.892709970474,0.895129978657,0
2025-06-30 16:00:00+00:00,0.89508998394,0.895659983158,0.893970012665,0.895529985428,0
2025-06-30 17:00:00+00:00,0.895579993725,0.896499991417,0.89459002018,0.896179974079,0
2025-06-30 18:00:00+00:00,0.896160006523,0.896700024605,0.895110011101,0.896229982376,0
2025-06-30 19:00:00+00:00,0.89620000124,0.896669983864,0.895259976387,0.896290004253,0
2025-06-30 20:00:00+00:00,0.896300017834,0.896600008011,0.894500017166,0.894680023193,0
2025-06-30 21:00:00+00:00,0.894909977913,0.895529985428,0.89310002327,0.894999980927,0
2025-06-30 22:00:00+00:00,0.895049989223,0.895869970322,0.894450008869,0.895430028439,0
2025-06-30 23:00:00+00:00,0.895560026169,0.895640015602,0.893750011921,0.894680023193,0
2025-07-01 00:00:00+00:00,0.894699990749,0.895009994507,0.893549978733,0.894439995289,0
2025-07-01 01:00:00+00:00,0.894429981709,0.894479990005,0.891960024834,0.893029987812,0
2025-07-01 02:00:00+00:00,0.893010020256,0.893920004368,0.891820013523,0.893850028515,0
2025-07-01 03:00:00+00:00,0.893899977207,0.894339978695,0.892660021782,0.893859982491,0
2025-07-01 04:00:00+00:00,0.893830001354,0.894469976425,0.892700016499,0.894230008125,0
2025-07-01 05:00:00+00:00,0.894209980965,0.895229995251,0.893379986286,0.895070016384,0
2025-07-01 06:00:00+00:00,0.894999980927,0.895139992237,0.893239974976,0.894749999046,0
2025-07-01 07:00:00+00:00,0.894699990749,0.895820021629,0.893909990788,0.895709991455,0
2025-07-01 08:00:00+00:00,0.895699977875,0.895990014076,0.894039988518,0.895659983158,0
2025-07-01 09:00:00+00:00,0.895650029182,0.895820021629,0.894150018692,0.895110011101,0
2025-07-01 10:00:00+00:00,0.89507997036,0.896089971066,0.894209980965,0.895669996738,0
2025-07-01 11:00:00+00:00,0.895749986172,0.896130025387,0.894550025463,0.896000027657,0
2025-07-01 12:00:00+00:00,0.895969986916,0.896489977837,0.894659996033,0.895659983158,0
2025-07-01 13:00:00+00:00,0.895640015602,0.896470010281,0.894309997559,0.895940005779,0
2025-07-01 14:00:00+00:00,0.896019995213,0.897650003433,0.894869983196,0.89744001627,0
2025-07-01 15:00:00+00:00,0.897419989109,0.897620022297,0.895680010319,0.897419989109,0
2025-07-01 16:00:00+00:00,0.897409975529,0.897729992867,0.89595001936,0.896990001202,0
2025-07-01 17:00:00+00:00,0.897000014782,0.897589981556,0.896089971066,0.89744001627,0
2025-07-01 18:00:00+00:00,0.897449970245,0.89756000042,0.896300017834,0.897350013256,0
2025-07-01 19:00:00+00:00,0.897289991379,0.897530019283,0.896149992943,0.897319972515,0
2025-07-01 20:00:00+00:00,0.897319972515,0.898289978504,0.896510004997,0.89794999361,0
2025-07-01 21:00:00+00:00,0.89744001627,0.89758002758,0.895749986172,0.897059977055,0
2025-07-01 22:00:00+00:00,0.897300004959,0.898029983044,0.896839976311,0.89768999815,0
2025-07-01 23:00:00+00:00,0.897740006447,0.897909998894,0.896640002728,0.897509992123,0
2025-07-02 00:00:00+00:00,0.897530019283,0.897759974003,0.896529972553,0.897469997406,0
2025-07-02 01:00:00+00:00,0.897549986839,0.897629976273,0.895299971104,0.896430015564,0
2025-07-02 02:00:00+00:00,0.896420001984,0.896929979324,0.895349979401,0.896830022335,0
2025-07-02 03:00:00+00:00,0.896820008755,0.89781999588,0.896049976349,0.897750020027,0
2025-07-02 04:00:00+00:00,0.897759974003,0.898209989071,0.896820008755,0.897899985313,0
2025-07-02 05:00:00+00:00,0.897889971733,0.897979974747,0.896799981594,0.897509992123,0
2025-07-02 06:00:00+00:00,0.897539973259,0.897800028324,0.89620000124,0.896799981594,0
2025-07-02 07:00:00+00:00,0.896849989891,0.896889984608,0.895169973373,0.895529985428,0
2025-07-02 08:00:00+00:00,0.895500004292,0.895959973335,0.89459002018,0.895749986172,0
2025-07-02 09:00:00+00:00,0.895699977875,0.89621001482,0.894879996777,0.895829975605,0
2025-07-02 10:00:00+00:00,0.895829975605,0.8962200284,0.894980013371,0.895500004292,0
2025-07-02 11:00:00+00:00,0.895590007305,0.895900011063,0.893419981003,0.894089996815,0
2025-07-02 12:00:00+00:00,0.894070029259,0.895680010319,0.892690002918,0.893949985504,0
2025-07-02 13:00:00+00:00,0.893989980221,0.894860029221,0.892560005188,0.89371997118,0
2025-07-02 14:00:00+00:00,0.893769979477,0.894930005074,0.892400026321,0.894779980183,0
2025-07-02 15:00:00+00:00,0.894800007343,0.89595001936,0.893890023232,0.894810020924,0
2025-07-02 16:00:00+00:00,0.894779980183,0.895299971104,0.893509984016,0.894249975681,0
2025-07-02 17:00:00+00:00,0.894270002842,0.89472001791,0.893400013447,0.893920004368,0
2025-07-02 18:00:00+00:00,0.893980026245,0.89471000433,0.893280029297,0.894670009613,0
2025-07-02 19:00:00+00:00,0.894689977169,0.895359992981,0.893999993801,0.895030021667,0
2025-07-02 20:00:00+00:00,0.895020008087,0.895210027695,0.893750011921,0.893949985504,0
2025-07-02 21:00:00+00:00,0.894219994545,0.894580006599,0.893230021,0.894429981709,0
2025-07-02 22:00:00+00:00,0.894400000572,0.895060002804,0.893679976463,0.894869983196,0
2025-07-02 23:00:00+00:00,0.89482998848,0.894890010357,0.893440008163,0.894299983978,0
2025-07-03 00:00:00+00:00,0.894270002842,0.894509971142,0.892409980297,0.893620014191,0
2025-07-03 01:00:00+00:00,0.893620014191,0.89372998476,0.892080008984,0.893190026283,0
2025-07-03 02:00:00+00:00,0.893199980259,0.893199980259,0.891430020332,0.892840027809,0
2025-07-03 03:00:00+00:00,0.892880022526,0.893249988556,0.891600012779,0.892650008202,0
2025-07-03 04:00:00+00:00,0.892669975758,0.893299996853,0.891730010509,0.893289983273,0
2025-07-03 05:00:00+00:00,0.893249988556,0.893620014191,0.891650021076,0.893549978733,0
2025-07-03 06:00:00+00:00,0.893570005894,0.894330024719,0.892329990864,0.894190013409,0
2025-07-03 07:00:00+00:00,0.894179999828,0.894519984722,0.892690002918,0.894079983234,0
2025-07-03 08:00:00+00:00,0.894039988518,0.894550025463,0.892979979515,0.893750011921,0
2025-07-03 09:00:00+00:00,0.893710017204,0.894060015678,0.892539978027,0.89361000061,0
2025-07-03 10:00:00+00:00,0.893580019474,0.893859982491,0.892199993134,0.893109977245,0
2025-07-03 11:00:00+00:00,0.893169999123,0.8934699893,0.892090022564,0.893249988556,0
2025-07-03 12:00:00+00:00,0.89322000742,0.893499970436,0.889280021191,0.891250014305,0
2025-07-03 13:00:00+00:00,0.891269981861,0.893239974976,0.889360010624,0.892059981823,0
2025-07-03 14:00:00+00:00,0.892050027847,0.893010020256,0.890280008316,0.891279995441,0
2025-07-03 15:00:00+00:00,0.891300022602,0.891839981079,0.890160024166,0.891219973564,0
2025-07-03 16:00:00+00:00,0.891269981861,0.891510009766,0.889909982681,0.891070008278,0
2025-07-03 17:00:00+00:00,0.891040027142,0.891359984875,0.890100002289,0.891219973564,0
2025-07-03 18:00:00+00:00,0.891250014305,0.891300022602,0.889760017395,0.891040027142,0
2025-07-03 19:00:00+00:00,0.891070008278,0.892480015755,0.889940023422,0.892080008984,0
2025-07-03 20:00:00+00:00,0.892059981823,0.892709970474,0.891179978848,0.8921200037,0
2025-07-03 21:00:00+00:00,0.891380012035,0.892629981041,0.890990018845,0.892570018768,0
2025-07-03 22:00:00+00:00,0.892350018024,0.892799973488,0.891629993916,0.892589986324,0
2025-07-03 23:00:00+00:00,0.892599999905,0.892949998379,0.891700029373,0.892679989338,0
2025-07-04 00:00:00+00:00,0.892629981041,0.892889976501,0.891099989414,0.892440021038,0
2025-07-04 01:00:00+00:00,0.892390012741,0.893040001392,0.89060997963,0.891460001469,0
2025-07-04 02:00:00+00:00,0.891499996185,0.892270028591,0.890519976616,0.891900002956,0
2025-07-04 03:00:00+00:00,0.891889989376,0.892050027847,0.890450000763,0.891910016537,0
2025-07-04 04:00:00+00:00,0.891900002956,0.892189979553,0.890280008316,0.891960024834,0
2025-07-04 05:00:00+00:00,0.891960024834,0.892660021782,0.890810012817,0.891640007496,0
2025-07-04 06:00:00+00:00,0.891629993916,0.892199993134,0.890209972858,0.891409993172,0
2025-07-04 07:00:00+00:00,0.891439974308,0.891919970512,0.88927000761,0.890900015831,0
2025-07-04 08:00:00+00:00,0.890890002251,0.891470015049,0.890030026436,0.891290009022,0
2025-07-04 09:00:00+00:00,0.891269981861,0.891480028629,0.889949977398,0.891149997711,0
2025-07-04 10:00:00+00:00,0.891120016575,0.891770005226,0.890139997005,0.891229987144,0
2025-07-04 11:00:00+00:00,0.891210019588,0.891600012779,0.890280008316,0.891210019588,0
2025-07-04 12:00:00+00:00,0.891200006008,0.891430020332,0.889469981194,0.891120016575,0
2025-07-04 13:00:00+00:00,0.891110002995,0.891539990902,0.889940023422,0.891160011292,0
2025-07-04 14:00:00+00:00,0.891170024872,0.891409993172,0.889829993248,0.891269981861,0
2025-07-04 15:00:00+00:00,0.891269981861,0.891399979591,0.890100002289,0.891049981117,0
2025-07-04 16:00:00+00:00,0.891030013561,0.891349971294,0.890030026436,0.891250014305,0
2025-07-04 17:00:00+00:00,0.891250014305,0.891669988632,0.890259981155,0.89161002636,0
2025-07-04 18:00:00+00:00,0.891550004482,0.891690015793,0.890200018883,0.891019999981,0
2025-07-04 19:00:00+00:00,0.891009986401,0.891309976578,0.889970004559,0.891240000725,0
2025-07-04 20:00:00+00:00,0.891260027885,0.891420006752,0.889819979668,0.890779972076,0
2025-07-04 21:00:00+00:00,0.890439987183,0.890439987183,0.890439987183,0.890439987183,0
2025-07-06 23:00:00+00:00,0.891070008278,0.891560018063,0.889919996262,0.890959978104,0
2025-07-07 00:00:00+00:00,0.89087998867,0.891059994698,0.888570010662,0.889859974384,0
2025-07-07 01:00:00+00:00,0.889840006828,0.890039980412,0.88766002655,0.888650000095,0
2025-07-07 02:00:00+00:00,0.888639986515,0.88914000988,0.887300014496,0.888130009174,0
2025-07-07 03:00:00+00:00,0.88814997673,0.888549983501,0.886730015278,0.887730002403,0
2025-07-07 04:00:00+00:00,0.88765001297,0.88802999258,0.885710000992,0.886730015278,0
2025-07-07 05:00:00+00:00,0.886730015278,0.887629985809,0.885730028152,0.887589991093,0
2025-07-07 06:00:00+00:00,0.88752001524,0.88814997673,0.886099994183,0.88802999258,0
2025-07-07 07:00:00+00:00,0.888010025024,0.889159977436,0.887179970741,0.888809978962,0
2025-07-07 08:00:00+00:00,0.888809978962,0.889079988003,0.887030005455,0.888059973717,0
2025-07-07 09:00:00+00:00,0.888069987297,0.888400018215,0.886520028114,0.888350009918,0
2025-07-07 10:00:00+00:00,0.888320028782,0.888379991055,0.886600017548,0.887669980526,0
2025-07-07 11:00:00+00:00,0.88763999939,0.888339996338,0.886550009251,0.887459993362,0
2025-07-07 12:00:00+00:00,0.887470006943,0.888100028038,0.886210024357,0.887300014496,0
2025-07-07 13:00:00+00:00,0.887279987335,0.888740003109,0.885850012302,0.888400018215,0
2025-07-07 14:00:00+00:00,0.888400018215,0.888970017433,0.887030005455,0.888639986515,0
2025-07-07 15:00:00+00:00,0.888599991798,0.889110028744,0.887579977512,0.888459980488,0
2025-07-07 16:00:00+00:00,0.888440012932,0.888949990273,0.88642001152,0.887319982052,0
2025-07-07 17:00:00+00:00,0.887310028076,0.888130009174,0.886479973793,0.887939989567,0
2025-07-07 18:00:00+00:00,0.88789999485,0.888469994068,0.886359989643,0.88788998127,0
2025-07-07 19:00:00+00:00,0.887929975986,0.888450026512,0.886839985847,0.888130009174,0
2025-07-07 20:00:00+00:00,0.888119995594,0.888260006905,0.886500000954,0.887740015984,0
2025-07-07 21:00:00+00:00,0.88775998354,0.888209998608,0.886799991131,0.88775998354,0
2025-07-07 22:00:00+00:00,0.88775998354,0.888480007648,0.887040019035,0.888339996338,0
2025-07-07 23:00:00+00:00,0.888300001621,0.8891299963,0.887300014496,0.888939976692,0
2025-07-08 00:00:00+00:00,0.88901001215,0.889949977398,0.888199985027,0.889289975166,0
2025-07-08 01:00:00+00:00,0.889280021191,0.889810025692,0.888050019741,0.888909995556,0
2025-07-08 02:00:00+00:00,0.888979971409,0.889930009842,0.888010025024,0.889240026474,0
2025-07-08 03:00:00+00:00,0.889240026474,0.889660000801,0.88802999258,0.888949990273,0
2025-07-08 04:00:00+00:00,0.888960003853,0.894299983978,0.88789999485,0.892790019512,0
2025-07-08 05:00:00+00:00,0.892820000648,0.89336001873,0.89076000452,0.892669975758,0
2025-07-08 06:00:00+00:00,0.892679989338,0.89361000061,0.891040027142,0.891749978065,0
2025-07-08 07:00:00+00:00,0.89174002409,0.892700016499,0.89086997509,0.892319977283,0
2025-07-08 08:00:00+00:00,0.892379999161,0.892780005932,0.891200006008,0.892539978027,0
2025-07-08 09:00:00+00:00,0.892589986324,0.893180012703,0.891319990158,0.892470002174,0
2025-07-08 10:00:00+00:00,0.892470002174,0.893090009689,0.891430020332,0.892939984798,0
2025-07-08 11:00:00+00:00,0.892929971218,0.89349001646,0.891960024834,0.893079996109,0
2025-07-08 12:00:00+00:00,0.893060028553,0.893580019474,0.891560018063,0.893389999866,0
2025-07-08 13:00:00+00:00,0.89333999157,0.893540024757,0.89050000906,0.892030000687,0
2025-07-08 14:00:00+00:00,0.892040014267,0.892040014267,0.889869987965,0.891669988632,0
2025-07-08 15:00:00+00:00,0.891629993916,0.892750024796,0.890779972076,0.891809999943,0
2025-07-08 16:00:00+00:00,0.891799986362,0.892859995365,0.890799999237,0.892629981041,0
2025-07-08 17:00:00+00:00,0.892639994621,0.893880009651,0.891709983349,0.893639981747,0
2025-07-08 18:00:00+00:00,0.893620014191,0.89371997118,0.891939997673,0.892960011959,0
2025-07-08 19:00:00+00:00,0.892949998379,0.893169999123,0.891780018806,0.892889976501,0
2025-07-08 20:00:00+00:00,0.892899990082,0.892949998379,0.891120016575,0.891550004482,0
2025-07-08 21:00:00+00:00,0.891700029373,0.892040014267,0.890559971333,0.891149997711,0
2025-07-08 22:00:00+00:00,0.891149997711,0.892390012741,0.890709996223,0.89223998785,0
2025-07-08 23:00:00+00:00,0.892180025578,0.892359972,0.890810012817,0.891640007496,0
2025-07-09 00:00:00+00:00,0.891640007496,0.892880022526,0.890829980373,0.892390012741,0
2025-07-09 01:00:00+00:00,0.89236998558,0.893499970436,0.891099989414,0.892910003662,0
2025-07-09 02:00:00+00:00,0.892949998379,0.893549978733,0.89063000679,0.891849994659,0
2025-07-09 03:00:00+00:00,0.891809999943,0.892750024796,0.890230000019,0.892700016499,0
2025-07-09 04:00:00+00:00,0.892669975758,0.894500017166,0.891770005226,0.893970012665,0
2025-07-09 05:00:00+00:00,0.893959999084,0.89482998848,0.892560005188,0.893379986286,0
2025-07-09 06:00:00+00:00,0.893310010433,0.894280016422,0.891550004482,0.894150018692,0
2025-07-09 07:00:00+00:00,0.894110023975,0.894490003586,0.891759991646,0.893149971962,0
2025-07-09 08:00:00+00:00,0.893130004406,0.894050002098,0.891919970512,0.893549978733,0
2025-07-09 09:00:00+00:00,0.893559992313,0.894200026989,0.892530024052,0.893869996071,0
2025-07-09 10:00:00+00:00,0.893880009651,0.894110023975,0.892170011997,0.893230021,0
2025-07-09 11:00:00+00:00,0.893199980259,0.893670022488,0.892289996147,0.893140017986,0
2025-07-09 12:00:00+00:00,0.893149971962,0.894670009613,0.891969978809,0.894270002842,0
2025-07-09 13:00:00+00:00,0.894289970398,0.895280003548,0.892979979515,0.89472001791,0
2025-07-09 14:00:00+00:00,0.894729971886,0.895759999752,0.893549978733,0.894540011883,0
2025-07-09 15:00:00+00:00,0.894580006599,0.894800007343,0.893239974976,0.894240021706,0
2025-07-09 16:00:00+00:00,0.894200026989,0.895179986954,0.89333999157,0.894609987736,0
2025-07-09 17:00:00+00:00,0.894620001316,0.895359992981,0.893639981747,0.89495998621,0
2025-07-09 18:00:00+00:00,0.894789993763,0.895399987698,0.893869996071,0.895150005817,0
2025-07-09 19:00:00+00:00,0.895150005817,0.895619988441,0.894230008125,0.89508998394,0
2025-07-09 20:00:00+00:00,0.895049989223,0.89521998167,0.893519997597,0.894100010395,0
2025-07-09 21:00:00+00:00,0.893949985504,0.894280016422,0.892449975014,0.893949985504,0
2025-07-09 22:00:00+00:00,0.894039988518,0.894680023193,0.893570005894,0.894519984722,0
2025-07-09 23:00:00+00:00,0.894379973412,0.894630014896,0.89348000288,0.894320011139,0
2025-07-10 00:00:00+00:00,0.894339978695,0.895370006561,0.89348000288,0.894869983196,0
2025-07-10 01:00:00+00:00,0.894810020924,0.895349979401,0.893700003624,0.894930005074,0
2025-07-10 02:00:00+00:00,0.894930005074,0.895969986916,0.894209980965,0.895910024643,0
2025-07-10 03:00:00+00:00,0.895839989185,0.896030008793,0.89459002018,0.895169973373,0
2025-07-10 04:00:00+00:00,0.895160019398,0.895430028439,0.893980026245,0.895299971104,0
2025-07-10 05:00:00+00:00,0.895229995251,0.896089971066,0.894389986992,0.896019995213,0
2025-07-10 06:00:00+00:00,0.895969986916,0.89631998539,0.894779980183,0.895940005779,0
2025-07-10 07:00:00+00:00,0.895879983902,0.896640002728,0.89484000206,0.896000027657,0
2025-07-10 08:00:00+00:00,0.896049976349,0.896659970284,0.895139992237,0.896600008011,0
2025-07-10 09:00:00+00:00,0.89657998085,0.897379994392,0.895850002766,0.897109985352,0
2025-07-10 10:00:00+00:00,0.897109985352,0.897710025311,0.896239995956,0.897409975529,0
2025-07-10 11:00:00+00:00,0.897390007973,0.89758002758,0.895609974861,0.896589994431,0
2025-07-10 12:00:00+00:00,0.896560013294,0.896939992905,0.895280003548,0.896780014038,0
2025-07-10 13:00:00+00:00,0.896780014038,0.897279977798,0.895609974861,0.89634001255,0
2025-07-10 14:00:00+00:00,0.89634001255,0.897750020027,0.895590007305,0.897669970989,0
2025-07-10 15:00:00+00:00,0.897669970989,0.899119973183,0.896870017052,0.898909986019,0
2025-07-10 16:00:00+00:00,0.898850023746,0.899389982224,0.898010015488,0.899240016937,0
2025-07-10 17:00:00+00:00,0.899240016937,0.899529993534,0.898270010948,0.89916998148,0
2025-07-10 18:00:00+00:00,0.89917999506,0.900080025196,0.898389995098,0.899950027466,0
2025-07-10 19:00:00+00:00,0.899950027466,0.900520026684,0.899030029774,0.900189995766,0
2025-07-10 20:00:00+00:00,0.900189995766,0.900380015373,0.898750007153,0.89904999733,0
2025-07-10 21:00:00+00:00,0.899200022221,0.899540007114,0.896430015564,0.899030029774,0
2025-07-10 22:00:00+00:00,0.899030029774,0.900359988213,0.898400008678,0.900039970875,0
2025-07-10 23:00:00+00:00,0.900089979172,0.900460004807,0.899150013924,0.900240004063,0
2025-07-11 00:00:00+00:00,0.900250017643,0.901220023632,0.897629976273,0.89904999733,0
2025-07-11 01:00:00+00:00,0.899020016193,0.90217000246,0.898029983044,0.901470005512,0
2025-07-11 02:00:00+00:00,0.901470005512,0.902180016041,0.900250017643,0.901149988174,0
2025-07-11 03:00:00+00:00,0.901170015335,0.902090013027,0.900179982185,0.901549994946,0
2025-07-11 04:00:00+00:00,0.901549994946,0.901600003242,0.899389982224,0.900590002537,0
2025-07-11 05:00:00+00:00,0.900569975376,0.901459991932,0.899839997292,0.901030004025,0
2025-07-11 06:00:00+00:00,0.901040017605,0.902050018311,0.899980008602,0.901889979839,0
2025-07-11 07:00:00+00:00,0.901889979839,0.90217000246,0.900439977646,0.901520013809,0
2025-07-11 08:00:00+00:00,0.901499986649,0.901589989662,0.89942997694,0.90042001009,0
2025-07-11 09:00:00+00:00,0.900390028954,0.901210010052,0.899519979954,0.900960028172,0
2025-07-11 10:00:00+00:00,0.900940001011,0.902000010014,0.899900019169,0.901769995689,0
2025-07-11 11:00:00+00:00,0.901719987392,0.9021499753,0.900309979916,0.901040017605,0
2025-07-11 12:00:00+00:00,0.901019990444,0.901279985905,0.898090004921,0.899860024452,0
2025-07-11 13:00:00+00:00,0.899879992008,0.901269972324,0.899010002613,0.9005600214,0
2025-07-11 14:00:00+00:00,0.9005600214,0.901449978352,0.898980021477,0.900319993496,0
2025-07-11 15:00:00+00:00,0.90030002594,0.900690019131,0.898779988289,0.899569988251,0
2025-07-11 16:00:00+00:00,0.899550020695,0.90017002821,0.898559987545,0.899969995022,0
2025-07-11 17:00:00+00:00,0.899969995022,0.900349974632,0.899030029774,0.899829983711,0
2025-07-11 18:00:00+00:00,0.899890005589,0.900099992752,0.898819983006,0.899760007858,0
2025-07-11 19:00:00+00:00,0.899779975414,0.90043002367,0.898459970951,0.899900019169,0
2025-07-11 20:00:00+00:00,0.899940013885,0.90042001009,0.898630023003,0.899619996548,0
2025-07-11 21:00:00+00:00,0.89942997694,0.899829983711,0.89942997694,0.899829983711,0
2025-07-13 23:00:00+00:00,0.899360001087,0.900150001049,0.898500025272,0.899879992008,0
2025-07-14 00:00:00+00:00,0.899850010872,0.901149988174,0.899079978466,0.900449991226,0
2025-07-14 01:00:00+00:00,0.90040999651,0.90066999197,0.897310018539,0.898869991302,0
2025-07-14 02:00:00+00:00,0.898819983006,0.899200022221,0.897610008717,0.898959994316,0
2025-07-14 03:00:00+00:00,0.898890018463,0.899619996548,0.89783000946,0.899330019951,0
2025-07-14 04:00:00+00:00,0.89930999279,0.89930999279,0.897909998894,0.898739993572,0
2025-07-14 05:00:00+00:00,0.898729979992,0.899460017681,0.897620022297,0.898559987545,0
2025-07-14 06:00:00+00:00,0.898599982262,0.898829996586,0.897279977798,0.898270010948,0
2025-07-14 07:00:00+00:00,0.898230016232,0.899209976196,0.896749973297,0.89894002676,0
2025-07-14 08:00:00+00:00,0.898880004883,0.899240016937,0.897539973259,0.898350000381,0
2025-07-14 09:00:00+00:00,0.898310005665,0.898630023003,0.897090017796,0.898490011692,0
2025-07-14 10:00:00+00:00,0.898419976234,0.898750007153,0.896910011768,0.898010015488,0
2025-07-14 11:00:00+00:00,0.897989988327,0.898320019245,0.896839976311,0.897840023041,0
2025-07-14 12:00:00+00:00,0.897800028324,0.898100018501,0.896470010281,0.897660017014,0
2025-07-14 13:00:00+00:00,0.89767998457,0.898519992828,0.89670997858,0.898299992085,0
2025-07-14 14:00:00+00:00,0.898329973221,0.898379981518,0.896009981632,0.896809995174,0
2025-07-14 15:00:00+00:00,0.896839976311,0.897729992867,0.895839989185,0.896780014038,0
2025-07-14 16:00:00+00:00,0.896770000458,0.896839976311,0.895510017872,0.896499991417,0
2025-07-14 17:00:00+00:00,0.896499991417,0.897419989109,0.895569980145,0.897109985352,0
2025-07-14 18:00:00+00:00,0.897119998932,0.897300004959,0.895980000496,0.896990001202,0
2025-07-14 19:00:00+00:00,0.896979987621,0.897210001945,0.895659983158,0.896719992161,0
2025-07-14 20:00:00+00:00,0.896730005741,0.897000014782,0.895560026169,0.896659970284,0
2025-07-14 21:00:00+00:00,0.896369993687,0.897170007229,0.895579993725,0.896549999714,0
2025-07-14 22:00:00+00:00,0.896799981594,0.897189974785,0.895739972591,0.896809995174,0
2025-07-14 23:00:00+00:00,0.896690011024,0.896929979324,0.895529985428,0.896759986877,0
2025-07-15 00:00:00+00:00,0.896770000458,0.897620022297,0.895959973335,0.897119998932,0
2025-07-15 01:00:00+00:00,0.897090017796,0.897599995136,0.895250022411,0.897210001945,0
2025-07-15 02:00:00+00:00,0.897159993649,0.897319972515,0.895519971848,0.896380007267,0
2025-07-15 03:00:00+00:00,0.896350026131,0.896910011768,0.895179986954,0.896679997444,0
2025-07-15 04:00:00+00:00,0.896640002728,0.896830022335,0.895169973373,0.89634001255,0
2025-07-15 05:00:00+00:00,0.896390020847,0.89756000042,0.895210027695,0.897379994392,0
2025-07-15 06:00:00+00:00,0.897329986095,0.897729992867,0.896179974079,0.897480010986,0
2025-07-15 07:00:00+00:00,0.897430002689,0.898970007896,0.896290004253,0.898819983006,0
2025-07-15 08:00:00+00:00,0.89880001545,0.899339973927,0.897080004215,0.898440003395,0
2025-07-15 09:00:00+00:00,0.898410022259,0.899349987507,0.897379994392,0.898720026016,0
2025-07-15 10:00:00+00:00,0.898710012436,0.899030029774,0.897719979286,0.898649990559,0
2025-07-15 11:00:00+00:00,0.898609995842,0.89881002903,0.897040009499,0.898000001907,0
2025-07-15 12:00:00+00:00,0.897960007191,0.899469971657,0.897090017796,0.898519992828,0
2025-07-15 13:00:00+00:00,0.898519992828,0.898729979992,0.89521998167,0.896179974079,0
2025-07-15 14:00:00+00:00,0.896130025387,0.89621001482,0.893329977989,0.894280016422,0
2025-07-15 15:00:00+00:00,0.894339978695,0.894460022449,0.892589986324,0.893970012665,0
2025-07-15 16:00:00+00:00,0.894020020962,0.894230008125,0.892279982567,0.893299996853,0
2025-07-15 17:00:00+00:00,0.893249988556,0.893739998341,0.892359972,0.89348000288,0
2025-07-15 18:00:00+00:00,0.893459975719,0.894240021706,0.892530024052,0.893750011921,0
2025-07-15 19:00:00+00:00,0.893710017204,0.894079983234,0.892560005188,0.893819987774,0
2025-07-15 20:00:00+00:00,0.893790006638,0.893899977207,0.892650008202,0.893499970436,0
2025-07-15 21:00:00+00:00,0.893909990788,0.893909990788,0.892310023308,0.893209993839,0
2025-07-15 22:00:00+00:00,0.893209993839,0.893739998341,0.892440021038,0.893429994583,0
2025-07-15 23:00:00+00:00,0.893450021744,0.894529998302,0.892650008202,0.893989980221,0
2025-07-16 00:00:00+00:00,0.894010007381,0.895699977875,0.892939984798,0.894900023937,0
2025-07-16 01:00:00+00:00,0.894860029221,0.895510017872,0.893930017948,0.895229995251,0
2025-07-16 02:00:00+00:00,0.89521998167,0.895240008831,0.893440008163,0.894749999046,0
2025-07-16 03:00:00+00:00,0.894670009613,0.895340025425,0.893830001354,0.894869983196,0
2025-07-16 04:00:00+00:00,0.89485001564,0.895150005817,0.893679976463,0.894980013371,0
2025-07-16 05:00:00+00:00,0.89495998621,0.895129978657,0.893630027771,0.894649982452,0
2025-07-16 06:00:00+00:00,0.894659996033,0.895210027695,0.89358997345,0.89471000433,0
2025-07-16 07:00:00+00:00,0.89472001791,0.894940018654,0.89348000288,0.894900023937,0
2025-07-16 08:00:00+00:00,0.894879996777,0.895179986954,0.893710017204,0.894680023193,0
2025-07-16 09:00:00+00:00,0.894649982452,0.89496999979,0.89335000515,0.89495998621,0
2025-07-16 10:00:00+00:00,0.89496999979,0.89509999752,0.893649995327,0.89484000206,0
2025-07-16 11:00:00+00:00,0.894800007343,0.895169973373,0.893639981747,0.89494997263,0
2025-07-16 12:00:00+00:00,0.89495998621,0.895529985428,0.893499970436,0.894569993019,0
2025-07-16 13:00:00+00:00,0.894540011883,0.894940018654,0.892390012741,0.8934699893,0
2025-07-16 14:00:00+00:00,0.89348000288,0.89495998621,0.892390012741,0.894050002098,0
2025-07-16 15:00:00+00:00,0.893980026245,0.896619975567,0.893109977245,0.893760025501,0
2025-07-16 16:00:00+00:00,0.893750011921,0.894270002842,0.89222997427,0.893169999123,0
2025-07-16 17:00:00+00:00,0.893190026283,0.89472001791,0.892470002174,0.893850028515,0
2025-07-16 18:00:00+00:00,0.893809974194,0.893980026245,0.892329990864,0.893249988556,0
2025-07-16 19:00:00+00:00,0.893239974976,0.893410027027,0.89209997654,0.893040001392,0
2025-07-16 20:00:00+00:00,0.893029987812,0.89348000288,0.892069995403,0.892840027809,0
2025-07-16 21:00:00+00:00,0.892859995365,0.894990026951,0.892130017281,0.892880022526,0
2025-07-16 22:00:00+00:00,0.893130004406,0.893280029297,0.892080008984,0.892859995365,0
2025-07-16 23:00:00+00:00,0.892809987068,0.893199980259,0.891830027103,0.892759978771,0
2025-07-17 00:00:00+00:00,0.892759978771,0.892870008945,0.891160011292,0.892279982567,0
2025-07-17 01:00:00+00:00,0.892210006714,0.893149971962,0.88901001215,0.890209972858,0
2025-07-17 02:00:00+00:00,0.890259981155,0.890280008316,0.887409985065,0.888490021229,0
2025-07-17 03:00:00+00:00,0.888480007648,0.889699995518,0.887210011482,0.889590024948,0
2025-07-17 04:00:00+00:00,0.889549970627,0.890179991722,0.888360023499,0.889970004559,0
2025-07-17 05:00:00+00:00,0.889980018139,0.890460014343,0.889060020447,0.889789998531,0
2025-07-17 06:00:00+00:00,0.889699995518,0.889890015125,0.887009978294,0.888040006161,0
2025-07-17 07:00:00+00:00,0.888019979,0.888350009918,0.886839985847,0.888289988041,0
2025-07-17 08:00:00+00:00,0.888300001621,0.889429986477,0.887419998646,0.889349997044,0
2025-07-17 09:00:00+00:00,0.889320015907,0.889720022678,0.88789999485,0.888859987259,0
2025-07-17 10:00:00+00:00,0.888870000839,0.889900028706,0.888010025024,0.889779984951,0
2025-07-17 11:00:00+00:00,0.889769971371,0.889880001545,0.887740015984,0.888629972935,0
2025-07-17 12:00:00+00:00,0.888660013676,0.890299975872,0.887870013714,0.889930009842,0
2025-07-17 13:00:00+00:00,0.889919996262,0.890269994736,0.888499975204,0.889959990978,0
2025-07-17 14:00:00+00:00,0.889989972115,0.890940010548,0.889060020447,0.890890002251,0
2025-07-17 15:00:00+00:00,0.890860021114,0.891780018806,0.889890015125,0.891260027885,0
2025-07-17 16:00:00+00:00,0.891330003738,0.891910016537,0.89037001133,0.891279995441,0
2025-07-17 17:00:00+00:00,0.891309976578,0.891839981079,0.890429973602,0.891579985619,0
2025-07-17 18:00:00+00:00,0.891600012779,0.892069995403,0.890789985657,0.891770005226,0
2025-07-17 19:00:00+00:00,0.891719996929,0.892260015011,0.891089975834,0.892009973526,0
2025-07-17 20:00:00+00:00,0.891939997673,0.892170011997,0.890969991684,0.891789972782,0
2025-07-17 21:00:00+00:00,0.89087998867,0.89199000597,0.890169978142,0.891560018063,0
2025-07-17 22:00:00+00:00,0.891529977322,0.892719984055,0.891229987144,0.892419993877,0
2025-07-17 23:00:00+00:00,0.892539978027,0.892729997635,0.891589999199,0.892419993877,0
2025-07-18 00:00:00+00:00,0.892449975014,0.89371997118,0.891529977322,0.893540024757,0
2025-07-18 01:00:00+00:00,0.893509984016,0.893930017948,0.892570018768,0.893310010433,0
2025-07-18 02:00:00+00:00,0.89333999157,0.894249975681,0.892359972,0.894140005112,0
2025-07-18 03:00:00+00:00,0.894129991531,0.894370019436,0.892449975014,0.893410027027,0
2025-07-18 04:00:00+00:00,0.89336001873,0.893429994583,0.891939997673,0.892849981785,0
2025-07-18 05:00:00+00:00,0.892830014229,0.893280029297,0.891929984093,0.893149971962,0
2025-07-18 06:00:00+00:00,0.893079996109,0.894070029259,0.892059981823,0.893989980221,0
2025-07-18 07:00:00+00:00,0.893989980221,0.894249975681,0.892669975758,0.894190013409,0
2025-07-18 08:00:00+00:00,0.894169986248,0.894990026951,0.893459975719,0.894599974155,0
2025-07-18 09:00:00+00:00,0.894599974155,0.895030021667,0.893559992313,0.894810020924,0
2025-07-18 10:00:00+00:00,0.894779980183,0.89507997036,0.893660008907,0.894739985466,0
2025-07-18 11:00:00+00:00,0.89472001791,0.895190000534,0.89371997118,0.894940018654,0
2025-07-18 12:00:00+00:00,0.894930005074,0.895550012589,0.893790006638,0.895039975643,0
2025-07-18 13:00:00+00:00,0.895030021667,0.895739972591,0.893939971924,0.895619988441,0
2025-07-18 14:00:00+00:00,0.895560026169,0.896170020103,0.894140005112,0.894810020924,0
2025-07-18 15:00:00+00:00,0.89482998848,0.895590007305,0.893850028515,0.894760012627,0
2025-07-18 16:00:00+00:00,0.894729971886,0.895169973373,0.892960011959,0.893739998341,0
2025-07-18 17:00:00+00:00,0.893760025501,0.894110023975,0.89223998785,0.893379986286,0
2025-07-18 18:00:00+00:00,0.893379986286,0.89349001646,0.891879975796,0.892970025539,0
2025-07-18 19:00:00+00:00,0.892979979515,0.893260002136,0.891960024834,0.893079996109,0
2025-07-18 20:00:00+00:00,0.893050014973,0.893400013447,0.892090022564,0.892690002918,0
2025-07-18 21:00:00+00:00,0.892400026321,0.892400026321,0.892400026321,0.892400026321,0
2025-07-20 23:00:00+00:00,0.893000006676,0.893700003624,0.892090022564,0.89358997345,0
2025-07-21 00:00:00+00:00,0.89358997345,0.893880009651,0.891879975796,0.893079996109,0
2025-07-21 01:00:00+00:00,0.893060028553,0.893800020218,0.891719996929,0.892929971218,0
2025-07-21 02:00:00+00:00,0.892939984798,0.893159985542,0.891579985619,0.892820000648,0
2025-07-21 03:00:00+00:00,0.892809987068,0.893159985542,0.891830027103,0.892949998379,0
2025-07-21 04:00:00+00:00,0.892920017242,0.893369972706,0.89197999239,0.893140017986,0
2025-07-21 05:00:00+00:00,0.893119990826,0.893570005894,0.892069995403,0.893369972706,0
2025-07-21 06:00:00+00:00,0.893329977989,0.894190013409,0.892430007458,0.893830001354,0
2025-07-21 07:00:00+00:00,0.893840014935,0.894140005112,0.892319977283,0.89333999157,0
2025-07-21 08:00:00+00:00,0.893320024014,0.894209980965,0.892319977283,0.894119977951,0
2025-07-21 09:00:00+00:00,0.894070029259,0.894249975681,0.892719984055,0.893630027771,0
2025-07-21 10:00:00+00:00,0.89359998703,0.893890023232,0.892409980297,0.89348000288,0
2025-07-21 11:00:00+00:00,0.89348000288,0.894110023975,0.892379999161,0.893959999084,0
2025-07-21 12:00:00+00:00,0.893989980221,0.894209980965,0.892620027065,0.893419981003,0
2025-07-21 13:00:00+00:00,0.893429994583,0.894020020962,0.892050027847,0.893660008907,0
2025-07-21 14:00:00+00:00,0.893679976463,0.894429981709,0.892780005932,0.893779993057,0
2025-07-21 15:00:00+00:00,0.893760025501,0.894289970398,0.892650008202,0.893779993057,0
2025-07-21 16:00:00+00:00,0.893760025501,0.894050002098,0.892700016499,0.893840014935,0
2025-07-21 17:00:00+00:00,0.893800020218,0.893899977207,0.892329990864,0.893410027027,0
2025-07-21 18:00:00+00:00,0.893400013447,0.8934699893,0.892009973526,0.89310002327,0
2025-07-21 19:00:00+00:00,0.893079996109,0.893289983273,0.891669988632,0.892560005188,0
2025-07-21 20:00:00+00:00,0.892520010471,0.892780005932,0.891449987888,0.892409980297,0
2025-07-21 21:00:00+00:00,0.893010020256,0.893010020256,0.891279995441,0.892170011997,0
2025-07-21 22:00:00+00:00,0.892149984837,0.892530024052,0.891330003738,0.892279982567,0
2025-07-21 23:00:00+00:00,0.892279982567,0.893040001392,0.891349971294,0.892589986324,0
2025-07-22 00:00:00+00:00,0.892570018768,0.892859995365,0.891080021858,0.892030000687,0
2025-07-22 01:00:00+00:00,0.892009973526,0.892490029335,0.89086997509,0.892040014267,0
2025-07-22 02:00:00+00:00,0.891969978809,0.892910003662,0.891269981861,0.892790019512,0
2025-07-22 03:00:00+00:00,0.892840027809,0.892859995365,0.891260027885,0.892329990864,0
2025-07-22 04:00:00+00:00,0.892340004444,0.892669975758,0.891099989414,0.892019987106,0
2025-07-22 05:00:00+00:00,0.892009973526,0.892210006714,0.890709996223,0.891770005226,0
2025-07-22 06:00:00+00:00,0.891770005226,0.892199993134,0.890460014343,0.891480028629,0
2025-07-22 07:00:00+00:00,0.891489982605,0.89186000824,0.889630019665,0.890559971333,0
2025-07-22 08:00:00+00:00,0.890519976616,0.891200006008,0.889559984207,0.890659987926,0
2025-07-22 09:00:00+00:00,0.890690028667,0.891529977322,0.889890015125,0.891420006752,0
2025-07-22 10:00:00+00:00,0.891449987888,0.891589999199,0.889810025692,0.890690028667,0
2025-07-22 11:00:00+00:00,0.890670001507,0.891579985619,0.889729976654,0.891340017319,0
2025-07-22 12:00:00+00:00,0.891290009022,0.892799973488,0.890240013599,0.892679989338,0
2025-07-22 13:00:00+00:00,0.892669975758,0.893649995327,0.891640007496,0.892400026321,0
2025-07-22 14:00:00+00:00,0.892440021038,0.892849981785,0.89087998867,0.892650008202,0
2025-07-22 15:00:00+00:00,0.892679989338,0.892859995365,0.891229987144,0.892449975014,0
2025-07-22 16:00:00+00:00,0.892459988594,0.892599999905,0.890900015831,0.89200001955,0
2025-07-22 17:00:00+00:00,0.89197999239,0.892199993134,0.89063000679,0.891690015793,0
2025-07-22 18:00:00+00:00,0.891659975052,0.891719996929,0.890259981155,0.891369998455,0
2025-07-22 19:00:00+00:00,0.891359984875,0.891900002956,0.890450000763,0.891380012035,0
2025-07-22 20:00:00+00:00,0.891399979591,0.891919970512,0.890420019627,0.891290009022,0
2025-07-22 21:00:00+00:00,0.891300022602,0.891770005226,0.890190005302,0.890969991684,0
2025-07-22 22:00:00+00:00,0.891170024872,0.891650021076,0.890179991722,0.891170024872,0
2025-07-22 23:00:00+00:00,0.891139984131,0.891809999943,0.890389978886,0.891409993172,0
2025-07-23 00:00:00+00:00,0.891409993172,0.891629993916,0.890139997005,0.891300022602,0
2025-07-23 01:00:00+00:00,0.891309976578,0.89236998558,0.890529990196,0.892159998417,0
2025-07-23 02:00:00+00:00,0.892139971256,0.892539978027,0.89060997963,0.891669988632,0
2025-07-23 03:00:00+00:00,0.891669988632,0.892830014229,0.890900015831,0.892340004444,0
2025-07-23 04:00:00+00:00,0.892350018024,0.893180012703,0.891499996185,0.893010020256,0
2025-07-23 05:00:00+00:00,0.893019974232,0.893809974194,0.891849994659,0.893559992313,0
2025-07-23 06:00:00+00:00,0.893540024757,0.893710017204,0.891969978809,0.893389999866,0
2025-07-23 07:00:00+00:00,0.893299996853,0.894159972668,0.892539978027,0.893880009651,0
2025-07-23 08:00:00+00:00,0.893840014935,0.894529998302,0.892830014229,0.894140005112,0
2025-07-23 09:00:00+00:00,0.894100010395,0.894620001316,0.892970025539,0.894509971142,0
2025-07-23 10:00:00+00:00,0.894550025463,0.895479977131,0.893639981747,0.895190000534,0
2025-07-23 11:00:00+00:00,0.895190000534,0.896099984646,0.894259989262,0.895839989185,0
2025-07-23 12:00:00+00:00,0.895850002766,0.89632999897,0.894930005074,0.896120011806,0
2025-07-23 13:00:00+00:00,0.896109998226,0.896740019321,0.894940018654,0.896589994431,0
2025-07-23 14:00:00+00:00,0.896549999714,0.897719979286,0.895699977875,0.896759986877,0
2025-07-23 15:00:00+00:00,0.896770000458,0.897230029106,0.895139992237,0.896740019321,0
2025-07-23 16:00:00+00:00,0.896770000458,0.897319972515,0.895439982414,0.896269977093,0
2025-07-23 17:00:00+00:00,0.89634001255,0.896990001202,0.895439982414,0.896870017052,0
2025-07-23 18:00:00+00:00,0.896860003471,0.897539973259,0.895850002766,0.897220015526,0
2025-07-23 19:00:00+00:00,0.897210001945,0.8978099823,0.896390020847,0.897319972515,0
2025-07-23 20:00:00+00:00,0.897329986095,0.897930026054,0.896420001984,0.897400021553,0
2025-07-23 21:00:00+00:00,0.897180020809,0.89744001627,0.896179974079,0.897010028362,0
2025-07-23 22:00:00+00:00,0.897090017796,0.898050010204,0.896659970284,0.897970020771,0
2025-07-23 23:00:00+00:00,0.89793998003,0.898129999638,0.896889984608,0.897729992867,0
2025-07-24 00:00:00+00:00,0.897740006447,0.898050010204,0.896690011024,0.897960007191,0
2025-07-24 01:00:00+00:00,0.897960007191,0.899100005627,0.897180020809,0.898760020733,0
2025-07-24 02:00:00+00:00,0.898760020733,0.899230003357,0.897620022297,0.899100005627,0
2025-07-24 03:00:00+00:00,0.89907002449,0.900219976902,0.898159980774,0.899749994278,0
2025-07-24 04:00:00+00:00,0.899739980698,0.900259971619,0.898519992828,0.900210022926,0
2025-07-24 05:00:00+00:00,0.900229990482,0.900749981403,0.89930999279,0.900330007076,0
2025-07-24 06:00:00+00:00,0.900309979916,0.900529980659,0.898739993572,0.899850010872,0
2025-07-24 07:00:00+00:00,0.899800002575,0.900210022926,0.898490011692,0.899410009384,0
2025-07-24 08:00:00+00:00,0.899420022964,0.900780022144,0.898280024529,0.90053999424,0
2025-07-24 09:00:00+00:00,0.900479972363,0.900749981403,0.899320006371,0.900460004807,0
2025-07-24 10:00:00+00:00,0.900499999523,0.900619983673,0.898649990559,0.899659991264,0
2025-07-24 11:00:00+00:00,0.899670004845,0.90029001236,0.898829996586,0.900259971619,0
2025-07-24 12:00:00+00:00,0.900210022926,0.900979995728,0.898679971695,0.899320006371,0
2025-07-24 13:00:00+00:00,0.899460017681,0.900439977646,0.898710012436,0.899869978428,0
2025-07-24 14:00:00+00:00,0.899779975414,0.900900006294,0.898779988289,0.899569988251,0
2025-07-24 15:00:00+00:00,0.899670004845,0.900460004807,0.898450016975,0.90030002594,0
2025-07-24 16:00:00+00:00,0.900269985199,0.90040999651,0.898620009422,0.899389982224,0
2025-07-24 17:00:00+00:00,0.899360001087,0.899959981441,0.898570001125,0.899820029736,0
2025-07-24 18:00:00+00:00,0.899810016155,0.900380015373,0.898850023746,0.900189995766,0
2025-07-24 19:00:00+00:00,0.90017002821,0.900189995766,0.898469984531,0.899479985237,0
2025-07-24 20:00:00+00:00,0.899410009384,0.899659991264,0.897920012474,0.898150026798,0
2025-07-24 21:00:00+00:00,0.8978099823,0.900520026684,0.897750020027,0.898599982262,0
2025-07-24 22:00:00+00:00,0.898469984531,0.89955997467,0.897930026054,0.899510025978,0
2025-07-24 23:00:00+00:00,0.899420022964,0.899820029736,0.898440003395,0.899489998817,0
2025-07-25 00:00:00+00:00,0.899410009384,0.899919986725,0.898469984531,0.899550020695,0
2025-07-25 01:00:00+00:00,0.899529993534,0.899689972401,0.89758002758,0.898859977722,0
2025-07-25 02:00:00+00:00,0.89881002903,0.898989975452,0.897490024567,0.898699998856,0
2025-07-25 03:00:00+00:00,0.898689985275,0.89893001318,0.897589981556,0.898869991302,0
2025-07-25 04:00:00+00:00,0.898829996586,0.899140000343,0.896390020847,0.897539973259,0
2025-07-25 05:00:00+00:00,0.897469997406,0.898459970951,0.896690011024,0.898010015488,0
2025-07-25 06:00:00+00:00,0.898010015488,0.898729979992,0.897040009499,0.898679971695,0
2025-07-25 07:00:00+00:00,0.898670017719,0.898880004883,0.897400021553,0.898500025272,0
2025-07-25 08:00:00+00:00,0.898509979248,0.898729979992,0.897040009499,0.898180007935,0
2025-07-25 09:00:00+00:00,0.898180007935,0.898249983788,0.896120011806,0.89756000042,0
2025-07-25 10:00:00+00:00,0.897509992123,0.897639989853,0.896380007267,0.89758002758,0
2025-07-25 11:00:00+00:00,0.897530019283,0.897979974747,0.895860016346,0.897790014744,0
2025-07-25 12:00:00+00:00,0.897790014744,0.898209989071,0.896309971809,0.897589981556,0
2025-07-25 13:00:00+00:00,0.89758002758,0.898949980736,0.896480023861,0.898639976978,0
2025-07-25 14:00:00+00:00,0.898679971695,0.899410009384,0.897589981556,0.898840010166,0
2025-07-25 15:00:00+00:00,0.898819983006,0.899119973183,0.897449970245,0.898869991302,0
2025-07-25 16:00:00+00:00,0.89881002903,0.899930000305,0.898100018501,0.899770021439,0
2025-07-25 17:00:00+00:00,0.899730026722,0.899909973145,0.898660004139,0.899640023708,0
2025-07-25 18:00:00+00:00,0.899709999561,0.900059998035,0.898469984531,0.899900019169,0
2025-07-25 19:00:00+00:00,0.899890005589,0.900059998035,0.898549973965,0.899469971657,0
2025-07-25 20:00:00+00:00,0.899550020695,0.899909973145,0.898350000381,0.898829996586,0
2025-07-25 21:00:00+00:00,0.898739993572,0.898739993572,0.898739993572,0.898739993572,0
2025-07-27 23:00:00+00:00,0.900129973888,0.900499999523,0.899200022221,0.900340020657,0
2025-07-28 00:00:00+00:00,0.900319993496,0.901130020618,0.899460017681,0.901059985161,0
2025-07-28 01:00:00+00:00,0.901059985161,0.901499986649,0.899079978466,0.899940013885,0
2025-07-28 02:00:00+00:00,0.900020003319,0.900730013847,0.89904999733,0.900330007076,0
2025-07-28 03:00:00+00:00,0.90030002594,0.900460004807,0.898299992085,0.899269998074,0
2025-07-28 04:00:00+00:00,0.89930999279,0.899410009384,0.89793998003,0.899259984493,0
2025-07-28 05:00:00+00:00,0.899230003357,0.899399995804,0.897889971733,0.89904999733,0
2025-07-28 06:00:00+00:00,0.899010002613,0.89916998148,0.897119998932,0.898020029068,0
2025-07-28 07:00:00+00:00,0.897960007191,0.898310005665,0.895470023155,0.8962200284,0
2025-07-28 08:00:00+00:00,0.89621001482,0.896229982376,0.894259989262,0.895470023155,0
2025-07-28 09:00:00+00:00,0.895389974117,0.896189987659,0.894289970398,0.895680010319,0
2025-07-28 10:00:00+00:00,0.895650029182,0.896619975567,0.89472001791,0.895640015602,0
2025-07-28 11:00:00+00:00,0.895579993725,0.896229982376,0.894659996033,0.895659983158,0
2025-07-28 12:00:00+00:00,0.895640015602,0.896250009537,0.894550025463,0.896239995956,0
2025-07-28 13:00:00+00:00,0.8962200284,0.896350026131,0.893169999123,0.893949985504,0
2025-07-28 14:00:00+00:00,0.893939971924,0.895609974861,0.893050014973,0.895389974117,0
2025-07-28 15:00:00+00:00,0.895299971104,0.895479977131,0.893079996109,0.894029974937,0
2025-07-28 16:00:00+00:00,0.894029974937,0.894410014153,0.892939984798,0.893949985504,0
2025-07-28 17:00:00+00:00,0.893920004368,0.894519984722,0.892979979515,0.894259989262,0
2025-07-28 18:00:00+00:00,0.894280016422,0.89494997263,0.893329977989,0.894890010357,0
2025-07-28 19:00:00+00:00,0.894879996777,0.895780026913,0.893880009651,0.895640015602,0
2025-07-28 20:00:00+00:00,0.895650029182,0.895850002766,0.894420027733,0.895510017872,0
2025-07-28 21:00:00+00:00,0.895349979401,0.895889997482,0.894140005112,0.895850002766,0
2025-07-28 22:00:00+00:00,0.895879983902,0.896179974079,0.894770026207,0.896170020103,0
2025-07-28 23:00:00+00:00,0.896149992943,0.89631998539,0.894699990749,0.895730018616,0
2025-07-29 00:00:00+00:00,0.895630002022,0.895730018616,0.893830001354,0.894999980927,0
2025-07-29 01:00:00+00:00,0.894990026951,0.896290004253,0.893989980221,0.895829975605,0
2025-07-29 02:00:00+00:00,0.895820021629,0.896589994431,0.894940018654,0.896359980106,0
2025-07-29 03:00:00+00:00,0.896269977093,0.8964599967,0.894559979439,0.895659983158,0
2025-07-29 04:00:00+00:00,0.895619988441,0.895990014076,0.894469976425,0.895730018616,0
2025-07-29 05:00:00+00:00,0.895680010319,0.896250009537,0.894779980183,0.896030008793,0
2025-07-29 06:00:00+00:00,0.896030008793,0.896610021591,0.893509984016,0.894389986992,0
2025-07-29 07:00:00+00:00,0.894379973412,0.894879996777,0.892979979515,0.894599974155,0
2025-07-29 08:00:00+00:00,0.894550025463,0.895420014858,0.893549978733,0.895269989967,0
2025-07-29 09:00:00+00:00,0.895250022411,0.895810008049,0.894320011139,0.895640015602,0
2025-07-29 10:00:00+00:00,0.895600020885,0.896089971066,0.894379973412,0.895380020142,0
2025-07-29 11:00:00+00:00,0.895389974117,0.895470023155,0.89371997118,0.89472001791,0
2025-07-29 12:00:00+00:00,0.894739985466,0.895420014858,0.893790006638,0.895340025425,0
2025-07-29 13:00:00+00:00,0.895229995251,0.895850002766,0.893700003624,0.895550012589,0
2025-07-29 14:00:00+00:00,0.895650029182,0.897019982338,0.893230021,0.896979987621,0
2025-07-29 15:00:00+00:00,0.896899998188,0.897170007229,0.895160019398,0.896560013294,0
2025-07-29 16:00:00+00:00,0.896549999714,0.897040009499,0.895560026169,0.896870017052,0
2025-07-29 17:00:00+00:00,0.896849989891,0.897449970245,0.895869970322,0.896749973297,0
2025-07-29 18:00:00+00:00,0.896839976311,0.897000014782,0.895519971848,0.896969974041,0
2025-07-29 19:00:00+00:00,0.896910011768,0.897310018539,0.895799994469,0.897249996662,0
2025-07-29 20:00:00+00:00,0.897159993649,0.89758002758,0.895529985428,0.896030008793,0
2025-07-29 21:00:00+00:00,0.895900011063,0.896619975567,0.895200014114,0.896529972553,0
2025-07-29 22:00:00+00:00,0.896510004997,0.896950006485,0.895690023899,0.896879971027,0
2025-07-29 23:00:00+00:00,0.896899998188,0.897149980068,0.895780026913,0.897109985352,0
2025-07-30 00:00:00+00:00,0.897080004215,0.898119986057,0.895980000496,0.897989988327,0
2025-07-30 01:00:00+00:00,0.898029983044,0.898320019245,0.895349979401,0.896920025349,0
2025-07-30 02:00:00+00:00,0.896889984608,0.89744001627,0.895799994469,0.897239983082,0
2025-07-30 03:00:00+00:00,0.897270023823,0.897499978542,0.895889997482,0.897090017796,0
2025-07-30 04:00:00+00:00,0.897069990635,0.897199988365,0.895479977131,0.89644998312,0
2025-07-30 05:00:00+00:00,0.896390020847,0.897099971771,0.895049989223,0.896610021591,0
2025-07-30 06:00:00+00:00,0.896539986134,0.896920025349,0.895340025425,0.896260023117,0
2025-07-30 07:00:00+00:00,0.896160006523,0.896470010281,0.894230008125,0.895179986954,0
2025-07-30 08:00:00+00:00,0.895129978657,0.895579993725,0.894039988518,0.895389974117,0
2025-07-30 09:00:00+00:00,0.895370006561,0.895780026913,0.894330024719,0.895630002022,0
2025-07-30 10:00:00+00:00,0.895600020885,0.895770013332,0.894029974937,0.89495998621,0
2025-07-30 11:00:00+00:00,0.894890010357,0.895259976387,0.893230021,0.894370019436,0
2025-07-30 12:00:00+00:00,0.894439995289,0.894819974899,0.891700029373,0.892610013485,0
2025-07-30 13:00:00+00:00,0.892650008202,0.892780005932,0.889880001545,0.890900015831,0
2025-07-30 14:00:00+00:00,0.890890002251,0.892270028591,0.889909982681,0.892069995403,0
2025-07-30 15:00:00+00:00,0.8921200037,0.89223998785,0.889989972115,0.891089975834,0
2025-07-30 16:00:00+00:00,0.891049981117,0.891650021076,0.890060007572,0.891470015049,0
2025-07-30 17:00:00+00:00,0.891449987888,0.892419993877,0.890519976616,0.891589999199,0
2025-07-30 18:00:00+00:00,0.891579985619,0.892899990082,0.887939989567,0.888429999352,0
2025-07-30 19:00:00+00:00,0.888459980488,0.890020012856,0.887359976768,0.889819979668,0
2025-07-30 20:00:00+00:00,0.889900028706,0.891330003738,0.888909995556,0.889110028744,0
2025-07-30 21:00:00+00:00,0.889119982719,0.889999985695,0.888620018959,0.889840006828,0
2025-07-30 22:00:00+00:00,0.889970004559,0.891250014305,0.889339983463,0.891030013561,0
2025-07-30 23:00:00+00:00,0.891030013561,0.891550004482,0.889909982681,0.890910029411,0
2025-07-31 00:00:00+00:00,0.890919983387,0.891340017319,0.889930009842,0.890929996967,0
2025-07-31 01:00:00+00:00,0.890839993954,0.892139971256,0.88925999403,0.892080008984,0
2025-07-31 02:00:00+00:00,0.892090022564,0.89236998558,0.890559971333,0.89210999012,0
2025-07-31 03:00:00+00:00,0.8921200037,0.892490029335,0.890900015831,0.892419993877,0
2025-07-31 04:00:00+00:00,0.892329990864,0.89349001646,0.891240000725,0.893450021744,0
2025-07-31 05:00:00+00:00,0.89335000515,0.893739998341,0.892329990864,0.893559992313,0
2025-07-31 06:00:00+00:00,0.893519997597,0.894439995289,0.892660021782,0.894119977951,0
2025-07-31 07:00:00+00:00,0.894100010395,0.894289970398,0.892910003662,0.894100010395,0
2025-07-31 08:00:00+00:00,0.894060015678,0.894200026989,0.892390012741,0.893530011177,0
2025-07-31 09:00:00+00:00,0.893509984016,0.89358997345,0.891809999943,0.892729997635,0
2025-07-31 10:00:00+00:00,0.892769992352,0.892889976501,0.890670001507,0.891420006752,0
2025-07-31 11:00:00+00:00,0.891460001469,0.891879975796,0.89061999321,0.891700029373,0
2025-07-31 12:00:00+00:00,0.891669988632,0.892080008984,0.889680027962,0.890600025654,0
2025-07-31 13:00:00+00:00,0.89051002264,0.891269981861,0.88901001215,0.891049981117,0
2025-07-31 14:00:00+00:00,0.891049981117,0.891200006008,0.888899981976,0.889850020409,0
2025-07-31 15:00:00+00:00,0.889850020409,0.890709996223,0.888779997826,0.889959990978,0
2025-07-31 16:00:00+00:00,0.889919996262,0.890720009804,0.888859987259,0.890460014343,0
2025-07-31 17:00:00+00:00,0.89051002264,0.890600025654,0.889119982719,0.889959990978,0
2025-07-31 18:00:00+00:00,0.889980018139,0.890990018845,0.889180004597,0.890299975872,0
2025-07-31 19:00:00+00:00,0.890299975872,0.890709996223,0.889410018921,0.890280008316,0
2025-07-31 20:00:00+00:00,0.890129983425,0.89048999548,0.888890028,0.889469981194,0
2025-07-31 21:00:00+00:00,0.889460027218,0.890230000019,0.888740003109,0.889869987965,0
2025-07-31 22:00:00+00:00,0.889829993248,0.891189992428,0.888899981976,0.890990018845,0
2025-07-31 23:00:00+00:00,0.891049981117,0.891380012035,0.889689981937,0.890690028667,0
2025-08-01 00:00:00+00:00,0.89061999321,0.890829980373,0.889320015907,0.89050000906,0
2025-08-01 01:00:00+00:00,0.89048999548,0.891619980335,0.889519989491,0.890829980373,0
2025-08-01 02:00:00+00:00,0.89086997509,0.891210019588,0.889750003815,0.891009986401,0
2025-08-01 03:00:00+00:00,0.890990018845,0.89199000597,0.890179991722,0.891560018063,0
2025-08-01 04:00:00+00:00,0.891470015049,0.891900002956,0.890450000763,0.891539990902,0
2025-08-01 05:00:00+00:00,0.891470015049,0.89199000597,0.890450000763,0.891309976578,0
2025-08-01 06:00:00+00:00,0.891309976578,0.892059981823,0.890269994736,0.89161002636,0
2025-08-01 07:00:00+00:00,0.891669988632,0.892030000687,0.890339970589,0.891839981079,0
2025-08-01 08:00:00+00:00,0.891820013523,0.892189979553,0.890330016613,0.891139984131,0
2025-08-01 09:00:00+00:00,0.891129970551,0.891269981861,0.889779984951,0.891089975834,0
2025-08-01 10:00:00+00:00,0.891019999981,0.891650021076,0.890139997005,0.891260027885,0
2025-08-01 11:00:00+00:00,0.891269981861,0.892080008984,0.890190005302,0.891009986401,0
2025-08-01 12:00:00+00:00,0.890900015831,0.895430028439,0.88963997364,0.894100010395,0
2025-08-01 13:00:00+00:00,0.894039988518,0.894580006599,0.889699995518,0.890810012817,0
2025-08-01 14:00:00+00:00,0.890820026398,0.892310023308,0.889440000057,0.890959978104,0
2025-08-01 15:00:00+00:00,0.890990018845,0.891659975052,0.889429986477,0.891070008278,0
2025-08-01 16:00:00+00:00,0.891009986401,0.891349971294,0.889400005341,0.890309989452,0
2025-08-01 17:00:00+00:00,0.890290021896,0.890410006046,0.887969970703,0.889660000801,0
2025-08-01 18:00:00+00:00,0.88963997364,0.890569984913,0.888490021229,0.889729976654,0
2025-08-01 19:00:00+00:00,0.889760017395,0.891210019588,0.888570010662,0.890799999237,0
2025-08-01 20:00:00+00:00,0.890789985657,0.89223998785,0.889970004559,0.891730010509,0
2025-08-01 21:00:00+00:00,0.891330003738,0.891330003738,0.891330003738,0.891330003738,0
2025-08-03 23:00:00+00:00,0.890929996967,0.891579985619,0.889840006828,0.891200006008,0
2025-08-04 00:00:00+00:00,0.891129970551,0.892920017242,0.890450000763,0.892650008202,0
2025-08-04 01:00:00+00:00,0.892709970474,0.893459975719,0.891099989414,0.893209993839,0
2025-08-04 02:00:00+00:00,0.893190026283,0.893270015717,0.891210019588,0.892270028591,0
2025-08-04 03:00:00+00:00,0.892189979553,0.893000006676,0.891380012035,0.892799973488,0
2025-08-04 04:00:00+00:00,0.892840027809,0.893299996853,0.891830027103,0.892809987068,0
2025-08-04 05:00:00+00:00,0.892790019512,0.893000006676,0.891669988632,0.892929971218,0
2025-08-04 06:00:00+00:00,0.892859995365,0.89310002327,0.891260027885,0.892499983311,0
2025-08-04 07:00:00+00:00,0.892390012741,0.892859995365,0.891040027142,0.892319977283,0
2025-08-04 08:00:00+00:00,0.892260015011,0.892889976501,0.891040027142,0.892830014229,0
2025-08-04 09:00:00+00:00,0.892840027809,0.893519997597,0.891809999943,0.892700016499,0
2025-08-04 10:00:00+00:00,0.892660021782,0.892840027809,0.891279995441,0.892729997635,0
2025-08-04 11:00:00+00:00,0.892740011215,0.893010020256,0.891600012779,0.892880022526,0
2025-08-04 12:00:00+00:00,0.892870008945,0.893299996853,0.891820013523,0.892599999905,0
2025-08-04 13:00:00+00:00,0.892520010471,0.893000006676,0.891110002995,0.891830027103,0
2025-08-04 14:00:00+00:00,0.891839981079,0.892599999905,0.890349984169,0.891099989414,0
2025-08-04 15:00:00+00:00,0.891099989414,0.891529977322,0.88963997364,0.890550017357,0
2025-08-04 16:00:00+00:00,0.89048999548,0.890890002251,0.889469981194,0.890439987183,0
2025-08-04 17:00:00+00:00,0.890420019627,0.890529990196,0.889119982719,0.890009999275,0
2025-08-04 18:00:00+00:00,0.890060007572,0.890649974346,0.88925999403,0.890410006046,0
2025-08-04 19:00:00+00:00,0.890399992466,0.890779972076,0.889400005341,0.890709996223,0
2025-08-04 20:00:00+00:00,0.890690028667,0.891240000725,0.889670014381,0.890479981899,0
2025-08-04 21:00:00+00:00,0.890919983387,0.892040014267,0.889410018921,0.89074999094,0
2025-08-04 22:00:00+00:00,0.890770018101,0.891399979591,0.890120029449,0.891149997711,0
2025-08-04 23:00:00+00:00,0.891149997711,0.891629993916,0.890089988708,0.891369998455,0
2025-08-05 00:00:00+00:00,0.891359984875,0.89174002409,0.889760017395,0.891030013561,0
2025-08-05 01:00:00+00:00,0.891070008278,0.891229987144,0.889590024948,0.89060997963,0
2025-08-05 02:00:00+00:00,0.890569984913,0.89061999321,0.889110028744,0.890559971333,0
2025-08-05 03:00:00+00:00,0.890550017357,0.890730023384,0.889180004597,0.890089988708,0
2025-08-05 04:00:00+00:00,0.890100002289,0.891359984875,0.889119982719,0.891120016575,0
2025-08-05 05:00:00+00:00,0.891110002995,0.891149997711,0.889779984951,0.890709996223,0
2025-08-05 06:00:00+00:00,0.890579998493,0.891600012779,0.889540016651,0.890429973602,0
2025-08-05 07:00:00+00:00,0.890410006046,0.891369998455,0.889090001583,0.890150010586,0
2025-08-05 08:00:00+00:00,0.890100002289,0.891080021858,0.889180004597,0.890850007534,0
2025-08-05 09:00:00+00:00,0.890839993954,0.891709983349,0.889959990978,0.891449987888,0
2025-08-05 10:00:00+00:00,0.891399979591,0.891839981079,0.890450000763,0.891309976578,0
2025-08-05 11:00:00+00:00,0.891300022602,0.891539990902,0.890070021152,0.891229987144,0
2025-08-05 12:00:00+00:00,0.891210019588,0.892189979553,0.890200018883,0.892030000687,0
2025-08-05 13:00:00+00:00,0.892009973526,0.892859995365,0.890089988708,0.891200006008,0
2025-08-05 14:00:00+00:00,0.891099989414,0.891529977322,0.889429986477,0.890690028667,0
2025-08-05 15:00:00+00:00,0.890730023384,0.891640007496,0.889750003815,0.891589999199,0
2025-08-05 16:00:00+00:00,0.891600012779,0.892490029335,0.89048999548,0.89209997654,0
2025-08-05 17:00:00+00:00,0.892019987106,0.892289996147,0.891040027142,0.89209997654,0
2025-08-05 18:00:00+00:00,0.89210999012,0.892180025578,0.890559971333,0.891510009766,0
2025-08-05 19:00:00+00:00,0.891529977322,0.891669988632,0.890209972858,0.890929996967,0
2025-08-05 20:00:00+00:00,0.890829980373,0.891650021076,0.889970004559,0.890900015831,0
2025-08-05 21:00:00+00:00,0.89087998867,0.891430020332,0.889970004559,0.89086997509,0
2025-08-05 22:00:00+00:00,0.890919983387,0.891359984875,0.890120029449,0.891110002995,0
2025-08-05 23:00:00+00:00,0.890980005264,0.891569972038,0.890079975128,0.891149997711,0
2025-08-06 00:00:00+00:00,0.891160011292,0.892409980297,0.890450000763,0.892030000687,0
2025-08-06 01:00:00+00:00,0.892019987106,0.892400026321,0.890779972076,0.892329990864,0
2025-08-06 02:00:00+00:00,0.892250001431,0.893029987812,0.891170024872,0.892830014229,0
2025-08-06 03:00:00+00:00,0.892830014229,0.893710017204,0.892009973526,0.893419981003,0
2025-08-06 04:00:00+00:00,0.89335000515,0.894219994545,0.892430007458,0.894029974937,0
2025-08-06 05:00:00+00:00,0.894089996815,0.894190013409,0.89236998558,0.893329977989,0
2025-08-06 06:00:00+00:00,0.893239974976,0.893670022488,0.89222997427,0.893429994583,0
2025-08-06 07:00:00+00:00,0.893429994583,0.894079983234,0.892300009727,0.893830001354,0
2025-08-06 08:00:00+00:00,0.893819987774,0.894020020962,0.892490029335,0.893689990044,0
2025-08-06 09:00:00+00:00,0.893660008907,0.894070029259,0.892780005932,0.893819987774,0
2025-08-06 10:00:00+00:00,0.893739998341,0.894890010357,0.892620027065,0.894659996033,0
2025-08-06 11:00:00+00:00,0.894659996033,0.894919991493,0.89322000742,0.894779980183,0
2025-08-06 12:00:00+00:00,0.894770026207,0.89494997263,0.892679989338,0.894020020962,0
2025-08-06 13:00:00+00:00,0.893949985504,0.894450008869,0.892669975758,0.89371997118,0
2025-08-06 14:00:00+00:00,0.893710017204,0.893800020218,0.891529977322,0.892910003662,0
2025-08-06 15:00:00+00:00,0.892960011959,0.893689990044,0.89200001955,0.893429994583,0
2025-08-06 16:00:00+00:00,0.893389999866,0.893859982491,0.892069995403,0.89310002327,0
2025-08-06 17:00:00+00:00,0.893029987812,0.893800020218,0.892130017281,0.893419981003,0
2025-08-06 18:00:00+00:00,0.893440008163,0.894029974937,0.892549991608,0.893710017204,0
2025-08-06 19:00:00+00:00,0.893760025501,0.894309997559,0.892740011215,0.893639981747,0
2025-08-06 20:00:00+00:00,0.893660008907,0.893710017204,0.892319977283,0.89359998703,0
2025-08-06 21:00:00+00:00,0.893090009689,0.893850028515,0.892210006714,0.892700016499,0
2025-08-06 22:00:00+00:00,0.892780005932,0.893939971924,0.892490029335,0.893710017204,0
2025-08-06 23:00:00+00:00,0.8934699893,0.893859982491,0.892090022564,0.892920017242,0
2025-08-07 00:00:00+00:00,0.892790019512,0.893410027027,0.891799986362,0.892709970474,0
2025-08-07 01:00:00+00:00,0.892690002918,0.89472001791,0.89174002409,0.894270002842,0
2025-08-07 02:00:00+00:00,0.894389986992,0.89459002018,0.892610013485,0.893689990044,0
2025-08-07 03:00:00+00:00,0.893559992313,0.894460022449,0.892459988594,0.894140005112,0
2025-08-07 04:00:00+00:00,0.894219994545,0.894770026207,0.893320024014,0.894609987736,0
2025-08-07 05:00:00+00:00,0.89472001791,0.894990026951,0.893410027027,0.894879996777,0
2025-08-07 06:00:00+00:00,0.89485001564,0.895910024643,0.893989980221,0.895330011845,0
2025-08-07 07:00:00+00:00,0.895460009575,0.897059977055,0.894460022449,0.897010028362,0
2025-08-07 08:00:00+00:00,0.896929979324,0.897650003433,0.895590007305,0.896759986877,0
2025-08-07 09:00:00+00:00,0.896770000458,0.896809995174,0.89507997036,0.895889997482,0
2025-08-07 10:00:00+00:00,0.895869970322,0.89632999897,0.894869983196,0.895820021629,0
2025-08-07 11:00:00+00:00,0.895929992199,0.89634001255,0.894659996033,0.896040022373,0
2025-08-07 12:00:00+00:00,0.896049976349,0.896650016308,0.89509999752,0.896300017834,0
2025-08-07 13:00:00+00:00,0.89621001482,0.896740019321,0.895060002804,0.895850002766,0
2025-08-07 14:00:00+00:00,0.895940005779,0.895969986916,0.893050014973,0.893850028515,0
2025-08-07 15:00:00+00:00,0.893840014935,0.894219994545,0.892690002918,0.893700003624,0
2025-08-07 16:00:00+00:00,0.893620014191,0.894159972668,0.892669975758,0.893840014935,0
2025-08-07 17:00:00+00:00,0.893939971924,0.894370019436,0.892610013485,0.893989980221,0
2025-08-07 18:00:00+00:00,0.894140005112,0.894460022449,0.893130004406,0.894420027733,0
2025-08-07 19:00:00+00:00,0.894410014153,0.895640015602,0.893260002136,0.895489990711,0
2025-08-07 20:00:00+00:00,0.895479977131,0.896700024605,0.894649982452,0.89608001709,0
2025-08-07 21:00:00+00:00,0.89608001709,0.89657998085,0.894209980965,0.895810008049,0
2025-08-07 22:00:00+00:00,0.895969986916,0.896719992161,0.895259976387,0.896269977093,0
2025-08-07 23:00:00+00:00,0.896019995213,0.896539986134,0.89507997036,0.896009981632,0
2025-08-08 00:00:00+00:00,0.895980000496,0.896690011024,0.894699990749,0.895860016346,0
2025-08-08 01:00:00+00:00,0.895810008049,0.896040022373,0.894249975681,0.895640015602,0
2025-08-08 02:00:00+00:00,0.895630002022,0.896390020847,0.894729971886,0.896160006523,0
2025-08-08 03:00:00+00:00,0.896099984646,0.896170020103,0.89482998848,0.895860016346,0
2025-08-08 04:00:00+00:00,0.895929992199,0.89631998539,0.894900023937,0.896059989929,0
2025-08-08 05:00:00+00:00,0.89607000351,0.89634001255,0.894879996777,0.896049976349,0
2025-08-08 06:00:00+00:00,0.895980000496,0.89670997858,0.894879996777,0.896520018578,0
2025-08-08 07:00:00+00:00,0.896529972553,0.897339999676,0.895650029182,0.896659970284,0
2025-08-08 08:00:00+00:00,0.896659970284,0.897059977055,0.894460022449,0.895479977131,0
2025-08-08 09:00:00+00:00,0.895489990711,0.895720005035,0.894320011139,0.895529985428,0
2025-08-08 10:00:00+00:00,0.895519971848,0.896049976349,0.894389986992,0.895690023899,0
2025-08-08 11:00:00+00:00,0.895749986172,0.896049976349,0.894490003586,0.895980000496,0
2025-08-08 12:00:00+00:00,0.895969986916,0.897360026836,0.894919991493,0.896570026875,0
2025-08-08 13:00:00+00:00,0.896470010281,0.897840023041,0.895600020885,0.897270023823,0
2025-08-08 14:00:00+00:00,0.897260010242,0.897740006447,0.896040022373,0.897300004959,0
2025-08-08 15:00:00+00:00,0.897329986095,0.89794999361,0.896189987659,0.89756000042,0
2025-08-08 16:00:00+00:00,0.897449970245,0.897759974003,0.896229982376,0.897260010242,0
2025-08-08 17:00:00+00:00,0.897260010242,0.89768999815,0.896300017834,0.897300004959,0
2025-08-08 18:00:00+00:00,0.897379994392,0.897769987583,0.89644998312,0.897719979286,0
2025-08-08 19:00:00+00:00,0.897669970989,0.897759974003,0.896059989929,0.897199988365,0
2025-08-08 20:00:00+00:00,0.897239983082,0.897480010986,0.895860016346,0.896650016308,0
2025-08-08 21:00:00+00:00,0.896879971027,0.896879971027,0.896879971027,0.896879971027,0
2025-08-10 23:00:00+00:00,0.896770000458,0.896849989891,0.895250022411,0.896130025387,0
2025-08-11 00:00:00+00:00,0.896109998226,0.896659970284,0.895160019398,0.896480023861,0
2025-08-11 01:00:00+00:00,0.896470010281,0.897090017796,0.895309984684,0.896870017052,0
2025-08-11 02:00:00+00:00,0.896839976311,0.897140026093,0.895820021629,0.896790027618,0
2025-08-11 03:00:00+00:00,0.896830022335,0.897130012512,0.895510017872,0.897029995918,0
2025-08-11 04:00:00+00:00,0.896929979324,0.897360026836,0.895959973335,0.897109985352,0
2025-08-11 05:00:00+00:00,0.897099971771,0.897249996662,0.895910024643,0.897249996662,0
2025-08-11 06:00:00+00:00,0.897230029106,0.897740006447,0.896309971809,0.897430002689,0
2025-08-11 07:00:00+00:00,0.897480010986,0.897629976273,0.896160006523,0.897050023079,0
2025-08-11 08:00:00+00:00,0.896960020065,0.89783000946,0.896099984646,0.897499978542,0
2025-08-11 09:00:00+00:00,0.897459983826,0.897859990597,0.896309971809,0.897769987583,0
2025-08-11 10:00:00+00:00,0.89783000946,0.897960007191,0.896510004997,0.897719979286,0
2025-08-11 11:00:00+00:00,0.89781999588,0.897960007191,0.89595001936,0.897239983082,0
2025-08-11 12:00:00+00:00,0.897230029106,0.897379994392,0.895739972591,0.897149980068,0
2025-08-11 13:00:00+00:00,0.897109985352,0.897260010242,0.895699977875,0.897199988365,0
2025-08-11 14:00:00+00:00,0.897170007229,0.897620022297,0.895820021629,0.897040009499,0
2025-08-11 15:00:00+00:00,0.897080004215,0.897759974003,0.896049976349,0.897589981556,0
2025-08-11 16:00:00+00:00,0.89758002758,0.898079991341,0.896549999714,0.897509992123,0
2025-08-11 17:00:00+00:00,0.897499978542,0.897589981556,0.896149992943,0.897539973259,0
2025-08-11 18:00:00+00:00,0.897480010986,0.897740006447,0.896420001984,0.89758002758,0
2025-08-11 19:00:00+00:00,0.897589981556,0.897599995136,0.896229982376,0.897239983082,0
2025-08-11 20:00:00+00:00,0.897279977798,0.897570014,0.896170020103,0.896830022335,0
2025-08-11 21:00:00+00:00,0.897019982338,0.897480010986,0.895959973335,0.897220015526,0
2025-08-11 22:00:00+00:00,0.897249996662,0.897610008717,0.896279990673,0.897239983082,0
2025-08-11 23:00:00+00:00,0.897220015526,0.897480010986,0.896120011806,0.897040009499,0
2025-08-12 00:00:00+00:00,0.897050023079,0.898429989815,0.896640002728,0.898029983044,0
2025-08-12 01:00:00+00:00,0.897979974747,0.898039996624,0.896149992943,0.897620022297,0
2025-08-12 02:00:00+00:00,0.897599995136,0.898379981518,0.896700024605,0.898329973221,0
2025-08-12 03:00:00+00:00,0.898259997368,0.898699998856,0.897170007229,0.898029983044,0
2025-08-12 04:00:00+00:00,0.897930026054,0.898159980774,0.895470023155,0.897270023823,0
2025-08-12 05:00:00+00:00,0.897339999676,0.897599995136,0.894140005112,0.895139992237,0
2025-08-12 06:00:00+00:00,0.895060002804,0.89621001482,0.894190013409,0.895619988441,0
2025-08-12 07:00:00+00:00,0.895539999008,0.896139979362,0.894659996033,0.895889997482,0
2025-08-12 08:00:00+00:00,0.895879983902,0.896049976349,0.894089996815,0.895190000534,0
2025-08-12 09:00:00+00:00,0.895179986954,0.895560026169,0.893869996071,0.895049989223,0
2025-08-12 10:00:00+00:00,0.895009994507,0.895399987698,0.894010007381,0.894940018654,0
2025-08-12 11:00:00+00:00,0.894890010357,0.895179986954,0.893809974194,0.894909977913,0
2025-08-12 12:00:00+00:00,0.894869983196,0.897010028362,0.894100010395,0.896350026131,0
2025-08-12 13:00:00+00:00,0.89634001255,0.897319972515,0.894289970398,0.896350026131,0
2025-08-12 14:00:00+00:00,0.896430015564,0.897740006447,0.895200014114,0.897289991379,0
2025-08-12 15:00:00+00:00,0.897270023823,0.899580001831,0.896549999714,0.898819983006,0
2025-08-12 16:00:00+00:00,0.89881002903,0.89904999733,0.89770001173,0.898769974709,0
2025-08-12 17:00:00+00:00,0.898739993572,0.899160027504,0.897849977016,0.899100005627,0
2025-08-12 18:00:00+00:00,0.899089992046,0.899689972401,0.898190021515,0.899569988251,0
2025-08-12 19:00:00+00:00,0.899550020695,0.899829983711,0.898459970951,0.899500012398,0
2025-08-12 20:00:00+00:00,0.89943999052,0.899779975414,0.898209989071,0.898970007896,0
2025-08-12 21:00:00+00:00,0.898729979992,0.899349987507,0.897499978542,0.89894002676,0
2025-08-12 22:00:00+00:00,0.898819983006,0.899420022964,0.898060023785,0.898760020733,0
2025-08-12 23:00:00+00:00,0.898790001869,0.899320006371,0.89793998003,0.899089992046,0
2025-08-13 00:00:00+00:00,0.899089992046,0.89929997921,0.897790014744,0.898970007896,0
2025-08-13 01:00:00+00:00,0.898970007896,0.899280011654,0.897050023079,0.898350000381,0
2025-08-13 02:00:00+00:00,0.898289978504,0.899649977684,0.897459983826,0.899339973927,0
2025-08-13 03:00:00+00:00,0.899320006371,0.899569988251,0.898209989071,0.899349987507,0
2025-08-13 04:00:00+00:00,0.899320006371,0.900070011616,0.898299992085,0.899689972401,0
2025-08-13 05:00:00+00:00,0.899670004845,0.899999976158,0.898500025272,0.899909973145,0
2025-08-13 06:00:00+00:00,0.899959981441,0.901279985905,0.898400008678,0.900900006294,0
2025-08-13 07:00:00+00:00,0.90091997385,0.901730000973,0.900120019913,0.901449978352,0
2025-08-13 08:00:00+00:00,0.901359975338,0.901979982853,0.900250017643,0.901470005512,0
2025-08-13 09:00:00+00:00,0.90153002739,0.902499973774,0.900390028954,0.902369976044,0
2025-08-13 10:00:00+00:00,0.902429997921,0.902450025082,0.900810003281,0.901769995689,0
2025-08-13 11:00:00+00:00,0.901759982109,0.901809990406,0.900349974632,0.901690006256,0
2025-08-13 12:00:00+00:00,0.901679992676,0.901839971542,0.899829983711,0.901210010052,0
2025-08-13 13:00:00+00:00,0.901220023632,0.901510000229,0.899950027466,0.901170015335,0
2025-08-13 14:00:00+00:00,0.901189982891,0.902199983597,0.899999976158,0.901619970798,0
2025-08-13 15:00:00+00:00,0.901610016823,0.901700019836,0.899850010872,0.900810003281,0
2025-08-13 16:00:00+00:00,0.900759994984,0.901359975338,0.899930000305,0.901019990444,0
2025-08-13 17:00:00+00:00,0.90091997385,0.901160001755,0.899540007114,0.90053999424,0
2025-08-13 18:00:00+00:00,0.900510013103,0.900740027428,0.899510025978,0.900600016117,0
2025-08-13 19:00:00+00:00,0.900610029697,0.900929987431,0.899609982967,0.900489985943,0
2025-08-13 20:00:00+00:00,0.90040999651,0.900969982147,0.899619996548,0.90043002367,0
2025-08-13 21:00:00+00:00,0.900139987469,0.900449991226,0.899200022221,0.899730026722,0
2025-08-13 22:00:00+00:00,0.900160014629,0.900569975376,0.899349987507,0.900330007076,0
2025-08-13 23:00:00+00:00,0.900250017643,0.901000022888,0.899330019951,0.90068000555,0
2025-08-14 00:00:00+00:00,0.9007999897,0.901359975338,0.899869978428,0.901059985161,0
2025-08-14 01:00:00+00:00,0.900940001011,0.902830004692,0.900240004063,0.902499973774,0
2025-08-14 02:00:00+00:00,0.902490019798,0.902589976788,0.900849997997,0.902059972286,0
2025-08-14 03:00:00+00:00,0.90217000246,0.90217000246,0.900120019913,0.901049971581,0
2025-08-14 04:00:00+00:00,0.900960028172,0.901470005512,0.900110006332,0.901099979877,0
2025-08-14 05:00:00+00:00,0.901130020618,0.901549994946,0.899900019169,0.901239991188,0
2025-08-14 06:00:00+00:00,0.901139974594,0.901319980621,0.899089992046,0.899950027466,0
2025-08-14 07:00:00+00:00,0.899919986725,0.9005600214,0.898580014706,0.899720013142,0
2025-08-14 08:00:00+00:00,0.899630010128,0.9005600214,0.898339986801,0.899100005627,0
2025-08-14 09:00:00+00:00,0.899119973183,0.899810016155,0.898339986801,0.899240016937,0
2025-08-14 10:00:00+00:00,0.899230003357,0.899540007114,0.898060023785,0.899039983749,0
2025-08-14 11:00:00+00:00,0.898989975452,0.899469971657,0.898150026798,0.899269998074,0
2025-08-14 12:00:00+00:00,0.899200022221,0.899339973927,0.896470010281,0.897430002689,0
2025-08-14 13:00:00+00:00,0.897430002689,0.897530019283,0.895519971848,0.896499991417,0
2025-08-14 14:00:00+00:00,0.8964599967,0.897400021553,0.895200014114,0.896610021591,0
2025-08-14 15:00:00+00:00,0.896520018578,0.896659970284,0.894550025463,0.895730018616,0
2025-08-14 16:00:00+00:00,0.895709991455,0.896309971809,0.894519984722,0.896189987659,0
2025-08-14 17:00:00+00:00,0.896170020103,0.896879971027,0.895330011845,0.896610021591,0
2025-08-14 18:00:00+00:00,0.896549999714,0.897189974785,0.895759999752,0.897040009499,0
2025-08-14 19:00:00+00:00,0.897029995918,0.897490024567,0.896160006523,0.897310018539,0
2025-08-14 20:00:00+00:00,0.897400021553,0.897710025311,0.896250009537,0.896719992161,0
2025-08-14 21:00:00+00:00,0.89670997858,0.89793998003,0.895759999752,0.897419989109,0
2025-08-14 22:00:00+00:00,0.897549986839,0.897970020771,0.896549999714,0.897509992123,0
2025-08-14 23:00:00+00:00,0.897490024567,0.897729992867,0.8964599967,0.89744001627,0
2025-08-15 00:00:00+00:00,0.897369980812,0.897639989853,0.895990014076,0.897379994392,0
2025-08-15 01:00:00+00:00,0.897400021553,0.897930026054,0.896120011806,0.897119998932,0
2025-08-15 02:00:00+00:00,0.897140026093,0.897260010242,0.895259976387,0.897019982338,0
2025-08-15 03:00:00+00:00,0.897019982338,0.897759974003,0.89620000124,0.897499978542,0
2025-08-15 04:00:00+00:00,0.897449970245,0.897719979286,0.896130025387,0.897140026093,0
2025-08-15 05:00:00+00:00,0.897220015526,0.897599995136,0.896269977093,0.897459983826,0
2025-08-15 06:00:00+00:00,0.897430002689,0.89794999361,0.896390020847,0.89770001173,0
2025-08-15 07:00:00+00:00,0.897719979286,0.898440003395,0.896809995174,0.898299992085,0
2025-08-15 08:00:00+00:00,0.898379981518,0.898490011692,0.897099971771,0.898060023785,0
2025-08-15 09:00:00+00:00,0.898039996624,0.898119986057,0.896470010281,0.89744001627,0
2025-08-15 10:00:00+00:00,0.897329986095,0.898039996624,0.896409988403,0.897920012474,0
2025-08-15 11:00:00+00:00,0.897889971733,0.898500025272,0.897170007229,0.898109972477,0
2025-08-15 12:00:00+00:00,0.898119986057,0.898840010166,0.897029995918,0.898699998856,0
2025-08-15 13:00:00+00:00,0.898660004139,0.899890005589,0.897790014744,0.899630010128,0
2025-08-15 14:00:00+00:00,0.899590015411,0.900179982185,0.898249983788,0.900099992752,0
2025-08-15 15:00:00+00:00,0.900070011616,0.900370001793,0.898440003395,0.899370014668,0
2025-08-15 16:00:00+00:00,0.899320006371,0.899540007114,0.898150026798,0.899150013924,0
2025-08-15 17:00:00+00:00,0.899110019207,0.899200022221,0.897740006447,0.898819983006,0
2025-08-15 18:00:00+00:00,0.898819983006,0.898859977722,0.897480010986,0.898549973965,0
2025-08-15 19:00:00+00:00,0.898570001125,0.898989975452,0.897650003433,0.898949980736,0
2025-08-15 20:00:00+00:00,0.898909986019,0.899450004101,0.897740006447,0.899020016193,0
2025-08-15 21:00:00+00:00,0.898230016232,0.898230016232,0.898230016232,0.898230016232,0
2025-08-17 23:00:00+00:00,0.899209976196,0.899670004845,0.898249983788,0.899649977684,0
2025-08-18 00:00:00+00:00,0.899580001831,0.899829983711,0.898320019245,0.899219989777,0
2025-08-18 01:00:00+00:00,0.899219989777,0.900139987469,0.898410022259,0.900049984455,0
2025-08-18 02:00:00+00:00,0.900020003319,0.900059998035,0.898169994354,0.899450004101,0
2025-08-18 03:00:00+00:00,0.89942997694,0.899969995022,0.898400008678,0.899900019169,0
2025-08-18 04:00:00+00:00,0.899919986725,0.900129973888,0.898670017719,0.899820029736,0
2025-08-18 05:00:00+00:00,0.899829983711,0.900390028954,0.898769974709,0.899649977684,0
2025-08-18 06:00:00+00:00,0.899659991264,0.899879992008,0.897899985313,0.898850023746,0
2025-08-18 07:00:00+00:00,0.898840010166,0.899200022221,0.89767998457,0.898679971695,0
2025-08-18 08:00:00+00:00,0.898660004139,0.899119973183,0.897310018539,0.898630023003,0
2025-08-18 09:00:00+00:00,0.898670017719,0.898980021477,0.897520005703,0.898580014706,0
2025-08-18 10:00:00+00:00,0.898530006409,0.898639976978,0.897239983082,0.898079991341,0
2025-08-18 11:00:00+00:00,0.898090004921,0.898419976234,0.896889984608,0.897740006447,0
2025-08-18 12:00:00+00:00,0.89770001173,0.897899985313,0.89621001482,0.897379994392,0
2025-08-18 13:00:00+00:00,0.897369980812,0.898039996624,0.896189987659,0.89758002758,0
2025-08-18 14:00:00+00:00,0.897570014,0.897889971733,0.895519971848,0.896700024605,0
2025-08-18 15:00:00+00:00,0.896640002728,0.897260010242,0.895389974117,0.896950006485,0
2025-08-18 16:00:00+00:00,0.896939992905,0.897010028362,0.895340025425,0.896250009537,0
2025-08-18 17:00:00+00:00,0.896250009537,0.896570026875,0.89521998167,0.896189987659,0
2025-08-18 18:00:00+00:00,0.896239995956,0.896409988403,0.89509999752,0.896380007267,0
2025-08-18 19:00:00+00:00,0.896399974823,0.896690011024,0.895460009575,0.896549999714,0
2025-08-18 20:00:00+00:00,0.896589994431,0.896730005741,0.894990026951,0.895439982414,0
2025-08-18 21:00:00+00:00,0.895810008049,0.89621001482,0.894630014896,0.895770013332,0
2025-08-18 22:00:00+00:00,0.895789980888,0.896480023861,0.895190000534,0.896019995213,0
2025-08-18 23:00:00+00:00,0.896099984646,0.896539986134,0.89496999979,0.896359980106,0
2025-08-19 00:00:00+00:00,0.89632999897,0.896749973297,0.895269989967,0.896749973297,0
2025-08-19 01:00:00+00:00,0.896679997444,0.896939992905,0.895020008087,0.896179974079,0
2025-08-19 02:00:00+00:00,0.89621001482,0.896430015564,0.895009994507,0.896369993687,0
2025-08-19 03:00:00+00:00,0.896380007267,0.896619975567,0.895060002804,0.895820021629,0
2025-08-19 04:00:00+00:00,0.895820021629,0.8962200284,0.894980013371,0.896009981632,0
2025-08-19 05:00:00+00:00,0.896000027657,0.89632999897,0.894209980965,0.89484000206,0
2025-08-19 06:00:00+00:00,0.894900023937,0.895959973335,0.893920004368,0.895900011063,0
2025-08-19 07:00:00+00:00,0.895910024643,0.896510004997,0.894550025463,0.895980000496,0
2025-08-19 08:00:00+00:00,0.89595001936,0.8962200284,0.894729971886,0.895969986916,0
2025-08-19 09:00:00+00:00,0.895959973335,0.896889984608,0.895110011101,0.896700024605,0
2025-08-19 10:00:00+00:00,0.896679997444,0.897090017796,0.895200014114,0.896279990673,0
2025-08-19 11:00:00+00:00,0.896229982376,0.896659970284,0.895120024681,0.896510004997,0
2025-08-19 12:00:00+00:00,0.896560013294,0.89744001627,0.895600020885,0.896920025349,0
2025-08-19 13:00:00+00:00,0.896979987621,0.897099971771,0.895179986954,0.896640002728,0
2025-08-19 14:00:00+00:00,0.896600008011,0.896809995174,0.894659996033,0.895699977875,0
2025-08-19 15:00:00+00:00,0.895659983158,0.895720005035,0.894110023975,0.895049989223,0
2025-08-19 16:00:00+00:00,0.894999980927,0.895370006561,0.893890023232,0.894990026951,0
2025-08-19 17:00:00+00:00,0.89495998621,0.895009994507,0.893570005894,0.894800007343,0
2025-08-19 18:00:00+00:00,0.894770026207,0.894860029221,0.893280029297,0.894429981709,0
2025-08-19 19:00:00+00:00,0.894389986992,0.894739985466,0.89333999157,0.894699990749,0
2025-08-19 20:00:00+00:00,0.894649982452,0.89509999752,0.89348000288,0.894680023193,0
2025-08-19 21:00:00+00:00,0.89459002018,0.896049976349,0.893549978733,0.894330024719,0
2025-08-19 22:00:00+00:00,0.894429981709,0.895129978657,0.893850028515,0.894879996777,0
2025-08-19 23:00:00+00:00,0.894729971886,0.894980013371,0.893670022488,0.894860029221,0
2025-08-20 00:00:00+00:00,0.894779980183,0.895009994507,0.893209993839,0.894670009613,0
2025-08-20 01:00:00+00:00,0.89459002018,0.894999980927,0.893289983273,0.894540011883,0
2025-08-20 02:00:00+00:00,0.894609987736,0.894680023193,0.891709983349,0.893130004406,0
2025-08-20 03:00:00+00:00,0.893050014973,0.893739998341,0.891529977322,0.892459988594,0
2025-08-20 04:00:00+00:00,0.89236998558,0.893909990788,0.891520023346,0.893660008907,0
2025-08-20 05:00:00+00:00,0.893639981747,0.894479990005,0.892449975014,0.894389986992,0
2025-08-20 06:00:00+00:00,0.894420027733,0.894559979439,0.892220020294,0.893649995327,0
2025-08-20 07:00:00+00:00,0.893649995327,0.894119977951,0.892180025578,0.893459975719,0
2025-08-20 08:00:00+00:00,0.893450021744,0.89348000288,0.891019999981,0.892889976501,0
2025-08-20 09:00:00+00:00,0.892870008945,0.893149971962,0.891510009766,0.893060028553,0
2025-08-20 10:00:00+00:00,0.893040001392,0.893109977245,0.891569972038,0.892750024796,0
2025-08-20 11:00:00+00:00,0.892679989338,0.892949998379,0.891240000725,0.892080008984,0
2025-08-20 12:00:00+00:00,0.89200001955,0.893429994583,0.891240000725,0.892859995365,0
2025-08-20 13:00:00+00:00,0.892830014229,0.893159985542,0.890529990196,0.891449987888,0
2025-08-20 14:00:00+00:00,0.891439974308,0.89186000824,0.889930009842,0.891049981117,0
2025-08-20 15:00:00+00:00,0.891059994698,0.892570018768,0.890160024166,0.891690015793,0
2025-08-20 16:00:00+00:00,0.891669988632,0.892549991608,0.89087998867,0.892390012741,0
2025-08-20 17:00:00+00:00,0.892340004444,0.892870008945,0.891449987888,0.892359972,0
2025-08-20 18:00:00+00:00,0.89236998558,0.892520010471,0.890829980373,0.891950011253,0
2025-08-20 19:00:00+00:00,0.891919970512,0.892660021782,0.891149997711,0.892629981041,0
2025-08-20 20:00:00+00:00,0.892610013485,0.892889976501,0.891290009022,0.892409980297,0
2025-08-20 21:00:00+00:00,0.892180025578,0.892199993134,0.890810012817,0.891889989376,0
2025-08-20 22:00:00+00:00,0.891889989376,0.892509996891,0.891380012035,0.892319977283,0
2025-08-20 23:00:00+00:00,0.892300009727,0.892880022526,0.891449987888,0.892759978771,0
2025-08-21 00:00:00+00:00,0.892610013485,0.892970025539,0.890940010548,0.891830027103,0
2025-08-21 01:00:00+00:00,0.891839981079,0.892620027065,0.890690028667,0.892329990864,0
2025-08-21 02:00:00+00:00,0.89222997427,0.892390012741,0.889900028706,0.890829980373,0
2025-08-21 03:00:00+00:00,0.890929996967,0.891529977322,0.890139997005,0.891179978848,0
2025-08-21 04:00:00+00:00,0.891160011292,0.891589999199,0.889989972115,0.890839993954,0
2025-08-21 05:00:00+00:00,0.890850007534,0.891539990902,0.889530003071,0.891409993172,0
2025-08-21 06:00:00+00:00,0.891390025616,0.891700029373,0.890110015869,0.891080021858,0
2025-08-21 07:00:00+00:00,0.891149997711,0.891480028629,0.889930009842,0.891290009022,0
2025-08-21 08:00:00+00:00,0.891369998455,0.891529977322,0.890160024166,0.891380012035,0
2025-08-21 09:00:00+00:00,0.891380012035,0.892040014267,0.89048999548,0.891550004482,0
2025-08-21 10:00:00+00:00,0.891539990902,0.892430007458,0.89061999321,0.892260015011,0
2025-08-21 11:00:00+00:00,0.89236998558,0.892769992352,0.891030013561,0.891849994659,0
2025-08-21 12:00:00+00:00,0.891830027103,0.892589986324,0.890900015831,0.891960024834,0
2025-08-21 13:00:00+00:00,0.891960024834,0.892989993095,0.891279995441,0.892260015011,0
2025-08-21 14:00:00+00:00,0.892149984837,0.893450021744,0.891529977322,0.892899990082,0
2025-08-21 15:00:00+00:00,0.892889976501,0.893040001392,0.891240000725,0.892340004444,0
2025-08-21 16:00:00+00:00,0.89223998785,0.892579972744,0.891189992428,0.892359972,0
2025-08-21 17:00:00+00:00,0.892379999161,0.893109977245,0.891579985619,0.892849981785,0
2025-08-21 18:00:00+00:00,0.892719984055,0.893169999123,0.891820013523,0.892899990082,0
2025-08-21 19:00:00+00:00,0.892809987068,0.893000006676,0.891550004482,0.892780005932,0
2025-08-21 20:00:00+00:00,0.892759978771,0.893119990826,0.891839981079,0.892570018768,0
2025-08-21 21:00:00+00:00,0.892549991608,0.89333999157,0.891939997673,0.892709970474,0
2025-08-21 22:00:00+00:00,0.892740011215,0.89349001646,0.892180025578,0.893159985542,0
2025-08-21 23:00:00+00:00,0.893079996109,0.893239974976,0.892059981823,0.893190026283,0
2025-08-22 00:00:00+00:00,0.893109977245,0.893679976463,0.891939997673,0.893440008163,0
2025-08-22 01:00:00+00:00,0.893459975719,0.893670022488,0.892289996147,0.89335000515,0
2025-08-22 02:00:00+00:00,0.893329977989,0.894259989262,0.892359972,0.893809974194,0
2025-08-22 03:00:00+00:00,0.893790006638,0.894240021706,0.892620027065,0.893540024757,0
2025-08-22 04:00:00+00:00,0.893509984016,0.893710017204,0.892139971256,0.893149971962,0
2025-08-22 05:00:00+00:00,0.893060028553,0.893149971962,0.891849994659,0.892740011215,0
2025-08-22 06:00:00+00:00,0.892660021782,0.893580019474,0.891820013523,0.893040001392,0
2025-08-22 07:00:00+00:00,0.893040001392,0.893800020218,0.89199000597,0.893509984016,0
2025-08-22 08:00:00+00:00,0.893570005894,0.894609987736,0.892700016499,0.894240021706,0
2025-08-22 09:00:00+00:00,0.894270002842,0.894500017166,0.89222997427,0.893130004406,0
2025-08-22 10:00:00+00:00,0.893090009689,0.89335000515,0.891950011253,0.893069982529,0
2025-08-22 11:00:00+00:00,0.893060028553,0.893329977989,0.891919970512,0.893230021,0
2025-08-22 12:00:00+00:00,0.893260002136,0.894179999828,0.892599999905,0.89358997345,0
2025-08-22 13:00:00+00:00,0.893559992313,0.895049989223,0.892849981785,0.894599974155,0
2025-08-22 14:00:00+00:00,0.894540011883,0.898980021477,0.894540011883,0.898220002651,0
2025-08-22 15:00:00+00:00,0.898220002651,0.899140000343,0.8964599967,0.897539973259,0
2025-08-22 16:00:00+00:00,0.897570014,0.898039996624,0.89634001255,0.897350013256,0
2025-08-22 17:00:00+00:00,0.897350013256,0.897790014744,0.896300017834,0.897459983826,0
2025-08-22 18:00:00+00:00,0.897449970245,0.897539973259,0.89607000351,0.896979987621,0
2025-08-22 19:00:00+00:00,0.896950006485,0.897239983082,0.895709991455,0.897159993649,0
2025-08-22 20:00:00+00:00,0.897170007229,0.897729992867,0.896139979362,0.897409975529,0
2025-08-22 21:00:00+00:00,0.89634001255,0.89634001255,0.89634001255,0.89634001255,0
2025-08-24 23:00:00+00:00,0.897040009499,0.897369980812,0.895810008049,0.896740019321,0
2025-08-25 00:00:00+00:00,0.896700024605,0.897310018539,0.89595001936,0.897000014782,0
2025-08-25 01:00:00+00:00,0.896899998188,0.897159993649,0.894980013371,0.895919978619,0
2025-08-25 02:00:00+00:00,0.895839989185,0.896889984608,0.895129978657,0.896830022335,0
2025-08-25 03:00:00+00:00,0.896799981594,0.897570014,0.896099984646,0.897289991379,0
2025-08-25 04:00:00+00:00,0.897270023823,0.898039996624,0.896480023861,0.897750020027,0
2025-08-25 05:00:00+00:00,0.897710025311,0.898559987545,0.896820008755,0.898239970207,0
2025-08-25 06:00:00+00:00,0.898220002651,0.899119973183,0.897490024567,0.898649990559,0
2025-08-25 07:00:00+00:00,0.898599982262,0.898959994316,0.896549999714,0.897339999676,0
2025-08-25 08:00:00+00:00,0.897329986095,0.898370027542,0.896690011024,0.898150026798,0
2025-08-25 09:00:00+00:00,0.898090004921,0.898159980774,0.8962200284,0.89744001627,0
2025-08-25 10:00:00+00:00,0.897469997406,0.897899985313,0.89631998539,0.897780001163,0
2025-08-25 11:00:00+00:00,0.897800028324,0.898400008678,0.896830022335,0.898310005665,0
2025-08-25 12:00:00+00:00,0.898299992085,0.898389995098,0.89632999897,0.897310018539,0
2025-08-25 13:00:00+00:00,0.897270023823,0.898280024529,0.896309971809,0.898109972477,0
2025-08-25 14:00:00+00:00,0.898029983044,0.899119973183,0.897339999676,0.898469984531,0
2025-08-25 15:00:00+00:00,0.898469984531,0.899320006371,0.897660017014,0.898720026016,0
2025-08-25 16:00:00+00:00,0.898660004139,0.899089992046,0.897660017014,0.898609995842,0
2025-08-25 17:00:00+00:00,0.898620009422,0.898670017719,0.897270023823,0.898490011692,0
2025-08-25 18:00:00+00:00,0.898459970951,0.898540019989,0.897059977055,0.897960007191,0
2025-08-25 19:00:00+00:00,0.897970020771,0.898249983788,0.896969974041,0.898079991341,0
2025-08-25 20:00:00+00:00,0.898129999638,0.898479998112,0.897090017796,0.898100018501,0
2025-08-25 21:00:00+00:00,0.897719979286,0.898289978504,0.896910011768,0.897859990597,0
2025-08-25 22:00:00+00:00,0.898029983044,0.898410022259,0.897180020809,0.898249983788,0
2025-08-25 23:00:00+00:00,0.898100018501,0.898320019245,0.897040009499,0.898190021515,0
2025-08-26 00:00:00+00:00,0.898209989071,0.89929997921,0.897270023823,0.898509979248,0
2025-08-26 01:00:00+00:00,0.898440003395,0.898899972439,0.896139979362,0.897170007229,0
2025-08-26 02:00:00+00:00,0.897149980068,0.898140013218,0.896589994431,0.897449970245,0
2025-08-26 03:00:00+00:00,0.897499978542,0.897520005703,0.895799994469,0.896969974041,0
2025-08-26 04:00:00+00:00,0.896960020065,0.897849977016,0.895959973335,0.897660017014,0
2025-08-26 05:00:00+00:00,0.897650003433,0.897790014744,0.896399974823,0.897629976273,0
2025-08-26 06:00:00+00:00,0.897549986839,0.898239970207,0.896300017834,0.89794999361,0
2025-08-26 07:00:00+00:00,0.89793998003,0.898039996624,0.896000027657,0.896929979324,0
2025-08-26 08:00:00+00:00,0.896879971027,0.89794999361,0.896099984646,0.897459983826,0
2025-08-26 09:00:00+00:00,0.89744001627,0.898239970207,0.896549999714,0.898079991341,0
2025-08-26 10:00:00+00:00,0.898020029068,0.898379981518,0.896929979324,0.898079991341,0
2025-08-26 11:00:00+00:00,0.89806997776,0.898580014706,0.897109985352,0.898469984531,0
2025-08-26 12:00:00+00:00,0.898450016975,0.898840010166,0.897040009499,0.898000001907,0
2025-08-26 13:00:00+00:00,0.897909998894,0.898400008678,0.896679997444,0.898289978504,0
2025-08-26 14:00:00+00:00,0.898270010948,0.898609995842,0.896939992905,0.897880017757,0
2025-08-26 15:00:00+00:00,0.897870004177,0.898419976234,0.897010028362,0.898169994354,0
2025-08-26 16:00:00+00:00,0.898129999638,0.89880001545,0.897220015526,0.898280024529,0
2025-08-26 17:00:00+00:00,0.898280024529,0.89880001545,0.897469997406,0.898710012436,0
2025-08-26 18:00:00+00:00,0.898699998856,0.898720026016,0.897279977798,0.898400008678,0
2025-08-26 19:00:00+00:00,0.898379981518,0.898479998112,0.897170007229,0.898299992085,0
2025-08-26 20:00:00+00:00,0.898249983788,0.898750007153,0.897279977798,0.898479998112,0
2025-08-26 21:00:00+00:00,0.898199975491,0.898479998112,0.896899998188,0.897840023041,0
2025-08-26 22:00:00+00:00,0.89793998003,0.898829996586,0.89756000042,0.898670017719,0
2025-08-26 23:00:00+00:00,0.898649990559,0.898790001869,0.89756000042,0.898549973965,0
2025-08-27 00:00:00+00:00,0.898519992828,0.898679971695,0.897149980068,0.898100018501,0
2025-08-27 01:00:00+00:00,0.898079991341,0.89943999052,0.896910011768,0.898649990559,0
2025-08-27 02:00:00+00:00,0.898639976978,0.898970007896,0.897119998932,0.898150026798,0
2025-08-27 03:00:00+00:00,0.898129999638,0.898559987545,0.896910011768,0.897880017757,0
2025-08-27 04:00:00+00:00,0.897840023041,0.898090004921,0.896690011024,0.897589981556,0
2025-08-27 05:00:00+00:00,0.897610008717,0.897920012474,0.896619975567,0.897629976273,0
2025-08-27 06:00:00+00:00,0.897599995136,0.898190021515,0.896529972553,0.897750020027,0
2025-08-27 07:00:00+00:00,0.897740006447,0.898190021515,0.895910024643,0.896889984608,0
2025-08-27 08:00:00+00:00,0.896910011768,0.896979987621,0.894800007343,0.895990014076,0
2025-08-27 09:00:00+00:00,0.896030008793,0.896690011024,0.894890010357,0.896480023861,0
2025-08-27 10:00:00+00:00,0.896409988403,0.896499991417,0.894479990005,0.895640015602,0
2025-08-27 11:00:00+00:00,0.895630002022,0.895799994469,0.894309997559,0.895669996738,0
2025-08-27 12:00:00+00:00,0.895619988441,0.896499991417,0.89484000206,0.896279990673,0
2025-08-27 13:00:00+00:00,0.89632999897,0.897279977798,0.895160019398,0.896950006485,0
2025-08-27 14:00:00+00:00,0.896889984608,0.897430002689,0.895759999752,0.897010028362,0
2025-08-27 15:00:00+00:00,0.897010028362,0.89794999361,0.896239995956,0.897859990597,0
2025-08-27 16:00:00+00:00,0.897880017757,0.898419976234,0.896659970284,0.898039996624,0
2025-08-27 17:00:00+00:00,0.897970020771,0.898379981518,0.896529972553,0.89758002758,0
2025-08-27 18:00:00+00:00,0.897610008717,0.898020029068,0.896549999714,0.897989988327,0
2025-08-27 19:00:00+00:00,0.898000001907,0.898010015488,0.8964599967,0.897409975529,0
2025-08-27 20:00:00+00:00,0.897300004959,0.897469997406,0.895860016346,0.896539986134,0
2025-08-27 21:00:00+00:00,0.896539986134,0.896700024605,0.895630002022,0.89621001482,0
2025-08-27 22:00:00+00:00,0.896350026131,0.897099971771,0.895850002766,0.896889984608,0
2025-08-27 23:00:00+00:00,0.897029995918,0.897409975529,0.89607000351,0.897409975529,0
2025-08-28 00:00:00+00:00,0.897400021553,0.897639989853,0.896290004253,0.897339999676,0
2025-08-28 01:00:00+00:00,0.897310018539,0.897889971733,0.89634001255,0.897199988365,0
2025-08-28 02:00:00+00:00,0.897189974785,0.897970020771,0.896589994431,0.89783000946,0
2025-08-28 03:00:00+00:00,0.89767998457,0.898010015488,0.896300017834,0.897249996662,0
2025-08-28 04:00:00+00:00,0.897270023823,0.897430002689,0.89621001482,0.897159993649,0
2025-08-28 05:00:00+00:00,0.897180020809,0.897210001945,0.89595001936,0.896679997444,0
2025-08-28 06:00:00+00:00,0.897149980068,0.897610008717,0.896269977093,0.897449970245,0
2025-08-28 07:00:00+00:00,0.897300004959,0.89767998457,0.896250009537,0.897430002689,0
2025-08-28 08:00:00+00:00,0.897379994392,0.898079991341,0.896170020103,0.897880017757,0
2025-08-28 09:00:00+00:00,0.898000001907,0.898169994354,0.896849989891,0.8978099823,0
2025-08-28 10:00:00+00:00,0.897650003433,0.898549973965,0.896860003471,0.898140013218,0
2025-08-28 11:00:00+00:00,0.898119986057,0.898660004139,0.897220015526,0.898339986801,0
2025-08-28 12:00:00+00:00,0.898199975491,0.898829996586,0.897050023079,0.898239970207,0
2025-08-28 13:00:00+00:00,0.898129999638,0.898880004883,0.896879971027,0.89768999815,0
2025-08-28 14:00:00+00:00,0.89767998457,0.898829996586,0.896950006485,0.898119986057,0
2025-08-28 15:00:00+00:00,0.898109972477,0.898440003395,0.896960020065,0.897780001163,0
2025-08-28 16:00:00+00:00,0.897780001163,0.898549973965,0.897019982338,0.898119986057,0
2025-08-28 17:00:00+00:00,0.898209989071,0.898500025272,0.897289991379,0.898010015488,0
2025-08-28 18:00:00+00:00,0.898020029068,0.898199975491,0.896990001202,0.898159980774,0
2025-08-28 19:00:00+00:00,0.898150026798,0.898289978504,0.897140026093,0.898169994354,0
2025-08-28 20:00:00+00:00,0.898180007935,0.898280024529,0.896969974041,0.89756000042,0
2025-08-28 21:00:00+00:00,0.897050023079,0.897930026054,0.896149992943,0.897710025311,0
2025-08-28 22:00:00+00:00,0.897740006447,0.898109972477,0.896770000458,0.897750020027,0
2025-08-28 23:00:00+00:00,0.89770001173,0.898190021515,0.896809995174,0.89806997776,0
2025-08-29 00:00:00+00:00,0.898060023785,0.898530006409,0.896969974041,0.898400008678,0
2025-08-29 01:00:00+00:00,0.898389995098,0.899330019951,0.897000014782,0.899280011654,0
2025-08-29 02:00:00+00:00,0.899219989777,0.89943999052,0.898020029068,0.899100005627,0
2025-08-29 03:00:00+00:00,0.899110019207,0.899360001087,0.897800028324,0.898959994316,0
2025-08-29 04:00:00+00:00,0.899010002613,0.899349987507,0.898039996624,0.899269998074,0
2025-08-29 05:00:00+00:00,0.89930999279,0.899389982224,0.89793998003,0.899110019207,0
2025-08-29 06:00:00+00:00,0.89907002449,0.899370014668,0.897260010242,0.898299992085,0
2025-08-29 07:00:00+00:00,0.898310005665,0.898620009422,0.897210001945,0.898429989815,0
2025-08-29 08:00:00+00:00,0.898389995098,0.898490011692,0.896780014038,0.898039996624,0
2025-08-29 09:00:00+00:00,0.897979974747,0.898230016232,0.896839976311,0.897909998894,0
2025-08-29 10:00:00+00:00,0.897920012474,0.898140013218,0.896589994431,0.897499978542,0
2025-08-29 11:00:00+00:00,0.897449970245,0.89767998457,0.896430015564,0.897449970245,0
2025-08-29 12:00:00+00:00,0.89744001627,0.899079978466,0.896229982376,0.899030029774,0
2025-08-29 13:00:00+00:00,0.899030029774,0.899479985237,0.89794999361,0.899290025234,0
2025-08-29 14:00:00+00:00,0.899150013924,0.899380028248,0.897379994392,0.898450016975,0
2025-08-29 15:00:00+00:00,0.898440003395,0.898699998856,0.897239983082,0.898370027542,0
2025-08-29 16:00:00+00:00,0.898329973221,0.899079978466,0.897520005703,0.898850023746,0
2025-08-29 17:00:00+00:00,0.898840010166,0.898959994316,0.89768999815,0.898689985275,0
2025-08-29 18:00:00+00:00,0.898639976978,0.898819983006,0.897390007973,0.898469984531,0
2025-08-29 19:00:00+00:00,0.898450016975,0.898959994316,0.897490024567,0.89880001545,0
2025-08-29 20:00:00+00:00,0.898819983006,0.899280011654,0.897149980068,0.898689985275,0
2025-08-29 21:00:00+00:00,0.897989988327,0.897989988327,0.897499978542,0.897499978542,0
2025-08-31 23:00:00+00:00,0.898769974709,0.89904999733,0.897840023041,0.898909986019,0
2025-09-01 00:00:00+00:00,0.89881002903,0.89942997694,0.89806997776,0.899209976196,0
2025-09-01 01:00:00+00:00,0.899280011654,0.899290025234,0.897260010242,0.898519992828,0
2025-09-01 02:00:00+00:00,0.898509979248,0.899330019951,0.89756000042,0.899119973183,0
2025-09-01 03:00:00+00:00,0.899129986763,0.89942997694,0.897979974747,0.899230003357,0
2025-09-01 04:00:00+00:00,0.899200022221,0.899330019951,0.8978099823,0.898779988289,0
2025-09-01 05:00:00+00:00,0.898829996586,0.899119973183,0.897750020027,0.898739993572,0
2025-09-01 06:00:00+00:00,0.898739993572,0.899839997292,0.897800028324,0.89943999052,0
2025-09-01 07:00:00+00:00,0.89942997694,0.900110006332,0.89781999588,0.899999976158,0
2025-09-01 08:00:00+00:00,0.899919986725,0.900910019875,0.899039983749,0.900780022144,0
2025-09-01 09:00:00+00:00,0.900839984417,0.900940001011,0.89943999052,0.900860011578,0
2025-09-01 10:00:00+00:00,0.900810003281,0.901130020618,0.899500012398,0.900780022144,0
2025-09-01 11:00:00+00:00,0.90078997612,0.900879979134,0.899360001087,0.900579988956,0
2025-09-01 12:00:00+00:00,0.900520026684,0.901049971581,0.899269998074,0.900969982147,0
2025-09-01 13:00:00+00:00,0.900990009308,0.901059985161,0.899630010128,0.900829970837,0
2025-09-01 14:00:00+00:00,0.900849997997,0.901510000229,0.899800002575,0.901400029659,0
2025-09-01 15:00:00+00:00,0.901430010796,0.901889979839,0.900479972363,0.901409983635,0
2025-09-01 16:00:00+00:00,0.901350021362,0.901499986649,0.90017002821,0.901329994202,0
2025-09-01 17:00:00+00:00,0.901369988918,0.901400029659,0.900200009346,0.901229977608,0
2025-09-01 18:00:00+00:00,0.901189982891,0.901260018349,0.900059998035,0.901099979877,0
2025-09-01 19:00:00+00:00,0.901090025902,0.901319980621,0.899999976158,0.901239991188,0
2025-09-01 20:00:00+00:00,0.901220023632,0.901329994202,0.900179982185,0.90043002367,0
2025-09-01 21:00:00+00:00,0.90053999424,0.901189982891,0.899290025234,0.9005600214,0
2025-09-01 22:00:00+00:00,0.90065997839,0.901470005512,0.90030002594,0.901210010052,0
2025-09-01 23:00:00+00:00,0.901180028915,0.901480019093,0.900210022926,0.901380002499,0
2025-09-02 00:00:00+00:00,0.901359975338,0.901610016823,0.899320006371,0.900810003281,0
2025-09-02 01:00:00+00:00,0.9007999897,0.900839984417,0.899150013924,0.900070011616,0
2025-09-02 02:00:00+00:00,0.900089979172,0.900240004063,0.898459970951,0.900189995766,0
2025-09-02 03:00:00+00:00,0.900110006332,0.900269985199,0.898270010948,0.899550020695,0
2025-09-02 04:00:00+00:00,0.899540007114,0.899580001831,0.898270010948,0.89929997921,0
2025-09-02 05:00:00+00:00,0.899230003357,0.899569988251,0.898119986057,0.89906001091,0
2025-09-02 06:00:00+00:00,0.899020016193,0.899410009384,0.898010015488,0.899269998074,0
2025-09-02 07:00:00+00:00,0.899259984493,0.89942997694,0.894909977913,0.895969986916,0
2025-09-02 08:00:00+00:00,0.896009981632,0.897490024567,0.89507997036,0.896749973297,0
2025-09-02 09:00:00+00:00,0.896770000458,0.896960020065,0.895240008831,0.896830022335,0
2025-09-02 10:00:00+00:00,0.896780014038,0.897050023079,0.895650029182,0.896809995174,0
2025-09-02 11:00:00+00:00,0.896809995174,0.897610008717,0.895860016346,0.897310018539,0
2025-09-02 12:00:00+00:00,0.897350013256,0.897859990597,0.894800007343,0.895709991455,0
2025-09-02 13:00:00+00:00,0.895669996738,0.89794999361,0.894490003586,0.897409975529,0
2025-09-02 14:00:00+00:00,0.897409975529,0.899739980698,0.897210001945,0.899689972401,0
2025-09-02 15:00:00+00:00,0.899630010128,0.899839997292,0.897099971771,0.898020029068,0
2025-09-02 16:00:00+00:00,0.897979974747,0.898660004139,0.897180020809,0.898020029068,0
2025-09-02 17:00:00+00:00,0.898039996624,0.898500025272,0.897130012512,0.898090004921,0
2025-09-02 18:00:00+00:00,0.898060023785,0.898310005665,0.897109985352,0.898109972477,0
2025-09-02 19:00:00+00:00,0.898100018501,0.898769974709,0.897210001945,0.898689985275,0
2025-09-02 20:00:00+00:00,0.898739993572,0.898909986019,0.897549986839,0.898329973221,0
2025-09-02 21:00:00+00:00,0.898259997368,0.898280024529,0.896260023117,0.897909998894,0
2025-09-02 22:00:00+00:00,0.898050010204,0.898699998856,0.897400021553,0.898379981518,0
2025-09-02 23:00:00+00:00,0.898280024529,0.898620009422,0.897499978542,0.898530006409,0
2025-09-03 00:00:00+00:00,0.898509979248,0.898590028286,0.897260010242,0.898310005665,0
2025-09-03 01:00:00+00:00,0.898320019245,0.899580001831,0.897189974785,0.899500012398,0
2025-09-03 02:00:00+00:00,0.899420022964,0.899529993534,0.897909998894,0.899240016937,0
2025-09-03 03:00:00+00:00,0.899230003357,0.899590015411,0.897989988327,0.899160027504,0
2025-09-03 04:00:00+00:00,0.899100005627,0.89942997694,0.898169994354,0.899339973927,0
2025-09-03 05:00:00+00:00,0.899290025234,0.899510025978,0.897230029106,0.898519992828,0
2025-09-03 06:00:00+00:00,0.898490011692,0.898840010166,0.897270023823,0.898270010948,0
2025-09-03 07:00:00+00:00,0.898249983788,0.90017002821,0.896839976311,0.899810016155,0
2025-09-03 08:00:00+00:00,0.899800002575,0.900619983673,0.898909986019,0.90043002367,0
2025-09-03 09:00:00+00:00,0.900460004807,0.901269972324,0.899240016937,0.901080012321,0
2025-09-03 10:00:00+00:00,0.901090025902,0.901459991932,0.899829983711,0.900979995728,0
2025-09-03 11:00:00+00:00,0.900990009308,0.901989996433,0.900030016899,0.901719987392,0
2025-09-03 12:00:00+00:00,0.901690006256,0.902469992638,0.900520026684,0.902459979057,0
2025-09-03 13:00:00+00:00,0.902429997921,0.902599990368,0.900940001011,0.902199983597,0
2025-09-03 14:00:00+00:00,0.902209997177,0.902970016003,0.901250004768,0.902369976044,0
2025-09-03 15:00:00+00:00,0.902310013771,0.903169989586,0.901380002499,0.902859985828,0
2025-09-03 16:00:00+00:00,0.902869999409,0.903219997883,0.90179002285,0.903069972992,0
2025-09-03 17:00:00+00:00,0.903090000153,0.903680026531,0.901859998703,0.902920007706,0
2025-09-03 18:00:00+00:00,0.902899980545,0.903100013733,0.901650011539,0.902980029583,0
2025-09-03 19:00:00+00:00,0.902920007706,0.902999997139,0.901560008526,0.90240997076,0
2025-09-03 20:00:00+00:00,0.902360022068,0.902700006962,0.901480019093,0.90202999115,0
2025-09-03 21:00:00+00:00,0.90204000473,0.902239978313,0.900640010834,0.901870012283,0
2025-09-03 22:00:00+00:00,0.901870012283,0.902549982071,0.901180028915,0.902050018311,0
2025-09-03 23:00:00+00:00,0.902079999447,0.902660012245,0.901359975338,0.902549982071,0
2025-09-04 00:00:00+00:00,0.902540028095,0.903460025787,0.901929974556,0.90315002203,0
2025-09-04 01:00:00+00:00,0.903110027313,0.90327000618,0.901269972324,0.902190029621,0
2025-09-04 02:00:00+00:00,0.902190029621,0.902559995651,0.901069998741,0.902369976044,0
2025-09-04 03:00:00+00:00,0.902249991894,0.902520000935,0.900849997997,0.901830017567,0
2025-09-04 04:00:00+00:00,0.901750028133,0.902050018311,0.900510013103,0.901310026646,0
2025-09-04 05:00:00+00:00,0.901220023632,0.901329994202,0.899879992008,0.900770008564,0
2025-09-04 06:00:00+00:00,0.900829970837,0.901539981365,0.899959981441,0.901080012321,0
2025-09-04 07:00:00+00:00,0.901090025902,0.901409983635,0.899890005589,0.901220023632,0
2025-09-04 08:00:00+00:00,0.901099979877,0.901359975338,0.900120019913,0.901340007782,0
2025-09-04 09:00:00+00:00,0.901310026646,0.901359975338,0.899779975414,0.900740027428,0
2025-09-04 10:00:00+00:00,0.900650024414,0.901049971581,0.899810016155,0.900889992714,0
2025-09-04 11:00:00+00:00,0.9007999897,0.901009976864,0.899619996548,0.90053999424,0
2025-09-04 12:00:00+00:00,0.900489985943,0.900829970837,0.898840010166,0.900770008564,0
2025-09-04 13:00:00+00:00,0.900770008564,0.901130020618,0.899360001087,0.900650024414,0
2025-09-04 14:00:00+00:00,0.900489985943,0.90065997839,0.898779988289,0.900640010834,0
2025-09-04 15:00:00+00:00,0.900619983673,0.900839984417,0.899399995804,0.900259971619,0
2025-09-04 16:00:00+00:00,0.900250017643,0.90078997612,0.899249970913,0.90043002367,0
2025-09-04 17:00:00+00:00,0.900340020657,0.900910019875,0.899500012398,0.900309979916,0
2025-09-04 18:00:00+00:00,0.900240004063,0.900780022144,0.89942997694,0.900610029697,0
2025-09-04 19:00:00+00:00,0.900600016117,0.901080012321,0.899699985981,0.900929987431,0
2025-09-04 20:00:00+00:00,0.900960028172,0.901049971581,0.899640023708,0.900259971619,0
2025-09-04 21:00:00+00:00,0.900160014629,0.90030002594,0.898329973221,0.900070011616,0
2025-09-04 22:00:00+00:00,0.900099992752,0.900860011578,0.899569988251,0.900610029697,0
2025-09-04 23:00:00+00:00,0.900579988956,0.901069998741,0.899630010128,0.901019990444,0
2025-09-05 00:00:00+00:00,0.900940001011,0.901350021362,0.899919986725,0.901199996471,0
2025-09-05 01:00:00+00:00,0.901189982891,0.901669979095,0.90029001236,0.901380002499,0
2025-09-05 02:00:00+00:00,0.901380002499,0.901560008526,0.900179982185,0.901440024376,0
2025-09-05 03:00:00+00:00,0.901409983635,0.901690006256,0.90029001236,0.901619970798,0
2025-09-05 04:00:00+00:00,0.90166002512,0.901709973812,0.900370001793,0.901359975338,0
2025-09-05 05:00:00+00:00,0.901430010796,0.902119994164,0.900439977646,0.901989996433,0
2025-09-05 06:00:00+00:00,0.90202999115,0.902440011501,0.900740027428,0.901830017567,0
2025-09-05 07:00:00+00:00,0.901839971542,0.902710020542,0.900629997253,0.902629971504,0
2025-09-05 08:00:00+00:00,0.902480006218,0.902859985828,0.901369988918,0.902490019798,0
2025-09-05 09:00:00+00:00,0.902520000935,0.902750015259,0.901359975338,0.902710020542,0
2025-09-05 10:00:00+00:00,0.902689993382,0.902920007706,0.901639997959,0.902520000935,0
2025-09-05 11:00:00+00:00,0.902509987354,0.902930021286,0.901520013809,0.902740001678,0
2025-09-05 12:00:00+00:00,0.902729988098,0.9073600173,0.900810003281,0.907140016556,0
2025-09-05 13:00:00+00:00,0.907149970531,0.909210026264,0.906159996986,0.909080028534,0
2025-09-05 14:00:00+00:00,0.90909999609,0.909550011158,0.905470013618,0.906830012798,0
2025-09-05 15:00:00+00:00,0.906780004501,0.908209979534,0.906050026417,0.907899975777,0
2025-09-05 16:00:00+00:00,0.907930016518,0.908140003681,0.90649998188,0.907890021801,0
2025-09-05 17:00:00+00:00,0.907880008221,0.908360004425,0.90649998188,0.907559990883,0
2025-09-05 18:00:00+00:00,0.907549977303,0.907639980316,0.906170010567,0.907289981842,0
2025-09-05 19:00:00+00:00,0.907299995422,0.907670021057,0.906310021877,0.907440006733,0
2025-09-05 20:00:00+00:00,0.907530009747,0.907580018044,0.905149996281,0.905929982662,0
2025-09-05 21:00:00+00:00,0.905799984932,0.905799984932,0.905799984932,0.905799984932,0
2025-09-07 23:00:00+00:00,0.906109988689,0.906870007515,0.905439972878,0.906840026379,0
2025-09-08 00:00:00+00:00,0.906759977341,0.907320022583,0.905560016632,0.907140016556,0
2025-09-08 01:00:00+00:00,0.907109975815,0.908339977264,0.906050026417,0.908209979534,0
2025-09-08 02:00:00+00:00,0.908159971237,0.908349990845,0.906009972095,0.90785998106,0
2025-09-08 03:00:00+00:00,0.907769978046,0.90786999464,0.906149983406,0.907270014286,0
2025-09-08 04:00:00+00:00,0.907329976559,0.907800018787,0.905960023403,0.907720029354,0
2025-09-08 05:00:00+00:00,0.90772998333,0.908089995384,0.906660020351,0.907670021057,0
2025-09-08 06:00:00+00:00,0.9075999856,0.90921998024,0.906859993935,0.909139990807,0
2025-09-08 07:00:00+00:00,0.909129977226,0.909870028496,0.908129990101,0.909739971161,0
2025-09-08 08:00:00+00:00,0.909709990025,0.910009980202,0.908510029316,0.909680008888,0
2025-09-08 09:00:00+00:00,0.909669995308,0.910059988499,0.908439993858,0.909399986267,0
2025-09-08 10:00:00+00:00,0.909420013428,0.909780025482,0.908379971981,0.909269988537,0
2025-09-08 11:00:00+00:00,0.909330010414,0.91009002924,0.908270001411,0.909510016441,0
2025-09-08 12:00:00+00:00,0.909510016441,0.909789979458,0.908169984818,0.909699976444,0
2025-09-08 13:00:00+00:00,0.909640014172,0.910629987717,0.908540010452,0.910319983959,0
2025-09-08 14:00:00+00:00,0.909870028496,0.910799980164,0.90898001194,0.910059988499,0
2025-09-08 15:00:00+00:00,0.910049974918,0.910830020905,0.909160017967,0.91071999073,0
2025-09-08 16:00:00+00:00,0.910740017891,0.910820007324,0.909460008144,0.91034001112,0
2025-09-08 17:00:00+00:00,0.910420000553,0.910430014133,0.909080028534,0.910189986229,0
2025-09-08 18:00:00+00:00,0.910189986229,0.91070997715,0.909179985523,0.910669982433,0
2025-09-08 19:00:00+00:00,0.910669982433,0.910759985447,0.9094799757,0.910369992256,0
2025-09-08 20:00:00+00:00,0.910409986973,0.910489976406,0.908919990063,0.909539997578,0
2025-09-08 21:00:00+00:00,0.909319996834,0.909460008144,0.908070027828,0.909380018711,0
2025-09-08 22:00:00+00:00,0.909420013428,0.910080015659,0.90885001421,0.910009980202,0
2025-09-08 23:00:00+00:00,0.909979999065,0.9103500247,0.908919990063,0.910170018673,0
2025-09-09 00:00:00+00:00,0.910099983215,0.910809993744,0.909300029278,0.91047000885,0
2025-09-09 01:00:00+00:00,0.910409986973,0.910759985447,0.90921998024,0.910690009594,0
2025-09-09 02:00:00+00:00,0.910679996014,0.911360025406,0.909759998322,0.911289989948,0
2025-09-09 03:00:00+00:00,0.911230027676,0.911310017109,0.909709990025,0.911260008812,0
2025-09-09 04:00:00+00:00,0.911249995232,0.911970019341,0.910359978676,0.911899983883,0
2025-09-09 05:00:00+00:00,0.91194999218,0.912530004978,0.910880029202,0.912389993668,0
2025-09-09 06:00:00+00:00,0.912320017815,0.912509977818,0.910290002823,0.911650002003,0
2025-09-09 07:00:00+00:00,0.911570012569,0.91220998764,0.910489976406,0.912150025368,0
2025-09-09 08:00:00+00:00,0.912150025368,0.912800014019,0.910870015621,0.912349998951,0
2025-09-09 09:00:00+00:00,0.912280023098,0.913469970226,0.91158002615,0.91333001852,0
2025-09-09 10:00:00+00:00,0.913339972496,0.91345000267,0.91219997406,0.913420021534,0
2025-09-09 11:00:00+00:00,0.913410007954,0.91342997551,0.911719977856,0.913010001183,0
2025-09-09 12:00:00+00:00,0.912999987602,0.91306000948,0.911040008068,0.911930024624,0
2025-09-09 13:00:00+00:00,0.9119399786,0.912509977818,0.91070997715,0.912000000477,0
2025-09-09 14:00:00+00:00,0.912029981613,0.912949979305,0.910229980946,0.911159992218,0
2025-09-09 15:00:00+00:00,0.911159992218,0.911859989166,0.909879982471,0.9117000103,0
2025-09-09 16:00:00+00:00,0.911650002003,0.912519991398,0.910679996014,0.911559998989,0
2025-09-09 17:00:00+00:00,0.911509990692,0.911979973316,0.910539984703,0.91158002615,0
2025-09-09 18:00:00+00:00,0.911639988422,0.91181999445,0.91047000885,0.911549985409,0
2025-09-09 19:00:00+00:00,0.911520004272,0.912360012531,0.910629987717,0.912249982357,0
2025-09-09 20:00:00+00:00,0.91219997406,0.912289977074,0.910399973392,0.911050021648,0
2025-09-09 21:00:00+00:00,0.911050021648,0.912410020828,0.910269975662,0.911000013351,0
2025-09-09 22:00:00+00:00,0.911080002785,0.912000000477,0.910430014133,0.911889970303,0
2025-09-09 23:00:00+00:00,0.911769986153,0.911889970303,0.910560011864,0.911809980869,0
2025-09-10 00:00:00+00:00,0.911729991436,0.912810027599,0.911010026932,0.912760019302,0
2025-09-10 01:00:00+00:00,0.912739992142,0.91319000721,0.911289989948,0.91306000948,0
2025-09-10 02:00:00+00:00,0.913010001183,0.914300024509,0.911979973316,0.914240002632,0
2025-09-10 03:00:00+00:00,0.914279997349,0.915040016174,0.913299977779,0.914789974689,0
2025-09-10 04:00:00+00:00,0.914780020714,0.915289998055,0.913670003414,0.915250003338,0
2025-09-10 05:00:00+00:00,0.915189981461,0.915340006351,0.91368997097,0.91466999054,0
2025-09-10 06:00:00+00:00,0.91466999054,0.915549993515,0.913510024548,0.914439976215,0
2025-09-10 07:00:00+00:00,0.914420008659,0.915440022945,0.913519978523,0.914640009403,0
2025-09-10 08:00:00+00:00,0.914629995823,0.914879977703,0.912980020046,0.914229989052,0
2025-09-10 09:00:00+00:00,0.914219975471,0.915390014648,0.913420021534,0.915000021458,0
2025-09-10 10:00:00+00:00,0.915040016174,0.915269970894,0.913869976997,0.914870023727,0
2025-09-10 11:00:00+00:00,0.91491997242,0.915650010109,0.913969993591,0.915440022945,0
2025-09-10 12:00:00+00:00,0.915440022945,0.917050004005,0.913919985294,0.915859997272,0
2025-09-10 13:00:00+00:00,0.915880024433,0.917069971561,0.914659976959,0.916939973831,0
2025-09-10 14:00:00+00:00,0.916949987411,0.918099999428,0.916260004044,0.917450010777,0
2025-09-10 15:00:00+00:00,0.91741001606,0.918169975281,0.91615998745,0.917200028896,0
2025-09-10 16:00:00+00:00,0.917140007019,0.917620003223,0.915939986706,0.917200028896,0
2025-09-10 17:00:00+00:00,0.917200028896,0.918139994144,0.916559994221,0.918070018291,0
2025-09-10 18:00:00+00:00,0.918039977551,0.918120026588,0.916580021381,0.917500019073,0
2025-09-10 19:00:00+00:00,0.917500019073,0.917590022087,0.915799975395,0.917309999466,0
2025-09-10 20:00:00+00:00,0.917309999466,0.917389988899,0.91579002142,0.916530013084,0
2025-09-10 21:00:00+00:00,0.916339993477,0.917810022831,0.915480017662,0.916130006313,0
2025-09-10 22:00:00+00:00,0.91615998745,0.917100012302,0.915859997272,0.917020022869,0
2025-09-10 23:00:00+00:00,0.917060017586,0.917469978333,0.916230022907,0.917219996452,0
2025-09-11 00:00:00+00:00,0.917240023613,0.91740000248,0.915859997272,0.916689991951,0
2025-09-11 01:00:00+00:00,0.916670024395,0.917680025101,0.915740013123,0.91742002964,0
2025-09-11 02:00:00+00:00,0.91741001606,0.917439997196,0.9160400033,0.916819989681,0
2025-09-11 03:00:00+00:00,0.916869997978,0.917320013046,0.915929973125,0.917050004005,0
2025-09-11 04:00:00+00:00,0.917089998722,0.917110025883,0.915750026703,0.916750013828,0
2025-09-11 05:00:00+00:00,0.916719973087,0.916830003262,0.915340006351,0.916329979897,0
2025-09-11 06:00:00+00:00,0.916310012341,0.917159974575,0.915210008621,0.917140007019,0
2025-09-11 07:00:00+00:00,0.917060017586,0.917609989643,0.916130006313,0.917569994926,0
2025-09-11 08:00:00+00:00,0.91753000021,0.91778999567,0.91629999876,0.917169988155,0
2025-09-11 09:00:00+00:00,0.917140007019,0.917249977589,0.915620028973,0.916790008545,0
2025-09-11 10:00:00+00:00,0.916740000248,0.917209982872,0.915859997272,0.916930019855,0
2025-09-11 11:00:00+00:00,0.916930019855,0.917360007763,0.91592001915,0.916930019855,0
2025-09-11 12:00:00+00:00,0.916890025139,0.918219983578,0.91455000639,0.91755002737,0
2025-09-11 13:00:00+00:00,0.917580008507,0.919120013714,0.916939973831,0.918709993362,0
2025-09-11 14:00:00+00:00,0.918669998646,0.9203799963,0.918129980564,0.920109987259,0
2025-09-11 15:00:00+00:00,0.920140028,0.920809984207,0.919170022011,0.92050999403,0
2025-09-11 16:00:00+00:00,0.92049998045,0.921440005302,0.919669985771,0.921050012112,0
2025-09-11 17:00:00+00:00,0.921000003815,0.921389997005,0.919979989529,0.921350002289,0
2025-09-11 18:00:00+00:00,0.921350002289,0.921660006046,0.920350015163,0.92163002491,0
2025-09-11 19:00:00+00:00,0.921660006046,0.922089993954,0.920589983463,0.921410024166,0
2025-09-11 20:00:00+00:00,0.921360015869,0.921829998493,0.920149981976,0.920539975166,0
2025-09-11 21:00:00+00:00,0.92049998045,0.921100020409,0.919939994812,0.920989990234,0
2025-09-11 22:00:00+00:00,0.921060025692,0.92173999548,0.92049998045,0.921609997749,0
2025-09-11 23:00:00+00:00,0.92163002491,0.922169983387,0.92062997818,0.922020018101,0
2025-09-12 00:00:00+00:00,0.922020018101,0.922680020332,0.920710027218,0.922609984875,0
2025-09-12 01:00:00+00:00,0.922609984875,0.922680020332,0.920580029488,0.921599984169,0
2025-09-12 02:00:00+00:00,0.921599984169,0.922190010548,0.920580029488,0.922070026398,0
2025-09-12 03:00:00+00:00,0.922029972076,0.922389984131,0.920899987221,0.922150015831,0
2025-09-12 04:00:00+00:00,0.922140002251,0.922309994698,0.92062997818,0.921469986439,0
2025-09-12 05:00:00+00:00,0.921469986439,0.92176002264,0.920459985733,0.921289980412,0
2025-09-12 06:00:00+00:00,0.921299993992,0.921379983425,0.919629991055,0.921230018139,0
2025-09-12 07:00:00+00:00,0.921220004559,0.922160029411,0.920440018177,0.921379983425,0
2025-09-12 08:00:00+00:00,0.921350002289,0.921549975872,0.919189989567,0.920199990273,0
2025-09-12 09:00:00+00:00,0.920159995556,0.92062997818,0.91913998127,0.920310020447,0
2025-09-12 10:00:00+00:00,0.920329988003,0.920710027218,0.91891002655,0.919929981232,0
2025-09-12 11:00:00+00:00,0.919939994812,0.920189976692,0.918349981308,0.919780015945,0
2025-09-12 12:00:00+00:00,0.919759988785,0.919799983501,0.917800009251,0.918959975243,0
2025-09-12 13:00:00+00:00,0.918929994106,0.919719994068,0.917930006981,0.919070005417,0
2025-09-12 14:00:00+00:00,0.919049978256,0.920140028,0.918129980564,0.919990003109,0
2025-09-12 15:00:00+00:00,0.919979989529,0.920029997826,0.918410003185,0.91939997673,0
2025-09-12 16:00:00+00:00,0.91939997673,0.920239984989,0.918380022049,0.919900000095,0
2025-09-12 17:00:00+00:00,0.919900000095,0.920490026474,0.919110000134,0.920249998569,0
2025-09-12 18:00:00+00:00,0.92026001215,0.920589983463,0.919130027294,0.920549988747,0
2025-09-12 19:00:00+00:00,0.920539975166,0.920880019665,0.919499993324,0.920719981194,0
2025-09-12 20:00:00+00:00,0.920679986477,0.920809984207,0.919369995594,0.920329988003,0
2025-09-12 21:00:00+00:00,0.919459998608,0.919459998608,0.919459998608,0.919459998608,0
2025-09-14 23:00:00+00:00,0.919700026512,0.920099973679,0.918850004673,0.920080006123,0
2025-09-15 00:00:00+00:00,0.920090019703,0.92062997818,0.919080018997,0.920580029488,0
2025-09-15 01:00:00+00:00,0.920580029488,0.921700000763,0.919709980488,0.921580016613,0
2025-09-15 02:00:00+00:00,0.921559989452,0.921639978886,0.920069992542,0.920960009098,0
2025-09-15 03:00:00+00:00,0.920970022678,0.922089993954,0.920180022717,0.92150002718,0
2025-09-15 04:00:00+00:00,0.92150002718,0.922160029411,0.92062997818,0.92189002037,0
2025-09-15 05:00:00+00:00,0.921920001507,0.921959996223,0.920409977436,0.921429991722,0
2025-09-15 06:00:00+00:00,0.921360015869,0.921829998493,0.919700026512,0.920979976654,0
2025-09-15 07:00:00+00:00,0.920960009098,0.92224997282,0.920149981976,0.921930015087,0
2025-09-15 08:00:00+00:00,0.921909987926,0.921959996223,0.920310020447,0.921230018139,0
2025-09-15 09:00:00+00:00,0.921220004559,0.921249985695,0.919470012188,0.92040002346,0
2025-09-15 10:00:00+00:00,0.920360028744,0.920880019665,0.919200003147,0.920069992542,0
2025-09-15 11:00:00+00:00,0.920099973679,0.920660018921,0.919210016727,0.92062997818,0
2025-09-15 12:00:00+00:00,0.92062997818,0.92162001133,0.919709980488,0.921519994736,0
2025-09-15 13:00:00+00:00,0.921480000019,0.921639978886,0.919950008392,0.920899987221,0
2025-09-15 14:00:00+00:00,0.920859992504,0.921289980412,0.918529987335,0.919409990311,0
2025-09-15 15:00:00+00:00,0.919459998608,0.920369982719,0.918730020523,0.920310020447,0
2025-09-15 16:00:00+00:00,0.920300006866,0.92040002346,0.918810009956,0.919759988785,0
2025-09-15 17:00:00+00:00,0.919709980488,0.920019984245,0.918669998646,0.919640004635,0
2025-09-15 18:00:00+00:00,0.919629991055,0.919690012932,0.918129980564,0.919080018997,0
2025-09-15 19:00:00+00:00,0.919120013714,0.919179975986,0.917599976063,0.918590009212,0
2025-09-15 20:00:00+00:00,0.918600022793,0.919120013714,0.91764998436,0.917949974537,0
2025-09-15 21:00:00+00:00,0.918330013752,0.918789982796,0.916980028152,0.918460011482,0
2025-09-15 22:00:00+00:00,0.918470025063,0.919120013714,0.918009996414,0.918749988079,0
2025-09-15 23:00:00+00:00,0.91877001524,0.919070005417,0.918060004711,0.919040024281,0
2025-09-16 00:00:00+00:00,0.918340027332,0.918410003185,0.918250024319,0.918290019035,0
2025-09-16 01:00:00+00:00,0.918359994888,0.918820023537,0.917299985886,0.918560028076,0
2025-09-16 02:00:00+00:00,0.918489992619,0.918630003929,0.916620016098,0.917630016804,0
2025-09-16 03:00:00+00:00,0.917630016804,0.918560028076,0.916729986668,0.917999982834,0
2025-09-16 04:00:00+00:00,0.918030023575,0.918120026588,0.91629999876,0.917360007763,0
2025-09-16 05:00:00+00:00,0.917299985886,0.917819976807,0.916379988194,0.917699992657,0
2025-09-16 06:00:00+00:00,0.917710006237,0.918259978294,0.916670024395,0.917750000954,0
2025-09-16 07:00:00+00:00,0.917689979076,0.918410003185,0.916859984398,0.918160021305,0
2025-09-16 09:00:00+00:00,0.918259978294,0.918389976025,0.918259978294,0.918359994888,0
2025-09-16 10:00:00+00:00,0.917580008507,0.917840003967,0.916410028934,0.91740000248,0
2025-09-16 11:00:00+00:00,0.917389988899,0.917859971523,0.916400015354,0.91767001152,0
2025-09-16 12:00:00+00:00,0.917630016804,0.917720019817,0.915979981422,0.917240023613,0
2025-09-16 13:00:00+00:00,0.91728001833,0.917559981346,0.915459990501,0.916390001774,0
2025-09-16 14:00:00+00:00,0.916410028934,0.918190002441,0.915539979935,0.917800009251,0
2025-09-16 15:00:00+00:00,0.917829990387,0.917890012264,0.916079998016,0.91753000021,0
2025-09-16 16:00:00+00:00,0.91754001379,0.918399989605,0.916700005531,0.918229997158,0
2025-09-16 17:00:00+00:00,0.918250024319,0.918820023537,0.917320013046,0.918590009212,0
2025-09-16 18:00:00+00:00,0.918630003929,0.918919980526,0.917559981346,0.918799996376,0
2025-09-16 19:00:00+00:00,0.918850004673,0.918940007687,0.91753000021,0.918470025063,0
2025-09-16 20:00:00+00:00,0.918460011482,0.91891002655,0.917289972305,0.917949974537,0
2025-09-16 21:00:00+00:00,0.917150020599,0.918139994144,0.916509985924,0.917800009251,0
2025-09-16 22:00:00+00:00,0.917810022831,0.918500006199,0.91728001833,0.918280005455,0
2025-09-16 23:00:00+00:00,0.918259978294,0.918919980526,0.91741001606,0.918810009956,0
2025-09-17 00:00:00+00:00,0.918820023537,0.919040024281,0.917330026627,0.918269991875,0
2025-09-17 01:00:00+00:00,0.918309986591,0.918569982052,0.916719973087,0.918219983578,0
2025-09-17 02:00:00+00:00,0.918200016022,0.918290019035,0.916610002518,0.918030023575,0
2025-09-17 03:00:00+00:00,0.918079972267,0.918449997902,0.917249977589,0.918179988861,0
2025-09-17 04:00:00+00:00,0.918110013008,0.918210029602,0.916859984398,0.917879998684,0
2025-09-17 05:00:00+00:00,0.917819976807,0.918150007725,0.916760027409,0.918079972267,0
2025-09-17 06:00:00+00:00,0.918070018291,0.918169975281,0.916490018368,0.917500019073,0
2025-09-17 07:00:00+00:00,0.917509973049,0.917970001698,0.916410028934,0.917750000954,0
2025-09-17 08:00:00+00:00,0.917710006237,0.91777998209,0.91641998291,0.917590022087,0
2025-09-17 09:00:00+00:00,0.917590022087,0.917750000954,0.916310012341,0.91755002737,0
2025-09-17 10:00:00+00:00,0.917580008507,0.917890012264,0.916209995747,0.917379975319,0
2025-09-17 11:00:00+00:00,0.91741001606,0.918309986591,0.916540026665,0.918150007725,0
2025-09-17 12:00:00+00:00,0.918139994144,0.918980002403,0.917209982872,0.918680012226,0
2025-09-17 13:00:00+00:00,0.918640017509,0.919539988041,0.917620003223,0.91900998354,0
2025-09-17 14:00:00+00:00,0.919000029564,0.919510006905,0.916840016842,0.918039977551,0
2025-09-17 15:00:00+00:00,0.918020009995,0.918060004711,0.915889978409,0.91741001606,0
2025-09-17 16:00:00+00:00,0.91740000248,0.917569994926,0.915669977665,0.916849970818,0
2025-09-17 17:00:00+00:00,0.916800022125,0.917750000954,0.91592001915,0.91753000021,0
2025-09-17 18:00:00+00:00,0.917370021343,0.920610010624,0.914910018444,0.916490018368,0
2025-09-17 19:00:00+00:00,0.916540026665,0.918309986591,0.915820002556,0.917039990425,0
2025-09-17 20:00:00+00:00,0.917020022869,0.917069971561,0.915090024471,0.91618001461,0
2025-09-17 21:00:00+00:00,0.916149973869,0.91628998518,0.91455000639,0.916010022163,0
2025-09-17 22:00:00+00:00,0.91605001688,0.916700005531,0.915210008621,0.916260004044,0
2025-09-17 23:00:00+00:00,0.916310012341,0.916610002518,0.91505998373,0.915820002556,0
2025-09-18 00:00:00+00:00,0.915820002556,0.915970027447,0.914309978485,0.915489971638,0
2025-09-18 01:00:00+00:00,0.915459990501,0.916090011597,0.913259983063,0.914950013161,0
2025-09-18 02:00:00+00:00,0.91491997242,0.916079998016,0.914219975471,0.915660023689,0
2025-09-18 03:00:00+00:00,0.915589988232,0.915889978409,0.914300024509,0.915149986744,0
2025-09-18 04:00:00+00:00,0.915120005608,0.915229976177,0.913139998913,0.913879990578,0
2025-09-18 05:00:00+00:00,0.913919985294,0.913969993591,0.912460029125,0.91332000494,0
2025-09-18 06:00:00+00:00,0.91330999136,0.913609981537,0.911979973316,0.91319000721,0
2025-09-18 07:00:00+00:00,0.913179993629,0.915430009365,0.912440001965,0.915229976177,0
2025-09-18 08:00:00+00:00,0.915220022202,0.915229976177,0.913659989834,0.91466999054,0
2025-09-18 09:00:00+00:00,0.914629995823,0.916469991207,0.913709998131,0.916360020638,0
2025-09-18 10:00:00+00:00,0.916369974613,0.916750013828,0.915340006351,0.916400015354,0
2025-09-18 11:00:00+00:00,0.916369974613,0.916740000248,0.91505998373,0.91628998518,0
2025-09-18 12:00:00+00:00,0.916320025921,0.916329979897,0.913179993629,0.914030015469,0
2025-09-18 13:00:00+00:00,0.914009988308,0.914290010929,0.911499977112,0.91330999136,0
2025-09-18 14:00:00+00:00,0.913339972496,0.914040029049,0.911870002747,0.912649989128,0
2025-09-18 15:00:00+00:00,0.912649989128,0.913219988346,0.911279976368,0.912180006504,0
2025-09-18 16:00:00+00:00,0.91220998764,0.913389980793,0.911660015583,0.91330999136,0
2025-09-18 17:00:00+00:00,0.91330999136,0.91343998909,0.911790013313,0.912670016289,0
2025-09-18 18:00:00+00:00,0.912639975548,0.912919998169,0.911559998989,0.912549972534,0
2025-09-18 19:00:00+00:00,0.912569999695,0.912779986858,0.910860002041,0.91196000576,0
2025-09-18 20:00:00+00:00,0.911970019341,0.912370026112,0.911029994488,0.91184002161,0
2025-09-18 21:00:00+00:00,0.911790013313,0.912360012531,0.911339998245,0.912060022354,0
2025-09-18 22:00:00+00:00,0.91220998764,0.912450015545,0.911109983921,0.912270009518,0
2025-09-18 23:00:00+00:00,0.912230014801,0.912660002708,0.911319971085,0.912490010262,0
2025-09-19 00:00:00+00:00,0.912469983101,0.912790000439,0.910660028458,0.912050008774,0
2025-09-19 01:00:00+00:00,0.91209000349,0.912140011787,0.910160005093,0.911199986935,0
2025-09-19 02:00:00+00:00,0.911149978638,0.9119399786,0.91009002924,0.911719977856,0
2025-09-19 03:00:00+00:00,0.911689996719,0.912490010262,0.910870015621,0.912010014057,0
2025-09-19 04:00:00+00:00,0.9119399786,0.912220001221,0.91021001339,0.911090016365,0
2025-09-19 05:00:00+00:00,0.911090016365,0.911409974098,0.909780025482,0.910870015621,0
2025-09-19 06:00:00+00:00,0.910830020905,0.911199986935,0.90935999155,0.910979986191,0
2025-09-19 07:00:00+00:00,0.910989999771,0.912609994411,0.910149991512,0.911779999733,0
2025-09-19 08:00:00+00:00,0.911769986153,0.912389993668,0.910420000553,0.912280023098,0
2025-09-19 09:00:00+00:00,0.912249982357,0.912810027599,0.911140024662,0.912010014057,0
2025-09-19 10:00:00+00:00,0.912000000477,0.912349998951,0.910920023918,0.911740005016,0
2025-09-19 11:00:00+00:00,0.911729991436,0.911880016327,0.909879982471,0.910759985447,0
2025-09-19 12:00:00+00:00,0.910730004311,0.911050021648,0.909409999847,0.910319983959,0
2025-09-19 13:00:00+00:00,0.910279989243,0.911539971828,0.909430027008,0.91034001112,0
2025-09-19 14:00:00+00:00,0.910300016403,0.9103500247,0.907800018787,0.908789992332,0
2025-09-19 15:00:00+00:00,0.908810019493,0.909080028534,0.906769990921,0.908219993114,0
2025-09-19 16:00:00+00:00,0.908179998398,0.908770024776,0.907109975815,0.908550024033,0
2025-09-19 17:00:00+00:00,0.908580005169,0.908909976482,0.907339990139,0.908159971237,0
2025-09-19 18:00:00+00:00,0.908150017262,0.908500015736,0.906979978085,0.908389985561,0
2025-09-19 19:00:00+00:00,0.908460021019,0.909250020981,0.907580018044,0.909189999104,0
2025-09-19 20:00:00+00:00,0.90921998024,0.909399986267,0.907260000706,0.90798997879,0
2025-09-19 21:00:00+00:00,0.907720029354,0.907720029354,0.907689988613,0.907689988613,0
2025-09-21 23:00:00+00:00,0.908640027046,0.908800005913,0.907069981098,0.907980024815,0
2025-09-22 00:00:00+00:00,0.907939970493,0.909120023251,0.907000005245,0.907760024071,0
2025-09-22 01:00:00+00:00,0.90773999691,0.90885001421,0.906650006771,0.908659994602,0
2025-09-22 02:00:00+00:00,0.908640027046,0.90935999155,0.907689988613,0.909060001373,0
2025-09-22 03:00:00+00:00,0.909030020237,0.909870028496,0.908169984818,0.909550011158,0
2025-09-22 04:00:00+00:00,0.909560024738,0.909990012646,0.908479988575,0.909879982471,0
2025-09-22 05:00:00+00:00,0.909900009632,0.909990012646,0.908580005169,0.909539997578,0
2025-09-22 06:00:00+00:00,0.909500002861,0.909600019455,0.907930016518,0.908919990063,0
2025-09-22 07:00:00+00:00,0.908909976482,0.909179985523,0.907029986382,0.908460021019,0
2025-09-22 08:00:00+00:00,0.908469974995,0.910420000553,0.907679975033,0.910290002823,0
2025-09-22 09:00:00+00:00,0.910269975662,0.910920023918,0.909409999847,0.910849988461,0
2025-09-22 10:00:00+00:00,0.910799980164,0.910960018635,0.909529983997,0.910510003567,0
2025-09-22 11:00:00+00:00,0.910499989986,0.910749971867,0.909330010414,0.910679996014,0
2025-09-22 12:00:00+00:00,0.910669982433,0.910960018635,0.909430027008,0.910269975662,0
2025-09-22 13:00:00+00:00,0.910260021687,0.910449981689,0.908270001411,0.909529983997,0
2025-09-22 14:00:00+00:00,0.909519970417,0.909959971905,0.907819986343,0.909910023212,0
2025-09-22 15:00:00+00:00,0.909919977188,0.910409986973,0.908840000629,0.910279989243,0
2025-09-22 16:00:00+00:00,0.910239994526,0.911670029163,0.909340023994,0.911549985409,0
2025-09-22 17:00:00+00:00,0.911559998989,0.91194999218,0.910660028458,0.911889970303,0
2025-09-22 18:00:00+00:00,0.911849975586,0.912159979343,0.910700023174,0.912050008774,0
2025-09-22 19:00:00+00:00,0.912020027637,0.912429988384,0.911119997501,0.912109971046,0
2025-09-22 20:00:00+00:00,0.912140011787,0.912530004978,0.910960018635,0.911119997501,0
2025-09-22 21:00:00+00:00,0.910830020905,0.91158002615,0.910319983959,0.911520004272,0
2025-09-22 22:00:00+00:00,0.911520004272,0.912169992924,0.910920023918,0.912100017071,0
2025-09-22 23:00:00+00:00,0.912109971046,0.912549972534,0.911159992218,0.912549972534,0
2025-09-23 00:00:00+00:00,0.912509977818,0.912670016289,0.910799980164,0.912100017071,0
2025-09-23 01:00:00+00:00,0.912060022354,0.912159979343,0.910529971123,0.911490023136,0
2025-09-23 02:00:00+00:00,0.911509990692,0.911629974842,0.909380018711,0.910499989986,0
2025-09-23 03:00:00+00:00,0.91045999527,0.910989999771,0.9094799757,0.91071999073,0
2025-09-23 04:00:00+00:00,0.91070997715,0.910939991474,0.909439980984,0.910319983959,0
2025-09-23 05:00:00+00:00,0.910290002823,0.911099970341,0.909160017967,0.910759985447,0
2025-09-23 06:00:00+00:00,0.910759985447,0.9119399786,0.909529983997,0.911729991436,0
2025-09-23 07:00:00+00:00,0.91171002388,0.912220001221,0.910170018673,0.91183000803,0
2025-09-23 08:00:00+00:00,0.91184002161,0.91306000948,0.911119997501,0.912699997425,0
2025-09-23 09:00:00+00:00,0.912660002708,0.913600027561,0.91171002388,0.913349986076,0
2025-09-23 10:00:00+00:00,0.91330999136,0.913969993591,0.912190020084,0.91345000267,0
2025-09-23 11:00:00+00:00,0.913399994373,0.914040029049,0.912370026112,0.913179993629,0
2025-09-23 12:00:00+00:00,0.91320002079,0.913739979267,0.911790013313,0.912970006466,0
2025-09-23 13:00:00+00:00,0.912959992886,0.913760006428,0.911629974842,0.912989974022,0
2025-09-23 14:00:00+00:00,0.912909984589,0.913779973984,0.9119399786,0.913209974766,0
2025-09-23 15:00:00+00:00,0.91320002079,0.913359999657,0.911650002003,0.912930011749,0
2025-09-23 16:00:00+00:00,0.912909984589,0.913410007954,0.911729991436,0.912919998169,0
2025-09-23 17:00:00+00:00,0.91294002533,0.913380026817,0.911849975586,0.912819981575,0
2025-09-23 18:00:00+00:00,0.912840008736,0.913420021534,0.911689996719,0.913209974766,0
2025-09-23 19:00:00+00:00,0.913209974766,0.913399994373,0.912020027637,0.913230001926,0
2025-09-23 20:00:00+00:00,0.913230001926,0.913469970226,0.911639988422,0.912360012531,0
2025-09-23 21:00:00+00:00,0.912360012531,0.912739992142,0.911350011826,0.912410020828,0
2025-09-23 22:00:00+00:00,0.912389993668,0.91332000494,0.911800026894,0.913169980049,0
2025-09-23 23:00:00+00:00,0.913219988346,0.913269996643,0.911719977856,0.913089990616,0
2025-09-24 00:00:00+00:00,0.913100004196,0.91320002079,0.91184002161,0.912769973278,0
2025-09-24 01:00:00+00:00,0.912760019302,0.915310025215,0.911539971828,0.915149986744,0
2025-09-24 02:00:00+00:00,0.915099978447,0.916700005531,0.914330005646,0.91654998064,0
2025-09-24 03:00:00+00:00,0.916559994221,0.916689991951,0.914860010147,0.915870010853,0
2025-09-24 04:00:00+00:00,0.915840029716,0.916589975357,0.914950013161,0.916390001774,0
2025-09-24 05:00:00+00:00,0.916379988194,0.916819989681,0.915329992771,0.916790008545,0
2025-09-24 06:00:00+00:00,0.916809976101,0.91765999794,0.915560007095,0.916450023651,0
2025-09-24 07:00:00+00:00,0.91642999649,0.917360007763,0.915589988232,0.917060017586,0
2025-09-24 08:00:00+00:00,0.917010009289,0.917370021343,0.915069997311,0.916499972343,0
2025-09-24 09:00:00+00:00,0.916469991207,0.917429983616,0.915650010109,0.917039990425,0
2025-09-24 10:00:00+00:00,0.917060017586,0.917060017586,0.915359973907,0.916310012341,0
2025-09-24 11:00:00+00:00,0.9162799716,0.916710019112,0.914969980717,0.915750026703,0
2025-09-24 12:00:00+00:00,0.915709972382,0.916880011559,0.914030015469,0.914879977703,0
2025-09-24 13:00:00+00:00,0.914900004864,0.915310025215,0.913359999657,0.914699971676,0
2025-09-24 14:00:00+00:00,0.9146900177,0.916119992733,0.913640022278,0.915359973907,0
2025-09-24 15:00:00+00:00,0.915340006351,0.915480017662,0.913969993591,0.915040016174,0
2025-09-24 16:00:00+00:00,0.914979994297,0.915239989758,0.91355997324,0.914449989796,0
2025-09-24 17:00:00+00:00,0.914439976215,0.915120005608,0.913500010967,0.914759993553,0
2025-09-24 18:00:00+00:00,0.914740025997,0.914839982986,0.913649976254,0.914749979973,0
2025-09-24 19:00:00+00:00,0.914789974689,0.915109992027,0.913649976254,0.915069997311,0
2025-09-24 20:00:00+00:00,0.915069997311,0.915220022202,0.913580000401,0.914439976215,0
2025-09-24 21:00:00+00:00,0.914170026779,0.914780020714,0.91342997551,0.914240002632,0
2025-09-24 22:00:00+00:00,0.914269983768,0.915109992027,0.913890004158,0.91505998373,0
2025-09-24 23:00:00+00:00,0.914910018444,0.915120005608,0.913919985294,0.91505998373,0
2025-09-25 00:00:00+00:00,0.915000021458,0.91592001915,0.914080023766,0.915769994259,0
2025-09-25 01:00:00+00:00,0.915759980679,0.916019976139,0.913940012455,0.914900004864,0
2025-09-25 02:00:00+00:00,0.914860010147,0.916220009327,0.914260029793,0.91617000103,0
2025-09-25 03:00:00+00:00,0.916190028191,0.916310012341,0.915130019188,0.91617000103,0
2025-09-25 04:00:00+00:00,0.916220009327,0.91641998291,0.915210008621,0.916069984436,0
2025-09-25 05:00:00+00:00,0.916059970856,0.916310012341,0.914759993553,0.916100025177,0
2025-09-25 06:00:00+00:00,0.916149973869,0.916809976101,0.915069997311,0.916320025921,0
2025-09-25 07:00:00+00:00,0.916329979897,0.916369974613,0.914539992809,0.915170013905,0
2025-09-25 08:00:00+00:00,0.915160000324,0.916970014572,0.914529979229,0.916559994221,0
2025-09-25 09:00:00+00:00,0.916570007801,0.917270004749,0.915589988232,0.916570007801,0
2025-09-25 10:00:00+00:00,0.916580021381,0.916660010815,0.914770007133,0.915539979935,0
2025-09-25 11:00:00+00:00,0.915499985218,0.915830016136,0.913590013981,0.914399981499,0
2025-09-25 12:00:00+00:00,0.914359986782,0.91468000412,0.910939991474,0.912140011787,0
2025-09-25 13:00:00+00:00,0.912119984627,0.912410020828,0.909959971905,0.910849988461,0
2025-09-25 14:00:00+00:00,0.910870015621,0.911800026894,0.909900009632,0.911360025406,0
2025-09-25 15:00:00+00:00,0.911360025406,0.912119984627,0.910380005836,0.91184002161,0
2025-09-25 16:00:00+00:00,0.91181999445,0.912100017071,0.910570025444,0.911589980125,0
2025-09-25 17:00:00+00:00,0.911589980125,0.911759972572,0.909759998322,0.910610020161,0
2025-09-25 18:00:00+00:00,0.910619974136,0.911000013351,0.909389972687,0.910769999027,0
2025-09-25 19:00:00+00:00,0.910799980164,0.911329984665,0.909950017929,0.911199986935,0
2025-09-25 20:00:00+00:00,0.911220014095,0.911729991436,0.910290002823,0.911210000515,0
2025-09-25 21:00:00+00:00,0.911159992218,0.91181999445,0.908640027046,0.91047000885,0
2025-09-25 22:00:00+00:00,0.910489976406,0.911779999733,0.910239994526,0.911339998245,0
2025-09-25 23:00:00+00:00,0.911379992962,0.911499977112,0.910139977932,0.911419987679,0
2025-09-26 00:00:00+00:00,0.911369979382,0.911419987679,0.909720003605,0.911130011082,0
2025-09-26 01:00:00+00:00,0.911109983921,0.911329984665,0.909990012646,0.910820007324,0
2025-09-26 02:00:00+00:00,0.910870015621,0.912000000477,0.909990012646,0.91158002615,0
2025-09-26 03:00:00+00:00,0.911549985409,0.911800026894,0.910730004311,0.911610007286,0
2025-09-26 04:00:00+00:00,0.911599993706,0.911729991436,0.91045999527,0.911469995975,0
2025-09-26 05:00:00+00:00,0.911419987679,0.911790013313,0.910489976406,0.91158002615,0
2025-09-26 06:00:00+00:00,0.911629974842,0.912230014801,0.910409986973,0.911360025406,0
2025-09-26 07:00:00+00:00,0.911300003529,0.911639988422,0.909269988537,0.910690009594,0
2025-09-26 08:00:00+00:00,0.910690009594,0.911149978638,0.909669995308,0.910830020905,0
2025-09-26 09:00:00+00:00,0.910820007324,0.911029994488,0.909420013428,0.910440027714,0
2025-09-26 10:00:00+00:00,0.910430014133,0.910740017891,0.90909999609,0.910239994526,0
2025-09-26 11:00:00+00:00,0.910239994526,0.910769999027,0.909449994564,0.91034001112,0
2025-09-26 12:00:00+00:00,0.910309970379,0.911260008812,0.909449994564,0.910979986191,0
2025-09-26 13:00:00+00:00,0.911029994488,0.911930024624,0.909850001335,0.911689996719,0
2025-09-26 14:00:00+00:00,0.911679983139,0.912410020828,0.910399973392,0.912060022354,0
2025-09-26 15:00:00+00:00,0.912119984627,0.912790000439,0.911270022392,0.912599980831,0
2025-09-26 16:00:00+00:00,0.912569999695,0.91307002306,0.911559998989,0.912559986115,0
2025-09-26 17:00:00+00:00,0.912549972534,0.912930011749,0.911629974842,0.912599980831,0
2025-09-26 18:00:00+00:00,0.912599980831,0.912869989872,0.911450028419,0.912790000439,0
2025-09-26 19:00:00+00:00,0.912779986858,0.91294002533,0.911800026894,0.912769973278,0
2025-09-26 20:00:00+00:00,0.912769973278,0.913150012493,0.911490023136,0.912220001221,0
2025-09-26 21:00:00+00:00,0.911750018597,0.911750018597,0.911750018597,0.911750018597,0
2025-09-28 23:00:00+00:00,0.912999987602,0.913250029087,0.912029981613,0.913169980049,0
2025-09-29 00:00:00+00:00,0.913150012493,0.913259983063,0.911880016327,0.913110017776,0
2025-09-29 01:00:00+00:00,0.913129985332,0.913290023804,0.91158002615,0.912720024586,0
2025-09-29 02:00:00+00:00,0.912689983845,0.913630008698,0.911629974842,0.91342997551,0
2025-09-29 03:00:00+00:00,0.913460016251,0.914189994335,0.912320017815,0.914120018482,0
2025-09-29 04:00:00+00:00,0.914110004902,0.914950013161,0.91307002306,0.914719998837,0
2025-09-29 05:00:00+00:00,0.914719998837,0.914889991283,0.913410007954,0.914640009403,0
2025-09-29 06:00:00+00:00,0.914629995823,0.915130019188,0.913349986076,0.914160013199,0
2025-09-29 07:00:00+00:00,0.914129972458,0.914950013161,0.913299977779,0.914269983768,0
2025-09-29 08:00:00+00:00,0.914269983768,0.9146900177,0.912949979305,0.914240002632,0
2025-09-29 09:00:00+00:00,0.914219975471,0.91456001997,0.912949979305,0.914089977741,0
2025-09-29 10:00:00+00:00,0.914070010185,0.914290010929,0.912829995155,0.913839995861,0
2025-09-29 11:00:00+00:00,0.913900017738,0.914770007133,0.912850022316,0.914719998837,0
2025-09-29 12:00:00+00:00,0.9146900177,0.915459990501,0.91333001852,0.914749979973,0
2025-09-29 13:00:00+00:00,0.91479998827,0.915329992771,0.913510024548,0.914749979973,0
2025-09-29 14:00:00+00:00,0.914730012417,0.915780007839,0.913580000401,0.915549993515,0
2025-09-29 15:00:00+00:00,0.915530025959,0.915820002556,0.91342997551,0.914359986782,0
2025-09-29 16:00:00+00:00,0.914409995079,0.915109992027,0.913630008698,0.914789974689,0
2025-09-29 17:00:00+00:00,0.914839982986,0.915229976177,0.913739979267,0.914960026741,0
2025-09-29 18:00:00+00:00,0.91491997242,0.915669977665,0.913929998875,0.915639996529,0
2025-09-29 19:00:00+00:00,0.915650010109,0.915870010853,0.914489984512,0.915690004826,0
2025-09-29 20:00:00+00:00,0.915650010109,0.915729999542,0.914160013199,0.914539992809,0
2025-09-29 21:00:00+00:00,0.914610028267,0.915030002594,0.913860023022,0.914730012417,0
2025-09-29 22:00:00+00:00,0.91481000185,0.915350019932,0.914149999619,0.915080010891,0
2025-09-29 23:00:00+00:00,0.915069997311,0.915579974651,0.914250016212,0.915369987488,0
2025-09-30 00:00:00+00:00,0.915340006351,0.91579002142,0.914059996605,0.915719985962,0
2025-09-30 01:00:00+00:00,0.915719985962,0.916930019855,0.914629995823,0.915629982948,0
2025-09-30 02:00:00+00:00,0.915629982948,0.917200028896,0.91455000639,0.917140007019,0
2025-09-30 03:00:00+00:00,0.917209982872,0.917609989643,0.915709972382,0.916729986668,0
2025-09-30 04:00:00+00:00,0.916670024395,0.919380009174,0.915489971638,0.919080018997,0
2025-09-30 05:00:00+00:00,0.919089972973,0.919449985027,0.917569994926,0.918560028076,0
2025-09-30 06:00:00+00:00,0.918519973755,0.918760001659,0.916840016842,0.91790997982,0
2025-09-30 07:00:00+00:00,0.917999982834,0.918940007687,0.915409982204,0.918619990349,0
2025-09-30 08:00:00+00:00,0.918569982052,0.919679999352,0.917729973793,0.919380009174,0
2025-09-30 09:00:00+00:00,0.919340014458,0.920029997826,0.918110013008,0.920000016689,0
2025-09-30 10:00:00+00:00,0.920009970665,0.920170009136,0.918579995632,0.919889986515,0
2025-09-30 11:00:00+00:00,0.919860005379,0.920229971409,0.918529987335,0.920000016689,0
2025-09-30 12:00:00+00:00,0.920009970665,0.920729994774,0.91900998354,0.920249998569,0
2025-09-30 13:00:00+00:00,0.92026001215,0.921130001545,0.919120013714,0.920830011368,0
2025-09-30 14:00:00+00:00,0.920809984207,0.922160029411,0.919290006161,0.922089993954,0
2025-09-30 15:00:00+00:00,0.922060012817,0.922089993954,0.919860005379,0.921010017395,0
2025-09-30 16:00:00+00:00,0.921019971371,0.921609997749,0.920249998569,0.921450018883,0
2025-09-30 17:00:00+00:00,0.921400010586,0.921599984169,0.919960021973,0.920939981937,0
2025-09-30 18:00:00+00:00,0.920939981937,0.921029984951,0.919650018215,0.920719981194,0
2025-09-30 19:00:00+00:00,0.920660018921,0.92075997591,0.919480025768,0.920599997044,0
2025-09-30 20:00:00+00:00,0.920570015907,0.920780003071,0.919520020485,0.920019984245,0
2025-09-30 21:00:00+00:00,0.920000016689,0.920419991016,0.918839991093,0.919790029526,0
2025-09-30 22:00:00+00:00,0.920050024986,0.920610010624,0.919459998608,0.920459985733,0
2025-09-30 23:00:00+00:00,0.92050999403,0.921090006828,0.919340014458,0.920360028744,0
2025-10-01 00:00:00+00:00,0.92040002346,0.920419991016,0.918640017509,0.919730007648,0
2025-10-01 01:00:00+00:00,0.919669985771,0.919780015945,0.917630016804,0.919059991837,0
2025-10-01 02:00:00+00:00,0.91901999712,0.919210016727,0.917580008507,0.918600022793,0
2025-10-01 03:00:00+00:00,0.918609976768,0.918810009956,0.917119979858,0.918619990349,0
2025-10-01 04:00:00+00:00,0.918680012226,0.918860018253,0.916960000992,0.918730020523,0
2025-10-01 05:00:00+00:00,0.918649971485,0.919369995594,0.917159974575,0.918169975281,0
2025-10-01 06:00:00+00:00,0.918219983578,0.919640004635,0.917469978333,0.919319987297,0
2025-10-01 07:00:00+00:00,0.91927999258,0.920369982719,0.918699979782,0.920159995556,0
2025-10-01 08:00:00+00:00,0.920149981976,0.921140015125,0.919359982014,0.920530021191,0
2025-10-01 09:00:00+00:00,0.920549988747,0.921159982681,0.919570028782,0.920830011368,0
2025-10-01 10:00:00+00:00,0.920830011368,0.921119987965,0.919579982758,0.920910000801,0
2025-10-01 11:00:00+00:00,0.920970022678,0.921840012074,0.920059978962,0.921270012856,0
2025-10-01 12:00:00+00:00,0.921299993992,0.922469973564,0.919560015202,0.921959996223,0
2025-10-01 13:00:00+00:00,0.921899974346,0.922280013561,0.920530021191,0.921389997005,0
2025-10-01 14:00:00+00:00,0.921429991722,0.922169983387,0.92026001215,0.921599984169,0
2025-10-01 15:00:00+00:00,0.921559989452,0.921800017357,0.919749975204,0.921299993992,0
2025-10-01 16:00:00+00:00,0.921339988708,0.921949982643,0.920289993286,0.921670019627,0
2025-10-01 17:00:00+00:00,0.921649992466,0.92198997736,0.920580029488,0.921549975872,0
2025-10-01 18:00:00+00:00,0.921480000019,0.922649979591,0.920580029488,0.922349989414,0
2025-10-01 19:00:00+00:00,0.922330021858,0.922529995441,0.92088997364,0.92189002037,0
2025-10-01 20:00:00+00:00,0.921949982643,0.922029972076,0.920539975166,0.921429991722,0
2025-10-01 21:00:00+00:00,0.921010017395,0.921379983425,0.920279979706,0.921109974384,0
2025-10-01 22:00:00+00:00,0.921130001545,0.921549975872,0.920449972153,0.921270012856,0
2025-10-01 23:00:00+00:00,0.921209990978,0.922049999237,0.920419991016,0.922039985657,0
2025-10-02 00:00:00+00:00,0.921980023384,0.922039985657,0.920289993286,0.921050012112,0
2025-10-02 01:00:00+00:00,0.921010017395,0.922490000725,0.919969975948,0.922290027142,0
2025-10-02 02:00:00+00:00,0.922280013561,0.922540009022,0.921079993248,0.922079980373,0
2025-10-02 03:00:00+00:00,0.921949982643,0.922259986401,0.92088997364,0.922049999237,0
2025-10-02 04:00:00+00:00,0.922079980373,0.922720015049,0.921339988708,0.922529995441,0
2025-10-02 05:00:00+00:00,0.922519981861,0.923039972782,0.921589970589,0.922429978848,0
2025-10-02 06:00:00+00:00,0.922349989414,0.922630012035,0.920809984207,0.922259986401,0
2025-10-02 07:00:00+00:00,0.922230005264,0.922940015793,0.921519994736,0.922879993916,0
2025-10-02 08:00:00+00:00,0.922879993916,0.923049986362,0.921130001545,0.922559976578,0
2025-10-02 09:00:00+00:00,0.922559976578,0.922599971294,0.921050012112,0.921819984913,0
2025-10-02 10:00:00+00:00,0.921660006046,0.921819984913,0.92050999403,0.921480000019,0
2025-10-02 11:00:00+00:00,0.921490013599,0.921519994736,0.919950008392,0.921000003815,0
2025-10-02 12:00:00+00:00,0.920979976654,0.921310007572,0.919799983501,0.92050999403,0
2025-10-02 13:00:00+00:00,0.92049998045,0.920899987221,0.918799996376,0.919849991798,0
2025-10-02 14:00:00+00:00,0.919870018959,0.920210003853,0.918850004673,0.920090019703,0
2025-10-02 15:00:00+00:00,0.920120000839,0.920530021191,0.918829977512,0.920170009136,0
2025-10-02 16:00:00+00:00,0.920159995556,0.920849978924,0.919350028038,0.920570015907,0
2025-10-02 17:00:00+00:00,0.920690000057,0.920840024948,0.919640004635,0.920589983463,0
2025-10-02 18:00:00+00:00,0.920570015907,0.921159982681,0.919809997082,0.920979976654,0
2025-10-02 19:00:00+00:00,0.921000003815,0.921270012856,0.919870018959,0.920719981194,0
2025-10-02 20:00:00+00:00,0.920719981194,0.921230018139,0.920009970665,0.920870006084,0
2025-10-02 21:00:00+00:00,0.920719981194,0.920849978924,0.919839978218,0.920360028744,0
2025-10-02 22:00:00+00:00,0.920449972153,0.921220004559,0.919820010662,0.920769989491,0
2025-10-02 23:00:00+00:00,0.920750021935,0.921169996262,0.919939994812,0.921159982681,0
2025-10-03 00:00:00+00:00,0.921079993248,0.921909987926,0.920249998569,0.92163002491,0
2025-10-03 01:00:00+00:00,0.921609997749,0.921920001507,0.920310020447,0.921809971333,0
2025-10-03 02:00:00+00:00,0.921729981899,0.921850025654,0.920069992542,0.921039998531,0
2025-10-03 03:00:00+00:00,0.920939981937,0.921490013599,0.920009970665,0.921299993992,0
2025-10-03 04:00:00+00:00,0.921289980412,0.921540021896,0.919719994068,0.92050999403,0
2025-10-03 05:00:00+00:00,0.92049998045,0.920870006084,0.919499993324,0.920229971409,0
2025-10-03 06:00:00+00:00,0.920210003853,0.921609997749,0.919350028038,0.921169996262,0
2025-10-03 07:00:00+00:00,0.921159982681,0.922389984131,0.920480012894,0.922150015831,0
2025-10-03 08:00:00+00:00,0.922150015831,0.922460019588,0.921199977398,0.922240018845,0
2025-10-03 09:00:00+00:00,0.92224997282,0.922420024872,0.92088997364,0.922330021858,0
2025-10-03 10:00:00+00:00,0.922230005264,0.922590017319,0.921329975128,0.922230005264,0
2025-10-03 11:00:00+00:00,0.92224997282,0.922439992428,0.921109974384,0.922110021114,0
2025-10-03 12:00:00+00:00,0.922070026398,0.922219991684,0.92050999403,0.921490013599,0
2025-10-03 13:00:00+00:00,0.921469986439,0.92212998867,0.920289993286,0.921119987965,0
2025-10-03 14:00:00+00:00,0.921220004559,0.92188000679,0.92013001442,0.920989990234,0
2025-10-03 15:00:00+00:00,0.921159982681,0.922349989414,0.920080006123,0.922169983387,0
2025-10-03 16:00:00+00:00,0.922190010548,0.922280013561,0.920769989491,0.921689987183,0
2025-10-03 17:00:00+00:00,0.921540021896,0.921809971333,0.920170009136,0.921069979668,0
2025-10-03 18:00:00+00:00,0.921060025692,0.921209990978,0.919759988785,0.921119987965,0
2025-10-03 19:00:00+00:00,0.920970022678,0.921450018883,0.920210003853,0.921310007572,0
2025-10-03 20:00:00+00:00,0.921029984951,0.921400010586,0.919900000095,0.920220017433,0
2025-10-03 21:00:00+00:00,0.920360028744,0.920360028744,0.920159995556,0.920159995556,0
2025-10-05 23:00:00+00:00,0.919990003109,0.920769989491,0.918980002403,0.920710027218,0
2025-10-06 00:00:00+00:00,0.920690000057,0.921090006828,0.919740021229,0.920750021935,0
2025-10-06 01:00:00+00:00,0.920780003071,0.92176002264,0.919480025768,0.921649992466,0
2025-10-06 02:00:00+00:00,0.921580016613,0.922150015831,0.920710027218,0.92173999548,0
2025-10-06 03:00:00+00:00,0.92175000906,0.922290027142,0.92062997818,0.921710014343,0
2025-10-06 04:00:00+00:00,0.921700000763,0.921909987926,0.920289993286,0.921130001545,0
2025-10-06 05:00:00+00:00,0.921159982681,0.921589970589,0.920189976692,0.921530008316,0
2025-10-06 06:00:00+00:00,0.921519994736,0.921840012074,0.919990003109,0.921720027924,0
2025-10-06 07:00:00+00:00,0.921710014343,0.922739982605,0.920620024204,0.921419978142,0
2025-10-06 08:00:00+00:00,0.921360015869,0.921689987183,0.918940007687,0.920530021191,0
2025-10-06 09:00:00+00:00,0.920539975166,0.92062997818,0.91890001297,0.920589983463,0
2025-10-06 10:00:00+00:00,0.920549988747,0.920589983463,0.91890001297,0.920249998569,0
2025-10-06 11:00:00+00:00,0.920220017433,0.921289980412,0.91927999258,0.921079993248,0
2025-10-06 12:00:00+00:00,0.921100020409,0.922789990902,0.920080006123,0.922779977322,0
2025-10-06 13:00:00+00:00,0.922739982605,0.924210011959,0.921779990196,0.923770010471,0
2025-10-06 14:00:00+00:00,0.923820018768,0.924120008945,0.922370016575,0.923200011253,0
2025-10-06 15:00:00+00:00,0.92324000597,0.92348998785,0.921769976616,0.922850012779,0
2025-10-06 16:00:00+00:00,0.922890007496,0.923020005226,0.921800017357,0.922980010509,0
2025-10-06 17:00:00+00:00,0.922969996929,0.923290014267,0.921899974346,0.923200011253,0
2025-10-06 18:00:00+00:00,0.923189997673,0.923340022564,0.922150015831,0.923169970512,0
2025-10-06 19:00:00+00:00,0.923160016537,0.923309981823,0.921949982643,0.922730028629,0
2025-10-06 20:00:00+00:00,0.922730028629,0.922999978065,0.92163002491,0.922029972076,0
2025-10-06 21:00:00+00:00,0.922060012817,0.922269999981,0.921050012112,0.92150002718,0
2025-10-06 22:00:00+00:00,0.922699987888,0.922839999199,0.921689987183,0.922730028629,0
2025-10-06 23:00:00+00:00,0.922770023346,0.922850012779,0.921549975872,0.922580003738,0
2025-10-07 00:00:00+00:00,0.922569990158,0.923189997673,0.920799970627,0.921809971333,0
2025-10-07 01:00:00+00:00,0.92176002264,0.922739982605,0.920560002327,0.922670006752,0
2025-10-07 02:00:00+00:00,0.922659993172,0.923399984837,0.921729981899,0.923169970512,0
2025-10-07 03:00:00+00:00,0.92311000824,0.923810005188,0.922140002251,0.923020005226,0
2025-10-07 04:00:00+00:00,0.923030018806,0.923150002956,0.921159982681,0.922070026398,0
2025-10-07 05:00:00+00:00,0.922100007534,0.922190010548,0.920189976692,0.921060025692,0
2025-10-07 06:00:00+00:00,0.921069979668,0.921310007572,0.919449985027,0.920589983463,0
2025-10-07 07:00:00+00:00,0.920599997044,0.920620024204,0.918439984322,0.919640004635,0
2025-10-07 08:00:00+00:00,0.919640004635,0.919809997082,0.918169975281,0.919700026512,0
2025-10-07 09:00:00+00:00,0.919730007648,0.920279979706,0.918690025806,0.920210003853,0
2025-10-07 10:00:00+00:00,0.92026001215,0.920360028744,0.918789982796,0.919759988785,0
2025-10-07 11:00:00+00:00,0.919749975204,0.919820010662,0.918330013752,0.919250011444,0
2025-10-07 12:00:00+00:00,0.91927999258,0.919439971447,0.917930006981,0.919049978256,0
2025-10-07 13:00:00+00:00,0.91900998354,0.920249998569,0.918039977551,0.919430017471,0
2025-10-07 14:00:00+00:00,0.919390022755,0.919560015202,0.917999982834,0.918760001659,0
2025-10-07 15:00:00+00:00,0.918749988079,0.919189989567,0.917559981346,0.918560028076,0
2025-10-07 16:00:00+00:00,0.918550014496,0.919650018215,0.91777998209,0.918760001659,0
2025-10-07 17:00:00+00:00,0.91877001524,0.919579982758,0.917840003967,0.918789982796,0
2025-10-07 18:00:00+00:00,0.918810009956,0.91890001297,0.91741001606,0.918489992619,0
2025-10-07 19:00:00+00:00,0.918500006199,0.918510019779,0.917110025883,0.918089985847,0
2025-10-07 20:00:00+00:00,0.918060004711,0.918500006199,0.916890025139,0.917750000954,0
2025-10-07 21:00:00+00:00,0.917590022087,0.918349981308,0.916790008545,0.917620003223,0
2025-10-07 22:00:00+00:00,0.917689979076,0.918609976768,0.917089998722,0.918529987335,0
2025-10-07 23:00:00+00:00,0.918619990349,0.918749988079,0.917150020599,0.918039977551,0
2025-10-08 00:00:00+00:00,0.918039977551,0.918200016022,0.916679978371,0.917590022087,0
2025-10-08 01:00:00+00:00,0.917609989643,0.918309986591,0.915239989758,0.916509985924,0
2025-10-08 02:00:00+00:00,0.916519999504,0.916769981384,0.915170013905,0.916440010071,0
2025-10-08 03:00:00+00:00,0.916369974613,0.916830003262,0.915090024471,0.916750013828,0
2025-10-08 04:00:00+00:00,0.916719973087,0.916830003262,0.915409982204,0.91642999649,0
2025-10-08 05:00:00+00:00,0.916499972343,0.916710019112,0.915220022202,0.916700005531,0
2025-10-08 06:00:00+00:00,0.916679978371,0.917100012302,0.914979994297,0.916199982166,0
2025-10-08 07:00:00+00:00,0.916199982166,0.916679978371,0.915109992027,0.91629999876,0
2025-10-08 08:00:00+00:00,0.9162799716,0.916490018368,0.914470016956,0.915419995785,0
2025-10-08 09:00:00+00:00,0.915400028229,0.916230022907,0.914420008659,0.915539979935,0
2025-10-08 10:00:00+00:00,0.915579974651,0.917180001736,0.914600014687,0.916949987411,0
2025-10-08 11:00:00+00:00,0.916949987411,0.917069971561,0.915430009365,0.9162799716,0
2025-10-08 12:00:00+00:00,0.916230022907,0.917349994183,0.915400028229,0.916999995708,0
2025-10-08 13:00:00+00:00,0.916980028152,0.918060004711,0.916100025177,0.917869985104,0
2025-10-08 14:00:00+00:00,0.917859971523,0.918410003185,0.916819989681,0.918259978294,0
2025-10-08 15:00:00+00:00,0.918229997158,0.919080018997,0.917069971561,0.918240010738,0
2025-10-08 16:00:00+00:00,0.918240010738,0.918399989605,0.916779994965,0.918280005455,0
2025-10-08 17:00:00+00:00,0.918320000172,0.918600022793,0.917180001736,0.918299973011,0
2025-10-08 18:00:00+00:00,0.918269991875,0.918980002403,0.91728001833,0.918789982796,0
2025-10-08 19:00:00+00:00,0.918820023537,0.919300019741,0.917970001698,0.919189989567,0
2025-10-08 20:00:00+00:00,0.919189989567,0.919449985027,0.918049991131,0.918449997902,0
2025-10-08 21:00:00+00:00,0.918340027332,0.918399989605,0.917270004749,0.918250024319,0
2025-10-08 22:00:00+00:00,0.918259978294,0.919359982014,0.918009996414,0.919239997864,0
2025-10-08 23:00:00+00:00,0.919110000134,0.919260025024,0.917770028114,0.918669998646,0
2025-10-09 00:00:00+00:00,0.918649971485,0.919759988785,0.917919993401,0.919510006905,0
2025-10-09 01:00:00+00:00,0.919499993324,0.920050024986,0.918210029602,0.919040024281,0
2025-10-09 02:00:00+00:00,0.918990015984,0.919870018959,0.917970001698,0.919619977474,0
2025-10-09 03:00:00+00:00,0.919560015202,0.919929981232,0.918449997902,0.919879972935,0
2025-10-09 04:00:00+00:00,0.919860005379,0.920849978924,0.919130027294,0.920440018177,0
2025-10-09 05:00:00+00:00,0.92040002346,0.920819997787,0.919679999352,0.920319974422,0
2025-10-09 06:00:00+00:00,0.920279979706,0.920490026474,0.916580021381,0.91777998209,0
2025-10-09 07:00:00+00:00,0.917750000954,0.918739974499,0.917079985142,0.918550014496,0
2025-10-09 08:00:00+00:00,0.918569982052,0.918600022793,0.916239976883,0.918039977551,0
2025-10-09 09:00:00+00:00,0.918089985847,0.919790029526,0.917429983616,0.919700026512,0
2025-10-09 10:00:00+00:00,0.919709980488,0.920040011406,0.918850004673,0.919830024242,0
2025-10-09 11:00:00+00:00,0.919830024242,0.92050999403,0.918810009956,0.920329988003,0
2025-10-09 12:00:00+00:00,0.920369982719,0.921429991722,0.919319987297,0.920989990234,0
2025-10-09 13:00:00+00:00,0.920949995518,0.921580016613,0.918389976025,0.919740021229,0
2025-10-09 14:00:00+00:00,0.919770002365,0.919780015945,0.917389988899,0.918669998646,0
2025-10-09 15:00:00+00:00,0.918659985065,0.91888999939,0.916779994965,0.918079972267,0
2025-10-09 16:00:00+00:00,0.918070018291,0.918879985809,0.917209982872,0.918039977551,0
2025-10-09 17:00:00+00:00,0.918039977551,0.918630003929,0.917100012302,0.917999982834,0
2025-10-09 18:00:00+00:00,0.918049991131,0.918370008469,0.916769981384,0.917999982834,0
2025-10-09 19:00:00+00:00,0.917959988117,0.918839991093,0.917270004749,0.918550014496,0
2025-10-09 20:00:00+00:00,0.918560028076,0.918990015984,0.917720019817,0.918489992619,0
2025-10-09 21:00:00+00:00,0.918240010738,0.91888999939,0.917509973049,0.918470025063,0
2025-10-09 22:00:00+00:00,0.918489992619,0.919350028038,0.917879998684,0.91927999258,0
2025-10-09 23:00:00+00:00,0.919260025024,0.919799983501,0.918190002441,0.919759988785,0
2025-10-10 00:00:00+00:00,0.919730007648,0.920480012894,0.918449997902,0.920319974422,0
2025-10-10 01:00:00+00:00,0.920329988003,0.920859992504,0.919250011444,0.92027002573,0
2025-10-10 02:00:00+00:00,0.920239984989,0.921169996262,0.919319987297,0.920910000801,0
2025-10-10 03:00:00+00:00,0.920899987221,0.921130001545,0.919520020485,0.920610010624,0
2025-10-10 04:00:00+00:00,0.920560002327,0.920669972897,0.919219970703,0.920310020447,0
2025-10-10 05:00:00+00:00,0.920279979706,0.920679986477,0.919080018997,0.920099973679,0
2025-10-10 06:00:00+00:00,0.920149981976,0.92050999403,0.918089985847,0.91927999258,0
2025-10-10 07:00:00+00:00,0.919290006161,0.919499993324,0.91742002964,0.919420003891,0
2025-10-10 08:00:00+00:00,0.919409990311,0.919889986515,0.917959988117,0.919089972973,0
2025-10-10 09:00:00+00:00,0.919080018997,0.919130027294,0.917289972305,0.918429970741,0
2025-10-10 10:00:00+00:00,0.918439984322,0.919189989567,0.917379975319,0.918370008469,0
2025-10-10 11:00:00+00:00,0.918320000172,0.918669998646,0.917259991169,0.918370008469,0
2025-10-10 12:00:00+00:00,0.918380022049,0.919049978256,0.915509998798,0.916589975357,0
2025-10-10 13:00:00+00:00,0.916610002518,0.916980028152,0.915019989014,0.915849983692,0
2025-10-10 14:00:00+00:00,0.915830016136,0.916440010071,0.914460003376,0.914900004864,0
2025-10-10 15:00:00+00:00,0.914900004864,0.914929986,0.907230019569,0.908949971199,0
2025-10-10 16:00:00+00:00,0.908930003643,0.909269988537,0.907019972801,0.908249974251,0
2025-10-10 17:00:00+00:00,0.908290028572,0.909189999104,0.907199978828,0.908619999886,0
2025-10-10 18:00:00+00:00,0.908640027046,0.908760011196,0.906710028648,0.907720029354,0
2025-10-10 19:00:00+00:00,0.907689988613,0.908270001411,0.906509995461,0.907840013504,0
2025-10-10 20:00:00+00:00,0.907840013504,0.908029973507,0.905179977417,0.90636998415,0
2025-10-10 21:00:00+00:00,0.905369997025,0.905369997025,0.905369997025,0.905369997025,0
2025-10-12 23:00:00+00:00,0.909399986267,0.909759998322,0.907649993896,0.909550011158,0
2025-10-13 00:00:00+00:00,0.909550011158,0.911599993706,0.908720016479,0.911520004272,0
2025-10-13 01:00:00+00:00,0.911469995975,0.913359999657,0.910640001297,0.912779986858,0
2025-10-13 02:00:00+00:00,0.912810027599,0.913399994373,0.911740005016,0.912859976292,0
2025-10-13 03:00:00+00:00,0.912829995155,0.913250029087,0.911019980907,0.91196000576,0
2025-10-13 04:00:00+00:00,0.9119399786,0.912750005722,0.911010026932,0.912559986115,0
2025-10-13 05:00:00+00:00,0.912580013275,0.913089990616,0.911679983139,0.912970006466,0
2025-10-13 06:00:00+00:00,0.912890017033,0.91319000721,0.911339998245,0.912590026855,0
2025-10-13 07:00:00+00:00,0.912630021572,0.91355997324,0.911010026932,0.913240015507,0
2025-10-13 08:00:00+00:00,0.913290023804,0.913680016994,0.91181999445,0.912930011749,0
2025-10-13 09:00:00+00:00,0.912959992886,0.913399994373,0.911859989166,0.913169980049,0
2025-10-13 10:00:00+00:00,0.913160026073,0.91342997551,0.912050008774,0.912980020046,0
2025-10-13 11:00:00+00:00,0.912949979305,0.913169980049,0.910390019417,0.911499977112,0
2025-10-13 12:00:00+00:00,0.911499977112,0.912379980087,0.910539984703,0.911970019341,0
2025-10-13 13:00:00+00:00,0.912010014057,0.913600027561,0.911140024662,0.913510024548,0
2025-10-13 14:00:00+00:00,0.913489997387,0.913829982281,0.91206997633,0.913460016251,0
2025-10-13 15:00:00+00:00,0.913519978523,0.914770007133,0.912720024586,0.914300024509,0
2025-10-13 16:00:00+00:00,0.914300024509,0.915369987488,0.913359999657,0.915279984474,0
2025-10-13 17:00:00+00:00,0.915229976177,0.915390014648,0.91368997097,0.914699971676,0
2025-10-13 18:00:00+00:00,0.914740025997,0.915229976177,0.913600027561,0.914520025253,0
2025-10-13 19:00:00+00:00,0.914489984512,0.915000021458,0.913640022278,0.914569973946,0
2025-10-13 20:00:00+00:00,0.914569973946,0.914650022984,0.913230001926,0.913879990578,0
2025-10-13 21:00:00+00:00,0.913179993629,0.914659976959,0.912880003452,0.913969993591,0
2025-10-13 22:00:00+00:00,0.914070010185,0.914879977703,0.913370013237,0.91481000185,0
2025-10-13 23:00:00+00:00,0.914749979973,0.914879977703,0.912989974022,0.914149999619,0
2025-10-14 00:00:00+00:00,0.914139986038,0.915199995041,0.913420021534,0.914929986,0
2025-10-14 01:00:00+00:00,0.914979994297,0.915099978447,0.912850022316,0.913739979267,0
2025-10-14 02:00:00+00:00,0.913730025291,0.914510011673,0.912850022316,0.913969993591,0
2025-10-14 03:00:00+00:00,0.913909971714,0.914170026779,0.910870015621,0.912299990654,0
2025-10-14 04:00:00+00:00,0.912299990654,0.912429988384,0.908789992332,0.909929990768,0
2025-10-14 05:00:00+00:00,0.909959971905,0.909979999065,0.906849980354,0.908500015736,0
2025-10-14 06:00:00+00:00,0.908540010452,0.909619987011,0.907400012016,0.90896999836,0
2025-10-14 07:00:00+00:00,0.90898001194,0.909080028534,0.90637999773,0.907689988613,0
2025-10-14 08:00:00+00:00,0.907700002193,0.908770024776,0.906840026379,0.907819986343,0
2025-10-14 09:00:00+00:00,0.907819986343,0.908450007439,0.90614002943,0.907109975815,0
2025-10-14 10:00:00+00:00,0.907109975815,0.907519996166,0.905449986458,0.907130002975,0
2025-10-14 11:00:00+00:00,0.907100021839,0.908029973507,0.906199991703,0.907660007477,0
2025-10-14 12:00:00+00:00,0.907649993896,0.907800018787,0.905659973621,0.907100021839,0
2025-10-14 13:00:00+00:00,0.907090008259,0.908630013466,0.905550003052,0.907169997692,0
2025-10-14 14:00:00+00:00,0.907140016556,0.910430014133,0.906480014324,0.91034001112,0
2025-10-14 15:00:00+00:00,0.9103500247,0.911909997463,0.909280002117,0.911369979382,0
2025-10-14 16:00:00+00:00,0.911419987679,0.911979973316,0.910139977932,0.911549985409,0
2025-10-14 17:00:00+00:00,0.911520004272,0.91196000576,0.909969985485,0.910960018635,0
2025-10-14 18:00:00+00:00,0.910950005054,0.911300003529,0.909910023212,0.910960018635,0
2025-10-14 19:00:00+00:00,0.911000013351,0.911549985409,0.909150004387,0.910369992256,0
2025-10-14 20:00:00+00:00,0.910369992256,0.910880029202,0.909300029278,0.91070997715,0
2025-10-14 21:00:00+00:00,0.910440027714,0.910799980164,0.909439980984,0.910449981689,0
2025-10-14 22:00:00+00:00,0.910430014133,0.911549985409,0.909929990768,0.911539971828,0
2025-10-14 23:00:00+00:00,0.911450028419,0.911859989166,0.910489976406,0.911660015583,0
2025-10-15 00:00:00+00:00,0.911639988422,0.912270009518,0.910239994526,0.91220998764,0
2025-10-15 01:00:00+00:00,0.912240028381,0.912970006466,0.910820007324,0.912639975548,0
2025-10-15 02:00:00+00:00,0.912699997425,0.913879990578,0.911750018597,0.913250029087,0
2025-10-15 03:00:00+00:00,0.913209974766,0.914420008659,0.912450015545,0.914049983025,0
2025-10-15 04:00:00+00:00,0.914059996605,0.914889991283,0.913129985332,0.914250016212,0
2025-10-15 05:00:00+00:00,0.914300024509,0.914640009403,0.913129985332,0.914040029049,0
2025-10-15 06:00:00+00:00,0.914089977741,0.915099978447,0.913129985332,0.914640009403,0
2025-10-15 07:00:00+00:00,0.91468000412,0.915109992027,0.913420021534,0.914950013161,0
2025-10-15 08:00:00+00:00,0.915000021458,0.915610015392,0.913969993591,0.915199995041,0
2025-10-15 09:00:00+00:00,0.915180027485,0.915400028229,0.913879990578,0.915319979191,0
2025-10-15 10:00:00+00:00,0.915359973907,0.915679991245,0.913909971714,0.915380001068,0
2025-10-15 11:00:00+00:00,0.915390014648,0.915600001812,0.913619995117,0.914730012417,0
2025-10-15 12:00:00+00:00,0.914719998837,0.915289998055,0.91356998682,0.914420008659,0
2025-10-15 13:00:00+00:00,0.914409995079,0.914870023727,0.912739992142,0.914089977741,0
2025-10-15 14:00:00+00:00,0.914099991322,0.915000021458,0.91330999136,0.914719998837,0
2025-10-15 15:00:00+00:00,0.914709985256,0.915009975433,0.912729978561,0.913839995861,0
2025-10-15 16:00:00+00:00,0.913860023022,0.914229989052,0.912880003452,0.913940012455,0
2025-10-15 17:00:00+00:00,0.913990020752,0.914009988308,0.911570012569,0.913460016251,0
2025-10-15 18:00:00+00:00,0.913469970226,0.914390027523,0.912620007992,0.914279997349,0
2025-10-15 19:00:00+00:00,0.914250016212,0.914460003376,0.913129985332,0.914309978485,0
2025-10-15 20:00:00+00:00,0.914330005646,0.914610028267,0.91330999136,0.914319992065,0
2025-10-15 21:00:00+00:00,0.914330005646,0.914330005646,0.911859989166,0.913770020008,0
2025-10-15 22:00:00+00:00,0.913770020008,0.914730012417,0.913519978523,0.914659976959,0
2025-10-15 23:00:00+00:00,0.914619982243,0.9146900177,0.912630021572,0.913919985294,0
2025-10-16 00:00:00+00:00,0.913900017738,0.914610028267,0.909189999104,0.910809993744,0
2025-10-16 01:00:00+00:00,0.910780012608,0.912660002708,0.910019993782,0.910740017891,0
2025-10-16 02:00:00+00:00,0.910669982433,0.91184002161,0.909160017967,0.910510003567,0
2025-10-16 03:00:00+00:00,0.910560011864,0.910669982433,0.908500015736,0.909950017929,0
2025-10-16 04:00:00+00:00,0.909940004349,0.910880029202,0.909060001373,0.910730004311,0
2025-10-16 05:00:00+00:00,0.910740017891,0.911390006542,0.909739971161,0.911059975624,0
2025-10-16 06:00:00+00:00,0.911019980907,0.912299990654,0.910260021687,0.91209000349,0
2025-10-16 07:00:00+00:00,0.91206997633,0.913339972496,0.911469995975,0.912999987602,0
2025-10-16 08:00:00+00:00,0.912999987602,0.913800001144,0.912410020828,0.913209974766,0
2025-10-16 09:00:00+00:00,0.913219988346,0.913540005684,0.912020027637,0.913339972496,0
2025-10-16 10:00:00+00:00,0.91332000494,0.913929998875,0.912419974804,0.913519978523,0
2025-10-16 11:00:00+00:00,0.913550019264,0.914070010185,0.912580013275,0.913839995861,0
2025-10-16 12:00:00+00:00,0.913879990578,0.913999974728,0.912039995193,0.91320002079,0
2025-10-16 13:00:00+00:00,0.913230001926,0.913389980793,0.910279989243,0.911040008068,0
2025-10-16 14:00:00+00:00,0.911029994488,0.913299977779,0.910059988499,0.912750005722,0
2025-10-16 15:00:00+00:00,0.912739992142,0.912989974022,0.91071999073,0.911570012569,0
2025-10-16 16:00:00+00:00,0.911559998989,0.912240028381,0.908959984779,0.911379992962,0
2025-10-16 17:00:00+00:00,0.911339998245,0.91181999445,0.909280002117,0.910380005836,0
2025-10-16 18:00:00+00:00,0.910369992256,0.911029994488,0.908649981022,0.910860002041,0
2025-10-16 19:00:00+00:00,0.910860002041,0.911090016365,0.909609973431,0.911000013351,0
2025-10-16 20:00:00+00:00,0.910989999771,0.911440014839,0.910099983215,0.910790026188,0
2025-10-16 21:00:00+00:00,0.910790026188,0.911279976368,0.910030007362,0.911059975624,0
2025-10-16 22:00:00+00:00,0.910910010338,0.911759972572,0.910160005093,0.910989999771,0
2025-10-16 23:00:00+00:00,0.910950005054,0.911279976368,0.908670008183,0.910359978676,0
2025-10-17 00:00:00+00:00,0.91032999754,0.910679996014,0.909160017967,0.91021001339,0
2025-10-17 01:00:00+00:00,0.910260021687,0.911199986935,0.908179998398,0.909169971943,0
2025-10-17 02:00:00+00:00,0.90909999609,0.90922999382,0.907469987869,0.908540010452,0
2025-10-17 03:00:00+00:00,0.908529996872,0.908999979496,0.906930029392,0.908209979534,0
2025-10-17 04:00:00+00:00,0.908219993114,0.909179985523,0.907429993153,0.908909976482,0
2025-10-17 05:00:00+00:00,0.908840000629,0.909160017967,0.907299995422,0.909030020237,0
2025-10-17 06:00:00+00:00,0.909049987793,0.909609973431,0.90773999691,0.908670008183,0
2025-10-17 07:00:00+00:00,0.908630013466,0.908680021763,0.905409991741,0.908079981804,0
2025-10-17 08:00:00+00:00,0.908089995384,0.908309996128,0.90612000227,0.907429993153,0
2025-10-17 09:00:00+00:00,0.907440006733,0.908339977264,0.906560003757,0.907829999924,0
2025-10-17 10:00:00+00:00,0.907819986343,0.909300029278,0.906459987164,0.908940017223,0
2025-10-17 11:00:00+00:00,0.908940017223,0.912029981613,0.907980024815,0.910260021687,0
2025-10-17 12:00:00+00:00,0.910229980946,0.910979986191,0.908050000668,0.90898001194,0
2025-10-17 13:00:00+00:00,0.908919990063,0.910619974136,0.907819986343,0.909640014172,0
2025-10-17 14:00:00+00:00,0.909609973431,0.911390006542,0.908429980278,0.911010026932,0
2025-10-17 15:00:00+00:00,0.911059975624,0.911480009556,0.908800005913,0.910870015621,0
2025-10-17 16:00:00+00:00,0.910849988461,0.911199986935,0.909340023994,0.91032999754,0
2025-10-17 17:00:00+00:00,0.910279989243,0.910820007324,0.908999979496,0.910449981689,0
2025-10-17 18:00:00+00:00,0.910420000553,0.911220014095,0.909510016441,0.91057997942,0
2025-10-17 19:00:00+00:00,0.910629987717,0.911059975624,0.909539997578,0.91071999073,0
2025-10-17 20:00:00+00:00,0.910740017891,0.910899996758,0.909409999847,0.909940004349,0
2025-10-17 21:00:00+00:00,0.909910023212,0.909910023212,0.909910023212,0.909910023212,0
2025-10-19 23:00:00+00:00,0.911419987679,0.911539971828,0.909619987011,0.911099970341,0
2025-10-20 00:00:00+00:00,0.911130011082,0.911620020866,0.909699976444,0.911490023136,0
2025-10-20 01:00:00+00:00,0.911499977112,0.912530004978,0.910390019417,0.911459982395,0
2025-10-20 02:00:00+00:00,0.911459982395,0.912119984627,0.910650014877,0.910679996014,0
2025-10-20 03:00:00+00:00,0.911570012569,0.9117000103,0.909759998322,0.911080002785,0
2025-10-20 04:00:00+00:00,0.911050021648,0.911490023136,0.909879982471,0.910960018635,0
2025-10-20 05:00:00+00:00,0.911040008068,0.911930024624,0.91009002924,0.911750018597,0
2025-10-20 06:00:00+00:00,0.911809980869,0.911909997463,0.910170018673,0.911260008812,0
2025-10-20 07:00:00+00:00,0.911260008812,0.91184002161,0.909850001335,0.911360025406,0
2025-10-20 08:00:00+00:00,0.911289989948,0.911889970303,0.910260021687,0.911629974842,0
2025-10-20 09:00:00+00:00,0.911559998989,0.9119399786,0.910080015659,0.910989999771,0
2025-10-20 10:00:00+00:00,0.910950005054,0.911239981651,0.909720003605,0.910640001297,0
2025-10-20 11:00:00+00:00,0.910610020161,0.911099970341,0.909510016441,0.911040008068,0
2025-10-20 12:00:00+00:00,0.911059975624,0.912010014057,0.910000026226,0.911779999733,0
2025-10-20 13:00:00+00:00,0.911809980869,0.912760019302,0.910799980164,0.912389993668,0
2025-10-20 14:00:00+00:00,0.912360012531,0.913749992847,0.911459982395,0.91368997097,0
2025-10-20 15:00:00+00:00,0.913649976254,0.91481000185,0.912490010262,0.914089977741,0
2025-10-20 16:00:00+00:00,0.913999974728,0.914420008659,0.912890017033,0.913770020008,0
2025-10-20 17:00:00+00:00,0.913789987564,0.914340019226,0.913049995899,0.914080023766,0
2025-10-20 18:00:00+00:00,0.914080023766,0.914439976215,0.913150012493,0.914300024509,0
2025-10-20 19:00:00+00:00,0.914349973202,0.914520025253,0.913119971752,0.913999974728,0
2025-10-20 20:00:00+00:00,0.913990020752,0.914300024509,0.912829995155,0.913739979267,0
2025-10-20 21:00:00+00:00,0.91368997097,0.914420008659,0.912899971008,0.914059996605,0
2025-10-20 22:00:00+00:00,0.913709998131,0.914590001106,0.913230001926,0.914260029793,0
2025-10-20 23:00:00+00:00,0.914269983768,0.914489984512,0.913240015507,0.914309978485,0
2025-10-21 00:00:00+00:00,0.914330005646,0.915409982204,0.91330999136,0.915289998055,0
2025-10-21 01:00:00+00:00,0.915279984474,0.915340006351,0.913240015507,0.914409995079,0
2025-10-21 02:00:00+00:00,0.914349973202,0.914969980717,0.913250029087,0.914139986038,0
2025-10-21 03:00:00+00:00,0.914139986038,0.914449989796,0.91294002533,0.913829982281,0
2025-10-21 04:00:00+00:00,0.913810014725,0.914049983025,0.912410020828,0.913630008698,0
2025-10-21 05:00:00+00:00,0.91356998682,0.913709998131,0.911490023136,0.912360012531,0
2025-10-21 06:00:00+00:00,0.912349998951,0.913039982319,0.91096997261,0.912760019302,0
2025-10-21 07:00:00+00:00,0.912689983845,0.913100004196,0.910939991474,0.91196000576,0
2025-10-21 08:00:00+00:00,0.911970019341,0.91206997633,0.910059988499,0.91181999445,0
2025-10-21 09:00:00+00:00,0.911779999733,0.912039995193,0.910189986229,0.911610007286,0
2025-10-21 10:00:00+00:00,0.911559998989,0.911790013313,0.910260021687,0.911589980125,0
2025-10-21 11:00:00+00:00,0.911620020866,0.912450015545,0.910790026188,0.911920011044,0
2025-10-21 12:00:00+00:00,0.9119399786,0.912039995193,0.908699989319,0.911040008068,0
2025-10-21 13:00:00+00:00,0.911010026932,0.911099970341,0.907769978046,0.909150004387,0
2025-10-21 14:00:00+00:00,0.909160017967,0.910369992256,0.908209979534,0.909969985485,0
2025-10-21 15:00:00+00:00,0.909979999065,0.910759985447,0.909210026264,0.9103500247,0
2025-10-21 16:00:00+00:00,0.910309970379,0.910780012608,0.908959984779,0.909780025482,0
2025-10-21 17:00:00+00:00,0.909829974174,0.909940004349,0.908500015736,0.909449994564,0
2025-10-21 18:00:00+00:00,0.909460008144,0.909789979458,0.908460021019,0.909730017185,0
2025-10-21 19:00:00+00:00,0.909730017185,0.909860014915,0.908580005169,0.909489989281,0
2025-10-21 20:00:00+00:00,0.909460008144,0.909780025482,0.908389985561,0.909259974957,0
2025-10-21 21:00:00+00:00,0.909269988537,0.909979999065,0.908429980278,0.909640014172,0
2025-10-21 22:00:00+00:00,0.909189999104,0.910120010376,0.908739984035,0.910030007362,0
2025-10-21 23:00:00+00:00,0.910059988499,0.910179972649,0.908909976482,0.909969985485,0
2025-10-22 00:00:00+00:00,0.909959971905,0.910239994526,0.907779991627,0.908749997616,0
2025-10-22 01:00:00+00:00,0.908749997616,0.909189999104,0.90748000145,0.908959984779,0
2025-10-22 02:00:00+00:00,0.908949971199,0.909780025482,0.907959997654,0.909389972687,0
2025-10-22 03:00:00+00:00,0.909340023994,0.909690022469,0.907970011234,0.909470021725,0
2025-10-22 04:00:00+00:00,0.909510016441,0.91034001112,0.908819973469,0.909959971905,0
2025-10-22 05:00:00+00:00,0.909929990768,0.910790026188,0.909070014954,0.910409986973,0
2025-10-22 06:00:00+00:00,0.910440027714,0.911310017109,0.90934997797,0.91070997715,0
2025-10-22 07:00:00+00:00,0.910749971867,0.911010026932,0.909519970417,0.910640001297,0
2025-10-22 08:00:00+00:00,0.910640001297,0.91071999073,0.908699989319,0.909709990025,0
2025-10-22 09:00:00+00:00,0.909669995308,0.910179972649,0.908510029316,0.91009002924,0
2025-10-22 10:00:00+00:00,0.910040020943,0.91021001339,0.908519983292,0.909500002861,0
2025-10-22 11:00:00+00:00,0.909430027008,0.909879982471,0.908510029316,0.909569978714,0
2025-10-22 12:00:00+00:00,0.909510016441,0.910049974918,0.908729970455,0.909820020199,0
2025-10-22 13:00:00+00:00,0.909770011902,0.910099983215,0.908280014992,0.909280002117,0
2025-10-22 14:00:00+00:00,0.909280002117,0.909690022469,0.906899988651,0.908450007439,0
2025-10-22 15:00:00+00:00,0.908469974995,0.909179985523,0.907379984856,0.908710002899,0
2025-10-22 16:00:00+00:00,0.908699989319,0.908919990063,0.906029999256,0.907809972763,0
2025-10-22 17:00:00+00:00,0.907809972763,0.908029973507,0.905759990215,0.906970024109,0
2025-10-22 18:00:00+00:00,0.906960010529,0.907570004463,0.905839979649,0.907149970531,0
2025-10-22 19:00:00+00:00,0.907159984112,0.90762001276,0.906279981136,0.907580018044,0
2025-10-22 20:00:00+00:00,0.907559990883,0.908259987831,0.906530022621,0.907720029354,0
2025-10-22 21:00:00+00:00,0.907350003719,0.908039987087,0.906679987907,0.907890021801,0
2025-10-22 22:00:00+00:00,0.907890021801,0.908129990101,0.906759977341,0.907840013504,0
2025-10-22 23:00:00+00:00,0.907710015774,0.907800018787,0.906509995461,0.907429993153,0
2025-10-23 00:00:00+00:00,0.907469987869,0.908110022545,0.90623998642,0.908070027828,0
2025-10-23 01:00:00+00:00,0.908029973507,0.908609986305,0.906920015812,0.90773999691,0
2025-10-23 02:00:00+00:00,0.90762001276,0.908010005951,0.90662997961,0.907779991627,0
2025-10-23 03:00:00+00:00,0.90772998333,0.908020019531,0.906180024147,0.906979978085,0
2025-10-23 04:00:00+00:00,0.906949996948,0.90772998333,0.906440019608,0.90760999918,0
2025-10-23 05:00:00+00:00,0.907589972019,0.908330023289,0.906790018082,0.908159971237,0
2025-10-23 06:00:00+00:00,0.908070027828,0.909699976444,0.907660007477,0.909470021725,0
2025-10-23 07:00:00+00:00,0.909389972687,0.910440027714,0.908680021763,0.91022002697,0
2025-10-23 08:00:00+00:00,0.910160005093,0.911059975624,0.909590005875,0.910679996014,0
2025-10-23 09:00:00+00:00,0.910610020161,0.911319971085,0.909590005875,0.911279976368,0
2025-10-23 10:00:00+00:00,0.911239981651,0.911300003529,0.909389972687,0.91032999754,0
2025-10-23 11:00:00+00:00,0.910269975662,0.91045999527,0.90899002552,0.909749984741,0
2025-10-23 12:00:00+00:00,0.909770011902,0.910420000553,0.908649981022,0.910109996796,0
2025-10-23 13:00:00+00:00,0.910049974918,0.910700023174,0.909210026264,0.910080015659,0
2025-10-23 14:00:00+00:00,0.910080015659,0.911589980125,0.909080028534,0.911450028419,0
2025-10-23 15:00:00+00:00,0.911469995975,0.91183000803,0.910440027714,0.911350011826,0
2025-10-23 16:00:00+00:00,0.911379992962,0.911759972572,0.910430014133,0.911319971085,0
2025-10-23 17:00:00+00:00,0.911329984665,0.911899983883,0.910099983215,0.9117000103,0
2025-10-23 18:00:00+00:00,0.911660015583,0.911759972572,0.910549998283,0.911430001259,0
2025-10-23 19:00:00+00:00,0.911400020123,0.911530017853,0.909820020199,0.91057997942,0
2025-10-23 20:00:00+00:00,0.910589993,0.911210000515,0.909810006618,0.91060000658,0
2025-10-23 21:00:00+00:00,0.910629987717,0.910629987717,0.909550011158,0.910279989243,0
2025-10-23 22:00:00+00:00,0.91048002243,0.911469995975,0.909780025482,0.911260008812,0
2025-10-23 23:00:00+00:00,0.911159992218,0.911329984665,0.910099983215,0.911149978638,0
2025-10-24 00:00:00+00:00,0.911130011082,0.911329984665,0.909870028496,0.911010026932,0
2025-10-24 01:00:00+00:00,0.911029994488,0.911249995232,0.909739971161,0.910619974136,0
2025-10-24 02:00:00+00:00,0.91060000658,0.911790013313,0.909280002117,0.91048002243,0
2025-10-24 03:00:00+00:00,0.910510003567,0.911140024662,0.909720003605,0.911059975624,0
2025-10-24 04:00:00+00:00,0.911080002785,0.911170005798,0.909730017185,0.910910010338,0
2025-10-24 05:00:00+00:00,0.910860002041,0.910989999771,0.909439980984,0.910560011864,0
2025-10-24 06:00:00+00:00,0.91057997942,0.911719977856,0.909839987755,0.911719977856,0
2025-10-24 07:00:00+00:00,0.91171002388,0.911769986153,0.909850001335,0.910749971867,0
2025-10-24 08:00:00+00:00,0.910780012608,0.910960018635,0.90934997797,0.91060000658,0
2025-10-24 09:00:00+00:00,0.91060000658,0.910960018635,0.909560024738,0.910549998283,0
2025-10-24 10:00:00+00:00,0.910560011864,0.911170005798,0.909799993038,0.910989999771,0
2025-10-24 11:00:00+00:00,0.910979986191,0.911719977856,0.910130023956,0.9117000103,0
2025-10-24 12:00:00+00:00,0.911660015583,0.914349973202,0.91071999073,0.913659989834,0
2025-10-24 13:00:00+00:00,0.91368997097,0.913800001144,0.911979973316,0.913299977779,0
2025-10-24 14:00:00+00:00,0.913290023804,0.913619995117,0.910589993,0.911440014839,0
2025-10-24 15:00:00+00:00,0.911459982395,0.912509977818,0.910749971867,0.912029981613,0
2025-10-24 16:00:00+00:00,0.912029981613,0.912389993668,0.910629987717,0.911670029163,0
2025-10-24 17:00:00+00:00,0.911660015583,0.912180006504,0.910880029202,0.911769986153,0
2025-10-24 18:00:00+00:00,0.911759972572,0.911790013313,0.910250008106,0.911369979382,0
2025-10-24 19:00:00+00:00,0.911369979382,0.911670029163,0.910409986973,0.911289989948,0
2025-10-24 20:00:00+00:00,0.911339998245,0.911639988422,0.91032999754,0.911019980907,0
2025-10-24 21:00:00+00:00,0.910629987717,0.910629987717,0.910629987717,0.910629987717,0
2025-10-27 00:00:00+00:00,0.914179980755,0.914520025253,0.912349998951,0.913299977779,0
2025-10-27 01:00:00+00:00,0.913259983063,0.914399981499,0.912289977074,0.913659989834,0
2025-10-27 02:00:00+00:00,0.913649976254,0.914149999619,0.912819981575,0.914020001888,0
2025-10-27 03:00:00+00:00,0.913980007172,0.914309978485,0.912590026855,0.913529992104,0
2025-10-27 04:00:00+00:00,0.913580000401,0.913810014725,0.912649989128,0.913709998131,0
2025-10-27 05:00:00+00:00,0.913730025291,0.914219975471,0.912739992142,0.914210021496,0
2025-10-27 06:00:00+00:00,0.914179980755,0.914950013161,0.91307002306,0.914170026779,0
2025-10-27 07:00:00+00:00,0.914170026779,0.914309978485,0.912400007248,0.91332000494,0
2025-10-27 08:00:00+00:00,0.913299977779,0.915970027447,0.912460029125,0.915859997272,0
2025-10-27 09:00:00+00:00,0.915859997272,0.916369974613,0.914349973202,0.916209995747,0
2025-10-27 10:00:00+00:00,0.916190028191,0.916490018368,0.915090024471,0.9162799716,0
2025-10-27 11:00:00+00:00,0.9162799716,0.916679978371,0.914849996567,0.916480004787,0
2025-10-27 12:00:00+00:00,0.916440010071,0.916660010815,0.915130019188,0.916530013084,0
2025-10-27 13:00:00+00:00,0.916490018368,0.917200028896,0.915139973164,0.916519999504,0
2025-10-27 14:00:00+00:00,0.916490018368,0.917439997196,0.915549993515,0.916890025139,0
2025-10-27 15:00:00+00:00,0.916909992695,0.917370021343,0.915650010109,0.917060017586,0
2025-10-27 16:00:00+00:00,0.917110025883,0.917710006237,0.91618001461,0.917490005493,0
2025-10-27 17:00:00+00:00,0.917500019073,0.91778999567,0.916249990463,0.917519986629,0
2025-10-27 18:00:00+00:00,0.91754001379,0.917720019817,0.91618001461,0.917349994183,0
2025-10-27 19:00:00+00:00,0.917309999466,0.917389988899,0.916059970856,0.917180001736,0
2025-10-27 20:00:00+00:00,0.917230010033,0.917389988899,0.915929973125,0.916729986668,0
2025-10-27 21:00:00+00:00,0.916689991951,0.917020022869,0.915750026703,0.916859984398,0
2025-10-27 22:00:00+00:00,0.916310012341,0.917349994183,0.91617000103,0.917159974575,0
2025-10-27 23:00:00+00:00,0.917129993439,0.917509973049,0.91592001915,0.917439997196,0
2025-10-28 00:00:00+00:00,0.91753000021,0.917630016804,0.916119992733,0.916970014572,0
2025-10-28 01:00:00+00:00,0.916960000992,0.917519986629,0.915809988976,0.917180001736,0
2025-10-28 02:00:00+00:00,0.917140007019,0.917810022831,0.91628998518,0.917259991169,0
2025-10-28 03:00:00+00:00,0.917230010033,0.917559981346,0.916230022907,0.917389988899,0
2025-10-28 04:00:00+00:00,0.917339980602,0.917810022831,0.91641998291,0.91767001152,0
2025-10-28 05:00:00+00:00,0.91765999794,0.917840003967,0.916029989719,0.917129993439,0
2025-10-28 06:00:00+00:00,0.917190015316,0.917490005493,0.916029989719,0.916869997978,0
2025-10-28 07:00:00+00:00,0.916859984398,0.917370021343,0.915910005569,0.917020022869,0
2025-10-28 08:00:00+00:00,0.917029976845,0.917209982872,0.915509998798,0.916649997234,0
2025-10-28 09:00:00+00:00,0.916649997234,0.917620003223,0.915750026703,0.917609989643,0
2025-10-28 10:00:00+00:00,0.917620003223,0.918030023575,0.916660010815,0.917959988117,0
2025-10-28 11:00:00+00:00,0.917959988117,0.917970001698,0.916630029678,0.917460024357,0
2025-10-28 12:00:00+00:00,0.917469978333,0.91767001152,0.916339993477,0.917500019073,0
2025-10-28 13:00:00+00:00,0.917479991913,0.917710006237,0.915809988976,0.917349994183,0
2025-10-28 14:00:00+00:00,0.917330026627,0.918470025063,0.916329979897,0.917980015278,0
2025-10-28 15:00:00+00:00,0.917949974537,0.918210029602,0.916190028191,0.917519986629,0
2025-10-28 16:00:00+00:00,0.91753000021,0.918630003929,0.916700005531,0.918429970741,0
2025-10-28 17:00:00+00:00,0.918449997902,0.918839991093,0.917469978333,0.918619990349,0
2025-10-28 18:00:00+00:00,0.918630003929,0.918680012226,0.917339980602,0.918569982052,0
2025-10-28 19:00:00+00:00,0.918579995632,0.918609976768,0.916719973087,0.917630016804,0
2025-10-28 20:00:00+00:00,0.91767001152,0.918420016766,0.916670024395,0.917800009251,0
2025-10-28 21:00:00+00:00,0.917810022831,0.917949974537,0.916920006275,0.917580008507,0
2025-10-28 22:00:00+00:00,0.91765999794,0.918259978294,0.917029976845,0.917810022831,0
2025-10-28 23:00:00+00:00,0.917840003967,0.918089985847,0.916580021381,0.917729973793,0
2025-10-29 00:00:00+00:00,0.917770028114,0.920610010624,0.9160400033,0.919499993324,0
2025-10-29 01:00:00+00:00,0.919510006905,0.919879972935,0.917460024357,0.91888999939,0
2025-10-29 02:00:00+00:00,0.91891002655,0.919709980488,0.917590022087,0.919369995594,0
2025-10-29 03:00:00+00:00,0.919340014458,0.919860005379,0.918420016766,0.919830024242,0
2025-10-29 04:00:00+00:00,0.919780015945,0.919920027256,0.918560028076,0.919539988041,0
2025-10-29 05:00:00+00:00,0.919589996338,0.92063999176,0.918579995632,0.92013001442,0
2025-10-29 06:00:00+00:00,0.92013001442,0.921230018139,0.919239997864,0.920819997787,0
2025-10-29 07:00:00+00:00,0.920790016651,0.92150002718,0.919939994812,0.920939981937,0
2025-10-29 08:00:00+00:00,0.920870006084,0.921230018139,0.918789982796,0.919629991055,0
2025-10-29 09:00:00+00:00,0.919659972191,0.920329988003,0.918389976025,0.920099973679,0
2025-10-29 10:00:00+00:00,0.920040011406,0.920189976692,0.91890001297,0.919910013676,0
2025-10-29 11:00:00+00:00,0.919900000095,0.920050024986,0.918309986591,0.919409990311,0
2025-10-29 12:00:00+00:00,0.919369995594,0.919489979744,0.917360007763,0.918919980526,0
2025-10-29 13:00:00+00:00,0.918969988823,0.920159995556,0.918020009995,0.919080018997,0
2025-10-29 14:00:00+00:00,0.919089972973,0.919319987297,0.916610002518,0.918280005455,0
2025-10-29 15:00:00+00:00,0.918280005455,0.918810009956,0.917069971561,0.918590009212,0
2025-10-29 16:00:00+00:00,0.918569982052,0.918990015984,0.917360007763,0.91888999939,0
2025-10-29 17:00:00+00:00,0.91890001297,0.91914999485,0.917230010033,0.918869972229,0
2025-10-29 18:00:00+00:00,0.918929994106,0.919120013714,0.914529979229,0.916379988194,0
2025-10-29 19:00:00+00:00,0.916369974613,0.916769981384,0.914200007915,0.916670024395,0
2025-10-29 20:00:00+00:00,0.916660010815,0.917299985886,0.915160000324,0.916270017624,0
2025-10-29 21:00:00+00:00,0.916649997234,0.916649997234,0.914579987526,0.915989995003,0
2025-10-29 22:00:00+00:00,0.915960013866,0.91628998518,0.915000021458,0.915719985962,0
2025-10-29 23:00:00+00:00,0.915719985962,0.916809976101,0.914960026741,0.916689991951,0
2025-10-30 00:00:00+00:00,0.916660010815,0.917850017548,0.916019976139,0.91764998436,0
2025-10-30 01:00:00+00:00,0.917680025101,0.917990028858,0.9162799716,0.91753000021,0
2025-10-30 02:00:00+00:00,0.917559981346,0.918529987335,0.916519999504,0.918250024319,0
2025-10-30 03:00:00+00:00,0.918259978294,0.918619990349,0.917020022869,0.918449997902,0
2025-10-30 04:00:00+00:00,0.918510019779,0.918839991093,0.9160400033,0.918250024319,0
2025-10-30 05:00:00+00:00,0.918219983578,0.918560028076,0.916649997234,0.918320000172,0
2025-10-30 06:00:00+00:00,0.918309986591,0.918709993362,0.916490018368,0.917230010033,0
2025-10-30 07:00:00+00:00,0.917180001736,0.917980015278,0.915799975395,0.917110025883,0
2025-10-30 08:00:00+00:00,0.917069971561,0.91742002964,0.916000008583,0.917020022869,0
2025-10-30 09:00:00+00:00,0.917029976845,0.917360007763,0.915419995785,0.91617000103,0
2025-10-30 10:00:00+00:00,0.916149973869,0.916469991207,0.91505998373,0.9160400033,0
2025-10-30 11:00:00+00:00,0.916010022163,0.916970014572,0.915340006351,0.916440010071,0
2025-10-30 12:00:00+00:00,0.916450023651,0.916509985924,0.914420008659,0.915310025215,0
2025-10-30 13:00:00+00:00,0.915279984474,0.916740000248,0.913789987564,0.916339993477,0
2025-10-30 14:00:00+00:00,0.916310012341,0.917180001736,0.91443002224,0.915719985962,0
2025-10-30 15:00:00+00:00,0.915719985962,0.916559994221,0.914889991283,0.916220009327,0
2025-10-30 16:00:00+00:00,0.916260004044,0.916610002518,0.915149986744,0.916260004044,0
2025-10-30 17:00:00+00:00,0.91629999876,0.916750013828,0.915329992771,0.91641998291,0
2025-10-30 18:00:00+00:00,0.916369974613,0.916450023651,0.915040016174,0.91618001461,0
2025-10-30 19:00:00+00:00,0.91618001461,0.916249990463,0.914879977703,0.915849983692,0
2025-10-30 20:00:00+00:00,0.915840029716,0.916779994965,0.915170013905,0.916249990463,0
2025-10-30 21:00:00+00:00,0.91617000103,0.916660010815,0.914979994297,0.9162799716,0
2025-10-30 22:00:00+00:00,0.915840029716,0.916540026665,0.915040016174,0.9162799716,0
2025-10-30 23:00:00+00:00,0.916260004044,0.917100012302,0.915239989758,0.916930019855,0
2025-10-31 00:00:00+00:00,0.916949987411,0.917089998722,0.915449976921,0.916649997234,0
2025-10-31 01:00:00+00:00,0.916639983654,0.916970014572,0.915160000324,0.916320025921,0
2025-10-31 02:00:00+00:00,0.916360020638,0.916840016842,0.914950013161,0.916230022907,0
2025-10-31 03:00:00+00:00,0.916270017624,0.91641998291,0.914759993553,0.916100025177,0
2025-10-31 04:00:00+00:00,0.916079998016,0.916450023651,0.914889991283,0.916010022163,0
2025-10-31 05:00:00+00:00,0.916079998016,0.916079998016,0.914070010185,0.915030002594,0
2025-10-31 06:00:00+00:00,0.915040016174,0.915729999542,0.914049983025,0.915310025215,0
2025-10-31 07:00:00+00:00,0.915300011635,0.915830016136,0.914390027523,0.915579974651,0
2025-10-31 08:00:00+00:00,0.915560007095,0.91617000103,0.914189994335,0.916079998016,0
2025-10-31 09:00:00+00:00,0.916140019894,0.91629999876,0.914740025997,0.916000008583,0
2025-10-31 10:00:00+00:00,0.9160400033,0.916630029678,0.915199995041,0.916469991207,0
2025-10-31 11:00:00+00:00,0.916509985924,0.916999995708,0.915530025959,0.916849970818,0
2025-10-31 12:00:00+00:00,0.916849970818,0.917590022087,0.915530025959,0.916899979115,0
2025-10-31 13:00:00+00:00,0.916880011559,0.918160021305,0.915910005569,0.917980015278,0
2025-10-31 14:00:00+00:00,0.917990028858,0.918099999428,0.915870010853,0.91777998209,0
2025-10-31 15:00:00+00:00,0.917770028114,0.918110013008,0.915570020676,0.917029976845,0
2025-10-31 16:00:00+00:00,0.916980028152,0.917429983616,0.915359973907,0.916740000248,0
2025-10-31 17:00:00+00:00,0.916750013828,0.916769981384,0.915250003338,0.916540026665,0
2025-10-31 18:00:00+00:00,0.916540026665,0.916859984398,0.915610015392,0.916840016842,0
2025-10-31 19:00:00+00:00,0.916840016842,0.917630016804,0.915989995003,0.917490005493,0
2025-10-31 20:00:00+00:00,0.917559981346,0.91767001152,0.915859997272,0.91618001461,0
2025-10-31 21:00:00+00:00,0.916130006313,0.916130006313,0.916130006313,0.916130006313,0
2025-10-31 22:00:00+00:00,0.916130006313,0.916130006313,0.916130006313,0.916130006313,0
2025-11-03 00:00:00+00:00,0.917299985886,0.917490005493,0.916100025177,0.917339980602,0
2025-11-03 01:00:00+00:00,0.917379975319,0.917970001698,0.916239976883,0.917330026627,0
2025-11-03 02:00:00+00:00,0.917349994183,0.917819976807,0.916239976883,0.91753000021,0
2025-11-03 03:00:00+00:00,0.91754001379,0.918179988861,0.916379988194,0.918150007725,0
2025-11-03 04:00:00+00:00,0.918150007725,0.918449997902,0.917129993439,0.918089985847,0
2025-11-03 05:00:00+00:00,0.918139994144,0.919269979,0.917249977589,0.91878002882,0
2025-11-03 06:00:00+00:00,0.91878002882,0.918940007687,0.917500019073,0.918569982052,0
2025-11-03 07:00:00+00:00,0.918579995632,0.918760001659,0.916909992695,0.918579995632,0
2025-11-03 08:00:00+00:00,0.918600022793,0.919499993324,0.917500019073,0.919430017471,0
2025-11-03 09:00:00+00:00,0.919420003891,0.919659972191,0.918009996414,0.919049978256,0
2025-11-03 10:00:00+00:00,0.919059991837,0.919619977474,0.917949974537,0.91916000843,0
2025-11-03 11:00:00+00:00,0.919210016727,0.919820010662,0.918320000172,0.919659972191,0
2025-11-03 12:00:00+00:00,0.919669985771,0.919799983501,0.918179988861,0.918959975243,0
2025-11-03 13:00:00+00:00,0.918959975243,0.919449985027,0.917800009251,0.91939997673,0
2025-11-03 14:00:00+00:00,0.919439971447,0.919770002365,0.916989982128,0.918089985847,0
2025-11-03 15:00:00+00:00,0.917990028858,0.918669998646,0.91641998291,0.918190002441,0
2025-11-03 16:00:00+00:00,0.918169975281,0.918579995632,0.917150020599,0.918179988861,0
2025-11-03 17:00:00+00:00,0.918139994144,0.919040024281,0.917140007019,0.918550014496,0
2025-11-03 18:00:00+00:00,0.918560028076,0.919300019741,0.917710006237,0.919219970703,0
2025-11-03 19:00:00+00:00,0.919219970703,0.919350028038,0.917990028858,0.918820023537,0
2025-11-03 20:00:00+00:00,0.918820023537,0.918940007687,0.917680025101,0.918730020523,0
2025-11-03 21:00:00+00:00,0.918730020523,0.91900998354,0.917599976063,0.918820023537,0
2025-11-03 22:00:00+00:00,0.918299973011,0.919219970703,0.917630016804,0.91878002882,0
2025-11-03 23:00:00+00:00,0.918420016766,0.919089972973,0.917710006237,0.918829977512,0
2025-11-04 00:00:00+00:00,0.91891002655,0.91939997673,0.917469978333,0.91916000843,0
2025-11-04 01:00:00+00:00,0.919210016727,0.919390022755,0.91764998436,0.91901999712,0
2025-11-04 02:00:00+00:00,0.91901999712,0.919040024281,0.916540026665,0.917639970779,0
2025-11-04 03:00:00+00:00,0.917630016804,0.918749988079,0.916499972343,0.918410003185,0
2025-11-04 04:00:00+00:00,0.918410003185,0.919049978256,0.917159974575,0.918609976768,0
2025-11-04 05:00:00+00:00,0.918560028076,0.918720006943,0.915400028229,0.916019976139,0
2025-11-04 06:00:00+00:00,0.916000008583,0.916740000248,0.91455000639,0.915950000286,0
2025-11-04 07:00:00+00:00,0.915950000286,0.916440010071,0.914640009403,0.915729999542,0
2025-11-04 08:00:00+00:00,0.915740013123,0.91628998518,0.914359986782,0.915570020676,0
2025-11-04 09:00:00+00:00,0.915570020676,0.91579002142,0.912810027599,0.913800001144,0
2025-11-04 10:00:00+00:00,0.913810014725,0.915030002594,0.912710011005,0.914759993553,0
2025-11-04 11:00:00+00:00,0.91481000185,0.915130019188,0.913789987564,0.91481000185,0
2025-11-04 12:00:00+00:00,0.914759993553,0.914830029011,0.913089990616,0.914300024509,0
2025-11-04 13:00:00+00:00,0.914300024509,0.914650022984,0.913100004196,0.914040029049,0
2025-11-04 14:00:00+00:00,0.914049983025,0.914879977703,0.912569999695,0.914460003376,0
2025-11-04 15:00:00+00:00,0.914479970932,0.915870010853,0.913789987564,0.915620028973,0
2025-11-04 16:00:00+00:00,0.915660023689,0.915830016136,0.914160013199,0.915350019932,0
2025-11-04 17:00:00+00:00,0.915319979191,0.915369987488,0.913879990578,0.91481000185,0
2025-11-04 18:00:00+00:00,0.914789974689,0.914950013161,0.91355997324,0.914449989796,0
2025-11-04 19:00:00+00:00,0.91443002224,0.914749979973,0.91319000721,0.914200007915,0
2025-11-04 20:00:00+00:00,0.914279997349,0.91468000412,0.913179993629,0.914200007915,0
2025-11-04 21:00:00+00:00,0.914120018482,0.915359973907,0.913399994373,0.915139973164,0
2025-11-04 22:00:00+00:00,0.914759993553,0.915499985218,0.913980007172,0.915210008621,0
2025-11-04 23:00:00+00:00,0.914969980717,0.915470004082,0.913529992104,0.914330005646,0
2025-11-05 00:00:00+00:00,0.914340019226,0.9146900177,0.91181999445,0.91306000948,0
2025-11-05 01:00:00+00:00,0.91307002306,0.913399994373,0.911099970341,0.912660002708,0
2025-11-05 02:00:00+00:00,0.912660002708,0.914619982243,0.91181999445,0.914590001106,0
2025-11-05 03:00:00+00:00,0.914569973946,0.916390001774,0.913720011711,0.916100025177,0
2025-11-05 04:00:00+00:00,0.916100025177,0.916339993477,0.914349973202,0.91592001915,0
2025-11-05 05:00:00+00:00,0.91592001915,0.916880011559,0.914870023727,0.915639996529,0
2025-11-05 06:00:00+00:00,0.915660023689,0.916390001774,0.914759993553,0.91605001688,0
2025-11-05 07:00:00+00:00,0.91605001688,0.916100025177,0.914529979229,0.915600001812,0
2025-11-05 08:00:00+00:00,0.915669977665,0.916509985924,0.914659976959,0.916220009327,0
2025-11-05 09:00:00+00:00,0.916199982166,0.916719973087,0.914640009403,0.915509998798,0
2025-11-05 10:00:00+00:00,0.915509998798,0.916149973869,0.914319992065,0.915579974651,0
2025-11-05 11:00:00+00:00,0.915570020676,0.915740013123,0.914070010185,0.915719985962,0
2025-11-05 12:00:00+00:00,0.915719985962,0.916029989719,0.914600014687,0.915950000286,0
2025-11-05 13:00:00+00:00,0.915960013866,0.916930019855,0.91479998827,0.916509985924,0
2025-11-05 14:00:00+00:00,0.916519999504,0.91754001379,0.915530025959,0.917119979858,0
2025-11-05 15:00:00+00:00,0.917020022869,0.918099999428,0.915889978409,0.917959988117,0
2025-11-05 16:00:00+00:00,0.917959988117,0.918760001659,0.916819989681,0.918460011482,0
2025-11-05 17:00:00+00:00,0.918460011482,0.91900998354,0.91740000248,0.918410003185,0
2025-11-05 18:00:00+00:00,0.918399989605,0.918709993362,0.917140007019,0.918659985065,0
2025-11-05 19:00:00+00:00,0.918640017509,0.918720006943,0.917150020599,0.917999982834,0
2025-11-05 20:00:00+00:00,0.918030023575,0.918359994888,0.916710019112,0.917599976063,0
2025-11-05 21:00:00+00:00,0.917580008507,0.918039977551,0.916599988937,0.917609989643,0
2025-11-05 22:00:00+00:00,0.917330026627,0.917900025845,0.916509985924,0.917460024357,0
2025-11-05 23:00:00+00:00,0.917460024357,0.918049991131,0.916700005531,0.917879998684,0
2025-11-06 00:00:00+00:00,0.917760014534,0.917949974537,0.916019976139,0.916989982128,0
2025-11-06 01:00:00+00:00,0.917010009289,0.918190002441,0.915570020676,0.918009996414,0
2025-11-06 02:00:00+00:00,0.917999982834,0.918200016022,0.916660010815,0.91753000021,0
2025-11-06 03:00:00+00:00,0.91753000021,0.918340027332,0.916840016842,0.918229997158,0
2025-11-06 04:00:00+00:00,0.918219983578,0.91891002655,0.917299985886,0.918370008469,0
2025-11-06 05:00:00+00:00,0.918359994888,0.918669998646,0.916790008545,0.91754001379,0
2025-11-06 06:00:00+00:00,0.91754001379,0.918169975281,0.916610002518,0.91740000248,0
2025-11-06 07:00:00+00:00,0.917450010777,0.918269991875,0.916639983654,0.917970001698,0
2025-11-06 08:00:00+00:00,0.917970001698,0.918299973011,0.916320025921,0.918079972267,0
2025-11-06 09:00:00+00:00,0.918099999428,0.918500006199,0.917140007019,0.918160021305,0
2025-11-06 10:00:00+00:00,0.918139994144,0.918229997158,0.91642999649,0.917200028896,0
2025-11-06 11:00:00+00:00,0.917200028896,0.917590022087,0.916209995747,0.917159974575,0
2025-11-06 12:00:00+00:00,0.917159974575,0.918160021305,0.916490018368,0.918030023575,0
2025-11-06 13:00:00+00:00,0.918030023575,0.918500006199,0.916970014572,0.91741001606,0
2025-11-06 14:00:00+00:00,0.917370021343,0.917500019073,0.914759993553,0.915260016918,0
2025-11-06 15:00:00+00:00,0.915310025215,0.915560007095,0.913079977036,0.913869976997,0
2025-11-06 16:00:00+00:00,0.913879990578,0.914409995079,0.912679970264,0.913510024548,0
2025-11-06 17:00:00+00:00,0.913479983807,0.914579987526,0.912549972534,0.914300024509,0
2025-11-06 18:00:00+00:00,0.914279997349,0.914969980717,0.913129985332,0.914349973202,0
2025-11-06 19:00:00+00:00,0.914349973202,0.915189981461,0.913630008698,0.914849996567,0
2025-11-06 20:00:00+00:00,0.914839982986,0.915130019188,0.913489997387,0.914479970932,0
2025-11-06 21:00:00+00:00,0.91443002224,0.914650022984,0.913359999657,0.914529979229,0
2025-11-06 22:00:00+00:00,0.913929998875,0.914830029011,0.91319000721,0.914309978485,0
2025-11-06 23:00:00+00:00,0.914309978485,0.915250003338,0.913789987564,0.91491997242,0
2025-11-07 00:00:00+00:00,0.91479998827,0.915459990501,0.913890004158,0.914929986,0
2025-11-07 01:00:00+00:00,0.914889991283,0.915120005608,0.913179993629,0.914749979973,0
2025-11-07 02:00:00+00:00,0.914699971676,0.914929986,0.913339972496,0.914390027523,0
2025-11-07 03:00:00+00:00,0.914319992065,0.914539992809,0.912739992142,0.914049983025,0
2025-11-07 04:00:00+00:00,0.913980007172,0.914600014687,0.912620007992,0.914479970932,0
2025-11-07 05:00:00+00:00,0.914420008659,0.915480017662,0.913739979267,0.915030002594,0
2025-11-07 06:00:00+00:00,0.914990007877,0.915549993515,0.914070010185,0.915329992771,0
2025-11-07 07:00:00+00:00,0.915239989758,0.91605001688,0.914409995079,0.915239989758,0
2025-11-07 08:00:00+00:00,0.915229976177,0.915509998798,0.91368997097,0.915260016918,0
2025-11-07 09:00:00+00:00,0.915220022202,0.915380001068,0.913770020008,0.914960026741,0
2025-11-07 10:00:00+00:00,0.914960026741,0.915489971638,0.913990020752,0.915099978447,0
2025-11-07 11:00:00+00:00,0.915109992027,0.915250003338,0.91342997551,0.914879977703,0
2025-11-07 12:00:00+00:00,0.914929986,0.915019989014,0.913030028343,0.914219975471,0
2025-11-07 13:00:00+00:00,0.914260029793,0.914870023727,0.911310017109,0.912289977074,0
2025-11-07 14:00:00+00:00,0.912270009518,0.912660002708,0.910690009594,0.912190020084,0
2025-11-07 15:00:00+00:00,0.91219997406,0.912460029125,0.909759998322,0.910749971867,0
2025-11-07 16:00:00+00:00,0.910749971867,0.911740005016,0.910000026226,0.911310017109,0
2025-11-07 17:00:00+00:00,0.911300003529,0.911409974098,0.909860014915,0.911149978638,0
2025-11-07 18:00:00+00:00,0.911149978638,0.911509990692,0.909870028496,0.910809993744,0
2025-11-07 19:00:00+00:00,0.910830020905,0.912389993668,0.909919977188,0.911719977856,0
2025-11-07 20:00:00+00:00,0.91171002388,0.911909997463,0.910660028458,0.911520004272,0
2025-11-07 21:00:00+00:00,0.911520004272,0.91219997406,0.910679996014,0.910679996014,0
2025-11-07 22:00:00+00:00,0.911310017109,0.911310017109,0.911310017109,0.911310017109,0
2025-11-10 00:00:00+00:00,0.913100004196,0.913969993591,0.911490023136,0.913619995117,0
2025-11-10 01:00:00+00:00,0.913590013981,0.914830029011,0.912490010262,0.914390027523,0
2025-11-10 02:00:00+00:00,0.914309978485,0.914849996567,0.913020014763,0.914479970932,0
2025-11-10 03:00:00+00:00,0.91455000639,0.914719998837,0.91307002306,0.914009988308,0
2025-11-10 04:00:00+00:00,0.913999974728,0.915279984474,0.913250029087,0.915189981461,0
2025-11-10 05:00:00+00:00,0.915189981461,0.915610015392,0.914170026779,0.915369987488,0
2025-11-10 06:00:00+00:00,0.915380001068,0.915840029716,0.914470016956,0.915520012379,0
2025-11-10 07:00:00+00:00,0.915480017662,0.915639996529,0.914049983025,0.91493999958,0
2025-11-10 08:00:00+00:00,0.914929986,0.915319979191,0.913779973984,0.915040016174,0
2025-11-10 09:00:00+00:00,0.914960026741,0.91605001688,0.914030015469,0.915910005569,0
2025-11-10 10:00:00+00:00,0.915859997272,0.916059970856,0.914510011673,0.915650010109,0
2025-11-10 11:00:00+00:00,0.915660023689,0.915910005569,0.914290010929,0.915650010109,0
2025-11-10 12:00:00+00:00,0.915620028973,0.916059970856,0.914200007915,0.915340006351,0
2025-11-10 13:00:00+00:00,0.915310025215,0.915499985218,0.913709998131,0.914789974689,0
2025-11-10 14:00:00+00:00,0.914789974689,0.915310025215,0.913630008698,0.915050029755,0
2025-11-10 15:00:00+00:00,0.91505998373,0.915310025215,0.913049995899,0.914040029049,0
2025-11-10 16:00:00+00:00,0.914040029049,0.914990007877,0.913139998913,0.914990007877,0
2025-11-10 17:00:00+00:00,0.914960026741,0.916639983654,0.914139986038,0.916360020638,0
2025-11-10 18:00:00+00:00,0.916360020638,0.916670024395,0.915409982204,0.916350007057,0
2025-11-10 19:00:00+00:00,0.916350007057,0.916630029678,0.915340006351,0.916360020638,0
2025-11-10 20:00:00+00:00,0.916379988194,0.916760027409,0.915279984474,0.916270017624,0
2025-11-10 21:00:00+00:00,0.91628998518,0.916599988937,0.915310025215,0.916069984436,0
2025-11-10 22:00:00+00:00,0.916000008583,0.916270017624,0.914789974689,0.915799975395,0
2025-11-10 23:00:00+00:00,0.915989995003,0.916499972343,0.915139973164,0.916360020638,0
2025-11-11 00:00:00+00:00,0.916350007057,0.916499972343,0.915099978447,0.91628998518,0
2025-11-11 01:00:00+00:00,0.916230022907,0.91641998291,0.915139973164,0.9162799716,0
2025-11-11 02:00:00+00:00,0.916260004044,0.916440010071,0.915109992027,0.915989995003,0
2025-11-11 03:00:00+00:00,0.915989995003,0.91629999876,0.914849996567,0.91615998745,0
2025-11-11 04:00:00+00:00,0.916220009327,0.91654998064,0.914699971676,0.915589988232,0
2025-11-11 05:00:00+00:00,0.915549993515,0.915669977665,0.913919985294,0.914640009403,0
2025-11-11 06:00:00+00:00,0.914650022984,0.915459990501,0.913820028305,0.914979994297,0
2025-11-11 07:00:00+00:00,0.915040016174,0.915109992027,0.913339972496,0.914730012417,0
2025-11-11 08:00:00+00:00,0.914740025997,0.915400028229,0.913720011711,0.914569973946,0
2025-11-11 09:00:00+00:00,0.91456001997,0.915030002594,0.913410007954,0.9146900177,0
2025-11-11 10:00:00+00:00,0.9146900177,0.915239989758,0.913869976997,0.915160000324,0
2025-11-11 11:00:00+00:00,0.915149986744,0.915369987488,0.913999974728,0.915329992771,0
2025-11-11 12:00:00+00:00,0.915310025215,0.915499985218,0.914040029049,0.91491997242,0
2025-11-11 13:00:00+00:00,0.914889991283,0.915769994259,0.914009988308,0.915269970894,0
2025-11-11 14:00:00+00:00,0.915220022202,0.915509998798,0.913820028305,0.915189981461,0
2025-11-11 15:00:00+00:00,0.915239989758,0.915279984474,0.912779986858,0.913580000401,0
2025-11-11 16:00:00+00:00,0.913619995117,0.914409995079,0.912779986858,0.914080023766,0
2025-11-11 17:00:00+00:00,0.914089977741,0.914659976959,0.913269996643,0.914420008659,0
2025-11-11 18:00:00+00:00,0.914409995079,0.914860010147,0.913460016251,0.91466999054,0
2025-11-11 19:00:00+00:00,0.91466999054,0.915009975433,0.913680016994,0.914699971676,0
2025-11-11 20:00:00+00:00,0.914740025997,0.91491997242,0.913670003414,0.914659976959,0
2025-11-11 21:00:00+00:00,0.914650022984,0.915090024471,0.913500010967,0.914390027523,0
2025-11-11 22:00:00+00:00,0.914579987526,0.914910018444,0.913119971752,0.914489984512,0
2025-11-11 23:00:00+00:00,0.914709985256,0.915210008621,0.913909971714,0.915040016174,0
2025-11-12 00:00:00+00:00,0.915040016174,0.915350019932,0.913039982319,0.914020001888,0
2025-11-12 01:00:00+00:00,0.914040029049,0.914499998093,0.913169980049,0.914319992065,0
2025-11-12 02:00:00+00:00,0.914330005646,0.914839982986,0.913209974766,0.914120018482,0
2025-11-12 03:00:00+00:00,0.914099991322,0.914569973946,0.913129985332,0.914260029793,0
2025-11-12 04:00:00+00:00,0.914240002632,0.914370000362,0.912530004978,0.913919985294,0
2025-11-12 05:00:00+00:00,0.913929998875,0.914860010147,0.912810027599,0.9146900177,0
2025-11-12 06:00:00+00:00,0.91468000412,0.915470004082,0.913800001144,0.915220022202,0
2025-11-12 07:00:00+00:00,0.915170013905,0.916059970856,0.914399981499,0.915470004082,0
2025-11-12 08:00:00+00:00,0.915499985218,0.916610002518,0.914260029793,0.916369974613,0
2025-11-12 09:00:00+00:00,0.91641998291,0.916440010071,0.914740025997,0.915700018406,0
2025-11-12 10:00:00+00:00,0.915669977665,0.915830016136,0.91456001997,0.915499985218,0
2025-11-12 11:00:00+00:00,0.915489971638,0.916090011597,0.91456001997,0.916010022163,0
2025-11-12 12:00:00+00:00,0.915970027447,0.916670024395,0.915000021458,0.916480004787,0
2025-11-12 13:00:00+00:00,0.916480004787,0.916670024395,0.914910018444,0.916100025177,0
2025-11-12 14:00:00+00:00,0.91617000103,0.916360020638,0.914539992809,0.915530025959,0
2025-11-12 15:00:00+00:00,0.915520012379,0.91617000103,0.91443002224,0.915180027485,0
2025-11-12 16:00:00+00:00,0.915210008621,0.91615998745,0.914390027523,0.915589988232,0
2025-11-12 17:00:00+00:00,0.915589988232,0.915979981422,0.914650022984,0.915639996529,0
2025-11-12 18:00:00+00:00,0.915629982948,0.916339993477,0.914759993553,0.91617000103,0
2025-11-12 19:00:00+00:00,0.91617000103,0.916239976883,0.914860010147,0.915910005569,0
2025-11-12 20:00:00+00:00,0.915929973125,0.916100025177,0.914780020714,0.915799975395,0
2025-11-12 21:00:00+00:00,0.915799975395,0.916239976883,0.914839982986,0.915669977665,0
2025-11-12 22:00:00+00:00,0.915489971638,0.916239976883,0.914910018444,0.915499985218,0
2025-11-12 23:00:00+00:00,0.915139973164,0.915899991989,0.91456001997,0.915480017662,0
2025-11-13 00:00:00+00:00,0.915449976921,0.919229984283,0.913890004158,0.917940020561,0
2025-11-13 01:00:00+00:00,0.917890012264,0.919319987297,0.916899979115,0.918519973755,0
2025-11-13 02:00:00+00:00,0.918460011482,0.919290006161,0.917630016804,0.918860018253,0
2025-11-13 03:00:00+00:00,0.918860018253,0.919080018997,0.917320013046,0.918299973011,0
2025-11-13 04:00:00+00:00,0.918269991875,0.918359994888,0.916909992695,0.918240010738,0
2025-11-13 05:00:00+00:00,0.918200016022,0.918850004673,0.917389988899,0.918519973755,0
2025-11-13 06:00:00+00:00,0.918519973755,0.918980002403,0.917389988899,0.918690025806,0
2025-11-13 07:00:00+00:00,0.918699979782,0.920490026474,0.917890012264,0.919990003109,0
2025-11-13 08:00:00+00:00,0.919960021973,0.920440018177,0.919130027294,0.920189976692,0
2025-11-13 09:00:00+00:00,0.920189976692,0.920229971409,0.918479979038,0.919409990311,0
2025-11-13 10:00:00+00:00,0.919409990311,0.919579982758,0.918219983578,0.919080018997,0
2025-11-13 11:00:00+00:00,0.919089972973,0.919130027294,0.917379975319,0.918320000172,0
2025-11-13 12:00:00+00:00,0.918290019035,0.91891002655,0.917219996452,0.918820023537,0
2025-11-13 13:00:00+00:00,0.918820023537,0.918879985809,0.916379988194,0.91777998209,0
2025-11-13 14:00:00+00:00,0.917739987373,0.917940020561,0.915289998055,0.917069971561,0
2025-11-13 15:00:00+00:00,0.917069971561,0.917970001698,0.91617000103,0.917940020561,0
2025-11-13 16:00:00+00:00,0.917869985104,0.918600022793,0.916930019855,0.917879998684,0
2025-11-13 17:00:00+00:00,0.917890012264,0.918619990349,0.916809976101,0.918210029602,0
2025-11-13 18:00:00+00:00,0.918179988861,0.918380022049,0.914770007133,0.91618001461,0
2025-11-13 19:00:00+00:00,0.91618001461,0.916769981384,0.915050029755,0.915880024433,0
2025-11-13 20:00:00+00:00,0.915880024433,0.91618001461,0.914830029011,0.915709972382,0
2025-11-13 21:00:00+00:00,0.915729999542,0.916540026665,0.914929986,0.916100025177,0
2025-11-13 22:00:00+00:00,0.915729999542,0.916869997978,0.914849996567,0.916440010071,0
2025-11-13 23:00:00+00:00,0.916580021381,0.916949987411,0.915009975433,0.916109979153,0
2025-11-14 00:00:00+00:00,0.916000008583,0.916779994965,0.915189981461,0.916589975357,0
2025-11-14 01:00:00+00:00,0.916599988937,0.917479991913,0.915549993515,0.916989982128,0
2025-11-14 02:00:00+00:00,0.916989982128,0.918269991875,0.916130006313,0.917620003223,0
2025-11-14 03:00:00+00:00,0.917580008507,0.918049991131,0.916149973869,0.917299985886,0
2025-11-14 04:00:00+00:00,0.917299985886,0.91741001606,0.915340006351,0.916350007057,0
2025-11-14 05:00:00+00:00,0.916320025921,0.916970014572,0.915250003338,0.916909992695,0
2025-11-14 06:00:00+00:00,0.916909992695,0.917110025883,0.915239989758,0.916440010071,0
2025-11-14 07:00:00+00:00,0.916400015354,0.916459977627,0.914479970932,0.916379988194,0
2025-11-14 08:00:00+00:00,0.916390001774,0.916400015354,0.914600014687,0.916119992733,0
2025-11-14 09:00:00+00:00,0.916199982166,0.916360020638,0.914269983768,0.915170013905,0
2025-11-14 10:00:00+00:00,0.915199995041,0.915759980679,0.913739979267,0.91468000412,0
2025-11-14 11:00:00+00:00,0.914619982243,0.914830029011,0.912490010262,0.914070010185,0
2025-11-14 12:00:00+00:00,0.914049983025,0.915000021458,0.912840008736,0.914860010147,0
2025-11-14 13:00:00+00:00,0.914860010147,0.915530025959,0.913380026817,0.91493999958,0
2025-11-14 14:00:00+00:00,0.914900004864,0.916490018368,0.913649976254,0.916360020638,0
2025-11-14 15:00:00+00:00,0.916369974613,0.918259978294,0.915080010891,0.918160021305,0
2025-11-14 16:00:00+00:00,0.918179988861,0.918449997902,0.916849970818,0.918089985847,0
2025-11-14 17:00:00+00:00,0.918049991131,0.918129980564,0.916480004787,0.917479991913,0
2025-11-14 18:00:00+00:00,0.917450010777,0.917580008507,0.915589988232,0.916719973087,0
2025-11-14 19:00:00+00:00,0.916689991951,0.917159974575,0.915610015392,0.916859984398,0
2025-11-14 20:00:00+00:00,0.916869997978,0.917039990425,0.915539979935,0.916679978371,0
2025-11-14 21:00:00+00:00,0.916719973087,0.916719973087,0.915300011635,0.916149973869,0
2025-11-14 22:00:00+00:00,0.915719985962,0.915719985962,0.915719985962,0.915719985962,0
2025-11-17 00:00:00+00:00,0.915660023689,0.91605001688,0.914390027523,0.915430009365,0
2025-11-17 01:00:00+00:00,0.915380001068,0.915650010109,0.913670003414,0.914629995823,0
2025-11-17 02:00:00+00:00,0.91456001997,0.915180027485,0.913619995117,0.914900004864,0
2025-11-17 03:00:00+00:00,0.914860010147,0.915130019188,0.913119971752,0.914759993553,0
2025-11-17 04:00:00+00:00,0.914699971676,0.915409982204,0.913850009441,0.915050029755,0
2025-11-17 05:00:00+00:00,0.915019989014,0.915289998055,0.913990020752,0.915019989014,0
2025-11-17 06:00:00+00:00,0.914990007877,0.915279984474,0.91369998455,0.915099978447,0
2025-11-17 07:00:00+00:00,0.915090024471,0.916329979897,0.914229989052,0.916239976883,0
2025-11-17 08:00:00+00:00,0.916230022907,0.91628998518,0.913590013981,0.914659976959,0
2025-11-17 09:00:00+00:00,0.9146900177,0.91479998827,0.913550019264,0.914529979229,0
2025-11-17 10:00:00+00:00,0.914529979229,0.91466999054,0.912569999695,0.91355997324,0
2025-11-17 11:00:00+00:00,0.913510024548,0.914330005646,0.912509977818,0.914099991322,0
2025-11-17 12:00:00+00:00,0.914110004902,0.915080010891,0.913110017776,0.914439976215,0
2025-11-17 13:00:00+00:00,0.914439976215,0.914600014687,0.912630021572,0.913779973984,0
2025-11-17 14:00:00+00:00,0.913800001144,0.914269983768,0.912500023842,0.913720011711,0
2025-11-17 15:00:00+00:00,0.913720011711,0.913810014725,0.911490023136,0.912970006466,0
2025-11-17 16:00:00+00:00,0.91294002533,0.913980007172,0.911480009556,0.913869976997,0
2025-11-17 17:00:00+00:00,0.913890004158,0.914030015469,0.911909997463,0.912909984589,0
2025-11-17 18:00:00+00:00,0.91294002533,0.913100004196,0.911080002785,0.911989986897,0
2025-11-17 19:00:00+00:00,0.912000000477,0.91209000349,0.91021001339,0.911109983921,0
2025-11-17 20:00:00+00:00,0.911159992218,0.912109971046,0.910260021687,0.91206997633,0
2025-11-17 21:00:00+00:00,0.91207998991,0.912639975548,0.911090016365,0.912249982357,0
2025-11-17 22:00:00+00:00,0.911729991436,0.912899971008,0.910910010338,0.912649989128,0
2025-11-17 23:00:00+00:00,0.912540018559,0.913119971752,0.911239981651,0.912150025368,0
2025-11-18 00:00:00+00:00,0.912129998207,0.912379980087,0.910160005093,0.911000013351,0
2025-11-18 01:00:00+00:00,0.910960018635,0.912100017071,0.910049974918,0.911899983883,0
2025-11-18 02:00:00+00:00,0.91184002161,0.912689983845,0.910809993744,0.911650002003,0
2025-11-18 03:00:00+00:00,0.911629974842,0.911689996719,0.909460008144,0.910510003567,0
2025-11-18 04:00:00+00:00,0.91045999527,0.910560011864,0.908360004425,0.910499989986,0
2025-11-18 05:00:00+00:00,0.91048002243,0.911170005798,0.909269988537,0.910560011864,0
2025-11-18 06:00:00+00:00,0.910499989986,0.910899996758,0.908909976482,0.909969985485,0
2025-11-18 07:00:00+00:00,0.909919977188,0.911329984665,0.909009993076,0.911149978638,0
2025-11-18 08:00:00+00:00,0.911149978638,0.912270009518,0.91021001339,0.911549985409,0
2025-11-18 09:00:00+00:00,0.911549985409,0.912169992924,0.910499989986,0.9117000103,0
2025-11-18 10:00:00+00:00,0.911650002003,0.912280023098,0.910499989986,0.91220998764,0
2025-11-18 11:00:00+00:00,0.912220001221,0.912540018559,0.911040008068,0.912339985371,0
2025-11-18 12:00:00+00:00,0.912339985371,0.912419974804,0.910899996758,0.911889970303,0
2025-11-18 13:00:00+00:00,0.911889970303,0.912310004234,0.91057997942,0.911490023136,0
2025-11-18 14:00:00+00:00,0.911499977112,0.91209000349,0.909609973431,0.910629987717,0
2025-11-18 15:00:00+00:00,0.910610020161,0.910700023174,0.908259987831,0.90896999836,0
2025-11-18 16:00:00+00:00,0.90899002552,0.911230027676,0.907959997654,0.91022002697,0
2025-11-18 17:00:00+00:00,0.91021001339,0.91057997942,0.908190011978,0.909839987755,0
2025-11-18 18:00:00+00:00,0.909860014915,0.910730004311,0.908949971199,0.910489976406,0
2025-11-18 19:00:00+00:00,0.91047000885,0.911369979382,0.909550011158,0.910920023918,0
2025-11-18 20:00:00+00:00,0.910920023918,0.911140024662,0.909129977226,0.910030007362,0
2025-11-18 21:00:00+00:00,0.910040020943,0.910489976406,0.90909999609,0.909910023212,0
2025-11-18 22:00:00+00:00,0.909720003605,0.910250008106,0.908479988575,0.910099983215,0
2025-11-18 23:00:00+00:00,0.910040020943,0.910749971867,0.909240007401,0.910139977932,0
2025-11-19 00:00:00+00:00,0.910189986229,0.910239994526,0.908370018005,0.909330010414,0
2025-11-19 01:00:00+00:00,0.90935999155,0.909420013428,0.907660007477,0.908689975739,0
2025-11-19 02:00:00+00:00,0.908670008183,0.909300029278,0.90748000145,0.908330023289,0
2025-11-19 03:00:00+00:00,0.908330023289,0.908559978008,0.906509995461,0.907320022583,0
2025-11-19 04:00:00+00:00,0.907339990139,0.907760024071,0.905799984932,0.907400012016,0
2025-11-19 05:00:00+00:00,0.907369971275,0.908150017262,0.90614002943,0.908089995384,0
2025-11-19 06:00:00+00:00,0.908089995384,0.90886002779,0.907050013542,0.908299982548,0
2025-11-19 07:00:00+00:00,0.908290028572,0.908940017223,0.907220005989,0.908529996872,0
2025-11-19 08:00:00+00:00,0.908510029316,0.908569991589,0.90649998188,0.907149970531,0
2025-11-19 09:00:00+00:00,0.907140016556,0.908309996128,0.906329989433,0.908050000668,0
2025-11-19 10:00:00+00:00,0.908039987087,0.908339977264,0.906809985638,0.908060014248,0
2025-11-19 11:00:00+00:00,0.908050000668,0.909150004387,0.907069981098,0.908710002899,0
2025-11-19 12:00:00+00:00,0.908710002899,0.909160017967,0.907819986343,0.908940017223,0
2025-11-19 13:00:00+00:00,0.908940017223,0.909179985523,0.90763002634,0.908789992332,0
2025-11-19 14:00:00+00:00,0.908779978752,0.909519970417,0.907320022583,0.90922999382,0
2025-11-19 15:00:00+00:00,0.909240007401,0.909489989281,0.906300008297,0.9073600173,0
2025-11-19 16:00:00+00:00,0.9073600173,0.908630013466,0.906149983406,0.908590018749,0
2025-11-19 17:00:00+00:00,0.908580005169,0.908710002899,0.90636998415,0.907949984074,0
2025-11-19 18:00:00+00:00,0.907970011234,0.908420026302,0.907010018826,0.908150017262,0
2025-11-19 19:00:00+00:00,0.908299982548,0.908640027046,0.906970024109,0.908599972725,0
2025-11-19 20:00:00+00:00,0.908619999886,0.909460008144,0.907710015774,0.909200012684,0
2025-11-19 21:00:00+00:00,0.909189999104,0.910449981689,0.90798997879,0.909900009632,0
2025-11-19 22:00:00+00:00,0.909799993038,0.910049974918,0.908609986305,0.909560024738,0
2025-11-19 23:00:00+00:00,0.909669995308,0.911400020123,0.909120023251,0.911239981651,0
2025-11-20 00:00:00+00:00,0.911279976368,0.911409974098,0.909669995308,0.910700023174,0
2025-11-20 01:00:00+00:00,0.91071999073,0.911149978638,0.909690022469,0.910499989986,0
2025-11-20 02:00:00+00:00,0.910510003567,0.91071999073,0.909210026264,0.910440027714,0
2025-11-20 03:00:00+00:00,0.910440027714,0.911650002003,0.910009980202,0.911040008068,0
2025-11-20 04:00:00+00:00,0.911019980907,0.911589980125,0.910239994526,0.911450028419,0
2025-11-20 05:00:00+00:00,0.911419987679,0.911809980869,0.910070002079,0.91071999073,0
2025-11-20 06:00:00+00:00,0.91071999073,0.911159992218,0.909630000591,0.910939991474,0
2025-11-20 07:00:00+00:00,0.910899996758,0.911050021648,0.90935999155,0.910149991512,0
2025-11-20 08:00:00+00:00,0.910120010376,0.910799980164,0.908999979496,0.910409986973,0
2025-11-20 09:00:00+00:00,0.910430014133,0.910740017891,0.909409999847,0.910690009594,0
2025-11-20 10:00:00+00:00,0.910669982433,0.911180019379,0.909739971161,0.910820007324,0
2025-11-20 11:00:00+00:00,0.910820007324,0.91096997261,0.909399986267,0.910499989986,0
2025-11-20 12:00:00+00:00,0.910449981689,0.911000013351,0.909619987011,0.910899996758,0
2025-11-20 13:00:00+00:00,0.910899996758,0.912750005722,0.909370005131,0.911740005016,0
2025-11-20 14:00:00+00:00,0.911740005016,0.913160026073,0.910790026188,0.912720024586,0
2025-11-20 15:00:00+00:00,0.912639975548,0.912919998169,0.909600019455,0.910619974136,0
2025-11-20 16:00:00+00:00,0.910619974136,0.910880029202,0.907570004463,0.908389985561,0
2025-11-20 17:00:00+00:00,0.908389985561,0.909439980984,0.907109975815,0.908670008183,0
2025-11-20 18:00:00+00:00,0.908699989319,0.910420000553,0.907589972019,0.908420026302,0
2025-11-20 19:00:00+00:00,0.908460021019,0.909650027752,0.907509982586,0.909630000591,0
2025-11-20 20:00:00+00:00,0.909590005875,0.909759998322,0.9075999856,0.908469974995,0
2025-11-20 21:00:00+00:00,0.908490002155,0.908609986305,0.906880021095,0.907410025597,0
2025-11-20 22:00:00+00:00,0.907459974289,0.908779978752,0.906719982624,0.908670008183,0
2025-11-20 23:00:00+00:00,0.908770024776,0.908879995346,0.906579971313,0.908680021763,0
2025-11-21 00:00:00+00:00,0.908659994602,0.909420013428,0.90750002861,0.909200012684,0
2025-11-21 01:00:00+00:00,0.909210026264,0.909539997578,0.908020019531,0.909200012684,0
2025-11-21 02:00:00+00:00,0.909189999104,0.909600019455,0.90748000145,0.908429980278,0
2025-11-21 03:00:00+00:00,0.908389985561,0.908949971199,0.907440006733,0.908500015736,0
2025-11-21 04:00:00+00:00,0.908479988575,0.908559978008,0.906610012054,0.908079981804,0
2025-11-21 05:00:00+00:00,0.908079981804,0.908800005913,0.907350003719,0.908339977264,0
2025-11-21 06:00:00+00:00,0.908349990845,0.909150004387,0.907440006733,0.908729970455,0
2025-11-21 07:00:00+00:00,0.908699989319,0.90921998024,0.906729996204,0.90760999918,0
2025-11-21 08:00:00+00:00,0.90760999918,0.90885001421,0.906539976597,0.908529996872,0
2025-11-21 09:00:00+00:00,0.908590018749,0.908720016479,0.90626001358,0.906970024109,0
2025-11-21 10:00:00+00:00,0.906979978085,0.907010018826,0.904670000076,0.906849980354,0
2025-11-21 11:00:00+00:00,0.906840026379,0.907589972019,0.905879974365,0.906880021095,0
2025-11-21 12:00:00+00:00,0.906880021095,0.908339977264,0.905380010605,0.907909989357,0
2025-11-21 13:00:00+00:00,0.907920002937,0.908720016479,0.906470000744,0.908580005169,0
2025-11-21 14:00:00+00:00,0.908590018749,0.908699989319,0.90614002943,0.907670021057,0
2025-11-21 15:00:00+00:00,0.90763002634,0.908819973469,0.906620025635,0.908640027046,0
2025-11-21 16:00:00+00:00,0.908609986305,0.909959971905,0.907379984856,0.909940004349,0
2025-11-21 17:00:00+00:00,0.909910023212,0.910290002823,0.908599972725,0.909569978714,0
2025-11-21 18:00:00+00:00,0.909569978714,0.91034001112,0.908209979534,0.909650027752,0
2025-11-21 19:00:00+00:00,0.909609973431,0.910279989243,0.908739984035,0.909720003605,0
2025-11-21 20:00:00+00:00,0.909720003605,0.910290002823,0.908779978752,0.909810006618,0
2025-11-21 21:00:00+00:00,0.909870028496,0.910619974136,0.908900022507,0.909940004349,0
2025-11-21 22:00:00+00:00,0.909389972687,0.909389972687,0.909259974957,0.909259974957,0
2025-11-24 00:00:00+00:00,0.910679996014,0.910830020905,0.908789992332,0.909799993038,0
2025-11-24 01:00:00+00:00,0.909780025482,0.910170018673,0.908729970455,0.909870028496,0
2025-11-24 02:00:00+00:00,0.909829974174,0.911040008068,0.908829987049,0.910570025444,0
2025-11-24 03:00:00+00:00,0.910589993,0.911010026932,0.909439980984,0.910619974136,0
2025-11-24 04:00:00+00:00,0.910640001297,0.911040008068,0.909439980984,0.91045999527,0
2025-11-24 05:00:00+00:00,0.910409986973,0.911010026932,0.909470021725,0.910820007324,0
2025-11-24 06:00:00+00:00,0.910820007324,0.911300003529,0.909739971161,0.91070997715,0
2025-11-24 07:00:00+00:00,0.910690009594,0.911369979382,0.909749984741,0.911140024662,0
2025-11-24 08:00:00+00:00,0.911130011082,0.911459982395,0.909630000591,0.910449981689,0
2025-11-24 09:00:00+00:00,0.910489976406,0.910650014877,0.908500015736,0.909789979458,0
2025-11-24 10:00:00+00:00,0.909799993038,0.910260021687,0.908370018005,0.910000026226,0
2025-11-24 11:00:00+00:00,0.910009980202,0.910380005836,0.908710002899,0.910049974918,0
2025-11-24 12:00:00+00:00,0.910099983215,0.910589993,0.908710002899,0.910229980946,0
2025-11-24 13:00:00+00:00,0.910239994526,0.910929977894,0.90898001194,0.91009002924,0
2025-11-24 14:00:00+00:00,0.910059988499,0.910679996014,0.908500015736,0.91009002924,0
2025-11-24 15:00:00+00:00,0.910109996796,0.911450028419,0.909060001373,0.911249995232,0
2025-11-24 16:00:00+00:00,0.911239981651,0.911620020866,0.909990012646,0.91083997488,0
2025-11-24 17:00:00+00:00,0.91083997488,0.9117000103,0.909969985485,0.911480009556,0
2025-11-24 18:00:00+00:00,0.911490023136,0.912000000477,0.910640001297,0.911809980869,0
2025-11-24 19:00:00+00:00,0.911800026894,0.911909997463,0.910440027714,0.911499977112,0
2025-11-24 20:00:00+00:00,0.911509990692,0.912320017815,0.910780012608,0.912220001221,0
2025-11-24 21:00:00+00:00,0.912230014801,0.912270009518,0.91070997715,0.911260008812,0
2025-11-24 22:00:00+00:00,0.911909997463,0.911909997463,0.910309970379,0.911740005016,0
2025-11-24 23:00:00+00:00,0.911610007286,0.912479996681,0.911099970341,0.912050008774,0
2025-11-25 00:00:00+00:00,0.91207998991,0.912129998207,0.910520017147,0.911589980125,0
2025-11-25 01:00:00+00:00,0.911589980125,0.912460029125,0.910759985447,0.911719977856,0
2025-11-25 02:00:00+00:00,0.911679983139,0.91207998991,0.910660028458,0.91207998991,0
2025-11-25 03:00:00+00:00,0.912020027637,0.912129998207,0.909900009632,0.910849988461,0
2025-11-25 04:00:00+00:00,0.910849988461,0.911490023136,0.909990012646,0.911090016365,0
2025-11-25 05:00:00+00:00,0.911090016365,0.911859989166,0.910229980946,0.911570012569,0
2025-11-25 06:00:00+00:00,0.911520004272,0.911779999733,0.909699976444,0.910799980164,0
2025-11-25 07:00:00+00:00,0.910799980164,0.911369979382,0.910030007362,0.911000013351,0
2025-11-25 08:00:00+00:00,0.911019980907,0.911530017853,0.909879982471,0.910820007324,0
2025-11-25 09:00:00+00:00,0.910820007324,0.91184002161,0.910009980202,0.911520004272,0
2025-11-25 10:00:00+00:00,0.911539971828,0.91181999445,0.910120010376,0.910989999771,0
2025-11-25 11:00:00+00:00,0.910939991474,0.911010026932,0.909210026264,0.910520017147,0
2025-11-25 12:00:00+00:00,0.910520017147,0.911390006542,0.909650027752,0.911149978638,0
2025-11-25 13:00:00+00:00,0.911149978638,0.912569999695,0.910309970379,0.911300003529,0
2025-11-25 14:00:00+00:00,0.911310017109,0.911520004272,0.90775001049,0.910440027714,0
2025-11-25 15:00:00+00:00,0.910430014133,0.910650014877,0.908309996128,0.90921998024,0
2025-11-25 16:00:00+00:00,0.90922999382,0.910749971867,0.908569991589,0.910529971123,0
2025-11-25 17:00:00+00:00,0.910539984703,0.912620007992,0.910260021687,0.912010014057,0
2025-11-25 18:00:00+00:00,0.912000000477,0.912349998951,0.911069989204,0.912020027637,0
2025-11-25 19:00:00+00:00,0.912010014057,0.912450015545,0.910809993744,0.912129998207,0
2025-11-25 20:00:00+00:00,0.912190020084,0.912400007248,0.910860002041,0.911809980869,0
2025-11-25 21:00:00+00:00,0.911790013313,0.912140011787,0.911000013351,0.91183000803,0
2025-11-25 22:00:00+00:00,0.911419987679,0.912039995193,0.910560011864,0.911889970303,0
2025-11-25 23:00:00+00:00,0.911629974842,0.912530004978,0.911090016365,0.912460029125,0
2025-11-26 00:00:00+00:00,0.912460029125,0.914900004864,0.911469995975,0.91333001852,0
2025-11-26 01:00:00+00:00,0.913370013237,0.914640009403,0.911779999733,0.914200007915,0
2025-11-26 02:00:00+00:00,0.914120018482,0.914569973946,0.913030028343,0.914269983768,0
2025-11-26 03:00:00+00:00,0.914260029793,0.915499985218,0.91333001852,0.91479998827,0
2025-11-26 04:00:00+00:00,0.914789974689,0.915419995785,0.913829982281,0.915210008621,0
2025-11-26 05:00:00+00:00,0.915220022202,0.916010022163,0.914340019226,0.915600001812,0
2025-11-26 06:00:00+00:00,0.915539979935,0.916209995747,0.914420008659,0.915359973907,0
2025-11-26 07:00:00+00:00,0.915350019932,0.915899991989,0.913370013237,0.914650022984,0
2025-11-26 08:00:00+00:00,0.914650022984,0.915279984474,0.912850022316,0.914619982243,0
2025-11-26 09:00:00+00:00,0.914629995823,0.915679991245,0.913749992847,0.915260016918,0
2025-11-26 10:00:00+00:00,0.915210008621,0.915449976921,0.913410007954,0.914260029793,0
2025-11-26 11:00:00+00:00,0.914269983768,0.914659976959,0.91307002306,0.914479970932,0
2025-11-26 12:00:00+00:00,0.914460003376,0.914979994297,0.912970006466,0.914849996567,0
2025-11-26 13:00:00+00:00,0.914849996567,0.915899991989,0.913339972496,0.914860010147,0
2025-11-26 14:00:00+00:00,0.91482001543,0.915700018406,0.913810014725,0.914770007133,0
2025-11-26 15:00:00+00:00,0.914749979973,0.915440022945,0.913529992104,0.914910018444,0
2025-11-26 16:00:00+00:00,0.914929986,0.915809988976,0.914049983025,0.915409982204,0
2025-11-26 17:00:00+00:00,0.915419995785,0.915600001812,0.913730025291,0.914879977703,0
2025-11-26 18:00:00+00:00,0.914900004864,0.915380001068,0.913869976997,0.915180027485,0
2025-11-26 19:00:00+00:00,0.915180027485,0.915260016918,0.913909971714,0.915170013905,0
2025-11-26 20:00:00+00:00,0.915170013905,0.915390014648,0.913950026035,0.915139973164,0
2025-11-26 21:00:00+00:00,0.915120005608,0.915369987488,0.913980007172,0.914849996567,0
2025-11-26 22:00:00+00:00,0.914709985256,0.915279984474,0.914120018482,0.914479970932,0
2025-11-26 23:00:00+00:00,0.914260029793,0.916199982166,0.913900017738,0.915690004826,0
2025-11-27 00:00:00+00:00,0.915589988232,0.916000008583,0.914780020714,0.915889978409,0
2025-11-27 01:00:00+00:00,0.915859997272,0.916509985924,0.915130019188,0.916360020638,0
2025-11-27 02:00:00+00:00,0.916360020638,0.916769981384,0.915180027485,0.915929973125,0
2025-11-27 03:00:00+00:00,0.915889978409,0.916599988937,0.91505998373,0.91654998064,0
2025-11-27 04:00:00+00:00,0.916490018368,0.916849970818,0.915570020676,0.916729986668,0
2025-11-27 05:00:00+00:00,0.916790008545,0.917249977589,0.915820002556,0.916519999504,0
2025-11-27 06:00:00+00:00,0.916519999504,0.916639983654,0.914860010147,0.915809988976,0
2025-11-27 07:00:00+00:00,0.91579002142,0.916589975357,0.914879977703,0.916499972343,0
2025-11-27 08:00:00+00:00,0.916490018368,0.916599988937,0.914780020714,0.915530025959,0
2025-11-27 09:00:00+00:00,0.915530025959,0.916480004787,0.914730012417,0.916270017624,0
2025-11-27 10:00:00+00:00,0.916230022907,0.916809976101,0.915170013905,0.9160400033,0
2025-11-27 11:00:00+00:00,0.916010022163,0.916760027409,0.915149986744,0.916580021381,0
2025-11-27 12:00:00+00:00,0.916580021381,0.916630029678,0.915400028229,0.916220009327,0
2025-11-27 13:00:00+00:00,0.916199982166,0.916679978371,0.915499985218,0.916450023651,0
2025-11-27 14:00:00+00:00,0.916390001774,0.91654998064,0.915319979191,0.916130006313,0
2025-11-27 15:00:00+00:00,0.916119992733,0.916670024395,0.915250003338,0.916660010815,0
2025-11-27 16:00:00+00:00,0.916620016098,0.916769981384,0.915440022945,0.91615998745,0
2025-11-27 17:00:00+00:00,0.91618001461,0.916320025921,0.915199995041,0.916130006313,0
2025-11-27 18:00:00+00:00,0.916130006313,0.9162799716,0.915069997311,0.916000008583,0
2025-11-27 19:00:00+00:00,0.916000008583,0.916140019894,0.915170013905,0.915989995003,0
2025-11-27 20:00:00+00:00,0.915910005569,0.91618001461,0.915160000324,0.916090011597,0
2025-11-27 21:00:00+00:00,0.91615998745,0.91642999649,0.915329992771,0.916339993477,0
2025-11-27 22:00:00+00:00,0.916149973869,0.916649997234,0.915300011635,0.916469991207,0
2025-11-27 23:00:00+00:00,0.916459977627,0.916859984398,0.915269970894,0.916570007801,0
2025-11-28 00:00:00+00:00,0.916630029678,0.917119979858,0.915880024433,0.917039990425,0
2025-11-28 01:00:00+00:00,0.917060017586,0.917500019073,0.915929973125,0.916970014572,0
2025-11-28 02:00:00+00:00,0.917010009289,0.917309999466,0.915729999542,0.917089998722,0
2025-11-28 03:00:00+00:00,0.917029976845,0.91754001379,0.915889978409,0.916849970818,0
2025-11-28 04:00:00+00:00,0.916719973087,0.917129993439,0.915740013123,0.916729986668,0
2025-11-28 05:00:00+00:00,0.916679978371,0.916999995708,0.914929986,0.9162799716,0
2025-11-28 06:00:00+00:00,0.916360020638,0.916499972343,0.915149986744,0.916100025177,0
2025-11-28 07:00:00+00:00,0.91615998745,0.916610002518,0.914910018444,0.915690004826,0
2025-11-28 08:00:00+00:00,0.915709972382,0.9160400033,0.914399981499,0.915229976177,0
2025-11-28 09:00:00+00:00,0.915220022202,0.916329979897,0.914749979973,0.915960013866,0
2025-11-28 10:00:00+00:00,0.915910005569,0.9162799716,0.914910018444,0.916270017624,0
2025-11-28 11:00:00+00:00,0.916270017624,0.916509985924,0.91466999054,0.915520012379,0
2025-11-28 12:00:00+00:00,0.915600001812,0.915929973125,0.913900017738,0.914740025997,0
2025-11-28 13:00:00+00:00,0.914780020714,0.915199995041,0.913169980049,0.914709985256,0
2025-11-28 14:00:00+00:00,0.914650022984,0.915000021458,0.912699997425,0.913789987564,0
2025-11-28 15:00:00+00:00,0.913789987564,0.914300024509,0.912349998951,0.914089977741,0
2025-11-28 16:00:00+00:00,0.914129972458,0.915579974651,0.912949979305,0.915369987488,0
2025-11-28 17:00:00+00:00,0.915400028229,0.915629982948,0.914040029049,0.915440022945,0
2025-11-28 18:00:00+00:00,0.915380001068,0.915629982948,0.914240002632,0.915120005608,0
2025-11-28 19:00:00+00:00,0.915120005608,0.915430009365,0.914250016212,0.915149986744,0
2025-11-28 20:00:00+00:00,0.915160000324,0.915419995785,0.913929998875,0.915120005608,0
2025-11-28 21:00:00+00:00,0.915139973164,0.915289998055,0.91355997324,0.914520025253,0
2025-11-28 22:00:00+00:00,0.914300024509,0.914300024509,0.914300024509,0.914300024509,0
2025-12-01 00:00:00+00:00,0.915099978447,0.915329992771,0.913089990616,0.914210021496,0
2025-12-01 01:00:00+00:00,0.914129972458,0.915750026703,0.913389980793,0.915390014648,0
2025-12-01 02:00:00+00:00,0.915400028229,0.915470004082,0.913519978523,0.9146900177,0
2025-12-01 03:00:00+00:00,0.914699971676,0.915279984474,0.913519978523,0.915220022202,0
2025-12-01 04:00:00+00:00,0.915250003338,0.915520012379,0.914030015469,0.91491997242,0
2025-12-01 05:00:00+00:00,0.914910018444,0.915030002594,0.91345000267,0.91482001543,0
2025-12-01 06:00:00+00:00,0.91482001543,0.915130019188,0.913839995861,0.915050029755,0
2025-12-01 07:00:00+00:00,0.915099978447,0.915769994259,0.913720011711,0.915520012379,0
2025-12-01 08:00:00+00:00,0.915539979935,0.916069984436,0.914420008659,0.915729999542,0
2025-12-01 09:00:00+00:00,0.915750026703,0.916140019894,0.91455000639,0.915910005569,0
2025-12-01 10:00:00+00:00,0.915880024433,0.916260004044,0.914510011673,0.915729999542,0
2025-12-01 11:00:00+00:00,0.915769994259,0.916130006313,0.91455000639,0.915849983692,0
2025-12-01 12:00:00+00:00,0.915849983692,0.916079998016,0.914149999619,0.916079998016,0
2025-12-01 13:00:00+00:00,0.91605001688,0.916499972343,0.914889991283,0.915910005569,0
2025-12-01 14:00:00+00:00,0.915910005569,0.9160400033,0.914170026779,0.915939986706,0
2025-12-01 15:00:00+00:00,0.915899991989,0.916230022907,0.913779973984,0.915170013905,0
2025-12-01 16:00:00+00:00,0.915160000324,0.916599988937,0.914520025253,0.916130006313,0
2025-12-01 17:00:00+00:00,0.916130006313,0.91642999649,0.914870023727,0.916079998016,0
2025-12-01 18:00:00+00:00,0.916100025177,0.916339993477,0.91505998373,0.916090011597,0
2025-12-01 19:00:00+00:00,0.916090011597,0.91615998745,0.914719998837,0.915719985962,0
2025-12-01 20:00:00+00:00,0.915729999542,0.915989995003,0.914600014687,0.915979981422,0
2025-12-01 21:00:00+00:00,0.915979981422,0.916059970856,0.914659976959,0.915600001812,0
2025-12-01 22:00:00+00:00,0.915620028973,0.915820002556,0.914470016956,0.915319979191,0
2025-12-01 23:00:00+00:00,0.915289998055,0.916059970856,0.914770007133,0.91579002142,0
2025-12-02 00:00:00+00:00,0.915830016136,0.916000008583,0.914629995823,0.915939986706,0
2025-12-02 01:00:00+00:00,0.915970027447,0.916459977627,0.914900004864,0.9162799716,0
2025-12-02 02:00:00+00:00,0.9162799716,0.917169988155,0.915289998055,0.916980028152,0
2025-12-02 03:00:00+00:00,0.916930019855,0.917150020599,0.915620028973,0.916930019855,0
2025-12-02 04:00:00+00:00,0.916920006275,0.917190015316,0.915799975395,0.916679978371,0
2025-12-02 05:00:00+00:00,0.916719973087,0.91753000021,0.916010022163,0.917200028896,0
2025-12-02 06:00:00+00:00,0.917169988155,0.917490005493,0.916230022907,0.917270004749,0
2025-12-02 07:00:00+00:00,0.917240023613,0.917699992657,0.91629999876,0.917490005493,0
2025-12-02 08:00:00+00:00,0.917490005493,0.917750000954,0.916190028191,0.91741001606,0
2025-12-02 09:00:00+00:00,0.91740000248,0.917639970779,0.916090011597,0.917169988155,0
2025-12-02 10:00:00+00:00,0.917169988155,0.917299985886,0.915690004826,0.916750013828,0
2025-12-02 11:00:00+00:00,0.916769981384,0.917710006237,0.915939986706,0.917509973049,0
2025-12-02 12:00:00+00:00,0.917500019073,0.917879998684,0.916570007801,0.917680025101,0
2025-12-02 13:00:00+00:00,0.91764998436,0.918560028076,0.916660010815,0.918540000916,0
2025-12-02 14:00:00+00:00,0.918489992619,0.918980002403,0.916719973087,0.917689979076,0
2025-12-02 15:00:00+00:00,0.917720019817,0.918439984322,0.915809988976,0.918380022049,0
2025-12-02 16:00:00+00:00,0.918380022049,0.918439984322,0.915989995003,0.916890025139,0
2025-12-02 17:00:00+00:00,0.916930019855,0.917519986629,0.915899991989,0.916689991951,0
2025-12-02 18:00:00+00:00,0.916689991951,0.917180001736,0.915579974651,0.916660010815,0
2025-12-02 19:00:00+00:00,0.916599988937,0.917209982872,0.915750026703,0.917140007019,0
2025-12-02 20:00:00+00:00,0.917119979858,0.917729973793,0.916249990463,0.917609989643,0
2025-12-02 21:00:00+00:00,0.917620003223,0.917850017548,0.915970027447,0.916480004787,0
2025-12-02 22:00:00+00:00,0.916069984436,0.917429983616,0.915799975395,0.917150020599,0
2025-12-02 23:00:00+00:00,0.916960000992,0.918309986591,0.916599988937,0.918200016022,0
2025-12-03 00:00:00+00:00,0.918200016022,0.918579995632,0.914770007133,0.917259991169,0
2025-12-03 01:00:00+00:00,0.917190015316,0.918229997158,0.916090011597,0.918039977551,0
2025-12-03 02:00:00+00:00,0.918060004711,0.918609976768,0.916909992695,0.918349981308,0
2025-12-03 03:00:00+00:00,0.918330013752,0.919040024281,0.917519986629,0.918929994106,0
2025-12-03 04:00:00+00:00,0.91888999939,0.919110000134,0.917850017548,0.919099986553,0
2025-12-03 05:00:00+00:00,0.919120013714,0.919870018959,0.918060004711,0.919700026512,0
2025-12-03 06:00:00+00:00,0.919659972191,0.919820010662,0.918370008469,0.919350028038,0
2025-12-03 07:00:00+00:00,0.919350028038,0.919690012932,0.918020009995,0.918810009956,0
2025-12-03 08:00:00+00:00,0.918810009956,0.919089972973,0.917150020599,0.918850004673,0
2025-12-03 09:00:00+00:00,0.918839991093,0.91914999485,0.91755002737,0.918410003185,0
2025-12-03 10:00:00+00:00,0.918359994888,0.918820023537,0.917460024357,0.918799996376,0
2025-12-03 11:00:00+00:00,0.91877001524,0.918869972229,0.917349994183,0.918820023537,0
2025-12-03 12:00:00+00:00,0.918810009956,0.919040024281,0.917330026627,0.918799996376,0
2025-12-03 13:00:00+00:00,0.918810009956,0.919350028038,0.917720019817,0.91901999712,0
2025-12-03 14:00:00+00:00,0.918990015984,0.919470012188,0.916580021381,0.919059991837,0
2025-12-03 15:00:00+00:00,0.9190300107,0.920409977436,0.918420016766,0.920229971409,0
2025-12-03 16:00:00+00:00,0.920210003853,0.92039000988,0.918470025063,0.919449985027,0
2025-12-03 17:00:00+00:00,0.919459998608,0.919950008392,0.918429970741,0.919669985771,0
2025-12-03 18:00:00+00:00,0.919690012932,0.920409977436,0.918799996376,0.920310020447,0
2025-12-03 19:00:00+00:00,0.920329988003,0.920589983463,0.919409990311,0.920549988747,0
2025-12-03 20:00:00+00:00,0.92052000761,0.920939981937,0.919650018215,0.920849978924,0
2025-12-03 21:00:00+00:00,0.920930027962,0.921100020409,0.919900000095,0.920539975166,0
2025-12-03 22:00:00+00:00,0.920029997826,0.920440018177,0.91900998354,0.920090019703,0
2025-12-03 23:00:00+00:00,0.920069992542,0.921350002289,0.919650018215,0.921239972115,0
2025-12-04 00:00:00+00:00,0.921239972115,0.922269999981,0.920849978924,0.922230005264,0
2025-12-04 01:00:00+00:00,0.922190010548,0.922410011292,0.920899987221,0.922219991684,0
2025-12-04 02:00:00+00:00,0.922160029411,0.922760009766,0.921289980412,0.922320008278,0
2025-12-04 03:00:00+00:00,0.922330021858,0.922850012779,0.921220004559,0.922599971294,0
2025-12-04 04:00:00+00:00,0.922609984875,0.923219978809,0.921909987926,0.922999978065,0
2025-12-04 05:00:00+00:00,0.922999978065,0.923340022564,0.92176002264,0.922779977322,0
2025-12-04 06:00:00+00:00,0.922779977322,0.923150002956,0.921679973602,0.923089981079,0
2025-12-04 07:00:00+00:00,0.923080027103,0.923629999161,0.922309994698,0.923600018024,0
2025-12-04 08:00:00+00:00,0.923600018024,0.923860013485,0.922349989414,0.923030018806,0
2025-12-04 09:00:00+00:00,0.922969996929,0.923659980297,0.922240018845,0.92334997654,0
2025-12-04 10:00:00+00:00,0.923389971256,0.923550009727,0.922200024128,0.923189997673,0
2025-12-04 11:00:00+00:00,0.923139989376,0.92361998558,0.922020018101,0.922659993172,0
2025-12-04 12:00:00+00:00,0.923449993134,0.923709988594,0.922150015831,0.92311000824,0
2025-12-04 13:00:00+00:00,0.92311000824,0.92322999239,0.921559989452,0.922739982605,0
2025-12-04 14:00:00+00:00,0.922739982605,0.923539996147,0.921419978142,0.922240018845,0
2025-12-04 15:00:00+00:00,0.922240018845,0.922770023346,0.921079993248,0.922140002251,0
2025-12-04 16:00:00+00:00,0.922079980373,0.922999978065,0.921289980412,0.922290027142,0
2025-12-04 17:00:00+00:00,0.922339975834,0.922720015049,0.921480000019,0.922399997711,0
2025-12-04 18:00:00+00:00,0.922439992428,0.922900021076,0.92163002491,0.922609984875,0
2025-12-04 19:00:00+00:00,0.922630012035,0.922789990902,0.921559989452,0.922529995441,0
2025-12-04 20:00:00+00:00,0.922529995441,0.922900021076,0.921599984169,0.922869980335,0
2025-12-04 21:00:00+00:00,0.922869980335,0.922950029373,0.921400010586,0.922330021858,0
2025-12-04 22:00:00+00:00,0.922049999237,0.922259986401,0.921100020409,0.921679973602,0
2025-12-04 23:00:00+00:00,0.92173999548,0.922490000725,0.921180009842,0.92211997509,0
2025-12-05 00:00:00+00:00,0.92212998867,0.922460019588,0.921090006828,0.922460019588,0
2025-12-05 01:00:00+00:00,0.922389984131,0.922909975052,0.921540021896,0.922550022602,0
2025-12-05 02:00:00+00:00,0.922529995441,0.92312002182,0.921639978886,0.922900021076,0
2025-12-05 03:00:00+00:00,0.922900021076,0.923049986362,0.921710014343,0.922110021114,0
2025-12-05 04:00:00+00:00,0.922919988632,0.923569977283,0.92212998867,0.92347997427,0
2025-12-05 05:00:00+00:00,0.923529982567,0.923780024052,0.922450006008,0.923640012741,0
2025-12-05 06:00:00+00:00,0.923609972,0.924189984798,0.922630012035,0.923139989376,0
2025-12-05 07:00:00+00:00,0.924000024796,0.924300014973,0.922819972038,0.923020005226,0
2025-12-05 08:00:00+00:00,0.923860013485,0.925119996071,0.923020005226,0.923919975758,0
2025-12-05 09:00:00+00:00,0.923870027065,0.92461001873,0.922890007496,0.923510015011,0
2025-12-05 10:00:00+00:00,0.924499988556,0.925320029259,0.923219978809,0.925209999084,0
2025-12-05 11:00:00+00:00,0.925189971924,0.925419986248,0.923070013523,0.923269987106,0
2025-12-05 12:00:00+00:00,0.924130022526,0.925180017948,0.92347997427,0.924669981003,0
2025-12-05 13:00:00+00:00,0.924700021744,0.925679981709,0.921350002289,0.922190010548,0
2025-12-05 14:00:00+00:00,0.922209978104,0.922420024872,0.920830011368,0.921729981899,0
2025-12-05 15:00:00+00:00,0.921599984169,0.922100007534,0.918829977512,0.91927999258,0
2025-12-05 16:00:00+00:00,0.920199990273,0.920310020447,0.917990028858,0.919319987297,0
2025-12-05 17:00:00+00:00,0.919340014458,0.919380009174,0.917429983616,0.918540000916,0
2025-12-05 18:00:00+00:00,0.918460011482,0.918940007687,0.917159974575,0.918439984322,0
2025-12-05 19:00:00+00:00,0.918410003185,0.91878002882,0.917100012302,0.918529987335,0
2025-12-05 20:00:00+00:00,0.918479979038,0.918869972229,0.916989982128,0.917930006981,0
2025-12-05 21:00:00+00:00,0.917940020561,0.918439984322,0.916440010071,0.917119979858,0
2025-12-05 22:00:00+00:00,0.917119979858,0.917119979858,0.916379988194,0.916379988194,0
2025-12-08 00:00:00+00:00,0.917829990387,0.918099999428,0.916700005531,0.917980015278,0
2025-12-08 01:00:00+00:00,0.918009996414,0.918630003929,0.916989982128,0.918269991875,0
2025-12-08 02:00:00+00:00,0.918210029602,0.918720006943,0.917190015316,0.918630003929,0
2025-12-08 03:00:00+00:00,0.918619990349,0.918730020523,0.917320013046,0.918290019035,0
2025-12-08 04:00:00+00:00,0.918299973011,0.918640017509,0.917299985886,0.918489992619,0
2025-12-08 05:00:00+00:00,0.918460011482,0.918519973755,0.916939973831,0.918290019035,0
2025-12-08 06:00:00+00:00,0.918269991875,0.918519973755,0.917129993439,0.918169975281,0
2025-12-08 07:00:00+00:00,0.918169975281,0.918340027332,0.916379988194,0.917559981346,0
2025-12-08 08:00:00+00:00,0.917500019073,0.91753000021,0.915849983692,0.917450010777,0
2025-12-08 09:00:00+00:00,0.91741001606,0.917509973049,0.916310012341,0.917259991169,0
2025-12-08 10:00:00+00:00,0.917299985886,0.917599976063,0.91618001461,0.917230010033,0
2025-12-08 11:00:00+00:00,0.917219996452,0.917389988899,0.915539979935,0.916329979897,0
2025-12-08 12:00:00+00:00,0.916320025921,0.916700005531,0.914749979973,0.916559994221,0
2025-12-08 13:00:00+00:00,0.916540026665,0.917010009289,0.915289998055,0.916440010071,0
2025-12-08 14:00:00+00:00,0.916459977627,0.916790008545,0.915300011635,0.916260004044,0
2025-12-08 15:00:00+00:00,0.916249990463,0.916310012341,0.914080023766,0.916079998016,0
2025-12-08 16:00:00+00:00,0.916069984436,0.916890025139,0.915090024471,0.916740000248,0
2025-12-08 17:00:00+00:00,0.916740000248,0.917429983616,0.915709972382,0.917379975319,0
2025-12-08 18:00:00+00:00,0.917320013046,0.917569994926,0.916130006313,0.917439997196,0
2025-12-08 19:00:00+00:00,0.917469978333,0.917500019073,0.91617000103,0.917240023613,0
2025-12-08 20:00:00+00:00,0.917249977589,0.917890012264,0.916249990463,0.917890012264,0
2025-12-08 21:00:00+00:00,0.917850017548,0.917919993401,0.916769981384,0.917739987373,0
2025-12-08 22:00:00+00:00,0.917770028114,0.917770028114,0.91592001915,0.917100012302,0
2025-12-08 23:00:00+00:00,0.916949987411,0.91778999567,0.91628998518,0.917630016804,0
2025-12-09 00:00:00+00:00,0.917609989643,0.91765999794,0.916260004044,0.917159974575,0
2025-12-09 01:00:00+00:00,0.917169988155,0.917720019817,0.91592001915,0.91753000021,0
2025-12-09 02:00:00+00:00,0.917490005493,0.917919993401,0.916599988937,0.917810022831,0
2025-12-09 03:00:00+00:00,0.917819976807,0.918169975281,0.915239989758,0.917339980602,0
2025-12-09 04:00:00+00:00,0.917330026627,0.920430004597,0.916379988194,0.919929981232,0
2025-12-09 05:00:00+00:00,0.919929981232,0.920449972153,0.918739974499,0.919950008392,0
2025-12-09 06:00:00+00:00,0.919960021973,0.920360028744,0.918579995632,0.920140028,0
2025-12-09 07:00:00+00:00,0.920120000839,0.920239984989,0.918470025063,0.919610023499,0
2025-12-09 08:00:00+00:00,0.919579982758,0.919839978218,0.918320000172,0.919380009174,0
2025-12-09 09:00:00+00:00,0.919359982014,0.920149981976,0.918380022049,0.919570028782,0
2025-12-09 10:00:00+00:00,0.919579982758,0.919589996338,0.917959988117,0.91891002655,0
2025-12-09 11:00:00+00:00,0.91890001297,0.919120013714,0.917559981346,0.91890001297,0
2025-12-09 12:00:00+00:00,0.918869972229,0.919269979,0.917739987373,0.919059991837,0
2025-12-09 13:00:00+00:00,0.919049978256,0.919189989567,0.917559981346,0.918699979782,0
2025-12-09 14:00:00+00:00,0.918690025806,0.919089972973,0.917479991913,0.91890001297,0
2025-12-09 15:00:00+00:00,0.918879985809,0.920289993286,0.917850017548,0.91939997673,0
2025-12-09 16:00:00+00:00,0.919480025768,0.920319974422,0.918659985065,0.920120000839,0
2025-12-09 17:00:00+00:00,0.92013001442,0.92039000988,0.918709993362,0.919679999352,0
2025-12-09 18:00:00+00:00,0.919659972191,0.919839978218,0.918429970741,0.919539988041,0
2025-12-09 19:00:00+00:00,0.919510006905,0.919629991055,0.918380022049,0.919300019741,0
2025-12-09 20:00:00+00:00,0.91927999258,0.919570028782,0.918330013752,0.919520020485,0
2025-12-09 21:00:00+00:00,0.919510006905,0.919799983501,0.918560028076,0.919300019741,0
2025-12-09 22:00:00+00:00,0.919319987297,0.919589996338,0.917829990387,0.919480025768,0
2025-12-09 23:00:00+00:00,0.919239997864,0.919700026512,0.918330013752,0.91913998127,0
2025-12-10 00:00:00+00:00,0.919200003147,0.920360028744,0.918399989605,0.919780015945,0
2025-12-10 01:00:00+00:00,0.919759988785,0.919900000095,0.917970001698,0.918810009956,0
2025-12-10 02:00:00+00:00,0.918810009956,0.919520020485,0.917580008507,0.919449985027,0
2025-12-10 03:00:00+00:00,0.919470012188,0.919889986515,0.918439984322,0.919510006905,0
2025-12-10 04:00:00+00:00,0.919470012188,0.919920027256,0.918579995632,0.919870018959,0
2025-12-10 05:00:00+00:00,0.919870018959,0.920210003853,0.918470025063,0.920040011406,0
2025-12-10 06:00:00+00:00,0.920029997826,0.920599997044,0.919099986553,0.920549988747,0
2025-12-10 07:00:00+00:00,0.920530021191,0.921019971371,0.919610023499,0.920870006084,0
2025-12-10 08:00:00+00:00,0.920819997787,0.921480000019,0.919839978218,0.921150028706,0
2025-12-10 09:00:00+00:00,0.921159982681,0.921310007572,0.919759988785,0.921190023422,0
2025-12-10 10:00:00+00:00,0.921130001545,0.921329975128,0.919679999352,0.920700013638,0
2025-12-10 11:00:00+00:00,0.920710027218,0.920910000801,0.919130027294,0.920340001583,0
2025-12-10 12:00:00+00:00,0.920350015163,0.920490026474,0.919000029564,0.919849991798,0
2025-12-10 13:00:00+00:00,0.919879972935,0.920180022717,0.918330013752,0.919430017471,0
2025-12-10 14:00:00+00:00,0.919459998608,0.920249998569,0.917739987373,0.92013001442,0
2025-12-10 15:00:00+00:00,0.92013001442,0.920430004597,0.918060004711,0.919170022011,0
2025-12-10 16:00:00+00:00,0.91916000843,0.919350028038,0.917770028114,0.918730020523,0
2025-12-10 17:00:00+00:00,0.918760001659,0.91900998354,0.917519986629,0.918730020523,0
2025-12-10 18:00:00+00:00,0.918720006943,0.919110000134,0.917760014534,0.918439984322,0
2025-12-10 19:00:00+00:00,0.918569982052,0.920949995518,0.918030023575,0.920589983463,0
2025-12-10 20:00:00+00:00,0.920549988747,0.92188000679,0.919589996338,0.921379983425,0
2025-12-10 21:00:00+00:00,0.921389997005,0.921559989452,0.919820010662,0.920440018177,0
2025-12-10 22:00:00+00:00,0.919309973717,0.92049998045,0.91890001297,0.919570028782,0
2025-12-10 23:00:00+00:00,0.919799983501,0.920480012894,0.918969988823,0.920120000839,0
2025-12-11 00:00:00+00:00,0.920120000839,0.920549988747,0.91778999567,0.91913998127,0
2025-12-11 01:00:00+00:00,0.91913998127,0.920310020447,0.918250024319,0.919839978218,0
2025-12-11 02:00:00+00:00,0.919830024242,0.92026001215,0.917320013046,0.918280005455,0
2025-12-11 03:00:00+00:00,0.918200016022,0.918529987335,0.916190028191,0.916660010815,0
2025-12-11 04:00:00+00:00,0.916580021381,0.917100012302,0.915109992027,0.916890025139,0
2025-12-11 05:00:00+00:00,0.916890025139,0.917079985142,0.915459990501,0.916270017624,0
2025-12-11 06:00:00+00:00,0.916230022907,0.916729986668,0.914979994297,0.916559994221,0
2025-12-11 07:00:00+00:00,0.916570007801,0.918410003185,0.915579974651,0.917879998684,0
2025-12-11 08:00:00+00:00,0.917900025845,0.918179988861,0.916649997234,0.917439997196,0
2025-12-11 09:00:00+00:00,0.917429983616,0.918330013752,0.916509985924,0.918190002441,0
2025-12-11 10:00:00+00:00,0.918179988861,0.918540000916,0.917200028896,0.918439984322,0
2025-12-11 11:00:00+00:00,0.918439984322,0.918749988079,0.917270004749,0.918330013752,0
2025-12-11 12:00:00+00:00,0.918299973011,0.919049978256,0.917089998722,0.918340027332,0
2025-12-11 13:00:00+00:00,0.918299973011,0.918760001659,0.917200028896,0.918619990349,0
2025-12-11 14:00:00+00:00,0.918609976768,0.918879985809,0.916369974613,0.917129993439,0
2025-12-11 15:00:00+00:00,0.917180001736,0.917980015278,0.916100025177,0.917890012264,0
2025-12-11 16:00:00+00:00,0.917919993401,0.918540000916,0.916639983654,0.918250024319,0
2025-12-11 17:00:00+00:00,0.918210029602,0.918879985809,0.91742002964,0.918399989605,0
2025-12-11 18:00:00+00:00,0.918380022049,0.918680012226,0.91755002737,0.918309986591,0
2025-12-11 19:00:00+00:00,0.918309986591,0.918690025806,0.917360007763,0.918309986591,0
2025-12-11 20:00:00+00:00,0.918309986591,0.918359994888,0.916580021381,0.917370021343,0
2025-12-11 21:00:00+00:00,0.917360007763,0.918060004711,0.916530013084,0.917240023613,0
2025-12-11 22:00:00+00:00,0.916899979115,0.91790997982,0.916379988194,0.91754001379,0
2025-12-11 23:00:00+00:00,0.917299985886,0.918049991131,0.916599988937,0.91765999794,0
2025-12-12 00:00:00+00:00,0.91765999794,0.918680012226,0.916989982128,0.918429970741,0
2025-12-12 01:00:00+00:00,0.918389976025,0.918879985809,0.917119979858,0.918169975281,0
2025-12-12 02:00:00+00:00,0.918150007725,0.918420016766,0.916970014572,0.918020009995,0
2025-12-12 03:00:00+00:00,0.918020009995,0.918259978294,0.916949987411,0.917919993401,0
2025-12-12 04:00:00+00:00,0.917930006981,0.918169975281,0.916499972343,0.917460024357,0
2025-12-12 05:00:00+00:00,0.91742002964,0.918219983578,0.916639983654,0.918099999428,0
2025-12-12 06:00:00+00:00,0.918160021305,0.918510019779,0.916880011559,0.917970001698,0
2025-12-12 07:00:00+00:00,0.917930006981,0.918129980564,0.91654998064,0.917890012264,0
2025-12-12 08:00:00+00:00,0.91790997982,0.918449997902,0.916840016842,0.918229997158,0
2025-12-12 09:00:00+00:00,0.918190002441,0.918290019035,0.916719973087,0.91764998436,0
2025-12-12 10:00:00+00:00,0.91764998436,0.917689979076,0.915840029716,0.917339980602,0
2025-12-12 11:00:00+00:00,0.917339980602,0.917469978333,0.915859997272,0.916960000992,0
2025-12-12 12:00:00+00:00,0.916960000992,0.917439997196,0.916019976139,0.916949987411,0
2025-12-12 13:00:00+00:00,0.916949987411,0.91740000248,0.915719985962,0.916890025139,0
2025-12-12 14:00:00+00:00,0.916890025139,0.917699992657,0.915880024433,0.916930019855,0
2025-12-12 15:00:00+00:00,0.916909992695,0.916960000992,0.914240002632,0.915459990501,0
2025-12-12 16:00:00+00:00,0.915440022945,0.915889978409,0.913919985294,0.915149986744,0
2025-12-12 17:00:00+00:00,0.915149986744,0.916119992733,0.914380013943,0.915780007839,0
2025-12-12 18:00:00+00:00,0.915780007839,0.916379988194,0.914860010147,0.916010022163,0
2025-12-12 19:00:00+00:00,0.915979981422,0.916079998016,0.914569973946,0.915639996529,0
2025-12-12 20:00:00+00:00,0.915669977665,0.91605001688,0.914640009403,0.915549993515,0
2025-12-12 21:00:00+00:00,0.915579974651,0.916069984436,0.914650022984,0.915539979935,0
2025-12-12 22:00:00+00:00,0.915220022202,0.915220022202,0.915220022202,0.915220022202,0
2025-12-15 00:00:00+00:00,0.915120005608,0.915260016918,0.913900017738,0.914910018444,0
2025-12-15 01:00:00+00:00,0.914860010147,0.915639996529,0.913839995861,0.915419995785,0
2025-12-15 02:00:00+00:00,0.915419995785,0.915669977665,0.913659989834,0.914740025997,0
2025-12-15 03:00:00+00:00,0.914709985256,0.915289998055,0.913839995861,0.914650022984,0
2025-12-15 04:00:00+00:00,0.914640009403,0.914789974689,0.913389980793,0.913739979267,0
2025-12-15 05:00:00+00:00,0.914590001106,0.914929986,0.913659989834,0.914629995823,0
2025-12-15 06:00:00+00:00,0.914590001106,0.915080010891,0.913489997387,0.914960026741,0
2025-12-15 07:00:00+00:00,0.914960026741,0.915160000324,0.913529992104,0.914730012417,0
2025-12-15 08:00:00+00:00,0.91468000412,0.915380001068,0.913739979267,0.914889991283,0
2025-12-15 09:00:00+00:00,0.91491997242,0.915340006351,0.913839995861,0.915040016174,0
2025-12-15 10:00:00+00:00,0.915069997311,0.915400028229,0.914020001888,0.915369987488,0
2025-12-15 11:00:00+00:00,0.915369987488,0.915620028973,0.914300024509,0.915319979191,0
2025-12-15 12:00:00+00:00,0.915329992771,0.915639996529,0.914189994335,0.91491997242,0
2025-12-15 13:00:00+00:00,0.914879977703,0.915960013866,0.913919985294,0.915499985218,0
2025-12-15 14:00:00+00:00,0.915530025959,0.916140019894,0.913839995861,0.914479970932,0
2025-12-15 15:00:00+00:00,0.914479970932,0.915409982204,0.913590013981,0.915269970894,0
2025-12-15 16:00:00+00:00,0.915210008621,0.915470004082,0.913230001926,0.914250016212,0
2025-12-15 17:00:00+00:00,0.914229989052,0.914470016956,0.913139998913,0.914260029793,0
2025-12-15 18:00:00+00:00,0.914269983768,0.914699971676,0.913299977779,0.914479970932,0
2025-12-15 19:00:00+00:00,0.914439976215,0.914849996567,0.91332000494,0.914699971676,0
2025-12-15 20:00:00+00:00,0.914699971676,0.914749979973,0.913250029087,0.914120018482,0
2025-12-15 21:00:00+00:00,0.913259983063,0.914370000362,0.913030028343,0.913890004158,0
2025-12-15 22:00:00+00:00,0.913820028305,0.914260029793,0.912919998169,0.914049983025,0
2025-12-15 23:00:00+00:00,0.913779973984,0.915289998055,0.913269996643,0.914399981499,0
2025-12-16 00:00:00+00:00,0.914380013943,0.914510011673,0.912500023842,0.913460016251,0
2025-12-16 01:00:00+00:00,0.91343998909,0.913709998131,0.911239981651,0.912349998951,0
2025-12-16 02:00:00+00:00,0.912280023098,0.913680016994,0.911400020123,0.912909984589,0
2025-12-16 03:00:00+00:00,0.912850022316,0.913890004158,0.912000000477,0.91356998682,0
2025-12-16 04:00:00+00:00,0.912649989128,0.914110004902,0.912620007992,0.913649976254,0
2025-12-16 05:00:00+00:00,0.913590013981,0.914059996605,0.912299990654,0.913160026073,0
2025-12-16 06:00:00+00:00,0.913160026073,0.914059996605,0.911989986897,0.913860023022,0
2025-12-16 07:00:00+00:00,0.913919985294,0.914489984512,0.912930011749,0.913929998875,0
2025-12-16 08:00:00+00:00,0.913959980011,0.914659976959,0.91306000948,0.914529979229,0
2025-12-16 09:00:00+00:00,0.914520025253,0.914629995823,0.912850022316,0.91294002533,0
2025-12-16 10:00:00+00:00,0.913789987564,0.914399981499,0.912850022316,0.914080023766,0
2025-12-16 11:00:00+00:00,0.914080023766,0.914349973202,0.913049995899,0.914139986038,0
2025-12-16 12:00:00+00:00,0.914139986038,0.914210021496,0.911970019341,0.913290023804,0
2025-12-16 13:00:00+00:00,0.913290023804,0.915069997311,0.911800026894,0.913929998875,0
2025-12-16 14:00:00+00:00,0.913940012455,0.914439976215,0.912460029125,0.914099991322,0
2025-12-16 15:00:00+00:00,0.914099991322,0.914290010929,0.911059975624,0.912710011005,0
2025-12-16 16:00:00+00:00,0.912679970264,0.912810027599,0.91096997261,0.91232997179,0
2025-12-16 17:00:00+00:00,0.912370026112,0.912609994411,0.910889983177,0.911889970303,0
2025-12-16 18:00:00+00:00,0.911859989166,0.912310004234,0.910489976406,0.911880016327,0
2025-12-16 19:00:00+00:00,0.911880016327,0.912339985371,0.910449981689,0.912190020084,0
2025-12-16 20:00:00+00:00,0.912159979343,0.912599980831,0.911220014095,0.912320017815,0
2025-12-16 21:00:00+00:00,0.912320017815,0.912450015545,0.910950005054,0.91158002615,0
2025-12-16 22:00:00+00:00,0.911629974842,0.912230014801,0.910979986191,0.911989986897,0
2025-12-16 23:00:00+00:00,0.91184002161,0.912479996681,0.910960018635,0.912230014801,0
2025-12-17 00:00:00+00:00,0.91220998764,0.912289977074,0.91009002924,0.911409974098,0
2025-12-17 01:00:00+00:00,0.911319971085,0.912630021572,0.910560011864,0.912530004978,0
2025-12-17 02:00:00+00:00,0.912530004978,0.912630021572,0.910769999027,0.912039995193,0
2025-12-17 03:00:00+00:00,0.912039995193,0.912349998951,0.910960018635,0.91209000349,0
2025-12-17 04:00:00+00:00,0.912180006504,0.912379980087,0.910390019417,0.911249995232,0
2025-12-17 05:00:00+00:00,0.911379992962,0.911750018597,0.910170018673,0.911660015583,0
2025-12-17 06:00:00+00:00,0.911639988422,0.912060022354,0.910529971123,0.911450028419,0
2025-12-17 07:00:00+00:00,0.911459982395,0.911979973316,0.91032999754,0.911719977856,0
2025-12-17 08:00:00+00:00,0.911729991436,0.912230014801,0.910589993,0.911909997463,0
2025-12-17 09:00:00+00:00,0.911909997463,0.912240028381,0.910539984703,0.911159992218,0
2025-12-17 10:00:00+00:00,0.911170005798,0.912389993668,0.91021001339,0.912190020084,0
2025-12-17 11:00:00+00:00,0.91219997406,0.912590026855,0.911159992218,0.912379980087,0
2025-12-17 12:00:00+00:00,0.912400007248,0.913079977036,0.911430001259,0.912999987602,0
2025-12-17 13:00:00+00:00,0.912999987602,0.913110017776,0.911050021648,0.912379980087,0
2025-12-17 14:00:00+00:00,0.912379980087,0.912729978561,0.910499989986,0.912370026112,0
2025-12-17 15:00:00+00:00,0.912370026112,0.912549972534,0.909720003605,0.910960018635,0
2025-12-17 16:00:00+00:00,0.910979986191,0.911539971828,0.909850001335,0.911289989948,0
2025-12-17 17:00:00+00:00,0.911289989948,0.911390006542,0.909470021725,0.910640001297,0
2025-12-17 18:00:00+00:00,0.910619974136,0.911159992218,0.909129977226,0.910080015659,0
2025-12-17 19:00:00+00:00,0.910080015659,0.910730004311,0.90922999382,0.910629987717,0
2025-12-17 20:00:00+00:00,0.910629987717,0.910769999027,0.90911000967,0.910139977932,0
2025-12-17 21:00:00+00:00,0.91009002924,0.910700023174,0.909139990807,0.910309970379,0
2025-12-17 22:00:00+00:00,0.909870028496,0.910730004311,0.909280002117,0.910309970379,0
2025-12-17 23:00:00+00:00,0.91032999754,0.910529971123,0.909009993076,0.909680008888,0
2025-12-18 00:00:00+00:00,0.909640014172,0.910070002079,0.908609986305,0.909060001373,0
2025-12-18 01:00:00+00:00,0.909839987755,0.909969985485,0.907890021801,0.909680008888,0
2025-12-18 02:00:00+00:00,0.909590005875,0.909900009632,0.908439993858,0.909529983997,0
2025-12-18 03:00:00+00:00,0.909489989281,0.909730017185,0.908029973507,0.908819973469,0
2025-12-18 04:00:00+00:00,0.908829987049,0.909500002861,0.907959997654,0.909449994564,0
2025-12-18 05:00:00+00:00,0.909449994564,0.909979999065,0.908550024033,0.909799993038,0
2025-12-18 06:00:00+00:00,0.909770011902,0.910030007362,0.908819973469,0.909759998322,0
2025-12-18 07:00:00+00:00,0.909749984741,0.910420000553,0.908909976482,0.909919977188,0
2025-12-18 08:00:00+00:00,0.909889996052,0.910430014133,0.90908998251,0.909900009632,0
2025-12-18 09:00:00+00:00,0.909870028496,0.910549998283,0.909070014954,0.910109996796,0
2025-12-18 10:00:00+00:00,0.910080015659,0.910409986973,0.909009993076,0.910229980946,0
2025-12-18 11:00:00+00:00,0.91022002697,0.910880029202,0.909500002861,0.910570025444,0
2025-12-18 12:00:00+00:00,0.910570025444,0.911140024662,0.909789979458,0.910830020905,0
2025-12-18 13:00:00+00:00,0.910820007324,0.912649989128,0.909929990768,0.912180006504,0
2025-12-18 14:00:00+00:00,0.912150025368,0.912909984589,0.911019980907,0.912249982357,0
2025-12-18 15:00:00+00:00,0.912249982357,0.912530004978,0.909640014172,0.910539984703,0
2025-12-18 16:00:00+00:00,0.910570025444,0.911379992962,0.909690022469,0.909820020199,0
2025-12-18 17:00:00+00:00,0.91060000658,0.910920023918,0.909039974213,0.910650014877,0
2025-12-18 18:00:00+00:00,0.910629987717,0.911350011826,0.909619987011,0.911189973354,0
2025-12-18 19:00:00+00:00,0.911149978638,0.911779999733,0.910189986229,0.911300003529,0
2025-12-18 20:00:00+00:00,0.911310017109,0.911360025406,0.910099983215,0.910759985447,0
2025-12-18 21:00:00+00:00,0.910799980164,0.911170005798,0.909959971905,0.910730004311,0
2025-12-18 22:00:00+00:00,0.909950017929,0.910929977894,0.909699976444,0.910380005836,0
2025-12-18 23:00:00+00:00,0.910390019417,0.911220014095,0.909850001335,0.911099970341,0
2025-12-19 00:00:00+00:00,0.91021001339,0.911989986897,0.909990012646,0.911779999733,0
2025-12-19 01:00:00+00:00,0.9117000103,0.91183000803,0.909969985485,0.911019980907,0
2025-12-19 02:00:00+00:00,0.910950005054,0.911339998245,0.909820020199,0.911040008068,0
2025-12-19 03:00:00+00:00,0.911080002785,0.911360025406,0.910030007362,0.911040008068,0
2025-12-19 04:00:00+00:00,0.911010026932,0.911230027676,0.909940004349,0.911059975624,0
2025-12-19 05:00:00+00:00,0.910989999771,0.911130011082,0.909749984741,0.91047000885,0
2025-12-19 06:00:00+00:00,0.910510003567,0.911360025406,0.909619987011,0.909900009632,0
2025-12-19 07:00:00+00:00,0.910740017891,0.911000013351,0.909470021725,0.910809993744,0
2025-12-19 08:00:00+00:00,0.910759985447,0.911230027676,0.909730017185,0.910820007324,0
2025-12-19 09:00:00+00:00,0.910799980164,0.911759972572,0.909879982471,0.911499977112,0
2025-12-19 10:00:00+00:00,0.911469995975,0.911729991436,0.91032999754,0.911480009556,0
2025-12-19 11:00:00+00:00,0.911409974098,0.911490023136,0.910260021687,0.911270022392,0
2025-12-19 12:00:00+00:00,0.911249995232,0.911360025406,0.909929990768,0.910669982433,0
2025-12-19 13:00:00+00:00,0.91071999073,0.911130011082,0.909420013428,0.91096997261,0
2025-12-19 14:00:00+00:00,0.91096997261,0.911469995975,0.909820020199,0.911180019379,0
2025-12-19 15:00:00+00:00,0.911050021648,0.911979973316,0.909990012646,0.910799980164,0
2025-12-19 16:00:00+00:00,0.910780012608,0.911769986153,0.909929990768,0.911490023136,0
2025-12-19 17:00:00+00:00,0.911509990692,0.911790013313,0.910250008106,0.911400020123,0
2025-12-19 18:00:00+00:00,0.911390006542,0.911909997463,0.910510003567,0.911589980125,0
2025-12-19 19:00:00+00:00,0.911589980125,0.912490010262,0.91071999073,0.912429988384,0
2025-12-19 20:00:00+00:00,0.912379980087,0.912710011005,0.911329984665,0.912119984627,0
2025-12-19 21:00:00+00:00,0.912109971046,0.912519991398,0.910830020905,0.91181999445,0
2025-12-19 22:00:00+00:00,0.91181999445,0.91181999445,0.911360025406,0.911559998989,0
2025-12-22 00:00:00+00:00,0.911719977856,0.912800014019,0.910979986191,0.912720024586,0
2025-12-22 01:00:00+00:00,0.912720024586,0.913600027561,0.911970019341,0.91343998909,0
2025-12-22 02:00:00+00:00,0.91343998909,0.913829982281,0.912490010262,0.913550019264,0
2025-12-22 03:00:00+00:00,0.913479983807,0.913969993591,0.912580013275,0.91345000267,0
2025-12-22 04:00:00+00:00,0.913420021534,0.914160013199,0.912580013275,0.914049983025,0
2025-12-22 05:00:00+00:00,0.914089977741,0.914290010929,0.912750005722,0.91368997097,0
2025-12-22 06:00:00+00:00,0.91369998455,0.914390027523,0.912890017033,0.914189994335,0
2025-12-22 07:00:00+00:00,0.914269983768,0.915160000324,0.913179993629,0.91491997242,0
2025-12-22 08:00:00+00:00,0.914929986,0.914990007877,0.913659989834,0.91466999054,0
2025-12-22 09:00:00+00:00,0.914629995823,0.914780020714,0.913179993629,0.914189994335,0
2025-12-22 10:00:00+00:00,0.914200007915,0.9146900177,0.913169980049,0.914149999619,0
2025-12-22 11:00:00+00:00,0.914120018482,0.914520025253,0.913100004196,0.914499998093,0
2025-12-22 12:00:00+00:00,0.914479970932,0.915099978447,0.91342997551,0.914929986,0
2025-12-22 13:00:00+00:00,0.914929986,0.915300011635,0.913259983063,0.914149999619,0
2025-12-22 14:00:00+00:00,0.914089977741,0.915000021458,0.91319000721,0.914179980755,0
2025-12-22 15:00:00+00:00,0.914129972458,0.914830029011,0.913139998913,0.914730012417,0
2025-12-22 16:00:00+00:00,0.914730012417,0.914870023727,0.913460016251,0.91481000185,0
2025-12-22 17:00:00+00:00,0.91482001543,0.915030002594,0.913510024548,0.91443002224,0
2025-12-22 18:00:00+00:00,0.914399981499,0.914479970932,0.913129985332,0.914390027523,0
2025-12-22 19:00:00+00:00,0.914330005646,0.91479998827,0.913389980793,0.914659976959,0
2025-12-22 20:00:00+00:00,0.914650022984,0.915289998055,0.91369998455,0.915170013905,0
2025-12-22 21:00:00+00:00,0.915170013905,0.915400028229,0.913869976997,0.915250003338,0
2025-12-22 22:00:00+00:00,0.914390027523,0.915319979191,0.913779973984,0.915300011635,0
2025-12-22 23:00:00+00:00,0.914910018444,0.915589988232,0.914319992065,0.915109992027,0
2025-12-23 00:00:00+00:00,0.91505998373,0.915870010853,0.914229989052,0.915099978447,0
2025-12-23 01:00:00+00:00,0.91505998373,0.915729999542,0.914020001888,0.915310025215,0
2025-12-23 02:00:00+00:00,0.915269970894,0.915899991989,0.914740025997,0.915700018406,0
2025-12-23 03:00:00+00:00,0.915690004826,0.915889978409,0.914610028267,0.915669977665,0
2025-12-23 04:00:00+00:00,0.915660023689,0.916019976139,0.914789974689,0.915750026703,0
2025-12-23 05:00:00+00:00,0.915729999542,0.915859997272,0.914619982243,0.915560007095,0
2025-12-23 06:00:00+00:00,0.915539979935,0.916100025177,0.914770007133,0.915849983692,0
2025-12-23 07:00:00+00:00,0.915729999542,0.916970014572,0.915220022202,0.916610002518,0
2025-12-23 08:00:00+00:00,0.916610002518,0.917720019817,0.915690004826,0.917339980602,0
2025-12-23 09:00:00+00:00,0.917309999466,0.917349994183,0.916119992733,0.916920006275,0
2025-12-23 10:00:00+00:00,0.916930019855,0.91754001379,0.916230022907,0.916939973831,0
2025-12-23 11:00:00+00:00,0.916890025139,0.917370021343,0.916029989719,0.917050004005,0
2025-12-23 12:00:00+00:00,0.917060017586,0.917370021343,0.916119992733,0.916740000248,0
2025-12-23 13:00:00+00:00,0.916740000248,0.917339980602,0.915189981461,0.915570020676,0
2025-12-23 14:00:00+00:00,0.915650010109,0.916519999504,0.914879977703,0.915989995003,0
2025-12-23 15:00:00+00:00,0.916029989719,0.917460024357,0.915530025959,0.917140007019,0
2025-12-23 16:00:00+00:00,0.917069971561,0.917829990387,0.91629999876,0.917479991913,0
2025-12-23 17:00:00+00:00,0.917469978333,0.917519986629,0.915979981422,0.916710019112,0
2025-12-23 18:00:00+00:00,0.916689991951,0.917200028896,0.915989995003,0.916599988937,0
2025-12-23 19:00:00+00:00,0.916620016098,0.917180001736,0.915950000286,0.917060017586,0
2025-12-23 20:00:00+00:00,0.917050004005,0.917230010033,0.916239976883,0.917050004005,0
2025-12-23 21:00:00+00:00,0.916999995708,0.917349994183,0.916220009327,0.916840016842,0
2025-12-23 22:00:00+00:00,0.916100025177,0.917190015316,0.915929973125,0.916859984398,0
2025-12-23 23:00:00+00:00,0.916830003262,0.917460024357,0.916149973869,0.917089998722,0
2025-12-24 00:00:00+00:00,0.917100012302,0.917370021343,0.916079998016,0.917119979858,0
2025-12-24 01:00:00+00:00,0.917050004005,0.917930006981,0.915870010853,0.91777998209,0
2025-12-24 02:00:00+00:00,0.91777998209,0.918030023575,0.916490018368,0.917439997196,0
2025-12-24 03:00:00+00:00,0.917509973049,0.917620003223,0.916149973869,0.917039990425,0
2025-12-24 04:00:00+00:00,0.917029976845,0.917959988117,0.916010022163,0.917800009251,0
2025-12-24 05:00:00+00:00,0.917800009251,0.918129980564,0.916840016842,0.918120026588,0
2025-12-24 06:00:00+00:00,0.918060004711,0.918640017509,0.916980028152,0.918470025063,0
2025-12-24 07:00:00+00:00,0.918449997902,0.918680012226,0.917270004749,0.918290019035,0
2025-12-24 08:00:00+00:00,0.918299973011,0.918619990349,0.916809976101,0.918060004711,0
2025-12-24 09:00:00+00:00,0.918060004711,0.918120026588,0.916490018368,0.917869985104,0
2025-12-24 10:00:00+00:00,0.917819976807,0.917990028858,0.916499972343,0.917689979076,0
2025-12-24 11:00:00+00:00,0.917729973793,0.917930006981,0.916270017624,0.917169988155,0
2025-12-24 12:00:00+00:00,0.917150020599,0.917710006237,0.915840029716,0.916970014572,0
2025-12-24 13:00:00+00:00,0.916949987411,0.917490005493,0.915970027447,0.916899979115,0
2025-12-24 14:00:00+00:00,0.916909992695,0.917089998722,0.915750026703,0.916779994965,0
2025-12-24 15:00:00+00:00,0.916779994965,0.917620003223,0.915799975395,0.917339980602,0
2025-12-24 16:00:00+00:00,0.917270004749,0.917620003223,0.91592001915,0.916989982128,0
2025-12-24 17:00:00+00:00,0.916899979115,0.917599976063,0.916109979153,0.916769981384,0
2025-12-24 18:00:00+00:00,0.916769981384,0.917060017586,0.915419995785,0.916369974613,0
2025-12-24 19:00:00+00:00,0.916350007057,0.916920006275,0.915530025959,0.916869997978,0
2025-12-24 20:00:00+00:00,0.916869997978,0.917029976845,0.915820002556,0.916580021381,0
2025-12-24 21:00:00+00:00,0.916239976883,0.916859984398,0.915840029716,0.91618001461,0
2025-12-24 22:00:00+00:00,0.916339993477,0.916339993477,0.915750026703,0.915750026703,0
2025-12-24 23:00:00+00:00,0.916149973869,0.916570007801,0.915440022945,0.91628998518,0
2025-12-25 00:00:00+00:00,0.91618001461,0.916559994221,0.915030002594,0.915759980679,0
2025-12-25 01:00:00+00:00,0.915759980679,0.915759980679,0.915120005608,0.915740013123,0
2025-12-25 02:00:00+00:00,0.915600001812,0.917060017586,0.915400028229,0.91642999649,0
2025-12-25 03:00:00+00:00,0.91642999649,0.916729986668,0.915600001812,0.916530013084,0
2025-12-25 04:00:00+00:00,0.916360020638,0.916769981384,0.916360020638,0.916530013084,0
2025-12-25 05:00:00+00:00,0.916360020638,0.916899979115,0.915579974651,0.916149973869,0
2025-12-25 06:00:00+00:00,0.91641998291,0.917309999466,0.915470004082,0.915849983692,0
2025-12-25 07:00:00+00:00,0.915459990501,0.916620016098,0.915260016918,0.916620016098,0
2025-12-25 08:00:00+00:00,0.916559994221,0.916620016098,0.914569973946,0.914569973946,0
2025-12-25 09:00:00+00:00,0.915459990501,0.915459990501,0.915459990501,0.915459990501,0
2025-12-25 10:00:00+00:00,0.915459990501,0.915459990501,0.915459990501,0.915459990501,0
2025-12-25 11:00:00+00:00,0.915459990501,0.915459990501,0.915459990501,0.915459990501,0
2025-12-25 12:00:00+00:00,0.915459990501,0.915459990501,0.915459990501,0.915459990501,0
2025-12-25 13:00:00+00:00,0.915459990501,0.915459990501,0.915459990501,0.915459990501,0
2025-12-25 14:00:00+00:00,0.915459990501,0.915459990501,0.915459990501,0.915459990501,0
2025-12-25 15:00:00+00:00,0.915459990501,0.915459990501,0.915459990501,0.915459990501,0
2025-12-25 16:00:00+00:00,0.915459990501,0.915459990501,0.915459990501,0.915459990501,0
2025-12-25 17:00:00+00:00,0.915459990501,0.915459990501,0.915390014648,0.915390014648,0
2025-12-25 18:00:00+00:00,0.915660023689,0.915660023689,0.915660023689,0.915660023689,0
2025-12-25 22:00:00+00:00,0.915979981422,0.916920006275,0.915359973907,0.91605001688,0
2025-12-25 23:00:00+00:00,0.916109979153,0.916769981384,0.915300011635,0.916589975357,0
2025-12-26 00:00:00+00:00,0.916620016098,0.917729973793,0.916000008583,0.917150020599,0
2025-12-26 01:00:00+00:00,0.917200028896,0.917890012264,0.9162799716,0.91753000021,0
2025-12-26 02:00:00+00:00,0.917469978333,0.918299973011,0.916719973087,0.918240010738,0
2025-12-26 03:00:00+00:00,0.918190002441,0.918370008469,0.91642999649,0.91728001833,0
2025-12-26 04:00:00+00:00,0.917270004749,0.917840003967,0.916400015354,0.91741001606,0
2025-12-26 05:00:00+00:00,0.917349994183,0.917760014534,0.916190028191,0.917429983616,0
2025-12-26 06:00:00+00:00,0.917389988899,0.917599976063,0.915820002556,0.916800022125,0
2025-12-26 07:00:00+00:00,0.916869997978,0.916999995708,0.915199995041,0.91642999649,0
2025-12-26 08:00:00+00:00,0.91642999649,0.916620016098,0.915229976177,0.916559994221,0
2025-12-26 09:00:00+00:00,0.916480004787,0.916630029678,0.915170013905,0.916360020638,0
2025-12-26 10:00:00+00:00,0.916230022907,0.917159974575,0.915289998055,0.916899979115,0
2025-12-26 11:00:00+00:00,0.916890025139,0.917299985886,0.916010022163,0.917050004005,0
2025-12-26 12:00:00+00:00,0.917050004005,0.917639970779,0.915939986706,0.91755002737,0
2025-12-26 13:00:00+00:00,0.91755002737,0.917689979076,0.915880024433,0.916960000992,0
2025-12-26 14:00:00+00:00,0.916930019855,0.917299985886,0.915929973125,0.917029976845,0
2025-12-26 15:00:00+00:00,0.917029976845,0.91755002737,0.915859997272,0.917050004005,0
2025-12-26 16:00:00+00:00,0.917010009289,0.917079985142,0.915560007095,0.916519999504,0
2025-12-26 17:00:00+00:00,0.916559994221,0.917089998722,0.915610015392,0.916949987411,0
2025-12-26 18:00:00+00:00,0.916890025139,0.91755002737,0.916100025177,0.917209982872,0
2025-12-26 19:00:00+00:00,0.917209982872,0.917500019073,0.916220009327,0.917360007763,0
2025-12-26 20:00:00+00:00,0.91740000248,0.917850017548,0.916339993477,0.917639970779,0
2025-12-26 21:00:00+00:00,0.917639970779,0.918089985847,0.916599988937,0.917590022087,0
2025-12-26 22:00:00+00:00,0.917140007019,0.917140007019,0.917140007019,0.917140007019,0
2025-12-29 00:00:00+00:00,0.917599976063,0.918370008469,0.916819989681,0.917850017548,0
2025-12-29 01:00:00+00:00,0.917770028114,0.918410003185,0.916880011559,0.917829990387,0
2025-12-29 02:00:00+00:00,0.917829990387,0.918640017509,0.916740000248,0.918370008469,0
2025-12-29 03:00:00+00:00,0.918340027332,0.918820023537,0.917169988155,0.918550014496,0
2025-12-29 04:00:00+00:00,0.918500006199,0.918969988823,0.917599976063,0.918510019779,0
2025-12-29 05:00:00+00:00,0.918460011482,0.9190300107,0.917259991169,0.918110013008,0
2025-12-29 06:00:00+00:00,0.918190002441,0.918569982052,0.916840016842,0.918449997902,0
2025-12-29 07:00:00+00:00,0.918429970741,0.91939997673,0.917509973049,0.918540000916,0
2025-12-29 08:00:00+00:00,0.918590009212,0.918640017509,0.916469991207,0.917209982872,0
2025-12-29 09:00:00+00:00,0.917150020599,0.917339980602,0.915250003338,0.916949987411,0
2025-12-29 10:00:00+00:00,0.916930019855,0.917519986629,0.915950000286,0.917150020599,0
2025-12-29 11:00:00+00:00,0.917069971561,0.917439997196,0.91579002142,0.916769981384,0
2025-12-29 12:00:00+00:00,0.916719973087,0.916859984398,0.914489984512,0.916029989719,0
2025-12-29 13:00:00+00:00,0.916029989719,0.916199982166,0.914590001106,0.916029989719,0
2025-12-29 14:00:00+00:00,0.916029989719,0.916490018368,0.914439976215,0.915449976921,0
2025-12-29 15:00:00+00:00,0.915499985218,0.916220009327,0.914080023766,0.915170013905,0
2025-12-29 16:00:00+00:00,0.915220022202,0.915629982948,0.913810014725,0.915189981461,0
2025-12-29 17:00:00+00:00,0.915189981461,0.915820002556,0.914269983768,0.915570020676,0
2025-12-29 18:00:00+00:00,0.915570020676,0.9162799716,0.914730012417,0.915520012379,0
2025-12-29 19:00:00+00:00,0.915539979935,0.916360020638,0.914399981499,0.91615998745,0
2025-12-29 20:00:00+00:00,0.916199982166,0.916530013084,0.915160000324,0.91642999649,0
2025-12-29 21:00:00+00:00,0.916410028934,0.916599988937,0.915210008621,0.916149973869,0
2025-12-29 22:00:00+00:00,0.915719985962,0.916059970856,0.91481000185,0.91579002142,0
2025-12-29 23:00:00+00:00,0.915549993515,0.916360020638,0.915210008621,0.916209995747,0
2025-12-30 00:00:00+00:00,0.916230022907,0.916729986668,0.915390014648,0.916480004787,0
2025-12-30 01:00:00+00:00,0.916480004787,0.917299985886,0.915250003338,0.91728001833,0
2025-12-30 02:00:00+00:00,0.917190015316,0.917609989643,0.91592001915,0.91741001606,0
2025-12-30 03:00:00+00:00,0.917429983616,0.917930006981,0.916519999504,0.917689979076,0
2025-12-30 04:00:00+00:00,0.917750000954,0.918280005455,0.916960000992,0.918190002441,0
2025-12-30 05:00:00+00:00,0.918089985847,0.918760001659,0.917209982872,0.918659985065,0
2025-12-30 06:00:00+00:00,0.918649971485,0.919059991837,0.917680025101,0.918879985809,0
2025-12-30 07:00:00+00:00,0.91891002655,0.918929994106,0.916830003262,0.917460024357,0
2025-12-30 08:00:00+00:00,0.917460024357,0.918060004711,0.916499972343,0.91755002737,0
2025-12-30 09:00:00+00:00,0.91755002737,0.918190002441,0.916369974613,0.917259991169,0
2025-12-30 10:00:00+00:00,0.917240023613,0.918349981308,0.916599988937,0.917930006981,0
2025-12-30 11:00:00+00:00,0.917900025845,0.918250024319,0.916710019112,0.91765999794,0
2025-12-30 12:00:00+00:00,0.917729973793,0.918460011482,0.916809976101,0.918240010738,0
2025-12-30 13:00:00+00:00,0.918299973011,0.918299973011,0.916149973869,0.917119979858,0
2025-12-30 14:00:00+00:00,0.917209982872,0.918009996414,0.91628998518,0.917800009251,0
2025-12-30 15:00:00+00:00,0.917800009251,0.917869985104,0.915679991245,0.916639983654,0
2025-12-30 16:00:00+00:00,0.916639983654,0.916970014572,0.915409982204,0.916620016098,0
2025-12-30 17:00:00+00:00,0.916599988937,0.917299985886,0.915769994259,0.917209982872,0
2025-12-30 18:00:00+00:00,0.917180001736,0.917309999466,0.91605001688,0.916790008545,0
2025-12-30 19:00:00+00:00,0.916649997234,0.917029976845,0.91592001915,0.916899979115,0
2025-12-30 20:00:00+00:00,0.916909992695,0.917020022869,0.915809988976,0.916580021381,0
2025-12-30 21:00:00+00:00,0.916599988937,0.916960000992,0.91579002142,0.916819989681,0
2025-12-30 22:00:00+00:00,0.916310012341,0.916790008545,0.915729999542,0.916530013084,0
2025-12-30 23:00:00+00:00,0.916350007057,0.917209982872,0.915870010853,0.916920006275,0
2025-12-31 00:00:00+00:00,0.916830003262,0.917389988899,0.915899991989,0.917309999466,0
2025-12-31 01:00:00+00:00,0.917209982872,0.917439997196,0.915989995003,0.916670024395,0
2025-12-31 02:00:00+00:00,0.916620016098,0.917339980602,0.915639996529,0.916989982128,0
2025-12-31 03:00:00+00:00,0.916949987411,0.917330026627,0.916119992733,0.917010009289,0
2025-12-31 04:00:00+00:00,0.916859984398,0.917100012302,0.915589988232,0.916440010071,0
2025-12-31 05:00:00+00:00,0.916350007057,0.916830003262,0.915329992771,0.916379988194,0
2025-12-31 06:00:00+00:00,0.916369974613,0.916570007801,0.915229976177,0.916130006313,0
2025-12-31 07:00:00+00:00,0.916140019894,0.916559994221,0.915170013905,0.916360020638,0
2025-12-31 08:00:00+00:00,0.91628998518,0.916469991207,0.914889991283,0.915679991245,0
2025-12-31 09:00:00+00:00,0.915780007839,0.91618001461,0.914650022984,0.915570020676,0
2025-12-31 10:00:00+00:00,0.915570020676,0.915910005569,0.914470016956,0.915509998798,0
2025-12-31 11:00:00+00:00,0.915440022945,0.916379988194,0.91479998827,0.916079998016,0
2025-12-31 12:00:00+00:00,0.916000008583,0.916239976883,0.9146900177,0.915600001812,0
2025-12-31 13:00:00+00:00,0.915589988232,0.915700018406,0.913940012455,0.915220022202,0
2025-12-31 14:00:00+00:00,0.915210008621,0.915350019932,0.913160026073,0.913919985294,0
2025-12-31 15:00:00+00:00,0.913929998875,0.914830029011,0.913049995899,0.913850009441,0
2025-12-31 16:00:00+00:00,0.913800001144,0.914870023727,0.913139998913,0.914309978485,0
2025-12-31 17:00:00+00:00,0.914179980755,0.915390014648,0.913489997387,0.915139973164,0
2025-12-31 18:00:00+00:00,0.915139973164,0.915570020676,0.914380013943,0.915319979191,0
2025-12-31 19:00:00+00:00,0.915390014648,0.915709972382,0.914370000362,0.915250003338,0
2025-12-31 20:00:00+00:00,0.915250003338,0.915880024433,0.914160013199,0.915639996529,0
2025-12-31 21:00:00+00:00,0.915679991245,0.915889978409,0.91468000412,0.915409982204,0
2025-12-31 22:00:00+00:00,0.914900004864,0.914900004864,0.914290010929,0.914290010929,0
2025-12-31 23:00:00+00:00,0.914290010929,0.914770007133,0.914290010929,0.914770007133,0
