timestamp,open,high,low,close,volume
2025-11-01 00:00:00+00:00,0.609092652798,0.609092652798,0.60696798563,0.60793864727,0
2025-11-01 01:00:00+00:00,0.60817861557,0.609688878059,0.607161104679,0.607161104679,0
2025-11-01 02:00:00+00:00,0.607115983963,0.608177125454,0.604922354221,0.608177125454,0
2025-11-01 03:00:00+00:00,0.60807955265,0.612057387829,0.60807955265,0.611839294434,0
2025-11-01 04:00:00+00:00,0.612222075462,0.61281567812,0.610677242279,0.611510336399,0
2025-11-01 05:00:00+00:00,0.611511409283,0.611676931381,0.608985006809,0.608985006809,0
2025-11-01 06:00:00+00:00,0.608886361122,0.609271943569,0.607665359974,0.608880460262,0
2025-11-01 07:00:00+00:00,0.60897809267,0.613709688187,0.60897809267,0.613709688187,0
2025-11-01 08:00:00+00:00,0.613678574562,0.615009903908,0.613217115402,0.615009903908,0
2025-11-01 09:00:00+00:00,0.615221858025,0.616542458534,0.613740026951,0.613806247711,0
2025-11-01 10:00:00+00:00,0.613788127899,0.614258408546,0.613029718399,0.613566040993,0
2025-11-01 11:00:00+00:00,0.613567173481,0.614542663097,0.611922562122,0.61220484972,0
2025-11-01 12:00:00+00:00,0.61220908165,0.614375531673,0.61220908165,0.613506138325,0
2025-11-01 13:00:00+00:00,0.613490223885,0.613496422768,0.609711647034,0.610986471176,0
2025-11-01 14:00:00+00:00,0.610977947712,0.611088395119,0.606989741325,0.607132256031,0
2025-11-01 15:00:00+00:00,0.607157588005,0.611481845379,0.607157588005,0.611296474934,0
2025-11-01 16:00:00+00:00,0.6116361022,0.614066958427,0.6116361022,0.613138020039,0
2025-11-01 17:00:00+00:00,0.613210439682,0.613210439682,0.611255049706,0.611255049706,0
2025-11-01 18:00:00+00:00,0.611213922501,0.612455248833,0.611164033413,0.612455248833,0
2025-11-01 19:00:00+00:00,0.612519145012,0.613345146179,0.611384451389,0.613345146179,0
2025-11-01 20:00:00+00:00,0.61335080862,0.615462779999,0.61335080862,0.614386737347,0
2025-11-01 21:00:00+00:00,0.614370465279,0.614488124847,0.610274016857,0.610274016857,0
2025-11-01 22:00:00+00:00,0.609985530376,0.610986351967,0.608999848366,0.610986351967,1478368
2025-11-01 23:00:00+00:00,0.610994100571,0.612201631069,0.610232770443,0.612201631069,167712
2025-11-02 00:00:00+00:00,0.612187623978,0.612382411957,0.610230565071,0.610230565071,0
2025-11-02 01:00:00+00:00,0.61021643877,0.610650002956,0.609028816223,0.609028816223,0
2025-11-02 02:00:00+00:00,0.60894203186,0.611451029778,0.608821809292,0.609790205956,0
2025-11-02 03:00:00+00:00,0.609722495079,0.609737575054,0.608793139458,0.608803272247,0
2025-11-02 04:00:00+00:00,0.608797371387,0.615590214729,0.608594238758,0.615590214729,384800
2025-11-02 05:00:00+00:00,0.615602791309,0.615671217442,0.612420022488,0.615206420422,5755552
2025-11-02 06:00:00+00:00,0.615398049355,0.615895092487,0.614549040794,0.615838348866,3913120
2025-11-02 07:00:00+00:00,0.615818619728,0.618053138256,0.614975273609,0.617866933346,667200
2025-11-02 08:00:00+00:00,0.617844939232,0.617844939232,0.613826811314,0.613826811314,0
2025-11-02 09:00:00+00:00,0.613833725452,0.615686178207,0.610309839249,0.610373139381,279520
2025-11-02 10:00:00+00:00,0.610335111618,0.611198663712,0.606565535069,0.607170820236,15890464
2025-11-02 11:00:00+00:00,0.60731959343,0.613721251488,0.60731959343,0.613721251488,12069856
2025-11-02 12:00:00+00:00,0.613274991512,0.613373637199,0.611647248268,0.611652910709,5717184
2025-11-02 13:00:00+00:00,0.61126857996,0.61131477356,0.606616795063,0.606957733631,0
2025-11-02 14:00:00+00:00,0.606750190258,0.607521057129,0.599892616272,0.599892616272,13394816
2025-11-02 15:00:00+00:00,0.599734425545,0.603731095791,0.599432945251,0.600692868233,5641536
2025-11-02 16:00:00+00:00,0.600569725037,0.60075378418,0.595682442188,0.600748836994,22117696
2025-11-02 17:00:00+00:00,0.600730478764,0.600824356079,0.597864866257,0.598614096642,0
2025-11-02 18:00:00+00:00,0.598774790764,0.599942743778,0.598274946213,0.598840475082,0
2025-11-02 19:00:00+00:00,0.598829507828,0.598829507828,0.594876348972,0.596527576447,7470272
2025-11-02 20:00:00+00:00,0.596651256084,0.599206387997,0.596126437187,0.599206387997,0
2025-11-02 21:00:00+00:00,0.599620342255,0.603135228157,0.599620342255,0.602373182774,0
2025-11-02 22:00:00+00:00,0.601959168911,0.601959168911,0.598766028881,0.600056231022,0
2025-11-02 23:00:00+00:00,0.600802481174,0.610791504383,0.600802481174,0.610791504383,25013504
2025-11-03 00:00:00+00:00,0.610539317131,0.610923051834,0.603563547134,0.603563547134,14328576
2025-11-03 01:00:00+00:00,0.603542208672,0.603542208672,0.59717130661,0.59717130661,15050368
2025-11-03 02:00:00+00:00,0.597256600857,0.597437262535,0.589406788349,0.591595470905,41283264
2025-11-03 03:00:00+00:00,0.591469824314,0.591870129108,0.575501561165,0.575501561165,73110208
2025-11-03 04:00:00+00:00,0.575281858444,0.577207863331,0.571563303471,0.577179551125,53845504
2025-11-03 05:00:00+00:00,0.577497661114,0.580165147781,0.57300901413,0.57300901413,21123712
2025-11-03 06:00:00+00:00,0.572783529758,0.574543952942,0.569282114506,0.571848094463,42069504
2025-11-03 07:00:00+00:00,0.572448611259,0.578444361687,0.571473777294,0.578372120857,38931776
2025-11-03 08:00:00+00:00,0.578199267387,0.579444110394,0.574347317219,0.578618884087,29832128
2025-11-03 09:00:00+00:00,0.578657925129,0.584232926369,0.575929999352,0.57596051693,40664896
2025-11-03 10:00:00+00:00,0.576015651226,0.576195299625,0.573534071445,0.574340641499,6312384
2025-11-03 11:00:00+00:00,0.574206411839,0.577372312546,0.574206411839,0.576171517372,22031936
2025-11-03 12:00:00+00:00,0.576126098633,0.579384982586,0.575944900513,0.575944900513,12900160
2025-11-03 13:00:00+00:00,0.575962543488,0.576866209507,0.573783099651,0.575823545456,15000192
2025-11-03 14:00:00+00:00,0.57579010725,0.578126192093,0.573903977871,0.576886594296,2449216
2025-11-03 15:00:00+00:00,0.577638447285,0.577638447285,0.541607379913,0.551380097866,262440640
2025-11-03 16:00:00+00:00,0.551249086857,0.559760510921,0.549383401871,0.559760510921,65053312
2025-11-03 17:00:00+00:00,0.559854924679,0.566430330276,0.559160470963,0.566116094589,53062272
2025-11-03 18:00:00+00:00,0.566154658794,0.566591322422,0.560484945774,0.560499429703,23248768
2025-11-03 19:00:00+00:00,0.560363590717,0.560363590717,0.556560814381,0.556560814381,14921984
2025-11-03 20:00:00+00:00,0.5564635396,0.5564635396,0.544802606106,0.544802606106,41463680
2025-11-03 21:00:00+00:00,0.546355843544,0.552193760872,0.545427322388,0.552193760872,52570112
2025-11-03 22:00:00+00:00,0.552291333675,0.55233412981,0.546070516109,0.54913598299,30507008
2025-11-03 23:00:00+00:00,0.549083769321,0.552659392357,0.54690772295,0.552307188511,3161088
2025-11-04 00:00:00+00:00,0.55233836174,0.557049632072,0.547912180424,0.554634213448,17062400
2025-11-04 01:00:00+00:00,0.555377185345,0.559137403965,0.554563701153,0.559137403965,12278528
2025-11-04 02:00:00+00:00,0.559074878693,0.559324681759,0.557603299618,0.557910263538,0
2025-11-04 03:00:00+00:00,0.558450222015,0.561463773251,0.556938588619,0.561090052128,0
2025-11-04 04:00:00+00:00,0.561107933521,0.56236988306,0.558031082153,0.558031082153,0
2025-11-04 05:00:00+00:00,0.557954132557,0.559002101421,0.534110426903,0.534110426903,58763776
2025-11-04 06:00:00+00:00,0.534118890762,0.545517504215,0.534118890762,0.538910329342,39871744
2025-11-04 07:00:00+00:00,0.539094030857,0.539150059223,0.532483160496,0.534094929695,22592768
2025-11-04 08:00:00+00:00,0.534095287323,0.543605148792,0.533470213413,0.538828194141,29412480
2025-11-04 09:00:00+00:00,0.539080023766,0.541883826256,0.53899294138,0.540673851967,0
2025-11-04 10:00:00+00:00,0.541146039963,0.54266679287,0.54003572464,0.540041267872,8933504
2025-11-04 11:00:00+00:00,0.540651857853,0.546936929226,0.540651857853,0.54501760006,3350784
2025-11-04 12:00:00+00:00,0.545673847198,0.545824766159,0.539102137089,0.539624631405,0
2025-11-04 13:00:00+00:00,0.539569377899,0.539890766144,0.534894645214,0.537867426872,1982976
2025-11-04 14:00:00+00:00,0.537414610386,0.550341725349,0.53461676836,0.549625456333,39297664
2025-11-04 15:00:00+00:00,0.549681067467,0.551137447357,0.542458713055,0.542458713055,0
2025-11-04 16:00:00+00:00,0.542377591133,0.545245110989,0.531082093716,0.531082093716,0
2025-11-04 17:00:00+00:00,0.529603362083,0.529603362083,0.519468188286,0.524799823761,57994112
2025-11-04 18:00:00+00:00,0.524040162563,0.524040162563,0.512049019337,0.518644332886,74847360
2025-11-04 19:00:00+00:00,0.52489387989,0.52489387989,0.515975952148,0.515975952148,58433536
2025-11-04 20:00:00+00:00,0.514524102211,0.514524102211,0.501366436481,0.509180426598,125028352
2025-11-04 21:00:00+00:00,0.509407639503,0.510390162468,0.494424194098,0.499747097492,74728064
2025-11-04 22:00:00+00:00,0.511362850666,0.523043811321,0.51120787859,0.521131396294,87336448
2025-11-04 23:00:00+00:00,0.522430837154,0.524292647839,0.52036935091,0.522039175034,30706944
2025-11-05 00:00:00+00:00,0.521400690079,0.521799921989,0.512651264668,0.51535320282,8800384
2025-11-05 01:00:00+00:00,0.515246868134,0.515246868134,0.497734248638,0.510450363159,52060928
2025-11-05 02:00:00+00:00,0.515811920166,0.525374412537,0.515811920166,0.525374412537,76581888
2025-11-05 03:00:00+00:00,0.526742577553,0.53297752142,0.526742577553,0.532702744007,39460480
2025-11-05 04:00:00+00:00,0.533124923706,0.534474134445,0.529745340347,0.53247064352,10259456
2025-11-05 05:00:00+00:00,0.532614827156,0.536700189114,0.532614827156,0.533804297447,0
2025-11-05 06:00:00+00:00,0.533759951591,0.535205304623,0.531912326813,0.535205304623,0
2025-11-05 07:00:00+00:00,0.535251736641,0.535251736641,0.532129824162,0.534966170788,0
2025-11-05 08:00:00+00:00,0.534794151783,0.534794151783,0.525305688381,0.527076244354,0
2025-11-05 09:00:00+00:00,0.527231872082,0.531766355038,0.527231872082,0.531656086445,0
2025-11-05 10:00:00+00:00,0.531622946262,0.531622946262,0.525465905666,0.525465905666,0
2025-11-05 11:00:00+00:00,0.526092886925,0.535251915455,0.526092886925,0.535196602345,0
2025-11-05 12:00:00+00:00,0.535078823566,0.538311898708,0.534628391266,0.537784636021,10219776
2025-11-05 13:00:00+00:00,0.537843286991,0.542054772377,0.536321401596,0.541993141174,0
2025-11-05 14:00:00+00:00,0.542120456696,0.54397213459,0.538614213467,0.543205440044,0
2025-11-05 15:00:00+00:00,0.543215870857,0.548058390617,0.541232764721,0.548058390617,27867392
2025-11-05 16:00:00+00:00,0.548015236855,0.548383355141,0.543953597546,0.548368513584,0
2025-11-05 17:00:00+00:00,0.548309743404,0.548309743404,0.544721603394,0.545931577682,0
2025-11-05 18:00:00+00:00,0.54610824585,0.548874258995,0.545675158501,0.548269927502,0
2025-11-05 19:00:00+00:00,0.548216819763,0.548216819763,0.543216764927,0.543293774128,0
2025-11-05 20:00:00+00:00,0.543464720249,0.546057999134,0.542772054672,0.544232189655,0
2025-11-05 21:00:00+00:00,0.54420876503,0.54420876503,0.540501534939,0.542633295059,0
2025-11-05 22:00:00+00:00,0.542608499527,0.547613739967,0.542275428772,0.547598540783,0
2025-11-05 23:00:00+00:00,0.547615945339,0.547903239727,0.546138226986,0.546138226986,0
2025-11-06 00:00:00+00:00,0.546090841293,0.546090841293,0.541176438332,0.542609214783,0
2025-11-06 01:00:00+00:00,0.542372226715,0.542372226715,0.535784959793,0.541231513023,0
2025-11-06 02:00:00+00:00,0.541204154491,0.543184161186,0.538061261177,0.543146729469,0
2025-11-06 03:00:00+00:00,0.54284965992,0.544163167477,0.542820751667,0.543310403824,0
2025-11-06 04:00:00+00:00,0.5431432724,0.543342590332,0.541486561298,0.542948663235,0
2025-11-06 05:00:00+00:00,0.542872488499,0.542872488499,0.534326255322,0.534347116947,0
2025-11-06 06:00:00+00:00,0.534742295742,0.539311289787,0.534742295742,0.535948336124,0
2025-11-06 07:00:00+00:00,0.535640180111,0.536955237389,0.534398674965,0.534975647926,8907904
2025-11-06 08:00:00+00:00,0.534428656101,0.536665141582,0.534406721592,0.536187291145,0
2025-11-06 09:00:00+00:00,0.536371409893,0.536935925484,0.534846544266,0.536337733269,0
2025-11-06 10:00:00+00:00,0.536257863045,0.536708176136,0.534059226513,0.535396754742,0
2025-11-06 11:00:00+00:00,0.533958494663,0.535694718361,0.533164799213,0.535093426704,0
2025-11-06 12:00:00+00:00,0.535108566284,0.535278260708,0.530070185661,0.530070185661,0
2025-11-06 13:00:00+00:00,0.529779970646,0.538253009319,0.529779970646,0.538253009319,3916352
2025-11-06 14:00:00+00:00,0.535386919975,0.535386919975,0.527267932892,0.527267932892,0
2025-11-06 15:00:00+00:00,0.526927292347,0.53004026413,0.522814810276,0.523432254791,15929024
2025-11-06 16:00:00+00:00,0.52360033989,0.525090992451,0.519004940987,0.521695673466,5306240
2025-11-06 17:00:00+00:00,0.521695971489,0.527326405048,0.521681666374,0.527326405048,11218816
2025-11-06 18:00:00+00:00,0.527381896973,0.530178129673,0.522880196571,0.52794355154,0
2025-11-06 19:00:00+00:00,0.527641654015,0.528897404671,0.526101648808,0.527164041996,0
2025-11-06 20:00:00+00:00,0.527084767818,0.529624938965,0.523814678192,0.525312185287,0
2025-11-06 21:00:00+00:00,0.525272190571,0.529653668404,0.524851739407,0.529178619385,525312
2025-11-06 22:00:00+00:00,0.529205620289,0.532786011696,0.529205620289,0.532786011696,3674624
2025-11-06 23:00:00+00:00,0.532936513424,0.533097982407,0.527768194675,0.530991494656,1318080
2025-11-07 00:00:00+00:00,0.531402111053,0.537972450256,0.531402111053,0.537269055843,5041792
2025-11-07 01:00:00+00:00,0.537302315235,0.537691831589,0.530089795589,0.531939208508,0
2025-11-07 02:00:00+00:00,0.532131671906,0.537091314793,0.531658709049,0.537014067173,939520
2025-11-07 03:00:00+00:00,0.537583470345,0.54017329216,0.537583470345,0.540018618107,22858368
2025-11-07 04:00:00+00:00,0.54037296772,0.540597558022,0.536945044994,0.537976682186,14045056
2025-11-07 05:00:00+00:00,0.538165867329,0.545162022114,0.538165867329,0.545162022114,4960384
2025-11-07 06:00:00+00:00,0.545147359371,0.545154213905,0.542277634144,0.542278170586,0
2025-11-07 07:00:00+00:00,0.542243897915,0.54709982872,0.54156857729,0.54709982872,0
2025-11-07 08:00:00+00:00,0.547109901905,0.54858392477,0.545863568783,0.546080946922,49216
2025-11-07 09:00:00+00:00,0.546503424644,0.54654109478,0.53829228878,0.540440738201,1812096
2025-11-07 10:00:00+00:00,0.540528893471,0.541670024395,0.534589350224,0.534656643867,0
2025-11-07 11:00:00+00:00,0.53467977047,0.534716188908,0.527030467987,0.530856788158,35884288
2025-11-07 12:00:00+00:00,0.530876994133,0.531472563744,0.52087199688,0.522535979748,22875520
2025-11-07 13:00:00+00:00,0.522585868835,0.52803760767,0.522098064423,0.527466893196,17768256
2025-11-07 14:00:00+00:00,0.527419626713,0.535114049911,0.523049294949,0.535114049911,8493568
2025-11-07 15:00:00+00:00,0.535200893879,0.544920742512,0.534252941608,0.544893145561,9701568
2025-11-07 16:00:00+00:00,0.544786214828,0.569584310055,0.543650627136,0.565370261669,84761856
2025-11-07 17:00:00+00:00,0.566066861153,0.576438248158,0.565878272057,0.576438248158,56571136
2025-11-07 18:00:00+00:00,0.57667517662,0.58382332325,0.57667517662,0.578771531582,57995776
2025-11-07 19:00:00+00:00,0.578962981701,0.579301178455,0.575019419193,0.578909158707,48269696
2025-11-07 20:00:00+00:00,0.579003989697,0.581792473793,0.578880310059,0.581792473793,15720192
2025-11-07 21:00:00+00:00,0.581774175167,0.585321068764,0.581600189209,0.585321068764,2318080
2025-11-07 22:00:00+00:00,0.585409104824,0.585427165031,0.58294403553,0.583456397057,2762112
2025-11-07 23:00:00+00:00,0.58320325613,0.58320325613,0.576015710831,0.576015710831,7583488
2025-11-08 00:00:00+00:00,0.575909018517,0.581450223923,0.575909018517,0.576395273209,8119552
2025-11-08 01:00:00+00:00,0.57528167963,0.583806157112,0.57528167963,0.582368552685,4525824
2025-11-08 02:00:00+00:00,0.582679927349,0.591468274593,0.582679927349,0.585691392422,23985664
2025-11-08 03:00:00+00:00,0.585202276707,0.590449333191,0.584010124207,0.584010124207,2530944
2025-11-08 04:00:00+00:00,0.583345293999,0.589383304119,0.583345293999,0.586368203163,0
2025-11-08 05:00:00+00:00,0.586298048496,0.587901055813,0.579226851463,0.579226851463,4233216
2025-11-08 06:00:00+00:00,0.578925907612,0.579444348812,0.576174914837,0.577382266521,17829888
2025-11-08 07:00:00+00:00,0.577407419682,0.581911385059,0.575717687607,0.581892967224,5014016
2025-11-08 08:00:00+00:00,0.581901788712,0.58440887928,0.580665826797,0.583849787712,0
2025-11-08 09:00:00+00:00,0.583862543106,0.583862543106,0.575261116028,0.575701117516,0
2025-11-08 10:00:00+00:00,0.575697958469,0.57823497057,0.573610067368,0.578025221825,8456576
2025-11-08 11:00:00+00:00,0.578145086765,0.578700304031,0.573964357376,0.574051558971,0
2025-11-08 12:00:00+00:00,0.574455857277,0.57640182972,0.574047207832,0.575648963451,0
2025-11-08 13:00:00+00:00,0.576255679131,0.576255679131,0.568005740643,0.568005740643,0
2025-11-08 14:00:00+00:00,0.567806124687,0.567806124687,0.563204169273,0.564909160137,0
2025-11-08 15:00:00+00:00,0.564848482609,0.564893364906,0.556825101376,0.557138502598,0
2025-11-08 16:00:00+00:00,0.557178795338,0.559410631657,0.555070638657,0.557420372963,0
2025-11-08 17:00:00+00:00,0.557608246803,0.562197208405,0.556982755661,0.56094700098,0
2025-11-08 18:00:00+00:00,0.560910463333,0.563576281071,0.559421658516,0.563576281071,0
2025-11-08 19:00:00+00:00,0.563533961773,0.563533961773,0.556986689568,0.560029625893,0
2025-11-08 20:00:00+00:00,0.560121774673,0.562756478786,0.559241235256,0.562386631966,0
2025-11-08 21:00:00+00:00,0.562369346619,0.565156400204,0.562195181847,0.56431812048,0
2025-11-08 22:00:00+00:00,0.564231753349,0.567253649235,0.563692450523,0.567238688469,0
2025-11-08 23:00:00+00:00,0.567002356052,0.568855643272,0.566669285297,0.568393051624,0
2025-11-09 00:00:00+00:00,0.568445920944,0.568514287472,0.560303926468,0.560361802578,0
2025-11-09 01:00:00+00:00,0.560397922993,0.563216686249,0.560026884079,0.562959432602,0
2025-11-09 02:00:00+00:00,0.563004672527,0.563169360161,0.552208423615,0.552208423615,0
2025-11-09 03:00:00+00:00,0.552287638187,0.554060041904,0.549567580223,0.550390124321,0
2025-11-09 04:00:00+00:00,0.550337314606,0.555536270142,0.550337314606,0.554133594036,0
2025-11-09 05:00:00+00:00,0.554174542427,0.555709004402,0.552919209003,0.555709004402,0
2025-11-09 06:00:00+00:00,0.555726528168,0.559493839741,0.555152952671,0.556020915508,0
2025-11-09 07:00:00+00:00,0.556237399578,0.562495291233,0.556237399578,0.562331140041,0
2025-11-09 08:00:00+00:00,0.562515795231,0.562515795231,0.558694064617,0.558870613575,0
2025-11-09 09:00:00+00:00,0.558898925781,0.560993552208,0.553560733795,0.553560733795,0
2025-11-09 10:00:00+00:00,0.553573727608,0.557347476482,0.551118731499,0.557035386562,0
2025-11-09 11:00:00+00:00,0.557391405106,0.562734603882,0.557391405106,0.562378525734,1174080
2025-11-09 12:00:00+00:00,0.562404513359,0.564053475857,0.561542272568,0.563362777233,2950080
2025-11-09 13:00:00+00:00,0.563343524933,0.566457867622,0.562941849232,0.564828276634,0
2025-11-09 14:00:00+00:00,0.564540207386,0.575285196304,0.563291430473,0.571761965752,23591232
2025-11-09 15:00:00+00:00,0.571602702141,0.578079521656,0.571406900883,0.574826300144,3504768
2025-11-09 16:00:00+00:00,0.575174212456,0.578220546246,0.572418510914,0.57696646452,3703360
2025-11-09 17:00:00+00:00,0.577054619789,0.5773255229,0.571109473705,0.571445167065,4600960
2025-11-09 18:00:00+00:00,0.571448326111,0.576646447182,0.570420026779,0.576646447182,2511616
2025-11-09 19:00:00+00:00,0.576584339142,0.582577586174,0.576492369175,0.582577586174,12155712
2025-11-09 20:00:00+00:00,0.582620203495,0.583472490311,0.580066561699,0.58013010025,17321024
2025-11-09 21:00:00+00:00,0.580141425133,0.580492794514,0.578758656979,0.579384088516,4854656
2025-11-09 22:00:00+00:00,0.579399228096,0.579595565796,0.574274539948,0.577321588993,12512064
2025-11-09 23:00:00+00:00,0.577705562115,0.580229043961,0.576272010803,0.578630506992,22334400
2025-11-10 00:00:00+00:00,0.578691840172,0.59007537365,0.57653939724,0.589384436607,29599744
2025-11-10 01:00:00+00:00,0.589132249355,0.589132249355,0.584035038948,0.584135890007,19612992
2025-11-10 02:00:00+00:00,0.583961427212,0.584537804127,0.582661271095,0.583149790764,0
2025-11-10 03:00:00+00:00,0.584617674351,0.5886759758,0.584617674351,0.588364303112,0
2025-11-10 04:00:00+00:00,0.588343799114,0.590232133865,0.587020933628,0.590212881565,3190848
2025-11-10 05:00:00+00:00,0.590141117573,0.591123044491,0.58742839098,0.589009106159,10752064
2025-11-10 06:00:00+00:00,0.589054107666,0.589767932892,0.58647441864,0.586965382099,4331072
2025-11-10 07:00:00+00:00,0.586896002293,0.589244782925,0.586708307266,0.589094161987,0
2025-11-10 08:00:00+00:00,0.589119970798,0.589413166046,0.585061490536,0.58654487133,10993408
2025-11-10 09:00:00+00:00,0.586748838425,0.601225674152,0.586748838425,0.600391209126,31768256
2025-11-10 10:00:00+00:00,0.60031068325,0.600850820541,0.595025956631,0.595095336437,11393536
2025-11-10 11:00:00+00:00,0.595030784607,0.598696231842,0.595030784607,0.595829546452,9031616
2025-11-10 12:00:00+00:00,0.595836162567,0.596276521683,0.591971099377,0.592959344387,2541376
2025-11-10 13:00:00+00:00,0.592985451221,0.599144458771,0.592891931534,0.598074138165,10172288
2025-11-10 14:00:00+00:00,0.597298443317,0.597298443317,0.582696139812,0.583922803402,0
2025-11-10 15:00:00+00:00,0.584003329277,0.588372647762,0.583956480026,0.584493398666,6233152
2025-11-10 16:00:00+00:00,0.584567070007,0.586785316467,0.579279661179,0.581242442131,925952
2025-11-10 17:00:00+00:00,0.581169068813,0.587557673454,0.580807507038,0.586202502251,0
2025-11-10 18:00:00+00:00,0.586469531059,0.587264180183,0.584932208061,0.585456609726,4048832
2025-11-10 19:00:00+00:00,0.585374891758,0.591115415096,0.584528267384,0.589500844479,0
2025-11-10 20:00:00+00:00,0.589397132397,0.593127548695,0.588772714138,0.591054618359,0
2025-11-10 21:00:00+00:00,0.59119874239,0.59119874239,0.585016191006,0.586365699768,5621568
2025-11-10 22:00:00+00:00,0.587633609772,0.59692800045,0.586387515068,0.596881866455,4726336
2025-11-10 23:00:00+00:00,0.596996486187,0.596996486187,0.59281539917,0.59298068285,108736
2025-11-11 00:00:00+00:00,0.592970192432,0.595043540001,0.587563753128,0.591819882393,0
2025-11-11 01:00:00+00:00,0.592997610569,0.605038464069,0.592702150345,0.595086753368,18100608
2025-11-11 02:00:00+00:00,0.595067918301,0.603475987911,0.592865407467,0.600391328335,29797184
2025-11-11 03:00:00+00:00,0.600726306438,0.602558493614,0.598150968552,0.598747491837,6326336
2025-11-11 04:00:00+00:00,0.598744213581,0.59939968586,0.589035391808,0.589036822319,6608576
2025-11-11 05:00:00+00:00,0.58904761076,0.589119136333,0.583679556847,0.583875536919,4137088
2025-11-11 06:00:00+00:00,0.583816289902,0.583816289902,0.581501245499,0.582702994347,13631104
2025-11-11 07:00:00+00:00,0.582813620567,0.583207190037,0.576408624649,0.576446712017,9038976
2025-11-11 08:00:00+00:00,0.576346039772,0.578164756298,0.576222836971,0.577324271202,0
2025-11-11 09:00:00+00:00,0.577315986156,0.579858481884,0.576946914196,0.576946914196,0
2025-11-11 10:00:00+00:00,0.576051652431,0.579486608505,0.576051652431,0.57925671339,0
2025-11-11 11:00:00+00:00,0.579263269901,0.583004713058,0.579263269901,0.579689204693,0
2025-11-11 12:00:00+00:00,0.579872488976,0.583507180214,0.578467488289,0.579542338848,0
2025-11-11 13:00:00+00:00,0.57950758934,0.58150947094,0.576115489006,0.576115489006,0
2025-11-11 14:00:00+00:00,0.576076447964,0.578514277935,0.574631810188,0.578514277935,0
2025-11-11 15:00:00+00:00,0.579097628593,0.580858886242,0.57211458683,0.572636663914,0
2025-11-11 16:00:00+00:00,0.572656571865,0.573698878288,0.57210201025,0.572288095951,0
2025-11-11 17:00:00+00:00,0.572286009789,0.57398223877,0.568771004677,0.570499718189,3567040
2025-11-11 18:00:00+00:00,0.570460557938,0.570810496807,0.568911254406,0.569076955318,0
2025-11-11 19:00:00+00:00,0.569078683853,0.569078683853,0.56306552887,0.56306552887,33647744
2025-11-11 20:00:00+00:00,0.562949359417,0.563362598419,0.559288799763,0.55951166153,8493056
2025-11-11 21:00:00+00:00,0.559457480907,0.561375916004,0.555872559547,0.557380616665,5134016
2025-11-11 22:00:00+00:00,0.557294130325,0.56165099144,0.554802060127,0.56162750721,1223296
2025-11-11 23:00:00+00:00,0.561216711998,0.561216711998,0.556525290012,0.556525290012,0
2025-11-12 00:00:00+00:00,0.556533098221,0.558443844318,0.555288612843,0.555548369884,209920
2025-11-12 01:00:00+00:00,0.555250585079,0.55963408947,0.554524183273,0.559548258781,0
2025-11-12 02:00:00+00:00,0.559607088566,0.561015844345,0.556117653847,0.557639837265,0
2025-11-12 03:00:00+00:00,0.557677686214,0.560889542103,0.557581305504,0.560733139515,0
2025-11-12 04:00:00+00:00,0.560565233231,0.561594724655,0.559579312801,0.560129106045,0
2025-11-12 05:00:00+00:00,0.560177147388,0.561980903149,0.559430897236,0.561628043652,407168
2025-11-12 06:00:00+00:00,0.561554372311,0.56433147192,0.561167180538,0.562271177769,0
2025-11-12 07:00:00+00:00,0.562188327312,0.562421858311,0.557189464569,0.557189464569,0
2025-11-12 08:00:00+00:00,0.557096123695,0.566244482994,0.557096123695,0.565416872501,11592448
2025-11-12 09:00:00+00:00,0.565376460552,0.569917619228,0.565376460552,0.567460238934,1929408
2025-11-12 10:00:00+00:00,0.567301154137,0.571961343288,0.567301154137,0.571714818478,0
2025-11-12 11:00:00+00:00,0.571734070778,0.573798775673,0.571734070778,0.573263704777,8716096
2025-11-12 12:00:00+00:00,0.573288977146,0.576889753342,0.572407364845,0.575935065746,7792896
2025-11-12 13:00:00+00:00,0.575892329216,0.580094456673,0.574093937874,0.579294741154,0
2025-11-12 14:00:00+00:00,0.579323351383,0.579893648624,0.569559454918,0.569559454918,0
2025-11-12 15:00:00+00:00,0.569994926453,0.571485280991,0.55762052536,0.55762052536,17305216
2025-11-12 16:00:00+00:00,0.557715177536,0.557996630669,0.548649966717,0.549765586853,51452352
2025-11-12 17:00:00+00:00,0.54974603653,0.551414251328,0.543959498405,0.549247562885,18958976
2025-11-12 18:00:00+00:00,0.549230456352,0.551505148411,0.547777891159,0.547777891159,9957568
2025-11-12 19:00:00+00:00,0.547240078449,0.547240078449,0.54059702158,0.54449313879,0
2025-11-12 20:00:00+00:00,0.54440420866,0.548376441002,0.543242156506,0.54774326086,0
2025-11-12 21:00:00+00:00,0.547816693783,0.549735546112,0.547816693783,0.549507677555,0
2025-11-12 22:00:00+00:00,0.549542486668,0.549542486668,0.546664237976,0.549417257309,0
2025-11-12 23:00:00+00:00,0.549429357052,0.549429357052,0.545040905476,0.545264422894,70528
2025-11-13 00:00:00+00:00,0.545294821262,0.549610674381,0.545294821262,0.548242926598,0
2025-11-13 01:00:00+00:00,0.54833728075,0.553107321262,0.54828453064,0.54997497797,7040
2025-11-13 02:00:00+00:00,0.549938738346,0.552701830864,0.549863755703,0.551689982414,0
2025-11-13 03:00:00+00:00,0.551755547523,0.561730444431,0.548085451126,0.560699820518,22452096
2025-11-13 04:00:00+00:00,0.560589492321,0.561125218868,0.556544482708,0.560017943382,23427072
2025-11-13 05:00:00+00:00,0.559935510159,0.565903961658,0.558704972267,0.565903961658,0
2025-11-13 06:00:00+00:00,0.565938293934,0.569881796837,0.565759003162,0.568462789059,15991232
2025-11-13 07:00:00+00:00,0.56841725111,0.56948184967,0.564094126225,0.564207315445,17414400
2025-11-13 08:00:00+00:00,0.564270019531,0.568810522556,0.564270019531,0.567921459675,0
2025-11-13 09:00:00+00:00,0.567920744419,0.567920744419,0.564299881458,0.564628899097,7110144
2025-11-13 10:00:00+00:00,0.56457555294,0.570086836815,0.56457555294,0.565473914146,6965312
2025-11-13 11:00:00+00:00,0.565506279469,0.568129718304,0.564554512501,0.564724504948,0
2025-11-13 12:00:00+00:00,0.564654588699,0.565814256668,0.562715828419,0.565814256668,0
2025-11-13 13:00:00+00:00,0.566199600697,0.566211998463,0.559741854668,0.559741854668,13687424
2025-11-13 14:00:00+00:00,0.559718966484,0.562299847603,0.555726468563,0.562055468559,23143936
2025-11-13 15:00:00+00:00,0.561991453171,0.56424176693,0.553051888943,0.553051888943,0
2025-11-13 16:00:00+00:00,0.553339660168,0.553348362446,0.542822897434,0.542822897434,0
2025-11-13 17:00:00+00:00,0.542814314365,0.542814314365,0.530910849571,0.530910849571,15750784
2025-11-13 18:00:00+00:00,0.529684484005,0.530066907406,0.522295296192,0.522871315479,46825792
2025-11-13 19:00:00+00:00,0.522625684738,0.525349020958,0.521345555782,0.521493077278,42327680
2025-11-13 20:00:00+00:00,0.521528661251,0.521535336971,0.517647027969,0.518503189087,45782080
2025-11-13 21:00:00+00:00,0.518591821194,0.520390510559,0.517247915268,0.519409239292,25746176
2025-11-13 22:00:00+00:00,0.519392073154,0.528727114201,0.51928794384,0.528716802597,38647744
2025-11-13 23:00:00+00:00,0.528617143631,0.533877193928,0.527993321419,0.531098246574,19397120
2025-11-14 00:00:00+00:00,0.530506849289,0.532092690468,0.525735139847,0.525873303413,24384576
2025-11-14 01:00:00+00:00,0.525819540024,0.527731776237,0.525509953499,0.526008784771,10188800
2025-11-14 02:00:00+00:00,0.525923490524,0.530219316483,0.525923490524,0.528454422951,15002752
2025-11-14 03:00:00+00:00,0.528577506542,0.52858877182,0.524480581284,0.524755835533,0
2025-11-14 04:00:00+00:00,0.524909615517,0.525314092636,0.51176482439,0.516541898251,53826432
2025-11-14 05:00:00+00:00,0.516641616821,0.521774172783,0.515813708305,0.521297872066,36674560
2025-11-14 06:00:00+00:00,0.521319448948,0.521960616112,0.514094054699,0.521960616112,24987520
2025-11-14 07:00:00+00:00,0.524855911732,0.525272130966,0.522128343582,0.52334189415,13846144
2025-11-14 08:00:00+00:00,0.523384213448,0.523524641991,0.519060313702,0.51982486248,8325504
2025-11-14 09:00:00+00:00,0.519812107086,0.521048069,0.515219151974,0.515251517296,0
2025-11-14 10:00:00+00:00,0.515185892582,0.51949262619,0.515168011189,0.518857836723,8518144
2025-11-14 11:00:00+00:00,0.518474936485,0.518541157246,0.511241555214,0.512395203114,22076800
2025-11-14 12:00:00+00:00,0.512596189976,0.512596189976,0.501072824001,0.509490132332,69181312
2025-11-14 13:00:00+00:00,0.509483873844,0.510559082031,0.503344357014,0.506947934628,19263488
2025-11-14 14:00:00+00:00,0.506941258907,0.515650033951,0.504485666752,0.514518678188,27687168
2025-11-14 15:00:00+00:00,0.514470994473,0.517051637173,0.50953823328,0.514534175396,1870848
2025-11-14 16:00:00+00:00,0.514505624771,0.518591284752,0.512269496918,0.518544077873,0
2025-11-14 17:00:00+00:00,0.518533289433,0.518937885761,0.509604632854,0.509969890118,0
2025-11-14 18:00:00+00:00,0.509767830372,0.514203429222,0.508507072926,0.508528351784,0
2025-11-14 19:00:00+00:00,0.508492946625,0.514888942242,0.508188128471,0.514854371548,0
2025-11-14 20:00:00+00:00,0.515276193619,0.515276193619,0.500584959984,0.502048194408,0
2025-11-14 21:00:00+00:00,0.501971960068,0.507617115974,0.501820027828,0.506546854973,0
2025-11-14 22:00:00+00:00,0.506512761116,0.50789731741,0.502607107162,0.502974450588,0
2025-11-14 23:00:00+00:00,0.502959430218,0.502959430218,0.494424015284,0.498428285122,16444160
2025-11-15 00:00:00+00:00,0.498145401478,0.503210544586,0.498145401478,0.503210544586,0
2025-11-15 01:00:00+00:00,0.5032761693,0.509040951729,0.502937018871,0.509040951729,0
2025-11-15 02:00:00+00:00,0.509073972702,0.512243747711,0.508506476879,0.512243747711,0
2025-11-15 03:00:00+00:00,0.512315750122,0.512882351875,0.511090815067,0.511090815067,11413248
2025-11-15 04:00:00+00:00,0.511145055294,0.511464357376,0.506463706493,0.506674170494,0
2025-11-15 05:00:00+00:00,0.506671309471,0.50919687748,0.506671309471,0.509121477604,0
2025-11-15 06:00:00+00:00,0.509069025517,0.5142531991,0.5089225173,0.513653874397,8078080
2025-11-15 07:00:00+00:00,0.513752639294,0.513752639294,0.510229706764,0.510404348373,0
2025-11-15 08:00:00+00:00,0.510211348534,0.510211348534,0.501127243042,0.501184999943,31072128
2025-11-15 09:00:00+00:00,0.501137137413,0.504687488079,0.500687837601,0.501734733582,357760
2025-11-15 10:00:00+00:00,0.501752316952,0.504494547844,0.501242935658,0.504494488239,0
2025-11-15 11:00:00+00:00,0.5045093894,0.504881620407,0.501459538937,0.501459538937,0
2025-11-15 12:00:00+00:00,0.50147998333,0.505578100681,0.50092202425,0.505569696426,0
2025-11-15 13:00:00+00:00,0.505615770817,0.508815526962,0.505612552166,0.508350014687,0
2025-11-15 14:00:00+00:00,0.508344113827,0.509122788906,0.507132291794,0.507916271687,0
2025-11-15 15:00:00+00:00,0.507915437222,0.508452892303,0.50699698925,0.507579028606,0
2025-11-15 16:00:00+00:00,0.507495343685,0.507495343685,0.50283241272,0.506370961666,0
2025-11-15 17:00:00+00:00,0.506390035152,0.509715914726,0.506390035152,0.509715914726,0
2025-11-15 18:00:00+00:00,0.509707987309,0.509873270988,0.508108735085,0.508108735085,0
2025-11-15 19:00:00+00:00,0.508194327354,0.509241461754,0.507132470608,0.507598698139,0
2025-11-15 20:00:00+00:00,0.507594525814,0.507594525814,0.503138184547,0.503156840801,0
2025-11-15 21:00:00+00:00,0.503173351288,0.505362033844,0.499660968781,0.499795019627,0
2025-11-15 22:00:00+00:00,0.499864369631,0.503784120083,0.499822795391,0.503784120083,0
2025-11-15 23:00:00+00:00,0.503796696663,0.504643678665,0.503378391266,0.503404200077,0
2025-11-16 00:00:00+00:00,0.503406524658,0.503545045853,0.49815556407,0.501869618893,0
2025-11-16 01:00:00+00:00,0.501774847507,0.501774847507,0.49445310235,0.498389065266,5467904
2025-11-16 02:00:00+00:00,0.498355269432,0.503868818283,0.498039394617,0.503867089748,25754688
2025-11-16 03:00:00+00:00,0.50397080183,0.504848837852,0.503010511398,0.503421604633,0
2025-11-16 04:00:00+00:00,0.503456890583,0.503858268261,0.500167429447,0.501277804375,0
2025-11-16 05:00:00+00:00,0.501517176628,0.504913151264,0.501517176628,0.502553641796,0
2025-11-16 06:00:00+00:00,0.501864016056,0.503159999847,0.501864016056,0.502155542374,0
2025-11-16 07:00:00+00:00,0.501635849476,0.504300355911,0.501313388348,0.504300355911,0
2025-11-16 08:00:00+00:00,0.50435590744,0.504460036755,0.502746164799,0.503596007824,0
2025-11-16 09:00:00+00:00,0.50357657671,0.507474720478,0.50294816494,0.507474720478,0
2025-11-16 10:00:00+00:00,0.507577836514,0.508361518383,0.506795823574,0.50680321455,2953856
2025-11-16 11:00:00+00:00,0.50678306818,0.506790697575,0.49701026082,0.4972653687,28276800
2025-11-16 12:00:00+00:00,0.497193932533,0.499081224203,0.495791196823,0.497898131609,21626816
2025-11-16 13:00:00+00:00,0.497937232256,0.497937232256,0.490304380655,0.490909129381,24393344
2025-11-16 14:00:00+00:00,0.49090141058,0.495308429003,0.49090141058,0.494930714369,4262464
2025-11-16 15:00:00+00:00,0.494914412498,0.494914412498,0.485357612371,0.485357612371,26740416
2025-11-16 16:00:00+00:00,0.485004216433,0.486479729414,0.47862264514,0.47862264514,74410304
2025-11-16 17:00:00+00:00,0.478663921356,0.479125589132,0.477295070887,0.477408260107,37102656
2025-11-16 18:00:00+00:00,0.47826564312,0.48855432868,0.47826564312,0.480308651924,58238144
2025-11-16 19:00:00+00:00,0.480360090733,0.486728072166,0.480360090733,0.481671690941,23668864
2025-11-16 20:00:00+00:00,0.48152038455,0.485285758972,0.481241881847,0.482426136732,5658048
2025-11-16 21:00:00+00:00,0.482395410538,0.482395410538,0.477374970913,0.479169726372,19871040
2025-11-16 22:00:00+00:00,0.479232788086,0.484879910946,0.476853519678,0.483737707138,54803584
2025-11-16 23:00:00+00:00,0.483542174101,0.485884845257,0.476099610329,0.48489522934,73474496
2025-11-17 00:00:00+00:00,0.484812885523,0.49068069458,0.480962872505,0.49068069458,47328512
2025-11-17 01:00:00+00:00,0.490545332432,0.491482913494,0.48742389679,0.48742389679,3328768
2025-11-17 02:00:00+00:00,0.487359344959,0.490272223949,0.486977368593,0.489540725946,11699968
2025-11-17 03:00:00+00:00,0.489557415247,0.493192613125,0.489557415247,0.492877542973,14922496
2025-11-17 04:00:00+00:00,0.492877274752,0.494099617004,0.492296427488,0.492350369692,8948608
2025-11-17 05:00:00+00:00,0.49230542779,0.492368876934,0.49102088809,0.491691112518,1770624
2025-11-17 06:00:00+00:00,0.491381019354,0.493790358305,0.490935474634,0.493790358305,5852288
2025-11-17 07:00:00+00:00,0.493769139051,0.496660590172,0.493769139051,0.49555888772,18168832
2025-11-17 08:00:00+00:00,0.495558679104,0.496423989534,0.493275731802,0.493423134089,10280576
2025-11-17 09:00:00+00:00,0.493419677019,0.494179308414,0.49206289649,0.493708193302,10280320
2025-11-17 10:00:00+00:00,0.493653863668,0.495396822691,0.493653863668,0.494608461857,0
2025-11-17 11:00:00+00:00,0.494604676962,0.497162282467,0.494502902031,0.494957655668,0
2025-11-17 12:00:00+00:00,0.494973212481,0.494995415211,0.492817610502,0.493036389351,0
2025-11-17 13:00:00+00:00,0.493026971817,0.493057608604,0.476888358593,0.476930081844,19988992
2025-11-17 14:00:00+00:00,0.476761311293,0.492468863726,0.474907934666,0.487233877182,95182592
2025-11-17 15:00:00+00:00,0.487248986959,0.488508760929,0.475759387016,0.475790917873,16876800
2025-11-17 16:00:00+00:00,0.475562095642,0.481442242861,0.470240920782,0.48141130805,0
2025-11-17 17:00:00+00:00,0.48240801692,0.48240801692,0.470044434071,0.470179349184,0
2025-11-17 18:00:00+00:00,0.470077991486,0.472044736147,0.46591758728,0.467441141605,0
2025-11-17 19:00:00+00:00,0.467184662819,0.467267245054,0.460812062025,0.46102887392,38326528
2025-11-17 20:00:00+00:00,0.460876107216,0.461821913719,0.458145111799,0.461574316025,47338368
2025-11-17 21:00:00+00:00,0.461510956287,0.462913542986,0.458528250456,0.460330069065,1428864
2025-11-17 22:00:00+00:00,0.46051299572,0.464999824762,0.459744125605,0.464126348495,0
2025-11-17 23:00:00+00:00,0.464062899351,0.465530186892,0.462363064289,0.465530186892,47872
2025-11-18 00:00:00+00:00,0.465517520905,0.465517520905,0.458910226822,0.464457035065,0
2025-11-18 01:00:00+00:00,0.464575469494,0.466874241829,0.463207691908,0.463207691908,0
2025-11-18 02:00:00+00:00,0.46332654357,0.467782706022,0.459496349096,0.462866216898,22260608
2025-11-18 03:00:00+00:00,0.462755233049,0.468578904867,0.459080636501,0.46756246686,50800128
2025-11-18 04:00:00+00:00,0.467799037695,0.468061715364,0.461628735065,0.463638871908,28366976
2025-11-18 05:00:00+00:00,0.46445325017,0.468931287527,0.463868558407,0.466244846582,25682816
2025-11-18 06:00:00+00:00,0.466229349375,0.466229349375,0.45994451642,0.46050158143,21018112
2025-11-18 07:00:00+00:00,0.460493952036,0.464930415154,0.459342390299,0.464083373547,17946752
2025-11-18 08:00:00+00:00,0.464185833931,0.469878017902,0.464185833931,0.469005763531,25384448
2025-11-18 09:00:00+00:00,0.469005763531,0.469416022301,0.465090543032,0.468032240868,17156736
2025-11-18 10:00:00+00:00,0.468045830727,0.468925863504,0.466872990131,0.46891617775,13199360
2025-11-18 11:00:00+00:00,0.468957781792,0.469395428896,0.467773407698,0.468453288078,0
2025-11-18 12:00:00+00:00,0.468495607376,0.469426453114,0.466522246599,0.467622429132,0
2025-11-18 13:00:00+00:00,0.46803176403,0.468133509159,0.46197360754,0.464071631432,0
2025-11-18 14:00:00+00:00,0.464018017054,0.467702567577,0.462155461311,0.46398499608,14511360
2025-11-18 15:00:00+00:00,0.462840020657,0.475245386362,0.461913138628,0.474052906036,19579904
2025-11-18 16:00:00+00:00,0.474047362804,0.481207877398,0.472844690084,0.47933280468,7942144
2025-11-18 17:00:00+00:00,0.479384869337,0.480158597231,0.474837690592,0.476027220488,0
2025-11-18 18:00:00+00:00,0.476135790348,0.48015204072,0.476135790348,0.479228764772,0
2025-11-18 19:00:00+00:00,0.479242235422,0.479906380177,0.477595239878,0.477595239878,0
2025-11-18 20:00:00+00:00,0.478277951479,0.479525893927,0.478071957827,0.478479623795,0
2025-11-18 21:00:00+00:00,0.478414595127,0.478414595127,0.47206145525,0.47206145525,0
2025-11-18 22:00:00+00:00,0.471859008074,0.479550033808,0.471859008074,0.478569954634,0
2025-11-18 23:00:00+00:00,0.478570789099,0.478570789099,0.474249452353,0.47497177124,0
2025-11-19 00:00:00+00:00,0.474950283766,0.474986821413,0.470359474421,0.474171161652,0
2025-11-19 01:00:00+00:00,0.473896294832,0.474032819271,0.470920562744,0.471971839666,828672
2025-11-19 02:00:00+00:00,0.472907245159,0.476159185171,0.472677975893,0.475319951773,0
2025-11-19 03:00:00+00:00,0.474706292152,0.474762231112,0.469432622194,0.469536840916,0
2025-11-19 04:00:00+00:00,0.469503849745,0.469503849745,0.466354072094,0.466861575842,0
2025-11-19 05:00:00+00:00,0.466630667448,0.466630667448,0.454505383968,0.455910176039,0
2025-11-19 06:00:00+00:00,0.45609164238,0.461423635483,0.45609164238,0.461419284344,4444416
2025-11-19 07:00:00+00:00,0.461485743523,0.46802175045,0.46148237586,0.467849820852,0
2025-11-19 08:00:00+00:00,0.467873305082,0.469043940306,0.466420441866,0.466420441866,0
2025-11-19 09:00:00+00:00,0.466389983892,0.46649029851,0.464176118374,0.466443270445,0
2025-11-19 10:00:00+00:00,0.466465324163,0.469101786613,0.466362893581,0.46651506424,0
2025-11-19 11:00:00+00:00,0.466299146414,0.467263549566,0.465690404177,0.465690404177,0
2025-11-19 12:00:00+00:00,0.465549021959,0.469040811062,0.465549021959,0.469040811062,0
2025-11-19 13:00:00+00:00,0.469241172075,0.469241172075,0.465267837048,0.465295910835,0
2025-11-19 14:00:00+00:00,0.465228646994,0.465228646994,0.46200978756,0.464121431112,0
2025-11-19 15:00:00+00:00,0.465237885714,0.47086378932,0.456927657127,0.456927657127,0
2025-11-19 16:00:00+00:00,0.456546097994,0.458116918802,0.449656009674,0.449656009674,140160
2025-11-19 17:00:00+00:00,0.449714154005,0.450052559376,0.442052066326,0.44502645731,38144768
2025-11-19 18:00:00+00:00,0.445164233446,0.446713089943,0.438987404108,0.440200686455,19231808
2025-11-19 19:00:00+00:00,0.440308362246,0.441903412342,0.439135074615,0.441903412342,18556352
2025-11-19 20:00:00+00:00,0.441321223974,0.449133574963,0.440814852715,0.449133574963,23052864
2025-11-19 21:00:00+00:00,0.449366509914,0.459664702415,0.44930049777,0.459664702415,55468864
2025-11-19 22:00:00+00:00,0.459590792656,0.459590792656,0.455537587404,0.457271426916,11205504
2025-11-19 23:00:00+00:00,0.45728585124,0.463388383389,0.45728585124,0.463209480047,15364416
2025-11-20 00:00:00+00:00,0.463405519724,0.464988052845,0.461719632149,0.462641716003,0
2025-11-20 01:00:00+00:00,0.462564021349,0.466610372066,0.462538033724,0.466108888388,0
2025-11-20 02:00:00+00:00,0.465924233198,0.467970103025,0.465924233198,0.467937529087,7297024
2025-11-20 03:00:00+00:00,0.467921197414,0.467926412821,0.466240137815,0.466601163149,0
2025-11-20 04:00:00+00:00,0.46660515666,0.466760516167,0.464299738407,0.466649502516,4245824
2025-11-20 05:00:00+00:00,0.466946542263,0.469075709581,0.466095745564,0.466800361872,0
2025-11-20 06:00:00+00:00,0.466868072748,0.46776458621,0.464224934578,0.464611887932,0
2025-11-20 07:00:00+00:00,0.465233057737,0.469941347837,0.465194046497,0.469941347837,1578752
2025-11-20 08:00:00+00:00,0.469915449619,0.469915449619,0.467994213104,0.468355238438,0
2025-11-20 09:00:00+00:00,0.468606621027,0.468606621027,0.466173529625,0.466349512339,0
2025-11-20 10:00:00+00:00,0.466294139624,0.466318666935,0.464645236731,0.465246379375,0
2025-11-20 11:00:00+00:00,0.465397238731,0.4659473598,0.464316606522,0.465588092804,0
2025-11-20 12:00:00+00:00,0.465569555759,0.469550997019,0.464790821075,0.469496816397,5447616
2025-11-20 13:00:00+00:00,0.469507753849,0.469507753849,0.465836256742,0.466212242842,17005056
2025-11-20 14:00:00+00:00,0.466137617826,0.466212928295,0.460703670979,0.465114235878,15019776
2025-11-20 15:00:00+00:00,0.465067833662,0.465067833662,0.457539379597,0.457539379597,0
2025-11-20 16:00:00+00:00,0.457114547491,0.457114547491,0.437935560942,0.437935560942,40260544
2025-11-20 17:00:00+00:00,0.43804693222,0.438827931881,0.431397795677,0.432964295149,26597952
2025-11-20 18:00:00+00:00,0.432433247566,0.436152279377,0.430748820305,0.430748820305,0
2025-11-20 19:00:00+00:00,0.430787831545,0.434596955776,0.429770469666,0.434596955776,11726336
2025-11-20 20:00:00+00:00,0.43455812335,0.435116171837,0.431481957436,0.433924823999,0
2025-11-20 21:00:00+00:00,0.433830589056,0.440490156412,0.433830589056,0.439387530088,0
2025-11-20 22:00:00+00:00,0.438495755196,0.443807214499,0.43847066164,0.442107647657,0
2025-11-20 23:00:00+00:00,0.442125499249,0.442221730947,0.432604670525,0.432604670525,1522944
2025-11-21 00:00:00+00:00,0.432273834944,0.436146765947,0.431952983141,0.435734719038,3825856
2025-11-21 01:00:00+00:00,0.435944467783,0.438017189503,0.435179263353,0.435179263353,4771520
2025-11-21 02:00:00+00:00,0.434832066298,0.434866845608,0.42811948061,0.42811948061,23328512
2025-11-21 03:00:00+00:00,0.428174525499,0.43230175972,0.427464991808,0.430863022804,55306816
2025-11-21 04:00:00+00:00,0.430316954851,0.430387318134,0.424447178841,0.427517563105,41025920
2025-11-21 05:00:00+00:00,0.427581220865,0.427620351315,0.423549771309,0.423575520515,46132608
2025-11-21 06:00:00+00:00,0.423603624105,0.42395222187,0.420420348644,0.421473413706,28146048
2025-11-21 07:00:00+00:00,0.42105448246,0.421134501696,0.407712936401,0.408275365829,190475520
2025-11-21 08:00:00+00:00,0.408318430185,0.416319012642,0.408318430185,0.412370294333,108140544
2025-11-21 09:00:00+00:00,0.41229403019,0.413190275431,0.402670830488,0.403086572886,59948800
2025-11-21 10:00:00+00:00,0.402457118034,0.405172467232,0.401562958956,0.403429538012,67417216
2025-11-21 11:00:00+00:00,0.40341475606,0.406065225601,0.398922950029,0.398922950029,35680000
2025-11-21 12:00:00+00:00,0.398877203465,0.406030833721,0.391341984272,0.404701799154,120206208
2025-11-21 13:00:00+00:00,0.404650300741,0.406735360622,0.402160853148,0.40631327033,18239616
2025-11-21 14:00:00+00:00,0.406227022409,0.41265720129,0.404604554176,0.41157194972,17793280
2025-11-21 15:00:00+00:00,0.41129437089,0.41129437089,0.401195138693,0.401361882687,23845632
2025-11-21 16:00:00+00:00,0.401151925325,0.410850673914,0.398312211037,0.410850673914,0
2025-11-21 17:00:00+00:00,0.411276519299,0.416290789843,0.411222815514,0.414107263088,0
2025-11-21 18:00:00+00:00,0.413389503956,0.414688318968,0.405894011259,0.413640290499,10436352
2025-11-21 19:00:00+00:00,0.413685500622,0.413688212633,0.408583849669,0.408810973167,0
2025-11-21 20:00:00+00:00,0.409132540226,0.409612864256,0.402997910976,0.406194061041,0
2025-11-21 21:00:00+00:00,0.406233996153,0.413254827261,0.40521505475,0.412425756454,8354304
2025-11-21 22:00:00+00:00,0.412399291992,0.412960380316,0.401293158531,0.401493638754,0
2025-11-21 23:00:00+00:00,0.400297999382,0.409577250481,0.399426043034,0.409338116646,0
2025-11-22 00:00:00+00:00,0.409173160791,0.410200834274,0.406760215759,0.408099532127,0
2025-11-22 01:00:00+00:00,0.408290684223,0.411705881357,0.408290684223,0.410916566849,0
2025-11-22 02:00:00+00:00,0.4112868011,0.411424696445,0.406344592571,0.406461417675,0
2025-11-22 03:00:00+00:00,0.406582355499,0.408148437738,0.406273394823,0.406602144241,0
2025-11-22 04:00:00+00:00,0.406971752644,0.406971752644,0.399339795113,0.401892989874,0
2025-11-22 05:00:00+00:00,0.402015835047,0.403340786695,0.398746281862,0.40066754818,0
2025-11-22 06:00:00+00:00,0.400638431311,0.405632287264,0.399770945311,0.405557572842,0
2025-11-22 07:00:00+00:00,0.405400067568,0.405532449484,0.404016494751,0.405520170927,0
2025-11-22 08:00:00+00:00,0.405558913946,0.405558913946,0.398378223181,0.398378223181,0
2025-11-22 09:00:00+00:00,0.398190110922,0.401151508093,0.397330224514,0.399977833033,0
2025-11-22 10:00:00+00:00,0.400018036366,0.401513874531,0.397597908974,0.397626757622,0
2025-11-22 11:00:00+00:00,0.398084044456,0.402598023415,0.398084044456,0.402214556932,0
2025-11-22 12:00:00+00:00,0.401860952377,0.401860952377,0.396887719631,0.396887719631,0
2025-11-22 13:00:00+00:00,0.396823734045,0.396823734045,0.391696691513,0.392946869135,0
2025-11-22 14:00:00+00:00,0.393380433321,0.398584276438,0.393380433321,0.398308098316,0
2025-11-22 15:00:00+00:00,0.398295402527,0.399962335825,0.396396070719,0.397348493338,0
2025-11-22 16:00:00+00:00,0.397579848766,0.402427345514,0.397448629141,0.401799410582,0
2025-11-22 17:00:00+00:00,0.40181311965,0.402079194784,0.399977236986,0.399977236986,0
2025-11-22 18:00:00+00:00,0.400306820869,0.402433484793,0.399860799313,0.402141153812,0
2025-11-22 19:00:00+00:00,0.402202606201,0.403804957867,0.400307536125,0.401825755835,0
2025-11-22 20:00:00+00:00,0.401528865099,0.402902245522,0.399963021278,0.400098502636,0
2025-11-22 21:00:00+00:00,0.400346726179,0.401354342699,0.400292664766,0.401118338108,0
2025-11-22 22:00:00+00:00,0.401125520468,0.408878833055,0.400511533022,0.408878833055,0
2025-11-22 23:00:00+00:00,0.408511221409,0.408511221409,0.404608607292,0.404608607292,0
2025-11-23 00:00:00+00:00,0.404543578625,0.405338823795,0.402095407248,0.40258961916,0
2025-11-23 01:00:00+00:00,0.402656316757,0.407956510782,0.402656316757,0.407657593489,6896896
2025-11-23 02:00:00+00:00,0.40762886405,0.410797536373,0.407331615686,0.409521579742,9754944
2025-11-23 03:00:00+00:00,0.409546047449,0.410174638033,0.408609479666,0.410174638033,329152
2025-11-23 04:00:00+00:00,0.410248726606,0.413901627064,0.410248726606,0.41340893507,9050560
2025-11-23 05:00:00+00:00,0.413342952728,0.413342952728,0.410666078329,0.412267267704,0
2025-11-23 06:00:00+00:00,0.41228184104,0.413046449423,0.410228967667,0.410386830568,0
2025-11-23 07:00:00+00:00,0.410394579172,0.410461962223,0.406845748425,0.408368080854,14298688
2025-11-23 08:00:00+00:00,0.408383011818,0.410926103592,0.408383011818,0.410926103592,0
2025-11-23 09:00:00+00:00,0.411396682262,0.412554740906,0.411175251007,0.411830335855,0
2025-11-23 10:00:00+00:00,0.411858737469,0.411941051483,0.409133791924,0.409424245358,15763520
2025-11-23 11:00:00+00:00,0.409290760756,0.409290760756,0.407021552324,0.4090308249,0
2025-11-23 12:00:00+00:00,0.409125357866,0.414033770561,0.409125357866,0.412914097309,24113984
2025-11-23 13:00:00+00:00,0.412980258465,0.415199637413,0.411987811327,0.415199637413,0
2025-11-23 14:00:00+00:00,0.415336728096,0.416971713305,0.411713510752,0.411713510752,0
2025-11-23 15:00:00+00:00,0.411748111248,0.416817188263,0.411748111248,0.416817188263,0
2025-11-23 16:00:00+00:00,0.416703730822,0.41766500473,0.415255218744,0.415689617395,1547712
2025-11-23 17:00:00+00:00,0.41526183486,0.41526183486,0.409549951553,0.409549951553,19295232
2025-11-23 18:00:00+00:00,0.409596860409,0.412623882294,0.409596860409,0.410441070795,19685696
2025-11-23 19:00:00+00:00,0.410433441401,0.414100646973,0.410433441401,0.413894057274,12238592
2025-11-23 20:00:00+00:00,0.413855105639,0.414489775896,0.413229972124,0.414134711027,5708416
2025-11-23 21:00:00+00:00,0.414087623358,0.41630795598,0.412769109011,0.41630795598,10035456
2025-11-23 22:00:00+00:00,0.416333317757,0.41637635231,0.41403439641,0.414925664663,1375936
2025-11-23 23:00:00+00:00,0.414964556694,0.415211677551,0.408570289612,0.408598095179,4048704
2025-11-24 00:00:00+00:00,0.408508062363,0.410036712885,0.405761361122,0.408970713615,7541760
2025-11-24 01:00:00+00:00,0.408824294806,0.41032320261,0.406195223331,0.41032320261,0
2025-11-24 02:00:00+00:00,0.410298317671,0.417948335409,0.410298317671,0.415356397629,23225536
2025-11-24 03:00:00+00:00,0.415403395891,0.418021708727,0.415074914694,0.416325390339,4801664
2025-11-24 04:00:00+00:00,0.416383653879,0.417201906443,0.40974983573,0.411000072956,0
2025-11-24 05:00:00+00:00,0.411013007164,0.420600503683,0.410939723253,0.417828917503,21124608
2025-11-24 06:00:00+00:00,0.417860507965,0.418189972639,0.412462621927,0.41301804781,9207424
2025-11-24 07:00:00+00:00,0.413601696491,0.414535671473,0.411961317062,0.413748145103,0
2025-11-24 08:00:00+00:00,0.413605242968,0.413605242968,0.411258995533,0.412577867508,3148224
2025-11-24 09:00:00+00:00,0.412570118904,0.412570118904,0.406174004078,0.406174004078,10594048
2025-11-24 10:00:00+00:00,0.40575543046,0.407355040312,0.40575543046,0.407355040312,0
2025-11-24 11:00:00+00:00,0.407453089952,0.408575773239,0.406716167927,0.408185958862,0
2025-11-24 12:00:00+00:00,0.408160299063,0.408160299063,0.405285179615,0.405608743429,0
2025-11-24 13:00:00+00:00,0.405675202608,0.410893976688,0.405675202608,0.409254997969,9762752
2025-11-24 14:00:00+00:00,0.408249795437,0.41100692749,0.404729127884,0.406406193972,19694208
2025-11-24 15:00:00+00:00,0.407498002052,0.413640111685,0.407498002052,0.412453681231,24607552
2025-11-24 16:00:00+00:00,0.412689298391,0.416840702295,0.412643104792,0.41465562582,15748352
2025-11-24 17:00:00+00:00,0.415217190981,0.426449775696,0.415217190981,0.426449775696,32980352
2025-11-24 18:00:00+00:00,0.428281515837,0.429083257914,0.427306175232,0.428472787142,28094016
2025-11-24 19:00:00+00:00,0.428472787142,0.429448902607,0.427121907473,0.427244901657,7965440
2025-11-24 20:00:00+00:00,0.427244603634,0.433587998152,0.427244603634,0.433029085398,24485056
2025-11-24 21:00:00+00:00,0.432964622974,0.432964622974,0.428276538849,0.428394764662,4166528
2025-11-24 22:00:00+00:00,0.428590357304,0.430612683296,0.428590357304,0.429439425468,0
2025-11-24 23:00:00+00:00,0.429390400648,0.429461628199,0.427776932716,0.427842527628,80512
2025-11-25 00:00:00+00:00,0.427842259407,0.428598970175,0.42580729723,0.4280154109,0
2025-11-25 01:00:00+00:00,0.427728921175,0.42811447382,0.425139129162,0.425139129162,0
2025-11-25 02:00:00+00:00,0.425048053265,0.425751119852,0.422496944666,0.425751119852,0
2025-11-25 03:00:00+00:00,0.425865918398,0.426268488169,0.423500478268,0.423857480288,0
2025-11-25 04:00:00+00:00,0.423898458481,0.426964014769,0.423898458481,0.426719337702,0
2025-11-25 05:00:00+00:00,0.426324695349,0.426342993975,0.423891633749,0.423891633749,0
2025-11-25 06:00:00+00:00,0.423866659403,0.423866659403,0.420878916979,0.421727657318,0
2025-11-25 07:00:00+00:00,0.421650052071,0.421744674444,0.41930782795,0.41930782795,0
2025-11-25 08:00:00+00:00,0.419254034758,0.419254034758,0.415723502636,0.415723502636,4539968
2025-11-25 09:00:00+00:00,0.415446102619,0.416204571724,0.41369459033,0.416204571724,0
2025-11-25 10:00:00+00:00,0.416212201118,0.416944533587,0.414464771748,0.416944533587,0
2025-11-25 11:00:00+00:00,0.416917204857,0.416917204857,0.414718687534,0.415149152279,5274112
2025-11-25 12:00:00+00:00,0.415076255798,0.416272252798,0.414339631796,0.416272252798,1664000
2025-11-25 13:00:00+00:00,0.416005939245,0.416593462229,0.41148146987,0.41148146987,3372928
2025-11-25 14:00:00+00:00,0.411677420139,0.413013935089,0.406560122967,0.407588213682,0
2025-11-25 15:00:00+00:00,0.40789681673,0.412174582481,0.405882745981,0.410708010197,0
2025-11-25 16:00:00+00:00,0.410782635212,0.416958093643,0.410782635212,0.415494114161,0
2025-11-25 17:00:00+00:00,0.415373682976,0.419675439596,0.414811998606,0.41880556941,0
2025-11-25 18:00:00+00:00,0.418076992035,0.420415133238,0.417843699455,0.417845726013,0
2025-11-25 19:00:00+00:00,0.417722046375,0.417722046375,0.411448389292,0.416725188494,1323968
2025-11-25 20:00:00+00:00,0.41700682044,0.421010345221,0.41700682044,0.420551925898,0
2025-11-25 21:00:00+00:00,0.420148462057,0.420211821795,0.418358534575,0.418784976006,0
2025-11-25 22:00:00+00:00,0.418396830559,0.42012861371,0.414558410645,0.42012861371,5879872
2025-11-25 23:00:00+00:00,0.420474350452,0.425434023142,0.420474350452,0.421616971493,14803584
2025-11-26 00:00:00+00:00,0.421901315451,0.423326998949,0.421715408564,0.422575861216,0
2025-11-26 01:00:00+00:00,0.422477245331,0.42679977417,0.421637922525,0.425717145205,0
2025-11-26 02:00:00+00:00,0.42599979043,0.427817225456,0.424150794744,0.424291461706,0
2025-11-26 03:00:00+00:00,0.424222499132,0.424833953381,0.421214908361,0.421214908361,0
2025-11-26 04:00:00+00:00,0.420986205339,0.421172171831,0.419306606054,0.419858247042,2051904
2025-11-26 05:00:00+00:00,0.419826358557,0.422686129808,0.419614970684,0.42237085104,26869888
2025-11-26 06:00:00+00:00,0.422354638577,0.423560321331,0.420272558928,0.423560321331,0
2025-11-26 07:00:00+00:00,0.423211038113,0.42425096035,0.422995269299,0.42425096035,0
2025-11-26 08:00:00+00:00,0.424293249846,0.42445024848,0.420660614967,0.420660614967,0
2025-11-26 09:00:00+00:00,0.420653581619,0.420653581619,0.417011260986,0.417011260986,0
2025-11-26 10:00:00+00:00,0.41711512208,0.418101459742,0.41615948081,0.417723804712,1456128
2025-11-26 11:00:00+00:00,0.417721956968,0.417721956968,0.414812833071,0.415109455585,0
2025-11-26 12:00:00+00:00,0.41512170434,0.41519215703,0.412163436413,0.413990229368,0
2025-11-26 13:00:00+00:00,0.413978368044,0.416160464287,0.413391470909,0.416023135185,0
2025-11-26 14:00:00+00:00,0.416182011366,0.416209429502,0.413850516081,0.413850516081,0
2025-11-26 15:00:00+00:00,0.413685917854,0.414728820324,0.411699473858,0.411813348532,0
2025-11-26 16:00:00+00:00,0.412002205849,0.419414311647,0.412002205849,0.418527156115,1104704
2025-11-26 17:00:00+00:00,0.418525844812,0.430640935898,0.418525844812,0.430632829666,17864192
2025-11-26 18:00:00+00:00,0.430687904358,0.435216993093,0.430687904358,0.43429979682,26209088
2025-11-26 19:00:00+00:00,0.434352219105,0.434652894735,0.433512330055,0.434145122766,0
2025-11-26 20:00:00+00:00,0.434027522802,0.434750109911,0.432823836803,0.434246480465,0
2025-11-26 21:00:00+00:00,0.434245079756,0.436494797468,0.432435810566,0.435432374477,3841216
2025-11-26 22:00:00+00:00,0.435167044401,0.43617990613,0.43431982398,0.434977650642,0
2025-11-26 23:00:00+00:00,0.434924602509,0.435839235783,0.434924602509,0.435621976852,3840
2025-11-27 00:00:00+00:00,0.435647010803,0.436490833759,0.433773994446,0.436490833759,11254912
2025-11-27 01:00:00+00:00,0.436377823353,0.437360525131,0.435363650322,0.43670040369,1142976
2025-11-27 02:00:00+00:00,0.437116533518,0.438441693783,0.435814619064,0.435814619064,7070016
2025-11-27 03:00:00+00:00,0.435828179121,0.436114907265,0.43295404315,0.43324816227,9108736
2025-11-27 04:00:00+00:00,0.433223366737,0.434273153543,0.432922959328,0.433704763651,0
2025-11-27 05:00:00+00:00,0.433529227972,0.434438109398,0.430779576302,0.430779576302,4222272
2025-11-27 06:00:00+00:00,0.430871784687,0.434522390366,0.430820345879,0.434468746185,5181696
2025-11-27 07:00:00+00:00,0.434456706047,0.435062527657,0.433204978704,0.433717608452,4431424
2025-11-27 08:00:00+00:00,0.433781564236,0.433836102486,0.432023793459,0.433836102486,1373760
2025-11-27 09:00:00+00:00,0.433933824301,0.436364620924,0.433334857225,0.433334857225,0
2025-11-27 10:00:00+00:00,0.433341383934,0.433582037687,0.431257873774,0.431505709887,0
2025-11-27 11:00:00+00:00,0.431512027979,0.431512027979,0.429357647896,0.430579960346,2130560
2025-11-27 12:00:00+00:00,0.43056178093,0.43056178093,0.427251189947,0.427251189947,0
2025-11-27 13:00:00+00:00,0.427273631096,0.428560256958,0.427258044481,0.428392291069,3917120
2025-11-27 14:00:00+00:00,0.42837318778,0.429558247328,0.427774071693,0.429558247328,0
2025-11-27 15:00:00+00:00,0.429426491261,0.433173626661,0.428876519203,0.433173626661,0
2025-11-27 16:00:00+00:00,0.43308916688,0.435859322548,0.432076662779,0.434129297733,0
2025-11-27 17:00:00+00:00,0.434071838856,0.434071838856,0.431039392948,0.432483494282,0
2025-11-27 18:00:00+00:00,0.432328253984,0.436864197254,0.432102024555,0.436532735825,0
2025-11-27 19:00:00+00:00,0.436557143927,0.436557143927,0.434884428978,0.435719281435,0
2025-11-27 20:00:00+00:00,0.435824811459,0.437293380499,0.435803174973,0.437205612659,0
2025-11-27 21:00:00+00:00,0.436919569969,0.437972187996,0.436308890581,0.436308890581,0
2025-11-27 22:00:00+00:00,0.436189830303,0.436228603125,0.432450473309,0.432505220175,0
2025-11-27 23:00:00+00:00,0.4324824512,0.434272646904,0.4324824512,0.43367934227,79392
2025-11-28 00:00:00+00:00,0.433512657881,0.433564633131,0.43053239584,0.43053239584,0
2025-11-28 01:00:00+00:00,0.430502325296,0.430502325296,0.423215597868,0.423215597868,8409984
2025-11-28 02:00:00+00:00,0.423215061426,0.424798548222,0.422740459442,0.424798548222,0
2025-11-28 03:00:00+00:00,0.424739360809,0.426215678453,0.424154430628,0.426215678453,0
2025-11-28 04:00:00+00:00,0.426113337278,0.42646625638,0.425463974476,0.425564944744,0
2025-11-28 05:00:00+00:00,0.42554923892,0.427405148745,0.4246288836,0.427115350962,575936
2025-11-28 06:00:00+00:00,0.42708286643,0.42708286643,0.423271566629,0.424716949463,0
2025-11-28 07:00:00+00:00,0.424672931433,0.42725789547,0.42432230711,0.42432230711,0
2025-11-28 08:00:00+00:00,0.424338698387,0.434285491705,0.424336820841,0.433918148279,19430176
2025-11-28 09:00:00+00:00,0.434980809689,0.435240536928,0.432476222515,0.432538956404,11417504
2025-11-28 10:00:00+00:00,0.432541280985,0.432704508305,0.431598633528,0.432175844908,0
2025-11-28 11:00:00+00:00,0.432155221701,0.432155221701,0.425580322742,0.425966084003,5206912
2025-11-28 12:00:00+00:00,0.425976455212,0.426320821047,0.424337148666,0.424559026957,8633088
2025-11-28 13:00:00+00:00,0.424406975508,0.429614245892,0.423572123051,0.429111212492,9517952
2025-11-28 14:00:00+00:00,0.429759472609,0.432471722364,0.42821803689,0.428776621819,36206624
2025-11-28 15:00:00+00:00,0.428795844316,0.432998865843,0.427847087383,0.431838721037,26508672
2025-11-28 16:00:00+00:00,0.43190035224,0.432372242212,0.42449015379,0.42449015379,12371008
2025-11-28 17:00:00+00:00,0.424458086491,0.424458086491,0.419243454933,0.420320600271,19895616
2025-11-28 18:00:00+00:00,0.419928282499,0.419928282499,0.416320800781,0.418571233749,7271296
2025-11-28 19:00:00+00:00,0.418738722801,0.422031015158,0.418738722801,0.421665042639,6275328
2025-11-28 20:00:00+00:00,0.421690970659,0.421690970659,0.419484674931,0.421253025532,1284416
2025-11-28 21:00:00+00:00,0.421353429556,0.421618461609,0.419863790274,0.419863790274,820352
2025-11-28 22:00:00+00:00,0.419767379761,0.419767379761,0.418258219957,0.418323516846,3971968
2025-11-29 19:00:00+00:00,0.414949923754,0.414949923754,0.414173573256,0.414645522833,0
2025-11-29 20:00:00+00:00,0.414733171463,0.417064338923,0.414170444012,0.417064338923,1939904
2025-11-29 21:00:00+00:00,0.417068123817,0.418237447739,0.4159091115,0.417907387018,0
2025-11-29 22:00:00+00:00,0.417370557785,0.417370557785,0.414962410927,0.415894716978,0
2025-11-29 23:00:00+00:00,0.415811747313,0.416204303503,0.414644658566,0.415421813726,0
2025-11-30 00:00:00+00:00,0.415341347456,0.416277438402,0.414824455976,0.414856821299,0
2025-11-30 01:00:00+00:00,0.414844959974,0.416586607695,0.414579182863,0.415856659412,149472
2025-11-30 02:00:00+00:00,0.415856987238,0.417478561401,0.414825409651,0.414825409651,2649984
2025-11-30 03:00:00+00:00,0.414830386639,0.419589370489,0.414465546608,0.419589370489,24543072
2025-11-30 04:00:00+00:00,0.419667869806,0.419884294271,0.417204976082,0.417544782162,0
2025-11-30 05:00:00+00:00,0.417576760054,0.417633771896,0.415835857391,0.416791141033,0
2025-11-30 06:00:00+00:00,0.416773676872,0.418622732162,0.416121691465,0.41725358367,0
2025-11-30 07:00:00+00:00,0.417249023914,0.419217646122,0.416896015406,0.418555796146,328864
2025-11-30 08:00:00+00:00,0.418554037809,0.420166045427,0.418032377958,0.418887972832,11804832
2025-11-30 09:00:00+00:00,0.418862909079,0.420291721821,0.418586790562,0.419910609722,3805056
2025-11-30 10:00:00+00:00,0.419900864363,0.42104652524,0.419017881155,0.419815629721,668256
2025-11-30 11:00:00+00:00,0.419806212187,0.41980740428,0.417668312788,0.417741477489,0
2025-11-30 12:00:00+00:00,0.417703717947,0.421816319227,0.417672544718,0.421816319227,0
2025-11-30 13:00:00+00:00,0.421928405762,0.425558060408,0.42178311944,0.425357103348,8902400
2025-11-30 14:00:00+00:00,0.425399243832,0.425891458988,0.423272520304,0.424082159996,0
2025-11-30 15:00:00+00:00,0.424221277237,0.424466639757,0.421375691891,0.422939538956,0
2025-11-30 16:00:00+00:00,0.423020511866,0.426978796721,0.423020511866,0.425493776798,2595200
2025-11-30 17:00:00+00:00,0.425401866436,0.426209151745,0.423594295979,0.425186127424,0
2025-11-30 18:00:00+00:00,0.425191342831,0.425434857607,0.42422503233,0.425319671631,0
2025-11-30 19:00:00+00:00,0.425328016281,0.425763070583,0.424382060766,0.424984872341,1454144
2025-11-30 20:00:00+00:00,0.424986809492,0.426522016525,0.423270434141,0.424432903528,0
2025-11-30 21:00:00+00:00,0.424435466528,0.424447238445,0.422829657793,0.423827379942,1502720
2025-11-30 22:00:00+00:00,0.423805862665,0.425344616175,0.423030018806,0.42360830307,0
2025-11-30 23:00:00+00:00,0.423700302839,0.424389123917,0.415893137455,0.415893137455,15658432
2025-12-01 00:00:00+00:00,0.415766596794,0.415766596794,0.391376256943,0.391376256943,132619104
2025-12-01 01:00:00+00:00,0.390763133764,0.394190102816,0.390504777431,0.390504777431,88433024
2025-12-01 02:00:00+00:00,0.390367269516,0.392010271549,0.389820218086,0.390368670225,34377792
2025-12-01 03:00:00+00:00,0.390375614166,0.390375614166,0.385463744402,0.386596858501,4927232
2025-12-01 04:00:00+00:00,0.386586666107,0.386586666107,0.384231090546,0.384231090546,12974656
2025-12-01 05:00:00+00:00,0.384225100279,0.385357171297,0.383802384138,0.384661287069,17531456
2025-12-01 06:00:00+00:00,0.384694308043,0.385466992855,0.382904201746,0.383937031031,19497664
2025-12-01 07:00:00+00:00,0.383899301291,0.388005822897,0.382265269756,0.388005822897,29210176
2025-12-01 08:00:00+00:00,0.388101786375,0.388351798058,0.387579351664,0.387963145971,2759744
2025-12-01 09:00:00+00:00,0.388005137444,0.388033866882,0.385474562645,0.385474562645,8536576
2025-12-01 10:00:00+00:00,0.38548412919,0.386285215616,0.38546448946,0.385819554329,0
2025-12-01 11:00:00+00:00,0.38584163785,0.385964393616,0.38255918026,0.382589608431,6744896
2025-12-01 12:00:00+00:00,0.382608234882,0.382658451796,0.376284182072,0.379455268383,49204288
2025-12-01 13:00:00+00:00,0.37924388051,0.380460321903,0.377925515175,0.378435581923,20927744
2025-12-01 14:00:00+00:00,0.378183066845,0.382536739111,0.37801194191,0.381355553865,24794112
2025-12-01 15:00:00+00:00,0.381154686213,0.381154686213,0.372511863708,0.376639932394,38055040
2025-12-01 16:00:00+00:00,0.376560717821,0.376560717821,0.371941536665,0.371941536665,14420096
2025-12-01 17:00:00+00:00,0.371953934431,0.375535935163,0.371953934431,0.375379323959,14696064
2025-12-01 18:00:00+00:00,0.375390678644,0.377769857645,0.375381320715,0.377547234297,15267072
2025-12-01 19:00:00+00:00,0.377485722303,0.378270566463,0.375221699476,0.376539587975,5493824
2025-12-01 20:00:00+00:00,0.376458883286,0.378752917051,0.376458883286,0.378132432699,11542976
2025-12-01 21:00:00+00:00,0.377966552973,0.382124274969,0.377905040979,0.381673634052,15257088
2025-12-01 22:00:00+00:00,0.381687253714,0.384943425655,0.381687253714,0.384610444307,11446848
2025-12-01 23:00:00+00:00,0.384478628635,0.387191265821,0.384478628635,0.385714411736,0
2025-12-02 00:00:00+00:00,0.385714411736,0.386927068233,0.385691165924,0.386927068233,0
2025-12-02 01:00:00+00:00,0.386955142021,0.388685762882,0.386561155319,0.386561155319,0
2025-12-02 02:00:00+00:00,0.386562108994,0.390230029821,0.386236995459,0.38880109787,0
2025-12-02 03:00:00+00:00,0.388813734055,0.39136493206,0.386432409286,0.391304701567,0
2025-12-02 04:00:00+00:00,0.391307026148,0.392353206873,0.391105294228,0.391641914845,0
2025-12-02 05:00:00+00:00,0.391644626856,0.391644626856,0.390159398317,0.391157865524,0
2025-12-02 06:00:00+00:00,0.391162157059,0.391845345497,0.389898538589,0.391845345497,0
2025-12-02 07:00:00+00:00,0.391816645861,0.391816645861,0.389223992825,0.389399051666,0
2025-12-02 08:00:00+00:00,0.389399051666,0.389476239681,0.386091560125,0.386091560125,0
2025-12-02 09:00:00+00:00,0.38612049818,0.388944298029,0.38612049818,0.387086629868,0
2025-12-02 10:00:00+00:00,0.387117624283,0.392674833536,0.387117624283,0.392647475004,8678848
2025-12-02 11:00:00+00:00,0.392554372549,0.394123077393,0.39110454917,0.394112288952,881792
2025-12-02 12:00:00+00:00,0.394079178572,0.395078837872,0.39373677969,0.395064562559,0
2025-12-02 13:00:00+00:00,0.39523011446,0.398615181446,0.394192069769,0.398615181446,0
2025-12-02 14:00:00+00:00,0.398432761431,0.406239032745,0.398056596518,0.406239032745,16181504
2025-12-02 15:00:00+00:00,0.406284958124,0.429733157158,0.406284958124,0.428227931261,82348352
2025-12-02 16:00:00+00:00,0.428268551826,0.431649744511,0.427423477173,0.430197179317,48774656
2025-12-02 17:00:00+00:00,0.430092394352,0.432740032673,0.429406881332,0.430159628391,20334464
2025-12-02 18:00:00+00:00,0.429595887661,0.431977659464,0.429115891457,0.429887115955,7636224
2025-12-02 19:00:00+00:00,0.430289417505,0.436081290245,0.430289417505,0.435005187988,18561088
2025-12-02 20:00:00+00:00,0.434976488352,0.436568707228,0.434135764837,0.434563368559,27799296
2025-12-02 21:00:00+00:00,0.435156702995,0.437467426062,0.435148954391,0.437467426062,5288704
2025-12-02 22:00:00+00:00,0.437437564135,0.43805167079,0.435751527548,0.4365041852,11702848
2025-12-02 23:00:00+00:00,0.436540096998,0.438019126654,0.433954030275,0.433954030275,3982912
2025-12-03 00:00:00+00:00,0.433996617794,0.434277713299,0.430496156216,0.434276580811,17570752
2025-12-03 01:00:00+00:00,0.43450564146,0.436312615871,0.433576613665,0.436001330614,3456384
2025-12-03 02:00:00+00:00,0.436073094606,0.438369065523,0.435880452394,0.438146680593,16824448
2025-12-03 03:00:00+00:00,0.438156038523,0.438233047724,0.436703324318,0.438233047724,6516864
2025-12-03 04:00:00+00:00,0.438224315643,0.439888834953,0.436694353819,0.439888834953,25853696
2025-12-03 05:00:00+00:00,0.439999043941,0.443963617086,0.439999043941,0.44203171134,21546304
2025-12-03 06:00:00+00:00,0.441858947277,0.446114599705,0.441255480051,0.444987535477,30220992
2025-12-03 07:00:00+00:00,0.44498154521,0.446093350649,0.443183302879,0.443183302879,13261952
2025-12-03 08:00:00+00:00,0.443132549524,0.445919901133,0.442303836346,0.444723308086,0
2025-12-03 09:00:00+00:00,0.444742619991,0.444861233234,0.440633714199,0.441635131836,4516928
2025-12-03 10:00:00+00:00,0.441627442837,0.441659867764,0.437957704067,0.437957704067,590592
2025-12-03 11:00:00+00:00,0.437882810831,0.437882810831,0.43660145998,0.43718791008,0
2025-12-03 12:00:00+00:00,0.437184095383,0.437227398157,0.434795022011,0.435716450214,2803392
2025-12-03 13:00:00+00:00,0.435315787792,0.436864942312,0.43522927165,0.436501085758,0
2025-12-03 14:00:00+00:00,0.436462551355,0.439399152994,0.428396314383,0.433893233538,40364288
2025-12-03 15:00:00+00:00,0.433642327785,0.43525159359,0.433096140623,0.434332966805,0
2025-12-03 16:00:00+00:00,0.43466308713,0.438864052296,0.433234333992,0.437874644995,0
2025-12-03 17:00:00+00:00,0.437901496887,0.443455845118,0.437901496887,0.443455845118,0
2025-12-03 18:00:00+00:00,0.443131566048,0.443189024925,0.441256642342,0.441559016705,0
2025-12-03 19:00:00+00:00,0.44142049551,0.444978058338,0.44142049551,0.444978058338,0
2025-12-03 20:00:00+00:00,0.445117115974,0.447843313217,0.444676727057,0.447253376245,0
2025-12-03 21:00:00+00:00,0.448976099491,0.451564759016,0.448048114777,0.451564759016,8962176
2025-12-03 22:00:00+00:00,0.453038901091,0.453038901091,0.449453562498,0.450206488371,5670848
2025-12-03 23:00:00+00:00,0.450385898352,0.452211648226,0.450385898352,0.450818270445,2528064
2025-12-04 00:00:00+00:00,0.450816482306,0.451706886292,0.448159486055,0.451005846262,0
2025-12-04 01:00:00+00:00,0.450679063797,0.454666823149,0.449157774448,0.449157774448,9308032
2025-12-04 02:00:00+00:00,0.449092119932,0.452279031277,0.448921978474,0.450603991747,0
2025-12-04 03:00:00+00:00,0.450521588326,0.450521588326,0.44825309515,0.449500739574,0
2025-12-04 04:00:00+00:00,0.449468761683,0.450255393982,0.446223288774,0.44748789072,0
2025-12-04 05:00:00+00:00,0.447697877884,0.447697877884,0.446014910936,0.447526425123,0
2025-12-04 06:00:00+00:00,0.447712600231,0.45296600461,0.447712600231,0.452062517405,0
2025-12-04 07:00:00+00:00,0.452071130276,0.452140986919,0.449933588505,0.451804667711,0
2025-12-04 08:00:00+00:00,0.451766222715,0.451909422874,0.448252141476,0.448252141476,3035584
2025-12-04 09:00:00+00:00,0.448250263929,0.450138270855,0.448250263929,0.449558258057,0
2025-12-04 10:00:00+00:00,0.44952043891,0.44952043891,0.446157515049,0.446157515049,0
2025-12-04 11:00:00+00:00,0.446158707142,0.446846336126,0.445084244013,0.446800500154,0
2025-12-04 12:00:00+00:00,0.446787744761,0.447468131781,0.444968223572,0.446933984756,0
2025-12-04 13:00:00+00:00,0.447229683399,0.44769385457,0.444718420506,0.444718420506,2971264
2025-12-04 14:00:00+00:00,0.444343596697,0.446499526501,0.441560685635,0.441560685635,0
2025-12-04 15:00:00+00:00,0.441500484943,0.449920326471,0.441500484943,0.449920326471,14742208
2025-12-04 16:00:00+00:00,0.450209915638,0.450920432806,0.446988373995,0.446988373995,907776
2025-12-04 17:00:00+00:00,0.446981668472,0.446981668472,0.443206489086,0.444797903299,0
2025-12-04 18:00:00+00:00,0.444448053837,0.446288049221,0.442317634821,0.442317634821,0
2025-12-04 19:00:00+00:00,0.442831277847,0.442831277847,0.4362667799,0.441796809435,25348096
2025-12-04 20:00:00+00:00,0.441741466522,0.443023949862,0.440324246883,0.442957639694,0
2025-12-04 21:00:00+00:00,0.442769646645,0.442782700062,0.43857088685,0.438577264547,0
2025-12-04 22:00:00+00:00,0.438570976257,0.441470742226,0.438570976257,0.441405266523,0
2025-12-04 23:00:00+00:00,0.440976887941,0.4410546422,0.439314186573,0.439452022314,0
2025-12-05 00:00:00+00:00,0.439558655024,0.441714584827,0.439558655024,0.441329181194,0
2025-12-05 01:00:00+00:00,0.441281944513,0.441837131977,0.43983399868,0.439955234528,0
2025-12-05 02:00:00+00:00,0.439324319363,0.442321062088,0.438999384642,0.441307783127,0
2025-12-05 03:00:00+00:00,0.440927147865,0.442046582699,0.439517438412,0.43989238143,0
2025-12-05 04:00:00+00:00,0.439888626337,0.441721528769,0.439238548279,0.439824521542,0
2025-12-05 05:00:00+00:00,0.439741224051,0.439741224051,0.436604619026,0.436673820019,0
2025-12-05 06:00:00+00:00,0.437029659748,0.439868509769,0.437029659748,0.439281970263,0
2025-12-05 07:00:00+00:00,0.439294576645,0.442021280527,0.439294576645,0.441623032093,0
2025-12-05 08:00:00+00:00,0.441639006138,0.441639006138,0.437652111053,0.437940120697,0
2025-12-05 09:00:00+00:00,0.437500625849,0.437505632639,0.430908411741,0.431007295847,10144384
2025-12-05 10:00:00+00:00,0.431634128094,0.43297997117,0.431634128094,0.432076364756,172288
2025-12-05 11:00:00+00:00,0.431815266609,0.431875497103,0.428998976946,0.430848270655,3163392
2025-12-05 12:00:00+00:00,0.430484622717,0.431072860956,0.430144429207,0.4307551682,1232128
2025-12-05 13:00:00+00:00,0.430404901505,0.431095689535,0.427298158407,0.427298158407,0
2025-12-05 14:00:00+00:00,0.426748305559,0.427140146494,0.42436850071,0.424941331148,504576
2025-12-05 15:00:00+00:00,0.425234556198,0.430030345917,0.425234556198,0.425971239805,0
2025-12-05 16:00:00+00:00,0.42605021596,0.42605021596,0.411533087492,0.413788050413,35891328
2025-12-05 17:00:00+00:00,0.413929998875,0.41524246335,0.413131892681,0.414922297001,11473472
2025-12-05 18:00:00+00:00,0.414750486612,0.417389571667,0.411626756191,0.411626756191,9838656
2025-12-05 19:00:00+00:00,0.411079496145,0.416298121214,0.410728216171,0.416298121214,0
2025-12-05 20:00:00+00:00,0.416811019182,0.416811019182,0.414027184248,0.414374411106,0
2025-12-05 21:00:00+00:00,0.414380759001,0.416400432587,0.414380580187,0.41439691186,0
2025-12-05 22:00:00+00:00,0.414300352335,0.416930794716,0.413693130016,0.416500747204,0
2025-12-05 23:00:00+00:00,0.416313111782,0.416492253542,0.414922982454,0.416271328926,94720
2025-12-06 00:00:00+00:00,0.415543824434,0.415543824434,0.412739187479,0.415343493223,0
2025-12-06 01:00:00+00:00,0.415628403425,0.4169511199,0.415514737368,0.416622251272,0
2025-12-06 02:00:00+00:00,0.416549891233,0.416549891233,0.414408892393,0.414555311203,0
2025-12-06 03:00:00+00:00,0.414570748806,0.417003124952,0.414570748806,0.416595339775,0
2025-12-06 04:00:00+00:00,0.416604220867,0.416604220867,0.414416670799,0.414877414703,0
2025-12-06 05:00:00+00:00,0.414840698242,0.41504752636,0.414449006319,0.414655923843,0
2025-12-06 06:00:00+00:00,0.414639115334,0.414915829897,0.412941724062,0.412941724062,0
2025-12-06 07:00:00+00:00,0.412948012352,0.413072228432,0.411585241556,0.411992937326,0
2025-12-06 08:00:00+00:00,0.411964893341,0.411964893341,0.410426288843,0.410543501377,0
2025-12-06 09:00:00+00:00,0.410517394543,0.413340836763,0.410517394543,0.413184523582,0
2025-12-06 10:00:00+00:00,0.413100510836,0.413100510836,0.411640256643,0.412087142467,0
2025-12-06 11:00:00+00:00,0.412075042725,0.415062129498,0.411923259497,0.415062129498,0
2025-12-06 12:00:00+00:00,0.414504140615,0.415141046047,0.413506299257,0.414654433727,0
2025-12-06 13:00:00+00:00,0.414653658867,0.414653658867,0.413059532642,0.413294881582,0
2025-12-06 14:00:00+00:00,0.412863820791,0.415214926004,0.412751048803,0.415214926004,0
2025-12-06 15:00:00+00:00,0.415439128876,0.415905237198,0.414343565702,0.415406316519,0
2025-12-06 16:00:00+00:00,0.415385246277,0.417803198099,0.415385246277,0.417060106993,0
2025-12-06 17:00:00+00:00,0.416954219341,0.418428272009,0.416136801243,0.418428272009,0
2025-12-06 18:00:00+00:00,0.41848090291,0.420836538076,0.418010562658,0.418824762106,0
2025-12-06 19:00:00+00:00,0.417875885963,0.417875885963,0.412862658501,0.412862658501,0
2025-12-06 20:00:00+00:00,0.412905186415,0.414770334959,0.412905186415,0.414662033319,0
2025-12-06 21:00:00+00:00,0.414628475904,0.41593682766,0.414401084185,0.414480179548,0
2025-12-06 22:00:00+00:00,0.414550602436,0.41483014822,0.413852393627,0.414276152849,0
2025-12-06 23:00:00+00:00,0.413957834244,0.413957834244,0.411812752485,0.413933098316,654816
2025-12-07 00:00:00+00:00,0.413901716471,0.416413933039,0.413872808218,0.416165322065,1876704
2025-12-07 01:00:00+00:00,0.416167676449,0.416194140911,0.41527992487,0.415663033724,0
2025-12-07 02:00:00+00:00,0.415260910988,0.417917430401,0.415260910988,0.417917430401,1899680
2025-12-07 03:00:00+00:00,0.418103635311,0.419245541096,0.417740851641,0.419245541096,0
2025-12-07 04:00:00+00:00,0.419361829758,0.419835835695,0.417672693729,0.417694300413,0
2025-12-07 05:00:00+00:00,0.417712897062,0.417922258377,0.415246814489,0.416220247746,7535712
2025-12-07 06:00:00+00:00,0.41618552804,0.41957706213,0.416087985039,0.419553369284,10584640
2025-12-07 07:00:00+00:00,0.419786095619,0.419952780008,0.417821705341,0.418329209089,7848768
2025-12-07 08:00:00+00:00,0.418230503798,0.419464766979,0.416874974966,0.41910213232,4912960
2025-12-07 09:00:00+00:00,0.418418854475,0.418673872948,0.415270388126,0.41541197896,2825504
2025-12-07 10:00:00+00:00,0.41540813446,0.41641959548,0.41540813446,0.415988206863,676128
2025-12-07 11:00:00+00:00,0.416003018618,0.416003018618,0.415334075689,0.41535165906,0
2025-12-07 12:00:00+00:00,0.415316909552,0.41834038496,0.415183097124,0.418231904507,822560
2025-12-07 13:00:00+00:00,0.418435275555,0.418893575668,0.416631519794,0.416887044907,13043456
2025-12-07 14:00:00+00:00,0.416792660952,0.416792660952,0.408334106207,0.408334106207,57555296
2025-12-07 15:00:00+00:00,0.407629519701,0.414044439793,0.407629519701,0.414044439793,19526368
2025-12-07 16:00:00+00:00,0.419358581305,0.422322660685,0.419044196606,0.421342253685,34436352
2025-12-07 17:00:00+00:00,0.422506660223,0.430262118578,0.422506660223,0.43018579483,54970176
2025-12-07 18:00:00+00:00,0.430111378431,0.434048563242,0.430111378431,0.432159215212,20400448
2025-12-07 19:00:00+00:00,0.43217548728,0.432649105787,0.430590808392,0.430698692799,0
2025-12-07 20:00:00+00:00,0.43113014102,0.432228654623,0.43113014102,0.431459754705,6202560
2025-12-07 21:00:00+00:00,0.431461930275,0.431461930275,0.419956147671,0.419956147671,12357824
2025-12-07 22:00:00+00:00,0.420343011618,0.420343011618,0.414040595293,0.415685594082,32159808
2025-12-07 23:00:00+00:00,0.415724188089,0.417119979858,0.414871573448,0.416833162308,5925440
2025-12-08 00:00:00+00:00,0.416671454906,0.417845189571,0.415804475546,0.416258633137,10124416
2025-12-08 01:00:00+00:00,0.416229367256,0.424982130527,0.416116803885,0.421915054321,15846592
2025-12-08 02:00:00+00:00,0.421901613474,0.424156457186,0.421244978905,0.424156457186,6619840
2025-12-08 03:00:00+00:00,0.424206256866,0.425418049097,0.422808080912,0.423096746206,816832
2025-12-08 04:00:00+00:00,0.423119395971,0.426430732012,0.423092663288,0.426166474819,4792576
2025-12-08 05:00:00+00:00,0.426130264997,0.426212877035,0.424492716789,0.425627946854,0
2025-12-08 06:00:00+00:00,0.4256542027,0.428971558809,0.4256542027,0.428917020559,0
2025-12-08 07:00:00+00:00,0.428184479475,0.429855376482,0.427344501019,0.428968310356,0
2025-12-08 08:00:00+00:00,0.429219633341,0.432058155537,0.428992241621,0.431492477655,4593152
2025-12-08 09:00:00+00:00,0.431752055883,0.436442255974,0.431752055883,0.434909164906,26080128
2025-12-08 10:00:00+00:00,0.434699624777,0.434936851263,0.433947473764,0.434504240751,33412288
2025-12-08 11:00:00+00:00,0.43411269784,0.43411269784,0.430802792311,0.431541860104,14408000
2025-12-08 12:00:00+00:00,0.431500583887,0.433106213808,0.430600583553,0.433106213808,6537024
2025-12-08 13:00:00+00:00,0.433164477348,0.434826791286,0.433164477348,0.434763729572,4119040
2025-12-08 14:00:00+00:00,0.434968143702,0.438583880663,0.434023082256,0.43714377284,0
2025-12-08 15:00:00+00:00,0.437070995569,0.43732085824,0.432327359915,0.436029464006,10412736
2025-12-08 16:00:00+00:00,0.435458391905,0.438555121422,0.434334874153,0.436587572098,0
2025-12-08 17:00:00+00:00,0.435865819454,0.439910978079,0.435524970293,0.437094390392,0
2025-12-08 18:00:00+00:00,0.437674880028,0.437674880028,0.432731628418,0.432731628418,0
2025-12-08 19:00:00+00:00,0.432550936937,0.435461312532,0.43225300312,0.435461312532,8224576
2025-12-08 20:00:00+00:00,0.434757918119,0.436286389828,0.434609144926,0.436286389828,4892096
2025-12-08 21:00:00+00:00,0.436342716217,0.436411172152,0.434352636337,0.436411172152,0
2025-12-08 22:00:00+00:00,0.43658053875,0.43658053875,0.433657675982,0.433657675982,0
2025-12-08 23:00:00+00:00,0.433676749468,0.433873951435,0.43076851964,0.431847125292,51264
2025-12-09 00:00:00+00:00,0.432249426842,0.433833569288,0.431400984526,0.432155698538,0
2025-12-09 01:00:00+00:00,0.432202905416,0.432202905416,0.428258776665,0.42848905921,0
2025-12-09 02:00:00+00:00,0.428426533937,0.430715560913,0.428426533937,0.430456846952,0
2025-12-09 03:00:00+00:00,0.430395454168,0.432197004557,0.428130626678,0.432197004557,11194496
2025-12-09 04:00:00+00:00,0.432160407305,0.432267785072,0.426242381334,0.426242381334,3403584
2025-12-09 05:00:00+00:00,0.426259845495,0.428659975529,0.425576120615,0.427113652229,13144128
2025-12-09 06:00:00+00:00,0.427708595991,0.428547143936,0.425824195147,0.426335245371,7059712
2025-12-09 07:00:00+00:00,0.426389247179,0.428562521935,0.425742685795,0.42798897624,4688640
2025-12-09 08:00:00+00:00,0.427973777056,0.428172081709,0.426147311926,0.427064210176,12232256
2025-12-09 09:00:00+00:00,0.426356256008,0.426356256008,0.42470523715,0.4254745543,0
2025-12-09 10:00:00+00:00,0.425405919552,0.428085267544,0.425192475319,0.42712944746,0
2025-12-09 11:00:00+00:00,0.427462667227,0.436672896147,0.427462667227,0.436672896147,37236352
2025-12-09 12:00:00+00:00,0.439835995436,0.446533381939,0.439835995436,0.446533381939,88183360
2025-12-09 13:00:00+00:00,0.446625232697,0.453267931938,0.446625232697,0.450408160686,95145984
2025-12-09 14:00:00+00:00,0.45037406683,0.452462852001,0.450137197971,0.4513194561,26445376
2025-12-09 15:00:00+00:00,0.451890349388,0.46686193347,0.451890349388,0.46685475111,99247232
2025-12-09 16:00:00+00:00,0.466818600893,0.47718128562,0.466818600893,0.476267457008,120670272
2025-12-09 17:00:00+00:00,0.476062655449,0.47955095768,0.476062655449,0.478652507067,70555264
2025-12-09 18:00:00+00:00,0.47861674428,0.482800781727,0.478358954191,0.479050844908,44245760
2025-12-09 19:00:00+00:00,0.47903239727,0.47903239727,0.476445108652,0.476445108652,22029824
2025-12-09 20:00:00+00:00,0.476279437542,0.480235606432,0.472404539585,0.473143458366,52287104
2025-12-09 21:00:00+00:00,0.473247915506,0.476950228214,0.468554228544,0.468554228544,37686016
2025-12-09 22:00:00+00:00,0.470321565866,0.472341150045,0.469791710377,0.470988452435,28381696
2025-12-09 23:00:00+00:00,0.470522761345,0.470522761345,0.468251854181,0.470000982285,11482880
2025-12-10 00:00:00+00:00,0.470004737377,0.470660120249,0.465627640486,0.465627640486,22590976
2025-12-10 01:00:00+00:00,0.465289741755,0.465493381023,0.463737428188,0.464907377958,13442816
2025-12-10 02:00:00+00:00,0.464866667986,0.465193718672,0.462897896767,0.463084042072,7284736
2025-12-10 03:00:00+00:00,0.463150084019,0.464560866356,0.462415635586,0.463412106037,4663552
2025-12-10 04:00:00+00:00,0.463375836611,0.464856952429,0.462567836046,0.464836925268,13763072
2025-12-10 05:00:00+00:00,0.464811503887,0.465223819017,0.463745325804,0.463998734951,536320
2025-12-10 06:00:00+00:00,0.464013755322,0.464297562838,0.462990760803,0.463329732418,13731328
2025-12-10 07:00:00+00:00,0.463349580765,0.463349580765,0.459566563368,0.461521029472,15054464
2025-12-10 08:00:00+00:00,0.461526095867,0.462375700474,0.460270166397,0.462310314178,43055104
2025-12-10 09:00:00+00:00,0.462296545506,0.473346710205,0.461949318647,0.472791194916,57795328
2025-12-10 10:00:00+00:00,0.472839564085,0.474009633064,0.46286675334,0.464136689901,34593408
2025-12-10 11:00:00+00:00,0.46399384737,0.46519702673,0.461855858564,0.46519702673,0
2025-12-10 12:00:00+00:00,0.465282410383,0.466023534536,0.462651133537,0.463474690914,0
2025-12-10 13:00:00+00:00,0.463450610638,0.465624898672,0.463445276022,0.464008301497,0
2025-12-10 14:00:00+00:00,0.464029669762,0.464029669762,0.462455928326,0.462901651859,0
2025-12-10 15:00:00+00:00,0.46289524436,0.465283811092,0.462125658989,0.462125658989,0
2025-12-10 16:00:00+00:00,0.46212220192,0.464500039816,0.46162211895,0.463125616312,0
2025-12-10 17:00:00+00:00,0.463083833456,0.465118587017,0.462517678738,0.462626844645,0
2025-12-10 18:00:00+00:00,0.462623208761,0.466921895742,0.462265521288,0.463435173035,0
2025-12-10 19:00:00+00:00,0.463430851698,0.465992957354,0.461388707161,0.464774876833,58558656
2025-12-10 20:00:00+00:00,0.464764386415,0.473012298346,0.461476564407,0.461628049612,19434624
2025-12-10 21:00:00+00:00,0.461582481861,0.46266528964,0.459111660719,0.459259808064,0
2025-12-10 22:00:00+00:00,0.458943158388,0.458943158388,0.454280585051,0.457604408264,0
2025-12-10 23:00:00+00:00,0.457552284002,0.457552284002,0.453493595123,0.453902423382,25216
2025-12-11 00:00:00+00:00,0.453854709864,0.45451053977,0.445414066315,0.445482850075,10874048
2025-12-11 01:00:00+00:00,0.445368558168,0.445368558168,0.440195590258,0.440195590258,12206336
2025-12-11 02:00:00+00:00,0.43998926878,0.43998926878,0.436428517103,0.436869204044,21530240
2025-12-11 03:00:00+00:00,0.436878591776,0.436878591776,0.430059611797,0.430846244097,17976064
2025-12-11 04:00:00+00:00,0.430752396584,0.433201670647,0.429327577353,0.433201670647,12925056
2025-12-11 05:00:00+00:00,0.433012068272,0.433012068272,0.43044796586,0.431144237518,1269504
2025-12-11 06:00:00+00:00,0.431143045425,0.431787252426,0.428882300854,0.428882300854,2340480
2025-12-11 07:00:00+00:00,0.428870052099,0.429154068232,0.425637960434,0.426567882299,1924608
2025-12-11 08:00:00+00:00,0.426565170288,0.426565170288,0.422223955393,0.42307689786,0
2025-12-11 09:00:00+00:00,0.423084497452,0.42586812377,0.422527551651,0.424395620823,0
2025-12-11 10:00:00+00:00,0.424376189709,0.424571454525,0.42247647047,0.424008727074,0
2025-12-11 11:00:00+00:00,0.423999398947,0.424254983664,0.422633886337,0.422633886337,0
2025-12-11 12:00:00+00:00,0.42216143012,0.42216143012,0.415622442961,0.416843265295,106396736
2025-12-11 13:00:00+00:00,0.416851192713,0.417003005743,0.415396541357,0.415532708168,35862528
2025-12-11 14:00:00+00:00,0.415578305721,0.416861355305,0.413160383701,0.413502007723,27646976
2025-12-11 15:00:00+00:00,0.41327509284,0.419590950012,0.413076519966,0.417161464691,41955840
2025-12-11 16:00:00+00:00,0.417242467403,0.417575448751,0.412381500006,0.413333952427,10380800
2025-12-11 17:00:00+00:00,0.413357198238,0.413738578558,0.411594986916,0.411594986916,23034752
2025-12-11 18:00:00+00:00,0.411572128534,0.416515111923,0.41105696559,0.413836658001,15195776
2025-12-11 19:00:00+00:00,0.413955688477,0.421791613102,0.413955688477,0.4186617136,0
2025-12-11 20:00:00+00:00,0.418724656105,0.422511339188,0.417768508196,0.422511339188,0
2025-12-11 21:00:00+00:00,0.422412782907,0.426646769047,0.422263383865,0.426276236773,23624960
2025-12-11 22:00:00+00:00,0.426301747561,0.426636308432,0.422095626593,0.422672659159,4340736
2025-12-11 23:00:00+00:00,0.422750324011,0.425797909498,0.422337025404,0.425368905067,2532224
2025-12-12 00:00:00+00:00,0.42535752058,0.426315397024,0.421225547791,0.421225547791,0
2025-12-12 01:00:00+00:00,0.420755773783,0.4232018888,0.419060230255,0.421148687601,0
2025-12-12 02:00:00+00:00,0.421187579632,0.424342602491,0.420720219612,0.423641473055,0
2025-12-12 03:00:00+00:00,0.42361420393,0.423981785774,0.421122759581,0.423077642918,0
2025-12-12 04:00:00+00:00,0.423075705767,0.423075705767,0.420686990023,0.420906931162,0
2025-12-12 05:00:00+00:00,0.420915961266,0.423909336329,0.420422226191,0.423909336329,0
2025-12-12 06:00:00+00:00,0.42399841547,0.42861533165,0.42399841547,0.425075560808,0
2025-12-12 07:00:00+00:00,0.425081670284,0.427712589502,0.425077050924,0.426524937153,0
2025-12-12 08:00:00+00:00,0.426521629095,0.426560938358,0.423676818609,0.423870116472,0
2025-12-12 09:00:00+00:00,0.423842102289,0.42532813549,0.42183804512,0.42532813549,0
2025-12-12 10:00:00+00:00,0.426138341427,0.427061200142,0.426069289446,0.42701742053,0
2025-12-12 11:00:00+00:00,0.427004039288,0.427004039288,0.424874335527,0.425250917673,0
2025-12-12 12:00:00+00:00,0.425131469965,0.426851987839,0.424055397511,0.426851987839,0
2025-12-12 13:00:00+00:00,0.426818400621,0.426818400621,0.425060600042,0.425400197506,0
2025-12-12 14:00:00+00:00,0.425425201654,0.426042348146,0.424289286137,0.424966335297,0
2025-12-12 15:00:00+00:00,0.424712270498,0.424712270498,0.411002039909,0.411002039909,3584064
2025-12-12 16:00:00+00:00,0.410443902016,0.410443902016,0.404469966888,0.405163526535,37026752
2025-12-12 17:00:00+00:00,0.405156314373,0.40928119421,0.405156314373,0.408503323793,44787968
2025-12-12 18:00:00+00:00,0.408503264189,0.415394037962,0.408410549164,0.413113892078,0
2025-12-12 19:00:00+00:00,0.413185060024,0.413185060024,0.409196555614,0.409784406424,0
2025-12-12 20:00:00+00:00,0.409829229116,0.410761803389,0.40947368741,0.410463988781,0
2025-12-12 21:00:00+00:00,0.410493791103,0.411082953215,0.409909248352,0.41015958786,0
2025-12-12 22:00:00+00:00,0.41012853384,0.411152392626,0.409907191992,0.410348623991,0
2025-12-12 23:00:00+00:00,0.410387337208,0.410912752151,0.409100294113,0.409133732319,0
2025-12-13 00:00:00+00:00,0.409152776003,0.410564690828,0.409152776003,0.410059690475,0
2025-12-13 01:00:00+00:00,0.410063117743,0.410901457071,0.409924268723,0.410026341677,0
2025-12-13 02:00:00+00:00,0.410046666861,0.41161864996,0.410046666861,0.410446375608,0
2025-12-13 03:00:00+00:00,0.410447895527,0.410673618317,0.409583896399,0.409583896399,0
2025-12-13 04:00:00+00:00,0.40956518054,0.410733819008,0.409196436405,0.410733819008,0
2025-12-13 05:00:00+00:00,0.410738497972,0.411775171757,0.410080909729,0.410344570875,0
2025-12-13 06:00:00+00:00,0.410330474377,0.410768270493,0.408888548613,0.410424143076,0
2025-12-13 07:00:00+00:00,0.410272181034,0.410646110773,0.410054564476,0.410638004541,0
2025-12-13 08:00:00+00:00,0.410604715347,0.41293823719,0.410288453102,0.412293672562,824576
2025-12-13 09:00:00+00:00,0.412291049957,0.412304580212,0.411562025547,0.411931157112,0
2025-12-13 10:00:00+00:00,0.411931961775,0.415426641703,0.411663383245,0.415010899305,0
2025-12-13 11:00:00+00:00,0.415007919073,0.415204137564,0.412035763264,0.412406504154,0
2025-12-13 12:00:00+00:00,0.412390530109,0.413141548634,0.411892563105,0.412078112364,0
2025-12-13 13:00:00+00:00,0.412417292595,0.413240432739,0.411601096392,0.413230001926,0
2025-12-13 14:00:00+00:00,0.413230746984,0.413485348225,0.41109085083,0.412371367216,0
2025-12-13 15:00:00+00:00,0.412329405546,0.414363890886,0.412235736847,0.412985563278,0
2025-12-13 16:00:00+00:00,0.412985563278,0.414025783539,0.412001848221,0.412143290043,0
2025-12-13 17:00:00+00:00,0.412139713764,0.412139713764,0.4095236063,0.410875111818,0
2025-12-13 18:00:00+00:00,0.410879224539,0.411595612764,0.410495072603,0.410497695208,0
2025-12-13 19:00:00+00:00,0.410491704941,0.411218076944,0.410082578659,0.410455226898,0
2025-12-13 20:00:00+00:00,0.410466343164,0.411073505878,0.410304367542,0.410573512316,0
2025-12-13 21:00:00+00:00,0.410557061434,0.410557061434,0.407588154078,0.409027248621,3581504
2025-12-13 22:00:00+00:00,0.4090500772,0.410591453314,0.4090500772,0.40914735198,2708672
2025-12-13 23:00:00+00:00,0.409176141024,0.411056399345,0.409025937319,0.411056399345,21312
2025-12-14 00:00:00+00:00,0.410985559225,0.411188781261,0.409914195538,0.410137176514,0
2025-12-14 01:00:00+00:00,0.410127013922,0.410379320383,0.409486621618,0.409645497799,0
2025-12-14 02:00:00+00:00,0.40977075696,0.410963833332,0.40976318717,0.410453826189,0
2025-12-14 03:00:00+00:00,0.410452067852,0.4106541574,0.409402281046,0.409881770611,1004224
2025-12-14 04:00:00+00:00,0.409870147705,0.410073727369,0.408126085997,0.408126085997,3364416
2025-12-14 05:00:00+00:00,0.40810495615,0.40810495615,0.406919419765,0.407864928246,3557824
2025-12-14 06:00:00+00:00,0.40786331892,0.408204317093,0.406902223825,0.407547682524,0
2025-12-14 07:00:00+00:00,0.407552480698,0.408690840006,0.407517164946,0.408277213573,11808
2025-12-14 08:00:00+00:00,0.408256828785,0.409486800432,0.407429397106,0.407445192337,0
2025-12-14 09:00:00+00:00,0.407446950674,0.407527476549,0.406554728746,0.407005012035,2547776
2025-12-14 10:00:00+00:00,0.407021850348,0.407804042101,0.40598911047,0.407059878111,4908768
2025-12-14 11:00:00+00:00,0.407055407763,0.407055407763,0.399242788553,0.403470993042,44519552
2025-12-14 12:00:00+00:00,0.403495341539,0.404525667429,0.402218878269,0.404066741467,16885280
2025-12-14 13:00:00+00:00,0.404039591551,0.404039591551,0.400753766298,0.401758551598,18394784
2025-12-14 14:00:00+00:00,0.401864141226,0.40248131752,0.399491101503,0.399491280317,12076128
2025-12-14 15:00:00+00:00,0.399281591177,0.399821311235,0.399097025394,0.399475872517,23576608
2025-12-14 16:00:00+00:00,0.399331718683,0.401176422834,0.39921978116,0.399431020021,13047072
2025-12-14 17:00:00+00:00,0.399635374546,0.399789065123,0.39697983861,0.397455900908,7973344
2025-12-14 18:00:00+00:00,0.397384941578,0.398948788643,0.397231847048,0.398948788643,8875424
2025-12-14 19:00:00+00:00,0.399660170078,0.399660170078,0.397377729416,0.399008303881,14643776
2025-12-14 20:00:00+00:00,0.399039626122,0.399884045124,0.397905290127,0.397905290127,15356320
2025-12-14 21:00:00+00:00,0.397875726223,0.397875726223,0.395299166441,0.395328700542,0
2025-12-14 22:00:00+00:00,0.395400524139,0.397349148989,0.395315974951,0.396278083324,7430720
2025-12-14 23:00:00+00:00,0.396652787924,0.397140622139,0.395164072514,0.39660859108,19215232
2025-12-15 00:00:00+00:00,0.397480934858,0.398942142725,0.396413892508,0.396885097027,13199328
2025-12-15 01:00:00+00:00,0.398034483194,0.4018265903,0.397831469774,0.401634573936,14496320
2025-12-15 02:00:00+00:00,0.401649236679,0.405936151743,0.401649236679,0.402563244104,16465472
2025-12-15 03:00:00+00:00,0.401947528124,0.402562469244,0.401241093874,0.401397973299,206016
2025-12-15 04:00:00+00:00,0.401773810387,0.403912186623,0.401773810387,0.403912186623,1617920
2025-12-15 05:00:00+00:00,0.403856009245,0.404892772436,0.403606295586,0.404092252254,0
2025-12-15 06:00:00+00:00,0.404118001461,0.405804514885,0.403729945421,0.405804514885,594624
2025-12-15 07:00:00+00:00,0.405416429043,0.405416429043,0.401815116405,0.402101933956,2386240
2025-12-15 08:00:00+00:00,0.402371376753,0.402948319912,0.400900870562,0.400900870562,2465024
2025-12-15 09:00:00+00:00,0.400809973478,0.403669416904,0.400809973478,0.403582572937,1012416
2025-12-15 10:00:00+00:00,0.403719991446,0.405074357986,0.402883410454,0.404603272676,1145088
2025-12-15 11:00:00+00:00,0.40460640192,0.404891818762,0.403039425611,0.403101980686,0
2025-12-15 12:00:00+00:00,0.403087884188,0.403593540192,0.401870906353,0.402708292007,0
2025-12-15 13:00:00+00:00,0.402680546045,0.402717828751,0.400926738977,0.401792109013,0
2025-12-15 14:00:00+00:00,0.401420563459,0.403698772192,0.39391502738,0.39391502738,5038240
2025-12-15 15:00:00+00:00,0.393706589937,0.393706589937,0.384337007999,0.384862363338,87470816
2025-12-15 16:00:00+00:00,0.385125517845,0.387853562832,0.383025199175,0.383036732674,30579264
2025-12-15 17:00:00+00:00,0.383268594742,0.383268594742,0.380753695965,0.381478697062,20435776
2025-12-15 18:00:00+00:00,0.381199985743,0.382160753012,0.379299283028,0.381568729877,14597120
2025-12-15 19:00:00+00:00,0.382282167673,0.387091398239,0.382282167673,0.384996533394,9492544
2025-12-15 20:00:00+00:00,0.38495567441,0.38495567441,0.380501449108,0.381433665752,4623808
2025-12-15 21:00:00+00:00,0.38139462471,0.383793503046,0.380941540003,0.38345438242,0
2025-12-15 22:00:00+00:00,0.383795946836,0.384330511093,0.382766127586,0.384330511093,0
2025-12-15 23:00:00+00:00,0.384370088577,0.388093471527,0.384370088577,0.388093471527,148160
2025-12-16 00:00:00+00:00,0.388092517853,0.389555573463,0.385683149099,0.385683149099,0
2025-12-16 01:00:00+00:00,0.384789973497,0.385517656803,0.384055227041,0.384210586548,0
2025-12-16 02:00:00+00:00,0.384118676186,0.385082513094,0.382089674473,0.382089674473,0
2025-12-16 03:00:00+00:00,0.382156252861,0.382786720991,0.381159394979,0.382782042027,7178048
2025-12-16 04:00:00+00:00,0.382559210062,0.382804423571,0.380204081535,0.381854146719,9017152
2025-12-16 05:00:00+00:00,0.381882697344,0.382184952497,0.381141453981,0.381320476532,6674816
2025-12-16 06:00:00+00:00,0.381290107965,0.384160995483,0.381279975176,0.384117305279,4690752
2025-12-16 07:00:00+00:00,0.384302556515,0.385055840015,0.380334228277,0.380666613579,5777152
2025-12-16 08:00:00+00:00,0.380667865276,0.381948232651,0.38061657548,0.381943315268,3404672
2025-12-16 09:00:00+00:00,0.381329923868,0.381410211325,0.380784392357,0.380971282721,2138816
2025-12-16 10:00:00+00:00,0.381007820368,0.388148844242,0.381007820368,0.387936860323,11024704
2025-12-16 11:00:00+00:00,0.386709779501,0.38819360733,0.386094987392,0.38819360733,10205440
2025-12-16 12:00:00+00:00,0.388111919165,0.388757973909,0.386784702539,0.387236177921,541312
2025-12-16 13:00:00+00:00,0.387257069349,0.387923240662,0.383714079857,0.383856713772,30972416
2025-12-16 14:00:00+00:00,0.383837521076,0.386562496424,0.380640089512,0.385837435722,22245888
2025-12-16 15:00:00+00:00,0.386601209641,0.388559222221,0.385002434254,0.388559222221,0
2025-12-16 16:00:00+00:00,0.390340149403,0.390340149403,0.386706113815,0.387874543667,0
2025-12-16 17:00:00+00:00,0.387681901455,0.388696938753,0.384831994772,0.384831994772,0
2025-12-16 18:00:00+00:00,0.384800612926,0.389145821333,0.38459199667,0.388758718967,0
2025-12-16 19:00:00+00:00,0.38874489069,0.38874489069,0.384856015444,0.387267172337,0
2025-12-16 20:00:00+00:00,0.387170910835,0.387712270021,0.386908888817,0.38728132844,0
2025-12-16 21:00:00+00:00,0.387060910463,0.387572467327,0.386076569557,0.386916577816,0
2025-12-16 22:00:00+00:00,0.386952549219,0.38718611002,0.38586473465,0.38586473465,0
2025-12-16 23:00:00+00:00,0.385841101408,0.385841101408,0.38482311368,0.385723829269,9536
2025-12-17 00:00:00+00:00,0.385714739561,0.385714739561,0.382835447788,0.383598566055,0
2025-12-17 01:00:00+00:00,0.383598595858,0.386677384377,0.383598595858,0.384329974651,0
2025-12-17 02:00:00+00:00,0.384372919798,0.385169893503,0.382760375738,0.384871006012,0
2025-12-17 03:00:00+00:00,0.38487842679,0.38563388586,0.38320055604,0.383298665285,0
2025-12-17 04:00:00+00:00,0.383300334215,0.383383333683,0.380052626133,0.380052626133,0
2025-12-17 05:00:00+00:00,0.378235310316,0.380066245794,0.378210246563,0.380066245794,2669376
2025-12-17 06:00:00+00:00,0.380130678415,0.381221681833,0.380130678415,0.380230396986,0
2025-12-17 07:00:00+00:00,0.380250394344,0.381258517504,0.379722833633,0.381110489368,0
2025-12-17 08:00:00+00:00,0.381090432405,0.381090432405,0.378645986319,0.378757059574,0
2025-12-17 09:00:00+00:00,0.378586679697,0.378732919693,0.377453655005,0.377948790789,0
2025-12-17 10:00:00+00:00,0.377939105034,0.378599822521,0.377528607845,0.378025919199,0
2025-12-17 11:00:00+00:00,0.377720534801,0.380487799644,0.377644181252,0.380487799644,0
2025-12-17 12:00:00+00:00,0.380582004786,0.381623893976,0.380566239357,0.381114751101,0
2025-12-17 13:00:00+00:00,0.380622416735,0.382590800524,0.379051476717,0.382590800524,0
2025-12-17 14:00:00+00:00,0.383816540241,0.392532229424,0.382369846106,0.392532229424,9799424
2025-12-17 15:00:00+00:00,0.394912153482,0.398602902889,0.382428407669,0.382682591677,81979968
2025-12-17 16:00:00+00:00,0.382697939873,0.38322660327,0.371353209019,0.373711556196,64555008
2025-12-17 17:00:00+00:00,0.374451518059,0.374520361423,0.36907428503,0.369115799665,29734976
2025-12-17 18:00:00+00:00,0.36910378933,0.372289538383,0.366942971945,0.36701837182,15484032
2025-12-17 19:00:00+00:00,0.366982221603,0.368521302938,0.365394860506,0.368509531021,22444416
2025-12-17 20:00:00+00:00,0.368538320065,0.371567487717,0.366842448711,0.368286371231,10919296
2025-12-17 21:00:00+00:00,0.368313789368,0.368995606899,0.36590436101,0.366559803486,5471744
2025-12-17 22:00:00+00:00,0.366496890783,0.368134319782,0.365414768457,0.368134319782,7361152
2025-12-17 23:00:00+00:00,0.368136256933,0.368136256933,0.365872263908,0.366510868073,3379392
2025-12-18 00:00:00+00:00,0.366549432278,0.366963416338,0.365775674582,0.366826206446,6162944
2025-12-18 01:00:00+00:00,0.366816222668,0.366816222668,0.363387584686,0.364482432604,5499328
2025-12-18 02:00:00+00:00,0.364481270313,0.368025720119,0.364254295826,0.36749702692,4323328
2025-12-18 03:00:00+00:00,0.367381453514,0.367381453514,0.364037454128,0.364932388067,5185984
2025-12-18 04:00:00+00:00,0.364902079105,0.366079896688,0.36484631896,0.365357607603,0
2025-12-18 05:00:00+00:00,0.365334779024,0.365334779024,0.361333876848,0.361388146877,0
2025-12-18 06:00:00+00:00,0.361391216516,0.362058162689,0.361213862896,0.361610978842,3790912
2025-12-18 07:00:00+00:00,0.361597299576,0.36271110177,0.361116737127,0.361869692802,11294208
2025-12-18 08:00:00+00:00,0.361859560013,0.364080131054,0.361859560013,0.36231687665,18704256
2025-12-18 09:00:00+00:00,0.362341344357,0.364323735237,0.361954122782,0.363860726357,7398848
2025-12-18 10:00:00+00:00,0.36386397481,0.365315079689,0.36386397481,0.364346951246,7408320
2025-12-18 11:00:00+00:00,0.364341586828,0.364423274994,0.362823873758,0.364423274994,3843776
2025-12-18 12:00:00+00:00,0.364531099796,0.366184860468,0.36399513483,0.365438610315,0
2025-12-18 13:00:00+00:00,0.365543156862,0.375590026379,0.365543156862,0.375294685364,54751488
2025-12-18 14:00:00+00:00,0.376008033752,0.377571254969,0.370110183954,0.370828330517,1815040
2025-12-18 15:00:00+00:00,0.370459765196,0.3757199049,0.369198143482,0.373350888491,0
2025-12-18 16:00:00+00:00,0.373352766037,0.373352766037,0.370850652456,0.3715095222,0
2025-12-18 17:00:00+00:00,0.371520608664,0.371520608664,0.352726131678,0.357244253159,49166656
2025-12-18 18:00:00+00:00,0.357490390539,0.360651910305,0.354981094599,0.354981094599,0
2025-12-18 19:00:00+00:00,0.354911416769,0.355012565851,0.347998529673,0.347998529673,19419904
2025-12-18 20:00:00+00:00,0.347983717918,0.351150900126,0.347912341356,0.34900188446,12156352
2025-12-18 21:00:00+00:00,0.349481314421,0.35354962945,0.349481314421,0.35354962945,14408576
2025-12-18 22:00:00+00:00,0.353595346212,0.354979753494,0.353358119726,0.354288429022,29632
2025-12-18 23:00:00+00:00,0.354250490665,0.354250490665,0.351259768009,0.351426959038,2036224
2025-12-19 00:00:00+00:00,0.351404100657,0.352093577385,0.348606646061,0.349724978209,4155456
2025-12-19 01:00:00+00:00,0.349720269442,0.349720269442,0.347397685051,0.348047554493,1065984
2025-12-19 02:00:00+00:00,0.348067373037,0.350874871016,0.347512155771,0.350730627775,9872512
2025-12-19 03:00:00+00:00,0.350549906492,0.361569195986,0.350549906492,0.359403789043,39078208
2025-12-19 04:00:00+00:00,0.359503269196,0.361712127924,0.359503269196,0.361105889082,12123648
2025-12-19 05:00:00+00:00,0.361122131348,0.361143052578,0.359665125608,0.360258877277,0
2025-12-19 06:00:00+00:00,0.360310703516,0.362037658691,0.36003357172,0.362036496401,0
2025-12-19 07:00:00+00:00,0.36353635788,0.368268936872,0.36353635788,0.366015851498,9560192
2025-12-19 08:00:00+00:00,0.366152197123,0.366990953684,0.36506870389,0.366970092058,0
2025-12-19 09:00:00+00:00,0.366848707199,0.366848707199,0.365642398596,0.365642398596,0
2025-12-19 10:00:00+00:00,0.365655660629,0.366331160069,0.365180850029,0.36574831605,0
2025-12-19 11:00:00+00:00,0.365740686655,0.366633534431,0.365467131138,0.366074413061,618304
2025-12-19 12:00:00+00:00,0.36606708169,0.367067307234,0.365343809128,0.366651505232,2232064
2025-12-19 13:00:00+00:00,0.366657584906,0.367207586765,0.366279989481,0.366535931826,0
2025-12-19 14:00:00+00:00,0.366521865129,0.371354907751,0.366144537926,0.370304763317,0
2025-12-19 15:00:00+00:00,0.370444476604,0.376513659954,0.370437800884,0.370578467846,6739584
2025-12-19 16:00:00+00:00,0.370683342218,0.377937853336,0.370683342218,0.37442907691,13520512
2025-12-19 17:00:00+00:00,0.374352067709,0.376879304647,0.371295005083,0.371540755033,0
2025-12-19 18:00:00+00:00,0.371098309755,0.37342774868,0.370104879141,0.373350590467,0
2025-12-19 19:00:00+00:00,0.373102426529,0.379200190306,0.373102426529,0.378114551306,0
2025-12-19 20:00:00+00:00,0.378051578999,0.379367828369,0.377913117409,0.378486394882,0
2025-12-19 21:00:00+00:00,0.378622144461,0.378708004951,0.37548995018,0.37548995018,0
2025-12-19 22:00:00+00:00,0.375501453876,0.377751976252,0.375501453876,0.377400249243,0
2025-12-19 23:00:00+00:00,0.377428352833,0.377441167831,0.376630187035,0.376630187035,0
2025-12-20 00:00:00+00:00,0.376627475023,0.376686006784,0.375618308783,0.375730931759,0
2025-12-20 01:00:00+00:00,0.375722587109,0.376136928797,0.374131560326,0.374131560326,0
2025-12-20 02:00:00+00:00,0.374120384455,0.37479814887,0.373647063971,0.374449700117,0
2025-12-20 03:00:00+00:00,0.374446183443,0.375560611486,0.374191701412,0.374501019716,0
2025-12-20 04:00:00+00:00,0.374295800924,0.374319404364,0.372279703617,0.37228089571,0
2025-12-20 05:00:00+00:00,0.372299253941,0.374737590551,0.372299134731,0.373584359884,0
2025-12-20 06:00:00+00:00,0.373551338911,0.373596638441,0.373137146235,0.373278588057,0
2025-12-20 07:00:00+00:00,0.373298555613,0.374250859022,0.372669130564,0.374232649803,0
2025-12-20 08:00:00+00:00,0.374236315489,0.377859085798,0.374236315489,0.376449525356,0
2025-12-20 09:00:00+00:00,0.376444727182,0.379932522774,0.37639811635,0.379646897316,231072
2025-12-20 10:00:00+00:00,0.379594027996,0.379598081112,0.377229511738,0.377523571253,0
2025-12-20 11:00:00+00:00,0.377613544464,0.378610670567,0.377391606569,0.378205567598,0
2025-12-20 12:00:00+00:00,0.378211975098,0.378309994936,0.376549273729,0.376850128174,0
2025-12-20 13:00:00+00:00,0.376861661673,0.377334117889,0.375224620104,0.376878321171,1969536
2025-12-20 14:00:00+00:00,0.37699624896,0.379000991583,0.375396460295,0.379000991583,0
2025-12-20 15:00:00+00:00,0.378998309374,0.378998309374,0.376611322165,0.377393335104,0
2025-12-20 16:00:00+00:00,0.377387821674,0.377451509237,0.375840097666,0.376195788383,0
2025-12-20 17:00:00+00:00,0.376187175512,0.37644970417,0.375672191381,0.375864803791,0
2025-12-20 18:00:00+00:00,0.375873118639,0.376677155495,0.3758713305,0.376567929983,0
2025-12-20 19:00:00+00:00,0.37655711174,0.376703262329,0.375520706177,0.375520706177,0
2025-12-20 20:00:00+00:00,0.375523924828,0.375529080629,0.375238835812,0.375520825386,0
2025-12-20 21:00:00+00:00,0.37554204464,0.375959545374,0.374784111977,0.374786138535,0
2025-12-20 22:00:00+00:00,0.374682843685,0.375506728888,0.373534113169,0.375499695539,0
2025-12-20 23:00:00+00:00,0.375476777554,0.375476777554,0.372923493385,0.373097985983,3612992
2025-12-21 00:00:00+00:00,0.373078167439,0.37338000536,0.372188538313,0.372373789549,297184
2025-12-21 01:00:00+00:00,0.372425287962,0.372425287962,0.370031297207,0.370116442442,4151488
2025-12-21 02:00:00+00:00,0.370091289282,0.370129138231,0.367868423462,0.368134379387,5469728
2025-12-21 03:00:00+00:00,0.368154734373,0.369948297739,0.368154734373,0.369528114796,764736
2025-12-21 04:00:00+00:00,0.36950185895,0.36950185895,0.368052154779,0.368052154779,0
2025-12-21 05:00:00+00:00,0.368049263954,0.369104117155,0.367959171534,0.367965877056,0
2025-12-21 06:00:00+00:00,0.367966413498,0.368675172329,0.36786866188,0.36855340004,4223712
2025-12-21 07:00:00+00:00,0.368547648191,0.368547648191,0.367404848337,0.367581874132,259744
2025-12-21 08:00:00+00:00,0.367548495531,0.370976030827,0.36697730422,0.37065115571,6037984
2025-12-21 09:00:00+00:00,0.370644897223,0.374028891325,0.370265394449,0.37337705493,9839392
2025-12-21 10:00:00+00:00,0.373356848955,0.373636871576,0.370389580727,0.370436429977,5644288
2025-12-21 11:00:00+00:00,0.37043312192,0.370505690575,0.369714230299,0.369898229837,2025600
2025-12-21 12:00:00+00:00,0.369898349047,0.371923655272,0.367458164692,0.367475956678,8899328
2025-12-21 13:00:00+00:00,0.367582082748,0.367737472057,0.358403354883,0.358475506306,40024320
2025-12-21 14:00:00+00:00,0.3584677279,0.361541688442,0.358345896006,0.360968589783,17040672
2025-12-21 15:00:00+00:00,0.361012488604,0.361103862524,0.359312713146,0.360917896032,4539168
2025-12-21 16:00:00+00:00,0.360920697451,0.363514602184,0.360603302717,0.362756311893,635872
2025-12-21 17:00:00+00:00,0.36277192831,0.365238249302,0.36277192831,0.363192290068,10408672
2025-12-21 18:00:00+00:00,0.363170772791,0.363257855177,0.361276656389,0.363257855177,6618912
2025-12-21 19:00:00+00:00,0.363264262676,0.364965468645,0.363264262676,0.364965468645,6739936
2025-12-21 20:00:00+00:00,0.364975422621,0.36510387063,0.362217724323,0.362217724323,0
2025-12-21 21:00:00+00:00,0.362218618393,0.363044172525,0.360383331776,0.360613942146,1306880
2025-12-21 22:00:00+00:00,0.36038929224,0.364229440689,0.359871208668,0.364229440689,11543520
2025-12-21 23:00:00+00:00,0.364230006933,0.367097407579,0.364230006933,0.365901589394,11003040
2025-12-22 00:00:00+00:00,0.365910321474,0.371723920107,0.365910321474,0.368960857391,49664224
2025-12-22 01:00:00+00:00,0.368739426136,0.371349602938,0.367469519377,0.367469519377,12053024
2025-12-22 02:00:00+00:00,0.367463767529,0.367463767529,0.363371104002,0.365368068218,12554912
2025-12-22 03:00:00+00:00,0.365350961685,0.367826908827,0.364424943924,0.367117971182,2682208
2025-12-22 04:00:00+00:00,0.367110729218,0.36760994792,0.366049706936,0.366960942745,4426848
2025-12-22 05:00:00+00:00,0.366988778114,0.367312818766,0.36583262682,0.366601794958,1932512
2025-12-22 06:00:00+00:00,0.36660605669,0.367126435041,0.365264505148,0.366693139076,6050080
2025-12-22 07:00:00+00:00,0.366648674011,0.368833959103,0.366285651922,0.367884546518,5015744
2025-12-22 08:00:00+00:00,0.367918550968,0.370570361614,0.36745223403,0.36822527647,0
2025-12-22 09:00:00+00:00,0.368221819401,0.369807511568,0.367900580168,0.369023859501,0
2025-12-22 10:00:00+00:00,0.369041055441,0.369845569134,0.368400275707,0.369644701481,0
2025-12-22 11:00:00+00:00,0.369638741016,0.371067166328,0.368829905987,0.370961755514,3239328
2025-12-22 12:00:00+00:00,0.370922744274,0.375287175179,0.370915085077,0.373250126839,13611008
2025-12-22 13:00:00+00:00,0.373254716396,0.374382853508,0.372656464577,0.373568207026,0
2025-12-22 14:00:00+00:00,0.373579710722,0.37674498558,0.373127013445,0.37674498558,5516032
2025-12-22 15:00:00+00:00,0.376829564571,0.379556596279,0.37552934885,0.378998577595,40648320
2025-12-22 16:00:00+00:00,0.378958582878,0.380292713642,0.377889603376,0.378667324781,13440384
2025-12-22 17:00:00+00:00,0.378675252199,0.379380106926,0.376997709274,0.378080636263,1136128
2025-12-22 18:00:00+00:00,0.378075659275,0.379511117935,0.377239197493,0.378213167191,1037504
2025-12-22 19:00:00+00:00,0.378112494946,0.378112494946,0.368322581053,0.368391275406,20850944
2025-12-22 20:00:00+00:00,0.368405759335,0.369938194752,0.366331100464,0.368275880814,16326016
2025-12-22 21:00:00+00:00,0.368175536394,0.372203439474,0.368115276098,0.370718091726,6489792
2025-12-22 22:00:00+00:00,0.370728433132,0.372382611036,0.369244962931,0.372179567814,0
2025-12-22 23:00:00+00:00,0.372253715992,0.372344970703,0.370278835297,0.370806902647,0
2025-12-23 00:00:00+00:00,0.370774656534,0.373323321342,0.370445460081,0.372696489096,0
2025-12-23 01:00:00+00:00,0.372678816319,0.372678816319,0.369333833456,0.370228797197,0
2025-12-23 02:00:00+00:00,0.370233654976,0.371471881866,0.368077278137,0.368183284998,0
2025-12-23 03:00:00+00:00,0.368048548698,0.368651390076,0.36653777957,0.368651390076,1758272
2025-12-23 04:00:00+00:00,0.368634998798,0.368648946285,0.366829812527,0.3668410182,0
2025-12-23 05:00:00+00:00,0.366830736399,0.366830736399,0.364392369986,0.365995019674,8141056
2025-12-23 06:00:00+00:00,0.365979999304,0.366047352552,0.363791614771,0.365015685558,0
2025-12-23 07:00:00+00:00,0.365005970001,0.36514121294,0.364352762699,0.364553898573,0
2025-12-23 08:00:00+00:00,0.364513248205,0.365129053593,0.36372667551,0.363760322332,0
2025-12-23 09:00:00+00:00,0.363780528307,0.364266991615,0.362975120544,0.364229947329,0
2025-12-23 10:00:00+00:00,0.364222466946,0.366405248642,0.363691776991,0.366140305996,1528864
2025-12-23 11:00:00+00:00,0.366138875484,0.367987036705,0.366021960974,0.367158204317,0
2025-12-23 12:00:00+00:00,0.367146581411,0.367146581411,0.36436638236,0.365149080753,0
2025-12-23 13:00:00+00:00,0.365046858788,0.365046858788,0.361628085375,0.361667811871,8739712
2025-12-23 14:00:00+00:00,0.361588597298,0.362626224756,0.356343090534,0.356343090534,13300288
2025-12-23 15:00:00+00:00,0.356835395098,0.36213517189,0.356835395098,0.360641926527,0
2025-12-23 16:00:00+00:00,0.360667943954,0.364507466555,0.360538959503,0.364278674126,0
2025-12-23 17:00:00+00:00,0.36428257823,0.364559561014,0.3611317873,0.3611317873,0
2025-12-23 18:00:00+00:00,0.360764414072,0.364001810551,0.360247850418,0.36368817091,4408864
2025-12-23 19:00:00+00:00,0.363664746284,0.363819688559,0.360899597406,0.361036896706,0
2025-12-23 20:00:00+00:00,0.361074239016,0.365046977997,0.360763251781,0.36333155632,0
2025-12-23 21:00:00+00:00,0.363281309605,0.363850355148,0.361941188574,0.363424658775,0
2025-12-23 22:00:00+00:00,0.363433897495,0.363938122988,0.36128666997,0.361658424139,0
2025-12-23 23:00:00+00:00,0.361695587635,0.3633235991,0.361321181059,0.362840980291,33248
2025-12-24 00:00:00+00:00,0.362822800875,0.362963885069,0.362287312746,0.36289742589,3038752
2025-12-24 01:00:00+00:00,0.362910360098,0.364280253649,0.361913651228,0.361977130175,0
2025-12-24 02:00:00+00:00,0.361955016851,0.361955016851,0.358209520578,0.358928412199,19932832
2025-12-24 03:00:00+00:00,0.358922719955,0.359919101,0.357180267572,0.359829455614,3549728
2025-12-24 04:00:00+00:00,0.359834432602,0.361104309559,0.357933074236,0.357933104038,1257280
2025-12-24 05:00:00+00:00,0.357926517725,0.358196854591,0.35597166419,0.35597166419,15280064
2025-12-24 06:00:00+00:00,0.35589620471,0.356962352991,0.354743301868,0.356604516506,6126272
2025-12-24 07:00:00+00:00,0.356610506773,0.357463657856,0.356516778469,0.35674315691,0
2025-12-24 08:00:00+00:00,0.356704711914,0.356704711914,0.355080157518,0.355357199907,1165408
2025-12-24 09:00:00+00:00,0.355356931686,0.356488198042,0.355356931686,0.355740010738,0
2025-12-24 10:00:00+00:00,0.355737835169,0.357215821743,0.355517446995,0.356843173504,0
2025-12-24 11:00:00+00:00,0.356748372316,0.359086334705,0.356600373983,0.358530342579,0
2025-12-24 12:00:00+00:00,0.358528286219,0.358765512705,0.358084946871,0.358759850264,0
2025-12-24 13:00:00+00:00,0.358737200499,0.358737200499,0.356694728136,0.356936573982,0
2025-12-24 14:00:00+00:00,0.356934249401,0.357987016439,0.354160636663,0.354160636663,0
2025-12-24 15:00:00+00:00,0.353832751513,0.355971515179,0.35314682126,0.35504591465,0
2025-12-24 16:00:00+00:00,0.355142325163,0.356997430325,0.354440301657,0.355841815472,0
2025-12-24 17:00:00+00:00,0.355880945921,0.356712818146,0.355161875486,0.355165570974,0
2025-12-24 18:00:00+00:00,0.354913085699,0.355859100819,0.354607701302,0.355493873358,0
2025-12-24 19:00:00+00:00,0.355489015579,0.355916082859,0.354720175266,0.355835407972,502496
2025-12-24 20:00:00+00:00,0.355834513903,0.356921941042,0.354865312576,0.354865312576,0
2025-12-24 21:00:00+00:00,0.354974359274,0.356483817101,0.354974359274,0.355958521366,558400
2025-12-24 22:00:00+00:00,0.356012851,0.35818362236,0.355860620737,0.358165234327,5472064
2025-12-24 23:00:00+00:00,0.358159691095,0.358220875263,0.356131643057,0.356412529945,0
2025-12-25 00:00:00+00:00,0.356411486864,0.356500953436,0.354994952679,0.354994952679,0
2025-12-25 01:00:00+00:00,0.354986518621,0.357631623745,0.354936331511,0.357139825821,0
2025-12-25 02:00:00+00:00,0.357130199671,0.359932482243,0.3566839993,0.359832108021,0
2025-12-25 03:00:00+00:00,0.360027104616,0.360285311937,0.359020709991,0.360231786966,0
2025-12-25 04:00:00+00:00,0.360243141651,0.360824644566,0.359849452972,0.360431075096,539520
2025-12-25 05:00:00+00:00,0.360422283411,0.360422283411,0.359480410814,0.359506368637,0
2025-12-25 06:00:00+00:00,0.35950127244,0.360568910837,0.359211206436,0.36053994298,0
2025-12-25 07:00:00+00:00,0.360524177551,0.360524177551,0.358724087477,0.35899835825,0
2025-12-25 08:00:00+00:00,0.358997136354,0.360047459602,0.357311934233,0.35777041316,4025376
2025-12-25 09:00:00+00:00,0.357761710882,0.357761710882,0.35647881031,0.35653808713,0
2025-12-25 10:00:00+00:00,0.356532901525,0.356532901525,0.350414663553,0.35046184063,19489376
2025-12-25 11:00:00+00:00,0.350484699011,0.351135581732,0.350120186806,0.351045131683,10889088
2025-12-25 12:00:00+00:00,0.351044803858,0.351097524166,0.350296735764,0.351097524166,5986272
2025-12-25 13:00:00+00:00,0.351116269827,0.351826518774,0.350181639194,0.351414382458,11156928
2025-12-25 14:00:00+00:00,0.351415157318,0.351604253054,0.35054436326,0.351059764624,0
2025-12-25 15:00:00+00:00,0.350989639759,0.358283042908,0.350748956203,0.35749566555,21247168
2025-12-25 16:00:00+00:00,0.35742482543,0.357874214649,0.354165732861,0.354195833206,6543616
2025-12-25 17:00:00+00:00,0.354113280773,0.354584544897,0.353275448084,0.354584544897,5747840
2025-12-25 18:00:00+00:00,0.354581683874,0.358047366142,0.354581683874,0.357937812805,11312288
2025-12-25 19:00:00+00:00,0.357900798321,0.359295785427,0.357344120741,0.359267830849,4220800
2025-12-25 20:00:00+00:00,0.359246075153,0.359317451715,0.357059270144,0.357059270144,2226560
2025-12-25 21:00:00+00:00,0.357108801603,0.358427256346,0.356948316097,0.3580724895,89920
2025-12-25 22:00:00+00:00,0.358079999685,0.358079999685,0.345274657011,0.34631434083,39835392
2025-12-25 23:00:00+00:00,0.346362829208,0.346362829208,0.342611014843,0.343221068382,39200256
2025-12-26 00:00:00+00:00,0.343223333359,0.344123452902,0.342062592506,0.342353999615,23242336
2025-12-26 01:00:00+00:00,0.342472583055,0.345873236656,0.342472583055,0.345851123333,22180864
2025-12-26 02:00:00+00:00,0.345798939466,0.356913328171,0.345441699028,0.354691743851,51360384
2025-12-26 03:00:00+00:00,0.354700565338,0.3549503088,0.351467162371,0.352881282568,11085376
2025-12-26 04:00:00+00:00,0.352869719267,0.353942066431,0.351350694895,0.353549391031,2309376
2025-12-26 05:00:00+00:00,0.35354834795,0.353555619717,0.35248824954,0.353232383728,7049856
2025-12-26 06:00:00+00:00,0.353273421526,0.356794625521,0.353273421526,0.354867875576,35865088
2025-12-26 07:00:00+00:00,0.354880988598,0.355815947056,0.351788729429,0.351810127497,11491712
2025-12-26 08:00:00+00:00,0.351838976145,0.35330927372,0.351838976145,0.353103429079,0
2025-12-26 09:00:00+00:00,0.353131443262,0.354905098677,0.353131443262,0.354898840189,4878336
2025-12-26 10:00:00+00:00,0.354887664318,0.355742812157,0.354486137629,0.355508059263,0
2025-12-26 11:00:00+00:00,0.355490684509,0.355499595404,0.354779779911,0.355013340712,0
2025-12-26 12:00:00+00:00,0.355023354292,0.356344819069,0.355004370213,0.356274276972,9887104
2025-12-26 13:00:00+00:00,0.356276452541,0.357171952724,0.356070995331,0.357070744038,0
2025-12-26 14:00:00+00:00,0.357074648142,0.357074648142,0.349874466658,0.349874466658,4453120
2025-12-26 15:00:00+00:00,0.34978801012,0.34978801012,0.346572071314,0.346779048443,0
2025-12-26 16:00:00+00:00,0.346815556288,0.347547233105,0.345244795084,0.345244795084,0
2025-12-26 17:00:00+00:00,0.345183432102,0.348714947701,0.344935655594,0.347915232182,3348800
2025-12-26 18:00:00+00:00,0.347899645567,0.349826574326,0.347899645567,0.349003881216,0
2025-12-26 19:00:00+00:00,0.349011451006,0.350248426199,0.34899815917,0.349691808224,0
2025-12-26 20:00:00+00:00,0.349821478128,0.350589632988,0.34931525588,0.349961221218,0
2025-12-26 21:00:00+00:00,0.349921882153,0.35025292635,0.349494695663,0.350126445293,0
2025-12-26 22:00:00+00:00,0.34995624423,0.34995624423,0.349075466394,0.349717468023,0
2025-12-26 23:00:00+00:00,0.349807322025,0.350360274315,0.349576860666,0.349576860666,0
2025-12-27 00:00:00+00:00,0.349448502064,0.35059478879,0.349014252424,0.350588291883,0
2025-12-27 01:00:00+00:00,0.350584685802,0.351822912693,0.350584685802,0.351551055908,0
2025-12-27 02:00:00+00:00,0.35156968236,0.352886497974,0.350927323103,0.352810651064,0
2025-12-27 03:00:00+00:00,0.352803856134,0.354793667793,0.351934015751,0.354359507561,0
2025-12-27 04:00:00+00:00,0.354360729456,0.354509711266,0.352805227041,0.352805227041,0
2025-12-27 05:00:00+00:00,0.352859467268,0.353456348181,0.352345645428,0.353450059891,0
2025-12-27 06:00:00+00:00,0.353563785553,0.353808283806,0.352703511715,0.35279738903,0
2025-12-27 07:00:00+00:00,0.352819919586,0.353724718094,0.352082341909,0.352082341909,0
2025-12-27 08:00:00+00:00,0.352073699236,0.353411406279,0.352073699236,0.353173315525,0
2025-12-27 09:00:00+00:00,0.3531678617,0.353978425264,0.353142857552,0.353867053986,0
2025-12-27 10:00:00+00:00,0.353862643242,0.354494571686,0.352964937687,0.353520989418,5327520
2025-12-27 11:00:00+00:00,0.353904485703,0.354846268892,0.353904485703,0.354846268892,1543552
2025-12-27 12:00:00+00:00,0.356525152922,0.358219444752,0.356412798166,0.357291013002,1508064
2025-12-27 13:00:00+00:00,0.35736656189,0.357372671366,0.355769723654,0.355780959129,0
2025-12-27 14:00:00+00:00,0.355774104595,0.356519937515,0.355567604303,0.356488764286,0
2025-12-27 15:00:00+00:00,0.356470942497,0.356843948364,0.355778425932,0.356780409813,0
2025-12-27 16:00:00+00:00,0.35676702857,0.357179731131,0.356160640717,0.356160640717,0
2025-12-27 17:00:00+00:00,0.356128722429,0.357386827469,0.35588029027,0.357386827469,0
2025-12-27 18:00:00+00:00,0.357363700867,0.3575733006,0.356296986341,0.356451541185,0
2025-12-27 19:00:00+00:00,0.356451928616,0.357616275549,0.356348395348,0.357394874096,0
2025-12-27 20:00:00+00:00,0.357404947281,0.363940626383,0.357404947281,0.361654043198,43059552
2025-12-27 21:00:00+00:00,0.361655533314,0.364786416292,0.361655533314,0.363417506218,11657984
2025-12-27 22:00:00+00:00,0.363686263561,0.365500241518,0.363471895456,0.364779144526,4743680
2025-12-27 23:00:00+00:00,0.364708989859,0.369552701712,0.364708989859,0.369552701712,22177792
2025-12-28 00:00:00+00:00,0.369536817074,0.369858622551,0.368102371693,0.368829876184,13966432
2025-12-28 01:00:00+00:00,0.368851572275,0.36981511116,0.367928504944,0.368829160929,6389888
2025-12-28 02:00:00+00:00,0.368832319975,0.370303750038,0.368749111891,0.369128882885,4328672
2025-12-28 03:00:00+00:00,0.369123190641,0.369487583637,0.368683099747,0.369487583637,0
2025-12-28 04:00:00+00:00,0.369489461184,0.37006315589,0.369302481413,0.369777679443,0
2025-12-28 05:00:00+00:00,0.369778722525,0.371454924345,0.369546294212,0.370824187994,9084960
2025-12-28 06:00:00+00:00,0.370824486017,0.374315798283,0.370440602303,0.374228060246,27805792
2025-12-28 07:00:00+00:00,0.374175846577,0.374710798264,0.373603850603,0.373841166496,11041088
2025-12-28 08:00:00+00:00,0.373832404613,0.374715268612,0.373469442129,0.373700708151,2328896
2025-12-28 09:00:00+00:00,0.373657435179,0.373657435179,0.370023310184,0.370023310184,10032512
2025-12-28 10:00:00+00:00,0.370057851076,0.371165305376,0.370057851076,0.370124876499,0
2025-12-28 11:00:00+00:00,0.370112448931,0.371702045202,0.370112448931,0.37100443244,3401728
2025-12-28 12:00:00+00:00,0.371003806591,0.371137440205,0.369678676128,0.369678676128,0
2025-12-28 13:00:00+00:00,0.369589626789,0.369696438313,0.368951559067,0.3691367805,2286176
2025-12-28 14:00:00+00:00,0.369134813547,0.371107161045,0.369085341692,0.370733857155,7697728
2025-12-28 15:00:00+00:00,0.370749384165,0.371552288532,0.369381070137,0.369381070137,1297472
2025-12-28 16:00:00+00:00,0.369368761778,0.370608448982,0.369368761778,0.369615256786,669120
2025-12-28 17:00:00+00:00,0.36961838603,0.370756268501,0.369352847338,0.369352847338,0
2025-12-28 18:00:00+00:00,0.369330078363,0.369375497103,0.36352083087,0.36352083087,32738240
2025-12-28 19:00:00+00:00,0.363494485617,0.363741278648,0.362624794245,0.362985759974,11073760
2025-12-28 20:00:00+00:00,0.36287471652,0.363501161337,0.36189737916,0.362972199917,0
2025-12-28 21:00:00+00:00,0.362944334745,0.363618612289,0.362307548523,0.36334836483,0
2025-12-28 22:00:00+00:00,0.363336145878,0.365708351135,0.363002359867,0.365708351135,0
2025-12-28 23:00:00+00:00,0.365614891052,0.368527084589,0.364019185305,0.368493914604,8347776
2025-12-29 00:00:00+00:00,0.368571162224,0.37280228734,0.367678701878,0.372039109468,41269952
2025-12-29 01:00:00+00:00,0.372007578611,0.373992085457,0.368995159864,0.373567342758,14478592
2025-12-29 02:00:00+00:00,0.373633146286,0.377634495497,0.373633146286,0.376654326916,23440064
2025-12-29 03:00:00+00:00,0.376608461142,0.38087412715,0.376225084066,0.38087412715,39732928
2025-12-29 04:00:00+00:00,0.380790024996,0.382589757442,0.380504667759,0.381452649832,20296768
2025-12-29 05:00:00+00:00,0.381425559521,0.381937623024,0.379629254341,0.379961043596,16399296
2025-12-29 06:00:00+00:00,0.379590570927,0.379590570927,0.376271784306,0.376301676035,0
2025-12-29 07:00:00+00:00,0.376356899738,0.376571565866,0.374529838562,0.375810205936,8090432
2025-12-29 08:00:00+00:00,0.375737369061,0.376662611961,0.374499440193,0.374526232481,6775104
2025-12-29 09:00:00+00:00,0.374583989382,0.375333070755,0.367745280266,0.368856996298,13606336
2025-12-29 10:00:00+00:00,0.36889180541,0.370901972055,0.36889180541,0.370264947414,10057856
2025-12-29 11:00:00+00:00,0.369960933924,0.370425373316,0.369234710932,0.369298011065,0
2025-12-29 12:00:00+00:00,0.369253844023,0.369253844023,0.36284199357,0.365186601877,31570624
2025-12-29 13:00:00+00:00,0.365193814039,0.365605860949,0.363506257534,0.363643974066,2278784
2025-12-29 14:00:00+00:00,0.363672673702,0.368378281593,0.363649278879,0.365514010191,23918656
2025-12-29 15:00:00+00:00,0.36542570591,0.366818159819,0.364499002695,0.365031003952,15876032
2025-12-29 16:00:00+00:00,0.365026384592,0.3650803864,0.35968798399,0.359788656235,22135168
2025-12-29 17:00:00+00:00,0.359754472971,0.360387742519,0.358420342207,0.359595239162,26455936
2025-12-29 18:00:00+00:00,0.359572738409,0.359572738409,0.354972451925,0.354983896017,0
2025-12-29 19:00:00+00:00,0.354981213808,0.356483995914,0.353103816509,0.353103816509,11737728
2025-12-29 20:00:00+00:00,0.353044897318,0.353257387877,0.350600451231,0.351326495409,14942208
2025-12-29 21:00:00+00:00,0.351351886988,0.352843463421,0.351351886988,0.352492183447,6785792
2025-12-29 22:00:00+00:00,0.352484762669,0.354620486498,0.352052509785,0.35422962904,4378624
2025-12-29 23:00:00+00:00,0.354205608368,0.354205608368,0.352760881186,0.352914810181,0
2025-12-30 00:00:00+00:00,0.352916002274,0.353676468134,0.35257217288,0.353676468134,0
2025-12-30 01:00:00+00:00,0.353695183992,0.354548931122,0.352541208267,0.352541208267,0
2025-12-30 02:00:00+00:00,0.352509349585,0.352509349585,0.349327176809,0.350080549717,0
2025-12-30 03:00:00+00:00,0.350096255541,0.352389395237,0.350096255541,0.352353006601,0
2025-12-30 04:00:00+00:00,0.352319389582,0.352842539549,0.35162127018,0.3523260355,0
2025-12-30 05:00:00+00:00,0.352188259363,0.352188259363,0.350804716349,0.351039350033,0
2025-12-30 06:00:00+00:00,0.351016700268,0.352236330509,0.35072094202,0.351260244846,0
2025-12-30 07:00:00+00:00,0.35125130415,0.352492004633,0.350987195969,0.35143238306,0
2025-12-30 08:00:00+00:00,0.351450830698,0.35591712594,0.351450830698,0.354713559151,8358848
2025-12-30 09:00:00+00:00,0.354727119207,0.35567215085,0.354427158833,0.355429708958,0
2025-12-30 10:00:00+00:00,0.355417817831,0.355458527803,0.353764533997,0.353764533997,0
2025-12-30 11:00:00+00:00,0.35376983881,0.35376983881,0.351945281029,0.351972609758,0
2025-12-30 12:00:00+00:00,0.351968258619,0.353316158056,0.351958185434,0.352697759867,0
2025-12-30 13:00:00+00:00,0.352709323168,0.353088617325,0.352345943451,0.352904945612,0
2025-12-30 14:00:00+00:00,0.352920413017,0.355041950941,0.351089477539,0.355041950941,0
2025-12-30 15:00:00+00:00,0.355017125607,0.355177164078,0.351848214865,0.353849649429,5269440
2025-12-30 16:00:00+00:00,0.353850871325,0.354611158371,0.35211545229,0.35301977396,0
2025-12-30 17:00:00+00:00,0.353018403053,0.353651165962,0.352274060249,0.352698653936,0
2025-12-30 18:00:00+00:00,0.352648645639,0.352718085051,0.351543217897,0.351786792278,0
2025-12-30 19:00:00+00:00,0.351775050163,0.351775050163,0.350646972656,0.350977003574,0
2025-12-30 20:00:00+00:00,0.350971996784,0.350971996784,0.349364340305,0.349364340305,0
2025-12-30 21:00:00+00:00,0.349226385355,0.349977016449,0.349085062742,0.349977016449,0
2025-12-30 22:00:00+00:00,0.349982619286,0.350628584623,0.34944576025,0.350418746471,0
2025-12-30 23:00:00+00:00,0.350421905518,0.351324081421,0.350290983915,0.351117253304,0
2025-12-31 00:00:00+00:00,0.351101994514,0.351101994514,0.349403083324,0.350294142962,0
2025-12-31 01:00:00+00:00,0.350401759148,0.352892041206,0.350401759148,0.351728022099,0
2025-12-31 02:00:00+00:00,0.351435869932,0.352691113949,0.351143300533,0.352644830942,0
2025-12-31 03:00:00+00:00,0.352651745081,0.352698177099,0.35078933835,0.351088255644,0
2025-12-31 04:00:00+00:00,0.351091653109,0.352105915546,0.351091653109,0.351973354816,3465472
2025-12-31 05:00:00+00:00,0.351970732212,0.352911055088,0.35194003582,0.352719664574,3351296
2025-12-31 06:00:00+00:00,0.352725058794,0.352754354477,0.351026564837,0.351621121168,15421952
2025-12-31 07:00:00+00:00,0.351614683867,0.351614683867,0.35038214922,0.35067281127,0
2025-12-31 08:00:00+00:00,0.350675135851,0.351019144058,0.348805695772,0.348828941584,0
2025-12-31 09:00:00+00:00,0.348838448524,0.349405437708,0.348785638809,0.349402695894,0
2025-12-31 10:00:00+00:00,0.349403172731,0.349878251553,0.349196374416,0.349535703659,0
2025-12-31 11:00:00+00:00,0.349537342787,0.351836949587,0.349537342787,0.351548880339,3138240
2025-12-31 12:00:00+00:00,0.351563006639,0.351563006639,0.349222242832,0.349344968796,0
2025-12-31 13:00:00+00:00,0.349367886782,0.350000470877,0.347723931074,0.348352015018,11552064
2025-12-31 14:00:00+00:00,0.348359256983,0.350117534399,0.347447305918,0.347725600004,0
2025-12-31 15:00:00+00:00,0.34770694375,0.34770694375,0.341603934765,0.341935813427,24622592
2025-12-31 16:00:00+00:00,0.341920882463,0.341920882463,0.33354356885,0.333811253309,60350912
2025-12-31 17:00:00+00:00,0.333810120821,0.334616720676,0.332960516214,0.333321541548,12492992
2025-12-31 18:00:00+00:00,0.33332413435,0.334944576025,0.332986950874,0.332986950874,9906240
2025-12-31 19:00:00+00:00,0.332980275154,0.333535462618,0.332145631313,0.332145631313,544512
2025-12-31 20:00:00+00:00,0.332031309605,0.333542853594,0.330389589071,0.333542853594,16592768
2025-12-31 21:00:00+00:00,0.333480000496,0.33375120163,0.332349956036,0.333342730999,10041856
2025-12-31 22:00:00+00:00,0.333337545395,0.333337545395,0.332400500774,0.332783848047,10899584
2025-12-31 23:00:00+00:00,0.332782566547,0.333043426275,0.332272171974,0.332836061716,13623104
2026-01-01 00:00:00+00:00,0.332838386297,0.334183424711,0.332838386297,0.333647072315,11010880
2026-01-01 01:00:00+00:00,0.333654075861,0.334559559822,0.332726299763,0.332836925983,0
2026-01-01 02:00:00+00:00,0.332781374454,0.333059728146,0.332332730293,0.332362353802,0
2026-01-01 03:00:00+00:00,0.332229703665,0.333039879799,0.332156717777,0.332268357277,5995968
2026-01-01 04:00:00+00:00,0.332233279943,0.332380563021,0.331782400608,0.332004398108,696128
2026-01-01 05:00:00+00:00,0.332001656294,0.336553424597,0.331989228725,0.33595713973,16689856
2026-01-01 06:00:00+00:00,0.335968852043,0.336093276739,0.335648834705,0.33579441905,0
2026-01-01 07:00:00+00:00,0.33579325676,0.337140649557,0.33579325676,0.336083263159,0
2026-01-01 08:00:00+00:00,0.336052656174,0.336954593658,0.335945308208,0.336954593658,0
2026-01-01 09:00:00+00:00,0.337072223425,0.339883923531,0.337072223425,0.338450133801,6343616
2026-01-01 10:00:00+00:00,0.338461756706,0.338652253151,0.338213831186,0.33833283186,0
2026-01-01 11:00:00+00:00,0.338315576315,0.339753776789,0.338278114796,0.339753776789,0
2026-01-01 12:00:00+00:00,0.339798986912,0.340165138245,0.339074969292,0.339296072721,0
2026-01-01 13:00:00+00:00,0.339289218187,0.341934800148,0.339231789112,0.341845750809,0
2026-01-01 14:00:00+00:00,0.34185269475,0.343579947948,0.34185269475,0.343232095242,2041728
2026-01-01 15:00:00+00:00,0.343221217394,0.346638649702,0.342948019505,0.346620082855,0
2026-01-01 16:00:00+00:00,0.346615880728,0.348025709391,0.34577870369,0.347597956657,0
2026-01-01 17:00:00+00:00,0.347661674023,0.35217872262,0.347661674023,0.350917816162,595200
2026-01-01 18:00:00+00:00,0.350944131613,0.351546376944,0.349672049284,0.351127117872,0
2026-01-01 19:00:00+00:00,0.351109087467,0.35662701726,0.351109087467,0.356625646353,12753152
2026-01-01 20:00:00+00:00,0.356638222933,0.358860313892,0.355576395988,0.356483161449,7766528
2026-01-01 21:00:00+00:00,0.356479495764,0.356604814529,0.355670273304,0.356059074402,1839360
2026-01-01 22:00:00+00:00,0.356051772833,0.357295393944,0.355611294508,0.357043713331,0
2026-01-01 23:00:00+00:00,0.35701072216,0.357396662235,0.356197685003,0.356212168932,64384
2026-01-02 00:00:00+00:00,0.356192827225,0.356640547514,0.354773104191,0.355326265097,589568
2026-01-02 01:00:00+00:00,0.355365753174,0.356707632542,0.355184018612,0.355878829956,0
2026-01-02 02:00:00+00:00,0.355849504471,0.35797855258,0.355508387089,0.35797855258,0
2026-01-02 03:00:00+00:00,0.357943475246,0.362014383078,0.357899755239,0.361307144165,11355168
2026-01-02 04:00:00+00:00,0.361402720213,0.362583398819,0.359112888575,0.359842717648,12891200
2026-01-02 05:00:00+00:00,0.359817266464,0.359817266464,0.357039064169,0.357898712158,0
2026-01-02 06:00:00+00:00,0.357865333557,0.358182251453,0.357244968414,0.357824623585,0
2026-01-02 07:00:00+00:00,0.357836544514,0.357913017273,0.355173289776,0.355319410563,0
2026-01-02 08:00:00+00:00,0.355305850506,0.356878548861,0.355239540339,0.356761276722,3868160
2026-01-02 09:00:00+00:00,0.356784939766,0.364456981421,0.356784939766,0.364113599062,27400160
2026-01-02 10:00:00+00:00,0.36422008276,0.365540504456,0.363721102476,0.364092081785,34469568
2026-01-02 11:00:00+00:00,0.364087253809,0.364133536816,0.359927535057,0.360446631908,13441280
2026-01-02 12:00:00+00:00,0.360434561968,0.363922417164,0.359055310488,0.363883048296,12750528
2026-01-02 13:00:00+00:00,0.363788843155,0.365412324667,0.363386571407,0.364480823278,12210368
2026-01-02 14:00:00+00:00,0.364411085844,0.368805319071,0.361927896738,0.367315798998,50355776
2026-01-02 15:00:00+00:00,0.367504954338,0.373587757349,0.366027235985,0.371266961098,39801920
2026-01-02 16:00:00+00:00,0.371192127466,0.387394100428,0.371192127466,0.387394100428,83492352
2026-01-02 17:00:00+00:00,0.387488335371,0.390704363585,0.387302577496,0.388352304697,73552320
2026-01-02 18:00:00+00:00,0.388355284929,0.388396590948,0.381176710129,0.381641089916,28066240
2026-01-02 19:00:00+00:00,0.381601691246,0.388406574726,0.3815292418,0.38837236166,15924608
2026-01-02 20:00:00+00:00,0.388367950916,0.388466119766,0.385529905558,0.385677039623,0
2026-01-02 21:00:00+00:00,0.385633468628,0.390318959951,0.385633468628,0.39029186964,12367680
2026-01-02 22:00:00+00:00,0.390291333199,0.394692957401,0.390291333199,0.394480258226,29294080
2026-01-02 23:00:00+00:00,0.394451975822,0.395630806684,0.393219321966,0.393760889769,11152064
2026-01-03 00:00:00+00:00,0.393907815218,0.397453278303,0.393907815218,0.395577698946,19206720
2026-01-03 01:00:00+00:00,0.395501792431,0.395501792431,0.393102794886,0.393636673689,6142336
2026-01-03 02:00:00+00:00,0.393613636494,0.396349221468,0.391863822937,0.396349221468,13165952
2026-01-03 03:00:00+00:00,0.396348297596,0.398243397474,0.394382208586,0.398227632046,0
2026-01-03 04:00:00+00:00,0.398166894913,0.398334383965,0.396447509527,0.396738708019,0
2026-01-03 05:00:00+00:00,0.39697983861,0.397832870483,0.392511814833,0.392880529165,5164544
2026-01-03 06:00:00+00:00,0.392858564854,0.394570589066,0.390260219574,0.390750676394,18675584
2026-01-03 07:00:00+00:00,0.390748798847,0.391306042671,0.384234696627,0.384234696627,44871680
2026-01-03 08:00:00+00:00,0.384035497904,0.387010574341,0.383714795113,0.386704415083,17308928
2026-01-03 09:00:00+00:00,0.386741578579,0.388512432575,0.386131167412,0.387952774763,0
2026-01-03 10:00:00+00:00,0.387776643038,0.387776643038,0.385199189186,0.385372757912,0
2026-01-03 11:00:00+00:00,0.385313421488,0.385313421488,0.383780092001,0.384352684021,0
2026-01-03 12:00:00+00:00,0.384410053492,0.386388659477,0.383901327848,0.386382877827,0
2026-01-03 13:00:00+00:00,0.386423170567,0.386959731579,0.385629743338,0.386927306652,0
2026-01-03 14:00:00+00:00,0.38692805171,0.390134185553,0.386779427528,0.386799901724,0
2026-01-03 15:00:00+00:00,0.386834204197,0.38738104701,0.386082202196,0.386617094278,0
2026-01-03 16:00:00+00:00,0.38656193018,0.3880905509,0.386012852192,0.387922465801,0
2026-01-03 17:00:00+00:00,0.387884408236,0.38824313879,0.386939525604,0.387981683016,0
2026-01-03 18:00:00+00:00,0.387936890125,0.389340907335,0.387208044529,0.389022409916,0
2026-01-03 19:00:00+00:00,0.389043658972,0.389054566622,0.388007640839,0.388265699148,0
2026-01-03 20:00:00+00:00,0.388268381357,0.388289004564,0.386026471853,0.388011097908,0
2026-01-03 21:00:00+00:00,0.388021916151,0.389499783516,0.387439638376,0.388624489307,0
2026-01-03 22:00:00+00:00,0.388622611761,0.389820486307,0.388322532177,0.389321863651,0
2026-01-03 23:00:00+00:00,0.389318495989,0.389716207981,0.389011412859,0.389379680157,0
2026-01-04 00:00:00+00:00,0.389274060726,0.395068377256,0.389202028513,0.395060628653,0
2026-01-04 01:00:00+00:00,0.39503288269,0.39503288269,0.392155110836,0.393753737211,0
2026-01-04 02:00:00+00:00,0.393735468388,0.395234674215,0.39306217432,0.393095016479,0
2026-01-04 03:00:00+00:00,0.39312505722,0.399355173111,0.39312505722,0.399355173111,14068576
2026-01-04 04:00:00+00:00,0.399357974529,0.400799661875,0.397614896297,0.397614896297,9870528
2026-01-04 05:00:00+00:00,0.397600352764,0.398740768433,0.396412581205,0.398734897375,0
2026-01-04 06:00:00+00:00,0.398341059685,0.398466944695,0.394593864679,0.394682347775,0
2026-01-04 07:00:00+00:00,0.394669920206,0.396866232157,0.394372850657,0.396609902382,0
2026-01-04 08:00:00+00:00,0.396551221609,0.398050814867,0.393563330173,0.398050814867,0
2026-01-04 09:00:00+00:00,0.398064047098,0.402573943138,0.396946519613,0.402573943138,12751840
2026-01-04 10:00:00+00:00,0.402592331171,0.404301673174,0.402592331171,0.403073936701,23504384
2026-01-04 11:00:00+00:00,0.403090208769,0.403090208769,0.39965903759,0.400643110275,7912192
2026-01-04 12:00:00+00:00,0.400684386492,0.403871357441,0.400684386492,0.401410460472,7718080
2026-01-04 13:00:00+00:00,0.401005417109,0.401005417109,0.398226171732,0.3998298347,4731840
2026-01-04 14:00:00+00:00,0.399819910526,0.400131344795,0.396725922823,0.398353874683,0
2026-01-04 15:00:00+00:00,0.398393958807,0.398771494627,0.39722469449,0.398771494627,5646976
2026-01-04 16:00:00+00:00,0.398756444454,0.402001023293,0.398700684309,0.402001023293,12048960
2026-01-04 17:00:00+00:00,0.402020901442,0.403584480286,0.401085823774,0.403548359871,16163392
2026-01-04 18:00:00+00:00,0.403439819813,0.403439819813,0.399135798216,0.400409281254,9687104
2026-01-04 19:00:00+00:00,0.400471776724,0.400471776724,0.396299928427,0.398163169622,19529024
2026-01-04 20:00:00+00:00,0.398144155741,0.400892853737,0.398144155741,0.399580866098,544512
2026-01-04 21:00:00+00:00,0.3995834589,0.401072025299,0.397438526154,0.398537397385,8020864
2026-01-04 22:00:00+00:00,0.398545980453,0.401015907526,0.398046046495,0.398046046495,7319296
2026-01-04 23:00:00+00:00,0.39815685153,0.401171088219,0.39815685153,0.400091767311,10762816
2026-01-05 00:00:00+00:00,0.400137811899,0.401967763901,0.398673176765,0.401167184114,0
2026-01-05 01:00:00+00:00,0.401244103909,0.40664678812,0.401244103909,0.405952721834,34592064
2026-01-05 02:00:00+00:00,0.405959635973,0.406560659409,0.401561200619,0.403969317675,19933952
2026-01-05 03:00:00+00:00,0.403989762068,0.404865801334,0.402433663607,0.403370529413,0
2026-01-05 04:00:00+00:00,0.403352767229,0.403352767229,0.395660847425,0.397665202618,2541696
2026-01-05 05:00:00+00:00,0.397617042065,0.400248914957,0.396734118462,0.398950397968,4334592
2026-01-05 06:00:00+00:00,0.398937165737,0.399526029825,0.396871715784,0.399526029825,0
2026-01-05 07:00:00+00:00,0.399499416351,0.401867359877,0.399203509092,0.400695204735,0
2026-01-05 08:00:00+00:00,0.400715649128,0.403016120195,0.399237602949,0.399344354868,0
2026-01-05 09:00:00+00:00,0.398852676153,0.398852676153,0.396634995937,0.397322595119,0
2026-01-05 10:00:00+00:00,0.397144824266,0.399621278048,0.396959632635,0.398198068142,0
2026-01-05 11:00:00+00:00,0.397802323103,0.399416446686,0.3968552351,0.399416446686,0
2026-01-05 12:00:00+00:00,0.399527579546,0.400505334139,0.398769795895,0.40046018362,0
2026-01-05 13:00:00+00:00,0.40044516325,0.401461720467,0.397454440594,0.397932767868,146816
2026-01-05 14:00:00+00:00,0.398118317127,0.405411869287,0.397877246141,0.404307454824,23189760
2026-01-05 15:00:00+00:00,0.404038995504,0.411988943815,0.402207434177,0.411988943815,51571776
2026-01-05 16:00:00+00:00,0.412258207798,0.415168493986,0.412258207798,0.413222402334,37908544
2026-01-05 17:00:00+00:00,0.413141161203,0.413141161203,0.407552063465,0.412273049355,32927744
2026-01-05 18:00:00+00:00,0.412335038185,0.418471753597,0.412335038185,0.418471753597,23251648
2026-01-05 19:00:00+00:00,0.418350964785,0.419017732143,0.415913939476,0.416918516159,15225088
2026-01-05 20:00:00+00:00,0.416932016611,0.4224832654,0.416932016611,0.418097883463,35228800
2026-01-05 21:00:00+00:00,0.418246239424,0.421544313431,0.418246239424,0.421095758677,12808256
2026-01-05 22:00:00+00:00,0.421210944653,0.424557626247,0.419810503721,0.423699915409,13486912
2026-01-05 23:00:00+00:00,0.423588454723,0.423660457134,0.421873509884,0.421873509884,5190400
2026-01-06 00:00:00+00:00,0.421845257282,0.423456966877,0.418530583382,0.423456966877,9431616
2026-01-06 01:00:00+00:00,0.423519283533,0.430095374584,0.423519283533,0.423617303371,0
2026-01-06 02:00:00+00:00,0.423666656017,0.427938014269,0.423666656017,0.425763428211,0
2026-01-06 03:00:00+00:00,0.425744891167,0.427017062902,0.425098925829,0.425654947758,0
2026-01-06 04:00:00+00:00,0.425656855106,0.426305055618,0.424544513226,0.426026552916,0
2026-01-06 05:00:00+00:00,0.425244182348,0.4253911376,0.422541826963,0.422597110271,0
2026-01-06 06:00:00+00:00,0.422738701105,0.424732118845,0.420636534691,0.423668533564,12765632
2026-01-06 07:00:00+00:00,0.423579841852,0.423579841852,0.414839446545,0.414839446545,21048320
2026-01-06 08:00:00+00:00,0.4148029387,0.417299509048,0.414785772562,0.416232258081,0
2026-01-06 09:00:00+00:00,0.415923386812,0.417708367109,0.415923386812,0.417695134878,0
2026-01-06 10:00:00+00:00,0.417678803205,0.4197961092,0.41734457016,0.419295936823,0
2026-01-06 11:00:00+00:00,0.41908454895,0.421908885241,0.419031858444,0.421472579241,219136
2026-01-06 12:00:00+00:00,0.42156252265,0.423471361399,0.42156252265,0.422572493553,5418368
2026-01-06 13:00:00+00:00,0.422531962395,0.424169838428,0.421330899,0.422327756882,10127296
2026-01-06 14:00:00+00:00,0.422311037779,0.435672700405,0.422311037779,0.426536291838,56309056
2026-01-06 15:00:00+00:00,0.426581591368,0.429281502962,0.418512374163,0.418565362692,12656704
2026-01-06 16:00:00+00:00,0.419464051723,0.419903159142,0.407285600901,0.409562915564,16978176
2026-01-06 17:00:00+00:00,0.409455180168,0.410448104143,0.402595221996,0.402695327997,3163456
2026-01-06 18:00:00+00:00,0.402456432581,0.408100008965,0.401939332485,0.40779325366,0
2026-01-06 19:00:00+00:00,0.407831579447,0.408709585667,0.407128036022,0.407278358936,0
2026-01-06 20:00:00+00:00,0.407283693552,0.41279861331,0.407283693552,0.412133693695,0
2026-01-06 21:00:00+00:00,0.412092924118,0.420059710741,0.411061137915,0.417774230242,13556288
2026-01-06 22:00:00+00:00,0.417775690556,0.418339937925,0.415214091539,0.417237430811,0
2026-01-06 23:00:00+00:00,0.417240023613,0.420476675034,0.417240023613,0.419618755579,0
2026-01-07 00:00:00+00:00,0.41939213872,0.41939213872,0.414127767086,0.414127767086,0
2026-01-07 01:00:00+00:00,0.413383096457,0.414274632931,0.410239249468,0.410320669413,0
2026-01-07 02:00:00+00:00,0.410183697939,0.413988679647,0.409810811281,0.413988679647,0
2026-01-07 03:00:00+00:00,0.413956403732,0.414831578732,0.411831766367,0.411831766367,0
2026-01-07 04:00:00+00:00,0.41183924675,0.412447094917,0.411181986332,0.411753326654,0
2026-01-07 05:00:00+00:00,0.411763131618,0.411790430546,0.409864336252,0.409864336252,0
2026-01-07 06:00:00+00:00,0.409856885672,0.411983400583,0.409856885672,0.410739183426,0
2026-01-07 07:00:00+00:00,0.410903483629,0.417245924473,0.410903483629,0.417245924473,0
2026-01-07 08:00:00+00:00,0.41735252738,0.421513468027,0.41735252738,0.421488463879,5680576
2026-01-07 09:00:00+00:00,0.421454370022,0.421454370022,0.41016471386,0.410654038191,10448000
2026-01-07 10:00:00+00:00,0.410661309958,0.412993788719,0.409889012575,0.412705093622,3317760
2026-01-07 11:00:00+00:00,0.412832200527,0.415612012148,0.412832200527,0.414871931076,2384512
2026-01-07 12:00:00+00:00,0.41476431489,0.414881765842,0.411561876535,0.411561876535,0
2026-01-07 13:00:00+00:00,0.41152626276,0.412132531404,0.4095479846,0.409554034472,0
2026-01-07 14:00:00+00:00,0.40964487195,0.40964487195,0.402560263872,0.406908333302,0
2026-01-07 15:00:00+00:00,0.407128453255,0.407128453255,0.401296108961,0.402721434832,0
2026-01-07 16:00:00+00:00,0.40265339613,0.404845029116,0.402624368668,0.403736919165,0
2026-01-07 17:00:00+00:00,0.403747618198,0.407094955444,0.403501242399,0.403840094805,0
2026-01-07 18:00:00+00:00,0.403843104839,0.405023902655,0.402761936188,0.40291595459,0
2026-01-07 19:00:00+00:00,0.40327963233,0.403643876314,0.400830209255,0.403068214655,8755008
2026-01-07 20:00:00+00:00,0.403005421162,0.403226703405,0.399646490812,0.400601863861,0
2026-01-07 21:00:00+00:00,0.400630742311,0.402055710554,0.400615274906,0.40083399415,0
2026-01-07 22:00:00+00:00,0.400858402252,0.402548909187,0.400000929832,0.400070905685,0
2026-01-07 23:00:00+00:00,0.39997279644,0.403470367193,0.398721694946,0.401897370815,6235264
2026-01-08 00:00:00+00:00,0.401899397373,0.402779012918,0.399803757668,0.402779012918,4979904
2026-01-08 01:00:00+00:00,0.402736604214,0.403696745634,0.402170538902,0.403397172689,0
2026-01-08 02:00:00+00:00,0.403387606144,0.403746604919,0.399745851755,0.39985960722,1075072
2026-01-08 03:00:00+00:00,0.399893790483,0.401632755995,0.39690554142,0.397403389215,11173632
2026-01-08 04:00:00+00:00,0.397465020418,0.400978893042,0.397199571133,0.400486707687,11203392
2026-01-08 05:00:00+00:00,0.400608181953,0.401030063629,0.398159056902,0.398181319237,0
2026-01-08 06:00:00+00:00,0.398191839457,0.398410946131,0.392599284649,0.392599284649,21683776
2026-01-08 07:00:00+00:00,0.392334073782,0.394770622253,0.390858024359,0.394706696272,29812352
2026-01-08 08:00:00+00:00,0.394697755575,0.396132320166,0.392302066088,0.392302066088,0
2026-01-08 09:00:00+00:00,0.392326533794,0.393418699503,0.390357166529,0.39045470953,0
2026-01-08 10:00:00+00:00,0.390464097261,0.392044335604,0.388023138046,0.391951560974,8275712
2026-01-08 11:00:00+00:00,0.391935229301,0.39200630784,0.388446122408,0.389876365662,4476224
2026-01-08 12:00:00+00:00,0.389915972948,0.389953672886,0.38742017746,0.387883096933,0
2026-01-08 13:00:00+00:00,0.387899518013,0.38950791955,0.387899518013,0.388424307108,0
2026-01-08 14:00:00+00:00,0.388443171978,0.389190852642,0.385887205601,0.388312876225,0
2026-01-08 15:00:00+00:00,0.38835889101,0.393262624741,0.387281596661,0.393150180578,0
2026-01-08 16:00:00+00:00,0.393298864365,0.394782215357,0.391736775637,0.393405884504,12582848
2026-01-08 17:00:00+00:00,0.393584877253,0.396730601788,0.392792105675,0.396682590246,5474816
2026-01-08 18:00:00+00:00,0.396675854921,0.396692156792,0.393839359283,0.393862962723,1301632
2026-01-08 19:00:00+00:00,0.393903315067,0.395546197891,0.39322668314,0.393241226673,0
2026-01-08 20:00:00+00:00,0.393265932798,0.393265932798,0.390061765909,0.392681181431,0
2026-01-08 21:00:00+00:00,0.392598927021,0.397047251463,0.392598927021,0.397047251463,15497408
2026-01-08 22:00:00+00:00,0.397065281868,0.397748142481,0.39513912797,0.396191060543,843008
2026-01-08 23:00:00+00:00,0.396196752787,0.397268533707,0.39564538002,0.39564538002,0
2026-01-09 00:00:00+00:00,0.395635873079,0.397667616606,0.395539373159,0.397223263979,0
2026-01-09 01:00:00+00:00,0.397224605083,0.398906767368,0.395498335361,0.395558476448,11572096
2026-01-09 02:00:00+00:00,0.395553201437,0.398939728737,0.395240694284,0.395404696465,0
2026-01-09 03:00:00+00:00,0.395417302847,0.397724628448,0.3948957026,0.397712379694,0
2026-01-09 04:00:00+00:00,0.39775660634,0.397881567478,0.395799040794,0.395841687918,0
2026-01-09 05:00:00+00:00,0.395836383104,0.396168082952,0.394214987755,0.396117299795,0
2026-01-09 06:00:00+00:00,0.396128833294,0.39900931716,0.395689427853,0.39897570014,0
2026-01-09 07:00:00+00:00,0.398993402719,0.398993402719,0.397646963596,0.397646963596,0
2026-01-09 08:00:00+00:00,0.397603571415,0.397603571415,0.39063668251,0.390904903412,2198848
2026-01-09 09:00:00+00:00,0.391007065773,0.393696069717,0.391007065773,0.392222821712,0
2026-01-09 10:00:00+00:00,0.392147541046,0.392147541046,0.390803486109,0.39133682847,0
2026-01-09 11:00:00+00:00,0.391322076321,0.392975538969,0.391315758228,0.391315758228,0
2026-01-09 12:00:00+00:00,0.391317814589,0.391641020775,0.389744877815,0.390978395939,0
2026-01-09 13:00:00+00:00,0.390986680984,0.395667999983,0.390986680984,0.395349860191,20018528
2026-01-09 14:00:00+00:00,0.395336657763,0.395336657763,0.389061152935,0.389405041933,0
2026-01-09 15:00:00+00:00,0.389589548111,0.403204739094,0.389314800501,0.395984321833,25491328
2026-01-09 16:00:00+00:00,0.395973056555,0.402778059244,0.395973056555,0.401299506426,0
2026-01-09 17:00:00+00:00,0.401234418154,0.401234418154,0.393628627062,0.39652967453,0
2026-01-09 18:00:00+00:00,0.396509230137,0.39657703042,0.390972346067,0.392976731062,0
2026-01-09 19:00:00+00:00,0.392635762691,0.392635762691,0.389121562243,0.390325903893,0
2026-01-09 20:00:00+00:00,0.389947205782,0.391976743937,0.389947205782,0.390739172697,0
2026-01-09 21:00:00+00:00,0.390737056732,0.392719864845,0.390182673931,0.392014175653,0
2026-01-09 22:00:00+00:00,0.392012625933,0.392925441265,0.390945911407,0.392892301083,0
2026-01-09 23:00:00+00:00,0.392864853144,0.392864853144,0.390680849552,0.390738338232,3737120
2026-01-10 00:00:00+00:00,0.390762925148,0.390822529793,0.388932973146,0.388952344656,2285152
2026-01-10 01:00:00+00:00,0.389127731323,0.390065461397,0.389040976763,0.389688521624,0
2026-01-10 02:00:00+00:00,0.389716118574,0.39054402709,0.388991802931,0.389040589333,0
2026-01-10 03:00:00+00:00,0.389048069715,0.389048069715,0.386807918549,0.388662427664,0
2026-01-10 04:00:00+00:00,0.388663262129,0.388663262129,0.387168586254,0.387600749731,0
2026-01-10 05:00:00+00:00,0.387569516897,0.387851595879,0.387190997601,0.387457877398,0
2026-01-10 06:00:00+00:00,0.387430459261,0.387430459261,0.384963363409,0.38599807024,1444352
2026-01-10 07:00:00+00:00,0.385947942734,0.387611240149,0.385773330927,0.387517601252,0
2026-01-10 08:00:00+00:00,0.387507498264,0.387727499008,0.387021958828,0.387210100889,0
2026-01-10 09:00:00+00:00,0.387264341116,0.389712780714,0.387264341116,0.389654695988,0
2026-01-10 10:00:00+00:00,0.389684081078,0.390628755093,0.389336019754,0.390368282795,581216
2026-01-10 11:00:00+00:00,0.390402555466,0.390541017056,0.389818906784,0.390309214592,0
2026-01-10 12:00:00+00:00,0.390337049961,0.391433000565,0.390337049961,0.391433000565,0
2026-01-10 13:00:00+00:00,0.391460120678,0.391701698303,0.390349388123,0.390349388123,0
2026-01-10 14:00:00+00:00,0.390356004238,0.390356004238,0.388593971729,0.3886064291,0
2026-01-10 15:00:00+00:00,0.388616800308,0.389952749014,0.388616800308,0.389237642288,0
2026-01-10 16:00:00+00:00,0.389224529266,0.390050470829,0.388537079096,0.389491409063,0
2026-01-10 17:00:00+00:00,0.389510780573,0.391158372164,0.389089047909,0.389089047909,0
2026-01-10 18:00:00+00:00,0.389086067677,0.390076726675,0.388623565435,0.389369338751,0
2026-01-10 19:00:00+00:00,0.389350235462,0.390519827604,0.38895174861,0.390519827604,0
2026-01-10 20:00:00+00:00,0.390555530787,0.390755027533,0.390028178692,0.390028178692,0
2026-01-10 21:00:00+00:00,0.390034794807,0.390034794807,0.38883715868,0.38890427351,0
2026-01-10 22:00:00+00:00,0.388887107372,0.388887107372,0.385735273361,0.385735273361,3564064
2026-01-10 23:00:00+00:00,0.385717600584,0.38817191124,0.385618686676,0.387957602739,18224
2026-01-11 00:00:00+00:00,0.387952268124,0.388811826706,0.387548774481,0.388807266951,0
2026-01-11 01:00:00+00:00,0.388796538115,0.389570176601,0.388386487961,0.389570176601,0
2026-01-11 02:00:00+00:00,0.389582931995,0.391269296408,0.389582931995,0.390011131763,787072
2026-01-11 03:00:00+00:00,0.389991223812,0.390313088894,0.389522850513,0.390171915293,0
2026-01-11 04:00:00+00:00,0.390173256397,0.390508830547,0.38938882947,0.390508830547,0
2026-01-11 05:00:00+00:00,0.390501558781,0.391113519669,0.390150338411,0.391089081764,0
2026-01-11 06:00:00+00:00,0.391094893217,0.391094893217,0.389065474272,0.390345960855,0
2026-01-11 07:00:00+00:00,0.390309602022,0.390837222338,0.390130788088,0.390680283308,0
2026-01-11 08:00:00+00:00,0.390683829784,0.391290426254,0.39051041007,0.391269594431,3096128
2026-01-11 09:00:00+00:00,0.391260534525,0.392371833324,0.390792906284,0.391036003828,0
2026-01-11 10:00:00+00:00,0.391039013863,0.391039013863,0.390087485313,0.390483230352,0
2026-01-11 11:00:00+00:00,0.390492320061,0.391446888447,0.390492320061,0.391276836395,0
2026-01-11 12:00:00+00:00,0.391273677349,0.394453555346,0.391273677349,0.394453555346,5861024
2026-01-11 13:00:00+00:00,0.394459396601,0.395749747753,0.393646210432,0.393777698278,20719536
2026-01-11 14:00:00+00:00,0.393773436546,0.394293159246,0.393165498972,0.394293159246,2961856
2026-01-11 15:00:00+00:00,0.394387871027,0.394903838634,0.389343172312,0.389956772327,23036608
2026-01-11 16:00:00+00:00,0.389938533306,0.394569069147,0.389938533306,0.393225729465,26755136
2026-01-11 17:00:00+00:00,0.393285036087,0.394399791956,0.392456412315,0.39423006773,7054400
2026-01-11 18:00:00+00:00,0.394248992205,0.394298195839,0.392020970583,0.39382570982,90528
2026-01-11 19:00:00+00:00,0.393835186958,0.393979042768,0.392292380333,0.392338335514,2721056
2026-01-11 20:00:00+00:00,0.392324268818,0.392324268818,0.386898607016,0.38907366991,23233056
2026-01-11 21:00:00+00:00,0.389102220535,0.391872912645,0.387537717819,0.391788333654,15857632
2026-01-11 22:00:00+00:00,0.391763746738,0.391763746738,0.388105481863,0.388182610273,6772352
2026-01-11 23:00:00+00:00,0.388152271509,0.390512257814,0.385439634323,0.390278220177,20923616
2026-01-12 00:00:00+00:00,0.390308618546,0.390534371138,0.386328935623,0.388378828764,22487264
2026-01-12 01:00:00+00:00,0.388543397188,0.394740015268,0.388543397188,0.394052416086,29187424
2026-01-12 02:00:00+00:00,0.394047319889,0.40205103159,0.394047319889,0.401954948902,25550688
2026-01-12 03:00:00+00:00,0.401874631643,0.40275478363,0.397629290819,0.397629290819,21608864
2026-01-12 04:00:00+00:00,0.397595763206,0.399988204241,0.396776676178,0.399972915649,11765856
2026-01-12 05:00:00+00:00,0.39997202158,0.400178492069,0.397881895304,0.398051649332,4338048
2026-01-12 06:00:00+00:00,0.398021936417,0.398556411266,0.394452393055,0.394501805305,4052416
2026-01-12 07:00:00+00:00,0.394489377737,0.39574816823,0.38978651166,0.390061944723,7617312
2026-01-12 08:00:00+00:00,0.390028864145,0.391862809658,0.385841846466,0.387643605471,23005472
2026-01-12 09:00:00+00:00,0.387615770102,0.387900531292,0.386307328939,0.386307328939,7018432
2026-01-12 10:00:00+00:00,0.386362731457,0.387196868658,0.385093986988,0.385093986988,5710720
2026-01-12 11:00:00+00:00,0.385098397732,0.387430876493,0.384865283966,0.387228727341,7515392
2026-01-12 12:00:00+00:00,0.387219727039,0.387402892113,0.385730445385,0.3860899508,1370880
2026-01-12 13:00:00+00:00,0.386088907719,0.386126160622,0.382270097733,0.382270097733,2744128
2026-01-12 14:00:00+00:00,0.382156997919,0.388362079859,0.382135242224,0.388362079859,32494592
2026-01-12 15:00:00+00:00,0.388422101736,0.394005000591,0.388422101736,0.394005000591,7428096
2026-01-12 16:00:00+00:00,0.393991500139,0.398326009512,0.393991500139,0.397551745176,9235904
2026-01-12 17:00:00+00:00,0.397506564856,0.39818456769,0.392343968153,0.393381685019,14268416
2026-01-12 18:00:00+00:00,0.39340955019,0.395837664604,0.392508000135,0.392928421497,10750016
2026-01-12 19:00:00+00:00,0.392888396978,0.39304831624,0.391698867083,0.392930656672,5812736
2026-01-12 20:00:00+00:00,0.392931848764,0.3941167593,0.389128953218,0.389130443335,0
2026-01-12 21:00:00+00:00,0.389129459858,0.389129459858,0.384206473827,0.384245157242,0
2026-01-12 22:00:00+00:00,0.384466797113,0.387116521597,0.384466797113,0.386858642101,6687616
2026-01-12 23:00:00+00:00,0.386865049601,0.388021469116,0.385858565569,0.385905444622,57600
2026-01-13 00:00:00+00:00,0.385898441076,0.386495709419,0.385643392801,0.38631606102,0
2026-01-13 01:00:00+00:00,0.386303216219,0.387173324823,0.384916067123,0.385638028383,0
2026-01-13 02:00:00+00:00,0.385643541813,0.387634158134,0.385643541813,0.386219441891,0
2026-01-13 03:00:00+00:00,0.38613319397,0.387384474277,0.385629653931,0.386150956154,0
2026-01-13 04:00:00+00:00,0.386135607958,0.387696444988,0.386135607958,0.387696444988,0
2026-01-13 05:00:00+00:00,0.387809604406,0.394137203693,0.387809604406,0.391631603241,14296384
2026-01-13 06:00:00+00:00,0.391475737095,0.392253339291,0.390728443861,0.391910016537,6488704
2026-01-13 07:00:00+00:00,0.391894817352,0.391894817352,0.389788985252,0.389822900295,0
2026-01-13 08:00:00+00:00,0.389675170183,0.392844676971,0.389675170183,0.392818033695,0
2026-01-13 09:00:00+00:00,0.392755717039,0.394100427628,0.392378568649,0.392642557621,2225664
2026-01-13 10:00:00+00:00,0.3926435709,0.39363861084,0.39093130827,0.39118334651,0
2026-01-13 11:00:00+00:00,0.391188710928,0.39282682538,0.390418231487,0.392191082239,1828096
2026-01-13 12:00:00+00:00,0.39209228754,0.392821937799,0.391283839941,0.392808675766,0
2026-01-13 13:00:00+00:00,0.392814487219,0.39566847682,0.392554283142,0.393868654966,5156416
2026-01-13 14:00:00+00:00,0.393779456615,0.401236921549,0.39306050539,0.39781075716,13094848
2026-01-13 15:00:00+00:00,0.397955685854,0.404455840588,0.396590232849,0.404455840588,12580288
2026-01-13 16:00:00+00:00,0.405980497599,0.409742206335,0.405980497599,0.409742206335,32255936
2026-01-13 17:00:00+00:00,0.409602552652,0.409614801407,0.405541479588,0.406013071537,19733504
2026-01-13 18:00:00+00:00,0.405917435884,0.40779542923,0.405614554882,0.405736416578,4348608
2026-01-13 19:00:00+00:00,0.405766010284,0.409948468208,0.405436187983,0.409945100546,10092224
2026-01-13 20:00:00+00:00,0.410152643919,0.41055175662,0.406904906034,0.407818734646,11418880
2026-01-13 21:00:00+00:00,0.407840967178,0.40993398428,0.407840967178,0.40993398428,0
2026-01-13 22:00:00+00:00,0.409937947989,0.422364115715,0.409911632538,0.421690434217,104754368
2026-01-13 23:00:00+00:00,0.421734809875,0.425522536039,0.419549793005,0.421419262886,34707712
2026-01-14 00:00:00+00:00,0.421382784843,0.422367334366,0.420235037804,0.422316163778,29293696
2026-01-14 01:00:00+00:00,0.422067701817,0.423445731401,0.420364379883,0.421287953854,24532800
2026-01-14 02:00:00+00:00,0.421266227961,0.422942191362,0.42057839036,0.421228557825,17401600
2026-01-14 03:00:00+00:00,0.421218663454,0.424936681986,0.421218663454,0.424936681986,10756032
2026-01-14 04:00:00+00:00,0.425237059593,0.425530165434,0.422924399376,0.423901766539,21989952
2026-01-14 05:00:00+00:00,0.423828184605,0.423828184605,0.421693444252,0.421895027161,751680
2026-01-14 06:00:00+00:00,0.421878159046,0.424771279097,0.418869256973,0.424771279097,33137216
2026-01-14 07:00:00+00:00,0.424801766872,0.42663398385,0.423145443201,0.423431545496,20655360
2026-01-14 08:00:00+00:00,0.423467069864,0.424770355225,0.421258181334,0.421258181334,0
2026-01-14 09:00:00+00:00,0.421197354794,0.421418994665,0.420115739107,0.420191675425,0
2026-01-14 10:00:00+00:00,0.420214891434,0.420509904623,0.418156057596,0.418644964695,2484480
2026-01-14 11:00:00+00:00,0.418276965618,0.418276965618,0.41389760375,0.41389760375,7171200
2026-01-14 12:00:00+00:00,0.413904249668,0.415832698345,0.41374450922,0.415288209915,5026944
2026-01-14 13:00:00+00:00,0.415274620056,0.415274620056,0.411534309387,0.411625564098,0
2026-01-14 14:00:00+00:00,0.41162109375,0.421753644943,0.41162109375,0.420184463263,1121088
2026-01-14 15:00:00+00:00,0.420080512762,0.422300845385,0.417764812708,0.41964328289,8331776
2026-01-14 16:00:00+00:00,0.419662714005,0.422951668501,0.419662714005,0.420792728662,0
2026-01-14 17:00:00+00:00,0.420848280191,0.421829849482,0.416565567255,0.416565567255,0
2026-01-14 18:00:00+00:00,0.416611075401,0.41678249836,0.410639315844,0.414410352707,12594048
2026-01-14 19:00:00+00:00,0.41422778368,0.418435931206,0.413339108229,0.415017157793,11970368
2026-01-14 20:00:00+00:00,0.415061533451,0.416516363621,0.41238951683,0.412719458342,0
2026-01-14 21:00:00+00:00,0.412786900997,0.415038704872,0.412660956383,0.41328805685,1961856
2026-01-14 22:00:00+00:00,0.413444072008,0.414123356342,0.411998093128,0.412339419127,0
2026-01-14 23:00:00+00:00,0.412330448627,0.41461867094,0.412330448627,0.414539903402,0
2026-01-15 00:00:00+00:00,0.414568305016,0.414568305016,0.411324292421,0.411355733871,0
2026-01-15 01:00:00+00:00,0.411391794682,0.413620859385,0.408463031054,0.408463031054,0
2026-01-15 02:00:00+00:00,0.408408612013,0.408961266279,0.405395686626,0.405395686626,3062912
2026-01-15 03:00:00+00:00,0.405415982008,0.405702829361,0.39977234602,0.400253802538,14250752
2026-01-15 04:00:00+00:00,0.400246024132,0.402421176434,0.400011271238,0.402295470238,0
2026-01-15 05:00:00+00:00,0.402328759432,0.403235852718,0.402014762163,0.402515023947,0
2026-01-15 06:00:00+00:00,0.402454316616,0.402832239866,0.400857925415,0.401186257601,0
2026-01-15 07:00:00+00:00,0.401181012392,0.404766231775,0.400976955891,0.404260724783,0
2026-01-15 08:00:00+00:00,0.404270350933,0.404766082764,0.402523815632,0.403384000063,0
2026-01-15 09:00:00+00:00,0.403381764889,0.405877321959,0.40165245533,0.405632346869,17811136
2026-01-15 10:00:00+00:00,0.405592650175,0.405592650175,0.403921842575,0.404712945223,3702784
2026-01-15 11:00:00+00:00,0.404734045267,0.405691236258,0.404184818268,0.404218524694,0
2026-01-15 12:00:00+00:00,0.40426081419,0.407264262438,0.40426081419,0.407264262438,0
2026-01-15 13:00:00+00:00,0.407293409109,0.408494621515,0.406001925468,0.408434540033,21609984
2026-01-15 14:00:00+00:00,0.408441305161,0.409247040749,0.401886075735,0.403641879559,0
2026-01-15 15:00:00+00:00,0.403676986694,0.403676986694,0.394628256559,0.396244853735,5253120
2026-01-15 16:00:00+00:00,0.396498650312,0.399001389742,0.39601111412,0.399001389742,0
2026-01-15 17:00:00+00:00,0.398951917887,0.400282502174,0.396490007639,0.396490007639,0
2026-01-15 18:00:00+00:00,0.396320343018,0.396460622549,0.391894340515,0.39221945405,0
2026-01-15 19:00:00+00:00,0.392196774483,0.392285197973,0.390685886145,0.392074346542,0
2026-01-15 20:00:00+00:00,0.392193645239,0.393229722977,0.389954209328,0.390491843224,0
2026-01-15 21:00:00+00:00,0.390483051538,0.393036961555,0.390420675278,0.392484694719,427008
2026-01-15 22:00:00+00:00,0.392526298761,0.393991917372,0.392526298761,0.39344599843,0
2026-01-15 23:00:00+00:00,0.393501222134,0.394045203924,0.393010318279,0.393482446671,7360
2026-01-16 00:00:00+00:00,0.393492370844,0.393918186426,0.393086105585,0.393455862999,0
2026-01-16 01:00:00+00:00,0.393452316523,0.393452316523,0.391921728849,0.392229110003,0
2026-01-16 02:00:00+00:00,0.392215996981,0.392622232437,0.389971584082,0.392622232437,0
2026-01-16 03:00:00+00:00,0.392632126808,0.392776399851,0.391204118729,0.391210019588,0
2026-01-16 04:00:00+00:00,0.391229093075,0.392056316137,0.388839125633,0.388839125633,0
2026-01-16 05:00:00+00:00,0.389008790255,0.39313185215,0.389008790255,0.392954200506,897792
2026-01-16 06:00:00+00:00,0.392953366041,0.394029229879,0.392240822315,0.393878042698,0
2026-01-16 07:00:00+00:00,0.393876701593,0.393885493279,0.392412811518,0.392548799515,0
2026-01-16 08:00:00+00:00,0.392548501492,0.393261730671,0.392531186342,0.392880290747,0
2026-01-16 09:00:00+00:00,0.392727702856,0.392830103636,0.391883194447,0.391883194447,0
2026-01-16 10:00:00+00:00,0.391879409552,0.391879409552,0.390799283981,0.390913099051,0
2026-01-16 11:00:00+00:00,0.390911698341,0.392150402069,0.390788406134,0.3921264112,0
2026-01-16 12:00:00+00:00,0.39215773344,0.39234188199,0.390856444836,0.391082793474,0
2026-01-16 13:00:00+00:00,0.391089528799,0.391224354506,0.389265865088,0.389666050673,0
2026-01-16 14:00:00+00:00,0.389666616917,0.39114689827,0.389446228743,0.389450192451,0
2026-01-16 15:00:00+00:00,0.389434665442,0.390547573566,0.380831182003,0.38161367178,15042624
2026-01-16 16:00:00+00:00,0.381603896618,0.384706735611,0.380880981684,0.383857250214,0
2026-01-16 17:00:00+00:00,0.383874386549,0.386093139648,0.382455676794,0.385811775923,0
2026-01-16 18:00:00+00:00,0.386007338762,0.387371093035,0.386007338762,0.386501848698,0
2026-01-16 19:00:00+00:00,0.386458903551,0.386912703514,0.38459649682,0.386673301458,0
2026-01-16 20:00:00+00:00,0.386687397957,0.394119530916,0.385143339634,0.394119530916,9036896
2026-01-16 21:00:00+00:00,0.394520163536,0.397567033768,0.394310861826,0.396180421114,28838496
2026-01-16 22:00:00+00:00,0.396184563637,0.397722154856,0.395389646292,0.395946860313,7763072
2026-01-16 23:00:00+00:00,0.396328389645,0.396402031183,0.395346164703,0.395533502102,8221312
2026-01-17 00:00:00+00:00,0.395512342453,0.396860122681,0.395351022482,0.395786523819,10038400
2026-01-17 01:00:00+00:00,0.395751655102,0.396377325058,0.395259648561,0.395754128695,0
2026-01-17 02:00:00+00:00,0.395763427019,0.395829796791,0.3936804533,0.394593417645,0
2026-01-17 03:00:00+00:00,0.39456397295,0.395296603441,0.393887281418,0.39431899786,0
2026-01-17 04:00:00+00:00,0.394334495068,0.395940899849,0.394033253193,0.395940899849,0
2026-01-17 05:00:00+00:00,0.395933508873,0.39647758007,0.395696848631,0.396159410477,0
2026-01-17 06:00:00+00:00,0.396143823862,0.396143823862,0.395077675581,0.395092785358,0
2026-01-17 07:00:00+00:00,0.395092338324,0.395547538996,0.393904864788,0.395435512066,0
2026-01-17 08:00:00+00:00,0.395438998938,0.396451026201,0.395386576653,0.395832121372,0
2026-01-17 09:00:00+00:00,0.395837694407,0.396267205477,0.395484536886,0.395484536886,0
2026-01-17 10:00:00+00:00,0.395442783833,0.396517723799,0.395046055317,0.395958870649,0
2026-01-17 11:00:00+00:00,0.395954847336,0.396300137043,0.394960492849,0.394960492849,0
2026-01-17 12:00:00+00:00,0.394951105118,0.396207988262,0.394684195518,0.39572685957,0
2026-01-17 13:00:00+00:00,0.395740151405,0.397836506367,0.395482599735,0.397644609213,0
2026-01-17 14:00:00+00:00,0.397646307945,0.401224762201,0.396933585405,0.400677114725,0
2026-01-17 15:00:00+00:00,0.400709629059,0.401803702116,0.400045007467,0.401803702116,0
2026-01-17 16:00:00+00:00,0.402314662933,0.403244793415,0.399450093508,0.400237947702,0
2026-01-17 17:00:00+00:00,0.400235503912,0.401559531689,0.399846822023,0.39985460043,0
2026-01-17 18:00:00+00:00,0.399910181761,0.400178194046,0.399260669947,0.399796843529,0
2026-01-17 19:00:00+00:00,0.399887472391,0.400884628296,0.399743825197,0.399766355753,0
2026-01-17 20:00:00+00:00,0.400139570236,0.401730448008,0.398936420679,0.398997575045,0
2026-01-17 21:00:00+00:00,0.39899200201,0.399032771587,0.398052096367,0.398410558701,0
2026-01-17 22:00:00+00:00,0.398408144712,0.39867156744,0.395574808121,0.396463543177,0
2026-01-17 23:00:00+00:00,0.396421551704,0.396676957607,0.396066427231,0.396676957607,256
2026-01-18 00:00:00+00:00,0.396732121706,0.398183256388,0.396198064089,0.396328121424,0
2026-01-18 01:00:00+00:00,0.396326035261,0.396351575851,0.393632143736,0.393657803535,6110240
2026-01-18 02:00:00+00:00,0.393696129322,0.395427167416,0.393696129322,0.394050389528,0
2026-01-18 03:00:00+00:00,0.394068270922,0.39621463418,0.394060730934,0.39545199275,0
2026-01-18 04:00:00+00:00,0.395406514406,0.395406514406,0.394232749939,0.395240604877,0
2026-01-18 05:00:00+00:00,0.395239293575,0.395488798618,0.394650757313,0.395051121712,0
2026-01-18 06:00:00+00:00,0.395154744387,0.395702630281,0.394510298967,0.394946575165,0
2026-01-18 07:00:00+00:00,0.394957274199,0.394981831312,0.393976002932,0.394436687231,0
2026-01-18 08:00:00+00:00,0.394437402487,0.394437402487,0.392337441444,0.393907129765,11817312
2026-01-18 09:00:00+00:00,0.393896341324,0.394377708435,0.393453240395,0.394072264433,405536
2026-01-18 10:00:00+00:00,0.394064068794,0.394120454788,0.393090993166,0.393805027008,1297728
2026-01-18 11:00:00+00:00,0.393771857023,0.393771857023,0.392917633057,0.393138378859,0
2026-01-18 12:00:00+00:00,0.39314070344,0.393467575312,0.392451137304,0.392463386059,1794976
2026-01-18 13:00:00+00:00,0.392487794161,0.39357405901,0.391641080379,0.39279717207,3084512
2026-01-18 14:00:00+00:00,0.39278241992,0.39405220747,0.391413927078,0.391413927078,0
2026-01-18 15:00:00+00:00,0.391361892223,0.392039388418,0.390457123518,0.391927719116,0
2026-01-18 16:00:00+00:00,0.391938656569,0.393411010504,0.391831278801,0.392407268286,0
2026-01-18 17:00:00+00:00,0.392303615808,0.392303615808,0.390733927488,0.391254603863,0
2026-01-18 18:00:00+00:00,0.391444325447,0.395292729139,0.391269445419,0.395207554102,6862240
2026-01-18 19:00:00+00:00,0.395132035017,0.395132035017,0.392255485058,0.392257064581,1825664
2026-01-18 20:00:00+00:00,0.392289221287,0.394855201244,0.391697317362,0.39338991046,0
2026-01-18 21:00:00+00:00,0.393406510353,0.394179850817,0.393153071404,0.394126474857,0
2026-01-18 22:00:00+00:00,0.394122928381,0.396235048771,0.394122928381,0.395763188601,0
2026-01-18 23:00:00+00:00,0.395578235388,0.395578235388,0.375537723303,0.37566909194,76664864
2026-01-19 00:00:00+00:00,0.37567922473,0.37567922473,0.35671171546,0.363064706326,270821664
2026-01-19 01:00:00+00:00,0.363049119711,0.365292131901,0.362415313721,0.363102823496,52016000
2026-01-19 02:00:00+00:00,0.363147377968,0.365010410547,0.363072693348,0.364934623241,16289152
2026-01-19 03:00:00+00:00,0.364941805601,0.365667194128,0.364412993193,0.365637481213,12345728
2026-01-19 04:00:00+00:00,0.365624040365,0.365624040365,0.363709926605,0.363890826702,16608384
2026-01-19 05:00:00+00:00,0.363824427128,0.365747064352,0.363416433334,0.363890469074,50119296
2026-01-19 06:00:00+00:00,0.36389246583,0.364018678665,0.361179113388,0.361752480268,28191232
2026-01-19 07:00:00+00:00,0.361770540476,0.364710658789,0.361770540476,0.364078432322,23238976
2026-01-19 08:00:00+00:00,0.364076524973,0.368756532669,0.36383292079,0.368756532669,40507584
2026-01-19 09:00:00+00:00,0.3688352108,0.369991987944,0.368563830853,0.369180381298,39829632
2026-01-19 10:00:00+00:00,0.369291096926,0.370755851269,0.368938982487,0.370717406273,26824064
2026-01-19 11:00:00+00:00,0.370724886656,0.372066140175,0.369080662727,0.369080662727,31113472
2026-01-19 12:00:00+00:00,0.369035601616,0.369035601616,0.366595387459,0.366597801447,12249216
2026-01-19 13:00:00+00:00,0.366611629725,0.366852104664,0.365854918957,0.366032123566,2467392
2026-01-19 14:00:00+00:00,0.366004317999,0.369712710381,0.36594709754,0.367829442024,3237632
2026-01-19 15:00:00+00:00,0.367980897427,0.368324548006,0.366226404905,0.366714447737,0
2026-01-19 16:00:00+00:00,0.366712719202,0.371014714241,0.366601645947,0.370975643396,4856704
2026-01-19 17:00:00+00:00,0.370971173048,0.370971173048,0.368960529566,0.368960529566,1958528
2026-01-19 18:00:00+00:00,0.368928790092,0.369517117739,0.368519872427,0.368918627501,0
2026-01-19 19:00:00+00:00,0.368928402662,0.372111946344,0.368928402662,0.370581656694,1978496
2026-01-19 20:00:00+00:00,0.370580613613,0.37200409174,0.370580613613,0.371156185865,1910848
2026-01-19 21:00:00+00:00,0.371140778065,0.371645212173,0.370011150837,0.370308220387,3743872
2026-01-19 22:00:00+00:00,0.370253533125,0.370430767536,0.367315590382,0.367816329002,4146240
2026-01-19 23:00:00+00:00,0.367679566145,0.3708088696,0.367583751678,0.370126605034,0
2026-01-20 00:00:00+00:00,0.370126128197,0.370126128197,0.368249207735,0.368249207735,0
2026-01-20 01:00:00+00:00,0.368252694607,0.369985818863,0.367711484432,0.369069635868,0
2026-01-20 02:00:00+00:00,0.368977874517,0.368977874517,0.366277337074,0.36801764369,0
2026-01-20 03:00:00+00:00,0.367801249027,0.367801249027,0.365773916245,0.366505801678,0
2026-01-20 04:00:00+00:00,0.366494596004,0.366892129183,0.365979462862,0.365980923176,0
2026-01-20 05:00:00+00:00,0.3659465909,0.367928653955,0.365491390228,0.367587894201,0
2026-01-20 06:00:00+00:00,0.36756798625,0.36756798625,0.364551365376,0.366243720055,4278208
2026-01-20 07:00:00+00:00,0.366287022829,0.367406606674,0.366054356098,0.366054356098,0
2026-01-20 08:00:00+00:00,0.366041362286,0.366108447313,0.35807839036,0.359584957361,18699264
2026-01-20 09:00:00+00:00,0.359718024731,0.359916985035,0.357850372791,0.358321726322,0
2026-01-20 10:00:00+00:00,0.35832080245,0.360919207335,0.35832080245,0.359901130199,0
2026-01-20 11:00:00+00:00,0.359894275665,0.360274136066,0.357741355896,0.357756108046,0
2026-01-20 12:00:00+00:00,0.357724249363,0.359384357929,0.357540994883,0.358877390623,1258048
2026-01-20 13:00:00+00:00,0.35887041688,0.359108775854,0.356172382832,0.357037127018,24879296
2026-01-20 14:00:00+00:00,0.356992840767,0.361663192511,0.356992840767,0.360767126083,36533504
2026-01-20 15:00:00+00:00,0.360643953085,0.360643953085,0.357830584049,0.357913017273,27387648
2026-01-20 16:00:00+00:00,0.358151912689,0.359324932098,0.352975547314,0.354458510876,14287744
2026-01-20 17:00:00+00:00,0.354335308075,0.355605691671,0.350538611412,0.351590752602,23260160
2026-01-20 18:00:00+00:00,0.351546108723,0.352254867554,0.350604444742,0.350992083549,13211776
2026-01-20 19:00:00+00:00,0.351008623838,0.352402567863,0.350366681814,0.351818621159,9821312
2026-01-20 20:00:00+00:00,0.351838111877,0.353407412767,0.350918859243,0.353191941977,8173568
2026-01-20 21:00:00+00:00,0.353174239397,0.353245139122,0.351304590702,0.351584255695,4486400
2026-01-20 22:00:00+00:00,0.351595818996,0.352132111788,0.350141465664,0.350618362427,15766272
2026-01-20 23:00:00+00:00,0.350599527359,0.351339459419,0.349929124117,0.350420325994,2728384
2026-01-21 00:00:00+00:00,0.350390344858,0.356472164392,0.350390344858,0.356472164392,14096512
2026-01-21 01:00:00+00:00,0.356510430574,0.359095990658,0.356510430574,0.357651084661,16920192
2026-01-21 02:00:00+00:00,0.357650667429,0.360237210989,0.357650667429,0.357884764671,0
2026-01-21 03:00:00+00:00,0.357870727777,0.359406679869,0.357756793499,0.358014732599,0
2026-01-21 04:00:00+00:00,0.358014732599,0.358721703291,0.357593625784,0.358461737633,0
2026-01-21 05:00:00+00:00,0.358458608389,0.361335128546,0.358458608389,0.360852748156,0
2026-01-21 06:00:00+00:00,0.360864788294,0.360864788294,0.358566254377,0.358566254377,0
2026-01-21 07:00:00+00:00,0.358585774899,0.361215382814,0.358460694551,0.358922809362,0
2026-01-21 08:00:00+00:00,0.358964204788,0.359118252993,0.356777071953,0.357931911945,0
2026-01-21 09:00:00+00:00,0.357933908701,0.358523577452,0.357474088669,0.357756197453,0
2026-01-21 10:00:00+00:00,0.357795238495,0.358619213104,0.357320308685,0.357320308685,0
2026-01-21 11:00:00+00:00,0.357283622026,0.357387244701,0.355622768402,0.355622768402,0
2026-01-21 12:00:00+00:00,0.355558425188,0.355558425188,0.350498020649,0.354312866926,6499712
2026-01-21 13:00:00+00:00,0.354324102402,0.356625914574,0.352409005165,0.353236109018,0
2026-01-21 14:00:00+00:00,0.353097379208,0.361303031445,0.352490544319,0.361303031445,19654912
2026-01-21 15:00:00+00:00,0.36126691103,0.362171262503,0.359329611063,0.362057119608,0
2026-01-21 16:00:00+00:00,0.362070441246,0.362145334482,0.349149703979,0.349149703979,2331136
2026-01-21 17:00:00+00:00,0.349074572325,0.350860178471,0.348076283932,0.350155323744,481792
2026-01-21 18:00:00+00:00,0.350241273642,0.353496491909,0.349678754807,0.353385984898,0
2026-01-21 19:00:00+00:00,0.353524982929,0.366602689028,0.352128535509,0.366602689028,46072512
2026-01-21 20:00:00+00:00,0.366647213697,0.367201447487,0.362923175097,0.365906834602,17665408
2026-01-21 21:00:00+00:00,0.366041600704,0.368748486042,0.366041600704,0.368748486042,13298240
2026-01-21 22:00:00+00:00,0.36868724227,0.372584968805,0.36807090044,0.368726015091,6671744
2026-01-21 23:00:00+00:00,0.368721097708,0.368813127279,0.365117996931,0.365695983171,0
2026-01-22 00:00:00+00:00,0.365695744753,0.367993235588,0.365695744753,0.367775171995,0
2026-01-22 01:00:00+00:00,0.367726653814,0.36823156476,0.366478174925,0.367131501436,0
2026-01-22 02:00:00+00:00,0.367137491703,0.367674201727,0.365253448486,0.365253448486,1907328
2026-01-22 03:00:00+00:00,0.365248113871,0.366337954998,0.363679796457,0.363718211651,5861888
2026-01-22 04:00:00+00:00,0.363622307777,0.365703105927,0.363622307777,0.365634143353,17504768
2026-01-22 05:00:00+00:00,0.365632742643,0.366777718067,0.365055084229,0.365055084229,1553216
2026-01-22 06:00:00+00:00,0.365031510592,0.365659326315,0.364579617977,0.365536272526,225088
2026-01-22 07:00:00+00:00,0.365503877401,0.365503877401,0.363580077887,0.363580077887,0
2026-01-22 08:00:00+00:00,0.363579720259,0.36457452178,0.362788617611,0.364147633314,3070016
2026-01-22 09:00:00+00:00,0.364235579967,0.365728467703,0.363985240459,0.365398257971,2285760
2026-01-22 10:00:00+00:00,0.365406185389,0.365597695112,0.364851474762,0.365597695112,1935360
2026-01-22 11:00:00+00:00,0.36557713151,0.36557713151,0.363487064838,0.363530188799,0
2026-01-22 12:00:00+00:00,0.363526165485,0.363728046417,0.363245755434,0.363323748112,0
2026-01-22 13:00:00+00:00,0.363203138113,0.365052253008,0.3615244627,0.36187338829,0
2026-01-22 14:00:00+00:00,0.361905395985,0.362226784229,0.358018040657,0.358237922192,0
2026-01-22 15:00:00+00:00,0.358201682568,0.359147369862,0.355789333582,0.358012884855,0
2026-01-22 16:00:00+00:00,0.358068525791,0.361899465322,0.358068525791,0.361461699009,0
2026-01-22 17:00:00+00:00,0.361459523439,0.362422555685,0.360150367022,0.361977458,0
2026-01-22 18:00:00+00:00,0.362022072077,0.362108618021,0.35954490304,0.35954490304,0
2026-01-22 19:00:00+00:00,0.359539985657,0.361563354731,0.35906085372,0.361310750246,0
2026-01-22 20:00:00+00:00,0.361301898956,0.361301898956,0.359169870615,0.359705299139,0
2026-01-22 21:00:00+00:00,0.359920412302,0.360566079617,0.359331578016,0.359353721142,0
2026-01-22 22:00:00+00:00,0.359361559153,0.359578430653,0.358607620001,0.359396249056,0
2026-01-22 23:00:00+00:00,0.359310775995,0.359310775995,0.358077704906,0.358896940947,0
2026-01-23 00:00:00+00:00,0.358904182911,0.359530568123,0.358654618263,0.359323948622,0
2026-01-23 01:00:00+00:00,0.35930711031,0.360657185316,0.359109252691,0.360653609037,0
2026-01-23 02:00:00+00:00,0.360870540142,0.360870540142,0.359221279621,0.359221279621,0
2026-01-23 03:00:00+00:00,0.359228909016,0.362444162369,0.359163939953,0.361542522907,0
2026-01-23 04:00:00+00:00,0.361539870501,0.364273607731,0.361445397139,0.364244699478,0
2026-01-23 05:00:00+00:00,0.3642154634,0.3642154634,0.359977215528,0.359994679689,0
2026-01-23 06:00:00+00:00,0.360026478767,0.36196064949,0.359674721956,0.360014438629,6575488
2026-01-23 07:00:00+00:00,0.360017091036,0.360876500607,0.359428495169,0.360855042934,0
2026-01-23 08:00:00+00:00,0.360873192549,0.360916763544,0.358488529921,0.358617812395,0
2026-01-23 09:00:00+00:00,0.35864508152,0.360061585903,0.358036369085,0.358297765255,8193824
2026-01-23 10:00:00+00:00,0.358302414417,0.35915055871,0.358199179173,0.358744621277,222848
2026-01-23 11:00:00+00:00,0.358742445707,0.360182911158,0.358580857515,0.359667271376,0
2026-01-23 12:00:00+00:00,0.35969376564,0.359711408615,0.35844296217,0.359711408615,959744
2026-01-23 13:00:00+00:00,0.359686642885,0.359776735306,0.358850568533,0.358850568533,0
2026-01-23 14:00:00+00:00,0.358827501535,0.358827501535,0.353372812271,0.354220122099,4965600
2026-01-23 15:00:00+00:00,0.354197710752,0.359387546778,0.354086488485,0.359387546778,0
2026-01-23 16:00:00+00:00,0.359481751919,0.365534633398,0.359481751919,0.363328158855,5894592
2026-01-23 17:00:00+00:00,0.363306879997,0.368849307299,0.361889570951,0.365861058235,28105856
2026-01-23 18:00:00+00:00,0.365851610899,0.367653638124,0.365384429693,0.365808665752,3456224
2026-01-23 19:00:00+00:00,0.365779221058,0.365779221058,0.360490560532,0.361046731472,11259872
2026-01-23 20:00:00+00:00,0.361033171415,0.361920684576,0.357569903135,0.358716785908,7552192
2026-01-23 21:00:00+00:00,0.358621507883,0.36033526063,0.358501344919,0.359717309475,1232384
2026-01-23 22:00:00+00:00,0.359688103199,0.361823499203,0.359539657831,0.361809581518,1232704
2026-01-23 23:00:00+00:00,0.361833781004,0.361833781004,0.360082358122,0.360099464655,11424
2026-01-24 00:00:00+00:00,0.360084086657,0.360583245754,0.35927683115,0.35927683115,809472
2026-01-24 01:00:00+00:00,0.359238266945,0.359238266945,0.358401685953,0.358930557966,0
2026-01-24 02:00:00+00:00,0.358931183815,0.359756737947,0.358931183815,0.359423786402,0
2026-01-24 03:00:00+00:00,0.359419882298,0.361453294754,0.359419882298,0.361118257046,0
2026-01-24 04:00:00+00:00,0.361140459776,0.361878573895,0.36064144969,0.360733240843,0
2026-01-24 05:00:00+00:00,0.360682189465,0.360737264156,0.36002895236,0.360036313534,0
2026-01-24 06:00:00+00:00,0.36007630825,0.360124588013,0.35956799984,0.35956799984,0
2026-01-24 07:00:00+00:00,0.359551161528,0.359935939312,0.359298020601,0.359443455935,0
2026-01-24 08:00:00+00:00,0.359416335821,0.359416335821,0.358384221792,0.35924628377,0
2026-01-24 09:00:00+00:00,0.35925039649,0.360030442476,0.358936995268,0.359132617712,0
2026-01-24 10:00:00+00:00,0.359118878841,0.359118878841,0.358667075634,0.358827233315,0
2026-01-24 11:00:00+00:00,0.358817845583,0.359467357397,0.358751028776,0.35918790102,0
2026-01-24 12:00:00+00:00,0.359195142984,0.359714984894,0.359172016382,0.359615534544,0
2026-01-24 13:00:00+00:00,0.359613865614,0.359696418047,0.358918875456,0.359545737505,0
2026-01-24 14:00:00+00:00,0.35948985815,0.359596967697,0.358333021402,0.359020113945,0
2026-01-24 15:00:00+00:00,0.359003663063,0.359429866076,0.357398360968,0.357488930225,0
2026-01-24 16:00:00+00:00,0.357488751411,0.3582701087,0.356843054295,0.358184605837,0
2026-01-24 17:00:00+00:00,0.358173668385,0.358458727598,0.357866227627,0.358047574759,0
2026-01-24 18:00:00+00:00,0.358108758926,0.358959317207,0.357902258635,0.358543932438,0
2026-01-24 19:00:00+00:00,0.358531922102,0.358531922102,0.357685178518,0.35789385438,0
2026-01-24 20:00:00+00:00,0.357880353928,0.358792573214,0.357824146748,0.358646243811,0
2026-01-24 21:00:00+00:00,0.35865354538,0.35865354538,0.358075261116,0.358497738838,0
2026-01-24 22:00:00+00:00,0.358489215374,0.359251737595,0.358324676752,0.359241873026,0
2026-01-24 23:00:00+00:00,0.359263598919,0.359320253134,0.357809215784,0.358156859875,875328
2026-01-25 00:00:00+00:00,0.358109951019,0.358159601688,0.357141494751,0.358159601688,639296
2026-01-25 01:00:00+00:00,0.35816770792,0.358632713556,0.356941312551,0.35710760951,0
2026-01-25 02:00:00+00:00,0.357104003429,0.357611626387,0.356223732233,0.356223732233,0
2026-01-25 03:00:00+00:00,0.356221079826,0.35656607151,0.354418933392,0.355322629213,2973552
2026-01-25 04:00:00+00:00,0.35531181097,0.357010900974,0.355251163244,0.35687443614,854784
2026-01-25 05:00:00+00:00,0.356856137514,0.356856137514,0.355515152216,0.356196463108,0
2026-01-25 06:00:00+00:00,0.356263905764,0.356287866831,0.355364829302,0.355510354042,1124144
2026-01-25 07:00:00+00:00,0.355507016182,0.355562418699,0.354164034128,0.355183809996,3673520
2026-01-25 08:00:00+00:00,0.355190575123,0.356012284756,0.354134827852,0.354375451803,3580832
2026-01-25 09:00:00+00:00,0.35437425971,0.35695835948,0.353841573,0.3563144207,6472272
2026-01-25 10:00:00+00:00,0.356310397387,0.359120726585,0.356310397387,0.358163148165,7275376
2026-01-25 11:00:00+00:00,0.358125448227,0.358125448227,0.356022953987,0.356052547693,1270928
2026-01-25 12:00:00+00:00,0.356051772833,0.356051772833,0.354542821646,0.355349093676,2177712
2026-01-25 13:00:00+00:00,0.355368822813,0.356353968382,0.355012863874,0.35633957386,3305472
2026-01-25 14:00:00+00:00,0.356349021196,0.356349498034,0.351032555103,0.351947695017,6459856
2026-01-25 15:00:00+00:00,0.351951777935,0.35326269269,0.351879149675,0.351885378361,756832
2026-01-25 16:00:00+00:00,0.351899951696,0.351899951696,0.342675864697,0.343837916851,89145888
2026-01-25 17:00:00+00:00,0.34387242794,0.34442460537,0.342106968164,0.342117965221,17737472
2026-01-25 18:00:00+00:00,0.34209394455,0.34209394455,0.338701397181,0.339905828238,41979840
2026-01-25 19:00:00+00:00,0.339872449636,0.339872449636,0.334181964397,0.334181964397,49616992
2026-01-25 20:00:00+00:00,0.334187269211,0.335821032524,0.333392202854,0.33527380228,40586816
2026-01-25 21:00:00+00:00,0.335245400667,0.338614940643,0.335245400667,0.338591009378,26201472
2026-01-25 22:00:00+00:00,0.338602364063,0.338762313128,0.336819052696,0.337605178356,12747456
2026-01-25 23:00:00+00:00,0.337668836117,0.339135825634,0.337668836117,0.338691264391,12975008
2026-01-26 00:00:00+00:00,0.338715821505,0.343396544456,0.338685750961,0.343388944864,20731712
2026-01-26 01:00:00+00:00,0.343415677547,0.348690420389,0.343415677547,0.348581433296,26242560
2026-01-26 02:00:00+00:00,0.348616451025,0.348616451025,0.345733135939,0.345863342285,11711872
2026-01-26 03:00:00+00:00,0.345886647701,0.347160845995,0.343998670578,0.344023764133,301888
2026-01-26 04:00:00+00:00,0.344089090824,0.348880112171,0.344089090824,0.347175747156,9088384
2026-01-26 05:00:00+00:00,0.347184568644,0.347416549921,0.346658408642,0.347416549921,6654848
2026-01-26 06:00:00+00:00,0.347400099039,0.34803339839,0.346318006516,0.347820907831,3973440
2026-01-26 07:00:00+00:00,0.34766510129,0.348340451717,0.347188144922,0.347878307104,8013504
2026-01-26 08:00:00+00:00,0.347864836454,0.349768221378,0.347489118576,0.348231106997,12335488
2026-01-26 09:00:00+00:00,0.348250240088,0.348250240088,0.344911664724,0.344939470291,2385664
2026-01-26 10:00:00+00:00,0.344960600138,0.347334325314,0.344960600138,0.346817880869,0
2026-01-26 11:00:00+00:00,0.346808224916,0.347848832607,0.346518546343,0.346975445747,3343552
2026-01-26 12:00:00+00:00,0.346944212914,0.347714453936,0.346568048,0.347124814987,2944768
2026-01-26 13:00:00+00:00,0.347157210112,0.348874986172,0.347157210112,0.348874986172,5304192
2026-01-26 14:00:00+00:00,0.348901093006,0.353074669838,0.348188132048,0.352793902159,27864832
2026-01-26 15:00:00+00:00,0.35322278738,0.357210308313,0.351075291634,0.351783663034,34961856
2026-01-26 16:00:00+00:00,0.351822018623,0.353606522083,0.351151674986,0.353137254715,0
2026-01-26 17:00:00+00:00,0.353113085032,0.353540331125,0.349999248981,0.352625221014,0
2026-01-26 18:00:00+00:00,0.352625519037,0.354891866446,0.352279543877,0.352951318026,0
2026-01-26 19:00:00+00:00,0.353052705526,0.353984504938,0.351886808872,0.351886808872,0
2026-01-26 20:00:00+00:00,0.351884752512,0.352223068476,0.349446475506,0.34946680069,0
2026-01-26 21:00:00+00:00,0.349498450756,0.353422701359,0.349108994007,0.353288859129,0
2026-01-26 22:00:00+00:00,0.353289246559,0.353289246559,0.35155531764,0.352141201496,0
2026-01-26 23:00:00+00:00,0.351975977421,0.353575140238,0.351441085339,0.351990014315,0
2026-01-27 00:00:00+00:00,0.351871371269,0.351915985346,0.351108431816,0.351847678423,0
2026-01-27 01:00:00+00:00,0.351857215166,0.353965938091,0.351230859756,0.353520989418,0
2026-01-27 02:00:00+00:00,0.35356938839,0.35442918539,0.35338523984,0.353918015957,0
2026-01-27 03:00:00+00:00,0.353991836309,0.354089438915,0.352295964956,0.352303922176,3435648
2026-01-27 04:00:00+00:00,0.352290153503,0.353510946035,0.352225899696,0.352568089962,0
2026-01-27 05:00:00+00:00,0.352576255798,0.352639615536,0.351603090763,0.351844370365,0
2026-01-27 06:00:00+00:00,0.3518871665,0.352217435837,0.350758463144,0.350758463144,0
2026-01-27 07:00:00+00:00,0.350756555796,0.351731061935,0.35074904561,0.35124334693,0
2026-01-27 08:00:00+00:00,0.351273536682,0.352098733187,0.350868582726,0.351309210062,0
2026-01-27 09:00:00+00:00,0.351304203272,0.351304203272,0.348736733198,0.348736733198,0
2026-01-27 10:00:00+00:00,0.348767608404,0.34949016571,0.348767608404,0.34927931428,2236864
2026-01-27 11:00:00+00:00,0.349289655685,0.350788295269,0.349143892527,0.350708186626,7744288
2026-01-27 12:00:00+00:00,0.350459426641,0.350459426641,0.349092841148,0.349279552698,2293280
2026-01-27 13:00:00+00:00,0.349306643009,0.349579185247,0.347893863916,0.347893863916,0
2026-01-27 14:00:00+00:00,0.347900927067,0.351487904787,0.347885191441,0.348881334066,0
2026-01-27 15:00:00+00:00,0.348729819059,0.350911021233,0.348670363426,0.350907742977,0
2026-01-27 16:00:00+00:00,0.350904732943,0.356964677572,0.350904732943,0.356429606676,27574176
2026-01-27 17:00:00+00:00,0.356754422188,0.356754422188,0.349397927523,0.349670499563,27629248
2026-01-27 18:00:00+00:00,0.349765688181,0.354566454887,0.349765688181,0.354566454887,0
2026-01-27 19:00:00+00:00,0.354492098093,0.355343163013,0.354061245918,0.355165660381,6169344
2026-01-27 20:00:00+00:00,0.355161964893,0.36133903265,0.355161964893,0.36110574007,33363616
2026-01-27 21:00:00+00:00,0.361198335886,0.362122952938,0.359607100487,0.359607100487,6439552
2026-01-27 22:00:00+00:00,0.359766364098,0.361683040857,0.359766364098,0.360765457153,5912000
2026-01-27 23:00:00+00:00,0.360708773136,0.361538767815,0.360297471285,0.360297471285,626560
2026-01-28 00:00:00+00:00,0.360579580069,0.360579580069,0.357718378305,0.358859747648,8204704
2026-01-28 01:00:00+00:00,0.358877331018,0.358877331018,0.356269776821,0.357287168503,4272352
2026-01-28 02:00:00+00:00,0.357001781464,0.357556521893,0.356721669436,0.357250422239,0
2026-01-28 03:00:00+00:00,0.357267558575,0.357332229614,0.356202125549,0.356580346823,0
2026-01-28 04:00:00+00:00,0.356556355953,0.356556355953,0.354919821024,0.355069428682,1966816
2026-01-28 05:00:00+00:00,0.35532900691,0.356705904007,0.354987859726,0.356661885977,1402432
2026-01-28 06:00:00+00:00,0.356933683157,0.358358085155,0.356844007969,0.358358085155,5804896
2026-01-28 07:00:00+00:00,0.358323901892,0.358334064484,0.356682449579,0.35679602623,2339104
2026-01-28 08:00:00+00:00,0.356810986996,0.357824295759,0.356692910194,0.356709063053,2774080
2026-01-28 09:00:00+00:00,0.35663664341,0.360290408134,0.356379657984,0.360062092543,4978336
2026-01-28 10:00:00+00:00,0.360417187214,0.36103066802,0.359643369913,0.359643369913,4687872
2026-01-28 11:00:00+00:00,0.359635591507,0.363461434841,0.359423935413,0.363461434841,5198208
2026-01-28 12:00:00+00:00,0.36349517107,0.363831490278,0.360220611095,0.360764324665,15467584
2026-01-28 13:00:00+00:00,0.360585540533,0.362480640411,0.360585540533,0.361534118652,8146304
2026-01-28 14:00:00+00:00,0.361547708511,0.361547708511,0.358344882727,0.358344882727,12411968
2026-01-28 15:00:00+00:00,0.358273744583,0.35893163085,0.355588257313,0.357261389494,16550464
2026-01-28 16:00:00+00:00,0.357026338577,0.358100384474,0.356114625931,0.356823474169,0
2026-01-28 17:00:00+00:00,0.356736242771,0.360128998756,0.355709403753,0.359759151936,0
2026-01-28 18:00:00+00:00,0.35916519165,0.35916519165,0.355783194304,0.355869650841,0
2026-01-28 19:00:00+00:00,0.35658800602,0.358594745398,0.355854183435,0.358594745398,4753184
2026-01-28 20:00:00+00:00,0.358140081167,0.35960367322,0.356911927462,0.357507407665,0
2026-01-28 21:00:00+00:00,0.357114732265,0.358304232359,0.355854541063,0.358166992664,0
2026-01-28 22:00:00+00:00,0.35805273056,0.359732538462,0.356822878122,0.359732300043,0
2026-01-28 23:00:00+00:00,0.359845876694,0.360051035881,0.357728689909,0.357878893614,2034592
2026-01-29 00:00:00+00:00,0.35798484087,0.358001321554,0.355239987373,0.355622142553,1105504
2026-01-29 01:00:00+00:00,0.355965733528,0.356475055218,0.35386288166,0.35386288166,878112
2026-01-29 02:00:00+00:00,0.353836089373,0.354636400938,0.349596142769,0.349937349558,17384480
2026-01-29 03:00:00+00:00,0.349837064743,0.35212007165,0.349837064743,0.350770711899,5685664
2026-01-29 04:00:00+00:00,0.350709289312,0.350709289312,0.347896426916,0.349751770496,10965696
2026-01-29 05:00:00+00:00,0.349658370018,0.350202053785,0.349640965462,0.349919587374,520160
2026-01-29 06:00:00+00:00,0.349953472614,0.351094990969,0.349953472614,0.35102596879,0
2026-01-29 07:00:00+00:00,0.351152598858,0.351599007845,0.350847780704,0.351253122091,762304
2026-01-29 08:00:00+00:00,0.351195603609,0.351195603609,0.349038183689,0.349250137806,4280192
2026-01-29 09:00:00+00:00,0.349247932434,0.349470734596,0.348929315805,0.348929315805,0
2026-01-29 10:00:00+00:00,0.348883897066,0.348883897066,0.347356677055,0.347715735435,0
2026-01-29 11:00:00+00:00,0.347717285156,0.347717285156,0.34593591094,0.346250504255,0
2026-01-29 12:00:00+00:00,0.346229046583,0.346229046583,0.344536036253,0.344536036253,0
2026-01-29 13:00:00+00:00,0.344616681337,0.345963269472,0.344616681337,0.345467656851,0
2026-01-29 14:00:00+00:00,0.345518410206,0.346453070641,0.339894235134,0.339894235134,0
2026-01-29 15:00:00+00:00,0.338354706764,0.338354706764,0.330287963152,0.333307415247,81523968
2026-01-29 16:00:00+00:00,0.333193808794,0.335032075644,0.330829381943,0.335032075644,31410880
2026-01-29 17:00:00+00:00,0.335184216499,0.339547097683,0.333808928728,0.333808928728,19759808
2026-01-29 18:00:00+00:00,0.333842217922,0.3345900774,0.328504383564,0.328504383564,34142144
2026-01-29 19:00:00+00:00,0.32832762599,0.330882072449,0.327444732189,0.330759495497,18510656
2026-01-29 20:00:00+00:00,0.330711454153,0.333114802837,0.329849511385,0.332898497581,4389888
2026-01-29 21:00:00+00:00,0.332975298166,0.334870457649,0.332975298166,0.334525167942,9656384
2026-01-29 22:00:00+00:00,0.334534645081,0.335547715425,0.334534645081,0.334797888994,5873536
2026-01-29 23:00:00+00:00,0.334772586823,0.334772586823,0.333150148392,0.334017157555,0
2026-01-30 00:00:00+00:00,0.33404225111,0.335094600916,0.333212286234,0.333530038595,167872
2026-01-30 01:00:00+00:00,0.333521276712,0.333875179291,0.323490172625,0.326022922993,76710592
2026-01-30 02:00:00+00:00,0.326041668653,0.326136559248,0.321714192629,0.324467390776,15253760
2026-01-30 03:00:00+00:00,0.324516117573,0.325725644827,0.324455618858,0.324797451496,3780224
2026-01-30 04:00:00+00:00,0.324774324894,0.328714281321,0.324736118317,0.328441143036,0
2026-01-30 05:00:00+00:00,0.32805109024,0.328146874905,0.326655298471,0.326732248068,3596096
2026-01-30 06:00:00+00:00,0.326502412558,0.326502412558,0.320764690638,0.321420043707,20355264
2026-01-30 07:00:00+00:00,0.321460932493,0.325575888157,0.321460932493,0.325167834759,16505792
2026-01-30 08:00:00+00:00,0.324984192848,0.324984192848,0.321777701378,0.32226023078,7237632
2026-01-30 09:00:00+00:00,0.322384059429,0.322781652212,0.32112455368,0.321821957827,13554560
2026-01-30 10:00:00+00:00,0.321809262037,0.323105275631,0.321364760399,0.322993457317,5809280
2026-01-30 11:00:00+00:00,0.323023706675,0.327298551798,0.323023706675,0.327219605446,963008
2026-01-30 12:00:00+00:00,0.32721978426,0.327405005693,0.324475944042,0.324475944042,0
2026-01-30 13:00:00+00:00,0.324831843376,0.324856430292,0.32258862257,0.322722673416,13848960
2026-01-30 14:00:00+00:00,0.322805315256,0.326824367046,0.322805315256,0.324633151293,19705216
2026-01-30 15:00:00+00:00,0.324634283781,0.326792478561,0.321777313948,0.324846416712,0
2026-01-30 16:00:00+00:00,0.325084418058,0.327166557312,0.324493438005,0.325394928455,0
2026-01-30 17:00:00+00:00,0.325399339199,0.327345520258,0.323779016733,0.325173467398,0
2026-01-30 18:00:00+00:00,0.324900954962,0.327427893877,0.316889584064,0.327427893877,3321856
2026-01-30 19:00:00+00:00,0.32786116004,0.330858170986,0.32786116004,0.329465001822,8236544
2026-01-30 20:00:00+00:00,0.32934230566,0.32934230566,0.323936253786,0.323936253786,16709952
2026-01-30 21:00:00+00:00,0.323647469282,0.325727313757,0.323245763779,0.32429432869,6018752
2026-01-30 22:00:00+00:00,0.324285060167,0.324285060167,0.3217625916,0.322944790125,1746624
2026-01-30 23:00:00+00:00,0.322966128588,0.322969853878,0.319926977158,0.32035535574,11986688
2026-01-31 00:00:00+00:00,0.320340812206,0.32049253583,0.319413691759,0.31984063983,3879552
2026-01-31 01:00:00+00:00,0.319727510214,0.321420103312,0.319727510214,0.321103185415,0
2026-01-31 02:00:00+00:00,0.321057796478,0.321057796478,0.318128824234,0.319683521986,0
2026-01-31 03:00:00+00:00,0.319452673197,0.319774091244,0.31821757555,0.31822642684,0
2026-01-31 04:00:00+00:00,0.318199008703,0.318311303854,0.314899146557,0.314971625805,31112832
2026-01-31 05:00:00+00:00,0.315016955137,0.315326243639,0.313103437424,0.315326243639,47127808
2026-01-31 06:00:00+00:00,0.315371334553,0.315509170294,0.311342924833,0.311362802982,34985600
2026-01-31 07:00:00+00:00,0.311340272427,0.31231674552,0.310880035162,0.311707288027,5062528
2026-01-31 08:00:00+00:00,0.31184643507,0.311979740858,0.307847380638,0.309908658266,36485120
2026-01-31 09:00:00+00:00,0.309838593006,0.311439007521,0.309838593006,0.310883909464,1455424
2026-01-31 10:00:00+00:00,0.310832411051,0.312286973,0.310145497322,0.311347454786,0
2026-01-31 11:00:00+00:00,0.311063557863,0.311063557863,0.309114784002,0.309835344553,4205376
2026-01-31 12:00:00+00:00,0.309820383787,0.310171127319,0.309399008751,0.309769034386,710720
2026-01-31 13:00:00+00:00,0.309715718031,0.309715718031,0.30725300312,0.307600736618,0
2026-01-31 14:00:00+00:00,0.307822942734,0.307822942734,0.29535010457,0.297756969929,107348864
2026-01-31 15:00:00+00:00,0.298189550638,0.299502700567,0.296827107668,0.297011554241,27315200
2026-01-31 16:00:00+00:00,0.29695057869,0.298900783062,0.292353928089,0.292358905077,39890304
2026-01-31 17:00:00+00:00,0.292432159185,0.292568773031,0.283251881599,0.284021615982,164236544
2026-01-31 18:00:00+00:00,0.284083336592,0.28600564599,0.279980361462,0.283617556095,100245248
2026-01-31 19:00:00+00:00,0.283568829298,0.286145687103,0.283568829298,0.285619407892,74278400
2026-01-31 20:00:00+00:00,0.285541951656,0.285548835993,0.282555371523,0.285129696131,3307776
2026-01-31 21:00:00+00:00,0.285614699125,0.290739834309,0.284979999065,0.290498703718,27106560
2026-01-31 22:00:00+00:00,0.290490061045,0.2906652987,0.287454754114,0.288239002228,13773312
2026-01-31 23:00:00+00:00,0.288479983807,0.294247835875,0.2883656919,0.293492823839,19024640
2026-02-01 00:00:00+00:00,0.293517261744,0.295708537102,0.293493717909,0.295647829771,14448768
2026-02-01 01:00:00+00:00,0.295617580414,0.295617580414,0.291957348585,0.29491314292,4982528
2026-02-01 02:00:00+00:00,0.294913500547,0.296669393778,0.294477850199,0.296399176121,6140032
2026-02-01 03:00:00+00:00,0.296134024858,0.296175777912,0.295217305422,0.295447379351,0
2026-02-01 04:00:00+00:00,0.295448243618,0.296942949295,0.295448243618,0.296942949295,0
2026-02-01 05:00:00+00:00,0.296858757734,0.296858757734,0.294998973608,0.294998973608,0
2026-02-01 06:00:00+00:00,0.294876456261,0.295817703009,0.293906033039,0.294357448816,0
2026-02-01 07:00:00+00:00,0.294339686632,0.298252224922,0.293367862701,0.296188473701,11963776
2026-02-01 08:00:00+00:00,0.296221792698,0.296954810619,0.294999152422,0.296513855457,0
2026-02-01 09:00:00+00:00,0.296306580305,0.296782493591,0.295296669006,0.296549350023,0
2026-02-01 10:00:00+00:00,0.296794235706,0.297285109758,0.292446106672,0.292446106672,2171776
2026-02-01 11:00:00+00:00,0.292348623276,0.295711606741,0.292287439108,0.295093953609,1857536
2026-02-01 12:00:00+00:00,0.295099258423,0.295099258423,0.293296128511,0.293326437473,4098304
2026-02-01 13:00:00+00:00,0.293308466673,0.295925140381,0.293224722147,0.293256282806,15308928
2026-02-01 14:00:00+00:00,0.293273389339,0.293532460928,0.289789527655,0.29323720932,0
2026-02-01 15:00:00+00:00,0.293096333742,0.293096333742,0.285676032305,0.289493083954,0
2026-02-01 16:00:00+00:00,0.289371013641,0.289996981621,0.286911934614,0.287569403648,0
2026-02-01 17:00:00+00:00,0.287661194801,0.287695169449,0.285254508257,0.2859826684,0
2026-02-01 18:00:00+00:00,0.286797136068,0.291638582945,0.286797136068,0.289532333612,0
2026-02-01 19:00:00+00:00,0.289996117353,0.289996117353,0.286025851965,0.28604722023,0
2026-02-01 20:00:00+00:00,0.28621673584,0.28920853138,0.285357952118,0.28757545352,0
2026-02-01 21:00:00+00:00,0.287532240152,0.287532240152,0.28562515974,0.285742551088,0
2026-02-01 22:00:00+00:00,0.2857812047,0.28940948844,0.2857812047,0.288189858198,0
2026-02-01 23:00:00+00:00,0.28814381361,0.288508027792,0.281553149223,0.286028802395,28674880
2026-02-02 00:00:00+00:00,0.285980015993,0.290974766016,0.285073667765,0.289220124483,13005056
2026-02-02 01:00:00+00:00,0.289131075144,0.292255461216,0.286637872458,0.290911883116,13295360
2026-02-02 02:00:00+00:00,0.290906459093,0.290906459093,0.287402510643,0.287402510643,0
2026-02-02 03:00:00+00:00,0.287371993065,0.28740298748,0.277112275362,0.285860419273,64690368
2026-02-02 04:00:00+00:00,0.285995900631,0.288585662842,0.282506197691,0.285114586353,18145920
2026-02-02 05:00:00+00:00,0.284908145666,0.284918546677,0.277655422688,0.27909129858,25953280
2026-02-02 06:00:00+00:00,0.279250830412,0.283938586712,0.276494413614,0.283277243376,64369152
2026-02-02 07:00:00+00:00,0.283313959837,0.285854190588,0.283313959837,0.284742057323,0
2026-02-02 08:00:00+00:00,0.2844183743,0.288766890764,0.284410476685,0.288766890764,13165696
2026-02-02 09:00:00+00:00,0.288692384958,0.29185539484,0.287847578526,0.29185539484,37720320
2026-02-02 10:00:00+00:00,0.29182523489,0.292933344841,0.291366130114,0.291705787182,2999488
2026-02-02 11:00:00+00:00,0.291753232479,0.294312477112,0.291753232479,0.293000757694,5370560
2026-02-02 12:00:00+00:00,0.292685419321,0.295883536339,0.292685419321,0.295849382877,6946752
2026-02-02 13:00:00+00:00,0.295773267746,0.296314150095,0.294714003801,0.296314150095,0
2026-02-02 14:00:00+00:00,0.296339392662,0.301327615976,0.296007871628,0.299257785082,12219904
2026-02-02 15:00:00+00:00,0.299115329981,0.301562160254,0.298394083977,0.300596237183,321280
2026-02-02 16:00:00+00:00,0.30067974329,0.30211904645,0.300038248301,0.300081938505,0
2026-02-02 17:00:00+00:00,0.300091654062,0.301431238651,0.299660146236,0.300305515528,0
2026-02-02 18:00:00+00:00,0.300351321697,0.302221655846,0.299778699875,0.302221655846,0
2026-02-02 19:00:00+00:00,0.302255898714,0.302715271711,0.300154060125,0.300467252731,0
2026-02-02 20:00:00+00:00,0.300414144993,0.300716906786,0.298303306103,0.29910826683,2110784
2026-02-02 21:00:00+00:00,0.299039542675,0.300939887762,0.299039542675,0.300839185715,132480
2026-02-02 22:00:00+00:00,0.30080845952,0.30082270503,0.299721777439,0.300066113472,0
2026-02-02 23:00:00+00:00,0.300095707178,0.300095707178,0.2988974154,0.29889985919,0
2026-02-03 00:00:00+00:00,0.298912912607,0.299858033657,0.297913491726,0.299593478441,0
2026-02-03 01:00:00+00:00,0.299626976252,0.299758672714,0.298316210508,0.299469947815,0
2026-02-03 02:00:00+00:00,0.299488246441,0.299655199051,0.294717878103,0.294717878103,0
2026-02-03 03:00:00+00:00,0.294339179993,0.298661112785,0.293977081776,0.298661112785,0
2026-02-03 04:00:00+00:00,0.298633694649,0.301409363747,0.298152536154,0.301174789667,0
2026-02-03 05:00:00+00:00,0.301177084446,0.30120280385,0.298241347075,0.298241347075,0
2026-02-03 06:00:00+00:00,0.298078864813,0.298078864813,0.296097427607,0.297799050808,0
2026-02-03 07:00:00+00:00,0.297800153494,0.299766987562,0.297350883484,0.299424260855,0
2026-02-03 08:00:00+00:00,0.299369394779,0.300149351358,0.298027485609,0.298027485609,0
2026-02-03 09:00:00+00:00,0.298064976931,0.29861164093,0.294343501329,0.296107381582,0
2026-02-03 10:00:00+00:00,0.296146303415,0.296684771776,0.294939398766,0.295159101486,0
2026-02-03 11:00:00+00:00,0.295521348715,0.29738175869,0.295521348715,0.297307103872,0
2026-02-03 12:00:00+00:00,0.297290503979,0.299301326275,0.296524375677,0.299265563488,0
2026-02-03 13:00:00+00:00,0.299205332994,0.299304276705,0.298543184996,0.299089938402,0
2026-02-03 14:00:00+00:00,0.299082010984,0.299606829882,0.294806957245,0.294806957245,0
2026-02-03 15:00:00+00:00,0.294739276171,0.303551882505,0.29417181015,0.303551882505,20102336
2026-02-03 16:00:00+00:00,0.303484231234,0.303578823805,0.295181065798,0.295387417078,12333056
2026-02-03 17:00:00+00:00,0.295395553112,0.295443594456,0.28780990839,0.28780990839,13803456
2026-02-03 18:00:00+00:00,0.287552326918,0.288083970547,0.282458364964,0.282494783401,42934080
2026-02-03 19:00:00+00:00,0.282565504313,0.294596880674,0.28230381012,0.294216603041,58835136
2026-02-03 20:00:00+00:00,0.294293284416,0.301382422447,0.291137814522,0.300773650408,51654720
2026-02-03 21:00:00+00:00,0.300826251507,0.302185237408,0.296603143215,0.296607047319,9028864
2026-02-03 22:00:00+00:00,0.296447306871,0.296447306871,0.292312860489,0.292339593172,6802368
2026-02-03 23:00:00+00:00,0.292342960835,0.292460143566,0.290359735489,0.290796488523,7405760
2026-02-04 00:00:00+00:00,0.290863752365,0.294800579548,0.290746062994,0.294182300568,2532992
2026-02-04 01:00:00+00:00,0.294188171625,0.298509299755,0.294188171625,0.296980559826,4605376
2026-02-04 02:00:00+00:00,0.296983480453,0.29700538516,0.294406205416,0.294578909874,0
2026-02-04 03:00:00+00:00,0.29461479187,0.300789415836,0.294606328011,0.300781011581,16143168
2026-02-04 04:00:00+00:00,0.300756961107,0.301671415567,0.299541175365,0.299541175365,0
2026-02-04 05:00:00+00:00,0.29953110218,0.29953110218,0.296851813793,0.296877145767,0
2026-02-04 06:00:00+00:00,0.29696804285,0.299477785826,0.29696804285,0.299203395844,2944448
2026-02-04 07:00:00+00:00,0.299200057983,0.300214886665,0.297778844833,0.29970395565,0
2026-02-04 08:00:00+00:00,0.299703896046,0.301790207624,0.298924982548,0.301700115204,3509888
2026-02-04 09:00:00+00:00,0.301776498556,0.301790326834,0.298696160316,0.29960283637,0
2026-02-04 10:00:00+00:00,0.299596637487,0.300230205059,0.299270808697,0.299401134253,3648192
2026-02-04 11:00:00+00:00,0.299377530813,0.299377530813,0.295225888491,0.296946793795,34628096
2026-02-04 12:00:00+00:00,0.296928048134,0.297078311443,0.29572892189,0.295925289392,0
2026-02-04 13:00:00+00:00,0.295900911093,0.295952111483,0.291818112135,0.291818112135,8850560
2026-02-04 14:00:00+00:00,0.291801512241,0.292072892189,0.28831589222,0.28831589222,6331072
2026-02-04 15:00:00+00:00,0.288139313459,0.289577007294,0.284920156002,0.285738110542,0
2026-02-04 16:00:00+00:00,0.285750806332,0.286544978619,0.282834738493,0.285577446222,8368960
2026-02-04 17:00:00+00:00,0.285608887672,0.285857856274,0.282908707857,0.284160673618,11905664
2026-02-04 18:00:00+00:00,0.284258782864,0.290096014738,0.281677961349,0.288007438183,0
2026-02-04 19:00:00+00:00,0.287887275219,0.291887849569,0.287115305662,0.291887849569,0
2026-02-04 20:00:00+00:00,0.291883170605,0.291883170605,0.288874328136,0.289019793272,0
2026-02-04 21:00:00+00:00,0.288991808891,0.289054453373,0.283393383026,0.283966213465,0
2026-02-04 22:00:00+00:00,0.28460508585,0.288291066885,0.280845373869,0.283725589514,8151680
2026-02-04 23:00:00+00:00,0.283749192953,0.287006169558,0.282900214195,0.28630682826,10546176
2026-02-05 00:00:00+00:00,0.28617733717,0.286745816469,0.285103827715,0.286352187395,3265088
2026-02-05 01:00:00+00:00,0.286110252142,0.288200050592,0.28453335166,0.285723268986,15410432
2026-02-05 02:00:00+00:00,0.28569662571,0.287590175867,0.284501641989,0.284934848547,16561152
2026-02-05 03:00:00+00:00,0.284594744444,0.28537145257,0.282444864511,0.282444864511,1107520
2026-02-05 04:00:00+00:00,0.282449543476,0.284241497517,0.281817018986,0.282533466816,16598464
2026-02-05 05:00:00+00:00,0.28257521987,0.285242289305,0.28043448925,0.283500343561,33195520
2026-02-05 06:00:00+00:00,0.283449113369,0.283449113369,0.278689146042,0.27928468585,21830592
2026-02-05 07:00:00+00:00,0.279291510582,0.282159596682,0.279175877571,0.279322385788,19752384
2026-02-05 08:00:00+00:00,0.279321283102,0.2818313241,0.279240190983,0.280927598476,6243648
2026-02-05 09:00:00+00:00,0.280895918608,0.282641589642,0.279385358095,0.279949188232,1227392
2026-02-05 10:00:00+00:00,0.279962897301,0.279962897301,0.272063344717,0.272063344717,22350528
2026-02-05 11:00:00+00:00,0.272181123495,0.273336559534,0.268147975206,0.27138325572,25590080
2026-02-05 12:00:00+00:00,0.271421670914,0.272028505802,0.269429147243,0.271715193987,40037184
2026-02-05 13:00:00+00:00,0.271703332663,0.272836565971,0.269825816154,0.269951373339,7523904
2026-02-05 14:00:00+00:00,0.269888132811,0.275943815708,0.269888132811,0.272595465183,15134464
2026-02-05 15:00:00+00:00,0.271995693445,0.271995693445,0.258914172649,0.26260098815,100190656
2026-02-05 16:00:00+00:00,0.262569129467,0.26567953825,0.26051351428,0.264952033758,44358016
2026-02-05 17:00:00+00:00,0.2650154531,0.265206038952,0.256685674191,0.258264094591,14497664
2026-02-05 18:00:00+00:00,0.258024871349,0.258502840996,0.254300326109,0.25729778409,8707072
2026-02-05 19:00:00+00:00,0.25812843442,0.25812843442,0.253355324268,0.253355324268,17850112
2026-02-05 20:00:00+00:00,0.253248929977,0.254653781652,0.245887935162,0.246916487813,119418752
2026-02-05 21:00:00+00:00,0.246714174747,0.251659780741,0.245867341757,0.245917260647,71860224
2026-02-05 22:00:00+00:00,0.246026232839,0.250107467175,0.244991928339,0.2497690171,42524928
2026-02-05 23:00:00+00:00,0.249640539289,0.253511846066,0.244881808758,0.244881808758,17148032
2026-02-06 00:00:00+00:00,0.244947612286,0.24560649693,0.226661294699,0.243731155992,337876480
2026-02-06 01:00:00+00:00,0.243952348828,0.251607239246,0.243767514825,0.251548707485,68983808
2026-02-06 02:00:00+00:00,0.251654565334,0.25189307332,0.245052874088,0.245088428259,4463104
2026-02-06 03:00:00+00:00,0.24517044425,0.248743772507,0.24517044425,0.248130068183,11172096
2026-02-06 04:00:00+00:00,0.248195871711,0.251664727926,0.248195871711,0.250886768103,14304256
2026-02-06 05:00:00+00:00,0.250868558884,0.257242262363,0.250868558884,0.257213354111,36097920
2026-02-06 06:00:00+00:00,0.257284164429,0.258409589529,0.254520684481,0.254522055387,19968256
2026-02-06 07:00:00+00:00,0.254178017378,0.254178017378,0.251418471336,0.251418471336,16455808
2026-02-06 08:00:00+00:00,0.251298666,0.252138286829,0.24954995513,0.25084322691,44514304
2026-02-06 09:00:00+00:00,0.250752568245,0.256842464209,0.250115782022,0.256674975157,49270272
2026-02-06 10:00:00+00:00,0.256674110889,0.261792004108,0.256592780352,0.261417657137,30206080
2026-02-06 11:00:00+00:00,0.261426717043,0.262696653605,0.260696321726,0.261916548014,0
2026-02-06 12:00:00+00:00,0.261454671621,0.261856228113,0.26006296277,0.261828958988,0
2026-02-06 13:00:00+00:00,0.26188865304,0.265216380358,0.26188865304,0.264781326056,62946944
2026-02-06 14:00:00+00:00,0.264785319567,0.269631266594,0.262759536505,0.269631266594,45193856
2026-02-06 15:00:00+00:00,0.269899666309,0.273913919926,0.269693940878,0.273458987474,0
2026-02-06 16:00:00+00:00,0.273451119661,0.27996301651,0.273451119661,0.278757512569,0
2026-02-06 17:00:00+00:00,0.278630405664,0.283539116383,0.277603685856,0.2808804214,15452800
2026-02-06 18:00:00+00:00,0.280761748552,0.280761748552,0.275565981865,0.277518242598,0
2026-02-06 19:00:00+00:00,0.277500659227,0.27800989151,0.276489973068,0.277980029583,0
2026-02-06 20:00:00+00:00,0.277967244387,0.278148651123,0.275605916977,0.275770783424,0
2026-02-06 21:00:00+00:00,0.275789231062,0.27643764019,0.274916023016,0.276231169701,0
2026-02-06 22:00:00+00:00,0.276174724102,0.279122591019,0.276145130396,0.278791189194,0
2026-02-06 23:00:00+00:00,0.278813511133,0.279831886292,0.276232481003,0.276232481003,0
2026-02-07 00:00:00+00:00,0.276218235493,0.276218235493,0.27257886529,0.27321511507,0
2026-02-07 01:00:00+00:00,0.273209899664,0.274686008692,0.271480917931,0.274686008692,0
2026-02-07 02:00:00+00:00,0.274692803621,0.274692803621,0.272470116615,0.272542238235,0
2026-02-07 03:00:00+00:00,0.272539824247,0.275865137577,0.272539824247,0.275672823191,10104576
2026-02-07 04:00:00+00:00,0.275695979595,0.277338147163,0.273674577475,0.273685246706,5657088
2026-02-07 05:00:00+00:00,0.273885458708,0.27618804574,0.273431688547,0.273502320051,0
2026-02-07 06:00:00+00:00,0.273717671633,0.27478915453,0.271883100271,0.271883100271,0
2026-02-07 07:00:00+00:00,0.2712431252,0.2712431252,0.266732662916,0.268465280533,19063040
2026-02-07 08:00:00+00:00,0.268465518951,0.270078629255,0.268061757088,0.269844681025,0
2026-02-07 09:00:00+00:00,0.26983487606,0.26983487606,0.267181068659,0.267444372177,0
2026-02-07 10:00:00+00:00,0.267439782619,0.267949193716,0.266541004181,0.266912341118,0
2026-02-07 11:00:00+00:00,0.266926109791,0.267216533422,0.266573339701,0.266816526651,0
2026-02-07 12:00:00+00:00,0.266842752695,0.273344516754,0.266842752695,0.271719574928,22140160
2026-02-07 13:00:00+00:00,0.271929621696,0.272118717432,0.270054131746,0.270620107651,0
2026-02-07 14:00:00+00:00,0.270658880472,0.271222174168,0.268987178802,0.269035100937,0
2026-02-07 15:00:00+00:00,0.269010752439,0.27305290103,0.269010752439,0.272504925728,0
2026-02-07 16:00:00+00:00,0.272546410561,0.276343971491,0.272533476353,0.273415714502,169208320
2026-02-07 17:00:00+00:00,0.27341991663,0.274119436741,0.271867245436,0.273653537035,0
2026-02-07 18:00:00+00:00,0.273655682802,0.27794033289,0.273655682802,0.277217566967,0
2026-02-07 19:00:00+00:00,0.27721196413,0.27721196413,0.274438917637,0.274438917637,0
2026-02-07 20:00:00+00:00,0.27443498373,0.275507330894,0.27443498373,0.275073736906,0
2026-02-07 21:00:00+00:00,0.275116622448,0.275424182415,0.273131936789,0.273147583008,0
2026-02-07 22:00:00+00:00,0.273109436035,0.273600786924,0.272484600544,0.272552162409,0
2026-02-07 23:00:00+00:00,0.272567212582,0.272567212582,0.270980149508,0.272359967232,7680
2026-02-08 00:00:00+00:00,0.272350490093,0.272350490093,0.270848602057,0.271111488342,0
2026-02-08 01:00:00+00:00,0.271173804998,0.273055285215,0.271173804998,0.272061854601,0
2026-02-08 02:00:00+00:00,0.272085040808,0.27239343524,0.270185023546,0.270224809647,0
2026-02-08 03:00:00+00:00,0.270512938499,0.270854026079,0.269605726004,0.269605726004,0
2026-02-08 04:00:00+00:00,0.269710481167,0.270254015923,0.269377797842,0.270038038492,0
2026-02-08 05:00:00+00:00,0.270175874233,0.270908594131,0.26990160346,0.270027637482,0
2026-02-08 06:00:00+00:00,0.270028918982,0.270772248507,0.269884765148,0.269884765148,0
2026-02-08 07:00:00+00:00,0.270043492317,0.270823836327,0.269850820303,0.270796895027,0
2026-02-08 08:00:00+00:00,0.270812988281,0.275510013103,0.270812988281,0.275210946798,0
2026-02-08 09:00:00+00:00,0.27516028285,0.275222063065,0.272331863642,0.272601932287,0
2026-02-08 10:00:00+00:00,0.272604823112,0.272867977619,0.270355790854,0.270871192217,0
2026-02-08 11:00:00+00:00,0.270859479904,0.27420938015,0.270859479904,0.27420938015,8896576
2026-02-08 12:00:00+00:00,0.274207115173,0.274470120668,0.273390799761,0.274361610413,0
2026-02-08 13:00:00+00:00,0.274649351835,0.2749094069,0.273565173149,0.273761481047,7310528
2026-02-08 14:00:00+00:00,0.273779928684,0.274532228708,0.273678898811,0.274287998676,0
2026-02-08 15:00:00+00:00,0.274308443069,0.274872481823,0.271364629269,0.272545188665,0
2026-02-08 16:00:00+00:00,0.272533357143,0.273014873266,0.267951995134,0.268172204494,0
2026-02-08 17:00:00+00:00,0.268255412579,0.270668774843,0.268255412579,0.270567715168,0
2026-02-08 18:00:00+00:00,0.270626932383,0.27367374301,0.270626932383,0.27319046855,0
2026-02-08 19:00:00+00:00,0.273161262274,0.274184912443,0.272807538509,0.274114817381,0
2026-02-08 20:00:00+00:00,0.274132758379,0.274163782597,0.270907044411,0.270907044411,0
2026-02-08 21:00:00+00:00,0.270919084549,0.271517366171,0.269430458546,0.269580692053,0
2026-02-08 22:00:00+00:00,0.270033597946,0.270864367485,0.270017266273,0.270864367485,1019072
2026-02-08 23:00:00+00:00,0.270821064711,0.27480840683,0.269236117601,0.270260602236,24684928
2026-02-09 00:00:00+00:00,0.270277142525,0.270426481962,0.268902152777,0.269952356815,5878848
2026-02-09 01:00:00+00:00,0.270009428263,0.271815508604,0.268838614225,0.269587129354,6212416
2026-02-09 02:00:00+00:00,0.269438266754,0.272764533758,0.269082009792,0.272069603205,6246080
2026-02-09 03:00:00+00:00,0.27205312252,0.273292332888,0.271820306778,0.273201584816,0
2026-02-09 04:00:00+00:00,0.273245513439,0.273245513439,0.271936267614,0.271978318691,0
2026-02-09 05:00:00+00:00,0.271981567144,0.272643655539,0.271893203259,0.27237072587,0
2026-02-09 06:00:00+00:00,0.272356212139,0.272356212139,0.269612818956,0.271073490381,1866048
2026-02-09 07:00:00+00:00,0.271061241627,0.271170943975,0.269269436598,0.269288688898,0
2026-02-09 08:00:00+00:00,0.269259691238,0.269515156746,0.265841603279,0.266888320446,0
2026-02-09 09:00:00+00:00,0.266852974892,0.266852974892,0.263754099607,0.26382920146,0
2026-02-09 10:00:00+00:00,0.263854235411,0.264229357243,0.259735047817,0.26026815176,142656
2026-02-09 11:00:00+00:00,0.260288864374,0.261976540089,0.260288864374,0.261400997639,0
2026-02-09 12:00:00+00:00,0.261426746845,0.264577120543,0.261426746845,0.264274835587,0
2026-02-09 13:00:00+00:00,0.264294952154,0.265142768621,0.262794286013,0.262794286013,0
2026-02-09 14:00:00+00:00,0.262765467167,0.265991479158,0.262330561876,0.265712350607,16340736
2026-02-09 15:00:00+00:00,0.266097784042,0.267383158207,0.264188706875,0.267371594906,0
2026-02-09 16:00:00+00:00,0.26748713851,0.270907133818,0.265836119652,0.269956737757,0
2026-02-09 17:00:00+00:00,0.269912779331,0.272682845592,0.268321961164,0.272009402514,1670976
2026-02-09 18:00:00+00:00,0.271937161684,0.272396832705,0.269547194242,0.270224899054,0
2026-02-09 19:00:00+00:00,0.270224362612,0.271220952272,0.269875794649,0.271069139242,0
2026-02-09 20:00:00+00:00,0.271014332771,0.271365046501,0.269711643457,0.27087071538,0
2026-02-09 21:00:00+00:00,0.270915567875,0.271074384451,0.268255531788,0.270238727331,0
2026-02-09 22:00:00+00:00,0.270262390375,0.271217495203,0.270262390375,0.270388484001,0
2026-02-09 23:00:00+00:00,0.270420819521,0.271063774824,0.269688308239,0.269710034132,0
2026-02-10 00:00:00+00:00,0.269710063934,0.270105391741,0.268655091524,0.268661290407,0
2026-02-10 01:00:00+00:00,0.268590033054,0.270188629627,0.268590033054,0.270023733377,0
2026-02-10 02:00:00+00:00,0.269990086555,0.270038127899,0.268926173449,0.269145548344,0
2026-02-10 03:00:00+00:00,0.269147366285,0.26929500699,0.265282839537,0.266042947769,0
2026-02-10 04:00:00+00:00,0.266026377678,0.267796218395,0.266026377678,0.267785906792,0
2026-02-10 05:00:00+00:00,0.267774432898,0.267774432898,0.26546472311,0.265471696854,0
2026-02-10 06:00:00+00:00,0.265519440174,0.265882909298,0.261821836233,0.261963188648,0
2026-02-10 07:00:00+00:00,0.262047976255,0.263151228428,0.261661827564,0.262762337923,1266720
2026-02-10 08:00:00+00:00,0.262760221958,0.264138430357,0.262725532055,0.26413756609,0
2026-02-10 09:00:00+00:00,0.264140933752,0.265437543392,0.264070421457,0.264474451542,0
2026-02-10 10:00:00+00:00,0.264464616776,0.264737218618,0.263467490673,0.263631075621,0
2026-02-10 11:00:00+00:00,0.263635993004,0.264200478792,0.262977212667,0.262977212667,0
2026-02-10 12:00:00+00:00,0.262967735529,0.263624876738,0.262199789286,0.262427210808,0
2026-02-10 13:00:00+00:00,0.26241838932,0.26335132122,0.262301146984,0.263011306524,0
2026-02-10 14:00:00+00:00,0.263018786907,0.265387475491,0.26216879487,0.263054668903,0
2026-02-10 15:00:00+00:00,0.263057351112,0.264505207539,0.262486159801,0.263402998447,0
2026-02-10 16:00:00+00:00,0.263378500938,0.263448119164,0.261786997318,0.262790173292,6876416
2026-02-10 17:00:00+00:00,0.262800127268,0.264743149281,0.262217998505,0.264071851969,0
2026-02-10 18:00:00+00:00,0.264145582914,0.264227777719,0.260535567999,0.26110008359,0
2026-02-10 19:00:00+00:00,0.261051923037,0.263043910265,0.260839492083,0.262508779764,1028768
2026-02-10 20:00:00+00:00,0.262517571449,0.262517571449,0.261735647917,0.261973112822,0
2026-02-10 21:00:00+00:00,0.261957138777,0.262324601412,0.260868638754,0.261379301548,0
2026-02-10 22:00:00+00:00,0.261391073465,0.262611120939,0.261296153069,0.261983692646,0
2026-02-10 23:00:00+00:00,0.261957317591,0.261957317591,0.26114526391,0.261683881283,0
2026-02-11 00:00:00+00:00,0.261664748192,0.26256737113,0.261664748192,0.26256737113,7989280
2026-02-11 01:00:00+00:00,0.262555658817,0.263095766306,0.262322068214,0.263043880463,0
2026-02-11 02:00:00+00:00,0.263050168753,0.264375865459,0.262962639332,0.262962639332,0
2026-02-11 03:00:00+00:00,0.262935549021,0.263154000044,0.260882794857,0.26248884201,0
2026-02-11 04:00:00+00:00,0.262482225895,0.262610197067,0.258711755276,0.258767575026,7371744
2026-02-11 05:00:00+00:00,0.258773028851,0.259533792734,0.258006960154,0.258006960154,2101344
2026-02-11 06:00:00+00:00,0.257981657982,0.257981657982,0.255187511444,0.255292892456,1764224
2026-02-11 07:00:00+00:00,0.255340278149,0.256455302238,0.255293726921,0.255990207195,0
2026-02-11 08:00:00+00:00,0.255942076445,0.255942076445,0.255109161139,0.255109161139,0
2026-02-11 09:00:00+00:00,0.255126357079,0.255183190107,0.253887981176,0.253887981176,0
2026-02-11 10:00:00+00:00,0.253884553909,0.253884553909,0.252520769835,0.252629101276,2492032
2026-02-11 11:00:00+00:00,0.252594977617,0.255114674568,0.252594977617,0.255114674568,1358368
2026-02-11 12:00:00+00:00,0.255105316639,0.255556225777,0.254277229309,0.254423677921,360896
2026-02-11 13:00:00+00:00,0.254417419434,0.255745440722,0.253690361977,0.255562186241,11159264
2026-02-11 14:00:00+00:00,0.255590081215,0.262687444687,0.254280954599,0.254280954599,20848832
2026-02-11 15:00:00+00:00,0.254293620586,0.254302442074,0.251458466053,0.252902090549,18319424
2026-02-11 16:00:00+00:00,0.252917706966,0.256851524115,0.251922756433,0.251922756433,0
2026-02-11 17:00:00+00:00,0.251881808043,0.256524264812,0.251634985209,0.255497127771,10052544
2026-02-11 18:00:00+00:00,0.255485594273,0.258213549852,0.254538327456,0.25796470046,1761632
2026-02-11 19:00:00+00:00,0.257977843285,0.258761405945,0.256988495588,0.257237702608,2223424
2026-02-11 20:00:00+00:00,0.257233411074,0.257767945528,0.255848050117,0.257674008608,2087488
2026-02-11 21:00:00+00:00,0.257638186216,0.25957146287,0.257410287857,0.25870552659,8764288
2026-02-11 22:00:00+00:00,0.258670419455,0.258670419455,0.256599903107,0.256599903107,950496
2026-02-11 23:00:00+00:00,0.256600648165,0.256600648165,0.25463616848,0.255550324917,8350592
2026-02-12 00:00:00+00:00,0.255554676056,0.258025199175,0.255554676056,0.257855385542,6767552
2026-02-12 01:00:00+00:00,0.257828682661,0.258802652359,0.257643640041,0.257732123137,4134048
2026-02-12 02:00:00+00:00,0.257725805044,0.258744359016,0.257258623838,0.258147954941,0
2026-02-12 03:00:00+00:00,0.258139967918,0.259036868811,0.258100420237,0.259032487869,0
2026-02-12 04:00:00+00:00,0.25900042057,0.25900042057,0.25797984004,0.258087038994,0
2026-02-12 05:00:00+00:00,0.25807672739,0.25906971097,0.257452994585,0.259067624807,0
2026-02-12 06:00:00+00:00,0.259070217609,0.261804103851,0.259070217609,0.260937809944,0
2026-02-12 07:00:00+00:00,0.260899543762,0.262452989817,0.260643690825,0.262224644423,0
2026-02-12 08:00:00+00:00,0.262241899967,0.263091146946,0.261568278074,0.262382358313,0
2026-02-12 09:00:00+00:00,0.262339919806,0.265443354845,0.262169450521,0.265441179276,11247424
2026-02-12 10:00:00+00:00,0.265439361334,0.26851311326,0.264955669641,0.26851311326,9460384
2026-02-12 11:00:00+00:00,0.268570810556,0.26895904541,0.26718428731,0.26723664999,10984544
2026-02-12 12:00:00+00:00,0.26725718379,0.267493069172,0.264361947775,0.2644918859,0
2026-02-12 13:00:00+00:00,0.264515399933,0.266676276922,0.264194816351,0.266488969326,0
2026-02-12 14:00:00+00:00,0.266488999128,0.266848444939,0.265366762877,0.266001135111,0
2026-02-12 15:00:00+00:00,0.265949577093,0.266907662153,0.263043373823,0.263043373823,0
2026-02-12 16:00:00+00:00,0.262991398573,0.262991398573,0.258075803518,0.25847324729,18363456
2026-02-12 17:00:00+00:00,0.258449196815,0.260715454817,0.258449196815,0.259300887585,3709312
2026-02-12 18:00:00+00:00,0.259263396263,0.260419398546,0.258350014687,0.260144740343,3250464
2026-02-12 19:00:00+00:00,0.260029196739,0.263602793217,0.259503573179,0.261895626783,6822304
2026-02-12 20:00:00+00:00,0.26187068224,0.26187068224,0.258719056845,0.258722394705,156224
2026-02-12 21:00:00+00:00,0.258679419756,0.259795963764,0.258679419756,0.259553819895,0
2026-02-12 22:00:00+00:00,0.259556978941,0.261574059725,0.258922308683,0.261574059725,1519392
2026-02-12 23:00:00+00:00,0.261588275433,0.264243364334,0.261588275433,0.264218330383,5713568
2026-02-13 00:00:00+00:00,0.264175772667,0.264891624451,0.261711210012,0.262442827225,4660032
2026-02-13 01:00:00+00:00,0.262385457754,0.263312458992,0.261964142323,0.262622326612,2149184
2026-02-13 02:00:00+00:00,0.262617945671,0.263589829206,0.261829972267,0.263589829206,6116032
2026-02-13 03:00:00+00:00,0.263567835093,0.263567835093,0.2623462677,0.262831419706,4225728
2026-02-13 04:00:00+00:00,0.262829363346,0.26300817728,0.261750370264,0.261829316616,0
2026-02-13 05:00:00+00:00,0.261780828238,0.261780828238,0.260064661503,0.260064661503,758848
2026-02-13 06:00:00+00:00,0.260052919388,0.261087626219,0.25844630599,0.261087626219,0
2026-02-13 07:00:00+00:00,0.261120527983,0.26277884841,0.261120527983,0.261869966984,3005408
2026-02-13 08:00:00+00:00,0.261905252934,0.263669073582,0.261854588985,0.26363286376,0
2026-02-13 09:00:00+00:00,0.263620078564,0.263672739267,0.262281358242,0.26325789094,0
2026-02-13 10:00:00+00:00,0.26325622201,0.263722479343,0.262986212969,0.263574510813,0
2026-02-13 11:00:00+00:00,0.263567835093,0.263752967119,0.262748390436,0.263707488775,0
2026-02-13 12:00:00+00:00,0.263702809811,0.263702809811,0.262538075447,0.262933492661,0
2026-02-13 13:00:00+00:00,0.262911260128,0.265852838755,0.262601315975,0.265739053488,3273664
2026-02-13 14:00:00+00:00,0.265699088573,0.266560405493,0.263553142548,0.26530739665,10208832
2026-02-13 15:00:00+00:00,0.265322893858,0.272660017014,0.265322893858,0.268844991922,25920320
2026-02-13 16:00:00+00:00,0.268838822842,0.27388420701,0.268750786781,0.27372482419,0
2026-02-13 17:00:00+00:00,0.273658573627,0.273658573627,0.271781086922,0.272108525038,0
2026-02-13 18:00:00+00:00,0.272090405226,0.272637575865,0.271189361811,0.272380918264,453280
2026-02-13 19:00:00+00:00,0.272371739149,0.273883372545,0.272262752056,0.272737473249,0
2026-02-13 20:00:00+00:00,0.272695720196,0.27304661274,0.271806180477,0.273025602102,0
2026-02-13 21:00:00+00:00,0.273039847612,0.274032235146,0.273039847612,0.273634791374,0
2026-02-13 22:00:00+00:00,0.273624420166,0.273981899023,0.272215157747,0.27225574851,1075136
2026-02-13 23:00:00+00:00,0.272310018539,0.272702366114,0.272021353245,0.272692084312,0
2026-02-14 00:00:00+00:00,0.272724658251,0.274246007204,0.272707313299,0.274244964123,0
2026-02-14 01:00:00+00:00,0.27426019311,0.276332706213,0.274086147547,0.275985151529,0
2026-02-14 02:00:00+00:00,0.275976866484,0.275976866484,0.275408804417,0.275725185871,0
2026-02-14 03:00:00+00:00,0.275731563568,0.277123957872,0.275731563568,0.277057647705,0
2026-02-14 04:00:00+00:00,0.27706104517,0.277213990688,0.275903016329,0.276027172804,1837440
2026-02-14 05:00:00+00:00,0.276001304388,0.276796907187,0.275436997414,0.275688529015,0
2026-02-14 06:00:00+00:00,0.275645971298,0.275645971298,0.274245291948,0.274365484715,0
2026-02-14 07:00:00+00:00,0.274382174015,0.275875121355,0.274382174015,0.275615125895,0
2026-02-14 08:00:00+00:00,0.275624275208,0.278906643391,0.275624275208,0.27879729867,12637600
2026-02-14 09:00:00+00:00,0.278808325529,0.27882027626,0.278171092272,0.278337985277,0
2026-02-14 10:00:00+00:00,0.278338760138,0.278683066368,0.277645260096,0.278185784817,0
2026-02-14 11:00:00+00:00,0.278186351061,0.283081889153,0.278186351061,0.2829862535,19771136
2026-02-14 12:00:00+00:00,0.282971590757,0.283498167992,0.281722664833,0.281823903322,12092960
2026-02-14 13:00:00+00:00,0.281759679317,0.282547980547,0.28088837862,0.28142875433,0
2026-02-14 14:00:00+00:00,0.281398385763,0.286171197891,0.281324386597,0.286171197891,0
2026-02-14 15:00:00+00:00,0.286245167255,0.286245167255,0.284643411636,0.285600721836,0
2026-02-14 16:00:00+00:00,0.28564748168,0.289884984493,0.28564748168,0.289884984493,0
2026-02-14 17:00:00+00:00,0.289839178324,0.292028099298,0.289594620466,0.289912313223,6132896
2026-02-14 18:00:00+00:00,0.289892375469,0.29343611002,0.289565056562,0.293159157038,14068544
2026-02-14 19:00:00+00:00,0.293203353882,0.29902112484,0.293203353882,0.29831880331,31517216
2026-02-14 20:00:00+00:00,0.29832932353,0.299318313599,0.296524822712,0.297237306833,20335552
2026-02-14 21:00:00+00:00,0.297255188227,0.299798369408,0.295502394438,0.295890599489,23188224
2026-02-14 22:00:00+00:00,0.295900762081,0.297940164804,0.295806378126,0.297659039497,9268416
2026-02-14 23:00:00+00:00,0.297633230686,0.297633230686,0.295016795397,0.295266419649,3239232
2026-02-15 00:00:00+00:00,0.295140326023,0.297200948,0.295108348131,0.297108203173,9250176
2026-02-15 01:00:00+00:00,0.297082275152,0.297702640295,0.294884622097,0.296154677868,6646336
2026-02-15 02:00:00+00:00,0.29625287652,0.297156393528,0.293388128281,0.295452535152,21299968
2026-02-15 03:00:00+00:00,0.295446127653,0.297071069479,0.294039607048,0.297071069479,30138624
2026-02-15 04:00:00+00:00,0.297080814838,0.300154656172,0.296739161015,0.297534346581,23765696
2026-02-15 05:00:00+00:00,0.297541111708,0.298783808947,0.297541111708,0.298183619976,12741440
2026-02-15 06:00:00+00:00,0.298179805279,0.298472464085,0.297199815512,0.297207653522,7355392
2026-02-15 07:00:00+00:00,0.297194004059,0.300253003836,0.297035008669,0.300253003836,18191936
2026-02-15 08:00:00+00:00,0.300249069929,0.300706773996,0.295792400837,0.296205997467,15502912
2026-02-15 09:00:00+00:00,0.296200275421,0.297295451164,0.295536339283,0.295647025108,3045440
2026-02-15 10:00:00+00:00,0.295654863119,0.295654863119,0.291357964277,0.292722284794,17782720
2026-02-15 11:00:00+00:00,0.292695015669,0.293075025082,0.290208220482,0.290246009827,0
2026-02-15 12:00:00+00:00,0.290274113417,0.290411680937,0.284823834896,0.284823834896,10375360
2026-02-15 13:00:00+00:00,0.284560441971,0.28566712141,0.281775474548,0.282174438238,25613376
2026-02-15 14:00:00+00:00,0.28218215704,0.285114318132,0.282132327557,0.284835040569,2879424
2026-02-15 15:00:00+00:00,0.284824103117,0.285984069109,0.284032285213,0.284297406673,0
2026-02-15 16:00:00+00:00,0.284279406071,0.284279406071,0.282699853182,0.283589303493,0
2026-02-15 17:00:00+00:00,0.283600270748,0.284006416798,0.279365628958,0.280267417431,2822912
2026-02-15 18:00:00+00:00,0.280297249556,0.28095176816,0.278561145067,0.278617858887,0
2026-02-15 19:00:00+00:00,0.27864074707,0.28003141284,0.277796775103,0.279081940651,0
2026-02-15 20:00:00+00:00,0.279071331024,0.280257999897,0.278420954943,0.279256552458,0
2026-02-15 21:00:00+00:00,0.279234409332,0.280874043703,0.279220491648,0.280336618423,0
2026-02-15 22:00:00+00:00,0.280326008797,0.282224714756,0.280125439167,0.282224714756,0
2026-02-15 23:00:00+00:00,0.282215505838,0.282215505838,0.279804319143,0.281785309315,0
2026-02-16 00:00:00+00:00,0.281776994467,0.282867401838,0.281115144491,0.282036602497,0
2026-02-16 01:00:00+00:00,0.282033503056,0.28257137537,0.280562788248,0.28070166707,0
2026-02-16 02:00:00+00:00,0.280700296164,0.281798362732,0.280013799667,0.280047357082,0
2026-02-16 03:00:00+00:00,0.280028551817,0.280176401138,0.279723674059,0.280084967613,0
2026-02-16 04:00:00+00:00,0.280079871416,0.281883835793,0.280057907104,0.281883835793,0
2026-02-16 05:00:00+00:00,0.281901836395,0.282184123993,0.277924269438,0.278132528067,0
2026-02-16 06:00:00+00:00,0.278127610683,0.280249416828,0.278084009886,0.279955297709,0
2026-02-16 07:00:00+00:00,0.279956698418,0.280637413263,0.279498368502,0.280085504055,0
2026-02-16 08:00:00+00:00,0.280071049929,0.28228199482,0.280071049929,0.281706959009,0
2026-02-16 09:00:00+00:00,0.281706869602,0.285257548094,0.28162625432,0.284688442945,7161664
2026-02-16 10:00:00+00:00,0.284730523825,0.284730523825,0.2826859653,0.2826859653,0
2026-02-16 11:00:00+00:00,0.28266710043,0.283115625381,0.279694795609,0.283061146736,0
2026-02-16 12:00:00+00:00,0.283060610294,0.287114948034,0.282458871603,0.287114948034,0
2026-02-16 13:00:00+00:00,0.287108451128,0.288174599409,0.280847281218,0.280852526426,0
2026-02-16 14:00:00+00:00,0.280885785818,0.284671962261,0.280039459467,0.284136384726,5115328
2026-02-16 15:00:00+00:00,0.284118235111,0.284917384386,0.277895361185,0.278995126486,16955584
2026-02-16 16:00:00+00:00,0.278952479362,0.281488895416,0.278850197792,0.280802935362,647520
2026-02-16 17:00:00+00:00,0.280819803476,0.282816171646,0.280083477497,0.282262206078,0
2026-02-16 18:00:00+00:00,0.282269328833,0.283315002918,0.281731188297,0.281731188297,0
2026-02-16 19:00:00+00:00,0.281704336405,0.283095479012,0.281493604183,0.282633185387,0
2026-02-16 20:00:00+00:00,0.282559961081,0.285337269306,0.281572163105,0.285276502371,325824
2026-02-16 21:00:00+00:00,0.28527417779,0.286149978638,0.284735679626,0.286149978638,772800
2026-02-16 22:00:00+00:00,0.286154896021,0.287120163441,0.284971445799,0.285092115402,5993184
2026-02-16 23:00:00+00:00,0.285073906183,0.285734862089,0.284956425428,0.285497456789,0
2026-02-17 00:00:00+00:00,0.285527437925,0.285998314619,0.285174787045,0.285184264183,3861760
2026-02-17 01:00:00+00:00,0.285155832767,0.285538047552,0.284526139498,0.284526139498,0
2026-02-17 02:00:00+00:00,0.284510910511,0.288748502731,0.283719718456,0.288734763861,7921632
2026-02-17 03:00:00+00:00,0.288626611233,0.288626611233,0.286565512419,0.286572188139,0
2026-02-17 04:00:00+00:00,0.286568582058,0.287379175425,0.286183327436,0.286380141973,0
2026-02-17 05:00:00+00:00,0.286400169134,0.286691188812,0.284119457006,0.285347878933,0
2026-02-17 06:00:00+00:00,0.28534540534,0.28728350997,0.28534540534,0.28723487258,675968
2026-02-17 07:00:00+00:00,0.287234038115,0.289308518171,0.285966306925,0.287110120058,17771360
2026-02-17 08:00:00+00:00,0.287006705999,0.287006705999,0.28351187706,0.28351187706,4094688
2026-02-17 09:00:00+00:00,0.28351727128,0.28351727128,0.281220406294,0.282187432051,0
2026-02-17 10:00:00+00:00,0.282188296318,0.282188296318,0.279695063829,0.279794603586,315968
2026-02-17 11:00:00+00:00,0.279816418886,0.280512779951,0.279816418886,0.280396968126,0
2026-02-17 12:00:00+00:00,0.280358910561,0.282780140638,0.280188113451,0.281901836395,0
2026-02-17 13:00:00+00:00,0.281896024942,0.283713430166,0.281658381224,0.283663451672,0
2026-02-17 14:00:00+00:00,0.283362597227,0.283642113209,0.27789375186,0.278505057096,0
2026-02-17 15:00:00+00:00,0.278435736895,0.280919224024,0.278215348721,0.280905336142,0
2026-02-17 16:00:00+00:00,0.281165868044,0.285675317049,0.281165868044,0.283902019262,7819008
2026-02-17 17:00:00+00:00,0.283848851919,0.283848851919,0.279094219208,0.280360877514,6648256
2026-02-17 18:00:00+00:00,0.280434072018,0.285633116961,0.280434072018,0.285251051188,9827488
2026-02-17 19:00:00+00:00,0.285164862871,0.285164862871,0.283029586077,0.283201932907,2721952
2026-02-17 20:00:00+00:00,0.283186584711,0.283245295286,0.281747788191,0.282584607601,0
2026-02-17 21:00:00+00:00,0.282606393099,0.283130049706,0.281692028046,0.282005190849,0
2026-02-17 22:00:00+00:00,0.282034724951,0.282288700342,0.281072854996,0.281081169844,0
2026-02-17 23:00:00+00:00,0.281073719263,0.281219422817,0.280445247889,0.280966222286,2091104
2026-02-18 00:00:00+00:00,0.280958086252,0.281412482262,0.280075967312,0.280075967312,0
2026-02-18 01:00:00+00:00,0.280071824789,0.280132383108,0.279435664415,0.279778122902,2011584
2026-02-18 02:00:00+00:00,0.279787063599,0.282568573952,0.279787063599,0.282362937927,0
2026-02-18 03:00:00+00:00,0.282370954752,0.28351944685,0.282310456038,0.283220052719,0
2026-02-18 04:00:00+00:00,0.283179610968,0.283179610968,0.282313257456,0.282315969467,0
2026-02-18 05:00:00+00:00,0.282287150621,0.282515704632,0.281903713942,0.282366961241,0
2026-02-18 06:00:00+00:00,0.282335698605,0.28317925334,0.282335698605,0.282487362623,0
2026-02-18 07:00:00+00:00,0.282469421625,0.284577727318,0.282095104456,0.284577727318,0
2026-02-18 08:00:00+00:00,0.28453451395,0.285863041878,0.284321665764,0.285147368908,0
2026-02-18 09:00:00+00:00,0.285136550665,0.285951554775,0.284970849752,0.284999132156,0
2026-02-18 10:00:00+00:00,0.285007119179,0.285828620195,0.283031225204,0.283062726259,0
2026-02-18 11:00:00+00:00,0.283067733049,0.283537238836,0.281262069941,0.281464129686,13397888
2026-02-18 12:00:00+00:00,0.281468212605,0.282905399799,0.281042009592,0.282467037439,600000
2026-02-18 13:00:00+00:00,0.28247320652,0.282545566559,0.280174732208,0.280455589294,0
2026-02-18 14:00:00+00:00,0.280492454767,0.281438469887,0.279573559761,0.281438469887,0
2026-02-18 15:00:00+00:00,0.281406521797,0.286729365587,0.28123024106,0.284655541182,0
2026-02-18 16:00:00+00:00,0.284263193607,0.284263193607,0.279949307442,0.279949307442,0
2026-02-18 17:00:00+00:00,0.280007869005,0.282065421343,0.279754668474,0.279754668474,0
2026-02-18 18:00:00+00:00,0.279753744602,0.280098438263,0.275562554598,0.275835990906,8347136
2026-02-18 19:00:00+00:00,0.275798171759,0.276272803545,0.27256077528,0.273041695356,13809920
2026-02-18 20:00:00+00:00,0.27316698432,0.275411456823,0.272855848074,0.274123430252,7955488
2026-02-18 21:00:00+00:00,0.274116903543,0.27451172471,0.273283421993,0.273659646511,5337056
2026-02-18 22:00:00+00:00,0.273664295673,0.273851305246,0.272945612669,0.273538142443,3750976
2026-02-18 23:00:00+00:00,0.273479998112,0.273688673973,0.272660404444,0.273584902287,71200
2026-02-19 00:00:00+00:00,0.273615956306,0.273615956306,0.272448062897,0.272560954094,6120960
2026-02-19 01:00:00+00:00,0.27255243063,0.27481752634,0.27255243063,0.27481752634,6275872
2026-02-19 02:00:00+00:00,0.274828523397,0.27560043335,0.27396684885,0.274204134941,0
2026-02-19 03:00:00+00:00,0.274284631014,0.275019049644,0.27408438921,0.275019049644,2160128
2026-02-19 04:00:00+00:00,0.275020897388,0.275313556194,0.274539023638,0.274801969528,465792
2026-02-19 05:00:00+00:00,0.27477478981,0.274934530258,0.273713290691,0.274592489004,3291488
2026-02-19 06:00:00+00:00,0.274598836899,0.276457101107,0.274598836899,0.276171982288,1372992
2026-02-19 07:00:00+00:00,0.276178240776,0.276741087437,0.275729358196,0.276022166014,1004640
2026-02-19 08:00:00+00:00,0.276034504175,0.276141375303,0.273484051228,0.273874849081,3380192
2026-02-19 09:00:00+00:00,0.273820579052,0.274946600199,0.273386389017,0.273680210114,11221312
2026-02-19 10:00:00+00:00,0.273628890514,0.274009853601,0.272850453854,0.273416429758,2165280
2026-02-19 11:00:00+00:00,0.273408859968,0.274019539356,0.272284984589,0.272284984589,0
2026-02-19 12:00:00+00:00,0.27228090167,0.272477596998,0.271445900202,0.272012978792,493472
2026-02-19 13:00:00+00:00,0.272022277117,0.272099077702,0.26918309927,0.269678264856,8437984
2026-02-19 14:00:00+00:00,0.269678860903,0.273016005754,0.269678860903,0.272925198078,6378944
2026-02-19 15:00:00+00:00,0.272866219282,0.273159295321,0.269681513309,0.269947320223,0
2026-02-19 16:00:00+00:00,0.270001500845,0.27023422718,0.268310964108,0.269208848476,4304832
2026-02-19 17:00:00+00:00,0.269250571728,0.272315591574,0.268978238106,0.269007176161,8402976
2026-02-19 18:00:00+00:00,0.269233047962,0.272918999195,0.269221395254,0.272707879543,0
2026-02-19 19:00:00+00:00,0.27275493741,0.273354887962,0.271652758121,0.272759020329,0
2026-02-19 20:00:00+00:00,0.272780507803,0.272843301296,0.272139161825,0.272618889809,0
2026-02-19 21:00:00+00:00,0.272625863552,0.273056685925,0.272403866053,0.272403866053,0
2026-02-19 22:00:00+00:00,0.272368609905,0.272422343493,0.270948767662,0.271866172552,0
2026-02-19 23:00:00+00:00,0.271930575371,0.272755116224,0.271930575371,0.272530287504,0
2026-02-20 00:00:00+00:00,0.272566258907,0.274785548449,0.272439777851,0.274097889662,0
2026-02-20 01:00:00+00:00,0.27411043644,0.27423208952,0.273618191481,0.273755550385,0
2026-02-20 02:00:00+00:00,0.273760437965,0.274489969015,0.273760437965,0.273950338364,0
2026-02-20 03:00:00+00:00,0.273934334517,0.27444806695,0.273537844419,0.273790299892,0
2026-02-20 04:00:00+00:00,0.2737621665,0.2737621665,0.271649628878,0.272293448448,0
2026-02-20 05:00:00+00:00,0.272295862436,0.275599360466,0.272016257048,0.274882405996,3565696
2026-02-20 06:00:00+00:00,0.274892598391,0.274905264378,0.273930042982,0.274553656578,2731008
2026-02-20 07:00:00+00:00,0.274548321962,0.274566113949,0.273762404919,0.273766607046,0
2026-02-20 08:00:00+00:00,0.273744791746,0.274664223194,0.273569762707,0.274631679058,0
2026-02-20 09:00:00+00:00,0.274635046721,0.277123630047,0.274599671364,0.277123630047,0
2026-02-20 10:00:00+00:00,0.277138620615,0.27941635251,0.277138620615,0.278306365013,5873408
2026-02-20 11:00:00+00:00,0.278294086456,0.27841180563,0.277103424072,0.277103424072,5204928
2026-02-20 12:00:00+00:00,0.277056366205,0.277317613363,0.276419758797,0.276796281338,814304
2026-02-20 13:00:00+00:00,0.276794582605,0.276836872101,0.270525336266,0.271850973368,3066240
2026-02-20 14:00:00+00:00,0.271774768829,0.277953565121,0.271774768829,0.277321398258,7192544
2026-02-20 15:00:00+00:00,0.277384757996,0.287286102772,0.277384757996,0.287286102772,41572096
2026-02-20 16:00:00+00:00,0.287809103727,0.292859733105,0.286088734865,0.287359565496,43401408
2026-02-20 17:00:00+00:00,0.287515491247,0.288084626198,0.2807469666,0.285315662622,23659552
2026-02-20 18:00:00+00:00,0.28534373641,0.285353899002,0.282347649336,0.28291067481,29923328
2026-02-20 19:00:00+00:00,0.282882064581,0.283489942551,0.282400101423,0.28258278966,4673280
2026-02-20 20:00:00+00:00,0.282617479563,0.284532815218,0.282617479563,0.283991903067,10396064
2026-02-20 21:00:00+00:00,0.284015476704,0.284572929144,0.283377319574,0.28456646204,425824
2026-02-20 22:00:00+00:00,0.284544318914,0.285171955824,0.28365623951,0.285106182098,1302240
2026-02-20 23:00:00+00:00,0.285284340382,0.285774588585,0.284554451704,0.284906864166,430368
2026-02-21 00:00:00+00:00,0.284891664982,0.285057812929,0.282749772072,0.282756179571,0
2026-02-21 01:00:00+00:00,0.282784163952,0.283513009548,0.282336354256,0.283353894949,2315744
2026-02-21 02:00:00+00:00,0.283355146646,0.284354388714,0.282823771238,0.283654630184,1789760
2026-02-21 03:00:00+00:00,0.283649027348,0.283761024475,0.282497018576,0.282826036215,2219232
2026-02-21 04:00:00+00:00,0.282841563225,0.283032089472,0.282412171364,0.283032089472,0
2026-02-21 05:00:00+00:00,0.283027976751,0.284052163363,0.283027976751,0.283497154713,0
2026-02-21 06:00:00+00:00,0.283502042294,0.283502042294,0.281512737274,0.281596958637,0
2026-02-21 07:00:00+00:00,0.281536787748,0.281824111938,0.281216770411,0.281353920698,0
2026-02-21 08:00:00+00:00,0.281355559826,0.283337146044,0.281267315149,0.283337146044,0
2026-02-21 09:00:00+00:00,0.283300876617,0.285962998867,0.283300876617,0.284365981817,2004320
2026-02-21 10:00:00+00:00,0.284354716539,0.284839630127,0.283727198839,0.283780872822,0
2026-02-21 11:00:00+00:00,0.283768981695,0.284516751766,0.283352911472,0.283488154411,0
2026-02-21 12:00:00+00:00,0.283478736877,0.283484190702,0.282025635242,0.282597512007,0
2026-02-21 13:00:00+00:00,0.282597303391,0.282861202955,0.282237440348,0.282861202955,0
2026-02-21 14:00:00+00:00,0.282905399799,0.284318953753,0.282905399799,0.283143162727,0
2026-02-21 15:00:00+00:00,0.283120423555,0.283390462399,0.282662898302,0.282825171947,0
2026-02-21 16:00:00+00:00,0.282786309719,0.282786309719,0.280194550753,0.280777961016,0
2026-02-21 17:00:00+00:00,0.280760973692,0.280920952559,0.279896318913,0.280900746584,0
2026-02-21 18:00:00+00:00,0.28088247776,0.282006591558,0.28088247776,0.282006591558,0
2026-02-21 19:00:00+00:00,0.281903773546,0.281903773546,0.280287355185,0.280289381742,0
2026-02-21 20:00:00+00:00,0.280272781849,0.281108886003,0.279870539904,0.27988666296,0
2026-02-21 21:00:00+00:00,0.2796895504,0.28096973896,0.279504299164,0.280963510275,2622992
2026-02-21 22:00:00+00:00,0.280963033438,0.28116029501,0.280168652534,0.28018695116,0
2026-02-21 23:00:00+00:00,0.280176430941,0.280430346727,0.279832720757,0.280022889376,768
2026-02-22 00:00:00+00:00,0.279885649681,0.279904007912,0.277645289898,0.278314173222,705040
2026-02-22 01:00:00+00:00,0.278354227543,0.279245257378,0.278354227543,0.279158651829,0
2026-02-22 02:00:00+00:00,0.279165953398,0.279575616121,0.277203828096,0.277209699154,489792
2026-02-22 03:00:00+00:00,0.277207940817,0.277413636446,0.276050239801,0.277117520571,1899424
2026-02-22 04:00:00+00:00,0.277122884989,0.277449965477,0.276398956776,0.276417940855,302816
2026-02-22 05:00:00+00:00,0.276414752007,0.276496976614,0.275506228209,0.275531113148,3504336
2026-02-22 06:00:00+00:00,0.275603085756,0.276599347591,0.275189340115,0.276557743549,1267584
2026-02-22 07:00:00+00:00,0.276554256678,0.276616483927,0.276003718376,0.276003718376,0
2026-02-22 08:00:00+00:00,0.275928497314,0.276056021452,0.275321543217,0.275358200073,0
2026-02-22 09:00:00+00:00,0.275370657444,0.276331812143,0.275351583958,0.276331812143,0
2026-02-22 10:00:00+00:00,0.276334881783,0.277246654034,0.27617970109,0.276194095612,1790176
2026-02-22 11:00:00+00:00,0.27618932724,0.27633240819,0.276031345129,0.276031345129,0
2026-02-22 12:00:00+00:00,0.276023924351,0.276023924351,0.273211836815,0.273223817348,5028928
2026-02-22 13:00:00+00:00,0.273233413696,0.273531556129,0.272471666336,0.272549659014,2956896
2026-02-22 14:00:00+00:00,0.272556334734,0.272893100977,0.271631300449,0.271837115288,0
2026-02-22 15:00:00+00:00,0.271838247776,0.272051393986,0.270630687475,0.272051215172,0
2026-02-22 16:00:00+00:00,0.272023141384,0.272023141384,0.270089566708,0.271161407232,0
2026-02-22 17:00:00+00:00,0.271165281534,0.27116766572,0.270058810711,0.2703512609,323744
2026-02-22 18:00:00+00:00,0.270345509052,0.270345509052,0.269290447235,0.270043075085,0
2026-02-22 19:00:00+00:00,0.270044445992,0.270291000605,0.269686758518,0.269959419966,0
2026-02-22 20:00:00+00:00,0.26994690299,0.26994690299,0.269320249557,0.269321620464,0
2026-02-22 21:00:00+00:00,0.269363611937,0.270289093256,0.26934081316,0.270285189152,0
2026-02-22 22:00:00+00:00,0.270282655954,0.271712571383,0.270282655954,0.271637529135,2426384
2026-02-22 23:00:00+00:00,0.271649956703,0.271695792675,0.270413935184,0.271383434534,1428160
2026-02-23 00:00:00+00:00,0.271374970675,0.271523833275,0.269442856312,0.269442856312,881232
2026-02-23 01:00:00+00:00,0.269352138042,0.269352138042,0.258722037077,0.259597659111,86034208
2026-02-23 02:00:00+00:00,0.258609503508,0.260285377502,0.258609503508,0.260006129742,19027392
2026-02-23 03:00:00+00:00,0.260029643774,0.26163700223,0.260029643774,0.261370956898,4129760
2026-02-23 04:00:00+00:00,0.261331617832,0.261331617832,0.259936451912,0.260539233685,3909888
2026-02-23 05:00:00+00:00,0.260590404272,0.262441456318,0.260590404272,0.261720597744,4455424
2026-02-23 06:00:00+00:00,0.26175147295,0.266043275595,0.26175147295,0.266043275595,7444768
2026-02-23 07:00:00+00:00,0.266046226025,0.267077624798,0.266002684832,0.26679739356,3683040
2026-02-23 08:00:00+00:00,0.266781926155,0.266781926155,0.26505497098,0.26505497098,3104512
2026-02-23 09:00:00+00:00,0.265061050653,0.271121114492,0.265061050653,0.271121114492,13885120
2026-02-23 10:00:00+00:00,0.271101534367,0.271294176579,0.270215243101,0.270608842373,1428928
2026-02-23 11:00:00+00:00,0.270599842072,0.271827608347,0.270252943039,0.270988494158,4392096
2026-02-23 12:00:00+00:00,0.271114856005,0.274310797453,0.27109181881,0.273589849472,9495232
2026-02-23 13:00:00+00:00,0.273598879576,0.273970216513,0.272622942924,0.272622942924,5590688
2026-02-23 14:00:00+00:00,0.272423803806,0.272644221783,0.269562423229,0.270728290081,10631904
2026-02-23 15:00:00+00:00,0.270725727081,0.270725727081,0.267105162144,0.267111539841,10232224
2026-02-23 16:00:00+00:00,0.267083585262,0.268048554659,0.266031503677,0.266101121902,2004704
2026-02-23 17:00:00+00:00,0.2661883533,0.266542702913,0.261807203293,0.262453734875,13067840
2026-02-23 18:00:00+00:00,0.262788921595,0.265054017305,0.262788921595,0.263612002134,8674304
2026-02-23 19:00:00+00:00,0.263636082411,0.263636082411,0.261622875929,0.261998713017,5882304
2026-02-23 20:00:00+00:00,0.261993944645,0.263162702322,0.261004716158,0.263162702322,7265856
2026-02-23 21:00:00+00:00,0.263113945723,0.263582766056,0.262973695993,0.263413727283,3054080
2026-02-23 22:00:00+00:00,0.263403475285,0.264659941196,0.263403475285,0.263650327921,3337120
2026-02-23 23:00:00+00:00,0.263639241457,0.263928741217,0.262242764235,0.262254744768,400608
2026-02-24 00:00:00+00:00,0.262259721756,0.264270663261,0.262259721756,0.264046728611,0
2026-02-24 01:00:00+00:00,0.264067798853,0.264098852873,0.259244799614,0.261171936989,0
2026-02-24 02:00:00+00:00,0.261141240597,0.261807471514,0.260163366795,0.260246217251,0
2026-02-24 03:00:00+00:00,0.260149031878,0.260153830051,0.258280932903,0.258575201035,2035744
2026-02-24 04:00:00+00:00,0.258553564548,0.258709341288,0.25698980689,0.257501393557,6147200
2026-02-24 05:00:00+00:00,0.257506877184,0.258917331696,0.256623148918,0.257258266211,4989248
2026-02-24 06:00:00+00:00,0.257249742746,0.257343053818,0.256571412086,0.256576925516,0
2026-02-24 07:00:00+00:00,0.256586462259,0.257673919201,0.256375104189,0.257402420044,0
2026-02-24 08:00:00+00:00,0.257473558187,0.258328676224,0.257062166929,0.258153021336,2934080
2026-02-24 09:00:00+00:00,0.258147954941,0.258147954941,0.256401151419,0.257011085749,0
2026-02-24 10:00:00+00:00,0.256976813078,0.257529526949,0.256937354803,0.257451504469,4512704
2026-02-24 11:00:00+00:00,0.257446199656,0.257453590631,0.257009029388,0.257150679827,0
2026-02-24 12:00:00+00:00,0.257202148438,0.257570713758,0.256393969059,0.25652807951,0
2026-02-24 13:00:00+00:00,0.256520837545,0.256606370211,0.255586951971,0.256481558084,5257600
2026-02-24 14:00:00+00:00,0.256243795156,0.258411020041,0.254583060741,0.258081972599,7400160
2026-02-24 15:00:00+00:00,0.25797700882,0.260954469442,0.257859259844,0.259487450123,0
2026-02-24 16:00:00+00:00,0.259621322155,0.261652320623,0.259621322155,0.260447323322,640992
2026-02-24 17:00:00+00:00,0.260666370392,0.262243568897,0.260666370392,0.261290609837,0
2026-02-24 18:00:00+00:00,0.261376529932,0.261997133493,0.260438472033,0.261256605387,0
2026-02-24 19:00:00+00:00,0.261254906654,0.261518567801,0.260164529085,0.260649472475,0
2026-02-24 20:00:00+00:00,0.260569781065,0.260882377625,0.260158151388,0.260621368885,0
2026-02-24 21:00:00+00:00,0.260634720325,0.260634720325,0.259423911572,0.259577363729,0
2026-02-24 22:00:00+00:00,0.25956851244,0.260467737913,0.259307354689,0.259541720152,0
2026-02-24 23:00:00+00:00,0.259547293186,0.259581804276,0.258159250021,0.258760035038,578176
2026-02-25 00:00:00+00:00,0.258733659983,0.259307354689,0.258210688829,0.259293287992,1031552
2026-02-25 01:00:00+00:00,0.259258270264,0.268152534962,0.25917416811,0.267401456833,20152256
2026-02-25 02:00:00+00:00,0.267689287663,0.270925551653,0.267689287663,0.269029408693,18191744
2026-02-25 03:00:00+00:00,0.269000321627,0.269060879946,0.266182303429,0.266182303429,1146176
2026-02-25 04:00:00+00:00,0.266137599945,0.266574859619,0.264866173267,0.266169130802,1122208
2026-02-25 05:00:00+00:00,0.26605156064,0.26605156064,0.26281619072,0.263969361782,0
2026-02-25 06:00:00+00:00,0.263966858387,0.265293449163,0.263966858387,0.26447018981,0
2026-02-25 07:00:00+00:00,0.264453530312,0.265962302685,0.264453530312,0.265714764595,0
2026-02-25 08:00:00+00:00,0.26574704051,0.268340468407,0.26574704051,0.268340468407,2825248
2026-02-25 09:00:00+00:00,0.26834076643,0.270003736019,0.26834076643,0.270003736019,712672
2026-02-25 10:00:00+00:00,0.270002394915,0.270294010639,0.26954343915,0.269813150167,0
2026-02-25 11:00:00+00:00,0.269814550877,0.270812004805,0.269192099571,0.270787447691,6440896
2026-02-25 12:00:00+00:00,0.270851492882,0.277559250593,0.270851492882,0.276950359344,32032576
2026-02-25 13:00:00+00:00,0.276837348938,0.279462248087,0.276837348938,0.27845236659,17212352
2026-02-25 14:00:00+00:00,0.278450965881,0.286536902189,0.278450965881,0.286535412073,31980160
2026-02-25 15:00:00+00:00,0.286620557308,0.292080610991,0.286620557308,0.291207075119,62426272
2026-02-25 16:00:00+00:00,0.291158109903,0.295196354389,0.291158109903,0.295190632343,51392640
2026-02-25 17:00:00+00:00,0.295182824135,0.297582894564,0.295143693686,0.295972466469,48702464
2026-02-25 18:00:00+00:00,0.296390652657,0.299043297768,0.29460439086,0.29889857769,41489920
2026-02-25 19:00:00+00:00,0.298975080252,0.300963461399,0.296570628881,0.300963461399,43007552
2026-02-25 20:00:00+00:00,0.300947338343,0.3112873137,0.300947338343,0.308089286089,174950464
2026-02-25 21:00:00+00:00,0.308179289103,0.312383055687,0.30700302124,0.309909135103,72510208
2026-02-25 22:00:00+00:00,0.31011775136,0.310770779848,0.300307393074,0.300489723682,48432704
2026-02-25 23:00:00+00:00,0.300536602736,0.302927970886,0.295510917902,0.296693205833,40460032
2026-02-26 00:00:00+00:00,0.296739250422,0.300382137299,0.294928789139,0.295893669128,26609152
2026-02-26 01:00:00+00:00,0.295894443989,0.298228979111,0.2956623137,0.296825826168,0
2026-02-26 02:00:00+00:00,0.296579927206,0.297103196383,0.294790536165,0.296969980001,0
2026-02-26 03:00:00+00:00,0.296947151423,0.296947151423,0.295367956161,0.295443415642,0
2026-02-26 04:00:00+00:00,0.295326977968,0.299239724874,0.295315921307,0.297770351171,16155648
2026-02-26 05:00:00+00:00,0.29772272706,0.29772272706,0.293574571609,0.295287102461,4558080
2026-02-26 06:00:00+00:00,0.295250386,0.296266555786,0.293854445219,0.29430398345,42545920
2026-02-26 07:00:00+00:00,0.294236600399,0.29532790184,0.293370187283,0.293370187283,5298176
2026-02-26 08:00:00+00:00,0.293394237757,0.294436305761,0.293071389198,0.293071389198,8019072
2026-02-26 09:00:00+00:00,0.293062716722,0.295104593039,0.291580229998,0.29477968812,23430016
2026-02-26 10:00:00+00:00,0.29482832551,0.294861197472,0.291860878468,0.291871607304,11577088
2026-02-26 11:00:00+00:00,0.29186964035,0.292147666216,0.289324194193,0.289324194193,11135616
2026-02-26 12:00:00+00:00,0.289438694715,0.292731046677,0.289438694715,0.292702108622,0
2026-02-26 13:00:00+00:00,0.292686343193,0.293291121721,0.292147755623,0.292233854532,0
2026-02-26 14:00:00+00:00,0.292242139578,0.293616265059,0.290067195892,0.29185038805,0
2026-02-26 15:00:00+00:00,0.291869223118,0.29296156764,0.290408194065,0.291334420443,0
2026-02-26 16:00:00+00:00,0.291394919157,0.291441679001,0.284166842699,0.284189403057,0
2026-02-26 17:00:00+00:00,0.284221380949,0.285728424788,0.283521085978,0.283559799194,0
2026-02-26 18:00:00+00:00,0.283610999584,0.286095887423,0.283048927784,0.286095887423,0
2026-02-26 19:00:00+00:00,0.286380618811,0.288872212172,0.286380618811,0.288319170475,0
2026-02-26 20:00:00+00:00,0.288370639086,0.289151132107,0.284837245941,0.28491666913,0
2026-02-26 21:00:00+00:00,0.28491973877,0.285963773727,0.284712582827,0.28562989831,0
2026-02-26 22:00:00+00:00,0.28553456068,0.287198275328,0.28553456068,0.28707909584,0
2026-02-26 23:00:00+00:00,0.287100970745,0.287419229746,0.286633998156,0.286971688271,0
2026-02-27 00:00:00+00:00,0.286976605654,0.287010878325,0.285236954689,0.286063283682,0
2026-02-27 01:00:00+00:00,0.286227107048,0.28779733181,0.28575193882,0.287608444691,0
2026-02-27 02:00:00+00:00,0.287733882666,0.28796350956,0.287200033665,0.287471175194,0
2026-02-27 03:00:00+00:00,0.287423759699,0.290062040091,0.28709128499,0.290062040091,0
2026-02-27 04:00:00+00:00,0.290064424276,0.293729007244,0.290064424276,0.293568819761,5211776
2026-02-27 05:00:00+00:00,0.293549060822,0.295579522848,0.293545216322,0.294879764318,4356928
2026-02-27 06:00:00+00:00,0.294892191887,0.294981479645,0.291557371616,0.292647927999,6117184
2026-02-27 07:00:00+00:00,0.292541027069,0.292541027069,0.289800167084,0.290331274271,3263808
2026-02-27 08:00:00+00:00,0.290326684713,0.292097091675,0.290326684713,0.292084604502,0
2026-02-27 09:00:00+00:00,0.29214578867,0.293262064457,0.290721833706,0.290836751461,0
2026-02-27 10:00:00+00:00,0.290648162365,0.290723830462,0.286008000374,0.286008000374,0
2026-02-27 11:00:00+00:00,0.286174356937,0.286723911762,0.282137274742,0.282137274742,0
2026-02-27 12:00:00+00:00,0.281867980957,0.283487021923,0.281796306372,0.28291207552,7200768
2026-02-27 13:00:00+00:00,0.282956331968,0.284371316433,0.281700432301,0.283612221479,16619136
2026-02-27 14:00:00+00:00,0.283786565065,0.283827573061,0.281665027142,0.281665027142,0
2026-02-27 15:00:00+00:00,0.281786859035,0.282592475414,0.28051841259,0.280709326267,0
2026-02-27 16:00:00+00:00,0.28071731329,0.28071731329,0.277721554041,0.278004795313,0
2026-02-27 17:00:00+00:00,0.277843356133,0.277843356133,0.275480985641,0.27738186717,0
2026-02-27 18:00:00+00:00,0.277523249388,0.278558075428,0.277112573385,0.277112573385,0
2026-02-27 19:00:00+00:00,0.277089476585,0.277089476585,0.275407135487,0.275786459446,0
2026-02-27 20:00:00+00:00,0.275633990765,0.277968913317,0.275633990765,0.277881413698,0
2026-02-27 21:00:00+00:00,0.277616292238,0.277943044901,0.275776654482,0.275898993015,0
2026-02-27 22:00:00+00:00,0.275914937258,0.276425659657,0.274687498808,0.276405453682,6707200
2026-02-27 23:00:00+00:00,0.276429116726,0.277681469917,0.276429116726,0.277620732784,895296
2026-02-28 00:00:00+00:00,0.277618288994,0.278105199337,0.277336925268,0.277939677238,847456
2026-02-28 01:00:00+00:00,0.277882695198,0.278246372938,0.277464479208,0.277808576822,0
2026-02-28 02:00:00+00:00,0.277793467045,0.279436826706,0.277458846569,0.279194772243,0
2026-02-28 03:00:00+00:00,0.279131919146,0.279131919146,0.276898562908,0.276899129152,0
2026-02-28 04:00:00+00:00,0.276888668537,0.277232706547,0.276412427425,0.276720255613,0
2026-02-28 05:00:00+00:00,0.276714354753,0.276819199324,0.275044620037,0.275100171566,0
2026-02-28 06:00:00+00:00,0.275157123804,0.275433719158,0.26365968585,0.26365968585,68166400
2026-02-28 07:00:00+00:00,0.263711154461,0.268751621246,0.263114184141,0.26550424099,63915040
2026-02-28 08:00:00+00:00,0.265493303537,0.265493303537,0.261373817921,0.261373817921,11790080
2026-02-28 09:00:00+00:00,0.261378973722,0.261981368065,0.260670870543,0.261070281267,11035840
2026-02-28 10:00:00+00:00,0.26110509038,0.264615535736,0.260143637657,0.2634113729,17243840
2026-02-28 11:00:00+00:00,0.263396978378,0.264706969261,0.263353586197,0.263353586197,0
2026-02-28 12:00:00+00:00,0.263292968273,0.263751327991,0.263047337532,0.263308346272,0
2026-02-28 13:00:00+00:00,0.263531535864,0.26900523901,0.263333052397,0.268563717604,9582592
2026-02-28 14:00:00+00:00,0.268748104572,0.269759833813,0.266530066729,0.266606122255,23894912
2026-02-28 15:00:00+00:00,0.26659911871,0.268289417028,0.26610442996,0.267835080624,0
2026-02-28 16:00:00+00:00,0.267835050821,0.268995910883,0.267552882433,0.268977403641,0
2026-02-28 17:00:00+00:00,0.268984586,0.268984586,0.267165988684,0.268139481544,0
2026-02-28 18:00:00+00:00,0.26821693778,0.274131655693,0.26821693778,0.274131655693,14747328
2026-02-28 19:00:00+00:00,0.274152606726,0.277295619249,0.272365540266,0.275701373816,29114112
2026-02-28 20:00:00+00:00,0.275703579187,0.280746519566,0.275062948465,0.280658334494,28358400
2026-02-28 21:00:00+00:00,0.280678510666,0.280678510666,0.277027279139,0.278403908014,15682688
2026-02-28 22:00:00+00:00,0.278317153454,0.282722115517,0.278317153454,0.281177759171,14420928
2026-02-28 23:00:00+00:00,0.281006842852,0.28190433979,0.281006842852,0.281614840031,4632512
2026-03-01 00:00:00+00:00,0.281885832548,0.28229150176,0.279482603073,0.279767036438,6297600
2026-03-01 01:00:00+00:00,0.279779940844,0.286146879196,0.27798396349,0.285623878241,28396032
2026-03-01 02:00:00+00:00,0.286616295576,0.290945112705,0.286616295576,0.290202707052,52477696
2026-03-01 03:00:00+00:00,0.290192902088,0.290192902088,0.286775410175,0.286827236414,10136448
2026-03-01 04:00:00+00:00,0.28684476018,0.287388533354,0.28478461504,0.285841286182,11982016
2026-03-01 05:00:00+00:00,0.285919129848,0.286394238472,0.285772323608,0.285907447338,3194880
2026-03-01 06:00:00+00:00,0.285909473896,0.285946547985,0.282221436501,0.282732278109,0
2026-03-01 07:00:00+00:00,0.282738894224,0.283298194408,0.282067537308,0.282935291529,0
2026-03-01 08:00:00+00:00,0.28293299675,0.283253967762,0.279188334942,0.279188334942,0
2026-03-01 09:00:00+00:00,0.279217362404,0.280736386776,0.27891343832,0.27891343832,0
2026-03-01 10:00:00+00:00,0.278937071562,0.279285669327,0.278152644634,0.278634309769,0
2026-03-01 11:00:00+00:00,0.278634399176,0.27884376049,0.277957111597,0.27809214592,0
2026-03-01 12:00:00+00:00,0.278105556965,0.278927177191,0.276312679052,0.276312679052,0
2026-03-01 13:00:00+00:00,0.276316404343,0.281016230583,0.275795698166,0.281016230583,0
2026-03-01 14:00:00+00:00,0.280950427055,0.282532960176,0.279033571482,0.279059648514,0
2026-03-01 15:00:00+00:00,0.279180079699,0.282070994377,0.279112666845,0.281299948692,0
2026-03-01 16:00:00+00:00,0.28121176362,0.281801760197,0.276633560658,0.277191579342,11199552
2026-03-01 17:00:00+00:00,0.277216464281,0.277216464281,0.274469256401,0.275607407093,10054784
2026-03-01 18:00:00+00:00,0.275537788868,0.278522074223,0.275314837694,0.276531457901,0
2026-03-01 19:00:00+00:00,0.276545345783,0.276545345783,0.27343210578,0.273758471012,0
2026-03-01 20:00:00+00:00,0.27371096611,0.27371096611,0.269657224417,0.269961416721,0
2026-03-01 21:00:00+00:00,0.270005553961,0.272946298122,0.269963264465,0.272946298122,0
2026-03-01 22:00:00+00:00,0.272968381643,0.275110155344,0.271855831146,0.271924495697,944192
2026-03-01 23:00:00+00:00,0.271843165159,0.274766921997,0.271759361029,0.273580700159,7433344
2026-03-02 00:00:00+00:00,0.27358970046,0.276392072439,0.272811889648,0.276377111673,8834752
2026-03-02 01:00:00+00:00,0.276380449533,0.279311776161,0.276380449533,0.277115881443,0
2026-03-02 02:00:00+00:00,0.27710711956,0.277224570513,0.275122970343,0.276219367981,0
2026-03-02 03:00:00+00:00,0.276145368814,0.277526646852,0.274986058474,0.277172714472,0
2026-03-02 04:00:00+00:00,0.277158975601,0.277581900358,0.276119858027,0.276119858027,0
2026-03-02 05:00:00+00:00,0.276098608971,0.276098608971,0.274721056223,0.275728046894,488576
2026-03-02 06:00:00+00:00,0.27531594038,0.27531594038,0.271618545055,0.271953314543,0
2026-03-02 07:00:00+00:00,0.271954029799,0.271954029799,0.26955601573,0.27087521553,4469440
2026-03-02 08:00:00+00:00,0.270859599113,0.272041112185,0.269208580256,0.272041112185,0
2026-03-02 09:00:00+00:00,0.272087603807,0.273573219776,0.272078156471,0.27222058177,0
2026-03-02 10:00:00+00:00,0.272180110216,0.272180110216,0.271568447351,0.271645963192,0
2026-03-02 11:00:00+00:00,0.271683186293,0.27221634984,0.270930737257,0.272022783756,5017312
2026-03-02 12:00:00+00:00,0.272038221359,0.272164642811,0.270959347486,0.270972043276,0
2026-03-02 13:00:00+00:00,0.270960360765,0.271591603756,0.269990622997,0.270020991564,0
2026-03-02 14:00:00+00:00,0.270028859377,0.277263849974,0.270011633635,0.276364117861,8645600
2026-03-02 15:00:00+00:00,0.276548057795,0.286114037037,0.276548057795,0.283869981766,67849728
2026-03-02 16:00:00+00:00,0.283948451281,0.287591576576,0.283673137426,0.285297363997,36960256
2026-03-02 17:00:00+00:00,0.285196363926,0.285196363926,0.279292851686,0.281405508518,7794048
2026-03-02 18:00:00+00:00,0.281824588776,0.281951278448,0.280499130487,0.280874729156,2928512
2026-03-02 19:00:00+00:00,0.280880868435,0.280880868435,0.279337406158,0.280226558447,12456832
2026-03-02 20:00:00+00:00,0.280476778746,0.281306684017,0.279572427273,0.280302941799,0
2026-03-02 21:00:00+00:00,0.280257761478,0.280257761478,0.278540849686,0.279499828815,0
2026-03-02 22:00:00+00:00,0.27949282527,0.281194508076,0.27949282527,0.280520528555,0
2026-03-02 23:00:00+00:00,0.280488163233,0.280497640371,0.276481509209,0.27684366703,471168
2026-03-03 00:00:00+00:00,0.276854723692,0.276975780725,0.274701684713,0.275638073683,3084224
2026-03-03 01:00:00+00:00,0.275768071413,0.276120871305,0.274838119745,0.275048583746,0
2026-03-03 02:00:00+00:00,0.275003045797,0.275003045797,0.272994160652,0.273806720972,3277760
2026-03-03 03:00:00+00:00,0.273826867342,0.274208396673,0.271955579519,0.273546367884,0
2026-03-03 04:00:00+00:00,0.273476868868,0.273476868868,0.271363139153,0.271369814873,0
2026-03-03 05:00:00+00:00,0.271448761225,0.273343354464,0.270065248013,0.270111143589,12937920
2026-03-03 06:00:00+00:00,0.270178586245,0.270626604557,0.269054383039,0.269164830446,3130560
2026-03-03 07:00:00+00:00,0.269164592028,0.269878566265,0.268425583839,0.268607616425,9147840
2026-03-03 08:00:00+00:00,0.268610209227,0.269407361746,0.266185998917,0.266185998917,5341440
2026-03-03 09:00:00+00:00,0.266169607639,0.266700267792,0.264451056719,0.264738023281,11615360
2026-03-03 10:00:00+00:00,0.264738172293,0.265116065741,0.26394584775,0.264754533768,11702912
2026-03-03 11:00:00+00:00,0.265032231808,0.265151381493,0.263348668814,0.264716774225,9898496
2026-03-03 12:00:00+00:00,0.264732658863,0.265887022018,0.264416337013,0.26500082016,17120704
2026-03-03 13:00:00+00:00,0.265020728111,0.265020728111,0.263351470232,0.263568818569,3963392
2026-03-03 14:00:00+00:00,0.263587474823,0.264850527048,0.262589931488,0.263291746378,13348928
2026-03-03 15:00:00+00:00,0.2632779181,0.265642523766,0.262072533369,0.264494985342,0
2026-03-03 16:00:00+00:00,0.264861047268,0.270627498627,0.264592975378,0.268837839365,493120
2026-03-03 17:00:00+00:00,0.268704682589,0.268704682589,0.265304505825,0.267583549023,0
2026-03-03 18:00:00+00:00,0.267785340548,0.268967241049,0.266508549452,0.267149507999,3340992
2026-03-03 19:00:00+00:00,0.267128139734,0.267161130905,0.263752549887,0.263799309731,0
2026-03-03 20:00:00+00:00,0.26368650794,0.263697385788,0.261485368013,0.26151612401,3701888
2026-03-03 21:00:00+00:00,0.261540293694,0.26203173399,0.2608320117,0.26203173399,7326848
2026-03-03 22:00:00+00:00,0.26201659441,0.264280050993,0.26201659441,0.263634055853,14941056
2026-03-03 23:00:00+00:00,0.263486653566,0.263623476028,0.262483775616,0.262888252735,4892224
2026-03-04 00:00:00+00:00,0.262814998627,0.26314675808,0.261826068163,0.262812227011,0
2026-03-04 01:00:00+00:00,0.262753069401,0.265485614538,0.262069046497,0.264187723398,10329152
2026-03-04 02:00:00+00:00,0.264158725739,0.264227926731,0.262614190578,0.264133155346,0
2026-03-04 03:00:00+00:00,0.264138430357,0.264534294605,0.261578351259,0.262115716934,9479872
2026-03-04 04:00:00+00:00,0.262211441994,0.263153493404,0.259915024042,0.261027097702,20182272
2026-03-04 05:00:00+00:00,0.261035829782,0.261692404747,0.259144663811,0.261176913977,1813888
2026-03-04 06:00:00+00:00,0.261147618294,0.261639624834,0.259680658579,0.261022895575,0
2026-03-04 07:00:00+00:00,0.261051744223,0.264787465334,0.260718643665,0.264787465334,0
2026-03-04 08:00:00+00:00,0.264814794064,0.270582914352,0.264289498329,0.270582914352,21363712
2026-03-04 09:00:00+00:00,0.271999925375,0.273568183184,0.270858943462,0.27209803462,56347328
2026-03-04 10:00:00+00:00,0.27209803462,0.273421138525,0.269955873489,0.269955873489,18137472
2026-03-04 11:00:00+00:00,0.26993393898,0.270784288645,0.26823502779,0.268668234348,5791680
2026-03-04 12:00:00+00:00,0.268717557192,0.268875420094,0.266535997391,0.268668800592,5767808
2026-03-04 13:00:00+00:00,0.268949329853,0.271750926971,0.268949329853,0.271750926971,6081280
2026-03-04 14:00:00+00:00,0.2719424963,0.276168763638,0.2719424963,0.27344211936,27964288
2026-03-04 15:00:00+00:00,0.273789525032,0.280168056488,0.273783832788,0.280168056488,33429184
2026-03-04 16:00:00+00:00,0.280841380358,0.282481312752,0.278059780598,0.280463516712,20143808
2026-03-04 17:00:00+00:00,0.280521690845,0.281964868307,0.278633564711,0.281068682671,24729536
2026-03-04 18:00:00+00:00,0.281071543694,0.281286746264,0.279276102781,0.281286746264,13445824
2026-03-04 19:00:00+00:00,0.281290501356,0.28454297781,0.281149655581,0.282928317785,26075840
2026-03-04 20:00:00+00:00,0.282921046019,0.282921046019,0.281265348196,0.281271457672,0
2026-03-04 21:00:00+00:00,0.281264096498,0.281265377998,0.278934925795,0.279854863882,5833472
2026-03-04 22:00:00+00:00,0.280184686184,0.281628996134,0.27611681819,0.276135385036,0
2026-03-04 23:00:00+00:00,0.276129573584,0.276488333941,0.274439364672,0.276099562645,0
2026-03-05 00:00:00+00:00,0.276227891445,0.27629634738,0.273465633392,0.274666577578,12601408
2026-03-05 01:00:00+00:00,0.274676203728,0.276001960039,0.273323535919,0.273323535919,0
2026-03-05 02:00:00+00:00,0.273310393095,0.275426656008,0.273122012615,0.273376733065,1084096
2026-03-05 03:00:00+00:00,0.273760855198,0.274538606405,0.273647934198,0.27429997921,0
2026-03-05 04:00:00+00:00,0.274216592312,0.275539845228,0.274206250906,0.27547994256,0
2026-03-05 05:00:00+00:00,0.275488883257,0.275970607996,0.273244917393,0.273244917393,0
2026-03-05 06:00:00+00:00,0.273240506649,0.274227559566,0.271728754044,0.274227559566,0
2026-03-05 07:00:00+00:00,0.274217814207,0.274628132582,0.271510064602,0.271623075008,0
2026-03-05 08:00:00+00:00,0.272004246712,0.272226929665,0.270782142878,0.271650671959,0
2026-03-05 09:00:00+00:00,0.271660774946,0.273472368717,0.271660774946,0.273144870996,0
2026-03-05 10:00:00+00:00,0.273192852736,0.277012616396,0.272909611464,0.276971161366,0
2026-03-05 11:00:00+00:00,0.276898175478,0.276908636093,0.273561179638,0.27390307188,0
2026-03-05 12:00:00+00:00,0.274121582508,0.277359157801,0.273644864559,0.277359157801,0
2026-03-05 13:00:00+00:00,0.277363240719,0.277518242598,0.273678392172,0.274807691574,4107008
2026-03-05 14:00:00+00:00,0.274893075228,0.275677442551,0.273801118135,0.274807363749,0
2026-03-05 15:00:00+00:00,0.274862915277,0.275382578373,0.27067309618,0.271087408066,0
2026-03-05 16:00:00+00:00,0.271117120981,0.271117120981,0.266009807587,0.268813371658,0
2026-03-05 17:00:00+00:00,0.268836259842,0.269833832979,0.266491651535,0.266860127449,0
2026-03-05 18:00:00+00:00,0.266700863838,0.268442988396,0.266684412956,0.268442988396,0
2026-03-05 19:00:00+00:00,0.26843893528,0.271189838648,0.26843893528,0.269477307796,0
2026-03-05 20:00:00+00:00,0.26947709918,0.271627932787,0.269373625517,0.271088510752,0
2026-03-05 21:00:00+00:00,0.271096199751,0.271515935659,0.268995881081,0.269015848637,0
2026-03-05 22:00:00+00:00,0.26910123229,0.269700407982,0.268286764622,0.269611388445,0
2026-03-05 23:00:00+00:00,0.269562661648,0.269619315863,0.268922805786,0.268985003233,0
2026-03-06 00:00:00+00:00,0.269015371799,0.269224435091,0.268458545208,0.268458545208,0
2026-03-06 01:00:00+00:00,0.268464684486,0.270780831575,0.267897665501,0.270668804646,0
2026-03-06 02:00:00+00:00,0.270675897598,0.271232485771,0.269976735115,0.269976735115,0
2026-03-06 03:00:00+00:00,0.269980281591,0.270427823067,0.269638866186,0.270266383886,0
2026-03-06 04:00:00+00:00,0.270468235016,0.270500153303,0.268232852221,0.268359690905,0
2026-03-06 05:00:00+00:00,0.268613904715,0.269163072109,0.267455935478,0.268466711044,0
2026-03-06 06:00:00+00:00,0.2685341537,0.269136041403,0.268335878849,0.269055902958,0
2026-03-06 07:00:00+00:00,0.268806189299,0.271733283997,0.26868724823,0.271589487791,0
2026-03-06 08:00:00+00:00,0.271560519934,0.271560519934,0.268742322922,0.268838971853,0
2026-03-06 09:00:00+00:00,0.268827170134,0.268916159868,0.266078442335,0.266874283552,0
2026-03-06 10:00:00+00:00,0.266948521137,0.268682181835,0.266948521137,0.26788431406,0
2026-03-06 11:00:00+00:00,0.267794251442,0.267794251442,0.266284942627,0.266292244196,0
2026-03-06 12:00:00+00:00,0.266306012869,0.26668164134,0.265149056911,0.266554623842,236576
2026-03-06 13:00:00+00:00,0.266516149044,0.268149524927,0.264292925596,0.264292925596,10610720
2026-03-06 14:00:00+00:00,0.264268815517,0.264268815517,0.25901311636,0.25901311636,30912960
2026-03-06 15:00:00+00:00,0.259076565504,0.2592484653,0.25637203455,0.25695040822,11585216
2026-03-06 16:00:00+00:00,0.256759881973,0.25867754221,0.256342411041,0.257551729679,0
2026-03-06 17:00:00+00:00,0.257556527853,0.258120834827,0.255898654461,0.2569848001,4253120
2026-03-06 18:00:00+00:00,0.2570322752,0.258960485458,0.2570322752,0.258819788694,1378912
2026-03-06 19:00:00+00:00,0.258822411299,0.260181069374,0.258703231812,0.258703231812,768064
2026-03-06 20:00:00+00:00,0.258564680815,0.258593052626,0.257511585951,0.258448779583,0
2026-03-06 21:00:00+00:00,0.258305758238,0.2591406703,0.258178055286,0.259109586477,0
2026-03-06 22:00:00+00:00,0.259167253971,0.259971290827,0.259167253971,0.259971290827,0
2026-03-06 23:00:00+00:00,0.259838193655,0.259838193655,0.259037077427,0.259037345648,0
2026-03-07 00:00:00+00:00,0.259116500616,0.259725928307,0.259083122015,0.259613186121,32480
2026-03-07 01:00:00+00:00,0.259606540203,0.259952604771,0.259426951408,0.25944018364,0
2026-03-07 02:00:00+00:00,0.259437799454,0.259437799454,0.258751451969,0.259199947119,0
2026-03-07 03:00:00+00:00,0.259229362011,0.26048630476,0.258865088224,0.25888556242,3864000
2026-03-07 04:00:00+00:00,0.258887588978,0.258887588978,0.257804602385,0.258621633053,1403264
2026-03-07 05:00:00+00:00,0.258649677038,0.259106725454,0.258644580841,0.259069859982,0
2026-03-07 06:00:00+00:00,0.259057402611,0.259057402611,0.258062571287,0.258074581623,0
2026-03-07 07:00:00+00:00,0.258082896471,0.258341223001,0.257529079914,0.258277863264,0
2026-03-07 08:00:00+00:00,0.25827473402,0.258825838566,0.258272707462,0.258276462555,0
2026-03-07 09:00:00+00:00,0.258279830217,0.258455306292,0.257795602083,0.258438587189,0
2026-03-07 10:00:00+00:00,0.258444905281,0.258444905281,0.257814705372,0.257930874825,0
2026-03-07 11:00:00+00:00,0.257854670286,0.259123712778,0.257708638906,0.259020239115,0
2026-03-07 12:00:00+00:00,0.25901773572,0.25901773572,0.257439494133,0.257439523935,0
2026-03-07 13:00:00+00:00,0.257438331842,0.258341759443,0.257438331842,0.257882893085,0
2026-03-07 14:00:00+00:00,0.257885575294,0.257885575294,0.252505779266,0.255706369877,21402016
2026-03-07 15:00:00+00:00,0.255651503801,0.255838304758,0.254468023777,0.254936635494,0
2026-03-07 16:00:00+00:00,0.25492721796,0.255630016327,0.25491014123,0.255372136831,0
2026-03-07 17:00:00+00:00,0.255418330431,0.257174551487,0.255418330431,0.257129848003,0
2026-03-07 18:00:00+00:00,0.25712621212,0.25712621212,0.255414456129,0.255649358034,0
2026-03-07 19:00:00+00:00,0.255646854639,0.255646854639,0.254074454308,0.254074454308,13062944
2026-03-07 20:00:00+00:00,0.254210442305,0.255250513554,0.254210442305,0.255170226097,0
2026-03-07 21:00:00+00:00,0.255160450935,0.255502939224,0.254900574684,0.255108296871,0
2026-03-07 22:00:00+00:00,0.255130678415,0.255461573601,0.253605276346,0.253607451916,2710624
2026-03-07 23:00:00+00:00,0.253622472286,0.254742205143,0.253622472286,0.254673033953,196480
2026-03-08 00:00:00+00:00,0.254546970129,0.254654020071,0.253625690937,0.253763318062,0
2026-03-08 01:00:00+00:00,0.253771781921,0.254528880119,0.253659158945,0.254505991936,367648
2026-03-08 02:00:00+00:00,0.254498898983,0.254498898983,0.252041578293,0.252041578293,7748192
2026-03-08 03:00:00+00:00,0.25196313858,0.252804428339,0.251899957657,0.252299726009,104864
2026-03-08 04:00:00+00:00,0.252300024033,0.25248080492,0.250341832638,0.250341832638,7546368
2026-03-08 05:00:00+00:00,0.250351756811,0.252627760172,0.250351756811,0.252303779125,7135616
2026-03-08 06:00:00+00:00,0.252278357744,0.252278357744,0.251035600901,0.251842439175,0
2026-03-08 07:00:00+00:00,0.25187125802,0.253264278173,0.251848906279,0.252551496029,2127840
2026-03-08 08:00:00+00:00,0.25250095129,0.252565056086,0.251287460327,0.252470880747,2281984
2026-03-08 09:00:00+00:00,0.252465456724,0.253972291946,0.252324551344,0.253972291946,8775904
2026-03-08 10:00:00+00:00,0.253993093967,0.25701597333,0.253993093967,0.256303220987,12105632
2026-03-08 11:00:00+00:00,0.256333202124,0.256333202124,0.254283487797,0.254877507687,7192416
2026-03-08 12:00:00+00:00,0.254869669676,0.254869669676,0.253186553717,0.254318624735,7947456
2026-03-08 13:00:00+00:00,0.254305034876,0.254305034876,0.251486718655,0.252113550901,10153824
2026-03-08 14:00:00+00:00,0.2521083951,0.252286344767,0.251004427671,0.251401156187,0
2026-03-08 15:00:00+00:00,0.251410096884,0.251410096884,0.248993605375,0.249442130327,7190016
2026-03-08 16:00:00+00:00,0.249464437366,0.249760448933,0.24903960526,0.249553605914,2005440
2026-03-08 17:00:00+00:00,0.249567002058,0.251132309437,0.249567002058,0.250276654959,2504608
2026-03-08 18:00:00+00:00,0.250430613756,0.250430613756,0.249559536576,0.250148057938,0
2026-03-08 19:00:00+00:00,0.250143885612,0.253852754831,0.250143885612,0.253208547831,6327648
2026-03-08 20:00:00+00:00,0.253216326237,0.254117161036,0.252462685108,0.253215432167,7015680
2026-03-08 21:00:00+00:00,0.253198474646,0.253198474646,0.251528501511,0.252221941948,4024352
2026-03-08 22:00:00+00:00,0.252193123102,0.252193123102,0.246997311711,0.250654309988,39839168
2026-03-08 23:00:00+00:00,0.250651896,0.251144230366,0.249099493027,0.249249845743,10776672
2026-03-09 00:00:00+00:00,0.24927508831,0.252441346645,0.249260917306,0.251567304134,12654944
2026-03-09 01:00:00+00:00,0.251552164555,0.252024203539,0.250523239374,0.250768721104,7807040
2026-03-09 02:00:00+00:00,0.250753343105,0.252300590277,0.249318361282,0.252099484205,733952
2026-03-09 03:00:00+00:00,0.25207695365,0.256086856127,0.251761198044,0.253405630589,22035872
2026-03-09 04:00:00+00:00,0.253688454628,0.255139738321,0.2534968853,0.253660142422,0
2026-03-09 05:00:00+00:00,0.25337266922,0.258527576923,0.253112018108,0.257580757141,21490272
2026-03-09 06:00:00+00:00,0.257597267628,0.257753074169,0.255372136831,0.255487382412,7571936
2026-03-09 07:00:00+00:00,0.255442917347,0.255442917347,0.253244400024,0.254768550396,11554592
2026-03-09 08:00:00+00:00,0.254772663116,0.257084876299,0.254772663116,0.256444454193,7996704
2026-03-09 09:00:00+00:00,0.256422549486,0.258253097534,0.255221009254,0.2566614151,8005984
2026-03-09 10:00:00+00:00,0.2566614151,0.2566614151,0.255055963993,0.255106538534,0
2026-03-09 11:00:00+00:00,0.255109190941,0.255385607481,0.253745377064,0.255269765854,0
2026-03-09 12:00:00+00:00,0.255243033171,0.256414055824,0.254573762417,0.255597829819,0
2026-03-09 13:00:00+00:00,0.255689173937,0.259047091007,0.255689173937,0.258506149054,18043808
2026-03-09 14:00:00+00:00,0.258487284184,0.259172707796,0.257004499435,0.257839739323,27651104
2026-03-09 15:00:00+00:00,0.257917642593,0.257999002934,0.255112320185,0.256123185158,955648
2026-03-09 16:00:00+00:00,0.256065785885,0.256990969181,0.255906492472,0.256738692522,8591968
2026-03-09 17:00:00+00:00,0.256765007973,0.257699161768,0.256120055914,0.256659269333,3227328
2026-03-09 18:00:00+00:00,0.256638228893,0.256993114948,0.255428880453,0.256186902523,4672256
2026-03-09 19:00:00+00:00,0.256146848202,0.261462330818,0.255653560162,0.259003162384,21514112
2026-03-09 20:00:00+00:00,0.259028315544,0.259482473135,0.257478505373,0.258186221123,1144384
2026-03-09 21:00:00+00:00,0.25818040967,0.259314745665,0.25818040967,0.258425801992,0
2026-03-09 22:00:00+00:00,0.258442342281,0.258587002754,0.255084246397,0.255111217499,0
2026-03-09 23:00:00+00:00,0.255136877298,0.255841881037,0.254916548729,0.254996269941,0
2026-03-10 00:00:00+00:00,0.255041986704,0.258442640305,0.255041986704,0.257831394672,0
2026-03-10 01:00:00+00:00,0.25783392787,0.258385688066,0.256907582283,0.258385688066,0
2026-03-10 02:00:00+00:00,0.258353531361,0.262900263071,0.257734000683,0.261815458536,15828288
2026-03-10 03:00:00+00:00,0.261826694012,0.262260288,0.258537679911,0.258844912052,0
2026-03-10 04:00:00+00:00,0.258843332529,0.26123291254,0.258843332529,0.260663628578,0
2026-03-10 05:00:00+00:00,0.260513871908,0.261328369379,0.259761631489,0.259761631489,0
2026-03-10 06:00:00+00:00,0.259763211012,0.25984916091,0.258477389812,0.259390622377,0
2026-03-10 07:00:00+00:00,0.259408295155,0.260500609875,0.259123563766,0.260153919458,0
2026-03-10 08:00:00+00:00,0.260491371155,0.262213528156,0.260488808155,0.26148506999,92864
2026-03-10 09:00:00+00:00,0.261671692133,0.267235428095,0.261671692133,0.267062395811,13845696
2026-03-10 10:00:00+00:00,0.267092853785,0.267769545317,0.265765309334,0.267499297857,18959008
2026-03-10 11:00:00+00:00,0.267457395792,0.267457395792,0.264463841915,0.264468073845,11746912
2026-03-10 12:00:00+00:00,0.264456868172,0.264541596174,0.262923419476,0.263808608055,8281120
2026-03-10 13:00:00+00:00,0.264007538557,0.266430705786,0.26231238246,0.264377564192,2887040
2026-03-10 14:00:00+00:00,0.26408341527,0.27100944519,0.261964529753,0.27100944519,13319680
2026-03-10 15:00:00+00:00,0.271159797907,0.272334933281,0.269604772329,0.270652711391,34266816
2026-03-10 16:00:00+00:00,0.270663380623,0.273133307695,0.269908994436,0.272059351206,21493632
2026-03-10 17:00:00+00:00,0.27204850316,0.27231490612,0.268446862698,0.269076228142,24154944
2026-03-10 18:00:00+00:00,0.269047230482,0.269047230482,0.26379352808,0.263888448477,23540032
2026-03-10 19:00:00+00:00,0.263886332512,0.264449596405,0.262392967939,0.262544184923,0
2026-03-10 20:00:00+00:00,0.262516945601,0.263659030199,0.262516945601,0.263571292162,0
2026-03-10 21:00:00+00:00,0.263545244932,0.264146924019,0.261217176914,0.261403113604,11036224
2026-03-10 22:00:00+00:00,0.261400967836,0.261904269457,0.260694473982,0.261226892471,75072
2026-03-10 23:00:00+00:00,0.261279642582,0.262191176414,0.261279642582,0.262014955282,9076672
2026-03-11 00:00:00+00:00,0.261911600828,0.262258768082,0.260750204325,0.262258768082,11213056
2026-03-11 01:00:00+00:00,0.262261986732,0.262261986732,0.260405600071,0.260869622231,723328
2026-03-11 02:00:00+00:00,0.260887563229,0.260957866907,0.259073287249,0.259589731693,0
2026-03-11 03:00:00+00:00,0.259943276644,0.260487228632,0.259361892939,0.259830921888,4604096
2026-03-11 04:00:00+00:00,0.259834975004,0.261899083853,0.259473919868,0.261899083853,3226944
2026-03-11 05:00:00+00:00,0.262050151825,0.262050151825,0.258306533098,0.258467674255,1403712
2026-03-11 06:00:00+00:00,0.25847363472,0.259481579065,0.25833261013,0.258972972631,4003328
2026-03-11 07:00:00+00:00,0.258712470531,0.25928452611,0.257242381573,0.257657378912,0
2026-03-11 08:00:00+00:00,0.257636398077,0.258099466562,0.257391870022,0.257773429155,0
2026-03-11 09:00:00+00:00,0.258013963699,0.258233010769,0.257467478514,0.257467478514,0
2026-03-11 10:00:00+00:00,0.257487177849,0.259693324566,0.257449388504,0.259517252445,0
2026-03-11 11:00:00+00:00,0.259511053562,0.259739279747,0.258782833815,0.258813530207,0
2026-03-11 12:00:00+00:00,0.258808255196,0.261842757463,0.258352935314,0.261148393154,13355904
2026-03-11 13:00:00+00:00,0.26114371419,0.26696613431,0.26114371419,0.26245996356,30833792
2026-03-11 14:00:00+00:00,0.262521952391,0.265217751265,0.262521952391,0.26431453228,0
2026-03-11 15:00:00+00:00,0.26426884532,0.26426884532,0.260895550251,0.262449532747,0
2026-03-11 16:00:00+00:00,0.262422800064,0.263928085566,0.262325286865,0.26362746954,0
2026-03-11 17:00:00+00:00,0.263608813286,0.265825033188,0.263608813286,0.264464348555,0
2026-03-11 18:00:00+00:00,0.264503568411,0.266216278076,0.264503568411,0.266215771437,0
2026-03-11 19:00:00+00:00,0.266216248274,0.266402333975,0.265319734812,0.265339612961,0
2026-03-11 20:00:00+00:00,0.265340387821,0.265340387821,0.263510257006,0.263635843992,0
2026-03-11 21:00:00+00:00,0.263766467571,0.264828026295,0.263766467571,0.264685869217,0
2026-03-11 22:00:00+00:00,0.264681071043,0.265405356884,0.263373076916,0.263545513153,0
2026-03-11 23:00:00+00:00,0.263572067022,0.264184236526,0.262390047312,0.262538105249,2176
2026-03-12 00:00:00+00:00,0.262539684772,0.262710779905,0.262020409107,0.262237966061,0
2026-03-12 01:00:00+00:00,0.262252777815,0.262252777815,0.260687202215,0.260687202215,0
2026-03-12 02:00:00+00:00,0.260695338249,0.26110124588,0.259184718132,0.259184718132,0
2026-03-12 03:00:00+00:00,0.259164512157,0.260107457638,0.258959382772,0.259190827608,0
2026-03-12 04:00:00+00:00,0.2591830194,0.259746700525,0.25880253315,0.25880253315,0
2026-03-12 05:00:00+00:00,0.258799731731,0.259038895369,0.258176118135,0.2589417696,0
2026-03-12 06:00:00+00:00,0.258943885565,0.259394973516,0.258813649416,0.259383052588,0
2026-03-12 07:00:00+00:00,0.259378165007,0.260846018791,0.259060025215,0.260767221451,0
2026-03-12 08:00:00+00:00,0.260733097792,0.26183500886,0.260435283184,0.260888189077,1055008
2026-03-12 09:00:00+00:00,0.260911613703,0.262690722942,0.26026648283,0.261636942625,384384
2026-03-12 10:00:00+00:00,0.261646091938,0.263459503651,0.261646091938,0.263280183077,6827104
2026-03-12 11:00:00+00:00,0.263268917799,0.263268917799,0.261828929186,0.261828929186,0
2026-03-12 12:00:00+00:00,0.261864811182,0.263705104589,0.261637985706,0.263044506311,0
2026-03-12 13:00:00+00:00,0.26305988431,0.263372093439,0.261189728975,0.261215507984,0
2026-03-12 14:00:00+00:00,0.261320829391,0.262852758169,0.258673220873,0.259493798018,0
2026-03-12 15:00:00+00:00,0.259512007236,0.262331843376,0.259512007236,0.262032687664,0
2026-03-12 16:00:00+00:00,0.262071371078,0.26332038641,0.260587841272,0.263316243887,0
2026-03-12 17:00:00+00:00,0.263314992189,0.263314992189,0.262444972992,0.262444972992,0
2026-03-12 18:00:00+00:00,0.262422323227,0.262486547232,0.261095672846,0.261095672846,0
2026-03-12 19:00:00+00:00,0.261092275381,0.263067573309,0.260566800833,0.263067573309,1818336
2026-03-12 20:00:00+00:00,0.263049840927,0.263221412897,0.261875867844,0.261875867844,0
2026-03-12 21:00:00+00:00,0.261863589287,0.2630828619,0.261863589287,0.2630828619,0
2026-03-12 22:00:00+00:00,0.26310518384,0.263388156891,0.262754738331,0.262899935246,0
2026-03-12 23:00:00+00:00,0.262964308262,0.26506754756,0.262964308262,0.263197094202,12554944
2026-03-13 00:00:00+00:00,0.263307601213,0.2724198699,0.263303339481,0.269034862518,63142912
2026-03-13 01:00:00+00:00,0.269073665142,0.271961778402,0.269073665142,0.271961778402,19442272
2026-03-13 02:00:00+00:00,0.271956473589,0.271956473589,0.269621223211,0.269835859537,5959392
2026-03-13 03:00:00+00:00,0.269836425781,0.271443456411,0.269538462162,0.271443247795,5753920
2026-03-13 04:00:00+00:00,0.271461963654,0.272728770971,0.270564109087,0.271325707436,11118176
2026-03-13 05:00:00+00:00,0.271369338036,0.275110691786,0.271060168743,0.274172186852,32175968
2026-03-13 06:00:00+00:00,0.274146646261,0.27417755127,0.272038668394,0.272180736065,13013984
2026-03-13 07:00:00+00:00,0.272189199924,0.273087322712,0.271500468254,0.271557331085,4396608
2026-03-13 08:00:00+00:00,0.271537542343,0.274048656225,0.271288692951,0.272421270609,9873728
2026-03-13 09:00:00+00:00,0.272433012724,0.274446427822,0.272031575441,0.274446427822,7224128
2026-03-13 10:00:00+00:00,0.274446219206,0.275403380394,0.274366527796,0.27504709363,4524928
2026-03-13 11:00:00+00:00,0.27504825592,0.27504825592,0.273525506258,0.273995429277,2838464
2026-03-13 12:00:00+00:00,0.274021029472,0.2791877985,0.274021029472,0.278693825006,25131968
2026-03-13 13:00:00+00:00,0.278614401817,0.280759930611,0.278321772814,0.279043257236,32660736
2026-03-13 14:00:00+00:00,0.279031336308,0.279358863831,0.273161888123,0.273161888123,24209856
2026-03-13 15:00:00+00:00,0.273255586624,0.274768739939,0.271218627691,0.271243333817,19328640
2026-03-13 16:00:00+00:00,0.271324872971,0.272704511881,0.271211594343,0.272260665894,12682560
2026-03-13 17:00:00+00:00,0.272226333618,0.272226333618,0.267101556063,0.26725718379,13567744
2026-03-13 18:00:00+00:00,0.267267405987,0.267717540264,0.266485452652,0.266598910093,8183040
2026-03-13 19:00:00+00:00,0.266597211361,0.267473638058,0.266493409872,0.267402172089,655104
2026-03-13 20:00:00+00:00,0.267423510551,0.26776689291,0.266768664122,0.267671257257,4267648
2026-03-13 21:00:00+00:00,0.267659008503,0.268707662821,0.267038404942,0.267261147499,3199104
2026-03-13 22:00:00+00:00,0.26722458005,0.26722458005,0.264294415712,0.26493665576,11404032
2026-03-13 23:00:00+00:00,0.264932364225,0.265839904547,0.264875739813,0.265695422888,0
2026-03-14 00:00:00+00:00,0.265699923038,0.265699923038,0.26381957531,0.264019012451,0
2026-03-14 01:00:00+00:00,0.264034926891,0.265127569437,0.264002740383,0.264782398939,0
2026-03-14 02:00:00+00:00,0.264783620834,0.265307247639,0.264270722866,0.264964282513,664512
2026-03-14 03:00:00+00:00,0.264964580536,0.265821486712,0.264784157276,0.265331804752,0
2026-03-14 04:00:00+00:00,0.265342891216,0.266423910856,0.265123337507,0.265172988176,0
2026-03-14 05:00:00+00:00,0.265175938606,0.265205711126,0.263768613338,0.264066755772,0
2026-03-14 06:00:00+00:00,0.264070898294,0.264070898294,0.261936664581,0.262617439032,0
2026-03-14 07:00:00+00:00,0.262615531683,0.262694507837,0.261596828699,0.262056350708,257152
2026-03-14 08:00:00+00:00,0.262037992477,0.262037992477,0.260740697384,0.261224329472,4397952
2026-03-14 09:00:00+00:00,0.261231839657,0.261570841074,0.260345846415,0.260356158018,0
2026-03-14 10:00:00+00:00,0.260359287262,0.260359287262,0.259708374739,0.260003745556,0
2026-03-14 11:00:00+00:00,0.259997278452,0.261069476604,0.259997278452,0.260925531387,0
2026-03-14 12:00:00+00:00,0.260946244001,0.261000841856,0.260306596756,0.260810106993,0
2026-03-14 13:00:00+00:00,0.260825484991,0.261892527342,0.260825484991,0.261305689812,0
2026-03-14 14:00:00+00:00,0.261307269335,0.261423408985,0.260511696339,0.260663896799,0
2026-03-14 15:00:00+00:00,0.260468930006,0.260833948851,0.260298371315,0.260831266642,0
2026-03-14 16:00:00+00:00,0.260821998119,0.261551767588,0.260588467121,0.261372178793,0
2026-03-14 17:00:00+00:00,0.26137316227,0.26137316227,0.259968608618,0.259975522757,0
2026-03-14 18:00:00+00:00,0.259974598885,0.259974598885,0.258968651295,0.259176105261,0
2026-03-14 19:00:00+00:00,0.259163826704,0.259636461735,0.258968681097,0.259355008602,0
2026-03-14 20:00:00+00:00,0.259351909161,0.259695500135,0.259122252464,0.259695500135,0
2026-03-14 21:00:00+00:00,0.259693622589,0.260253071785,0.259208828211,0.260253071785,475776
2026-03-14 22:00:00+00:00,0.260235697031,0.260681957006,0.260155946016,0.260468453169,0
2026-03-14 23:00:00+00:00,0.260465532541,0.263465642929,0.260465532541,0.263444036245,11008448
2026-03-15 00:00:00+00:00,0.263558655977,0.263558655977,0.262326478958,0.262331962585,0
2026-03-15 01:00:00+00:00,0.262340158224,0.26237693429,0.261632680893,0.26172965765,0
2026-03-15 02:00:00+00:00,0.261737585068,0.265492647886,0.261737585068,0.265428781509,0
2026-03-15 03:00:00+00:00,0.265434831381,0.26561537385,0.263967901468,0.264421343803,1935744
2026-03-15 04:00:00+00:00,0.264510750771,0.266394466162,0.264510750771,0.265114992857,7119776
2026-03-15 05:00:00+00:00,0.265152126551,0.266589224339,0.265152126551,0.265503823757,0
2026-03-15 06:00:00+00:00,0.265503495932,0.265581697226,0.26352918148,0.264006704092,0
2026-03-15 07:00:00+00:00,0.264002203941,0.265394032001,0.264002203941,0.26475957036,0
2026-03-15 08:00:00+00:00,0.264733940363,0.265685796738,0.264733940363,0.265486598015,0
2026-03-15 09:00:00+00:00,0.265525281429,0.26627227664,0.265052139759,0.265053957701,790080
2026-03-15 10:00:00+00:00,0.265036255121,0.265603035688,0.264908015728,0.265561074018,0
2026-03-15 11:00:00+00:00,0.265566200018,0.265903025866,0.265450537205,0.265770733356,0
2026-03-15 12:00:00+00:00,0.265761166811,0.265905231237,0.265143990517,0.265684634447,0
2026-03-15 13:00:00+00:00,0.265692532063,0.266005158424,0.26307708025,0.263775169849,7001536
2026-03-15 14:00:00+00:00,0.263848274946,0.26457875967,0.26317346096,0.263762891293,0
2026-03-15 15:00:00+00:00,0.263806641102,0.264532148838,0.263739466667,0.263986587524,0
2026-03-15 16:00:00+00:00,0.263993144035,0.264371991158,0.262992352247,0.262992352247,85024
2026-03-15 17:00:00+00:00,0.262987852097,0.264958202839,0.262935966253,0.264666795731,0
2026-03-15 18:00:00+00:00,0.26467064023,0.264862895012,0.262538701296,0.262547194958,0
2026-03-15 19:00:00+00:00,0.262558728456,0.263965845108,0.262558728456,0.263629555702,0
2026-03-15 20:00:00+00:00,0.263663560152,0.264790952206,0.26287445426,0.264454722404,1130400
2026-03-15 21:00:00+00:00,0.264455169439,0.26678109169,0.264034718275,0.266679495573,4082400
2026-03-15 22:00:00+00:00,0.266662597656,0.270806759596,0.26553401351,0.270523309708,35975456
2026-03-15 23:00:00+00:00,0.270444899797,0.271583020687,0.268696516752,0.269849926233,15780128
2026-03-16 00:00:00+00:00,0.269893169403,0.272210478783,0.269893169403,0.270913302898,18025920
2026-03-16 01:00:00+00:00,0.270889312029,0.271819144487,0.269468396902,0.271790862083,14350240
2026-03-16 02:00:00+00:00,0.271760284901,0.271806716919,0.268992066383,0.271210223436,0
2026-03-16 03:00:00+00:00,0.271173477173,0.279248952866,0.270740807056,0.277093529701,75602784
2026-03-16 04:00:00+00:00,0.277115464211,0.282950818539,0.277115464211,0.282853722572,75506752
2026-03-16 05:00:00+00:00,0.282846808434,0.28839212656,0.282411336899,0.28839212656,72735872
2026-03-16 06:00:00+00:00,0.288285881281,0.290745198727,0.286683291197,0.290281444788,69968768
2026-03-16 07:00:00+00:00,0.29021859169,0.292110085487,0.289513230324,0.290355950594,53831616
2026-03-16 08:00:00+00:00,0.290250986814,0.292455017567,0.285120069981,0.285120069981,59372928
2026-03-16 09:00:00+00:00,0.285109937191,0.289202898741,0.284924924374,0.289017021656,32467328
2026-03-16 10:00:00+00:00,0.28897818923,0.28897818923,0.285789817572,0.28639742732,32035648
2026-03-16 11:00:00+00:00,0.286422908306,0.287795245647,0.284690648317,0.285460501909,21680128
2026-03-16 12:00:00+00:00,0.285457581282,0.28646337986,0.285029470921,0.285057276487,29273152
2026-03-16 13:00:00+00:00,0.285050690174,0.28850120306,0.284828037024,0.285076737404,23455168
2026-03-16 14:00:00+00:00,0.285029709339,0.287025004625,0.283145725727,0.285071015358,32472192
2026-03-16 15:00:00+00:00,0.285141974688,0.286721259356,0.28384450078,0.28384450078,24551232
2026-03-16 16:00:00+00:00,0.283839374781,0.28718817234,0.283724397421,0.28718817234,27294144
2026-03-16 17:00:00+00:00,0.287194162607,0.287215322256,0.285203427076,0.286475807428,22747584
2026-03-16 18:00:00+00:00,0.28649777174,0.288093447685,0.286467760801,0.28698989749,22499712
2026-03-16 19:00:00+00:00,0.28695204854,0.28893044591,0.286822736263,0.287625998259,14562176
2026-03-16 20:00:00+00:00,0.287742167711,0.288820534945,0.287655979395,0.287890821695,28091904
2026-03-16 21:00:00+00:00,0.28789588809,0.288607209921,0.287259608507,0.287886112928,16782720
2026-03-16 22:00:00+00:00,0.287863880396,0.291124850512,0.287710160017,0.291122108698,0
2026-03-16 23:00:00+00:00,0.291180670261,0.291302025318,0.288867413998,0.290378153324,3840
2026-03-17 00:00:00+00:00,0.290375083685,0.291868716478,0.28949201107,0.289876490831,185216
2026-03-17 01:00:00+00:00,0.289851009846,0.291811794043,0.289678901434,0.290676057339,15221248
2026-03-17 02:00:00+00:00,0.290682017803,0.292540043592,0.289701998234,0.291953325272,5552000
2026-03-17 03:00:00+00:00,0.291911125183,0.291911125183,0.28487470746,0.284998446703,0
2026-03-17 04:00:00+00:00,0.285120874643,0.28602167964,0.282969176769,0.284151256084,0
2026-03-17 05:00:00+00:00,0.284183710814,0.284828364849,0.282261699438,0.283267349005,0
2026-03-17 06:00:00+00:00,0.283270925283,0.284747213125,0.282935351133,0.284190386534,0
2026-03-17 07:00:00+00:00,0.284186780453,0.288088589907,0.284186780453,0.286761492491,0
2026-03-17 08:00:00+00:00,0.286739528179,0.287693172693,0.286410868168,0.2871055305,0
2026-03-17 09:00:00+00:00,0.287067174911,0.287254691124,0.285508453846,0.28626793623,0
2026-03-17 10:00:00+00:00,0.286265462637,0.286501973867,0.28590002656,0.286463558674,0
2026-03-17 11:00:00+00:00,0.286469042301,0.288289248943,0.286469042301,0.287087112665,0
2026-03-17 12:00:00+00:00,0.287097036839,0.287120848894,0.284227699041,0.284253060818,0
2026-03-17 13:00:00+00:00,0.284275263548,0.286548346281,0.284275263548,0.285174757242,0
2026-03-17 14:00:00+00:00,0.285213977098,0.287887811661,0.284909844398,0.287009686232,0
2026-03-17 15:00:00+00:00,0.287234932184,0.288728296757,0.285417944193,0.286382675171,0
2026-03-17 16:00:00+00:00,0.286423563957,0.287955522537,0.286233365536,0.286678880453,0
2026-03-17 17:00:00+00:00,0.286697238684,0.289350301027,0.286697238684,0.289263814688,0
2026-03-17 18:00:00+00:00,0.289277344942,0.291093677282,0.289277344942,0.290221393108,0
2026-03-17 19:00:00+00:00,0.290245443583,0.29025554657,0.288847655058,0.288847655058,0
2026-03-17 20:00:00+00:00,0.288826286793,0.289376109838,0.288323312998,0.289376109838,0
2026-03-17 21:00:00+00:00,0.289376467466,0.291559159756,0.289376467466,0.290433168411,0
2026-03-17 22:00:00+00:00,0.290457934141,0.291637897491,0.289979785681,0.291233181953,0
2026-03-17 23:00:00+00:00,0.29125392437,0.291582167149,0.288994818926,0.289064258337,0
2026-03-18 00:00:00+00:00,0.28906622529,0.289387106895,0.286926090717,0.288415133953,0
2026-03-18 01:00:00+00:00,0.288424551487,0.289484649897,0.288424551487,0.288739591837,0
2026-03-18 02:00:00+00:00,0.288749396801,0.290971904993,0.288656413555,0.290783822536,0
2026-03-18 03:00:00+00:00,0.290757626295,0.292547821999,0.290330797434,0.291619539261,0
2026-03-18 04:00:00+00:00,0.291622400284,0.291862487793,0.290607988834,0.290675699711,0
2026-03-18 05:00:00+00:00,0.290698617697,0.29404309392,0.290170162916,0.290207982063,0
2026-03-18 06:00:00+00:00,0.290188729763,0.291051536798,0.288960397243,0.288960397243,0
2026-03-18 07:00:00+00:00,0.288957625628,0.288957625628,0.287663340569,0.288452804089,4249248
2026-03-18 08:00:00+00:00,0.288458347321,0.290000915527,0.288458347321,0.289105832577,689632
2026-03-18 09:00:00+00:00,0.289111554623,0.290581256151,0.289074569941,0.290492653847,0
2026-03-18 10:00:00+00:00,0.290533035994,0.291102856398,0.288535654545,0.28868830204,0
2026-03-18 11:00:00+00:00,0.2887147367,0.2887147367,0.279485404491,0.279775798321,50764608
2026-03-18 12:00:00+00:00,0.279829889536,0.279829889536,0.276064872742,0.276520341635,29918464
2026-03-18 13:00:00+00:00,0.276315450668,0.277215510607,0.276197761297,0.276206195354,2643584
2026-03-18 14:00:00+00:00,0.276248246431,0.276323199272,0.27129355073,0.271535247564,18136960
2026-03-18 15:00:00+00:00,0.27146717906,0.272059321404,0.271067470312,0.272059321404,14470400
2026-03-18 16:00:00+00:00,0.272024065256,0.272024065256,0.270403236151,0.271040260792,4201664
2026-03-18 17:00:00+00:00,0.271030634642,0.272874712944,0.270372211933,0.272307515144,4374720
2026-03-18 18:00:00+00:00,0.272673010826,0.274778753519,0.271721363068,0.271721363068,5849728
2026-03-18 19:00:00+00:00,0.271772176027,0.273290902376,0.271772176027,0.272439062595,0
2026-03-18 20:00:00+00:00,0.272435933352,0.273481667042,0.270906060934,0.273481667042,5379264
2026-03-18 21:00:00+00:00,0.273373156786,0.274415463209,0.273373156786,0.274318009615,0
2026-03-18 22:00:00+00:00,0.274314969778,0.274314969778,0.273312330246,0.273630470037,0
2026-03-18 23:00:00+00:00,0.273639559746,0.274486988783,0.273431032896,0.274190455675,21696
2026-03-19 00:00:00+00:00,0.274187147617,0.274283200502,0.273082941771,0.273082941771,0
2026-03-19 01:00:00+00:00,0.273105293512,0.273751109838,0.272784948349,0.273537814617,0
2026-03-19 02:00:00+00:00,0.273512452841,0.273512452841,0.272178292274,0.272178292274,0
2026-03-19 03:00:00+00:00,0.27217143774,0.276090115309,0.27217143774,0.274850398302,0
2026-03-19 04:00:00+00:00,0.274847239256,0.274847239256,0.272797465324,0.272931665182,0
2026-03-19 05:00:00+00:00,0.272914260626,0.272914260626,0.271323174238,0.271326214075,0
2026-03-19 06:00:00+00:00,0.271318614483,0.271876901388,0.270691663027,0.271416068077,0
2026-03-19 07:00:00+00:00,0.271413475275,0.271413475275,0.267275363207,0.268962204456,13739648
2026-03-19 08:00:00+00:00,0.268911957741,0.268945127726,0.267746835947,0.268729120493,5651840
2026-03-19 09:00:00+00:00,0.268721967936,0.271526455879,0.268542170525,0.271494239569,14836800
2026-03-19 10:00:00+00:00,0.271502166986,0.271647334099,0.269909054041,0.269909054041,0
2026-03-19 11:00:00+00:00,0.269879281521,0.269879281521,0.268728077412,0.26874139905,0
2026-03-19 12:00:00+00:00,0.268747419119,0.268747419119,0.26554402709,0.265710800886,0
2026-03-19 13:00:00+00:00,0.265585541725,0.266568720341,0.263866394758,0.266540825367,13379168
2026-03-19 14:00:00+00:00,0.266544044018,0.266627073288,0.264502257109,0.266063719988,0
2026-03-19 15:00:00+00:00,0.266088813543,0.266590476036,0.263714402914,0.265762507915,0
2026-03-19 16:00:00+00:00,0.265768229961,0.265768229961,0.263990223408,0.26445633173,0
2026-03-19 17:00:00+00:00,0.264456301928,0.265609949827,0.263013601303,0.265595346689,0
2026-03-19 18:00:00+00:00,0.26559355855,0.265598535538,0.264678865671,0.265196442604,0
2026-03-19 19:00:00+00:00,0.265299379826,0.26872998476,0.265299379826,0.267293304205,7717632
2026-03-19 20:00:00+00:00,0.267321199179,0.268360286951,0.267282009125,0.267996013165,0
2026-03-19 21:00:00+00:00,0.268006145954,0.268367409706,0.267324537039,0.267637223005,1512096
2026-03-19 22:00:00+00:00,0.267620325089,0.267690569162,0.265982866287,0.266429722309,173600
2026-03-19 23:00:00+00:00,0.266453444958,0.267697423697,0.266453444958,0.267353624105,2131392
2026-03-20 00:00:00+00:00,0.267353236675,0.269462764263,0.267353236675,0.269462764263,7033184
2026-03-20 01:00:00+00:00,0.269477397203,0.270697802305,0.269477397203,0.270403444767,6329824
2026-03-20 02:00:00+00:00,0.270397305489,0.270397305489,0.268428593874,0.269602686167,2249856
2026-03-20 03:00:00+00:00,0.269586920738,0.270423561335,0.269304841757,0.270101964474,0
2026-03-20 04:00:00+00:00,0.270078271627,0.270852863789,0.269152373075,0.270852446556,2365248
2026-03-20 05:00:00+00:00,0.270865827799,0.272754609585,0.270860046148,0.271856427193,6687552
2026-03-20 06:00:00+00:00,0.271856039762,0.271856039762,0.270389854908,0.270397990942,0
2026-03-20 07:00:00+00:00,0.270408391953,0.270408391953,0.268465399742,0.269917756319,0
2026-03-20 08:00:00+00:00,0.269927501678,0.271913975477,0.269795775414,0.270842283964,1607648
2026-03-20 09:00:00+00:00,0.270823091269,0.270823091269,0.268585711718,0.268608927727,0
2026-03-20 10:00:00+00:00,0.268604725599,0.269277691841,0.268045574427,0.269189506769,75872
2026-03-20 11:00:00+00:00,0.26918888092,0.269854098558,0.267557770014,0.267821729183,0
2026-03-20 12:00:00+00:00,0.267826169729,0.268775075674,0.26719892025,0.26719892025,0
2026-03-20 13:00:00+00:00,0.267204761505,0.267958313227,0.266205072403,0.266205072403,0
2026-03-20 14:00:00+00:00,0.266200453043,0.267324507236,0.265192896128,0.26572868228,0
2026-03-20 15:00:00+00:00,0.265702605247,0.266493409872,0.264871239662,0.266425520182,0
2026-03-20 16:00:00+00:00,0.266461551189,0.266658723354,0.264962106943,0.265952736139,0
2026-03-20 17:00:00+00:00,0.265947192907,0.265947192907,0.264659702778,0.265451163054,0
2026-03-20 18:00:00+00:00,0.265489310026,0.265907377005,0.263690412045,0.263690412045,5770976
2026-03-20 19:00:00+00:00,0.263847798109,0.26397562027,0.262350142002,0.263931572437,122496
2026-03-20 20:00:00+00:00,0.263945519924,0.26398319006,0.262651175261,0.263720840216,1171776
2026-03-20 21:00:00+00:00,0.263704001904,0.266082495451,0.263639599085,0.265602231026,5171488
2026-03-20 22:00:00+00:00,0.265619784594,0.267461180687,0.265619784594,0.267048686743,959104
2026-03-20 23:00:00+00:00,0.267034977674,0.267034977674,0.265519946814,0.266119152308,0
2026-03-21 00:00:00+00:00,0.266121327877,0.266442656517,0.266031891108,0.266296923161,0
2026-03-21 01:00:00+00:00,0.266295194626,0.26681420207,0.265948206186,0.26595595479,0
2026-03-21 02:00:00+00:00,0.265940874815,0.26701438427,0.265766978264,0.266851574183,0
2026-03-21 03:00:00+00:00,0.266857385635,0.266859233379,0.266010165215,0.266075104475,0
2026-03-21 04:00:00+00:00,0.266086697578,0.266410052776,0.266044616699,0.266085088253,0
2026-03-21 05:00:00+00:00,0.266077756882,0.266704380512,0.266077756882,0.26615139842,0
2026-03-21 06:00:00+00:00,0.266140878201,0.266794472933,0.26606708765,0.266615509987,0
2026-03-21 07:00:00+00:00,0.266617059708,0.266617059708,0.264987915754,0.264992743731,0
2026-03-21 08:00:00+00:00,0.264981716871,0.265149712563,0.264749795198,0.265140920877,0
2026-03-21 09:00:00+00:00,0.265141874552,0.265557706356,0.264242738485,0.264352679253,0
2026-03-21 10:00:00+00:00,0.264354079962,0.264659494162,0.264151722193,0.264242976904,0
2026-03-21 11:00:00+00:00,0.264260977507,0.264523208141,0.264260977507,0.264523208141,0
2026-03-21 12:00:00+00:00,0.264526754618,0.26500377059,0.264526754618,0.264776080847,0
2026-03-21 13:00:00+00:00,0.264766454697,0.264886856079,0.264093548059,0.264230966568,0
2026-03-21 14:00:00+00:00,0.264239788055,0.265115171671,0.263438880444,0.263438880444,0
2026-03-21 15:00:00+00:00,0.263431668282,0.264342099428,0.263301998377,0.264342099428,0
2026-03-21 16:00:00+00:00,0.264375001192,0.264832317829,0.264070600271,0.264127790928,0
2026-03-21 17:00:00+00:00,0.26413589716,0.264237046242,0.263849765062,0.26415798068,0
2026-03-21 18:00:00+00:00,0.264162808657,0.264727681875,0.264079362154,0.264418393373,0
2026-03-21 19:00:00+00:00,0.264420717955,0.26480987668,0.264273196459,0.26480987668,0
2026-03-21 20:00:00+00:00,0.264807105064,0.266145020723,0.264807105064,0.266142547131,0
2026-03-21 21:00:00+00:00,0.266145765781,0.266184180975,0.26548859477,0.265503287315,0
2026-03-21 22:00:00+00:00,0.265505731106,0.265553832054,0.264886856079,0.264911979437,0
2026-03-21 23:00:00+00:00,0.264917463064,0.264917463064,0.257685929537,0.257789194584,32932944
2026-03-22 00:00:00+00:00,0.257161349058,0.258083760738,0.254940390587,0.257144093513,74907232
2026-03-22 01:00:00+00:00,0.257130742073,0.257760822773,0.256042212248,0.256668061018,11435840
2026-03-22 02:00:00+00:00,0.256657481194,0.258430123329,0.256657481194,0.258057326078,8923424
2026-03-22 03:00:00+00:00,0.258027911186,0.259601414204,0.257404237986,0.258494645357,10524704
2026-03-22 04:00:00+00:00,0.258509397507,0.25891494751,0.258049964905,0.258683353662,6977408
2026-03-22 05:00:00+00:00,0.258663207293,0.258663207293,0.257634162903,0.257634401321,4247136
2026-03-22 06:00:00+00:00,0.257590293884,0.257614552975,0.257265120745,0.257530719042,0
2026-03-22 07:00:00+00:00,0.257556349039,0.258505612612,0.25737965107,0.2573980093,0
2026-03-22 08:00:00+00:00,0.257360130548,0.257360130548,0.255563139915,0.256573945284,5570624
2026-03-22 09:00:00+00:00,0.256552159786,0.257172256708,0.256166309118,0.256253063679,1805920
2026-03-22 10:00:00+00:00,0.2562109828,0.25621753931,0.255318582058,0.25550660491,1698272
2026-03-22 11:00:00+00:00,0.255506962538,0.255790621042,0.255237460136,0.255237460136,6109312
2026-03-22 12:00:00+00:00,0.255233258009,0.256408542395,0.255184203386,0.2558799088,6601856
2026-03-22 13:00:00+00:00,0.255879193544,0.256619781256,0.255775392056,0.256146520376,14978976
2026-03-22 14:00:00+00:00,0.256142258644,0.256539255381,0.255755335093,0.255755335093,0
2026-03-22 15:00:00+00:00,0.255754798651,0.256366372108,0.255496323109,0.255524426699,120384
2026-03-22 16:00:00+00:00,0.255537241697,0.255766421556,0.254246652126,0.254770189524,13998496
2026-03-22 17:00:00+00:00,0.25476539135,0.254790782928,0.254225730896,0.254248082638,7842944
2026-03-22 18:00:00+00:00,0.254225820303,0.254406362772,0.252923101187,0.253165721893,7290400
2026-03-22 19:00:00+00:00,0.253191411495,0.253324449062,0.250934392214,0.25157931447,11163424
2026-03-22 20:00:00+00:00,0.251590907574,0.252249389887,0.251282840967,0.251400023699,1396192
2026-03-22 21:00:00+00:00,0.251369655132,0.25137630105,0.24848665297,0.250216424465,32487968
2026-03-22 22:00:00+00:00,0.250249117613,0.251965820789,0.249539420009,0.251965820789,16336512
2026-03-22 23:00:00+00:00,0.251979678869,0.252269744873,0.2505890131,0.250595480204,0
2026-03-23 00:00:00+00:00,0.250611722469,0.251494288445,0.250268697739,0.251328349113,0
2026-03-23 01:00:00+00:00,0.251311480999,0.25239482522,0.251161754131,0.251727640629,0
2026-03-23 02:00:00+00:00,0.251719266176,0.253423303366,0.250859171152,0.252607434988,0
2026-03-23 03:00:00+00:00,0.252577245235,0.25326654315,0.251305758953,0.251306474209,0
2026-03-23 04:00:00+00:00,0.251302570105,0.252355366945,0.251270055771,0.252355366945,0
2026-03-23 05:00:00+00:00,0.252374112606,0.252686828375,0.251832336187,0.252375513315,9644864
2026-03-23 06:00:00+00:00,0.25239405036,0.25239405036,0.249135747552,0.249274805188,14853792
2026-03-23 07:00:00+00:00,0.2492762357,0.250413805246,0.248335570097,0.25015053153,13219296
2026-03-23 08:00:00+00:00,0.250145941973,0.250808566809,0.249440297484,0.249440297484,248384
2026-03-23 09:00:00+00:00,0.249430254102,0.249766170979,0.248373404145,0.249765053391,3391424
2026-03-23 10:00:00+00:00,0.249773934484,0.251484900713,0.249773934484,0.250343948603,3032992
2026-03-23 11:00:00+00:00,0.250334948301,0.262575119734,0.250334948301,0.259069234133,184656480
2026-03-23 12:00:00+00:00,0.259029269218,0.260984182358,0.258078277111,0.260050028563,36725760
2026-03-23 13:00:00+00:00,0.26055675745,0.263178557158,0.259779274464,0.262851625681,14794560
2026-03-23 14:00:00+00:00,0.262869954109,0.264622479677,0.262869954109,0.26357126236,15582656
2026-03-23 15:00:00+00:00,0.263601779938,0.266120880842,0.261439681053,0.261439681053,29238784
2026-03-23 16:00:00+00:00,0.261400818825,0.261763572693,0.258955866098,0.260989308357,0
2026-03-23 17:00:00+00:00,0.261016219854,0.262858837843,0.260390639305,0.26197835803,6317696
2026-03-23 18:00:00+00:00,0.261977672577,0.262264400721,0.260931640863,0.261794477701,0
2026-03-23 19:00:00+00:00,0.261787712574,0.262784808874,0.260887682438,0.260887682438,0
2026-03-23 20:00:00+00:00,0.26088604331,0.262827783823,0.260528832674,0.262799799442,3402176
2026-03-23 21:00:00+00:00,0.262789428234,0.264080345631,0.262789428234,0.263175010681,0
2026-03-23 22:00:00+00:00,0.263106167316,0.263106167316,0.261480331421,0.261510282755,0
2026-03-23 23:00:00+00:00,0.26152998209,0.261594504118,0.260508596897,0.261594504118,0
2026-03-24 00:00:00+00:00,0.261607497931,0.261822044849,0.259927690029,0.260409802198,1259456
2026-03-24 01:00:00+00:00,0.260369032621,0.260369032621,0.258501917124,0.259197413921,1143104
2026-03-24 02:00:00+00:00,0.259182095528,0.259901553392,0.258898824453,0.258898824453,0
2026-03-24 03:00:00+00:00,0.258798241615,0.261365175247,0.258766591549,0.261365175247,188672
2026-03-24 04:00:00+00:00,0.26136547327,0.261910915375,0.260191053152,0.260719925165,1024064
2026-03-24 05:00:00+00:00,0.260720729828,0.26116591692,0.25978705287,0.260764688253,0
2026-03-24 06:00:00+00:00,0.260760933161,0.261018276215,0.260304689407,0.261016607285,0
2026-03-24 07:00:00+00:00,0.261016607285,0.264605611563,0.261016607285,0.264605611563,6326144
2026-03-24 08:00:00+00:00,0.264826565981,0.267556130886,0.264826565981,0.266708314419,26017088
2026-03-24 09:00:00+00:00,0.266723304987,0.266741216183,0.264603853226,0.265086829662,6089856
2026-03-24 10:00:00+00:00,0.265129268169,0.265233874321,0.263373285532,0.263508558273,2856768
2026-03-24 11:00:00+00:00,0.263519287109,0.263967067003,0.262492030859,0.263456791639,0
2026-03-24 12:00:00+00:00,0.263490885496,0.263601660728,0.263163089752,0.263219684362,0
2026-03-24 13:00:00+00:00,0.263220518827,0.263537853956,0.261172711849,0.261283874512,0
2026-03-24 14:00:00+00:00,0.26130887866,0.261901259422,0.25952064991,0.261565089226,0
2026-03-24 15:00:00+00:00,0.261459827423,0.262346804142,0.261248022318,0.261248022318,0
2026-03-24 16:00:00+00:00,0.261225759983,0.261225759983,0.259523481131,0.259850651026,0
2026-03-24 17:00:00+00:00,0.25984287262,0.25984287262,0.258442729712,0.258843809366,0
2026-03-24 18:00:00+00:00,0.258849799633,0.261234611273,0.258849799633,0.26036208868,1197376
2026-03-24 19:00:00+00:00,0.26036798954,0.26106595993,0.259886860847,0.259978204966,0
2026-03-24 20:00:00+00:00,0.259986281395,0.264718621969,0.259975463152,0.26461482048,13056512
2026-03-24 21:00:00+00:00,0.26460686326,0.265359610319,0.263776421547,0.264934301376,0
2026-03-24 22:00:00+00:00,0.264954119921,0.266473412514,0.264954119921,0.265195846558,1675520
2026-03-24 23:00:00+00:00,0.265186160803,0.266399234533,0.265186160803,0.266192555428,5088992
2026-03-25 00:00:00+00:00,0.266193091869,0.268246531487,0.266193091869,0.267881572247,4398048
2026-03-25 01:00:00+00:00,0.267858058214,0.268420010805,0.267083495855,0.268246799707,5001440
2026-03-25 02:00:00+00:00,0.268229782581,0.268229782581,0.266433387995,0.266433387995,2231456
2026-03-25 03:00:00+00:00,0.266419619322,0.267846435308,0.265975296497,0.267846435308,2100576
2026-03-25 04:00:00+00:00,0.267819434404,0.268243312836,0.266943395138,0.267329931259,1487040
2026-03-25 05:00:00+00:00,0.267389416695,0.268664687872,0.267389416695,0.268116474152,6307232
2026-03-25 06:00:00+00:00,0.268097341061,0.269911885262,0.268097341061,0.269778817892,13583200
2026-03-25 07:00:00+00:00,0.269745051861,0.271048605442,0.269207239151,0.269298285246,0
2026-03-25 08:00:00+00:00,0.269285112619,0.271972030401,0.269285112619,0.271649181843,0
2026-03-25 09:00:00+00:00,0.271653145552,0.271803468466,0.271221548319,0.271803468466,0
2026-03-25 10:00:00+00:00,0.271820574999,0.27290225029,0.271820574999,0.272462695837,5387456
2026-03-25 11:00:00+00:00,0.272444039583,0.273642957211,0.27145370841,0.272747576237,15969632
2026-03-25 12:00:00+00:00,0.272784113884,0.274522334337,0.272412031889,0.274469166994,29991520
2026-03-25 13:00:00+00:00,0.274508982897,0.276091128588,0.273039638996,0.273259282112,2762272
2026-03-25 14:00:00+00:00,0.2731988132,0.273295670748,0.271768957376,0.271802812815,0
2026-03-25 15:00:00+00:00,0.271785318851,0.271846860647,0.26913651824,0.270010203123,7498304
2026-03-25 16:00:00+00:00,0.270022392273,0.272012233734,0.270002216101,0.271581977606,9680160
2026-03-25 17:00:00+00:00,0.271584033966,0.27172717452,0.270428866148,0.270428866148,0
2026-03-25 18:00:00+00:00,0.270432084799,0.270907044411,0.269959956408,0.269972234964,0
2026-03-25 19:00:00+00:00,0.269973754883,0.270971536636,0.269851386547,0.270270586014,536640
2026-03-25 20:00:00+00:00,0.270324230194,0.270397782326,0.268552184105,0.26961055398,0
2026-03-25 21:00:00+00:00,0.269607067108,0.269722789526,0.269044220448,0.269301474094,0
2026-03-25 22:00:00+00:00,0.269295394421,0.270532906055,0.268874406815,0.270475506783,0
2026-03-25 23:00:00+00:00,0.270491480827,0.270524352789,0.269674837589,0.270307481289,0
2026-03-26 00:00:00+00:00,0.270304977894,0.27042645216,0.269252002239,0.269267648458,0
2026-03-26 01:00:00+00:00,0.269268900156,0.269950628281,0.268760859966,0.269183754921,0
2026-03-26 02:00:00+00:00,0.269164800644,0.269164800644,0.266933053732,0.267413020134,2584032
2026-03-26 03:00:00+00:00,0.267424046993,0.267424046993,0.266052335501,0.266448229551,4541952
2026-03-26 04:00:00+00:00,0.266429066658,0.266429066658,0.265657395124,0.265657395124,0
2026-03-26 05:00:00+00:00,0.265657067299,0.265657067299,0.262461304665,0.262461304665,3278240
2026-03-26 06:00:00+00:00,0.262448996305,0.262448996305,0.26137727499,0.261625289917,0
2026-03-26 07:00:00+00:00,0.261615633965,0.262115359306,0.261077016592,0.262111455202,0
2026-03-26 08:00:00+00:00,0.262105345726,0.262105345726,0.259970754385,0.2602879107,0
2026-03-26 09:00:00+00:00,0.260284245014,0.260374426842,0.257469117641,0.257569402456,9375232
2026-03-26 10:00:00+00:00,0.25756457448,0.258250504732,0.257043093443,0.258250504732,0
2026-03-26 11:00:00+00:00,0.258258759975,0.258607149124,0.257469475269,0.257516294718,0
2026-03-26 12:00:00+00:00,0.257494300604,0.2578125,0.257033109665,0.257791936398,0
2026-03-26 13:00:00+00:00,0.257793843746,0.259394615889,0.25746718049,0.258655786514,0
2026-03-26 14:00:00+00:00,0.258647799492,0.258794933558,0.257156521082,0.257351130247,452448
2026-03-26 15:00:00+00:00,0.257341235876,0.257341235876,0.255316048861,0.255980968475,8860768
2026-03-26 16:00:00+00:00,0.25598436594,0.256364613771,0.255551040173,0.255551040173,0
2026-03-26 17:00:00+00:00,0.255536943674,0.256048291922,0.254390031099,0.254390031099,0
2026-03-26 18:00:00+00:00,0.25437527895,0.254536390305,0.253215938807,0.25373545289,8298944
2026-03-26 19:00:00+00:00,0.253741681576,0.253796845675,0.25334239006,0.253780901432,4873408
2026-03-26 20:00:00+00:00,0.253769904375,0.256076365709,0.252814173698,0.254954218864,40580416
2026-03-26 21:00:00+00:00,0.25498983264,0.257033705711,0.254846990108,0.256076812744,18197472
2026-03-26 22:00:00+00:00,0.25606444478,0.25606444478,0.254548281431,0.254961401224,3611776
2026-03-26 23:00:00+00:00,0.254968196154,0.255149751902,0.253961205482,0.254771351814,5096064
2026-03-27 00:00:00+00:00,0.254761457443,0.254818797112,0.253663420677,0.254177033901,6918336
2026-03-27 01:00:00+00:00,0.254181057215,0.255614161491,0.254158943892,0.255600452423,0
2026-03-27 02:00:00+00:00,0.255603939295,0.255825638771,0.255167067051,0.255289107561,0
2026-03-27 03:00:00+00:00,0.255269497633,0.255269497633,0.254178345203,0.254428118467,0
2026-03-27 04:00:00+00:00,0.254428207874,0.254428207874,0.252842724323,0.254039555788,1459840
2026-03-27 05:00:00+00:00,0.254034489393,0.255172640085,0.253527849913,0.2536419034,0
2026-03-27 06:00:00+00:00,0.253644168377,0.253895163536,0.253344744444,0.253865599632,0
2026-03-27 07:00:00+00:00,0.253866016865,0.254877775908,0.253684490919,0.254679143429,0
2026-03-27 08:00:00+00:00,0.254683703184,0.25478708744,0.251080513,0.252105206251,3610592
2026-03-27 09:00:00+00:00,0.252101480961,0.252101480961,0.250743031502,0.250826388597,0
2026-03-27 10:00:00+00:00,0.250838756561,0.251257538795,0.246494084597,0.246540412307,38812768
2026-03-27 11:00:00+00:00,0.246525809169,0.247635170817,0.246114358306,0.247366860509,31419232
2026-03-27 12:00:00+00:00,0.247371032834,0.247371032834,0.246125370264,0.246563613415,13059776
2026-03-27 13:00:00+00:00,0.246581241488,0.248201832175,0.246581241488,0.24692606926,8089472
2026-03-27 14:00:00+00:00,0.247010722756,0.248257860541,0.246175676584,0.247309938073,6133568
2026-03-27 15:00:00+00:00,0.247312873602,0.249100342393,0.247082471848,0.247842207551,0
2026-03-27 16:00:00+00:00,0.247848421335,0.247848421335,0.246573746204,0.247291192412,0
2026-03-27 17:00:00+00:00,0.247292637825,0.248041808605,0.246577292681,0.246592640877,0
2026-03-27 18:00:00+00:00,0.24658845365,0.246636539698,0.245587512851,0.246164739132,0
2026-03-27 19:00:00+00:00,0.246151790023,0.246853858232,0.245624497533,0.246362105012,1872000
2026-03-27 20:00:00+00:00,0.246365323663,0.246787190437,0.245248943567,0.246151223779,0
2026-03-27 21:00:00+00:00,0.246156409383,0.246494486928,0.246072590351,0.246219441295,0
2026-03-27 22:00:00+00:00,0.24617677927,0.24617677927,0.245271503925,0.245719254017,0
2026-03-27 23:00:00+00:00,0.245717361569,0.246069610119,0.24541439116,0.246024474502,0
2026-03-28 00:00:00+00:00,0.246024832129,0.246781468391,0.246003299952,0.246670812368,0
2026-03-28 01:00:00+00:00,0.246564537287,0.246564537287,0.245178982615,0.245792552829,1598944
2026-03-28 02:00:00+00:00,0.245805069804,0.246957615018,0.245000436902,0.245081007481,0
2026-03-28 03:00:00+00:00,0.245076566935,0.245242938399,0.244778349996,0.244779825211,3117440
2026-03-28 04:00:00+00:00,0.244781598449,0.245164513588,0.244329363108,0.245040267706,0
2026-03-28 05:00:00+00:00,0.245041266084,0.245658054948,0.2447334975,0.245643302798,0
2026-03-28 06:00:00+00:00,0.245641514659,0.246865898371,0.245641514659,0.246502846479,0
2026-03-28 07:00:00+00:00,0.246504187584,0.24784424901,0.246422439814,0.24784424901,518240
2026-03-28 08:00:00+00:00,0.24787633121,0.248574137688,0.24787633121,0.248071342707,0
2026-03-28 09:00:00+00:00,0.248042672873,0.248042672873,0.247282117605,0.247338086367,0
2026-03-28 10:00:00+00:00,0.247337132692,0.248884826899,0.247337132692,0.248313590884,0
2026-03-28 11:00:00+00:00,0.248314529657,0.248650178313,0.248256653547,0.248613327742,0
2026-03-28 12:00:00+00:00,0.248605325818,0.248632982373,0.247451588511,0.247636899352,0
2026-03-28 13:00:00+00:00,0.247633874416,0.251236796379,0.24758310616,0.249976187944,0
2026-03-28 14:00:00+00:00,0.250004470348,0.250825613737,0.24918961525,0.250082224607,0
2026-03-28 15:00:00+00:00,0.250082731247,0.252127915621,0.249976202846,0.251160830259,0
2026-03-28 16:00:00+00:00,0.25121280551,0.251446127892,0.250749409199,0.250789046288,0
2026-03-28 17:00:00+00:00,0.250781357288,0.251255244017,0.24987578392,0.250260442495,0
2026-03-28 18:00:00+00:00,0.250239372253,0.250785320997,0.250144451857,0.250559836626,0
2026-03-28 19:00:00+00:00,0.250539243221,0.250539243221,0.24944499135,0.249615907669,0
2026-03-28 20:00:00+00:00,0.249625056982,0.250434219837,0.249625056982,0.250003665686,0
2026-03-28 21:00:00+00:00,0.250007838011,0.250020563602,0.248885929585,0.248885929585,0
2026-03-28 22:00:00+00:00,0.248921662569,0.248921662569,0.248340114951,0.248397126794,0
2026-03-28 23:00:00+00:00,0.248400136828,0.248421177268,0.245558589697,0.245669752359,5894496
2026-03-29 00:00:00+00:00,0.24566821754,0.245949760079,0.245379671454,0.245524093509,1564096
2026-03-29 01:00:00+00:00,0.245557904243,0.246554672718,0.245557904243,0.245939061046,23394336
2026-03-29 02:00:00+00:00,0.245944067836,0.246219709516,0.24586583674,0.246036037803,0
2026-03-29 03:00:00+00:00,0.246036991477,0.246860548854,0.24597235024,0.2465185076,0
2026-03-29 04:00:00+00:00,0.246511414647,0.246511414647,0.245846122503,0.245846122503,1327456
2026-03-29 05:00:00+00:00,0.245771273971,0.245771273971,0.244291990995,0.245370805264,18089792
2026-03-29 06:00:00+00:00,0.245369911194,0.245870441198,0.245040923357,0.245841696858,0
2026-03-29 07:00:00+00:00,0.245845481753,0.245845481753,0.244923561811,0.245161131024,0
2026-03-29 08:00:00+00:00,0.245150312781,0.245150312781,0.24478790164,0.244904577732,0
2026-03-29 09:00:00+00:00,0.244897797704,0.244905203581,0.243933081627,0.244076728821,2578272
2026-03-29 10:00:00+00:00,0.244078010321,0.244078010321,0.242436781526,0.242614746094,12879296
2026-03-29 11:00:00+00:00,0.242620065808,0.24411727488,0.242614910007,0.243670850992,6202048
2026-03-29 12:00:00+00:00,0.243594437838,0.243594437838,0.242385432124,0.242737933993,0
2026-03-29 13:00:00+00:00,0.242735058069,0.242770984769,0.240837723017,0.240837723017,674400
2026-03-29 14:00:00+00:00,0.240828678012,0.241787061095,0.240731433034,0.241699516773,0
2026-03-29 15:00:00+00:00,0.241968199611,0.241968199611,0.240953281522,0.241277173162,0
2026-03-29 16:00:00+00:00,0.24127587676,0.241839587688,0.24096852541,0.24096852541,0
2026-03-29 17:00:00+00:00,0.240985542536,0.241098597646,0.240300163627,0.241098597646,4581504
2026-03-29 18:00:00+00:00,0.241098403931,0.241385161877,0.240850418806,0.241303831339,3171232
2026-03-29 19:00:00+00:00,0.241303369403,0.241303369403,0.23972004652,0.239792525768,10315200
2026-03-29 20:00:00+00:00,0.239785254002,0.241492375731,0.239785254002,0.24037630856,10284256
2026-03-29 21:00:00+00:00,0.240401029587,0.2415471524,0.240401029587,0.24153316021,2494144
2026-03-29 22:00:00+00:00,0.241532936692,0.241532936692,0.234838709235,0.238176912069,39320608
2026-03-29 23:00:00+00:00,0.238408446312,0.239816427231,0.238354593515,0.239566683769,11734592
2026-03-30 00:00:00+00:00,0.239577755332,0.24314814806,0.239577755332,0.241726443172,16321856
2026-03-30 01:00:00+00:00,0.241702854633,0.243868276477,0.241702854633,0.243838831782,0
2026-03-30 02:00:00+00:00,0.243834108114,0.246268123388,0.243834108114,0.245770365,14678848
2026-03-30 03:00:00+00:00,0.245763152838,0.245918080211,0.244454696774,0.245754539967,4493120
2026-03-30 04:00:00+00:00,0.245754718781,0.247456029058,0.245754718781,0.246173605323,7687968
2026-03-30 05:00:00+00:00,0.246147125959,0.246855422854,0.246147125959,0.246609315276,0
2026-03-30 06:00:00+00:00,0.246603816748,0.247181609273,0.245849877596,0.246491163969,2897984
2026-03-30 07:00:00+00:00,0.24648489058,0.248310044408,0.246460363269,0.248310044408,5176032
2026-03-30 08:00:00+00:00,0.248377099633,0.251019895077,0.248359262943,0.250685632229,28545920
2026-03-30 09:00:00+00:00,0.250677764416,0.250677764416,0.248151317239,0.248163059354,5245088
2026-03-30 10:00:00+00:00,0.248161703348,0.248536452651,0.247569307685,0.248536452651,0
2026-03-30 11:00:00+00:00,0.248529389501,0.250965058804,0.248529389501,0.250290572643,15458240
2026-03-30 12:00:00+00:00,0.250291287899,0.250969201326,0.250106573105,0.250621318817,1292576
2026-03-30 13:00:00+00:00,0.250601023436,0.250883102417,0.249335616827,0.249335616827,0
2026-03-30 14:00:00+00:00,0.249338522553,0.249505966902,0.247368559241,0.248631343246,5403328
2026-03-30 15:00:00+00:00,0.248645797372,0.249396041036,0.247653469443,0.248669490218,2044032
2026-03-30 16:00:00+00:00,0.248658955097,0.248658955097,0.247627496719,0.247655287385,415968
2026-03-30 17:00:00+00:00,0.247711211443,0.248140797019,0.245632961392,0.246097519994,2927712
2026-03-30 18:00:00+00:00,0.24612505734,0.246450424194,0.243914410472,0.243973135948,3695296
2026-03-30 19:00:00+00:00,0.244055017829,0.244177252054,0.242581471801,0.243495106697,0
2026-03-30 20:00:00+00:00,0.243486180902,0.243999406695,0.243084922433,0.243708401918,0
2026-03-30 21:00:00+00:00,0.243712320924,0.24567013979,0.243459254503,0.24509614706,3535552
2026-03-30 22:00:00+00:00,0.244882717729,0.244888216257,0.244211420417,0.244319275022,0
2026-03-30 23:00:00+00:00,0.244308516383,0.244308516383,0.242732480168,0.243192210793,0
2026-03-31 00:00:00+00:00,0.243207573891,0.245111361146,0.243207573891,0.244818136096,0
2026-03-31 01:00:00+00:00,0.244825512171,0.248216331005,0.244399279356,0.247821941972,6055904
2026-03-31 02:00:00+00:00,0.247821137309,0.248563691974,0.247298002243,0.248197689652,0
2026-03-31 03:00:00+00:00,0.24818597734,0.24818597734,0.24570633471,0.245897650719,0
2026-03-31 04:00:00+00:00,0.245903357863,0.246084019542,0.244581520557,0.244581520557,0
2026-03-31 05:00:00+00:00,0.244574278593,0.244574278593,0.243832737207,0.244207680225,0
2026-03-31 06:00:00+00:00,0.244200617075,0.245681673288,0.243714988232,0.245663359761,8257376
2026-03-31 07:00:00+00:00,0.245699495077,0.245699495077,0.243471205235,0.24351143837,2283552
2026-03-31 08:00:00+00:00,0.243508428335,0.243661031127,0.241952329874,0.241955205798,0
2026-03-31 09:00:00+00:00,0.241954162717,0.242053493857,0.240131646395,0.240159139037,2830528
2026-03-31 10:00:00+00:00,0.240162983537,0.241014420986,0.240015983582,0.24088588357,9441664
2026-03-31 11:00:00+00:00,0.24087959528,0.241191744804,0.240435943007,0.240735799074,0
2026-03-31 12:00:00+00:00,0.240756094456,0.241123363376,0.240476176143,0.240515634418,1144000
2026-03-31 13:00:00+00:00,0.240519911051,0.24347576499,0.240508839488,0.243320509791,0
2026-03-31 14:00:00+00:00,0.243043571711,0.244481906295,0.239535778761,0.239570081234,5524960
2026-03-31 15:00:00+00:00,0.239576414227,0.240721866488,0.238964304328,0.238964304328,8920448
2026-03-31 16:00:00+00:00,0.238698467612,0.239214062691,0.236178025603,0.239107817411,45206848
2026-03-31 17:00:00+00:00,0.239129930735,0.241187751293,0.238475590944,0.238475590944,17972352
2026-03-31 18:00:00+00:00,0.238551750779,0.240892633796,0.238551750779,0.240878209472,5966560
2026-03-31 19:00:00+00:00,0.240959212184,0.241759568453,0.240121945739,0.240695163608,0
2026-03-31 20:00:00+00:00,0.240698605776,0.241559445858,0.240569457412,0.241559445858,9994080
2026-03-31 21:00:00+00:00,0.241591662169,0.24195420742,0.240940123796,0.241914644837,4440128
2026-03-31 22:00:00+00:00,0.241773292422,0.241773292422,0.238855853677,0.239939570427,10864832
2026-03-31 23:00:00+00:00,0.239938765764,0.241802915931,0.239839449525,0.241562873125,5351392
2026-04-01 00:00:00+00:00,0.241709962487,0.244255721569,0.241567388177,0.244255721569,11327200
2026-04-01 01:00:00+00:00,0.244265660644,0.244578555226,0.242742165923,0.242742165923,0
2026-04-01 02:00:00+00:00,0.242594346404,0.242801114917,0.242023393512,0.242060914636,326112
2026-04-01 03:00:00+00:00,0.24205519259,0.245548561215,0.242049783468,0.245196729898,7047968
2026-04-01 04:00:00+00:00,0.245176538825,0.24560841918,0.244428008795,0.244549304247,1343232
2026-04-01 05:00:00+00:00,0.24451969564,0.249144926667,0.244286686182,0.248871639371,19863424
2026-04-01 06:00:00+00:00,0.248863011599,0.252968102694,0.248863011599,0.251788437366,41305408
2026-04-01 07:00:00+00:00,0.251819014549,0.252378225327,0.250210911036,0.250210911036,4862016
2026-04-01 08:00:00+00:00,0.250196903944,0.250196903944,0.247296407819,0.247326493263,4946368
2026-04-01 09:00:00+00:00,0.247170343995,0.248094961047,0.246758207679,0.247690245509,11128512
2026-04-01 10:00:00+00:00,0.247685328126,0.248806506395,0.247474789619,0.248460054398,0
2026-04-01 11:00:00+00:00,0.248481661081,0.248768284917,0.247618347406,0.248072654009,0
2026-04-01 12:00:00+00:00,0.248083040118,0.249581426382,0.247866466641,0.248663455248,24163904
2026-04-01 13:00:00+00:00,0.248655691743,0.248953700066,0.246059417725,0.246983453631,6371520
2026-04-01 14:00:00+00:00,0.246958717704,0.248635053635,0.246943950653,0.248230487108,0
2026-04-01 15:00:00+00:00,0.248279735446,0.249005258083,0.248149365187,0.249005258083,0
2026-04-01 16:00:00+00:00,0.249014943838,0.250268220901,0.248429536819,0.250048309565,0
2026-04-01 17:00:00+00:00,0.250061988831,0.251355886459,0.249148160219,0.2491492033,0
2026-04-01 18:00:00+00:00,0.249148771167,0.249826163054,0.248428672552,0.248428672552,0
2026-04-01 19:00:00+00:00,0.248447209597,0.249513968825,0.248447209597,0.249269753695,0
2026-04-01 20:00:00+00:00,0.249307125807,0.249487742782,0.247674360871,0.248557373881,0
2026-04-01 21:00:00+00:00,0.248532325029,0.250122338533,0.248437449336,0.249417707324,0
2026-04-01 22:00:00+00:00,0.249470442533,0.249538883567,0.247588083148,0.247588083148,0
2026-04-01 23:00:00+00:00,0.247567519546,0.248026609421,0.247445762157,0.248026609421,0
2026-04-02 00:00:00+00:00,0.24809704721,0.250029504299,0.247704774141,0.249851152301,17554144
2026-04-02 01:00:00+00:00,0.249862626195,0.249862626195,0.241873949766,0.242976397276,55163776
2026-04-02 02:00:00+00:00,0.242975264788,0.242975264788,0.239929422736,0.240492358804,25239488
2026-04-02 03:00:00+00:00,0.240485683084,0.241179838777,0.238544300199,0.238544300199,13486464
2026-04-02 04:00:00+00:00,0.238655030727,0.239002794027,0.237113982439,0.237116158009,10761024
2026-04-02 05:00:00+00:00,0.23711669445,0.237954258919,0.236333012581,0.237952277064,0
2026-04-02 06:00:00+00:00,0.237952291965,0.238347008824,0.237527608871,0.237928912044,0
2026-04-02 07:00:00+00:00,0.237944066525,0.238883107901,0.237393632531,0.238883107901,5242944
2026-04-02 08:00:00+00:00,0.238922014832,0.239124730229,0.238235712051,0.238263219595,0
2026-04-02 09:00:00+00:00,0.238247767091,0.238467305899,0.23764115572,0.238306194544,0
2026-04-02 10:00:00+00:00,0.238312572241,0.238312572241,0.237236782908,0.237495914102,0
2026-04-02 11:00:00+00:00,0.237491309643,0.237589284778,0.236757203937,0.236920565367,4610816
2026-04-02 12:00:00+00:00,0.236909881234,0.236936211586,0.236240237951,0.236241042614,0
2026-04-02 13:00:00+00:00,0.236235201359,0.236449599266,0.235351368785,0.236449599266,0
2026-04-02 14:00:00+00:00,0.236467123032,0.242005705833,0.236467123032,0.241900712252,28960768
2026-04-02 15:00:00+00:00,0.241904169321,0.241904169321,0.239490494132,0.239501789212,6475712
2026-04-02 16:00:00+00:00,0.239514634013,0.241597726941,0.239149704576,0.240961134434,9888384
2026-04-02 17:00:00+00:00,0.240954697132,0.242357596755,0.238557770848,0.238557770848,1126272
2026-04-02 18:00:00+00:00,0.238549053669,0.240172281861,0.238254070282,0.240095540881,827520
2026-04-02 19:00:00+00:00,0.240091353655,0.240119427443,0.239273637533,0.239832982421,0
2026-04-02 20:00:00+00:00,0.239772439003,0.240630403161,0.239381670952,0.240328609943,4455296
2026-04-02 21:00:00+00:00,0.240320146084,0.240320146084,0.23917414248,0.239868745208,0
2026-04-02 22:00:00+00:00,0.239874228835,0.240046232939,0.239651933312,0.239698573947,0
2026-04-02 23:00:00+00:00,0.239533916116,0.239611685276,0.238985493779,0.239358186722,0
2026-04-03 00:00:00+00:00,0.239357292652,0.239704668522,0.239200145006,0.239451855421,0
2026-04-03 01:00:00+00:00,0.239460706711,0.240203395486,0.239226877689,0.239688456059,0
2026-04-03 02:00:00+00:00,0.239692881703,0.240591913462,0.239212945104,0.239831760526,0
2026-04-03 03:00:00+00:00,0.240048766136,0.241122320294,0.2399315238,0.241098403931,0
2026-04-03 04:00:00+00:00,0.241097092628,0.242920607328,0.241097092628,0.242920607328,0
2026-04-03 05:00:00+00:00,0.242902591825,0.244614258409,0.242209523916,0.244400888681,0
2026-04-03 06:00:00+00:00,0.244373902678,0.244565442204,0.243561118841,0.244306951761,0
2026-04-03 07:00:00+00:00,0.244303718209,0.244487076998,0.243679001927,0.243683457375,0
2026-04-03 08:00:00+00:00,0.243667200208,0.244725555182,0.243276655674,0.244477584958,0
2026-04-03 09:00:00+00:00,0.244404256344,0.245060786605,0.243818640709,0.244834080338,0
2026-04-03 10:00:00+00:00,0.244972974062,0.245634749532,0.244492992759,0.244956091046,0
2026-04-03 11:00:00+00:00,0.244984000921,0.245899051428,0.244879007339,0.245660766959,0
2026-04-03 12:00:00+00:00,0.245654210448,0.246846735477,0.245420977473,0.245664164424,5681152
2026-04-03 13:00:00+00:00,0.245648562908,0.245648562908,0.245036959648,0.245627656579,0
2026-04-03 14:00:00+00:00,0.245661497116,0.247931286693,0.24553874135,0.247887685895,0
2026-04-03 15:00:00+00:00,0.247849002481,0.250238806009,0.246332228184,0.246332228184,26624256
2026-04-03 16:00:00+00:00,0.246338427067,0.248130068183,0.246193885803,0.248122170568,0
2026-04-03 17:00:00+00:00,0.248125597835,0.24961297214,0.248125597835,0.248759075999,0
2026-04-03 18:00:00+00:00,0.248799875379,0.249221503735,0.24764610827,0.24764610827,0
2026-04-03 19:00:00+00:00,0.247565194964,0.247664704919,0.246162623167,0.247550502419,5183232
2026-04-03 20:00:00+00:00,0.247551932931,0.248142316937,0.247197151184,0.247369766235,0
2026-04-03 21:00:00+00:00,0.247350111604,0.24841786921,0.247332364321,0.248300373554,393504
2026-04-03 22:00:00+00:00,0.248299852014,0.248299852014,0.246476382017,0.246568247676,1775872
2026-04-03 23:00:00+00:00,0.246561050415,0.246561050415,0.245296180248,0.246169120073,0
2026-04-04 00:00:00+00:00,0.246165424585,0.246370732784,0.24543787539,0.24543787539,575200
2026-04-04 01:00:00+00:00,0.245443761349,0.245443761349,0.244645655155,0.244838729501,0
2026-04-04 02:00:00+00:00,0.244879648089,0.245162919164,0.244712248445,0.2449105829,0
2026-04-04 03:00:00+00:00,0.244936153293,0.246637970209,0.244936153293,0.246637970209,0
2026-04-04 04:00:00+00:00,0.246646687388,0.246854916215,0.245515242219,0.245790421963,7889760
2026-04-04 05:00:00+00:00,0.245788156986,0.245788156986,0.244564384222,0.244564384222,0
2026-04-04 06:00:00+00:00,0.244564041495,0.246130108833,0.24426086247,0.246130108833,0
2026-04-04 07:00:00+00:00,0.246131077409,0.246164619923,0.245155185461,0.245232313871,0
2026-04-04 08:00:00+00:00,0.245223075151,0.24566963315,0.243965446949,0.243969455361,0
2026-04-04 09:00:00+00:00,0.243960008025,0.244137451053,0.243593037128,0.243687704206,0
2026-04-04 10:00:00+00:00,0.243672937155,0.244552001357,0.243452221155,0.244552001357,0
2026-04-04 11:00:00+00:00,0.244556739926,0.245031639934,0.244473919272,0.24483256042,0
2026-04-04 12:00:00+00:00,0.24483114481,0.244908377528,0.244222909212,0.244331613183,0
2026-04-04 13:00:00+00:00,0.244329810143,0.244329810143,0.243848145008,0.244076967239,0
2026-04-04 14:00:00+00:00,0.244072899222,0.244895234704,0.243965104222,0.244715631008,0
2026-04-04 15:00:00+00:00,0.244724050164,0.246572300792,0.244724050164,0.245080828667,0
2026-04-04 16:00:00+00:00,0.245093226433,0.246589392424,0.245093226433,0.245969176292,0
2026-04-04 17:00:00+00:00,0.245890006423,0.247589528561,0.245470955968,0.247343748808,0
2026-04-04 18:00:00+00:00,0.247365027666,0.247640118003,0.246986925602,0.247080743313,0
2026-04-04 19:00:00+00:00,0.247074827552,0.249116271734,0.247024938464,0.248030483723,2797632
2026-04-04 20:00:00+00:00,0.248005330563,0.248392790556,0.247599557042,0.247599557042,203648
2026-04-04 21:00:00+00:00,0.247597679496,0.248069167137,0.247230216861,0.247327908874,0
2026-04-04 22:00:00+00:00,0.2473590523,0.248007342219,0.246968790889,0.247946977615,6368224
2026-04-04 23:00:00+00:00,0.247942343354,0.247978121042,0.247626915574,0.247949153185,0
2026-04-05 00:00:00+00:00,0.247908338904,0.248349919915,0.2477530092,0.24820394814,0
2026-04-05 01:00:00+00:00,0.248207181692,0.248207181692,0.246894747019,0.247158125043,5034992
2026-04-05 02:00:00+00:00,0.24715565145,0.247854560614,0.246931433678,0.247151330113,2512112
2026-04-05 03:00:00+00:00,0.247145697474,0.247224316001,0.246817395091,0.246817395091,0
2026-04-05 04:00:00+00:00,0.246808364987,0.246808364987,0.246130153537,0.246155202389,0
2026-04-05 05:00:00+00:00,0.246146589518,0.246146589518,0.24405477941,0.244055882096,726560
2026-04-05 06:00:00+00:00,0.243978902698,0.244008049369,0.242350652814,0.243124574423,6161872
2026-04-05 07:00:00+00:00,0.243121042848,0.243121042848,0.241652235389,0.241922870278,1775824
2026-04-05 08:00:00+00:00,0.241920277476,0.2425147295,0.241868853569,0.24232545495,0
2026-04-05 09:00:00+00:00,0.242322683334,0.242512062192,0.24213732779,0.242366358638,0
2026-04-05 10:00:00+00:00,0.242371141911,0.242727965117,0.241264075041,0.241264075041,1971216
2026-04-05 11:00:00+00:00,0.241219863296,0.242403030396,0.240994155407,0.242373436689,10905056
2026-04-05 12:00:00+00:00,0.242377504706,0.242383658886,0.240827560425,0.241259410977,7205520
2026-04-05 13:00:00+00:00,0.241243287921,0.241746529937,0.24095647037,0.241666913033,1871136
2026-04-05 14:00:00+00:00,0.241665109992,0.242406800389,0.241665109992,0.24220995605,541824
2026-04-05 15:00:00+00:00,0.242188990116,0.244321212173,0.241635605693,0.243652835488,6152800
2026-04-05 16:00:00+00:00,0.243644192815,0.243644192815,0.243180036545,0.243247464299,558112
2026-04-05 17:00:00+00:00,0.243244245648,0.243761345744,0.242993727326,0.243761345744,0
2026-04-05 18:00:00+00:00,0.243768155575,0.243824318051,0.242987006903,0.243657141924,0
2026-04-05 19:00:00+00:00,0.243661984801,0.244107350707,0.242992907763,0.243390068412,0
2026-04-05 20:00:00+00:00,0.243413463235,0.244208469987,0.243334576488,0.244077846408,102656
2026-04-05 21:00:00+00:00,0.244095802307,0.244751363993,0.242235600948,0.244696497917,4218016
2026-04-05 22:00:00+00:00,0.244720071554,0.246005952358,0.243233680725,0.246005952358,9530448
2026-04-05 23:00:00+00:00,0.246001303196,0.250567346811,0.245949730277,0.250428795815,25606448
2026-04-06 00:00:00+00:00,0.250436335802,0.255428850651,0.250436335802,0.254271775484,52380320
2026-04-06 01:00:00+00:00,0.254378020763,0.254596531391,0.253406256437,0.254445195198,16227776
2026-04-06 02:00:00+00:00,0.254443079233,0.257891446352,0.254443079233,0.257040351629,31525504
2026-04-06 03:00:00+00:00,0.257028996944,0.257426679134,0.256581455469,0.256805032492,19979104
2026-04-06 04:00:00+00:00,0.256808996201,0.257988959551,0.256712704897,0.257456541061,14138304
2026-04-06 05:00:00+00:00,0.257438004017,0.257552027702,0.256810665131,0.256995230913,10792640
2026-04-06 06:00:00+00:00,0.256986916065,0.257854014635,0.256115406752,0.256382107735,12829888
2026-04-06 07:00:00+00:00,0.25636523962,0.25636523962,0.254522949457,0.255211114883,11873952
2026-04-06 08:00:00+00:00,0.255207180977,0.25604903698,0.25519117713,0.25519117713,9857408
2026-04-06 09:00:00+00:00,0.25516217947,0.257924586535,0.255040585995,0.257434934378,18933728
2026-04-06 10:00:00+00:00,0.257463663816,0.259530991316,0.256675720215,0.256675720215,29958144
2026-04-06 11:00:00+00:00,0.25669670105,0.256699979305,0.255620419979,0.255620419979,0
2026-04-06 12:00:00+00:00,0.255613267422,0.256052017212,0.254721313715,0.254721313715,488896
2026-04-06 13:00:00+00:00,0.254720002413,0.255348801613,0.254636317492,0.255016177893,3554080
2026-04-06 14:00:00+00:00,0.255010336637,0.256186306477,0.254023343325,0.254680365324,12560800
2026-04-06 15:00:00+00:00,0.254666447639,0.254828959703,0.254143923521,0.254362642765,0
2026-04-06 16:00:00+00:00,0.25435128808,0.254378497601,0.25281766057,0.25281766057,7355328
2026-04-06 17:00:00+00:00,0.252862900496,0.252862900496,0.251572817564,0.252117931843,9082944
2026-04-06 18:00:00+00:00,0.252117037773,0.253129601479,0.252117037773,0.253017544746,2878592
2026-04-06 19:00:00+00:00,0.253020405769,0.253020405769,0.251733630896,0.251885533333,0
2026-04-06 20:00:00+00:00,0.251939564943,0.252721488476,0.251939564943,0.252383768559,341312
2026-04-06 21:00:00+00:00,0.252386838198,0.252386838198,0.250920712948,0.250922560692,0
2026-04-06 22:00:00+00:00,0.250923007727,0.250934839249,0.248759582639,0.248759582639,0
2026-04-06 23:00:00+00:00,0.248407393694,0.248407393694,0.24532468617,0.246087506413,0
2026-04-07 00:00:00+00:00,0.246065497398,0.246065497398,0.244955763221,0.245828747749,0
2026-04-07 01:00:00+00:00,0.245503127575,0.245757520199,0.244393095374,0.244393095374,0
2026-04-07 02:00:00+00:00,0.244400799274,0.24547855556,0.244051426649,0.244712099433,0
2026-04-07 03:00:00+00:00,0.244709074497,0.245242834091,0.244709074497,0.245183825493,0
2026-04-07 04:00:00+00:00,0.245176166296,0.245636790991,0.244703292847,0.24557441473,0
2026-04-07 05:00:00+00:00,0.245494097471,0.245494097471,0.243724450469,0.243724450469,0
2026-04-07 06:00:00+00:00,0.243734896183,0.243795007467,0.242590114474,0.243754416704,0
2026-04-07 07:00:00+00:00,0.243755117059,0.243923529983,0.243350818753,0.243676200509,0
2026-04-07 08:00:00+00:00,0.243657752872,0.244410902262,0.243340164423,0.244410902262,2639136
2026-04-07 09:00:00+00:00,0.244398221374,0.245186150074,0.24433426559,0.244549259543,0
2026-04-07 10:00:00+00:00,0.244555860758,0.244658693671,0.24227142334,0.242330655456,0
2026-04-07 11:00:00+00:00,0.242290019989,0.242581963539,0.24167971313,0.242190912366,4663904
2026-04-07 12:00:00+00:00,0.242175191641,0.242362946272,0.240341603756,0.242351412773,13568032
2026-04-07 13:00:00+00:00,0.242330312729,0.243369072676,0.24230197072,0.242418915033,5814720
2026-04-07 14:00:00+00:00,0.242404043674,0.242404043674,0.241134479642,0.241744503379,0
2026-04-07 15:00:00+00:00,0.241691321135,0.243043079972,0.241258829832,0.242251947522,1257248
2026-04-07 16:00:00+00:00,0.242257535458,0.242996454239,0.242158293724,0.242158293724,0
2026-04-07 17:00:00+00:00,0.242161408067,0.243576973677,0.241948470473,0.243462979794,0
2026-04-07 18:00:00+00:00,0.243480756879,0.243784084916,0.24272158742,0.242764249444,40256
2026-04-07 19:00:00+00:00,0.242768123746,0.24654892087,0.242737010121,0.246539071202,13898048
2026-04-07 20:00:00+00:00,0.246567130089,0.247636824846,0.246124625206,0.246125131845,16611552
2026-04-07 21:00:00+00:00,0.246132835746,0.253287345171,0.246132835746,0.253256976604,34418304
2026-04-07 22:00:00+00:00,0.253259450197,0.260510325432,0.253259450197,0.260510325432,73030528
2026-04-07 23:00:00+00:00,0.260956525803,0.265560656786,0.260956525803,0.263783961535,62323584
2026-04-08 00:00:00+00:00,0.263710856438,0.264024198055,0.260200560093,0.260306984186,26920768
2026-04-08 01:00:00+00:00,0.26029586792,0.261985629797,0.260089874268,0.261858582497,10150528
2026-04-08 02:00:00+00:00,0.261891841888,0.263914018869,0.260942041874,0.261139035225,9019520
2026-04-08 03:00:00+00:00,0.261146575212,0.261333137751,0.260550260544,0.260673075914,41617664
2026-04-08 04:00:00+00:00,0.260675638914,0.262762129307,0.260675638914,0.262712806463,13428352
2026-04-08 05:00:00+00:00,0.262698113918,0.262698113918,0.262014687061,0.262462794781,4843392
2026-04-08 06:00:00+00:00,0.262466609478,0.263213276863,0.261750161648,0.261750161648,0
2026-04-08 07:00:00+00:00,0.261713325977,0.261713325977,0.260506927967,0.261030584574,458240
2026-04-08 08:00:00+00:00,0.261035561562,0.261249214411,0.260136574507,0.260514885187,1406848
2026-04-08 09:00:00+00:00,0.26053917408,0.260782897472,0.259032845497,0.259047597647,0
2026-04-08 10:00:00+00:00,0.259069412947,0.259732395411,0.259024292231,0.259122639894,0
2026-04-08 11:00:00+00:00,0.259118229151,0.259118229151,0.256579905748,0.257919698954,1449664
2026-04-08 12:00:00+00:00,0.257923960686,0.257923960686,0.25664293766,0.257449895144,0
2026-04-08 13:00:00+00:00,0.257485359907,0.259374409914,0.257376074791,0.257774293423,10944064
2026-04-08 14:00:00+00:00,0.25779145956,0.25779145956,0.252534747124,0.252553999424,14849664
2026-04-08 15:00:00+00:00,0.2525562644,0.25459831953,0.252457737923,0.254399657249,5209472
2026-04-08 16:00:00+00:00,0.254386991262,0.254386991262,0.253841340542,0.254349708557,1086976
2026-04-08 17:00:00+00:00,0.254344820976,0.255968183279,0.254329800606,0.25563955307,5911168
2026-04-08 18:00:00+00:00,0.255660533905,0.255660533905,0.25303080678,0.253047883511,1107584
2026-04-08 19:00:00+00:00,0.253021508455,0.253118306398,0.252220153809,0.252570569515,0
2026-04-08 20:00:00+00:00,0.252594321966,0.253031075001,0.251803040504,0.252237349749,0
2026-04-08 21:00:00+00:00,0.252268642187,0.254317194223,0.252268642187,0.25414571166,0
2026-04-08 22:00:00+00:00,0.254154235125,0.254154235125,0.252159029245,0.252251088619,0
2026-04-08 23:00:00+00:00,0.252229809761,0.252229809761,0.250326544046,0.250710934401,0
2026-04-09 00:00:00+00:00,0.250709325075,0.250709325075,0.24925249815,0.249911144376,0
2026-04-09 01:00:00+00:00,0.249905124307,0.249905124307,0.248079568148,0.249213531613,0
2026-04-09 02:00:00+00:00,0.249217003584,0.250012010336,0.249168917537,0.249610617757,0
2026-04-09 03:00:00+00:00,0.249601691961,0.249601691961,0.249190241098,0.249283760786,0
2026-04-09 04:00:00+00:00,0.249281093478,0.249281093478,0.248625874519,0.248878344893,0
2026-04-09 05:00:00+00:00,0.248817145824,0.249813199043,0.2487167418,0.249373406172,0
2026-04-09 06:00:00+00:00,0.249393433332,0.250088959932,0.249393433332,0.250081539154,0
2026-04-09 07:00:00+00:00,0.250109881163,0.251434922218,0.250109881163,0.250833570957,16832
2026-04-09 08:00:00+00:00,0.250811547041,0.251031458378,0.249868944287,0.250703275204,0
2026-04-09 09:00:00+00:00,0.250681698322,0.251829057932,0.249695539474,0.251792758703,0
2026-04-09 10:00:00+00:00,0.251775383949,0.251776903868,0.251007586718,0.251007586718,0
2026-04-09 11:00:00+00:00,0.251005321741,0.251080751419,0.250600904226,0.250683099031,0
2026-04-09 12:00:00+00:00,0.250688165426,0.251013547182,0.250245571136,0.250821143389,0
2026-04-09 13:00:00+00:00,0.250830471516,0.251125812531,0.249956667423,0.250111341476,0
2026-04-09 14:00:00+00:00,0.250149607658,0.250937104225,0.249235719442,0.250604629517,0
2026-04-09 15:00:00+00:00,0.250592172146,0.25521889329,0.24989156425,0.255045354366,11644256
2026-04-09 16:00:00+00:00,0.255007505417,0.255970686674,0.253605037928,0.25464963913,8437760
2026-04-09 17:00:00+00:00,0.254688203335,0.256629168987,0.254688203335,0.256367325783,1571392
2026-04-09 18:00:00+00:00,0.256355375051,0.256363898516,0.254249989986,0.254376530647,0
2026-04-09 19:00:00+00:00,0.254370719194,0.255891084671,0.254267752171,0.255742639303,0
2026-04-09 20:00:00+00:00,0.255775630474,0.256904125214,0.255748122931,0.256552398205,33024
2026-04-09 21:00:00+00:00,0.256559491158,0.25705960393,0.256182819605,0.256449073553,2287104
2026-04-09 22:00:00+00:00,0.256427645683,0.259284108877,0.256292819977,0.256536751986,8289120
2026-04-09 23:00:00+00:00,0.256521254778,0.256521254778,0.253803431988,0.253821909428,2368
2026-04-10 00:00:00+00:00,0.253858238459,0.254131734371,0.252999573946,0.253293126822,0
2026-04-10 01:00:00+00:00,0.253239512444,0.254342526197,0.25252789259,0.253385126591,0
2026-04-10 02:00:00+00:00,0.253377467394,0.253377467394,0.25205847621,0.25205847621,1778208
2026-04-10 03:00:00+00:00,0.25207182765,0.252675443888,0.251720994711,0.251898229122,1600448
2026-04-10 04:00:00+00:00,0.251896888018,0.252772450447,0.251816213131,0.252696186304,3681824
2026-04-10 05:00:00+00:00,0.252711564302,0.253691077232,0.252318024635,0.252915292978,7148832
2026-04-10 06:00:00+00:00,0.252917259932,0.252917259932,0.251021027565,0.25102224946,6832320
2026-04-10 07:00:00+00:00,0.251038610935,0.251133054495,0.250428318977,0.250446408987,0
2026-04-10 08:00:00+00:00,0.250493735075,0.250902235508,0.250088244677,0.25015231967,52576
2026-04-10 09:00:00+00:00,0.250149011612,0.251460105181,0.250149011612,0.251157850027,1962688
2026-04-10 10:00:00+00:00,0.251157462597,0.251157462597,0.250136971474,0.250240623951,3105824
2026-04-10 11:00:00+00:00,0.25023034215,0.251650363207,0.2501758039,0.251217931509,4223808
2026-04-10 12:00:00+00:00,0.251236736774,0.252966344357,0.251236736774,0.252511978149,14642208
2026-04-10 13:00:00+00:00,0.252533465624,0.253078818321,0.251299798489,0.252368539572,6399584
2026-04-10 14:00:00+00:00,0.252369105816,0.255477368832,0.252157390118,0.255255311728,19261120
2026-04-10 15:00:00+00:00,0.255228608847,0.256152868271,0.253838717937,0.25384041667,0
2026-04-10 16:00:00+00:00,0.253837555647,0.255617260933,0.253837555647,0.255028009415,0
2026-04-10 17:00:00+00:00,0.255030810833,0.255089908838,0.253864198923,0.254567444324,0
2026-04-10 18:00:00+00:00,0.254561215639,0.255784034729,0.254496902227,0.255782783031,2672864
2026-04-10 19:00:00+00:00,0.255797624588,0.257732331753,0.255797624588,0.257631808519,9959744
2026-04-10 20:00:00+00:00,0.257760584354,0.25852933526,0.256646215916,0.257460147142,9852832
2026-04-10 21:00:00+00:00,0.257352948189,0.257352948189,0.255400925875,0.255871832371,127936
2026-04-10 22:00:00+00:00,0.255849868059,0.256024420261,0.254388421774,0.254395216703,0
2026-04-10 23:00:00+00:00,0.254397541285,0.254550486803,0.254086464643,0.25426030159,0
2026-04-11 00:00:00+00:00,0.254260212183,0.254260212183,0.253667712212,0.253774136305,0
2026-04-11 01:00:00+00:00,0.253759086132,0.253767192364,0.252576738596,0.25373390317,0
2026-04-11 02:00:00+00:00,0.253698855639,0.253887265921,0.253245323896,0.253289401531,0
2026-04-11 03:00:00+00:00,0.253286093473,0.254930943251,0.253286093473,0.25331106782,8319136
2026-04-11 04:00:00+00:00,0.253333210945,0.254053086042,0.252901256084,0.252933174372,1915488
2026-04-11 05:00:00+00:00,0.252935677767,0.252936720848,0.251773387194,0.251773387194,583424
2026-04-11 06:00:00+00:00,0.251771092415,0.251771092415,0.250362962484,0.250763148069,3610400
2026-04-11 07:00:00+00:00,0.250771909952,0.250771909952,0.250532448292,0.250693321228,0
2026-04-11 08:00:00+00:00,0.250703662634,0.250703662634,0.250403046608,0.250415623188,0
2026-04-11 09:00:00+00:00,0.250412225723,0.250696599483,0.249721601605,0.250422954559,11286080
2026-04-11 10:00:00+00:00,0.250439971685,0.250611960888,0.249860420823,0.249894976616,0
2026-04-11 11:00:00+00:00,0.249901384115,0.250004708767,0.249667838216,0.2499846071,0
2026-04-11 12:00:00+00:00,0.249979630113,0.250350177288,0.249909698963,0.250274807215,0
2026-04-11 13:00:00+00:00,0.250273138285,0.250273138285,0.248601093888,0.249070480466,7381696
2026-04-11 14:00:00+00:00,0.249058797956,0.249143481255,0.247385442257,0.247455969453,0
2026-04-11 15:00:00+00:00,0.247467666864,0.248233288527,0.247467666864,0.248227164149,0
2026-04-11 16:00:00+00:00,0.248228564858,0.250504046679,0.24821446836,0.250504046679,5917376
2026-04-11 17:00:00+00:00,0.250486910343,0.250486910343,0.248982965946,0.249451413751,6288768
2026-04-11 18:00:00+00:00,0.249433517456,0.252833873034,0.248818725348,0.252375602722,18972160
2026-04-11 19:00:00+00:00,0.252423852682,0.255051970482,0.252423852682,0.25400391221,8448128
2026-04-11 20:00:00+00:00,0.254141062498,0.254484981298,0.251424908638,0.252404689789,6140896
2026-04-11 21:00:00+00:00,0.252397805452,0.253054618835,0.251617014408,0.252616643906,1968992
2026-04-11 22:00:00+00:00,0.252581328154,0.253097504377,0.250884354115,0.250992029905,6284992
2026-04-11 23:00:00+00:00,0.251008331776,0.251008331776,0.249124795198,0.249661982059,7661664
2026-04-12 00:00:00+00:00,0.249659761786,0.249837428331,0.249030992389,0.249837428331,706656
2026-04-12 01:00:00+00:00,0.249870404601,0.250402063131,0.243947342038,0.243973195553,39335104
2026-04-12 02:00:00+00:00,0.244012966752,0.244873329997,0.24375423789,0.244552239776,19535968
2026-04-12 03:00:00+00:00,0.244548842311,0.244641676545,0.244135275483,0.244332402945,0
2026-04-12 04:00:00+00:00,0.244324713945,0.244324713945,0.243517816067,0.243659555912,0
2026-04-12 05:00:00+00:00,0.243664562702,0.243681132793,0.242800310254,0.243224129081,7165120
2026-04-12 06:00:00+00:00,0.243231773376,0.243366122246,0.242377132177,0.242377132177,0
2026-04-12 07:00:00+00:00,0.242372110486,0.242372110486,0.241805508733,0.242039784789,12992512
2026-04-12 08:00:00+00:00,0.241991579533,0.241991579533,0.240838825703,0.240880250931,18502592
2026-04-12 09:00:00+00:00,0.240895017982,0.240973517299,0.239602833986,0.239842250943,16143104
2026-04-12 10:00:00+00:00,0.239868760109,0.240415975451,0.239854156971,0.239868313074,10002816
2026-04-12 11:00:00+00:00,0.239879116416,0.240750700235,0.239715665579,0.240750700235,1917888
2026-04-12 12:00:00+00:00,0.240756332874,0.240980997682,0.239996701479,0.239996701479,6645760
2026-04-12 13:00:00+00:00,0.239993721247,0.240043669939,0.238223478198,0.238223478198,2202432
2026-04-12 14:00:00+00:00,0.238228067756,0.239139512181,0.238162443042,0.238844811916,0
2026-04-12 15:00:00+00:00,0.238822206855,0.238822206855,0.238161504269,0.238634362817,3757056
2026-04-12 16:00:00+00:00,0.238605454564,0.238697513938,0.238090902567,0.238534897566,0
2026-04-12 17:00:00+00:00,0.238572046161,0.239841416478,0.238572046161,0.239799976349,0
2026-04-12 18:00:00+00:00,0.239790096879,0.239827215672,0.238758325577,0.238766431808,0
2026-04-12 19:00:00+00:00,0.238768100739,0.238998919725,0.23807105422,0.238109499216,0
2026-04-12 20:00:00+00:00,0.238114237785,0.239362105727,0.238006532192,0.2391628474,0
2026-04-12 21:00:00+00:00,0.239168733358,0.239654392004,0.239168733358,0.23941129446,0
2026-04-12 22:00:00+00:00,0.239433258772,0.239433258772,0.237101182342,0.237753361464,16440896
2026-04-12 23:00:00+00:00,0.23777268827,0.23777268827,0.235770225525,0.23627178371,8292672
2026-04-13 00:00:00+00:00,0.236274540424,0.238134682178,0.236161887646,0.238134682178,8764032
2026-04-13 01:00:00+00:00,0.238144248724,0.238531053066,0.238123953342,0.238481506705,0
2026-04-13 02:00:00+00:00,0.238492503762,0.238578692079,0.237007603049,0.237007603049,0
2026-04-13 03:00:00+00:00,0.23700389266,0.238265573978,0.236907035112,0.238265573978,0
2026-04-13 04:00:00+00:00,0.238282948732,0.238981232047,0.237814188004,0.238001897931,0
2026-04-13 05:00:00+00:00,0.237955123186,0.238071680069,0.237463518977,0.238046467304,0
2026-04-13 06:00:00+00:00,0.238055184484,0.239502310753,0.238055184484,0.239358276129,0
2026-04-13 07:00:00+00:00,0.239341765642,0.239341765642,0.237976953387,0.2383094877,0
2026-04-13 08:00:00+00:00,0.238299384713,0.238340705633,0.23769724369,0.238053813577,0
2026-04-13 09:00:00+00:00,0.238150492311,0.23928925395,0.238147780299,0.238507881761,0
2026-04-13 10:00:00+00:00,0.238506361842,0.238544821739,0.23787599802,0.23787599802,0
2026-04-13 11:00:00+00:00,0.237843722105,0.238461509347,0.237843722105,0.238349825144,0
2026-04-13 12:00:00+00:00,0.23830999434,0.241315349936,0.238203540444,0.241094589233,2354976
2026-04-13 13:00:00+00:00,0.241103097796,0.242093488574,0.23963072896,0.242093488574,0
2026-04-13 14:00:00+00:00,0.242121785879,0.242517441511,0.241082847118,0.242322161794,6154432
2026-04-13 15:00:00+00:00,0.242361009121,0.242716416717,0.239304661751,0.239557132125,7182912
2026-04-13 16:00:00+00:00,0.23953537643,0.240318745375,0.238813221455,0.239539772272,7683776
2026-04-13 17:00:00+00:00,0.23955488205,0.240276485682,0.238670423627,0.238670423627,0
2026-04-13 18:00:00+00:00,0.238677963614,0.23874104023,0.237896740437,0.238658562303,6305536
2026-04-13 19:00:00+00:00,0.238679632545,0.241591915488,0.238679632545,0.241591915488,15664608
2026-04-13 20:00:00+00:00,0.241565585136,0.241565585136,0.239590927958,0.239595741034,4930496
2026-04-13 21:00:00+00:00,0.239604920149,0.240652769804,0.239347621799,0.240514323115,4866176
2026-04-13 22:00:00+00:00,0.24047781527,0.247653156519,0.240393176675,0.247653156519,36273760
2026-04-13 23:00:00+00:00,0.247617930174,0.248636752367,0.246829509735,0.248591586947,17088992
2026-04-14 00:00:00+00:00,0.248602002859,0.248788535595,0.245234161615,0.245234161615,11398976
2026-04-14 01:00:00+00:00,0.245209604502,0.245799556375,0.244545578957,0.245479643345,8635392
2026-04-14 02:00:00+00:00,0.245481327176,0.246063634753,0.24457629025,0.244584590197,0
2026-04-14 03:00:00+00:00,0.2445833534,0.245261415839,0.244514793158,0.244723573327,0
2026-04-14 04:00:00+00:00,0.244725704193,0.245361149311,0.244430139661,0.244430139661,1996224
2026-04-14 05:00:00+00:00,0.244436994195,0.244436994195,0.241707205772,0.241707205772,9349568
2026-04-14 06:00:00+00:00,0.24172013998,0.243602275848,0.24172013998,0.243602275848,1862016
2026-04-14 07:00:00+00:00,0.243598774076,0.244938015938,0.243363723159,0.243399262428,6280320
2026-04-14 08:00:00+00:00,0.243404552341,0.244752466679,0.242755293846,0.244571506977,13164224
2026-04-14 09:00:00+00:00,0.244565606117,0.244728758931,0.243483275175,0.24447670579,3698624
2026-04-14 10:00:00+00:00,0.244476959109,0.244789466262,0.243905171752,0.244018688798,5212544
2026-04-14 11:00:00+00:00,0.24400819838,0.244224846363,0.243245095015,0.243491128087,2754304
2026-04-14 12:00:00+00:00,0.243463620543,0.243776008487,0.243115410209,0.243477135897,0
2026-04-14 13:00:00+00:00,0.243485972285,0.247814550996,0.243485972285,0.247814550996,6882752
2026-04-14 14:00:00+00:00,0.247891783714,0.248599246144,0.245717510581,0.246115133166,18360448
2026-04-14 15:00:00+00:00,0.246018394828,0.246018394828,0.244022399187,0.245051920414,0
2026-04-14 16:00:00+00:00,0.244983300567,0.245878443122,0.243890628219,0.243910610676,0
2026-04-14 17:00:00+00:00,0.243893757463,0.245290845633,0.243078827858,0.243869826198,0
2026-04-14 18:00:00+00:00,0.243872150779,0.244597092271,0.240455597639,0.240455597639,3867584
2026-04-14 19:00:00+00:00,0.240487888455,0.241240605712,0.239866480231,0.240442499518,0
2026-04-14 20:00:00+00:00,0.24045856297,0.240785449743,0.24030508101,0.240346670151,0
2026-04-14 21:00:00+00:00,0.240357905626,0.241500005126,0.240357905626,0.240999996662,0
2026-04-14 22:00:00+00:00,0.240700006485,0.241400003433,0.23939999938,0.239899992943,0
2026-04-14 23:00:00+00:00,0.239899992943,0.240199998021,0.238800004125,0.239700004458,0
2026-04-15 00:00:00+00:00,0.239700004458,0.240899994969,0.239700004458,0.240500003099,0
2026-04-15 01:00:00+00:00,0.240400001407,0.241200000048,0.240099996328,0.240899994969,0
2026-04-15 02:00:00+00:00,0.240899994969,0.241400003433,0.239199995995,0.239700004458,0
2026-04-15 03:00:00+00:00,0.239800006151,0.240199998021,0.239099994302,0.239899992943,0
2026-04-15 04:00:00+00:00,0.239800006151,0.241099998355,0.239700004458,0.240999996662,125824
2026-04-15 05:00:00+00:00,0.241400003433,0.241999998689,0.239500001073,0.240099996328,0
2026-04-15 06:00:00+00:00,0.240099996328,0.240099996328,0.238499999046,0.238800004125,0
2026-04-15 07:00:00+00:00,0.238900005817,0.239800006151,0.238299995661,0.238499999046,4050016
2026-04-15 08:00:00+00:00,0.238399997354,0.240700006485,0.238399997354,0.240099996328,0
2026-04-15 09:00:00+00:00,0.240299999714,0.240400001407,0.239600002766,0.239999994636,0
2026-04-15 10:00:00+00:00,0.239999994636,0.241099998355,0.238999992609,0.239800006151,353792
2026-04-15 11:00:00+00:00,0.239999994636,0.24240000546,0.239999994636,0.24169999361,1790784
2026-04-15 12:00:00+00:00,0.24169999361,0.242599993944,0.241099998355,0.241999998689,543264
2026-04-15 13:00:00+00:00,0.242100000381,0.24279999733,0.240500003099,0.241200000048,0
2026-04-15 14:00:00+00:00,0.241099998355,0.243900001049,0.240199998021,0.243499994278,0
2026-04-15 15:00:00+00:00,0.243699997663,0.244000002742,0.241500005126,0.242699995637,0
2026-04-15 16:00:00+00:00,0.242699995637,0.246099993587,0.242500007153,0.245199993253,10516768
2026-04-15 17:00:00+00:00,0.245499998331,0.246700003743,0.24469999969,0.245499998331,9536416
2026-04-15 18:00:00+00:00,0.245399996638,0.24660000205,0.245000004768,0.246299996972,0
2026-04-15 19:00:00+00:00,0.246099993587,0.250499993563,0.246099993587,0.248999997973,21566336
2026-04-15 20:00:00+00:00,0.249099999666,0.249099999666,0.247199997306,0.247600004077,10900384
2026-04-15 21:00:00+00:00,0.247600004077,0.248600006104,0.246700003743,0.248300001025,4790912
2026-04-15 22:00:00+00:00,0.248300001025,0.249899998307,0.247299998999,0.247299998999,4726432
2026-04-15 23:00:00+00:00,0.247099995613,0.247199997306,0.245100006461,0.245800003409,5033248
2026-04-16 00:00:00+00:00,0.246099993587,0.24660000205,0.244800001383,0.245700001717,0
2026-04-16 01:00:00+00:00,0.245399996638,0.246099993587,0.243900001049,0.245600000024,0
2026-04-16 02:00:00+00:00,0.245800003409,0.249300003052,0.245700001717,0.248600006104,13011040
2026-04-16 03:00:00+00:00,0.248199999332,0.25,0.247999995947,0.249400004745,14055328
2026-04-16 04:00:00+00:00,0.249200001359,0.251199990511,0.248899996281,0.250099986792,20862624
2026-04-16 05:00:00+00:00,0.25,0.250400006771,0.249099999666,0.25,4115936
2026-04-16 06:00:00+00:00,0.250200003386,0.250699996948,0.248600006104,0.250499993563,3857920
2026-04-16 07:00:00+00:00,0.250600010157,0.251700013876,0.249400004745,0.250099986792,6739360
2026-04-16 08:00:00+00:00,0.250499993563,0.250499993563,0.248500004411,0.248600006104,10103968
2026-04-16 09:00:00+00:00,0.248400002718,0.250699996948,0.248199999332,0.248799994588,9019968
2026-04-16 10:00:00+00:00,0.248699992895,0.249099999666,0.247199997306,0.247999995947,5985600
2026-04-16 11:00:00+00:00,0.247899994254,0.248999997973,0.24699999392,0.248400002718,2311296
2026-04-16 12:00:00+00:00,0.248400002718,0.250699996948,0.248400002718,0.250600010157,7911616
2026-04-16 13:00:00+00:00,0.250400006771,0.254500001669,0.247299998999,0.249300003052,34818880
2026-04-16 14:00:00+00:00,0.249099999666,0.249500006437,0.245299994946,0.247999995947,22975424
2026-04-16 15:00:00+00:00,0.247899994254,0.253600001335,0.24770000577,0.253300011158,22747328
2026-04-16 16:00:00+00:00,0.25339999795,0.255299985409,0.250699996948,0.251700013876,14200384
2026-04-16 17:00:00+00:00,0.251700013876,0.253600001335,0.250800013542,0.253300011158,0
2026-04-16 18:00:00+00:00,0.253199994564,0.259999990463,0.253199994564,0.259000003338,49971008
2026-04-16 19:00:00+00:00,0.259299993515,0.260699987411,0.258100003004,0.260399997234,6722560
2026-04-16 20:00:00+00:00,0.260399997234,0.261200010777,0.256700009108,0.257899999619,9623936
2026-04-16 21:00:00+00:00,0.258100003004,0.259499996901,0.256999999285,0.258399993181,11175424
2026-04-16 22:00:00+00:00,0.258599996567,0.259799987078,0.258100003004,0.258500009775,1123904
2026-04-16 23:00:00+00:00,0.25830000639,0.260399997234,0.258199989796,0.259299993515,228416
2026-04-17 00:00:00+00:00,0.259200006723,0.259799987078,0.257899999619,0.258199989796,2916672
2026-04-17 01:00:00+00:00,0.258199989796,0.259099990129,0.255299985409,0.256099998951,15078272
2026-04-17 02:00:00+00:00,0.256000012159,0.256399989128,0.254099994898,0.255199998617,0
2026-04-17 03:00:00+00:00,0.255100011826,0.255899995565,0.254299998283,0.255100011826,0
2026-04-17 04:00:00+00:00,0.254999995232,0.255299985409,0.254000008106,0.254200011492,0
2026-04-17 05:00:00+00:00,0.254099994898,0.254200011492,0.252200007439,0.252200007439,0
2026-04-17 06:00:00+00:00,0.252099990845,0.255100011826,0.252099990845,0.255100011826,0
2026-04-17 07:00:00+00:00,0.255100011826,0.256500005722,0.254999995232,0.256300002337,0
2026-04-17 08:00:00+00:00,0.256300002337,0.25830000639,0.256000012159,0.257299989462,8021888
2026-04-17 09:00:00+00:00,0.257400006056,0.259900003672,0.256199985743,0.258500009775,15966912
2026-04-17 10:00:00+00:00,0.258399993181,0.258599996567,0.254500001669,0.255100011826,7150592
2026-04-17 11:00:00+00:00,0.255199998617,0.258399993181,0.255100011826,0.257499992847,6091328
2026-04-17 12:00:00+00:00,0.257699996233,0.260899990797,0.256900012493,0.26060000062,10056384
2026-04-17 13:00:00+00:00,0.260300010443,0.265899986029,0.259799987078,0.265399992466,38709760
2026-04-17 14:00:00+00:00,0.265300005674,0.267899990082,0.264600008726,0.266400009394,17377088
2026-04-17 15:00:00+00:00,0.266400009394,0.266400009394,0.262600004673,0.263599991798,7030208
2026-04-17 16:00:00+00:00,0.263599991798,0.266200006008,0.263599991798,0.266200006008,0
2026-04-17 17:00:00+00:00,0.266200006008,0.2662999928,0.261999994516,0.263700008392,10008064
2026-04-17 18:00:00+00:00,0.263999998569,0.264200001955,0.261000007391,0.261299997568,0
2026-04-17 19:00:00+00:00,0.261400014162,0.262800008059,0.260500013828,0.261299997568,0
2026-04-17 20:00:00+00:00,0.261299997568,0.261700004339,0.259299993515,0.260699987411,0
2026-04-17 21:00:00+00:00,0.26060000062,0.261599987745,0.259400010109,0.260500013828,0
2026-04-17 22:00:00+00:00,0.260399997234,0.26210001111,0.259999990463,0.260800004005,0
2026-04-17 23:00:00+00:00,0.260699987411,0.260699987411,0.257499992847,0.258799999952,2292224
2026-04-18 00:00:00+00:00,0.258599996567,0.259600013494,0.25720000267,0.25830000639,0
2026-04-18 01:00:00+00:00,0.258399993181,0.259600013494,0.256900012493,0.257499992847,0
2026-04-18 02:00:00+00:00,0.257499992847,0.259099990129,0.256500005722,0.258100003004,0
2026-04-18 03:00:00+00:00,0.257899999619,0.25830000639,0.256599992514,0.256999999285,0
2026-04-18 04:00:00+00:00,0.257099986076,0.257899999619,0.256099998951,0.257400006056,0
2026-04-18 05:00:00+00:00,0.257600009441,0.258599996567,0.256900012493,0.25799998641,0
2026-04-18 06:00:00+00:00,0.257899999619,0.258599996567,0.257299989462,0.257699996233,0
2026-04-18 07:00:00+00:00,0.257600009441,0.259000003338,0.257499992847,0.258700013161,0
2026-04-18 08:00:00+00:00,0.258799999952,0.258799999952,0.254000008106,0.255800008774,0
2026-04-18 09:00:00+00:00,0.255499988794,0.255600005388,0.253699988127,0.254500001669,0
2026-04-18 10:00:00+00:00,0.254299998283,0.254299998283,0.252000004053,0.25260001421,0
2026-04-18 11:00:00+00:00,0.252700001001,0.252700001001,0.249599993229,0.251199990511,4227200
2026-04-18 12:00:00+00:00,0.251100003719,0.252000004053,0.250499993563,0.251800000668,0
2026-04-18 13:00:00+00:00,0.251599997282,0.251899987459,0.249799996614,0.251300007105,0
2026-04-18 14:00:00+00:00,0.251300007105,0.252000004053,0.250499993563,0.251700013876,0
2026-04-18 15:00:00+00:00,0.251599997282,0.252200007439,0.250699996948,0.251100003719,0
2026-04-18 16:00:00+00:00,0.250800013542,0.251100003719,0.248999997973,0.249400004745,0
2026-04-18 17:00:00+00:00,0.249500006437,0.249899998307,0.24770000577,0.249699994922,0
2026-04-18 18:00:00+00:00,0.249699994922,0.249899998307,0.247500002384,0.247899994254,0
2026-04-18 19:00:00+00:00,0.247899994254,0.249099999666,0.247899994254,0.248999997973,0
2026-04-18 20:00:00+00:00,0.248799994588,0.249400004745,0.24809999764,0.249200001359,0
2026-04-18 21:00:00+00:00,0.249099999666,0.250400006771,0.249099999666,0.250200003386,0
2026-04-18 22:00:00+00:00,0.250099986792,0.250200003386,0.248999997973,0.25,0
2026-04-18 23:00:00+00:00,0.25,0.250999987125,0.249099999666,0.249099999666,0
2026-04-19 00:00:00+00:00,0.249200001359,0.249599993229,0.24809999764,0.249099999666,0
2026-04-19 01:00:00+00:00,0.249300003052,0.249899998307,0.24809999764,0.248500004411,0
2026-04-19 02:00:00+00:00,0.248400002718,0.248999997973,0.247099995613,0.247999995947,966272
2026-04-19 03:00:00+00:00,0.24809999764,0.249099999666,0.247099995613,0.248199999332,0
2026-04-19 04:00:00+00:00,0.248199999332,0.248999997973,0.246399998665,0.247899994254,1670496
2026-04-19 05:00:00+00:00,0.247899994254,0.249099999666,0.247299998999,0.247400000691,0
2026-04-19 06:00:00+00:00,0.247299998999,0.247999995947,0.246199995279,0.247299998999,6208736
2026-04-19 07:00:00+00:00,0.247299998999,0.247299998999,0.24469999969,0.246199995279,20653088
2026-04-19 08:00:00+00:00,0.245800003409,0.246199995279,0.245199993253,0.245499998331,0
2026-04-19 09:00:00+00:00,0.245600000024,0.246199995279,0.244800001383,0.245299994946,0
2026-04-19 10:00:00+00:00,0.245000004768,0.246299996972,0.24469999969,0.246000006795,0
2026-04-19 11:00:00+00:00,0.245800003409,0.248400002718,0.245700001717,0.247500002384,0
2026-04-19 12:00:00+00:00,0.247500002384,0.248999997973,0.247299998999,0.24809999764,0
2026-04-19 13:00:00+00:00,0.24809999764,0.250999987125,0.24809999764,0.249300003052,15448896
2026-04-19 14:00:00+00:00,0.249400004745,0.251100003719,0.24809999764,0.249599993229,16202912
2026-04-19 15:00:00+00:00,0.249500006437,0.249500006437,0.246500000358,0.248899996281,17480512
2026-04-19 16:00:00+00:00,0.248999997973,0.249599993229,0.246500000358,0.24699999392,0
2026-04-19 17:00:00+00:00,0.246700003743,0.247099995613,0.244900003076,0.245199993253,6617344
2026-04-19 18:00:00+00:00,0.245199993253,0.245900005102,0.244599997997,0.245800003409,8603072
2026-04-19 19:00:00+00:00,0.245900005102,0.247400000691,0.245900005102,0.246800005436,6875232
2026-04-19 20:00:00+00:00,0.24660000205,0.24660000205,0.244499996305,0.245000004768,17384576
2026-04-19 21:00:00+00:00,0.244900003076,0.246099993587,0.243900001049,0.244200006127,11765088
2026-04-19 22:00:00+00:00,0.244100004435,0.244200006127,0.241099998355,0.242500007153,49782336
2026-04-19 23:00:00+00:00,0.24240000546,0.24279999733,0.241200000048,0.242500007153,16782464
2026-04-20 00:00:00+00:00,0.242599993944,0.24469999969,0.242100000381,0.244299992919,15716032
2026-04-20 01:00:00+00:00,0.244499996305,0.245499998331,0.243599995971,0.244900003076,12937344
2026-04-20 02:00:00+00:00,0.244900003076,0.245900005102,0.244299992919,0.245499998331,690624
2026-04-20 03:00:00+00:00,0.245600000024,0.246399998665,0.24469999969,0.246099993587,3100672
2026-04-20 04:00:00+00:00,0.246000006795,0.246500000358,0.24469999969,0.245900005102,0
2026-04-20 05:00:00+00:00,0.245800003409,0.245900005102,0.243699997663,0.244200006127,3120896
2026-04-20 06:00:00+00:00,0.244100004435,0.247099995613,0.243900001049,0.245800003409,0
2026-04-20 07:00:00+00:00,0.245900005102,0.249300003052,0.245499998331,0.246800005436,0
2026-04-20 08:00:00+00:00,0.246800005436,0.24699999392,0.245399996638,0.245700001717,301120
2026-04-20 09:00:00+00:00,0.245499998331,0.247799992561,0.244900003076,0.24699999392,10226304
2026-04-20 10:00:00+00:00,0.24699999392,0.248699992895,0.24660000205,0.246700003743,4187136
2026-04-20 11:00:00+00:00,0.246700003743,0.247199997306,0.246199995279,0.246700003743,0
2026-04-20 12:00:00+00:00,0.246500000358,0.247600004077,0.245800003409,0.247400000691,3639680
2026-04-20 13:00:00+00:00,0.247400000691,0.248400002718,0.246399998665,0.247899994254,0
2026-04-20 14:00:00+00:00,0.247999995947,0.249300003052,0.245399996638,0.246099993587,0
2026-04-20 15:00:00+00:00,0.246199995279,0.249200001359,0.244800001383,0.247899994254,0
2026-04-20 16:00:00+00:00,0.247799992561,0.247799992561,0.245700001717,0.245900005102,0
2026-04-20 17:00:00+00:00,0.245900005102,0.248400002718,0.245800003409,0.248300001025,0
2026-04-20 18:00:00+00:00,0.248400002718,0.250299990177,0.248400002718,0.249799996614,3630400
2026-04-20 19:00:00+00:00,0.249799996614,0.249899998307,0.248500004411,0.248999997973,0
2026-04-20 20:00:00+00:00,0.248799994588,0.250600010157,0.247999995947,0.250200003386,0
2026-04-20 21:00:00+00:00,0.250200003386,0.251599997282,0.249099999666,0.249699994922,9850688
2026-04-20 22:00:00+00:00,0.249799996614,0.250299990177,0.248699992895,0.248899996281,0
2026-04-20 23:00:00+00:00,0.248699992895,0.248699992895,0.24770000577,0.247999995947,571712
2026-04-21 00:00:00+00:00,0.247999995947,0.249200001359,0.247999995947,0.249200001359,0
2026-04-21 01:00:00+00:00,0.248899996281,0.249799996614,0.248199999332,0.248400002718,0
2026-04-21 02:00:00+00:00,0.248400002718,0.248400002718,0.247099995613,0.247500002384,0
2026-04-21 03:00:00+00:00,0.247500002384,0.247899994254,0.24660000205,0.247099995613,0
2026-04-21 04:00:00+00:00,0.247099995613,0.248600006104,0.24699999392,0.248600006104,0
2026-04-21 05:00:00+00:00,0.248600006104,0.250099986792,0.248600006104,0.249200001359,0
2026-04-21 06:00:00+00:00,0.249200001359,0.250400006771,0.248199999332,0.248999997973,0
2026-04-21 07:00:00+00:00,0.248999997973,0.25,0.24809999764,0.249599993229,26477416320
2026-04-21 08:00:00+00:00,0.249500006437,0.252200007439,0.249500006437,0.250299990177,63021056
2026-04-21 09:00:00+00:00,0.250200003386,0.250999987125,0.249500006437,0.250600010157,0
2026-04-21 10:00:00+00:00,0.250800013542,0.251800000668,0.250299990177,0.251300007105,0
2026-04-21 11:00:00+00:00,0.251399993896,0.25150001049,0.249899998307,0.25,0
2026-04-21 12:00:00+00:00,0.250200003386,0.250800013542,0.247999995947,0.248899996281,5070432
2026-04-21 13:00:00+00:00,0.248899996281,0.249300003052,0.24770000577,0.248899996281,7873970272
2026-04-21 14:00:00+00:00,0.248899996281,0.250499993563,0.247999995947,0.248400002718,0
2026-04-21 15:00:00+00:00,0.248300001025,0.249500006437,0.247799992561,0.248799994588,0
2026-04-21 16:00:00+00:00,0.249099999666,0.249400004745,0.246800005436,0.24699999392,311968
2026-04-21 17:00:00+00:00,0.24699999392,0.247400000691,0.244499996305,0.246500000358,18689376
2026-04-21 18:00:00+00:00,0.246500000358,0.246900007129,0.245700001717,0.246900007129,0
2026-04-21 19:00:00+00:00,0.24699999392,0.247999995947,0.244200006127,0.244800001383,2559296
2026-04-21 20:00:00+00:00,0.244800001383,0.248400002718,0.24469999969,0.247999995947,6358720
2026-04-21 21:00:00+00:00,0.247799992561,0.248199999332,0.246900007129,0.247799992561,0
2026-04-21 22:00:00+00:00,0.247400000691,0.249099999666,0.247099995613,0.249099999666,0
2026-04-21 23:00:00+00:00,0.249200001359,0.250200003386,0.247899994254,0.249899998307,4182624
2026-04-22 00:00:00+00:00,0.250099986792,0.250800013542,0.249599993229,0.249799996614,4805184
2026-04-22 01:00:00+00:00,0.25,0.250099986792,0.248899996281,0.249300003052,0
2026-04-22 02:00:00+00:00,0.249300003052,0.254700005054,0.249099999666,0.254400014877,29453824
2026-04-22 03:00:00+00:00,0.254400014877,0.255499988794,0.253500014544,0.254200011492,17861728
2026-04-22 04:00:00+00:00,0.254400014877,0.255199998617,0.253300011158,0.254200011492,9450784
2026-04-22 05:00:00+00:00,0.254299998283,0.257499992847,0.253899991512,0.255800008774,29822976
2026-04-22 06:00:00+00:00,0.255600005388,0.256000012159,0.255100011826,0.255800008774,5817152
2026-04-22 07:00:00+00:00,0.255800008774,0.255800008774,0.254200011492,0.25490000844,3477888
2026-04-22 08:00:00+00:00,0.25490000844,0.255400002003,0.254299998283,0.254799991846,0
2026-04-22 09:00:00+00:00,0.254700005054,0.25569999218,0.254599988461,0.255100011826,0
2026-04-22 10:00:00+00:00,0.254999995232,0.256199985743,0.254700005054,0.255600005388,918496
2026-04-22 11:00:00+00:00,0.255499988794,0.256399989128,0.255100011826,0.255800008774,465536
2026-04-22 12:00:00+00:00,0.255800008774,0.256000012159,0.254500001669,0.254799991846,0
2026-04-22 13:00:00+00:00,0.254799991846,0.256199985743,0.254099994898,0.255100011826,8515776
2026-04-22 14:00:00+00:00,0.255100011826,0.256300002337,0.254400014877,0.255600005388,7869984
2026-04-22 15:00:00+00:00,0.25569999218,0.256000012159,0.254599988461,0.255100011826,6396992
2026-04-22 16:00:00+00:00,0.255199998617,0.25569999218,0.252700001001,0.252700001001,1085728
2026-04-22 17:00:00+00:00,0.252799987793,0.253899991512,0.252400010824,0.253300011158,0
2026-04-22 18:00:00+00:00,0.25339999795,0.254299998283,0.253300011158,0.253500014544,0
2026-04-22 19:00:00+00:00,0.253500014544,0.253500014544,0.251399993896,0.25260001421,0
2026-04-22 20:00:00+00:00,0.252400010824,0.252700001001,0.251100003719,0.251199990511,0
2026-04-22 21:00:00+00:00,0.251199990511,0.252499997616,0.251199990511,0.252099990845,3004288
2026-04-22 22:00:00+00:00,0.252099990845,0.25229999423,0.250200003386,0.250499993563,1564832
2026-04-22 23:00:00+00:00,0.250400006771,0.250800013542,0.248300001025,0.248500004411,35264
2026-04-23 00:00:00+00:00,0.248500004411,0.249599993229,0.246199995279,0.248799994588,17743968
2026-04-23 01:00:00+00:00,0.248699992895,0.248799994588,0.247199997306,0.248300001025,1732928
2026-04-23 02:00:00+00:00,0.248300001025,0.248300001025,0.245900005102,0.246700003743,0
2026-04-23 03:00:00+00:00,0.24660000205,0.24699999392,0.245499998331,0.246399998665,0
2026-04-23 04:00:00+00:00,0.246299996972,0.247400000691,0.246199995279,0.24699999392,0
2026-04-23 05:00:00+00:00,0.24699999392,0.24770000577,0.246500000358,0.247400000691,0
2026-04-23 06:00:00+00:00,0.247400000691,0.248500004411,0.247299998999,0.247899994254,0
2026-04-23 07:00:00+00:00,0.247999995947,0.247999995947,0.246800005436,0.24699999392,0
2026-04-23 08:00:00+00:00,0.24699999392,0.247400000691,0.246399998665,0.247099995613,0
2026-04-23 09:00:00+00:00,0.24699999392,0.24699999392,0.245499998331,0.246199995279,8963616
2026-04-23 10:00:00+00:00,0.246099993587,0.246399998665,0.245000004768,0.245900005102,6147712
2026-04-23 11:00:00+00:00,0.246099993587,0.24809999764,0.245800003409,0.24770000577,4391008
2026-04-23 12:00:00+00:00,0.247600004077,0.248400002718,0.247199997306,0.247899994254,4085920
2026-04-23 13:00:00+00:00,0.247899994254,0.24809999764,0.247099995613,0.247400000691,0
2026-04-23 14:00:00+00:00,0.247400000691,0.249500006437,0.247099995613,0.249300003052,0
2026-04-23 15:00:00+00:00,0.249200001359,0.250900000334,0.248500004411,0.250400006771,5237216
2026-04-23 16:00:00+00:00,0.250600010157,0.250900000334,0.248999997973,0.249099999666,0
2026-04-23 17:00:00+00:00,0.249200001359,0.249400004745,0.244800001383,0.246900007129,26677952
2026-04-23 18:00:00+00:00,0.246800005436,0.247600004077,0.246099993587,0.246299996972,10899232
2026-04-23 19:00:00+00:00,0.246199995279,0.247199997306,0.245700001717,0.246800005436,3590464
2026-04-23 20:00:00+00:00,0.246800005436,0.249200001359,0.246700003743,0.248400002718,5314144
2026-04-23 21:00:00+00:00,0.248400002718,0.249599993229,0.24809999764,0.248899996281,1369216
2026-04-23 22:00:00+00:00,0.248699992895,0.250299990177,0.248699992895,0.249300003052,179168
2026-04-23 23:00:00+00:00,0.249200001359,0.250499993563,0.248699992895,0.249899998307,0
2026-04-24 00:00:00+00:00,0.25,0.251899987459,0.25,0.251800000668,0
2026-04-24 01:00:00+00:00,0.251599997282,0.251899987459,0.250099986792,0.251700013876,0
2026-04-24 02:00:00+00:00,0.251599997282,0.251700013876,0.249799996614,0.250200003386,0
2026-04-24 03:00:00+00:00,0.250200003386,0.250200003386,0.248300001025,0.248600006104,613216
2026-04-24 04:00:00+00:00,0.248600006104,0.248699992895,0.24770000577,0.248300001025,3076896
2026-04-24 05:00:00+00:00,0.247999995947,0.249099999666,0.247299998999,0.248600006104,0
2026-04-24 06:00:00+00:00,0.248600006104,0.249699994922,0.248400002718,0.248799994588,0
2026-04-24 07:00:00+00:00,0.248899996281,0.249500006437,0.248500004411,0.248999997973,0
2026-04-24 08:00:00+00:00,0.249099999666,0.250099986792,0.248500004411,0.249500006437,2098208
2026-04-24 09:00:00+00:00,0.249500006437,0.249799996614,0.248199999332,0.248799994588,0
2026-04-24 10:00:00+00:00,0.248600006104,0.250699996948,0.248300001025,0.250299990177,0
2026-04-24 11:00:00+00:00,0.250299990177,0.252000004053,0.250299990177,0.251199990511,3665056
2026-04-24 12:00:00+00:00,0.251199990511,0.251700013876,0.250099986792,0.250699996948,0
2026-04-24 13:00:00+00:00,0.250600010157,0.251800000668,0.249899998307,0.250499993563,0
2026-04-24 14:00:00+00:00,0.250299990177,0.251300007105,0.249599993229,0.250499993563,0
2026-04-24 15:00:00+00:00,0.250600010157,0.25229999423,0.248999997973,0.25229999423,0
2026-04-24 16:00:00+00:00,0.252499997616,0.252499997616,0.251199990511,0.251800000668,0
2026-04-24 17:00:00+00:00,0.251800000668,0.25229999423,0.251100003719,0.252000004053,0
2026-04-24 18:00:00+00:00,0.252000004053,0.252000004053,0.250699996948,0.251800000668,0
2026-04-24 19:00:00+00:00,0.252000004053,0.252400010824,0.251100003719,0.251800000668,0
2026-04-24 20:00:00+00:00,0.251800000668,0.252700001001,0.250699996948,0.252400010824,0
2026-04-24 21:00:00+00:00,0.252400010824,0.252999991179,0.251399993896,0.251800000668,218720
2026-04-24 22:00:00+00:00,0.25150001049,0.251700013876,0.250200003386,0.250299990177,0
2026-04-24 23:00:00+00:00,0.250400006771,0.250699996948,0.25,0.250299990177,0
2026-04-25 00:00:00+00:00,0.250299990177,0.250400006771,0.249599993229,0.250200003386,0
2026-04-25 01:00:00+00:00,0.250099986792,0.251899987459,0.249899998307,0.251599997282,27264
2026-04-25 02:00:00+00:00,0.25150001049,0.252099990845,0.250699996948,0.251199990511,5183840
2026-04-25 03:00:00+00:00,0.251199990511,0.252000004053,0.250800013542,0.251700013876,0
2026-04-25 04:00:00+00:00,0.251800000668,0.252200007439,0.251199990511,0.251300007105,0
2026-04-25 05:00:00+00:00,0.251100003719,0.252099990845,0.250400006771,0.251899987459,9606272
2026-04-25 06:00:00+00:00,0.252000004053,0.252900004387,0.251399993896,0.251399993896,11242016
2026-04-25 07:00:00+00:00,0.251300007105,0.252000004053,0.250900000334,0.251599997282,1607872
2026-04-25 08:00:00+00:00,0.25150001049,0.252400010824,0.251399993896,0.252200007439,0
2026-04-25 09:00:00+00:00,0.25229999423,0.253899991512,0.252099990845,0.253600001335,2836736
2026-04-25 10:00:00+00:00,0.253500014544,0.253899991512,0.252999991179,0.253600001335,1613024
2026-04-25 11:00:00+00:00,0.253600001335,0.253600001335,0.251300007105,0.251800000668,0
2026-04-25 12:00:00+00:00,0.251800000668,0.25229999423,0.251199990511,0.251800000668,0
2026-04-25 13:00:00+00:00,0.251800000668,0.253800004721,0.251800000668,0.252099990845,12336640
2026-04-25 14:00:00+00:00,0.252099990845,0.25229999423,0.250900000334,0.250999987125,524224
2026-04-25 15:00:00+00:00,0.250900000334,0.251100003719,0.25,0.250299990177,0
2026-04-25 16:00:00+00:00,0.250099986792,0.250600010157,0.248899996281,0.249500006437,0
2026-04-25 17:00:00+00:00,0.249400004745,0.249699994922,0.248400002718,0.248600006104,0
2026-04-25 18:00:00+00:00,0.248500004411,0.249300003052,0.248199999332,0.248899996281,0
2026-04-25 19:00:00+00:00,0.248899996281,0.249300003052,0.248600006104,0.249200001359,0
2026-04-25 20:00:00+00:00,0.249099999666,0.25,0.248999997973,0.249799996614,0
2026-04-25 21:00:00+00:00,0.25,0.250200003386,0.249099999666,0.249400004745,0
2026-04-25 22:00:00+00:00,0.249400004745,0.250600010157,0.249400004745,0.249899998307,0
2026-04-25 23:00:00+00:00,0.249899998307,0.250499993563,0.249699994922,0.250400006771,79680
2026-04-26 00:00:00+00:00,0.250299990177,0.250400006771,0.248899996281,0.249400004745,0
2026-04-26 01:00:00+00:00,0.249300003052,0.249400004745,0.248600006104,0.248799994588,0
2026-04-26 02:00:00+00:00,0.248899996281,0.250099986792,0.248899996281,0.249500006437,0
2026-04-26 03:00:00+00:00,0.249400004745,0.250299990177,0.248899996281,0.249500006437,0
2026-04-26 04:00:00+00:00,0.249500006437,0.250900000334,0.248899996281,0.250299990177,0
2026-04-26 05:00:00+00:00,0.250299990177,0.251599997282,0.249899998307,0.250699996948,0
2026-04-26 06:00:00+00:00,0.250800013542,0.252099990845,0.250800013542,0.25150001049,0
2026-04-26 07:00:00+00:00,0.25150001049,0.252099990845,0.251199990511,0.251599997282,0
2026-04-26 08:00:00+00:00,0.251599997282,0.252000004053,0.250200003386,0.251599997282,9499840
2026-04-26 09:00:00+00:00,0.25150001049,0.253199994564,0.251399993896,0.252400010824,11708992
2026-04-26 10:00:00+00:00,0.25229999423,0.252900004387,0.251899987459,0.252499997616,0
2026-04-26 11:00:00+00:00,0.252499997616,0.254299998283,0.252499997616,0.253600001335,0
2026-04-26 12:00:00+00:00,0.253500014544,0.253800004721,0.252000004053,0.252700001001,0
2026-04-26 13:00:00+00:00,0.252700001001,0.252999991179,0.251800000668,0.252000004053,0
2026-04-26 14:00:00+00:00,0.252099990845,0.253199994564,0.25150001049,0.252499997616,0
2026-04-26 15:00:00+00:00,0.252499997616,0.252999991179,0.252000004053,0.252900004387,0
2026-04-26 16:00:00+00:00,0.253100007772,0.253100007772,0.251599997282,0.251700013876,0
2026-04-26 17:00:00+00:00,0.251700013876,0.25229999423,0.250999987125,0.252000004053,0
2026-04-26 18:00:00+00:00,0.252000004053,0.253100007772,0.25150001049,0.252700001001,962896
2026-04-26 19:00:00+00:00,0.25260001421,0.253600001335,0.25229999423,0.252499997616,1938848
2026-04-26 20:00:00+00:00,0.25260001421,0.252999991179,0.252099990845,0.252099990845,2030080
2026-04-26 21:00:00+00:00,0.252099990845,0.252999991179,0.250800013542,0.252799987793,8384192
2026-04-26 22:00:00+00:00,0.25260001421,0.25339999795,0.251199990511,0.251899987459,7679904
2026-04-26 23:00:00+00:00,0.251700013876,0.253100007772,0.251199990511,0.252200007439,3282752
2026-04-27 00:00:00+00:00,0.252099990845,0.25490000844,0.251599997282,0.254700005054,4335488
2026-04-27 01:00:00+00:00,0.254799991846,0.256000012159,0.253600001335,0.256000012159,14944416
2026-04-27 02:00:00+00:00,0.256099998951,0.256099998951,0.254500001669,0.255299985409,6848512
2026-04-27 03:00:00+00:00,0.255199998617,0.255800008774,0.254099994898,0.254099994898,6209760
2026-04-27 04:00:00+00:00,0.254000008106,0.254500001669,0.252799987793,0.253100007772,13258080
2026-04-27 05:00:00+00:00,0.253100007772,0.253199994564,0.247999995947,0.248600006104,28441632
2026-04-27 06:00:00+00:00,0.248500004411,0.249099999666,0.246500000358,0.247999995947,12587584
2026-04-27 07:00:00+00:00,0.247799992561,0.247999995947,0.247099995613,0.247099995613,5005408
2026-04-27 08:00:00+00:00,0.24699999392,0.247799992561,0.246800005436,0.247799992561,2493344
2026-04-27 09:00:00+00:00,0.247799992561,0.248199999332,0.247500002384,0.247600004077,0
2026-04-27 10:00:00+00:00,0.247500002384,0.248199999332,0.247500002384,0.247799992561,0
2026-04-27 11:00:00+00:00,0.247799992561,0.247999995947,0.24699999392,0.247899994254,0
2026-04-27 12:00:00+00:00,0.247799992561,0.248199999332,0.24699999392,0.247799992561,3906272
2026-04-27 13:00:00+00:00,0.247799992561,0.248300001025,0.246099993587,0.24699999392,8113760
2026-04-27 14:00:00+00:00,0.24699999392,0.248699992895,0.24660000205,0.24770000577,8584544
2026-04-27 15:00:00+00:00,0.247799992561,0.247799992561,0.243399992585,0.244599997997,36792800
2026-04-27 16:00:00+00:00,0.244499996305,0.245399996638,0.244100004435,0.244900003076,9738048
2026-04-27 17:00:00+00:00,0.245100006461,0.246099993587,0.245000004768,0.245000004768,4161536
2026-04-27 18:00:00+00:00,0.244900003076,0.246099993587,0.244800001383,0.245700001717,0
2026-04-27 19:00:00+00:00,0.245600000024,0.246000006795,0.244399994612,0.245299994946,0
2026-04-27 20:00:00+00:00,0.245399996638,0.246299996972,0.245399996638,0.245700001717,1281792
2026-04-27 21:00:00+00:00,0.245700001717,0.246199995279,0.245100006461,0.245299994946,0
2026-04-27 22:00:00+00:00,0.245199993253,0.24699999392,0.245000004768,0.246900007129,0
2026-04-27 23:00:00+00:00,0.247099995613,0.248500004411,0.246900007129,0.24809999764,685952
2026-04-28 00:00:00+00:00,0.248199999332,0.248400002718,0.247400000691,0.24770000577,0
2026-04-28 01:00:00+00:00,0.24770000577,0.248199999332,0.247500002384,0.24770000577,0
2026-04-28 02:00:00+00:00,0.24770000577,0.248600006104,0.24660000205,0.247500002384,0
2026-04-28 03:00:00+00:00,0.247400000691,0.247600004077,0.246800005436,0.247400000691,0
2026-04-28 04:00:00+00:00,0.247299998999,0.248300001025,0.24699999392,0.247400000691,0
2026-04-28 05:00:00+00:00,0.247400000691,0.248799994588,0.247400000691,0.247799992561,0
2026-04-28 06:00:00+00:00,0.24770000577,0.248300001025,0.245800003409,0.246399998665,0
2026-04-28 07:00:00+00:00,0.246399998665,0.247799992561,0.245199993253,0.24699999392,5457344
2026-04-28 08:00:00+00:00,0.247099995613,0.247199997306,0.246000006795,0.246700003743,863328
2026-04-28 09:00:00+00:00,0.246700003743,0.24699999392,0.245499998331,0.246000006795,0
2026-04-28 10:00:00+00:00,0.246000006795,0.24660000205,0.246000006795,0.246500000358,0
2026-04-28 11:00:00+00:00,0.24660000205,0.24660000205,0.245100006461,0.245600000024,819424
2026-04-28 12:00:00+00:00,0.245700001717,0.246500000358,0.24469999969,0.246299996972,1333568
2026-04-28 13:00:00+00:00,0.246299996972,0.247299998999,0.245000004768,0.246299996972,0
2026-04-28 14:00:00+00:00,0.246000006795,0.246099993587,0.244299992919,0.246099993587,0
2026-04-28 15:00:00+00:00,0.246199995279,0.246700003743,0.245100006461,0.246500000358,0
2026-04-28 16:00:00+00:00,0.246299996972,0.246900007129,0.245700001717,0.246000006795,0
2026-04-28 17:00:00+00:00,0.246000006795,0.246700003743,0.245199993253,0.246000006795,0
2026-04-28 18:00:00+00:00,0.246000006795,0.247099995613,0.245900005102,0.247099995613,0
2026-04-28 19:00:00+00:00,0.247199997306,0.247600004077,0.246399998665,0.247299998999,0
2026-04-28 20:00:00+00:00,0.247400000691,0.247799992561,0.247099995613,0.24770000577,0
2026-04-28 21:00:00+00:00,0.247600004077,0.24809999764,0.247299998999,0.247500002384,0
2026-04-28 22:00:00+00:00,0.247600004077,0.247899994254,0.24660000205,0.246700003743,0
2026-04-28 23:00:00+00:00,0.246700003743,0.24699999392,0.246299996972,0.246900007129,0
2026-04-29 00:00:00+00:00,0.246800005436,0.247299998999,0.246500000358,0.247099995613,0
2026-04-29 01:00:00+00:00,0.247099995613,0.247600004077,0.246199995279,0.247299998999,1767264
2026-04-29 02:00:00+00:00,0.247400000691,0.247799992561,0.246800005436,0.247400000691,0
2026-04-29 03:00:00+00:00,0.247400000691,0.249400004745,0.247400000691,0.248999997973,11462848
2026-04-29 04:00:00+00:00,0.249099999666,0.250400006771,0.248600006104,0.249400004745,13961696
2026-04-29 05:00:00+00:00,0.249400004745,0.249699994922,0.248699992895,0.249500006437,2101408
2026-04-29 06:00:00+00:00,0.249500006437,0.25,0.248400002718,0.248799994588,1682432
2026-04-29 07:00:00+00:00,0.248799994588,0.250400006771,0.248699992895,0.249500006437,21728
2026-04-29 08:00:00+00:00,0.249599993229,0.25,0.249200001359,0.249400004745,0
2026-04-29 09:00:00+00:00,0.249300003052,0.253199994564,0.249200001359,0.252700001001,17427808
2026-04-29 10:00:00+00:00,0.253199994564,0.253899991512,0.251599997282,0.252499997616,26207904
2026-04-29 11:00:00+00:00,0.252400010824,0.25260001421,0.251100003719,0.251300007105,6590432
2026-04-29 12:00:00+00:00,0.251300007105,0.251300007105,0.248300001025,0.249200001359,12152576
2026-04-29 13:00:00+00:00,0.249099999666,0.249300003052,0.246399998665,0.24770000577,3333312
2026-04-29 14:00:00+00:00,0.247400000691,0.247600004077,0.246000006795,0.246199995279,3772288
2026-04-29 15:00:00+00:00,0.246199995279,0.246399998665,0.243399992585,0.244100004435,26462080
2026-04-29 16:00:00+00:00,0.244000002742,0.244800001383,0.242599993944,0.243399992585,23656576
2026-04-29 17:00:00+00:00,0.243499994278,0.245000004768,0.243399992585,0.245000004768,13707776
2026-04-29 18:00:00+00:00,0.245100006461,0.245100006461,0.238600000739,0.24169999361,59593472
2026-04-29 19:00:00+00:00,0.241799995303,0.242100000381,0.240999996662,0.241500005126,22626752
2026-04-29 20:00:00+00:00,0.24169999361,0.243699997663,0.241500005126,0.243100002408,13945856
2026-04-29 21:00:00+00:00,0.243100002408,0.244900003076,0.24279999733,0.244299992919,8023168
2026-04-29 22:00:00+00:00,0.244200006127,0.24469999969,0.243900001049,0.244299992919,0
2026-04-29 23:00:00+00:00,0.244299992919,0.24469999969,0.243499994278,0.244499996305,7159680
2026-04-30 00:00:00+00:00,0.244599997997,0.246800005436,0.244399994612,0.24660000205,11901952
2026-04-30 01:00:00+00:00,0.24660000205,0.24770000577,0.245900005102,0.246800005436,2511040
2026-04-30 02:00:00+00:00,0.246900007129,0.247600004077,0.244800001383,0.246500000358,17007936
2026-04-30 03:00:00+00:00,0.246399998665,0.247299998999,0.246000006795,0.24660000205,0
2026-04-30 04:00:00+00:00,0.246700003743,0.246700003743,0.24469999969,0.244800001383,0
2026-04-30 05:00:00+00:00,0.244800001383,0.246099993587,0.244499996305,0.245199993253,0
2026-04-30 06:00:00+00:00,0.245199993253,0.246299996972,0.244900003076,0.245700001717,0
2026-04-30 07:00:00+00:00,0.245600000024,0.246900007129,0.245499998331,0.246700003743,0
2026-04-30 08:00:00+00:00,0.246700003743,0.247099995613,0.245900005102,0.24660000205,0
2026-04-30 09:00:00+00:00,0.24660000205,0.248300001025,0.246399998665,0.24699999392,0
2026-04-30 10:00:00+00:00,0.24699999392,0.247199997306,0.245499998331,0.245800003409,0
2026-04-30 11:00:00+00:00,0.245900005102,0.247099995613,0.245399996638,0.246099993587,0
2026-04-30 12:00:00+00:00,0.246099993587,0.24699999392,0.245700001717,0.245700001717,0
2026-04-30 13:00:00+00:00,0.245800003409,0.246399998665,0.244900003076,0.246000006795,0
2026-04-30 14:00:00+00:00,0.246000006795,0.246700003743,0.244900003076,0.246000006795,0
2026-04-30 15:00:00+00:00,0.246099993587,0.24809999764,0.245499998331,0.247400000691,0
2026-04-30 16:00:00+00:00,0.247400000691,0.247400000691,0.246000006795,0.246099993587,0
2026-04-30 17:00:00+00:00,0.246099993587,0.246299996972,0.245199993253,0.246099993587,0
2026-04-30 18:00:00+00:00,0.246099993587,0.24660000205,0.245499998331,0.246000006795,0
2026-04-30 19:00:00+00:00,0.245800003409,0.246500000358,0.245700001717,0.246299996972,0
2026-04-30 20:00:00+00:00,0.246199995279,0.24699999392,0.245900005102,0.246500000358,0
2026-04-30 21:00:00+00:00,0.246500000358,0.247299998999,0.246299996972,0.246299996972,0
2026-04-30 22:00:00+00:00,0.246399998665,0.246900007129,0.245600000024,0.245800003409,0
2026-04-30 23:00:00+00:00,0.245900005102,0.246399998665,0.245399996638,0.246000006795,0
