timestamp,open,high,low,close,volume
2025-11-01 00:00:00+00:00,2.88235235214,2.88235235214,2.86830878258,2.8818089962,0
2025-11-01 01:00:00+00:00,2.88229465485,2.89187407494,2.88042354584,2.88042354584,0
2025-11-01 02:00:00+00:00,2.88023614883,2.8927590847,2.87042069435,2.8927590847,0
2025-11-01 03:00:00+00:00,2.89327454567,2.9092297554,2.89327454567,2.90644359589,0
2025-11-01 04:00:00+00:00,2.90644311905,2.91278386116,2.89810204506,2.89810204506,0
2025-11-01 05:00:00+00:00,2.89800691605,2.89812254906,2.88254952431,2.88254952431,0
2025-11-01 06:00:00+00:00,2.88212776184,2.8834528923,2.87741947174,2.88297319412,0
2025-11-01 07:00:00+00:00,2.88371562958,2.90093326569,2.88371562958,2.90093326569,7203008
2025-11-01 08:00:00+00:00,2.90114212036,2.91315770149,2.90114212036,2.91315770149,2104864
2025-11-01 09:00:00+00:00,2.91325306892,2.92397594452,2.90810799599,2.91438341141,1596416
2025-11-01 10:00:00+00:00,2.91383624077,2.93163633347,2.91264295578,2.92829918861,0
2025-11-01 11:00:00+00:00,2.92833518982,2.94072914124,2.92833518982,2.9355533123,54064
2025-11-01 12:00:00+00:00,2.93615293503,2.94587564468,2.93615293503,2.94173884392,0
2025-11-01 13:00:00+00:00,2.94135570526,2.95024943352,2.93304419518,2.93960094452,0
2025-11-01 14:00:00+00:00,2.93987441063,2.94150018692,2.91458106041,2.92037272453,0
2025-11-01 15:00:00+00:00,2.92063784599,2.9472117424,2.92063784599,2.9472117424,0
2025-11-01 16:00:00+00:00,2.94800329208,2.96406960487,2.94800329208,2.96150517464,0
2025-11-01 17:00:00+00:00,2.9614546299,2.96320319176,2.95696353912,2.9579474926,0
2025-11-01 18:00:00+00:00,2.95766282082,2.95882964134,2.94819116592,2.95501351357,0
2025-11-01 19:00:00+00:00,2.95382761955,2.95382761955,2.9445335865,2.94958043098,0
2025-11-01 20:00:00+00:00,2.94984745979,2.96479964256,2.94984745979,2.96138167381,0
2025-11-01 21:00:00+00:00,2.96125245094,2.96179556847,2.94124317169,2.94124317169,84656
2025-11-01 22:00:00+00:00,2.94065237045,2.95182037354,2.93587303162,2.95182037354,2463904
2025-11-01 23:00:00+00:00,2.9520277977,2.96634912491,2.95048284531,2.96634912491,180704
2025-11-02 00:00:00+00:00,2.96642589569,2.96914458275,2.95553421974,2.95553421974,0
2025-11-02 01:00:00+00:00,2.95559620857,2.96064829826,2.95053195953,2.95374345779,0
2025-11-02 02:00:00+00:00,2.9539604187,2.96480321884,2.9527463913,2.95722818375,1143184
2025-11-02 03:00:00+00:00,2.95632195473,2.95879793167,2.9510436058,2.95152115822,0
2025-11-02 04:00:00+00:00,2.9503827095,2.98408770561,2.94938492775,2.98368096352,0
2025-11-02 05:00:00+00:00,2.98360800743,2.99481725693,2.97749042511,2.99481725693,1606192
2025-11-02 06:00:00+00:00,2.99713945389,3.00335884094,2.99421095848,3.00335884094,2557392
2025-11-02 07:00:00+00:00,3.00327110291,3.01049661636,2.99704504013,3.00861811638,0
2025-11-02 08:00:00+00:00,3.00842452049,3.0085978508,2.99139714241,2.99155330658,0
2025-11-02 09:00:00+00:00,2.99275350571,3.00981736183,2.98740386963,2.98837637901,0
2025-11-02 10:00:00+00:00,2.98803734779,2.99358487129,2.96578717232,2.96578717232,0
2025-11-02 11:00:00+00:00,2.96673440933,2.99523019791,2.96673440933,2.99523019791,0
2025-11-02 12:00:00+00:00,2.99387979507,2.99396395683,2.98365354538,2.98370957375,2627760
2025-11-02 13:00:00+00:00,2.98230028152,2.98232960701,2.96090102196,2.96548461914,0
2025-11-02 14:00:00+00:00,2.96525359154,2.96841573715,2.9165687561,2.9165687561,2116688
2025-11-02 15:00:00+00:00,2.91683983803,2.93043994904,2.90660262108,2.91216492653,3484768
2025-11-02 16:00:00+00:00,2.91201901436,2.91565346718,2.88420987129,2.91565346718,5806128
2025-11-02 17:00:00+00:00,2.91566300392,2.92148280144,2.91312885284,2.91899085045,5774688
2025-11-02 18:00:00+00:00,2.91921615601,2.92133164406,2.90855956078,2.90855956078,859104
2025-11-02 19:00:00+00:00,2.90697836876,2.90826678276,2.88984131813,2.90016412735,788624
2025-11-02 20:00:00+00:00,2.90184688568,2.91456913948,2.89882326126,2.91252994537,678016
2025-11-02 21:00:00+00:00,2.91248726845,2.92614603043,2.91248726845,2.92356991768,591552
2025-11-02 22:00:00+00:00,2.9208483696,2.92752385139,2.91460371017,2.92096114159,0
2025-11-02 23:00:00+00:00,2.92113471031,2.98792314529,2.92113471031,2.9878051281,6652992
2025-11-03 00:00:00+00:00,2.98625159264,2.98903012276,2.93746495247,2.93746495247,4140192
2025-11-03 01:00:00+00:00,2.93692398071,2.93692398071,2.90559768677,2.90594339371,2280816
2025-11-03 02:00:00+00:00,2.90626645088,2.90718436241,2.86667513847,2.87967443466,5846160
2025-11-03 03:00:00+00:00,2.87942695618,2.88054251671,2.78885626793,2.78885626793,16536144
2025-11-03 04:00:00+00:00,2.78879880905,2.80251288414,2.76747441292,2.80251288414,10718144
2025-11-03 05:00:00+00:00,2.80256605148,2.82231140137,2.77931308746,2.77931308746,4539904
2025-11-03 06:00:00+00:00,2.77939462662,2.78125476837,2.73279571533,2.74947452545,8109456
2025-11-03 07:00:00+00:00,2.75408864021,2.77672219276,2.74569368362,2.77431774139,6036784
2025-11-03 08:00:00+00:00,2.77361345291,2.77880907059,2.75594425201,2.77019500732,4177376
2025-11-03 09:00:00+00:00,2.77133488655,2.79553174973,2.76309561729,2.76320815086,11331584
2025-11-03 10:00:00+00:00,2.76327514648,2.77065896988,2.74184083939,2.74529266357,877488
2025-11-03 11:00:00+00:00,2.74128818512,2.76997733116,2.74128818512,2.76293897629,5250016
2025-11-03 12:00:00+00:00,2.76289868355,2.77770662308,2.7567896843,2.7567896843,1205040
2025-11-03 13:00:00+00:00,2.75747990608,2.77465200424,2.74860620499,2.76841115952,2318672
2025-11-03 14:00:00+00:00,2.76835250854,2.77976441383,2.75619912148,2.77162671089,0
2025-11-03 15:00:00+00:00,2.77210283279,2.77210283279,2.55343317986,2.584826231,56293600
2025-11-03 16:00:00+00:00,2.58448171616,2.63263463974,2.57691717148,2.62382030487,13097920
2025-11-03 17:00:00+00:00,2.62340426445,2.65242338181,2.62132287025,2.65242338181,3843648
2025-11-03 18:00:00+00:00,2.65399312973,2.65399312973,2.60899400711,2.60899400711,3751072
2025-11-03 19:00:00+00:00,2.60661458969,2.60661458969,2.58466935158,2.58466935158,5061632
2025-11-03 20:00:00+00:00,2.58418059349,2.58418059349,2.52518987656,2.52518987656,10776288
2025-11-03 21:00:00+00:00,2.52822232246,2.57207870483,2.52822232246,2.57207870483,12286752
2025-11-03 22:00:00+00:00,2.5718870163,2.57748675346,2.54161453247,2.56628918648,6392288
2025-11-03 23:00:00+00:00,2.56445860863,2.58326029778,2.55084681511,2.58326029778,0
2025-11-04 00:00:00+00:00,2.58334136009,2.6251449585,2.57215976715,2.6074783802,1415360
2025-11-04 01:00:00+00:00,2.61235022545,2.62203454971,2.60833358765,2.61999726295,2816480
2025-11-04 02:00:00+00:00,2.61909508705,2.62554240227,2.61580371857,2.62435770035,0
2025-11-04 03:00:00+00:00,2.62418031693,2.65019083023,2.62021446228,2.64863467216,0
2025-11-04 04:00:00+00:00,2.64846634865,2.6582505703,2.64023518562,2.64023518562,0
2025-11-04 05:00:00+00:00,2.63795828819,2.63795828819,2.51209950447,2.51209950447,9102144
2025-11-04 06:00:00+00:00,2.51268839836,2.5866382122,2.51268839836,2.55602431297,6592640
2025-11-04 07:00:00+00:00,2.55719876289,2.55800199509,2.52422404289,2.53277111053,2110112
2025-11-04 08:00:00+00:00,2.53274106979,2.58141851425,2.52587008476,2.56522870064,5512928
2025-11-04 09:00:00+00:00,2.56711602211,2.59000229836,2.56298065186,2.59000229836,0
2025-11-04 10:00:00+00:00,2.59132456779,2.60415220261,2.59132456779,2.6018409729,187744
2025-11-04 11:00:00+00:00,2.61150884628,2.63249826431,2.60853815079,2.61041641235,0
2025-11-04 12:00:00+00:00,2.60962939262,2.60962939262,2.57479500771,2.57997107506,0
2025-11-04 13:00:00+00:00,2.58162331581,2.58335256577,2.56328296661,2.57907104492,882496
2025-11-04 14:00:00+00:00,2.57739329338,2.63653588295,2.56875872612,2.63455486298,8347104
2025-11-04 15:00:00+00:00,2.63473844528,2.64282655716,2.59809327126,2.59968948364,0
2025-11-04 16:00:00+00:00,2.60336565971,2.61291694641,2.55065608025,2.55065608025,0
2025-11-04 17:00:00+00:00,2.53531265259,2.54767155647,2.49069094658,2.52826833725,12528544
2025-11-04 18:00:00+00:00,2.52635121346,2.52635121346,2.43828701973,2.48671364784,19052640
2025-11-04 19:00:00+00:00,2.48597812653,2.50392580032,2.46075367928,2.46075367928,2863040
2025-11-04 20:00:00+00:00,2.46011281013,2.47124528885,2.37626743317,2.43776965141,21796128
2025-11-04 21:00:00+00:00,2.4456152916,2.4456152916,2.36006093025,2.39878225327,14949312
2025-11-04 22:00:00+00:00,2.43911242485,2.51195883751,2.43911242485,2.50456619263,15422496
2025-11-04 23:00:00+00:00,2.50425696373,2.51788377762,2.50425696373,2.51359891891,5577600
2025-11-05 00:00:00+00:00,2.50684165955,2.50833106041,2.46593165398,2.4809024334,0
2025-11-05 01:00:00+00:00,2.48000049591,2.48029446602,2.39920401573,2.46611905098,4756800
2025-11-05 02:00:00+00:00,2.46657252312,2.53823566437,2.46657252312,2.53823566437,10318080
2025-11-05 03:00:00+00:00,2.5431432724,2.57238221169,2.54312992096,2.56736421585,4126112
2025-11-05 04:00:00+00:00,2.56645059586,2.5755314827,2.55255317688,2.56144857407,0
2025-11-05 05:00:00+00:00,2.56160497665,2.57833743095,2.56160497665,2.56535935402,0
2025-11-05 06:00:00+00:00,2.56489443779,2.57164263725,2.5518579483,2.57164263725,0
2025-11-05 07:00:00+00:00,2.57393813133,2.57730388641,2.55825281143,2.57730388641,0
2025-11-05 08:00:00+00:00,2.57872414589,2.58000850677,2.5472278595,2.55341935158,882592
2025-11-05 09:00:00+00:00,2.5538175106,2.57256603241,2.5538175106,2.56809234619,0
2025-11-05 10:00:00+00:00,2.56751394272,2.56804227829,2.53901410103,2.53901410103,0
2025-11-05 11:00:00+00:00,2.538834095,2.60629653931,2.538834095,2.60629653931,5242432
2025-11-05 12:00:00+00:00,2.60693430901,2.61097383499,2.59824585915,2.60066580772,1293568
2025-11-05 13:00:00+00:00,2.60197591782,2.62390327454,2.59378123283,2.61897540092,0
2025-11-05 14:00:00+00:00,2.61629343033,2.61759352684,2.58594322205,2.6094930172,0
2025-11-05 15:00:00+00:00,2.60929608345,2.62954425812,2.60266494751,2.62954425812,1980352
2025-11-05 16:00:00+00:00,2.62954831123,2.63519430161,2.60386276245,2.63519430161,0
2025-11-05 17:00:00+00:00,2.63551926613,2.64050292969,2.62405633926,2.63223314285,0
2025-11-05 18:00:00+00:00,2.63349366188,2.64946365356,2.63349366188,2.64577722549,0
2025-11-05 19:00:00+00:00,2.64353919029,2.64353919029,2.62789654732,2.6424407959,0
2025-11-05 20:00:00+00:00,2.64230680466,2.66316485405,2.64207625389,2.65017414093,0
2025-11-05 21:00:00+00:00,2.65107345581,2.65216851234,2.64032745361,2.65169477463,0
2025-11-05 22:00:00+00:00,2.65210986137,2.6631257534,2.64816999435,2.66306114197,0
2025-11-05 23:00:00+00:00,2.66923213005,2.67540621758,2.66512393951,2.67204260826,0
2025-11-06 00:00:00+00:00,2.6718082428,2.67364192009,2.65237998962,2.65920209885,2357808
2025-11-06 01:00:00+00:00,2.65748929977,2.65748929977,2.62111783028,2.64443492889,0
2025-11-06 02:00:00+00:00,2.64420366287,2.67018651962,2.62510371208,2.66628217697,324704
2025-11-06 03:00:00+00:00,2.66703343391,2.67280220985,2.66054105759,2.66054105759,0
2025-11-06 04:00:00+00:00,2.65990447998,2.66256427765,2.65024447441,2.66187906265,0
2025-11-06 05:00:00+00:00,2.66173863411,2.66216444969,2.61153268814,2.61182069778,0
2025-11-06 06:00:00+00:00,2.61186671257,2.62464499474,2.61180830002,2.61180830002,0
2025-11-06 07:00:00+00:00,2.6116540432,2.62054467201,2.5985417366,2.60602378845,101296
2025-11-06 08:00:00+00:00,2.60548353195,2.60983848572,2.60145998001,2.60645031929,0
2025-11-06 09:00:00+00:00,2.60632586479,2.61360120773,2.59820222855,2.60739278793,0
2025-11-06 10:00:00+00:00,2.60672736168,2.60838365555,2.59007906914,2.60429191589,9929056
2025-11-06 11:00:00+00:00,2.59896731377,2.61471748352,2.59627056122,2.61422562599,0
2025-11-06 12:00:00+00:00,2.61416840553,2.61484336853,2.57531380653,2.57751178741,0
2025-11-06 13:00:00+00:00,2.5783457756,2.63290858269,2.5783457756,2.63290858269,7916016
2025-11-06 14:00:00+00:00,2.62080860138,2.63202095032,2.59860134125,2.62657427788,7693536
2025-11-06 15:00:00+00:00,2.62873458862,2.63272190094,2.56694149971,2.57271051407,10308064
2025-11-06 16:00:00+00:00,2.57527351379,2.58309030533,2.54568982124,2.56669998169,4845648
2025-11-06 17:00:00+00:00,2.56694102287,2.60359573364,2.56498908997,2.60351538658,3624544
2025-11-06 18:00:00+00:00,2.60343122482,2.64082956314,2.58427262306,2.63217163086,4230880
2025-11-06 19:00:00+00:00,2.62956905365,2.65522050858,2.62847113609,2.64864659309,1989616
2025-11-06 20:00:00+00:00,2.64841175079,2.66575670242,2.63012981415,2.64986395836,0
2025-11-06 21:00:00+00:00,2.64966058731,2.65148353577,2.63268589973,2.64738965034,2986720
2025-11-06 22:00:00+00:00,2.64754104614,2.66063976288,2.63979077339,2.66063976288,2923296
2025-11-06 23:00:00+00:00,2.66141486168,2.66489171982,2.63894677162,2.66394400597,33456
2025-11-07 00:00:00+00:00,2.6662209034,2.79054069519,2.6662209034,2.78907990456,42233568
2025-11-07 01:00:00+00:00,2.78853940964,2.80416607857,2.74129056931,2.75602793694,34391392
2025-11-07 02:00:00+00:00,2.75669169426,2.77744412422,2.73135590553,2.77505731583,7284544
2025-11-07 03:00:00+00:00,2.78009796143,2.81347060204,2.78009796143,2.79834938049,13823360
2025-11-07 04:00:00+00:00,2.79875850677,2.80770516396,2.74647259712,2.75650501251,12745600
2025-11-07 05:00:00+00:00,2.75855875015,2.82472300529,2.75855875015,2.82472300529,9403904
2025-11-07 06:00:00+00:00,2.82507443428,2.85240983963,2.80400562286,2.80411076546,13275616
2025-11-07 07:00:00+00:00,2.80449056625,2.84995150566,2.79212737083,2.84995150566,7927648
2025-11-07 08:00:00+00:00,2.84961080551,2.85141086578,2.82848167419,2.83064413071,10553632
2025-11-07 09:00:00+00:00,2.83483934402,2.83483934402,2.78176379204,2.82546806335,11551360
2025-11-07 10:00:00+00:00,2.82613801956,2.84744954109,2.81287288666,2.81424069405,1054336
2025-11-07 11:00:00+00:00,2.81463718414,2.81724619865,2.75590658188,2.78033995628,15904576
2025-11-07 12:00:00+00:00,2.781280756,2.78511786461,2.71249032021,2.72615933418,5313216
2025-11-07 13:00:00+00:00,2.72616410255,2.78065562248,2.72616410255,2.77320384979,2062880
2025-11-07 14:00:00+00:00,2.77285051346,2.81227231026,2.74356937408,2.81227231026,4579552
2025-11-07 15:00:00+00:00,2.81261491776,2.88952159882,2.80525398254,2.88669991493,15516544
2025-11-07 16:00:00+00:00,2.88748955727,3.11925649643,2.88748955727,3.08251094818,74893472
2025-11-07 17:00:00+00:00,3.09466457367,3.18716549873,3.09466457367,3.18699002266,66093056
2025-11-07 18:00:00+00:00,3.19593644142,3.32909679413,3.19593644142,3.23718118668,75233920
2025-11-07 19:00:00+00:00,3.23901176453,3.28160071373,3.23901176453,3.26086759567,21653824
2025-11-07 20:00:00+00:00,3.261521101,3.26732850075,3.20081233978,3.21061992645,15117568
2025-11-07 21:00:00+00:00,3.21029186249,3.26967597008,3.20629549026,3.26377391815,14442496
2025-11-07 22:00:00+00:00,3.26412558556,3.27154374123,3.23736429214,3.26499557495,9211584
2025-11-07 23:00:00+00:00,3.26422667503,3.28192877769,3.21661496162,3.24109196663,21791360
2025-11-08 00:00:00+00:00,3.2426404953,3.29802393913,3.20574903488,3.20630860329,0
2025-11-08 01:00:00+00:00,3.19817781448,3.39202451706,3.19817781448,3.38928079605,19247168
2025-11-08 02:00:00+00:00,3.38561749458,3.52181482315,3.38561749458,3.44565796852,77638912
2025-11-08 03:00:00+00:00,3.44360876083,3.45364785194,3.37662386894,3.37662386894,9977792
2025-11-08 04:00:00+00:00,3.37521767616,3.42179846764,3.37410187721,3.41090106964,2489216
2025-11-08 05:00:00+00:00,3.4167573452,3.42785024643,3.37883543968,3.37883543968,22025600
2025-11-08 06:00:00+00:00,3.37867760658,3.3819258213,3.28134679794,3.28134679794,24535680
2025-11-08 07:00:00+00:00,3.28257107735,3.28523349762,3.23728108406,3.25747489929,10324416
2025-11-08 08:00:00+00:00,3.2571914196,3.30986094475,3.24109387398,3.30927419662,6378688
2025-11-08 09:00:00+00:00,3.30822014809,3.30822014809,3.22033524513,3.22342896461,0
2025-11-08 10:00:00+00:00,3.22349238396,3.23725938797,3.21572780609,3.23725938797,0
2025-11-08 11:00:00+00:00,3.23702073097,3.2748131752,3.23702073097,3.27032566071,456128
2025-11-08 12:00:00+00:00,3.2730550766,3.27415084839,3.25233960152,3.27094769478,0
2025-11-08 13:00:00+00:00,3.2711930275,3.27761173248,3.24158644676,3.24162602425,1653696
2025-11-08 14:00:00+00:00,3.24057936668,3.24843168259,3.16925740242,3.18951749802,13226112
2025-11-08 15:00:00+00:00,3.18935775757,3.19272184372,3.12559843063,3.12593650818,0
2025-11-08 16:00:00+00:00,3.12588739395,3.16418194771,3.09168386459,3.14776015282,0
2025-11-08 17:00:00+00:00,3.14851498604,3.21195459366,3.14851498604,3.19951915741,0
2025-11-08 18:00:00+00:00,3.19982218742,3.22320342064,3.19982218742,3.21131014824,0
2025-11-08 19:00:00+00:00,3.21065950394,3.21065950394,3.15418386459,3.15961313248,0
2025-11-08 20:00:00+00:00,3.1597878933,3.202501297,3.15304636955,3.20100355148,0
2025-11-08 21:00:00+00:00,3.20100140572,3.20100140572,3.18129181862,3.20004796982,0
2025-11-08 22:00:00+00:00,3.20015835762,3.22456264496,3.20015835762,3.22216725349,0
2025-11-08 23:00:00+00:00,3.21847510338,3.24950575829,3.21847510338,3.24899029732,0
2025-11-09 00:00:00+00:00,3.24982476234,3.29008030891,3.23184013367,3.25118780136,0
2025-11-09 01:00:00+00:00,3.25185441971,3.30031704903,3.2514269352,3.26935744286,0
2025-11-09 02:00:00+00:00,3.26951646805,3.27541184425,3.19371318817,3.19371318817,0
2025-11-09 03:00:00+00:00,3.19492387772,3.20687818527,3.13251638412,3.13258552551,0
2025-11-09 04:00:00+00:00,3.13224983215,3.16239953041,3.11663937569,3.12101149559,0
2025-11-09 05:00:00+00:00,3.1211938858,3.1211938858,3.09229707718,3.10737323761,0
2025-11-09 06:00:00+00:00,3.10710549355,3.1375772953,3.09275841713,3.1296081543,0
2025-11-09 07:00:00+00:00,3.13615179062,3.15746712685,3.13424634933,3.14566230774,0
2025-11-09 08:00:00+00:00,3.14487552643,3.14487552643,3.11245703697,3.11245703697,0
2025-11-09 09:00:00+00:00,3.11266446114,3.12804102898,3.06775069237,3.06775069237,0
2025-11-09 10:00:00+00:00,3.0677280426,3.07955956459,3.04390883446,3.07371783257,4588448
2025-11-09 11:00:00+00:00,3.07540941238,3.15433335304,3.07540941238,3.14511442184,1297696
2025-11-09 12:00:00+00:00,3.14579486847,3.15687155724,3.1349298954,3.14017319679,0
2025-11-09 13:00:00+00:00,3.14056253433,3.21144104004,3.14056253433,3.19714021683,5021280
2025-11-09 14:00:00+00:00,3.19657373428,3.23895311356,3.17857241631,3.22268843651,0
2025-11-09 15:00:00+00:00,3.22064614296,3.25361347198,3.21273946762,3.23117089272,0
2025-11-09 16:00:00+00:00,3.23233127594,3.24441933632,3.20134544373,3.2196252346,0
2025-11-09 17:00:00+00:00,3.2196726799,3.2196726799,3.16700410843,3.17466259003,0
2025-11-09 18:00:00+00:00,3.1745288372,3.23555040359,3.163646698,3.23555040359,2045408
2025-11-09 19:00:00+00:00,3.2356095314,3.2356095314,3.20859146118,3.22136068344,291520
2025-11-09 20:00:00+00:00,3.22156977654,3.22286510468,3.18891310692,3.19116926193,0
2025-11-09 21:00:00+00:00,3.1911945343,3.19889640808,3.18693447113,3.19080805779,0
2025-11-09 22:00:00+00:00,3.19089841843,3.22693753242,3.18943119049,3.2259054184,2309248
2025-11-09 23:00:00+00:00,3.22577857971,3.23607873917,3.20413160324,3.23286676407,6240448
2025-11-10 00:00:00+00:00,3.23247718811,3.26646733284,3.2161898613,3.25971078873,0
2025-11-10 01:00:00+00:00,3.25652599335,3.25890135765,3.21801328659,3.21801328659,0
2025-11-10 02:00:00+00:00,3.21394991875,3.2307240963,3.20895552635,3.21192836761,0
2025-11-10 03:00:00+00:00,3.2233953476,3.26449990273,3.2233953476,3.25464081764,0
2025-11-10 04:00:00+00:00,3.25480175018,3.26150107384,3.22157740593,3.23981332779,0
2025-11-10 05:00:00+00:00,3.23652982712,3.24596500397,3.226375103,3.23984336853,0
2025-11-10 06:00:00+00:00,3.23993206024,3.27134275436,3.23953580856,3.25858569145,12022144
2025-11-10 07:00:00+00:00,3.25859117508,3.26254653931,3.24207496643,3.25562167168,0
2025-11-10 08:00:00+00:00,3.25561904907,3.25802946091,3.21588969231,3.22118186951,1778784
2025-11-10 09:00:00+00:00,3.22247672081,3.2677218914,3.20690107346,3.26537513733,12584576
2025-11-10 10:00:00+00:00,3.26570487022,3.27020740509,3.22618365288,3.22706270218,0
2025-11-10 11:00:00+00:00,3.22697973251,3.26151990891,3.22697973251,3.25477194786,0
2025-11-10 12:00:00+00:00,3.2546069622,3.26535701752,3.23128795624,3.2323744297,0
2025-11-10 13:00:00+00:00,3.23323750496,3.30413484573,3.23323750496,3.29283881187,0
2025-11-10 14:00:00+00:00,3.28627419472,3.28627419472,3.17207932472,3.18602633476,3985696
2025-11-10 15:00:00+00:00,3.18637347221,3.22565174103,3.1689248085,3.17331433296,8655968
2025-11-10 16:00:00+00:00,3.17294740677,3.17539095879,3.13205480576,3.1426589489,25376800
2025-11-10 17:00:00+00:00,3.14493370056,3.20447158813,3.14454221725,3.19204902649,581728
2025-11-10 18:00:00+00:00,3.19282126427,3.21765875816,3.19074869156,3.20409560204,0
2025-11-10 19:00:00+00:00,3.20355582237,3.24651789665,3.19019126892,3.23341560364,0
2025-11-10 20:00:00+00:00,3.23321008682,3.25621366501,3.22867178917,3.24008464813,0
2025-11-10 21:00:00+00:00,3.24082636833,3.24082636833,3.2088766098,3.22711992264,5555328
2025-11-10 22:00:00+00:00,3.22731089592,3.29826021194,3.20709633827,3.29755520821,5240032
2025-11-10 23:00:00+00:00,3.29765892029,3.29765892029,3.25864934921,3.26099658012,0
2025-11-11 00:00:00+00:00,3.26141929626,3.26995134354,3.22243094444,3.24208950996,0
2025-11-11 01:00:00+00:00,3.25222086906,3.36432242393,3.25178790092,3.26880192757,20285376
2025-11-11 02:00:00+00:00,3.26904559135,3.3294916153,3.25528144836,3.3079957962,13532672
2025-11-11 03:00:00+00:00,3.30927371979,3.31883978844,3.29936981201,3.31172370911,0
2025-11-11 04:00:00+00:00,3.31192302704,3.31837320328,3.25290107727,3.25290107727,0
2025-11-11 05:00:00+00:00,3.25301361084,3.25301361084,3.20531272888,3.21614289284,2820256
2025-11-11 06:00:00+00:00,3.21603250504,3.21939325333,3.20181870461,3.20485568047,0
2025-11-11 07:00:00+00:00,3.20494675636,3.20494675636,3.15301060677,3.15301060677,6583520
2025-11-11 08:00:00+00:00,3.15236878395,3.16532516479,3.14805197716,3.16254281998,1746848
2025-11-11 09:00:00+00:00,3.16216015816,3.18098592758,3.15799951553,3.15799951553,0
2025-11-11 10:00:00+00:00,3.15752506256,3.1638174057,3.153247118,3.15986657143,0
2025-11-11 11:00:00+00:00,3.16008257866,3.18994140625,3.16008257866,3.16115784645,24390784
2025-11-11 12:00:00+00:00,3.16216826439,3.18364310265,3.1610724926,3.17666316032,0
2025-11-11 13:00:00+00:00,3.17678880692,3.19939208031,3.1728386879,3.1728386879,0
2025-11-11 14:00:00+00:00,3.17233753204,3.19060921669,3.16053366661,3.19060921669,0
2025-11-11 15:00:00+00:00,3.19240188599,3.20749521255,3.1857881546,3.1902384758,0
2025-11-11 16:00:00+00:00,3.19036722183,3.21035313606,3.18999814987,3.19933009148,0
2025-11-11 17:00:00+00:00,3.19947934151,3.21805071831,3.18578529358,3.19734811783,0
2025-11-11 18:00:00+00:00,3.19653058052,3.19806647301,3.16198682785,3.16796875,0
2025-11-11 19:00:00+00:00,3.16792941093,3.16792941093,3.13175702095,3.13175702095,0
2025-11-11 20:00:00+00:00,3.13123059273,3.13123059273,3.08728885651,3.09012556076,3843264
2025-11-11 21:00:00+00:00,3.08984565735,3.10746908188,3.07094979286,3.08182549477,0
2025-11-11 22:00:00+00:00,3.08099675179,3.11495947838,3.06532239914,3.11456465721,0
2025-11-11 23:00:00+00:00,3.11434316635,3.11434316635,3.05011487007,3.052318573,4519360
2025-11-12 00:00:00+00:00,3.0534658432,3.07601642609,3.04609060287,3.05005908012,1310688
2025-11-12 01:00:00+00:00,3.04794311523,3.08352065086,3.04221272469,3.07102251053,0
2025-11-12 02:00:00+00:00,3.07112407684,3.07795524597,3.04362773895,3.06453728676,0
2025-11-12 03:00:00+00:00,3.06484913826,3.08642172813,3.06484913826,3.08430576324,0
2025-11-12 04:00:00+00:00,3.08450269699,3.09052872658,3.06726837158,3.0752928257,0
2025-11-12 05:00:00+00:00,3.0758061409,3.09508466721,3.0758061409,3.08776640892,0
2025-11-12 06:00:00+00:00,3.08793139458,3.09641313553,3.08297419548,3.08433508873,0
2025-11-12 07:00:00+00:00,3.08390974998,3.08637976646,3.06114554405,3.06114554405,0
2025-11-12 08:00:00+00:00,3.06104826927,3.12322711945,3.06104826927,3.11678647995,0
2025-11-12 09:00:00+00:00,3.11677861214,3.14354801178,3.11523938179,3.13185453415,0
2025-11-12 10:00:00+00:00,3.13221478462,3.13411569595,3.11135172844,3.11135172844,7433216
2025-11-12 11:00:00+00:00,3.11138081551,3.11615014076,3.08942198753,3.08993792534,0
2025-11-12 12:00:00+00:00,3.0895318985,3.10559844971,3.08197689056,3.08300447464,5601728
2025-11-12 13:00:00+00:00,3.08293223381,3.11245417595,3.08105301857,3.11245417595,4717104
2025-11-12 14:00:00+00:00,3.11267948151,3.11802792549,3.05080318451,3.05080318451,7110912
2025-11-12 15:00:00+00:00,3.05193471909,3.05971860886,2.95822310448,2.95879411697,11993936
2025-11-12 16:00:00+00:00,2.96004152298,2.96174311638,2.9111764431,2.9111764431,9134592
2025-11-12 17:00:00+00:00,2.91142034531,2.94334173203,2.89938759804,2.93521785736,5491936
2025-11-12 18:00:00+00:00,2.936160326,2.94126582146,2.9161760807,2.9161760807,1543040
2025-11-12 19:00:00+00:00,2.91586565971,2.91586565971,2.88101267815,2.90432453156,1795264
2025-11-12 20:00:00+00:00,2.90407967567,2.93598127365,2.89880514145,2.92859363556,0
2025-11-12 21:00:00+00:00,2.92856168747,2.93604779243,2.92547225952,2.9322412014,0
2025-11-12 22:00:00+00:00,2.93238520622,2.93607473373,2.91821360588,2.93607473373,0
2025-11-12 23:00:00+00:00,2.93618583679,2.93618583679,2.91934514046,2.9233891964,0
2025-11-13 00:00:00+00:00,2.92348718643,2.94198036194,2.92278242111,2.93151521683,0
2025-11-13 01:00:00+00:00,2.93150043488,2.97317838669,2.93074321747,2.960678339,1475456
2025-11-13 02:00:00+00:00,2.96061849594,2.96990513802,2.95053672791,2.95053672791,0
2025-11-13 03:00:00+00:00,2.95076298714,2.99984312057,2.93444848061,2.99499130249,4626016
2025-11-13 04:00:00+00:00,2.99435162544,3.0041809082,2.97449278831,2.99591803551,380768
2025-11-13 05:00:00+00:00,2.99593257904,3.02444839478,2.98312020302,3.02438426018,2027072
2025-11-13 06:00:00+00:00,3.02403378487,3.039311409,3.01857972145,3.03019070625,2484128
2025-11-13 07:00:00+00:00,3.03024601936,3.03024601936,2.9804558754,2.9804558754,5857664
2025-11-13 08:00:00+00:00,2.98068022728,3.00028300285,2.97631788254,2.98978304863,861184
2025-11-13 09:00:00+00:00,2.98990654945,2.98990654945,2.96311640739,2.96933460236,1563392
2025-11-13 10:00:00+00:00,2.96928286552,2.99570584297,2.96928286552,2.97594857216,0
2025-11-13 11:00:00+00:00,2.97611927986,3.00062227249,2.97611927986,2.99655008316,0
2025-11-13 12:00:00+00:00,2.99674892426,3.00473999977,2.99391794205,3.00155353546,0
2025-11-13 13:00:00+00:00,3.00170612335,3.0081217289,2.98056411743,2.99073219299,0
2025-11-13 14:00:00+00:00,2.99063706398,3.01468276978,2.97665166855,3.01252698898,0
2025-11-13 15:00:00+00:00,3.01200890541,3.02929997444,2.95406222343,2.95957922935,0
2025-11-13 16:00:00+00:00,2.96098065376,2.97367525101,2.91885256767,2.91885256767,0
2025-11-13 17:00:00+00:00,2.91953516006,2.92707753181,2.86888384819,2.86943292618,2855712
2025-11-13 18:00:00+00:00,2.8687286377,2.8687286377,2.808416605,2.82163691521,30582992
2025-11-13 19:00:00+00:00,2.82411694527,2.83488249779,2.79126596451,2.79159164429,6135552
2025-11-13 20:00:00+00:00,2.79179620743,2.80473089218,2.77994728088,2.78631687164,8054624
2025-11-13 21:00:00+00:00,2.78667664528,2.79530215263,2.77004623413,2.78467774391,3743936
2025-11-13 22:00:00+00:00,2.78437852859,2.84528756142,2.78296995163,2.84528756142,6832320
2025-11-13 23:00:00+00:00,2.84610152245,2.8736577034,2.84127306938,2.86142277718,3945376
2025-11-14 00:00:00+00:00,2.86120080948,2.87346863747,2.83916449547,2.84419703484,4835040
2025-11-14 01:00:00+00:00,2.84368824959,2.85483241081,2.83975505829,2.83975505829,0
2025-11-14 02:00:00+00:00,2.83967852592,2.86512088776,2.83860039711,2.8512263298,3553184
2025-11-14 03:00:00+00:00,2.85287809372,2.86383509636,2.84171414375,2.84784007072,604480
2025-11-14 04:00:00+00:00,2.84862470627,2.85292243958,2.77165675163,2.8247795105,10627232
2025-11-14 05:00:00+00:00,2.8245742321,2.87395405769,2.8245742321,2.87395405769,7807584
2025-11-14 06:00:00+00:00,2.87435317039,2.89581108093,2.85159540176,2.89581108093,8608384
2025-11-14 07:00:00+00:00,2.91070389748,2.91224455833,2.89134502411,2.89181947708,1592384
2025-11-14 08:00:00+00:00,2.89168930054,2.89168930054,2.86006212234,2.86227083206,1882400
2025-11-14 09:00:00+00:00,2.86253547668,2.86712431908,2.8271009922,2.8304746151,3409888
2025-11-14 10:00:00+00:00,2.83006477356,2.86388039589,2.83006477356,2.86251664162,78400
2025-11-14 11:00:00+00:00,2.86159443855,2.86159443855,2.83014154434,2.83312296867,2199008
2025-11-14 12:00:00+00:00,2.83211898804,2.83240771294,2.77213287354,2.82502388954,16658624
2025-11-14 13:00:00+00:00,2.82350945473,2.83299255371,2.80709815025,2.82846903801,4234848
2025-11-14 14:00:00+00:00,2.82952451706,2.87394428253,2.80910134315,2.86303710938,4731776
2025-11-14 15:00:00+00:00,2.86313247681,2.88699126244,2.84893321991,2.86431050301,0
2025-11-14 16:00:00+00:00,2.863468647,2.88273763657,2.8502240181,2.87868928909,0
2025-11-14 17:00:00+00:00,2.87897610664,2.88671684265,2.85032629967,2.85329532623,0
2025-11-14 18:00:00+00:00,2.85292243958,2.87769365311,2.84927630424,2.84941768646,0
2025-11-14 19:00:00+00:00,2.84879660606,2.88589715958,2.84863257408,2.87926459312,0
2025-11-14 20:00:00+00:00,2.87986707687,2.88368868828,2.80515432358,2.81264710426,0
2025-11-14 21:00:00+00:00,2.81300711632,2.85088968277,2.81150603294,2.85034775734,12607744
2025-11-14 22:00:00+00:00,2.8519756794,2.87718868256,2.84535455704,2.84535837173,5874304
2025-11-14 23:00:00+00:00,2.84567022324,2.84812831879,2.78791165352,2.80976605415,4526368
2025-11-15 00:00:00+00:00,2.81025981903,2.84777903557,2.81025981903,2.83734369278,0
2025-11-15 01:00:00+00:00,2.83751177788,2.87202548981,2.83443617821,2.87072491646,492128
2025-11-15 02:00:00+00:00,2.87098383904,2.8806886673,2.86546564102,2.8806886673,0
2025-11-15 03:00:00+00:00,2.88159823418,2.89960932732,2.88159823418,2.88455295563,0
2025-11-15 04:00:00+00:00,2.88470077515,2.89027047157,2.88034057617,2.88094758987,0
2025-11-15 05:00:00+00:00,2.88074278831,2.89959621429,2.87287306786,2.89941644669,0
2025-11-15 06:00:00+00:00,2.8996193409,2.945094347,2.8978767395,2.92847681046,44864
2025-11-15 07:00:00+00:00,2.92848801613,2.92848801613,2.90880846977,2.91606378555,0
2025-11-15 08:00:00+00:00,2.91598010063,2.91598010063,2.86025309563,2.86077213287,0
2025-11-15 09:00:00+00:00,2.86070656776,2.88540434837,2.85992670059,2.86559271812,0
2025-11-15 10:00:00+00:00,2.86576342583,2.8855702877,2.86145043373,2.8855702877,0
2025-11-15 11:00:00+00:00,2.8855946064,2.89151787758,2.85147070885,2.85387706757,0
2025-11-15 12:00:00+00:00,2.8540289402,2.89435148239,2.85114860535,2.89430594444,0
2025-11-15 13:00:00+00:00,2.89358639717,2.92330098152,2.89343357086,2.90684652328,0
2025-11-15 14:00:00+00:00,2.90635061264,2.90788054466,2.87469816208,2.87780022621,0
2025-11-15 15:00:00+00:00,2.87779855728,2.87779855728,2.86882328987,2.87231707573,0
2025-11-15 16:00:00+00:00,2.87228608131,2.87228608131,2.84514856339,2.86645245552,0
2025-11-15 17:00:00+00:00,2.86838984489,2.87910199165,2.86322617531,2.87894821167,0
2025-11-15 18:00:00+00:00,2.8791744709,2.88738775253,2.86708188057,2.86708188057,0
2025-11-15 19:00:00+00:00,2.86742377281,2.87122035027,2.86127853394,2.86268162727,0
2025-11-15 20:00:00+00:00,2.86285471916,2.86285471916,2.84495544434,2.84512257576,0
2025-11-15 21:00:00+00:00,2.84490275383,2.85659384727,2.8231947422,2.82493138313,0
2025-11-15 22:00:00+00:00,2.82486772537,2.84843301773,2.82442259789,2.84843301773,0
2025-11-15 23:00:00+00:00,2.84815239906,2.84864377975,2.83126831055,2.83126831055,0
2025-11-16 00:00:00+00:00,2.83134365082,2.83203625679,2.80667638779,2.82829904556,1678816
2025-11-16 01:00:00+00:00,2.82783675194,2.82783675194,2.79350566864,2.8119726181,698304
2025-11-16 02:00:00+00:00,2.81233644485,2.85455393791,2.8107521534,2.8539712429,1755520
2025-11-16 03:00:00+00:00,2.85445094109,2.87028455734,2.8528316021,2.86597132683,0
2025-11-16 04:00:00+00:00,2.8666741848,2.86896371841,2.85194993019,2.85761475563,0
2025-11-16 05:00:00+00:00,2.85855007172,2.87714982033,2.85847234726,2.86824226379,0
2025-11-16 06:00:00+00:00,2.86396169662,2.87299990654,2.86253595352,2.86253595352,0
2025-11-16 07:00:00+00:00,2.86230158806,2.87207722664,2.85562157631,2.87207722664,193648
2025-11-16 08:00:00+00:00,2.87225031853,2.87328457832,2.8563284874,2.86290287971,0
2025-11-16 09:00:00+00:00,2.86300563812,2.88618350029,2.86023902893,2.88618350029,0
2025-11-16 10:00:00+00:00,2.88652944565,2.89268445969,2.88584733009,2.88936185837,1470896
2025-11-16 11:00:00+00:00,2.88930535316,2.89074325562,2.82282447815,2.82618832588,0
2025-11-16 12:00:00+00:00,2.82594323158,2.83684682846,2.81965279579,2.83247184753,2148720
2025-11-16 13:00:00+00:00,2.83252382278,2.83685588837,2.7977707386,2.80432415009,0
2025-11-16 14:00:00+00:00,2.80433940887,2.82978868484,2.80433940887,2.82784533501,0
2025-11-16 15:00:00+00:00,2.82776713371,2.82776713371,2.78098654747,2.78098654747,1273472
2025-11-16 16:00:00+00:00,2.77968335152,2.78421592712,2.73042201996,2.73042201996,6242672
2025-11-16 17:00:00+00:00,2.73004126549,2.73115181923,2.7057094574,2.70689845085,10868928
2025-11-16 18:00:00+00:00,2.71323871613,2.78712749481,2.71323871613,2.73154330254,12620192
2025-11-16 19:00:00+00:00,2.73178887367,2.76954221725,2.73175811768,2.73923707008,4584176
2025-11-16 20:00:00+00:00,2.73919892311,2.76419639587,2.73824071884,2.75169491768,0
2025-11-16 21:00:00+00:00,2.75134921074,2.75134921074,2.71933579445,2.74345588684,515760
2025-11-16 22:00:00+00:00,2.74380779266,2.7802169323,2.73081755638,2.77692437172,3387920
2025-11-16 23:00:00+00:00,2.77642440796,2.799066782,2.74044060707,2.7873237133,5802432
2025-11-17 00:00:00+00:00,2.78742051125,2.83063268661,2.77874326706,2.82594776154,3979552
2025-11-17 01:00:00+00:00,2.82528328896,2.8261384964,2.79478359222,2.79478359222,0
2025-11-17 02:00:00+00:00,2.79466104507,2.81375861168,2.79349708557,2.81093096733,0
2025-11-17 03:00:00+00:00,2.8113155365,2.83140921593,2.8113155365,2.82204723358,5813584
2025-11-17 04:00:00+00:00,2.82166862488,2.82572627068,2.81412148476,2.81412148476,1595568
2025-11-17 05:00:00+00:00,2.8141515255,2.81734919548,2.80989909172,2.81485652924,542752
2025-11-17 06:00:00+00:00,2.81438183784,2.82914066315,2.80898165703,2.82914066315,0
2025-11-17 07:00:00+00:00,2.82913327217,2.83603024483,2.82853913307,2.82978439331,737536
2025-11-17 08:00:00+00:00,2.83018946648,2.83250308037,2.82361125946,2.8247833252,0
2025-11-17 09:00:00+00:00,2.82474565506,2.82827377319,2.81517148018,2.81517148018,13341408
2025-11-17 10:00:00+00:00,2.81518650055,2.81959223747,2.8096241951,2.8096241951,203840
2025-11-17 11:00:00+00:00,2.80964446068,2.83725571632,2.80850076675,2.82988023758,0
2025-11-17 12:00:00+00:00,2.82989764214,2.82996821404,2.8198800087,2.82255458832,0
2025-11-17 13:00:00+00:00,2.82376742363,2.82411384583,2.74652600288,2.75400114059,942960
2025-11-17 14:00:00+00:00,2.7535405159,2.84199285507,2.75168585777,2.81118869781,18407680
2025-11-17 15:00:00+00:00,2.81111192703,2.81647133827,2.77128529549,2.7719912529,5729168
2025-11-17 16:00:00+00:00,2.77199172974,2.78566265106,2.72414422035,2.78566265106,0
2025-11-17 17:00:00+00:00,2.78562545776,2.78802204132,2.71508002281,2.71529364586,0
2025-11-17 18:00:00+00:00,2.71538805962,2.73212647438,2.67781829834,2.69455194473,1787024
2025-11-17 19:00:00+00:00,2.69469976425,2.69835519791,2.64763975143,2.65189218521,7400752
2025-11-17 20:00:00+00:00,2.6513376236,2.65717816353,2.63182353973,2.65647983551,10178768
2025-11-17 21:00:00+00:00,2.65637874603,2.66752791405,2.63383197784,2.64652299881,1807856
2025-11-17 22:00:00+00:00,2.64933538437,2.67661976814,2.64432501793,2.66765904427,0
2025-11-17 23:00:00+00:00,2.66726994514,2.66726994514,2.64810156822,2.66193819046,0
2025-11-18 00:00:00+00:00,2.6614882946,2.66767811775,2.63209843636,2.66560816765,2590240
2025-11-18 01:00:00+00:00,2.66575312614,2.69079136848,2.66575312614,2.68208098412,353056
2025-11-18 02:00:00+00:00,2.68281888962,2.72543072701,2.66608190536,2.69701051712,11152064
2025-11-18 03:00:00+00:00,2.69506812096,2.73951649666,2.67480373383,2.7309319973,7574368
2025-11-18 04:00:00+00:00,2.73563218117,2.73574090004,2.70888996124,2.73129916191,5502080
2025-11-18 05:00:00+00:00,2.73245954514,2.75116825104,2.7320663929,2.73309087753,3506496
2025-11-18 06:00:00+00:00,2.73315215111,2.73366236687,2.70941019058,2.71455574036,425120
2025-11-18 07:00:00+00:00,2.7146730423,2.72623205185,2.70728421211,2.72132277489,5250368
2025-11-18 08:00:00+00:00,2.72118258476,2.74851083755,2.72118258476,2.74414539337,5952896
2025-11-18 09:00:00+00:00,2.74414539337,2.74414539337,2.71974539757,2.71974539757,0
2025-11-18 10:00:00+00:00,2.71953701973,2.7257733345,2.71167516708,2.72141337395,5157632
2025-11-18 11:00:00+00:00,2.72189188004,2.72362732887,2.7088971138,2.71039009094,0
2025-11-18 12:00:00+00:00,2.7103574276,2.71629929543,2.69690418243,2.70969772339,1220768
2025-11-18 13:00:00+00:00,2.71072483063,2.71072483063,2.69368863106,2.70473694801,0
2025-11-18 14:00:00+00:00,2.70418310165,2.73582816124,2.69978713989,2.70726752281,8346976
2025-11-18 15:00:00+00:00,2.70623970032,2.76107168198,2.69773674011,2.74853277206,0
2025-11-18 16:00:00+00:00,2.74801921844,2.79560852051,2.74308133125,2.78456616402,0
2025-11-18 17:00:00+00:00,2.78460812569,2.78860616684,2.76424980164,2.76859521866,0
2025-11-18 18:00:00+00:00,2.76847505569,2.79671764374,2.76847505569,2.78704094887,0
2025-11-18 19:00:00+00:00,2.7815155983,2.79363846779,2.77785158157,2.77814507484,0
2025-11-18 20:00:00+00:00,2.78078722954,2.78078722954,2.76594614983,2.76826786995,0
2025-11-18 21:00:00+00:00,2.76789259911,2.76789259911,2.73758339882,2.73758339882,0
2025-11-18 22:00:00+00:00,2.73732733727,2.77427363396,2.73574852943,2.76908421516,0
2025-11-18 23:00:00+00:00,2.76923465729,2.76923465729,2.75110697746,2.7538228035,0
2025-11-19 00:00:00+00:00,2.75378012657,2.75378012657,2.72816348076,2.75175762177,0
2025-11-19 01:00:00+00:00,2.75087118149,2.75506877899,2.73659229279,2.73919129372,0
2025-11-19 02:00:00+00:00,2.74087524414,2.76331186295,2.74087524414,2.75346255302,0
2025-11-19 03:00:00+00:00,2.75286221504,2.75286221504,2.71874952316,2.72038292885,0
2025-11-19 04:00:00+00:00,2.71957826614,2.71960687637,2.7064344883,2.70904302597,0
2025-11-19 05:00:00+00:00,2.70866632462,2.70866632462,2.64466953278,2.65219664574,2444864
2025-11-19 06:00:00+00:00,2.65274834633,2.68085885048,2.65274834633,2.68065857887,1965168
2025-11-19 07:00:00+00:00,2.68095755577,2.70761203766,2.68095755577,2.70711779594,0
2025-11-19 08:00:00+00:00,2.70727801323,2.71482992172,2.70282244682,2.70468831062,0
2025-11-19 09:00:00+00:00,2.70426225662,2.71082854271,2.69377779961,2.71082854271,0
2025-11-19 10:00:00+00:00,2.71049141884,2.72443413734,2.70915532112,2.71541905403,0
2025-11-19 11:00:00+00:00,2.71438574791,2.7173230648,2.70385193825,2.7039847374,0
2025-11-19 12:00:00+00:00,2.70387339592,2.72131586075,2.70172905922,2.71836709976,1263440
2025-11-19 13:00:00+00:00,2.72035717964,2.72474884987,2.70135521889,2.70151591301,1013968
2025-11-19 14:00:00+00:00,2.70163559914,2.70163559914,2.67730498314,2.69116926193,2907472
2025-11-19 15:00:00+00:00,2.69324231148,2.72399711609,2.64450740814,2.64450740814,0
2025-11-19 16:00:00+00:00,2.64397120476,2.65641236305,2.60844969749,2.60844969749,984784
2025-11-19 17:00:00+00:00,2.61105012894,2.61249923706,2.58227157593,2.60553193092,5475280
2025-11-19 18:00:00+00:00,2.60690021515,2.61340022087,2.57306814194,2.58197402954,3729888
2025-11-19 19:00:00+00:00,2.58599662781,2.59764409065,2.58231472969,2.59764409065,1742192
2025-11-19 20:00:00+00:00,2.59662270546,2.62914848328,2.58555269241,2.62914848328,3942816
2025-11-19 21:00:00+00:00,2.62937831879,2.67983222008,2.6277987957,2.67983222008,11242624
2025-11-19 22:00:00+00:00,2.67926049232,2.67926049232,2.65587043762,2.66018891335,143344
2025-11-19 23:00:00+00:00,2.66020131111,2.69328689575,2.66020131111,2.68799090385,4421552
2025-11-20 00:00:00+00:00,2.68817329407,2.68967652321,2.67094612122,2.67094612122,3234400
2025-11-20 01:00:00+00:00,2.67118620872,2.69179177284,2.67118620872,2.69093441963,1509728
2025-11-20 02:00:00+00:00,2.69075345993,2.70469546318,2.68925046921,2.70469546318,4675584
2025-11-20 03:00:00+00:00,2.70463061333,2.70600271225,2.6994998455,2.70270609856,0
2025-11-20 04:00:00+00:00,2.70273566246,2.71531176567,2.70014858246,2.71531176567,743536
2025-11-20 05:00:00+00:00,2.71679806709,2.73599386215,2.71679806709,2.7219171524,0
2025-11-20 06:00:00+00:00,2.72107172012,2.72330188751,2.71232151985,2.71518540382,0
2025-11-20 07:00:00+00:00,2.7183508873,2.73753118515,2.71732711792,2.73753118515,887120
2025-11-20 08:00:00+00:00,2.7373445034,2.74739050865,2.73599672318,2.74462652206,771312
2025-11-20 09:00:00+00:00,2.74485039711,2.76165533066,2.74485039711,2.75417137146,3480016
2025-11-20 10:00:00+00:00,2.75420928001,2.75657057762,2.7391397953,2.75477576256,1286992
2025-11-20 11:00:00+00:00,2.75514912605,2.75883793831,2.7473731041,2.75451350212,449408
2025-11-20 12:00:00+00:00,2.75433015823,2.79546880722,2.75271129608,2.79546880722,0
2025-11-20 13:00:00+00:00,2.79581475258,2.80160593987,2.78274345398,2.79167723656,5463248
2025-11-20 14:00:00+00:00,2.79028964043,2.79513263702,2.75761985779,2.78779554367,0
2025-11-20 15:00:00+00:00,2.7878112793,2.7878112793,2.7336294651,2.7336294651,0
2025-11-20 16:00:00+00:00,2.73244333267,2.73244333267,2.592648983,2.592648983,12725664
2025-11-20 17:00:00+00:00,2.59224867821,2.59571671486,2.54889321327,2.55510401726,8345248
2025-11-20 18:00:00+00:00,2.55499219894,2.56917333603,2.52751922607,2.52757358551,5279840
2025-11-20 19:00:00+00:00,2.5279519558,2.5493183136,2.51373243332,2.54923987389,9917040
2025-11-20 20:00:00+00:00,2.54851746559,2.55063867569,2.52579188347,2.5390355587,2020416
2025-11-20 21:00:00+00:00,2.53832530975,2.58790445328,2.53823518753,2.57781910896,0
2025-11-20 22:00:00+00:00,2.57761502266,2.61368775368,2.5743033886,2.59346437454,3760272
2025-11-20 23:00:00+00:00,2.59251737595,2.59306383133,2.5395655632,2.5395655632,1251984
2025-11-21 00:00:00+00:00,2.53935551643,2.57031702995,2.53935551643,2.56704163551,0
2025-11-21 01:00:00+00:00,2.56856131554,2.58563613892,2.56271839142,2.57409691811,0
2025-11-21 02:00:00+00:00,2.57366657257,2.57366657257,2.53218960762,2.53218960762,159728
2025-11-21 03:00:00+00:00,2.53214383125,2.55512189865,2.5269677639,2.5433113575,4882832
2025-11-21 04:00:00+00:00,2.54255342484,2.54255342484,2.50430655479,2.53557467461,196784
2025-11-21 05:00:00+00:00,2.5354924202,2.53882098198,2.51870822906,2.51870822906,0
2025-11-21 06:00:00+00:00,2.51889967918,2.52040195465,2.507802248,2.51671361923,0
2025-11-21 07:00:00+00:00,2.51638031006,2.51638031006,2.37674450874,2.39889121056,33387776
2025-11-21 08:00:00+00:00,2.39917325974,2.43564581871,2.39657497406,2.42633056641,12062432
2025-11-21 09:00:00+00:00,2.42490196228,2.43432855606,2.36126494408,2.36676764488,8519488
2025-11-21 10:00:00+00:00,2.36351490021,2.38842082024,2.35949468613,2.37974739075,9783776
2025-11-21 11:00:00+00:00,2.37931275368,2.38735103607,2.34051394463,2.34154057503,5546016
2025-11-21 12:00:00+00:00,2.34118652344,2.38990020752,2.31367325783,2.3781337738,18343648
2025-11-21 13:00:00+00:00,2.37795901299,2.40742731094,2.3765847683,2.40696024895,710784
2025-11-21 14:00:00+00:00,2.40587830544,2.42337274551,2.37698197365,2.41801857948,4570944
2025-11-21 15:00:00+00:00,2.41829109192,2.41829109192,2.35445427895,2.35482954979,2616576
2025-11-21 16:00:00+00:00,2.35604786873,2.40520811081,2.33589291573,2.40520811081,0
2025-11-21 17:00:00+00:00,2.407289505,2.42902779579,2.4063744545,2.40646648407,0
2025-11-21 18:00:00+00:00,2.40365338326,2.41242408752,2.36177968979,2.4093208313,0
2025-11-21 19:00:00+00:00,2.40946912766,2.4100883007,2.37327957153,2.37327957153,0
2025-11-21 20:00:00+00:00,2.37353253365,2.37447118759,2.32777285576,2.34305262566,588448
2025-11-21 21:00:00+00:00,2.34252071381,2.37681317329,2.33462786674,2.3733317852,2275840
2025-11-21 22:00:00+00:00,2.37346673012,2.3745803833,2.30469179153,2.3061811924,0
2025-11-21 23:00:00+00:00,2.30614995956,2.34898805618,2.28289937973,2.34537792206,2097664
2025-11-22 00:00:00+00:00,2.34552097321,2.35103559494,2.32101202011,2.33154726028,0
2025-11-22 01:00:00+00:00,2.33161187172,2.3529291153,2.33161187172,2.35154652596,0
2025-11-22 02:00:00+00:00,2.35175704956,2.35366868973,2.32341551781,2.32428431511,0
2025-11-22 03:00:00+00:00,2.32662081718,2.3370218277,2.32165431976,2.32338094711,0
2025-11-22 04:00:00+00:00,2.32284903526,2.32296466827,2.27486586571,2.2897131443,1920640
2025-11-22 05:00:00+00:00,2.29100561142,2.29951858521,2.26921463013,2.28281521797,1150752
2025-11-22 06:00:00+00:00,2.28263044357,2.3129658699,2.27274298668,2.3129658699,2134112
2025-11-22 07:00:00+00:00,2.3128592968,2.31606864929,2.29980397224,2.31000685692,0
2025-11-22 08:00:00+00:00,2.31020021439,2.31118965149,2.28038716316,2.28186607361,0
2025-11-22 09:00:00+00:00,2.28131771088,2.30941104889,2.27917790413,2.30425524712,0
2025-11-22 10:00:00+00:00,2.30408167839,2.30957174301,2.29021263123,2.29354000092,0
2025-11-22 11:00:00+00:00,2.29360508919,2.31668901443,2.29360508919,2.31493854523,0
2025-11-22 12:00:00+00:00,2.31491303444,2.31491303444,2.28685212135,2.28796219826,0
2025-11-22 13:00:00+00:00,2.28708577156,2.28708577156,2.26368999481,2.26667141914,0
2025-11-22 14:00:00+00:00,2.26681470871,2.30696225166,2.26681470871,2.30341887474,0
2025-11-22 15:00:00+00:00,2.30337309837,2.30548834801,2.28026604652,2.2808072567,0
2025-11-22 16:00:00+00:00,2.28185653687,2.30706572533,2.2815964222,2.30556440353,0
2025-11-22 17:00:00+00:00,2.30538702011,2.30538702011,2.28829097748,2.28829097748,0
2025-11-22 18:00:00+00:00,2.2888841629,2.30010414124,2.28694057465,2.29736471176,0
2025-11-22 19:00:00+00:00,2.29763650894,2.30246400833,2.28697133064,2.29445719719,0
2025-11-22 20:00:00+00:00,2.29442429543,2.30367350578,2.28398633003,2.28807759285,0
2025-11-22 21:00:00+00:00,2.28794789314,2.30503129959,2.28794789314,2.30503129959,0
2025-11-22 22:00:00+00:00,2.30518221855,2.33556509018,2.29857063293,2.33313798904,0
2025-11-22 23:00:00+00:00,2.3324432373,2.33252263069,2.30805325508,2.30950689316,0
2025-11-23 00:00:00+00:00,2.30989336967,2.32420897484,2.30538153648,2.30538153648,19664
2025-11-23 01:00:00+00:00,2.30585861206,2.34333157539,2.30585861206,2.34246635437,3279392
2025-11-23 02:00:00+00:00,2.34219026566,2.35389566422,2.33745980263,2.34522986412,1364880
2025-11-23 03:00:00+00:00,2.3451256752,2.3451256752,2.33308982849,2.34261083603,0
2025-11-23 04:00:00+00:00,2.3446867466,2.36158061028,2.34386491776,2.35464882851,0
2025-11-23 05:00:00+00:00,2.35441446304,2.3558344841,2.34733915329,2.35324835777,0
2025-11-23 06:00:00+00:00,2.3534154892,2.35856795311,2.34449720383,2.34801793098,0
2025-11-23 07:00:00+00:00,2.34811019897,2.34870362282,2.3275706768,2.3374145031,0
2025-11-23 08:00:00+00:00,2.33761119843,2.34840488434,2.33761119843,2.34779572487,0
2025-11-23 09:00:00+00:00,2.34744572639,2.35385203362,2.3473637104,2.35006213188,0
2025-11-23 10:00:00+00:00,2.34991383553,2.34991383553,2.33867383003,2.34230804443,0
2025-11-23 11:00:00+00:00,2.34136962891,2.34136962891,2.32258963585,2.33535146713,344944
2025-11-23 12:00:00+00:00,2.33535885811,2.35497951508,2.33535885811,2.34441900253,483328
2025-11-23 13:00:00+00:00,2.34468507767,2.34586548805,2.33326172829,2.34263658524,0
2025-11-23 14:00:00+00:00,2.34205532074,2.34979152679,2.31571125984,2.31571125984,0
2025-11-23 15:00:00+00:00,2.31573343277,2.32684803009,2.31350684166,2.32684803009,1646080
2025-11-23 16:00:00+00:00,2.32622504234,2.32726359367,2.31177949905,2.3178730011,0
2025-11-23 17:00:00+00:00,2.317237854,2.317237854,2.28129959106,2.28292560577,2348960
2025-11-23 18:00:00+00:00,2.2830119133,2.30364060402,2.2830119133,2.29017591476,907744
2025-11-23 19:00:00+00:00,2.29055285454,2.31929469109,2.29055285454,2.31314063072,1415488
2025-11-23 20:00:00+00:00,2.31323862076,2.31323862076,2.30161881447,2.30323457718,0
2025-11-23 21:00:00+00:00,2.30312347412,2.32398319244,2.29686307907,2.32398319244,613088
2025-11-23 22:00:00+00:00,2.32355546951,2.32355546951,2.30455136299,2.31056332588,0
2025-11-23 23:00:00+00:00,2.31255888939,2.31255888939,2.25567722321,2.25573444366,6362720
2025-11-24 00:00:00+00:00,2.25558829308,2.29231119156,2.2492647171,2.28445768356,5430288
2025-11-24 01:00:00+00:00,2.2838511467,2.2868077755,2.26669168472,2.2868077755,4611072
2025-11-24 02:00:00+00:00,2.28675675392,2.33071017265,2.28675675392,2.31145238876,4703952
2025-11-24 03:00:00+00:00,2.31439471245,2.32185697556,2.30666804314,2.31357526779,1342624
2025-11-24 04:00:00+00:00,2.31357526779,2.31847548485,2.27804303169,2.27804303169,699552
2025-11-24 05:00:00+00:00,2.27782487869,2.3278670311,2.27716517448,2.30096936226,3683120
2025-11-24 06:00:00+00:00,2.30079889297,2.30178809166,2.27773880959,2.28157615662,1184784
2025-11-24 07:00:00+00:00,2.28176736832,2.2956802845,2.27821350098,2.28893041611,0
2025-11-24 08:00:00+00:00,2.28807115555,2.29420638084,2.2828745842,2.29420638084,2072912
2025-11-24 09:00:00+00:00,2.29412674904,2.29412674904,2.2452890873,2.24870705605,2669056
2025-11-24 10:00:00+00:00,2.2485935688,2.25794243813,2.2476079464,2.25711584091,817936
2025-11-24 11:00:00+00:00,2.25689172745,2.27710819244,2.25472331047,2.27710819244,105952
2025-11-24 12:00:00+00:00,2.27699756622,2.27837347984,2.2554705143,2.25599050522,165264
2025-11-24 13:00:00+00:00,2.25660181046,2.29301810265,2.25660181046,2.2819070816,3443952
2025-11-24 14:00:00+00:00,2.28212141991,2.29899859428,2.26551270485,2.28048634529,3557568
2025-11-24 15:00:00+00:00,2.28189134598,2.30461096764,2.27470612526,2.29725146294,3789232
2025-11-24 16:00:00+00:00,2.29765987396,2.31420516968,2.29765987396,2.30407905579,2059632
2025-11-24 17:00:00+00:00,2.30740880966,2.35172152519,2.30527472496,2.35172152519,6172800
2025-11-24 18:00:00+00:00,2.35238337517,2.36442112923,2.34946584702,2.35346579552,5746848
2025-11-24 19:00:00+00:00,2.35346579552,2.36678910255,2.35315442085,2.35802459717,2280624
2025-11-24 20:00:00+00:00,2.35821413994,2.39385509491,2.35821413994,2.38909769058,5353504
2025-11-24 21:00:00+00:00,2.38883757591,2.38883757591,2.36277866364,2.36315083504,3059120
2025-11-24 22:00:00+00:00,2.36363768578,2.37177324295,2.35733103752,2.36093211174,557840
2025-11-24 23:00:00+00:00,2.36191010475,2.36191010475,2.33888626099,2.33888626099,0
2025-11-25 00:00:00+00:00,2.33937525749,2.34305524826,2.33514142036,2.34096837044,0
2025-11-25 01:00:00+00:00,2.34081101418,2.34574127197,2.32839107513,2.32839107513,0
2025-11-25 02:00:00+00:00,2.32787919044,2.32787919044,2.30698490143,2.3219537735,0
2025-11-25 03:00:00+00:00,2.32214570045,2.33025765419,2.31304764748,2.31392478943,0
2025-11-25 04:00:00+00:00,2.31416201591,2.32596731186,2.31380152702,2.32596731186,0
2025-11-25 05:00:00+00:00,2.3259305954,2.3259305954,2.31268572807,2.31268572807,0
2025-11-25 06:00:00+00:00,2.31262207031,2.31262207031,2.28714513779,2.2906472683,0
2025-11-25 07:00:00+00:00,2.29047870636,2.29575252533,2.27075314522,2.27075314522,1630016
2025-11-25 08:00:00+00:00,2.27075695992,2.27634501457,2.26037311554,2.26037311554,2263376
2025-11-25 09:00:00+00:00,2.25817322731,2.27009606361,2.24924015999,2.27009606361,1360096
2025-11-25 10:00:00+00:00,2.27000808716,2.27272295952,2.26281094551,2.27196907997,567568
2025-11-25 11:00:00+00:00,2.27197432518,2.27197432518,2.25473594666,2.25490832329,165136
2025-11-25 12:00:00+00:00,2.25480294228,2.27426528931,2.25480294228,2.26806354523,1435920
2025-11-25 13:00:00+00:00,2.26749658585,2.2722287178,2.23466539383,2.23579096794,2782112
2025-11-25 14:00:00+00:00,2.23743128777,2.23750662804,2.19295716286,2.20246744156,6532272
2025-11-25 15:00:00+00:00,2.20339751244,2.23135352135,2.18550205231,2.22317552567,3884192
2025-11-25 16:00:00+00:00,2.22275042534,2.25409698486,2.22134065628,2.25309872627,1067568
2025-11-25 17:00:00+00:00,2.25301003456,2.28541898727,2.25189995766,2.27682352066,0
2025-11-25 18:00:00+00:00,2.2766661644,2.2843670845,2.2689974308,2.27212643623,0
2025-11-25 19:00:00+00:00,2.2713060379,2.27133178711,2.23725271225,2.25833320618,0
2025-11-25 20:00:00+00:00,2.25919556618,2.28550434113,2.25919556618,2.28257441521,0
2025-11-25 21:00:00+00:00,2.28197693825,2.28685116768,2.27813768387,2.28004026413,0
2025-11-25 22:00:00+00:00,2.27827572823,2.2887005806,2.25323963165,2.2887005806,1450512
2025-11-25 23:00:00+00:00,2.29031610489,2.31117773056,2.28925991058,2.29445791245,2705296
2025-11-26 00:00:00+00:00,2.29725241661,2.29917478561,2.29052615166,2.29068541527,0
2025-11-26 01:00:00+00:00,2.2907834053,2.30146193504,2.2852602005,2.2907602787,12800
2025-11-26 02:00:00+00:00,2.29155015945,2.29565525055,2.28789186478,2.28789186478,0
2025-11-26 03:00:00+00:00,2.28790903091,2.29005861282,2.26895880699,2.26895880699,0
2025-11-26 04:00:00+00:00,2.26875114441,2.27224206924,2.26390480995,2.26792383194,0
2025-11-26 05:00:00+00:00,2.26789164543,2.29087805748,2.26644730568,2.29069495201,10630224
2025-11-26 06:00:00+00:00,2.29034423828,2.30057263374,2.28344941139,2.30057263374,0
2025-11-26 07:00:00+00:00,2.30041503906,2.31377863884,2.29814291,2.31377863884,3786880
2025-11-26 08:00:00+00:00,2.31323838234,2.31323838234,2.29342317581,2.29342317581,0
2025-11-26 09:00:00+00:00,2.29309916496,2.29315328598,2.27055025101,2.27055025101,0
2025-11-26 10:00:00+00:00,2.26954460144,2.27213120461,2.25904893875,2.26971745491,3471040
2025-11-26 11:00:00+00:00,2.26972198486,2.26972198486,2.25763678551,2.26144766808,0
2025-11-26 12:00:00+00:00,2.26144814491,2.26175284386,2.24417805672,2.25595068932,0
2025-11-26 13:00:00+00:00,2.25588488579,2.26773118973,2.25410509109,2.2657456398,0
2025-11-26 14:00:00+00:00,2.26655197144,2.28394293785,2.2633357048,2.26992273331,0
2025-11-26 15:00:00+00:00,2.26851797104,2.27546787262,2.25208187103,2.25469088554,0
2025-11-26 16:00:00+00:00,2.25602030754,2.29307866096,2.25602030754,2.28172826767,0
2025-11-26 17:00:00+00:00,2.28167891502,2.34866094589,2.28167891502,2.34866094589,3989760
2025-11-26 18:00:00+00:00,2.34938716888,2.36833739281,2.34938716888,2.36158227921,5569904
2025-11-26 19:00:00+00:00,2.36214160919,2.36335158348,2.35830259323,2.36209964752,0
2025-11-26 20:00:00+00:00,2.36174535751,2.36177158356,2.34600949287,2.35018610954,0
2025-11-26 21:00:00+00:00,2.35056352615,2.36783313751,2.34500432014,2.36104416847,0
2025-11-26 22:00:00+00:00,2.36095166206,2.36477565765,2.3507578373,2.35152435303,0
2025-11-26 23:00:00+00:00,2.35107541084,2.35276842117,2.34204983711,2.34444189072,7312
2025-11-27 00:00:00+00:00,2.34400844574,2.34408092499,2.332000494,2.34057283401,1392800
2025-11-27 01:00:00+00:00,2.34042930603,2.34942722321,2.33765125275,2.34507727623,41472
2025-11-27 02:00:00+00:00,2.34646177292,2.35829472542,2.34098887444,2.34098887444,3156576
2025-11-27 03:00:00+00:00,2.34079313278,2.34079313278,2.31911277771,2.31996464729,1472640
2025-11-27 04:00:00+00:00,2.31994009018,2.33051085472,2.31717014313,2.32985639572,997680
2025-11-27 05:00:00+00:00,2.32839560509,2.32974815369,2.31722164154,2.31722164154,1522272
2025-11-27 06:00:00+00:00,2.31885933876,2.3393201828,2.31881570816,2.33815193176,0
2025-11-27 07:00:00+00:00,2.33809542656,2.33809542656,2.32859396935,2.33008027077,0
2025-11-27 08:00:00+00:00,2.33000206947,2.3411359787,2.32147026062,2.3411359787,0
2025-11-27 09:00:00+00:00,2.34120798111,2.34847784042,2.33762741089,2.33762741089,0
2025-11-27 10:00:00+00:00,2.33618569374,2.33674883842,2.3260512352,2.33674883842,0
2025-11-27 11:00:00+00:00,2.33677458763,2.33913946152,2.32953858376,2.33000349998,0
2025-11-27 12:00:00+00:00,2.32994771004,2.33035492897,2.31132817268,2.31132817268,0
2025-11-27 13:00:00+00:00,2.3120470047,2.32426071167,2.3120470047,2.32412576675,654336
2025-11-27 14:00:00+00:00,2.32388567924,2.33273124695,2.32060241699,2.33273124695,0
2025-11-27 15:00:00+00:00,2.33387088776,2.34967327118,2.3267416954,2.34967327118,0
2025-11-27 16:00:00+00:00,2.34927916527,2.37178015709,2.346118927,2.37178015709,799808
2025-11-27 17:00:00+00:00,2.37115001678,2.37386798859,2.36620402336,2.37375950813,0
2025-11-27 18:00:00+00:00,2.37194013596,2.38044118881,2.3681101799,2.37923264503,0
2025-11-27 19:00:00+00:00,2.37922334671,2.37948203087,2.36878371239,2.37928414345,0
2025-11-27 20:00:00+00:00,2.37954640388,2.38119983673,2.3742787838,2.37832903862,0
2025-11-27 21:00:00+00:00,2.37838792801,2.38620233536,2.37485980988,2.37557029724,2593448
2025-11-27 22:00:00+00:00,2.37585163116,2.37654781342,2.34272313118,2.34276986122,3681632
2025-11-27 23:00:00+00:00,2.34303188324,2.3453514576,2.33658432961,2.33786654472,982600
2025-11-28 00:00:00+00:00,2.33792519569,2.34255027771,2.33335232735,2.33707404137,0
2025-11-28 01:00:00+00:00,2.33711695671,2.33786582947,2.30567383766,2.30567383766,5747104
2025-11-28 02:00:00+00:00,2.3056743145,2.3117172718,2.29801344872,2.31171631813,0
2025-11-28 03:00:00+00:00,2.311845541,2.31833529472,2.31177377701,2.31814670563,0
2025-11-28 04:00:00+00:00,2.31741595268,2.3224029541,2.31510138512,2.31510138512,0
2025-11-28 05:00:00+00:00,2.31481719017,2.31956315041,2.31023550034,2.31945514679,0
2025-11-28 06:00:00+00:00,2.31942510605,2.3194899559,2.30597472191,2.30876016617,0
2025-11-28 07:00:00+00:00,2.3086180687,2.3237862587,2.30761790276,2.31779456139,1410656
2025-11-28 08:00:00+00:00,2.31795930862,2.35971140862,2.31795930862,2.3577682972,6850240
2025-11-28 09:00:00+00:00,2.36642289162,2.3671579361,2.34753322601,2.34753322601,2705088
2025-11-28 10:00:00+00:00,2.34753966331,2.34822249413,2.34281039238,2.34704113007,0
2025-11-28 11:00:00+00:00,2.34682679176,2.34682679176,2.31526899338,2.3202419281,2621184
2025-11-28 12:00:00+00:00,2.32021760941,2.32423257828,2.31759023666,2.32051920891,0
2025-11-28 13:00:00+00:00,2.32046484947,2.34410500526,2.31419372559,2.33999156952,1777264
2025-11-28 14:00:00+00:00,2.34140181541,2.35016489029,2.32925772667,2.33300876617,4250960
2025-11-28 15:00:00+00:00,2.33327031136,2.3613421917,2.33274388313,2.3488073349,1163424
2025-11-28 16:00:00+00:00,2.34908056259,2.35087418556,2.30669283867,2.30669283867,303424
2025-11-28 17:00:00+00:00,2.30653500557,2.30653500557,2.27771568298,2.29056715965,3975088
2025-11-28 18:00:00+00:00,2.28908967972,2.29493379593,2.26877760887,2.28819608688,4594016
2025-11-28 19:00:00+00:00,2.28856015205,2.30130577087,2.28856015205,2.29947471619,1549952
2025-11-28 20:00:00+00:00,2.29987168312,2.30052161217,2.29157018661,2.29570198059,1592336
2025-11-28 21:00:00+00:00,2.29619836807,2.29915094376,2.28728032112,2.28728032112,0
2025-11-28 22:00:00+00:00,2.2872376442,2.2913107872,2.28309416771,2.28568315506,0
2025-11-29 19:00:00+00:00,2.24623775482,2.24623775482,2.24113535881,2.24209284782,0
2025-11-29 20:00:00+00:00,2.24214410782,2.2563290596,2.24135875702,2.25626587868,524576
2025-11-29 21:00:00+00:00,2.25626516342,2.26333451271,2.24993276596,2.26333451271,1026600
2025-11-29 22:00:00+00:00,2.26314878464,2.26314878464,2.25352525711,2.25547790527,0
2025-11-29 23:00:00+00:00,2.25525593758,2.26134681702,2.2506737709,2.26042747498,0
2025-11-30 00:00:00+00:00,2.26027011871,2.26486754417,2.25815677643,2.25865769386,0
2025-11-30 01:00:00+00:00,2.2586517334,2.26619458199,2.25764942169,2.25971126556,0
2025-11-30 02:00:00+00:00,2.2597219944,2.26981329918,2.2597219944,2.26449966431,0
2025-11-30 03:00:00+00:00,2.26448154449,2.26913714409,2.25286817551,2.26913714409,552160
2025-11-30 04:00:00+00:00,2.26946473122,2.2738673687,2.26130366325,2.2613132,0
2025-11-30 05:00:00+00:00,2.2612862587,2.2612862587,2.25352835655,2.25794577599,136808
2025-11-30 06:00:00+00:00,2.25762200356,2.26771640778,2.25368404388,2.26319360733,0
2025-11-30 07:00:00+00:00,2.26323270798,2.26615834236,2.26211285591,2.26615834236,0
2025-11-30 08:00:00+00:00,2.26617121696,2.27098035812,2.26084589958,2.26815700531,1836608
2025-11-30 09:00:00+00:00,2.26803708076,2.27145195007,2.26544523239,2.27145195007,721208
2025-11-30 10:00:00+00:00,2.27185583115,2.27212548256,2.26582336426,2.26650714874,0
2025-11-30 11:00:00+00:00,2.26652646065,2.26958680153,2.25775814056,2.25775814056,0
2025-11-30 12:00:00+00:00,2.25762200356,2.27039146423,2.25407981873,2.27039146423,138472
2025-11-30 13:00:00+00:00,2.27067923546,2.29091691971,2.27067923546,2.28653788567,3884584
2025-11-30 14:00:00+00:00,2.28656053543,2.2877767086,2.26760601997,2.26824116707,0
2025-11-30 15:00:00+00:00,2.26843905449,2.26850891113,2.25783014297,2.2619228363,112912
2025-11-30 16:00:00+00:00,2.26198673248,2.28642725945,2.26186943054,2.28642725945,956528
2025-11-30 17:00:00+00:00,2.28609490395,2.28609490395,2.27312898636,2.2796163559,0
2025-11-30 18:00:00+00:00,2.27963447571,2.27978086472,2.27292275429,2.27946257591,0
2025-11-30 19:00:00+00:00,2.27940797806,2.27991175652,2.26967024803,2.27074575424,0
2025-11-30 20:00:00+00:00,2.27058720589,2.27895140648,2.26198554039,2.26406097412,0
2025-11-30 21:00:00+00:00,2.26458454132,2.26500725746,2.25694131851,2.26391267776,0
2025-11-30 22:00:00+00:00,2.26393818855,2.27145910263,2.2577214241,2.26174092293,933888
2025-11-30 23:00:00+00:00,2.26161575317,2.26619911194,2.21857786179,2.21857786179,2746720
2025-12-01 00:00:00+00:00,2.21667933464,2.21667933464,2.05887770653,2.05887770653,41518528
2025-12-01 01:00:00+00:00,2.05760812759,2.09067225456,2.05634260178,2.07968449593,14280528
2025-12-01 02:00:00+00:00,2.07898664474,2.08141517639,2.06642746925,2.06793093681,7279728
2025-12-01 03:00:00+00:00,2.06756854057,2.06756854057,2.05031108856,2.05031108856,6645632
2025-12-01 04:00:00+00:00,2.05029726028,2.05029726028,2.01028394699,2.01056885719,19336336
2025-12-01 05:00:00+00:00,2.01063251495,2.03628158569,2.01058220863,2.02759885788,6947088
2025-12-01 06:00:00+00:00,2.02765536308,2.03145456314,2.02000164986,2.02042794228,4675488
2025-12-01 07:00:00+00:00,2.02029061317,2.03579974174,2.01598525047,2.03579974174,6429856
2025-12-01 08:00:00+00:00,2.03599357605,2.05236911774,2.03599357605,2.0510892868,4113696
2025-12-01 09:00:00+00:00,2.05093073845,2.0528254509,2.04174113274,2.0452439785,5756176
2025-12-01 10:00:00+00:00,2.04538106918,2.05317258835,2.04538106918,2.05034780502,3201312
2025-12-01 11:00:00+00:00,2.05030059814,2.05044102669,2.03344297409,2.03476810455,2684384
2025-12-01 12:00:00+00:00,2.03501462936,2.03641700745,2.01198768616,2.02788352966,8591104
2025-12-01 13:00:00+00:00,2.02919006348,2.03598570824,2.02083468437,2.02585792542,3605200
2025-12-01 14:00:00+00:00,2.02576136589,2.04422140121,2.025349617,2.0320212841,5106944
2025-12-01 15:00:00+00:00,2.03076195717,2.03076195717,1.97003090382,1.99857211113,18764960
2025-12-01 16:00:00+00:00,1.99836444855,1.99836444855,1.98254430294,1.98525369167,6748192
2025-12-01 17:00:00+00:00,1.98517763615,1.99966824055,1.98517763615,1.99121856689,3084256
2025-12-01 18:00:00+00:00,1.9912520647,2.00631284714,1.99105417728,1.9999153614,5651648
2025-12-01 19:00:00+00:00,2.000010252,2.00384902954,1.99132013321,1.99677145481,6334336
2025-12-01 20:00:00+00:00,1.99660849571,2.01947450638,1.99660849571,2.01947450638,7414160
2025-12-01 21:00:00+00:00,2.01885652542,2.03698635101,2.01875638962,2.03129649162,7036992
2025-12-01 22:00:00+00:00,2.03100323677,2.04372239113,2.03100323677,2.04095172882,3427776
2025-12-01 23:00:00+00:00,2.04062461853,2.04767870903,2.03933238983,2.04291510582,0
2025-12-02 00:00:00+00:00,2.04291415215,2.04565739632,2.03948402405,2.0425183773,0
2025-12-02 01:00:00+00:00,2.04255986214,2.05128312111,2.03864049911,2.03864049911,0
2025-12-02 02:00:00+00:00,2.03877186775,2.04625320435,2.03662467003,2.0430328846,0
2025-12-02 03:00:00+00:00,2.04292273521,2.05630350113,2.03486227989,2.05627465248,0
2025-12-02 04:00:00+00:00,2.05616545677,2.05899500847,2.05132508278,2.05262541771,0
2025-12-02 05:00:00+00:00,2.05260682106,2.05673933029,2.04992556572,2.05670928955,0
2025-12-02 06:00:00+00:00,2.05673694611,2.07290410995,2.05636715889,2.07290410995,0
2025-12-02 07:00:00+00:00,2.07289624214,2.07289624214,2.06584715843,2.06768369675,0
2025-12-02 08:00:00+00:00,2.06768369675,2.0679705143,2.04920101166,2.05053544044,0
2025-12-02 09:00:00+00:00,2.05075526237,2.06242489815,2.05075526237,2.06147956848,0
2025-12-02 10:00:00+00:00,2.06162023544,2.0851328373,2.06122016907,2.0834312439,0
2025-12-02 11:00:00+00:00,2.08324122429,2.11079072952,2.08149623871,2.09607601166,7031040
2025-12-02 12:00:00+00:00,2.09611678123,2.09611678123,2.08209252357,2.08429455757,0
2025-12-02 13:00:00+00:00,2.08435368538,2.11193585396,2.08019924164,2.11193585396,0
2025-12-02 14:00:00+00:00,2.11137866974,2.14168143272,2.11108851433,2.14047503471,3646416
2025-12-02 15:00:00+00:00,2.14048290253,2.24252939224,2.14048290253,2.24167513847,2968752
2025-12-02 16:00:00+00:00,2.24283790588,2.27977752686,2.24283790588,2.27937293053,13920880
2025-12-02 17:00:00+00:00,2.27910113335,2.27910113335,2.25409388542,2.25409388542,6195008
2025-12-02 18:00:00+00:00,2.25382709503,2.25902271271,2.24417304993,2.24417304993,225760
2025-12-02 19:00:00+00:00,2.24425458908,2.24710011482,2.233761549,2.233761549,0
2025-12-02 20:00:00+00:00,2.23381757736,2.25302886963,2.22718238831,2.25199341774,15020576
2025-12-02 21:00:00+00:00,2.25377607346,2.25652813911,2.24928545952,2.25644445419,0
2025-12-02 22:00:00+00:00,2.25640249252,2.26418471336,2.25629925728,2.2636859417,1035104
2025-12-02 23:00:00+00:00,2.26372432709,2.26386332512,2.24660396576,2.24788808823,49088
2025-12-03 00:00:00+00:00,2.24796032906,2.26680445671,2.24796032906,2.26592755318,3129728
2025-12-03 01:00:00+00:00,2.26583385468,2.27490282059,2.26279187202,2.27469015121,199296
2025-12-03 02:00:00+00:00,2.27483177185,2.30158305168,2.27438354492,2.28862667084,4725056
2025-12-03 03:00:00+00:00,2.28865766525,2.29425930977,2.28676438332,2.29220533371,641888
2025-12-03 04:00:00+00:00,2.29212474823,2.31548285484,2.29212474823,2.31548285484,3201264
2025-12-03 05:00:00+00:00,2.3157954216,2.33053040504,2.31490588188,2.31589388847,6552016
2025-12-03 06:00:00+00:00,2.31593155861,2.32717776299,2.30301237106,2.30349636078,2455168
2025-12-03 07:00:00+00:00,2.30358314514,2.30359768867,2.29254150391,2.29277133942,3712352
2025-12-03 08:00:00+00:00,2.29277443886,2.3067715168,2.29267334938,2.30522274971,3130544
2025-12-03 09:00:00+00:00,2.30522894859,2.30903053284,2.3002436161,2.30903053284,1362928
2025-12-03 10:00:00+00:00,2.309207201,2.31045031548,2.29609036446,2.29703760147,0
2025-12-03 11:00:00+00:00,2.29681968689,2.2984418869,2.2924580574,2.29784107208,0
2025-12-03 12:00:00+00:00,2.29774308205,2.29901814461,2.28007864952,2.28033447266,3051312
2025-12-03 13:00:00+00:00,2.28026914597,2.29121518135,2.28022265434,2.28553032875,62080
2025-12-03 14:00:00+00:00,2.28586363792,2.30366253853,2.25020480156,2.29011631012,6698544
2025-12-03 15:00:00+00:00,2.28950238228,2.30303955078,2.2864420414,2.30121183395,0
2025-12-03 16:00:00+00:00,2.30285811424,2.30369210243,2.28718757629,2.29926156998,0
2025-12-03 17:00:00+00:00,2.29648828506,2.3322122097,2.29648828506,2.33151006699,0
2025-12-03 18:00:00+00:00,2.33142900467,2.33259868622,2.30734968185,2.30734968185,0
2025-12-03 19:00:00+00:00,2.30775713921,2.32502150536,2.30775713921,2.32502150536,0
2025-12-03 20:00:00+00:00,2.32595133781,2.33552956581,2.32080841064,2.33471059799,0
2025-12-03 21:00:00+00:00,2.33319616318,2.34637236595,2.33319616318,2.34637236595,0
2025-12-03 22:00:00+00:00,2.34990048409,2.38454270363,2.34930992126,2.38454270363,11836576
2025-12-03 23:00:00+00:00,2.38422131538,2.39480495453,2.36653733253,2.36685848236,7534496
2025-12-04 00:00:00+00:00,2.36680459976,2.36870884895,2.34566569328,2.35054039955,1614336
2025-12-04 01:00:00+00:00,2.3496363163,2.3678176403,2.34575200081,2.35122537613,4655648
2025-12-04 02:00:00+00:00,2.35033369064,2.35970258713,2.35033369064,2.35970258713,0
2025-12-04 03:00:00+00:00,2.35948896408,2.36088275909,2.34257721901,2.34257721901,0
2025-12-04 04:00:00+00:00,2.34190702438,2.34340262413,2.3376095295,2.3385155201,0
2025-12-04 05:00:00+00:00,2.34089899063,2.34188866615,2.33290100098,2.33919143677,0
2025-12-04 06:00:00+00:00,2.34141850471,2.35174965858,2.33877062798,2.34966039658,0
2025-12-04 07:00:00+00:00,2.3495695591,2.34958457947,2.33211088181,2.34104824066,0
2025-12-04 08:00:00+00:00,2.34084510803,2.34442996979,2.33656263351,2.33729338646,0
2025-12-04 09:00:00+00:00,2.33876037598,2.34533882141,2.33876037598,2.34076833725,0
2025-12-04 10:00:00+00:00,2.3406329155,2.3406329155,2.32737803459,2.32801961899,311680
2025-12-04 11:00:00+00:00,2.32804584503,2.32804584503,2.32162570953,2.32699346542,1446192
2025-12-04 12:00:00+00:00,2.32711815834,2.32971572876,2.31804943085,2.32334303856,0
2025-12-04 13:00:00+00:00,2.32333993912,2.33000683784,2.31966662407,2.3201956749,1098112
2025-12-04 14:00:00+00:00,2.31941199303,2.33321690559,2.31465172768,2.31465172768,0
2025-12-04 15:00:00+00:00,2.31211280823,2.33225679398,2.31209850311,2.33177232742,5861632
2025-12-04 16:00:00+00:00,2.32983565331,2.33730697632,2.31370186806,2.31385612488,2761824
2025-12-04 17:00:00+00:00,2.31422114372,2.31464004517,2.29419374466,2.30965137482,0
2025-12-04 18:00:00+00:00,2.30809140205,2.31357097626,2.28956103325,2.28961348534,0
2025-12-04 19:00:00+00:00,2.29108977318,2.29108977318,2.25113725662,2.29067778587,8989760
2025-12-04 20:00:00+00:00,2.29148936272,2.29968380928,2.28595256805,2.29968380928,0
2025-12-04 21:00:00+00:00,2.29955768585,2.30000662804,2.28049230576,2.28049230576,0
2025-12-04 22:00:00+00:00,2.28042554855,2.29024100304,2.28042554855,2.29024100304,0
2025-12-04 23:00:00+00:00,2.28761458397,2.28761458397,2.27348351479,2.27413630486,17504
2025-12-05 00:00:00+00:00,2.27405166626,2.28425359726,2.27405166626,2.27892041206,0
2025-12-05 01:00:00+00:00,2.27899837494,2.28755140305,2.27827548981,2.28622865677,0
2025-12-05 02:00:00+00:00,2.28620481491,2.30580639839,2.28244519234,2.30158162117,0
2025-12-05 03:00:00+00:00,2.30070137978,2.30070137978,2.28667712212,2.28673934937,0
2025-12-05 04:00:00+00:00,2.28836512566,2.29108500481,2.25683093071,2.26638770103,2058832
2025-12-05 05:00:00+00:00,2.26641249657,2.26776885986,2.26092624664,2.26420164108,0
2025-12-05 06:00:00+00:00,2.26542544365,2.27302241325,2.26542544365,2.27302241325,0
2025-12-05 07:00:00+00:00,2.273447752,2.28282785416,2.27342295647,2.27588319778,0
2025-12-05 08:00:00+00:00,2.28157377243,2.28207087517,2.27055931091,2.27103734016,56064
2025-12-05 09:00:00+00:00,2.26912975311,2.26914072037,2.24089932442,2.24173688889,1645008
2025-12-05 10:00:00+00:00,2.2416446209,2.25442075729,2.24148702621,2.25009274483,0
2025-12-05 11:00:00+00:00,2.2496240139,2.2496240139,2.22856235504,2.23712205887,0
2025-12-05 12:00:00+00:00,2.23697829247,2.24027466774,2.23221683502,2.2370493412,0
2025-12-05 13:00:00+00:00,2.23591446877,2.23782229424,2.21963453293,2.21984171867,0
2025-12-05 14:00:00+00:00,2.21979594231,2.22024416924,2.19694566727,2.19694566727,0
2025-12-05 15:00:00+00:00,2.19657039642,2.23152399063,2.19620895386,2.20913863182,0
2025-12-05 16:00:00+00:00,2.20963406563,2.20963406563,2.12361741066,2.13664627075,12870032
2025-12-05 17:00:00+00:00,2.13715195656,2.14217233658,2.12172698975,2.13005185127,8303696
2025-12-05 18:00:00+00:00,2.12992763519,2.13756656647,2.09997415543,2.09997415543,3267024
2025-12-05 19:00:00+00:00,2.0957326889,2.1280002594,2.09548997879,2.1280002594,0
2025-12-05 20:00:00+00:00,2.12697029114,2.12697029114,2.10831737518,2.11108827591,418864
2025-12-05 21:00:00+00:00,2.11050605774,2.12259054184,2.11050605774,2.11752152443,1014720
2025-12-05 22:00:00+00:00,2.11956334114,2.12516903877,2.11442780495,2.12024736404,0
2025-12-05 23:00:00+00:00,2.12011528015,2.12795042992,2.10899114609,2.12727761269,1431872
2025-12-06 00:00:00+00:00,2.12695193291,2.12695193291,2.11338067055,2.12539815903,538224
2025-12-06 01:00:00+00:00,2.12541341782,2.1257276535,2.11301445961,2.11301851273,0
2025-12-06 02:00:00+00:00,2.11315584183,2.11854696274,2.10920262337,2.11854696274,0
2025-12-06 03:00:00+00:00,2.11887335777,2.12603378296,2.11753344536,2.1211540699,0
2025-12-06 04:00:00+00:00,2.12125110626,2.12163615227,2.10956740379,2.11097788811,0
2025-12-06 05:00:00+00:00,2.11081433296,2.11155438423,2.1082983017,2.11081385612,0
2025-12-06 06:00:00+00:00,2.11069083214,2.11369013786,2.10583853722,2.10583853722,0
2025-12-06 07:00:00+00:00,2.10549116135,2.11052417755,2.1033821106,2.10736584663,0
2025-12-06 08:00:00+00:00,2.1065735817,2.1065735817,2.0921318531,2.0921318531,0
2025-12-06 09:00:00+00:00,2.09064888954,2.1042342186,2.09064888954,2.10314369202,0
2025-12-06 10:00:00+00:00,2.10323166847,2.1037530899,2.09724736214,2.09809088707,0
2025-12-06 11:00:00+00:00,2.09801363945,2.10864877701,2.09733104706,2.1078555584,0
2025-12-06 12:00:00+00:00,2.1079082489,2.1079082489,2.10409808159,2.10565090179,0
2025-12-06 13:00:00+00:00,2.10523748398,2.11422586441,2.10448026657,2.11332178116,0
2025-12-06 14:00:00+00:00,2.11291503906,2.13824081421,2.11195349693,2.13656949997,342176
2025-12-06 15:00:00+00:00,2.1357588768,2.1357588768,2.11978745461,2.1232881546,0
2025-12-06 16:00:00+00:00,2.12302732468,2.14411950111,2.12203383446,2.13826131821,0
2025-12-06 17:00:00+00:00,2.13814997673,2.15012168884,2.13660788536,2.15012168884,0
2025-12-06 18:00:00+00:00,2.15124368668,2.16230845451,2.14898252487,2.15415358543,0
2025-12-06 19:00:00+00:00,2.1531085968,2.15417718887,2.12821102142,2.13004422188,0
2025-12-06 20:00:00+00:00,2.13205051422,2.13930535316,2.13066935539,2.13930535316,0
2025-12-06 21:00:00+00:00,2.13929533958,2.14660620689,2.13910746574,2.14128899574,871416
2025-12-06 22:00:00+00:00,2.14101791382,2.14447593689,2.13285660744,2.13285660744,0
2025-12-06 23:00:00+00:00,2.13299202919,2.1343061924,2.12414431572,2.12908577919,24032
2025-12-07 00:00:00+00:00,2.12901186943,2.14272880554,2.12889194489,2.13584589958,2274536
2025-12-07 01:00:00+00:00,2.13585758209,2.13585758209,2.13079929352,2.13343214989,283176
2025-12-07 02:00:00+00:00,2.13320684433,2.14039754868,2.13157725334,2.14039754868,0
2025-12-07 03:00:00+00:00,2.14029479027,2.14181661606,2.13640570641,2.14181661606,0
2025-12-07 04:00:00+00:00,2.14212274551,2.1444413662,2.13033461571,2.13195919991,0
2025-12-07 05:00:00+00:00,2.13185620308,2.14638209343,2.13161587715,2.14503908157,1976304
2025-12-07 06:00:00+00:00,2.14408016205,2.15196275711,2.1440012455,2.15031385422,0
2025-12-07 07:00:00+00:00,2.15249228477,2.15249228477,2.12899684906,2.12965536118,0
2025-12-07 08:00:00+00:00,2.12979626656,2.13106989861,2.12138843536,2.12444496155,0
2025-12-07 09:00:00+00:00,2.12436556816,2.12438011169,2.10357379913,2.10371923447,1351704
2025-12-07 10:00:00+00:00,2.10366272926,2.10366272926,2.08936738968,2.09232139587,2742640
2025-12-07 11:00:00+00:00,2.09095835686,2.09971785545,2.09095835686,2.09646701813,0
2025-12-07 12:00:00+00:00,2.0949048996,2.11088418961,2.09377479553,2.10849952698,1550600
2025-12-07 13:00:00+00:00,2.10749459267,2.10824298859,2.08950376511,2.09161067009,3516384
2025-12-07 14:00:00+00:00,2.09154248238,2.09186697006,2.05514669418,2.05514669418,3081576
2025-12-07 15:00:00+00:00,2.05572652817,2.11248350143,2.05554199219,2.11248350143,4123248
2025-12-07 16:00:00+00:00,2.11314177513,2.11558556557,2.09913539886,2.10318398476,2808360
2025-12-07 17:00:00+00:00,2.10947299004,2.15428614616,2.10471868515,2.14366173744,13401840
2025-12-07 18:00:00+00:00,2.14338302612,2.15244865417,2.14217925072,2.14217925072,3141184
2025-12-07 19:00:00+00:00,2.14237689972,2.14530229568,2.13878417015,2.14011907578,0
2025-12-07 20:00:00+00:00,2.14027380943,2.14869832993,2.14027380943,2.14653754234,277472
2025-12-07 21:00:00+00:00,2.1466152668,2.14684534073,2.09983587265,2.09983587265,0
2025-12-07 22:00:00+00:00,2.10099077225,2.10409164429,2.07178664207,2.0812523365,8806288
2025-12-07 23:00:00+00:00,2.08150792122,2.09156394005,2.07656264305,2.09156394005,990192
2025-12-08 00:00:00+00:00,2.09326410294,2.09778952599,2.08769989014,2.09141969681,0
2025-12-08 01:00:00+00:00,2.0913002491,2.13195896149,2.09070253372,2.11682510376,2843696
2025-12-08 02:00:00+00:00,2.11663579941,2.12708425522,2.1138215065,2.12708425522,1925552
2025-12-08 03:00:00+00:00,2.12630987167,2.12898087502,2.11987185478,2.12304401398,1506608
2025-12-08 04:00:00+00:00,2.12301969528,2.13240242004,2.12301969528,2.12602376938,8430688
2025-12-08 05:00:00+00:00,2.12601256371,2.12804365158,2.11956119537,2.12638902664,4482640
2025-12-08 06:00:00+00:00,2.12643098831,2.14537596703,2.12643098831,2.14334440231,5509616
2025-12-08 07:00:00+00:00,2.1430952549,2.14510273933,2.13716745377,2.13749623299,2583616
2025-12-08 08:00:00+00:00,2.137403965,2.15152859688,2.13580918312,2.15151906013,2721872
2025-12-08 09:00:00+00:00,2.15313696861,2.17244052887,2.15313696861,2.15634274483,4899136
2025-12-08 10:00:00+00:00,2.1563782692,2.15653181076,2.15083289146,2.15313744545,0
2025-12-08 11:00:00+00:00,2.15307188034,2.15307188034,2.13015627861,2.13076472282,2674832
2025-12-08 12:00:00+00:00,2.13071680069,2.13071680069,2.12022185326,2.12695360184,291200
2025-12-08 13:00:00+00:00,2.12830734253,2.13973045349,2.12830734253,2.13811469078,0
2025-12-08 14:00:00+00:00,2.13639235497,2.16121459007,2.13638758659,2.15280675888,226224
2025-12-08 15:00:00+00:00,2.15198540688,2.15198540688,2.12256240845,2.134152174,3221648
2025-12-08 16:00:00+00:00,2.13200426102,2.15202593803,2.12294244766,2.13566756248,0
2025-12-08 17:00:00+00:00,2.13591790199,2.14446687698,2.1275229454,2.1389465332,0
2025-12-08 18:00:00+00:00,2.14444231987,2.14883756638,2.1253054142,2.1253054142,0
2025-12-08 19:00:00+00:00,2.1257622242,2.12983298302,2.11724567413,2.12741613388,5190640
2025-12-08 20:00:00+00:00,2.12645173073,2.14171791077,2.12645173073,2.14171791077,12226320
2025-12-08 21:00:00+00:00,2.14190006256,2.15232110023,2.14040255547,2.15232110023,1279344
2025-12-08 22:00:00+00:00,2.15399169922,2.15399169922,2.13313817978,2.13665866852,0
2025-12-08 23:00:00+00:00,2.1370909214,2.13984370232,2.12642431259,2.13135695457,0
2025-12-09 00:00:00+00:00,2.13122272491,2.13608074188,2.12703871727,2.12725067139,0
2025-12-09 01:00:00+00:00,2.12701630592,2.12876057625,2.10912227631,2.11027765274,0
2025-12-09 02:00:00+00:00,2.10784673691,2.11523580551,2.10784673691,2.11140275002,372576
2025-12-09 03:00:00+00:00,2.1108314991,2.12888717651,2.10401844978,2.12871670723,4873312
2025-12-09 04:00:00+00:00,2.12861871719,2.12861871719,2.10737109184,2.10737109184,0
2025-12-09 05:00:00+00:00,2.10727739334,2.11019182205,2.09986400604,2.10174655914,0
2025-12-09 06:00:00+00:00,2.10168552399,2.10408115387,2.09241819382,2.10380578041,0
2025-12-09 07:00:00+00:00,2.10409426689,2.11823940277,2.10263085365,2.11733913422,0
2025-12-09 08:00:00+00:00,2.1171875,2.11788225174,2.10886240005,2.11135363579,0
2025-12-09 09:00:00+00:00,2.11009430885,2.11009430885,2.09780573845,2.1000020504,0
2025-12-09 10:00:00+00:00,2.10038733482,2.10617160797,2.0975883007,2.10041356087,0
2025-12-09 11:00:00+00:00,2.10171103477,2.10860395432,2.1016395092,2.10860395432,0
2025-12-09 12:00:00+00:00,2.10855674744,2.12769055367,2.10852003098,2.12593746185,0
2025-12-09 13:00:00+00:00,2.12571382523,2.13263344765,2.11883711815,2.12151217461,129248
2025-12-09 14:00:00+00:00,2.12155389786,2.12868261337,2.11198425293,2.11404466629,0
2025-12-09 15:00:00+00:00,2.15218234062,2.21465206146,2.129758358,2.21465206146,9029728
2025-12-09 16:00:00+00:00,2.21540856361,2.38115692139,2.21540856361,2.34799814224,50349968
2025-12-09 17:00:00+00:00,2.34219193459,2.3665471077,2.3186621666,2.3209028244,23166352
2025-12-09 18:00:00+00:00,2.3218729496,2.34885072708,2.3218729496,2.3263630867,8170080
2025-12-09 19:00:00+00:00,2.32721352577,2.32721352577,2.31216430664,2.31262207031,0
2025-12-09 20:00:00+00:00,2.312489748,2.31402730942,2.28361964226,2.28916597366,0
2025-12-09 21:00:00+00:00,2.28976941109,2.29367804527,2.26664185524,2.27276134491,2227360
2025-12-09 22:00:00+00:00,2.27310705185,2.29758954048,2.27310705185,2.29623007774,2903376
2025-12-09 23:00:00+00:00,2.29363799095,2.29632592201,2.28450012207,2.29178118706,1251408
2025-12-10 00:00:00+00:00,2.29198288918,2.29385232925,2.26762342453,2.26762342453,3403376
2025-12-10 01:00:00+00:00,2.26669478416,2.26669478416,2.24739122391,2.25531864166,1479136
2025-12-10 02:00:00+00:00,2.25522327423,2.25522327423,2.24372911453,2.2453751564,0
2025-12-10 03:00:00+00:00,2.24581837654,2.24748396873,2.23696136475,2.24601387978,0
2025-12-10 04:00:00+00:00,2.24597597122,2.24712371826,2.23509836197,2.23511362076,0
2025-12-10 05:00:00+00:00,2.23508429527,2.2409119606,2.22935652733,2.2296936512,0
2025-12-10 06:00:00+00:00,2.22997331619,2.23102688789,2.22614192963,2.23013114929,0
2025-12-10 07:00:00+00:00,2.2299861908,2.2299861908,2.20806193352,2.22036075592,1658880
2025-12-10 08:00:00+00:00,2.22043538094,2.22267007828,2.21671438217,2.2186384201,849056
2025-12-10 09:00:00+00:00,2.21844625473,2.24055957794,2.20806407928,2.22433757782,5626624
2025-12-10 10:00:00+00:00,2.22442364693,2.24007177353,2.19487380981,2.19862747192,7957968
2025-12-10 11:00:00+00:00,2.19852161407,2.20009350777,2.19580936432,2.19998788834,2241616
2025-12-10 12:00:00+00:00,2.20002841949,2.20486974716,2.19438815117,2.19911003113,1805328
2025-12-10 13:00:00+00:00,2.19914364815,2.21247911453,2.19914364815,2.20717763901,0
2025-12-10 14:00:00+00:00,2.2073032856,2.20756483078,2.19388079643,2.19685006142,0
2025-12-10 15:00:00+00:00,2.19720005989,2.21335291862,2.19720005989,2.20211338997,0
2025-12-10 16:00:00+00:00,2.20229935646,2.22718214989,2.20210695267,2.22141075134,0
2025-12-10 17:00:00+00:00,2.22156429291,2.2386610508,2.22156429291,2.23014879227,0
2025-12-10 18:00:00+00:00,2.23026704788,2.26443934441,2.22734570503,2.23907971382,0
2025-12-10 19:00:00+00:00,2.23919868469,2.27031421661,2.23332762718,2.2671186924,14410384
2025-12-10 20:00:00+00:00,2.26671338081,2.31122398376,2.24377059937,2.24426579475,8805824
2025-12-10 21:00:00+00:00,2.24419784546,2.25233650208,2.22556042671,2.22556042671,1788384
2025-12-10 22:00:00+00:00,2.22527575493,2.22527575493,2.19088888168,2.2207801342,3434352
2025-12-10 23:00:00+00:00,2.22037029266,2.22037029266,2.19464159012,2.19464159012,0
2025-12-11 00:00:00+00:00,2.19377565384,2.19377565384,2.14135074615,2.14189362526,2733168
2025-12-11 01:00:00+00:00,2.14161276817,2.14161276817,2.10618209839,2.10618209839,5048880
2025-12-11 02:00:00+00:00,2.10544013977,2.10544013977,2.07214927673,2.08428955078,8906080
2025-12-11 03:00:00+00:00,2.08425426483,2.08425426483,2.06128072739,2.06420016289,6527632
2025-12-11 04:00:00+00:00,2.06358671188,2.0782160759,2.05606436729,2.0782160759,10732000
2025-12-11 05:00:00+00:00,2.07789587975,2.07880759239,2.06943488121,2.07806301117,3554976
2025-12-11 06:00:00+00:00,2.07804346085,2.08529210091,2.07068943977,2.07861185074,2710720
2025-12-11 07:00:00+00:00,2.07842230797,2.07842230797,2.06851887703,2.06926512718,308016
2025-12-11 08:00:00+00:00,2.06820464134,2.06820464134,2.05038404465,2.05975389481,4613248
2025-12-11 09:00:00+00:00,2.06004905701,2.06201171875,2.04927515984,2.04927515984,4464
2025-12-11 10:00:00+00:00,2.04955077171,2.05011415482,2.03972411156,2.04642915726,0
2025-12-11 11:00:00+00:00,2.04654741287,2.04761195183,2.04292654991,2.0464413166,1729264
2025-12-11 12:00:00+00:00,2.04625797272,2.04625797272,2.04068040848,2.04230713844,1736176
2025-12-11 13:00:00+00:00,2.04230809212,2.05103635788,2.04230809212,2.0484893322,3265728
2025-12-11 14:00:00+00:00,2.04865765572,2.0548620224,2.02836704254,2.03081536293,6927824
2025-12-11 15:00:00+00:00,2.03016281128,2.04056453705,2.02108836174,2.02588272095,4983792
2025-12-11 16:00:00+00:00,2.02590584755,2.03527760506,2.01533079147,2.02122974396,5390384
2025-12-11 17:00:00+00:00,2.02133250237,2.02954030037,2.01657962799,2.01721930504,2564416
2025-12-11 18:00:00+00:00,2.01717591286,2.043394804,2.0142416954,2.02509379387,10273760
2025-12-11 19:00:00+00:00,2.02575707436,2.0576210022,2.02575707436,2.03683233261,0
2025-12-11 20:00:00+00:00,2.03761219978,2.05151176453,2.03032445908,2.05151176453,0
2025-12-11 21:00:00+00:00,2.05150198936,2.08987402916,2.05150198936,2.07772898674,5938608
2025-12-11 22:00:00+00:00,2.07791352272,2.07840681076,2.05811572075,2.06265211105,0
2025-12-11 23:00:00+00:00,2.06269216537,2.07184076309,2.05966901779,2.06718373299,929392
2025-12-12 00:00:00+00:00,2.06693553925,2.06724381447,2.04651498795,2.04651498795,0
2025-12-12 01:00:00+00:00,2.04513883591,2.06041693687,2.03388428688,2.051841259,0
2025-12-12 02:00:00+00:00,2.05179834366,2.07709312439,2.04953622818,2.07691431046,0
2025-12-12 03:00:00+00:00,2.07677125931,2.08009386063,2.06187129021,2.06770634651,0
2025-12-12 04:00:00+00:00,2.06774282455,2.06774282455,2.05606293678,2.05713605881,0
2025-12-12 05:00:00+00:00,2.05712819099,2.07439374924,2.05450320244,2.07439374924,0
2025-12-12 06:00:00+00:00,2.07463407516,2.09259963036,2.06697154045,2.0671517849,518480
2025-12-12 07:00:00+00:00,2.06715250015,2.06715250015,2.06172633171,2.06288790703,7213408
2025-12-12 08:00:00+00:00,2.06251263618,2.06251263618,2.04253840446,2.04328918457,0
2025-12-12 09:00:00+00:00,2.04328584671,2.04463100433,2.0292327404,2.04196333885,95552
2025-12-12 10:00:00+00:00,2.04459381104,2.05476737022,2.04392814636,2.04549455643,0
2025-12-12 11:00:00+00:00,2.04553222656,2.05022501945,2.0403676033,2.04664349556,0
2025-12-12 12:00:00+00:00,2.04716134071,2.05910348892,2.04475617409,2.05910348892,0
2025-12-12 13:00:00+00:00,2.05909395218,2.06415653229,2.05724740028,2.06351184845,0
2025-12-12 14:00:00+00:00,2.06341195107,2.06642270088,2.05437374115,2.06254076958,0
2025-12-12 15:00:00+00:00,2.05988335609,2.05988335609,1.97666537762,1.97666537762,11304672
2025-12-12 16:00:00+00:00,1.97871983051,1.97871983051,1.95274960995,1.9594181776,12332608
2025-12-12 17:00:00+00:00,1.95939302444,1.98425483704,1.95928990841,1.97329080105,1698032
2025-12-12 18:00:00+00:00,1.97321808338,2.00691628456,1.97210502625,1.99804878235,0
2025-12-12 19:00:00+00:00,1.99413526058,1.99413526058,1.98140621185,1.98363721371,0
2025-12-12 20:00:00+00:00,1.98403167725,1.99270880222,1.98033511639,1.99116933346,0
2025-12-12 21:00:00+00:00,1.99171423912,2.00831770897,1.99152076244,2.0020544529,0
2025-12-12 22:00:00+00:00,2.00163960457,2.0154979229,2.00163960457,2.01381635666,0
2025-12-12 23:00:00+00:00,2.01373004913,2.01651525497,2.01096558571,2.0130405426,12992
2025-12-13 00:00:00+00:00,2.01309561729,2.02280378342,2.01063680649,2.01816177368,0
2025-12-13 01:00:00+00:00,2.01816415787,2.02073574066,2.01722788811,2.01936912537,0
2025-12-13 02:00:00+00:00,2.01956892014,2.02706456184,2.01956892014,2.02326536179,0
2025-12-13 03:00:00+00:00,2.0232155323,2.03607082367,2.02292299271,2.03123641014,0
2025-12-13 04:00:00+00:00,2.0312962532,2.03901076317,2.02893066406,2.03479957581,1226848
2025-12-13 05:00:00+00:00,2.03488349915,2.03828811646,2.03203034401,2.03457379341,0
2025-12-13 06:00:00+00:00,2.03460049629,2.03460049629,2.02660036087,2.0275182724,0
2025-12-13 07:00:00+00:00,2.02774047852,2.03931736946,2.02774047852,2.03885293007,826352
2025-12-13 08:00:00+00:00,2.03878998756,2.04810905457,2.03864097595,2.04029250145,0
2025-12-13 09:00:00+00:00,2.04030323029,2.04180932045,2.03732180595,2.03946352005,0
2025-12-13 10:00:00+00:00,2.03939819336,2.05350518227,2.03883719444,2.05166912079,0
2025-12-13 11:00:00+00:00,2.05171298981,2.05173492432,2.0403470993,2.04039955139,0
2025-12-13 12:00:00+00:00,2.04026246071,2.04721045494,2.03841495514,2.04426598549,0
2025-12-13 13:00:00+00:00,2.04452061653,2.0469250679,2.04103779793,2.04103779793,0
2025-12-13 14:00:00+00:00,2.04134917259,2.04275012016,2.0302438736,2.0348713398,0
2025-12-13 15:00:00+00:00,2.03473639488,2.04353570938,2.03449320793,2.04267835617,0
2025-12-13 16:00:00+00:00,2.04267835617,2.05350708961,2.04267835617,2.04842185974,0
2025-12-13 17:00:00+00:00,2.04841732979,2.04841732979,2.03507566452,2.03518867493,0
2025-12-13 18:00:00+00:00,2.0350933075,2.0350933075,2.02962875366,2.02962875366,0
2025-12-13 19:00:00+00:00,2.02988171577,2.03970313072,2.02988171577,2.03927874565,0
2025-12-13 20:00:00+00:00,2.03930783272,2.04233407974,2.0381538868,2.04133963585,0
2025-12-13 21:00:00+00:00,2.04132866859,2.04132866859,2.02948355675,2.03727769852,0
2025-12-13 22:00:00+00:00,2.03746795654,2.04050731659,2.03205037117,2.03546071053,0
2025-12-13 23:00:00+00:00,2.03569126129,2.04051017761,2.03535652161,2.03966856003,123464
2025-12-14 00:00:00+00:00,2.03942942619,2.04006123543,2.03266119957,2.03526616096,618320
2025-12-14 01:00:00+00:00,2.03533267975,2.04007196426,2.03518533707,2.03541445732,309904
2025-12-14 02:00:00+00:00,2.03569126129,2.04486703873,2.0356490612,2.03969693184,264944
2025-12-14 03:00:00+00:00,2.03964734077,2.04080295563,2.02806067467,2.02808141708,0
2025-12-14 04:00:00+00:00,2.02807545662,2.03159689903,2.02368998528,2.02368998528,0
2025-12-14 05:00:00+00:00,2.02365779877,2.02365779877,2.00481462479,2.01078391075,3874312
2025-12-14 06:00:00+00:00,2.01074767113,2.01074767113,2.00277757645,2.00556445122,812280
2025-12-14 07:00:00+00:00,2.00570106506,2.01206970215,2.00570106506,2.01007199287,0
2025-12-14 08:00:00+00:00,2.01002120972,2.01574897766,2.00920009613,2.00920009613,0
2025-12-14 09:00:00+00:00,2.00919532776,2.00966024399,2.00550961494,2.00550961494,1237672
2025-12-14 10:00:00+00:00,2.00544023514,2.00784540176,1.98999023438,1.99671328068,8516608
2025-12-14 11:00:00+00:00,1.99670994282,1.99670994282,1.97160053253,1.98367786407,4418128
2025-12-14 12:00:00+00:00,1.98381614685,1.98977982998,1.97963452339,1.98971438408,856192
2025-12-14 13:00:00+00:00,1.98977196217,1.98977196217,1.97842240334,1.98313951492,3840376
2025-12-14 14:00:00+00:00,1.98334670067,1.98591077328,1.96750032902,1.96879184246,1466760
2025-12-14 15:00:00+00:00,1.96865129471,1.97304272652,1.96645319462,1.97304272652,345568
2025-12-14 16:00:00+00:00,1.97338032722,1.98500454426,1.97338032722,1.97870874405,483328
2025-12-14 17:00:00+00:00,1.97795546055,1.97978401184,1.95183610916,1.95183610916,5851552
2025-12-14 18:00:00+00:00,1.95159161091,1.97322356701,1.95159161091,1.97322356701,4671000
2025-12-14 19:00:00+00:00,1.97381722927,1.97381722927,1.95763707161,1.96102678776,1665008
2025-12-14 20:00:00+00:00,1.96235668659,1.96907627583,1.96094763279,1.96137952805,5252832
2025-12-14 21:00:00+00:00,1.96159934998,1.96686470509,1.95337605476,1.95337605476,1471680
2025-12-14 22:00:00+00:00,1.95628118515,1.96158015728,1.94825792313,1.94906914234,3313136
2025-12-14 23:00:00+00:00,1.95362639427,1.95731449127,1.94571709633,1.95710670948,4366448
2025-12-15 00:00:00+00:00,1.9547328949,1.96838319302,1.9547328949,1.9657971859,2708304
2025-12-15 01:00:00+00:00,1.96575593948,1.98827028275,1.96575593948,1.98381185532,2850640
2025-12-15 02:00:00+00:00,1.98931264877,2.00278115273,1.98651278019,1.98651278019,4265248
2025-12-15 03:00:00+00:00,1.98603570461,1.99222695827,1.98372983932,1.98893117905,268032
2025-12-15 04:00:00+00:00,1.98875391483,2.0002746582,1.98875391483,2.0002746582,366912
2025-12-15 05:00:00+00:00,1.99969768524,2.00502347946,1.99807047844,2.00208187103,0
2025-12-15 06:00:00+00:00,2.00294470787,2.00545930862,1.99820685387,2.00249099731,1208336
2025-12-15 07:00:00+00:00,2.00312185287,2.00312185287,1.9881811142,1.99005973339,533008
2025-12-15 08:00:00+00:00,1.99043548107,1.99960124493,1.99043548107,1.99437427521,0
2025-12-15 09:00:00+00:00,1.9940212965,2.00028347969,1.9940212965,2.00027704239,0
2025-12-15 10:00:00+00:00,2.00031137466,2.00506711006,1.99416780472,1.99702203274,0
2025-12-15 11:00:00+00:00,1.99705052376,2.00021886826,1.99365949631,1.99465835094,0
2025-12-15 12:00:00+00:00,1.99470734596,2.00712227821,1.99171471596,2.00712227821,18768
2025-12-15 13:00:00+00:00,2.00707554817,2.00707554817,1.98868429661,1.99480950832,0
2025-12-15 14:00:00+00:00,1.99448847771,2.00244379044,1.95875191689,1.95875191689,4060672
2025-12-15 15:00:00+00:00,1.95740139484,1.95740139484,1.88206899166,1.88206899166,30813408
2025-12-15 16:00:00+00:00,1.88327634335,1.88689911366,1.86055874825,1.87018752098,8540608
2025-12-15 17:00:00+00:00,1.86619544029,1.86808669567,1.85423099995,1.85423099995,730752
2025-12-15 18:00:00+00:00,1.85417544842,1.85884582996,1.84195625782,1.85884582996,5657808
2025-12-15 19:00:00+00:00,1.8591145277,1.88216173649,1.8591145277,1.87282192707,7686416
2025-12-15 20:00:00+00:00,1.87423872948,1.87423872948,1.8584883213,1.86774599552,211456
2025-12-15 21:00:00+00:00,1.86705124378,1.886677742,1.86490380764,1.886677742,1609872
2025-12-15 22:00:00+00:00,1.8868278265,1.88769733906,1.88151538372,1.88598108292,0
2025-12-15 23:00:00+00:00,1.89101541042,1.90339708328,1.89101541042,1.90253448486,0
2025-12-16 00:00:00+00:00,1.90121018887,1.90232956409,1.88466274738,1.88466274738,0
2025-12-16 01:00:00+00:00,1.88459467888,1.89160895348,1.88253486156,1.89067173004,415296
2025-12-16 02:00:00+00:00,1.89074230194,1.8964164257,1.88681507111,1.89109659195,0
2025-12-16 03:00:00+00:00,1.89104926586,1.89134705067,1.88161373138,1.88915431499,2192064
2025-12-16 04:00:00+00:00,1.89017438889,1.89020478725,1.87694919109,1.87868821621,1898544
2025-12-16 05:00:00+00:00,1.8822606802,1.88927328587,1.8822606802,1.8870357275,1613456
2025-12-16 06:00:00+00:00,1.88554239273,1.89931035042,1.88515758514,1.89931035042,0
2025-12-16 07:00:00+00:00,1.90046024323,1.90046024323,1.8789536953,1.8789536953,1039328
2025-12-16 08:00:00+00:00,1.87934589386,1.89372313023,1.87934589386,1.88850939274,1308112
2025-12-16 09:00:00+00:00,1.88852643967,1.89026510715,1.88545107841,1.88667953014,1655312
2025-12-16 10:00:00+00:00,1.886890769,1.93321144581,1.88684380054,1.92272019386,5909504
2025-12-16 11:00:00+00:00,1.92153263092,1.92824709415,1.91685366631,1.92454743385,734048
2025-12-16 12:00:00+00:00,1.92503726482,1.92505788803,1.91651785374,1.91949367523,0
2025-12-16 13:00:00+00:00,1.91872441769,1.92235887051,1.89898347855,1.89905023575,4912208
2025-12-16 14:00:00+00:00,1.8989713192,1.90644228458,1.88611388206,1.90559399128,5665904
2025-12-16 15:00:00+00:00,1.89824640751,1.92421221733,1.89818739891,1.92239403725,0
2025-12-16 16:00:00+00:00,1.92121601105,1.92121601105,1.90031647682,1.90816366673,0
2025-12-16 17:00:00+00:00,1.90733671188,1.9113560915,1.89430367947,1.89430367947,0
2025-12-16 18:00:00+00:00,1.89393973351,1.91425538063,1.89351272583,1.91425538063,0
2025-12-16 19:00:00+00:00,1.91107749939,1.91107749939,1.89348614216,1.90835261345,0
2025-12-16 20:00:00+00:00,1.90692424774,1.90847659111,1.90258681774,1.90503394604,0
2025-12-16 21:00:00+00:00,1.90476512909,1.90653932095,1.89880216122,1.90160501003,0
2025-12-16 22:00:00+00:00,1.90305507183,1.90331912041,1.89867782593,1.89976382256,0
2025-12-16 23:00:00+00:00,1.89971780777,1.89971780777,1.89224874973,1.89847648144,6912
2025-12-17 00:00:00+00:00,1.89791870117,1.89791870117,1.88770914078,1.88906490803,0
2025-12-17 01:00:00+00:00,1.88907575607,1.90324568748,1.88907575607,1.89096403122,0
2025-12-17 02:00:00+00:00,1.89110708237,1.89863014221,1.88376700878,1.89665949345,0
2025-12-17 03:00:00+00:00,1.89676165581,1.90075659752,1.88796424866,1.88796424866,0
2025-12-17 04:00:00+00:00,1.88806664944,1.89024615288,1.86759650707,1.87014853954,3954320
2025-12-17 05:00:00+00:00,1.87036144733,1.87539875507,1.86646425724,1.87523019314,0
2025-12-17 06:00:00+00:00,1.87462234497,1.88251161575,1.87462234497,1.87496852875,224176
2025-12-17 07:00:00+00:00,1.87495565414,1.88233733177,1.87495565414,1.87815499306,709408
2025-12-17 08:00:00+00:00,1.87807905674,1.87807905674,1.86536407471,1.86536407471,0
2025-12-17 09:00:00+00:00,1.86524343491,1.86781454086,1.86051785946,1.86232018471,0
2025-12-17 10:00:00+00:00,1.86233913898,1.869551301,1.85831236839,1.86509346962,0
2025-12-17 11:00:00+00:00,1.86362457275,1.87379705906,1.86362457275,1.86769676208,2606768
2025-12-17 12:00:00+00:00,1.86817288399,1.87469756603,1.86811065674,1.87212705612,1355120
2025-12-17 13:00:00+00:00,1.87263321877,1.88328003883,1.86772036552,1.88139355183,0
2025-12-17 14:00:00+00:00,1.88967061043,1.92266857624,1.87823057175,1.92253315449,1008048
2025-12-17 15:00:00+00:00,1.92958247662,1.94709873199,1.87161278725,1.87164986134,15669456
2025-12-17 16:00:00+00:00,1.8717969656,1.88004410267,1.81908416748,1.83025062084,16443264
2025-12-17 17:00:00+00:00,1.83381259441,1.83961617947,1.81886065006,1.8191421032,6163360
2025-12-17 18:00:00+00:00,1.81875622272,1.83192706108,1.80421257019,1.80421257019,5489040
2025-12-17 19:00:00+00:00,1.80355191231,1.81488764286,1.79588079453,1.81488764286,9862048
2025-12-17 20:00:00+00:00,1.8150396347,1.82783055305,1.80899488926,1.8096088171,2700544
2025-12-17 21:00:00+00:00,1.80975449085,1.81516647339,1.79778170586,1.80022239685,816512
2025-12-17 22:00:00+00:00,1.80011320114,1.8178178072,1.79544055462,1.8178178072,2142752
2025-12-17 23:00:00+00:00,1.81752073765,1.81752073765,1.80574822426,1.81174838543,2404400
2025-12-18 00:00:00+00:00,1.81222510338,1.814047575,1.8081394434,1.81185245514,258896
2025-12-18 01:00:00+00:00,1.81187832355,1.81187832355,1.79451096058,1.79451096058,2468960
2025-12-18 02:00:00+00:00,1.79452729225,1.81117093563,1.79378604889,1.80622112751,2406752
2025-12-18 03:00:00+00:00,1.80555987358,1.80555987358,1.78649628162,1.79127335548,2674288
2025-12-18 04:00:00+00:00,1.79126751423,1.7955981493,1.79102301598,1.79221177101,0
2025-12-18 05:00:00+00:00,1.79237234592,1.79251694679,1.77323746681,1.77547991276,1510560
2025-12-18 06:00:00+00:00,1.77556729317,1.78266584873,1.77444219589,1.78245949745,2239392
2025-12-18 07:00:00+00:00,1.78471302986,1.79240751266,1.78471302986,1.78754115105,1310544
2025-12-18 08:00:00+00:00,1.7875187397,1.80383646488,1.7875187397,1.80032622814,4517664
2025-12-18 09:00:00+00:00,1.80034506321,1.8078109026,1.79573750496,1.80189871788,5013296
2025-12-18 10:00:00+00:00,1.80197155476,1.80563473701,1.80154693127,1.80365085602,265728
2025-12-18 11:00:00+00:00,1.80364584923,1.80581736565,1.79761373997,1.80579614639,0
2025-12-18 12:00:00+00:00,1.80632019043,1.81444609165,1.80239248276,1.8113284111,0
2025-12-18 13:00:00+00:00,1.81482732296,1.86955296993,1.81482732296,1.86955296993,15170240
2025-12-18 14:00:00+00:00,1.87379670143,1.88104176521,1.84321057796,1.84970033169,832592
2025-12-18 15:00:00+00:00,1.8489511013,1.87527990341,1.8425590992,1.86213934422,0
2025-12-18 16:00:00+00:00,1.86214065552,1.86214065552,1.84725368023,1.8531358242,0
2025-12-18 17:00:00+00:00,1.85332024097,1.85332024097,1.76753139496,1.79196918011,11614672
2025-12-18 18:00:00+00:00,1.7934705019,1.80406343937,1.76857864857,1.7688062191,0
2025-12-18 19:00:00+00:00,1.76795065403,1.76955544949,1.72542202473,1.72542202473,2993280
2025-12-18 20:00:00+00:00,1.72561371326,1.74773824215,1.72561371326,1.73724591732,3762384
2025-12-18 21:00:00+00:00,1.74255430698,1.76874434948,1.74255430698,1.76874434948,4289104
2025-12-18 22:00:00+00:00,1.76910030842,1.77653086185,1.76712596416,1.76999592781,0
2025-12-18 23:00:00+00:00,1.76993751526,1.76993751526,1.75752234459,1.7585157156,22784
2025-12-19 00:00:00+00:00,1.75866806507,1.76452279091,1.75457036495,1.75874233246,1005792
2025-12-19 01:00:00+00:00,1.75880038738,1.75880038738,1.74394905567,1.74840545654,0
2025-12-19 02:00:00+00:00,1.74829792976,1.7498768568,1.74147510529,1.74419641495,6193040
2025-12-19 03:00:00+00:00,1.74174630642,1.79687821865,1.74174630642,1.78264093399,14646144
2025-12-19 04:00:00+00:00,1.78282296658,1.79127240181,1.78243732452,1.78387534618,4043824
2025-12-19 05:00:00+00:00,1.78386640549,1.78386640549,1.7733066082,1.77479791641,0
2025-12-19 06:00:00+00:00,1.77418851852,1.77692210674,1.76988506317,1.77676284313,0
2025-12-19 07:00:00+00:00,1.78071784973,1.80376136303,1.78071784973,1.79537785053,6898016
2025-12-19 08:00:00+00:00,1.79576385021,1.80443632603,1.79073786736,1.80443632603,255424
2025-12-19 09:00:00+00:00,1.80422699451,1.80422699451,1.79275178909,1.79712355137,0
2025-12-19 10:00:00+00:00,1.79725182056,1.80045986176,1.79559254646,1.79854822159,0
2025-12-19 11:00:00+00:00,1.79841816425,1.80733501911,1.79687547684,1.80612647533,0
2025-12-19 12:00:00+00:00,1.80611133575,1.8102196455,1.7995839119,1.80803442001,0
2025-12-19 13:00:00+00:00,1.80816948414,1.81706511974,1.80816948414,1.81173598766,0
2025-12-19 14:00:00+00:00,1.81176662445,1.83657848835,1.80742442608,1.8298946619,0
2025-12-19 15:00:00+00:00,1.83079326153,1.86089205742,1.82862472534,1.83048200607,9332064
2025-12-19 16:00:00+00:00,1.83116197586,1.86637556553,1.83116197586,1.85234594345,5977200
2025-12-19 17:00:00+00:00,1.8519320488,1.86591529846,1.8346529007,1.8346529007,0
2025-12-19 18:00:00+00:00,1.8320132494,1.83844935894,1.82049763203,1.83826732635,0
2025-12-19 19:00:00+00:00,1.83754360676,1.8718984127,1.83754360676,1.86788737774,0
2025-12-19 20:00:00+00:00,1.86793911457,1.87435352802,1.86620140076,1.86671066284,0
2025-12-19 21:00:00+00:00,1.86736869812,1.86872446537,1.85203742981,1.85203742981,0
2025-12-19 22:00:00+00:00,1.8520308733,1.86391913891,1.8520308733,1.86176908016,0
2025-12-19 23:00:00+00:00,1.86188173294,1.86188173294,1.84891438484,1.84891784191,3120
2025-12-20 00:00:00+00:00,1.84881913662,1.84881913662,1.84015226364,1.84211111069,0
2025-12-20 01:00:00+00:00,1.84212911129,1.84319746494,1.83599817753,1.83603048325,0
2025-12-20 02:00:00+00:00,1.83598780632,1.83722770214,1.83231186867,1.83295381069,0
2025-12-20 03:00:00+00:00,1.83295381069,1.84630930424,1.83257067204,1.84192705154,0
2025-12-20 04:00:00+00:00,1.84110891819,1.84110891819,1.82898569107,1.82898569107,0
2025-12-20 05:00:00+00:00,1.82961034775,1.83878660202,1.82948982716,1.8352291584,0
2025-12-20 06:00:00+00:00,1.83519339561,1.83886528015,1.8343321085,1.83590006828,0
2025-12-20 07:00:00+00:00,1.83598661423,1.85479855537,1.83593142033,1.85478281975,0
2025-12-20 08:00:00+00:00,1.85481393337,1.86562752724,1.85481393337,1.85664117336,0
2025-12-20 09:00:00+00:00,1.85663735867,1.86349177361,1.85565257072,1.86059999466,0
2025-12-20 10:00:00+00:00,1.86014175415,1.86117482185,1.84860944748,1.84956657887,0
2025-12-20 11:00:00+00:00,1.84969508648,1.8579621315,1.84704184532,1.85767114162,0
2025-12-20 12:00:00+00:00,1.85774040222,1.85987365246,1.84572947025,1.84695422649,0
2025-12-20 13:00:00+00:00,1.84696745872,1.84877932072,1.83465480804,1.84159815311,0
2025-12-20 14:00:00+00:00,1.84097027779,1.84097027779,1.82998049259,1.83960127831,0
2025-12-20 15:00:00+00:00,1.83960282803,1.83960282803,1.82846915722,1.83312475681,0
2025-12-20 16:00:00+00:00,1.83294224739,1.83421218395,1.8277182579,1.82880783081,0
2025-12-20 17:00:00+00:00,1.82933855057,1.8355089426,1.8292952776,1.82929778099,0
2025-12-20 18:00:00+00:00,1.82921612263,1.83507752419,1.82776618004,1.83477139473,0
2025-12-20 19:00:00+00:00,1.83418905735,1.83588373661,1.83349537849,1.83441948891,0
2025-12-20 20:00:00+00:00,1.83439004421,1.83439004421,1.8306800127,1.83258342743,0
2025-12-20 21:00:00+00:00,1.83367550373,1.83903944492,1.83306562901,1.83306562901,0
2025-12-20 22:00:00+00:00,1.8331438303,1.83838069439,1.83006739616,1.83838069439,0
2025-12-20 23:00:00+00:00,1.83808779716,1.83808779716,1.83115887642,1.83277738094,2648
2025-12-21 00:00:00+00:00,1.8323199749,1.83504092693,1.82941961288,1.83011162281,0
2025-12-21 01:00:00+00:00,1.83032906055,1.83032906055,1.81269705296,1.81388306618,1173728
2025-12-21 02:00:00+00:00,1.81364262104,1.81364262104,1.8013420105,1.80277252197,510808
2025-12-21 03:00:00+00:00,1.8027715683,1.81273686886,1.80275988579,1.80982899666,0
2025-12-21 04:00:00+00:00,1.80970585346,1.81154406071,1.80464148521,1.80502736568,0
2025-12-21 05:00:00+00:00,1.8057359457,1.81428766251,1.80539011955,1.81064653397,0
2025-12-21 06:00:00+00:00,1.81031489372,1.8203343153,1.81007039547,1.81931638718,3643904
2025-12-21 07:00:00+00:00,1.81936740875,1.82850563526,1.81936740875,1.82846641541,0
2025-12-21 08:00:00+00:00,1.82935166359,1.83942985535,1.82549726963,1.83942985535,8576
2025-12-21 09:00:00+00:00,1.83941698074,1.84801280499,1.83644509315,1.84585773945,2569112
2025-12-21 10:00:00+00:00,1.84495639801,1.8465834856,1.82806742191,1.82835280895,0
2025-12-21 11:00:00+00:00,1.82898211479,1.83020877838,1.82606613636,1.82612812519,0
2025-12-21 12:00:00+00:00,1.82573246956,1.82877957821,1.81134653091,1.81134653091,637624
2025-12-21 13:00:00+00:00,1.81150710583,1.81284582615,1.75434088707,1.754601717,10687264
2025-12-21 14:00:00+00:00,1.75428318977,1.77247524261,1.75428318977,1.76468968391,3462912
2025-12-21 15:00:00+00:00,1.76502883434,1.76928699017,1.75706028938,1.76928699017,1893936
2025-12-21 16:00:00+00:00,1.76924288273,1.77796256542,1.76554143429,1.77781260014,1756496
2025-12-21 17:00:00+00:00,1.77801978588,1.78891789913,1.77801978588,1.77814853191,1015976
2025-12-21 18:00:00+00:00,1.77796649933,1.78040802479,1.7667375803,1.78019618988,1061056
2025-12-21 19:00:00+00:00,1.78208136559,1.7921077013,1.78156614304,1.7921077013,1789016
2025-12-21 20:00:00+00:00,1.79287862778,1.79299807549,1.78257369995,1.78263616562,19584
2025-12-21 21:00:00+00:00,1.78247773647,1.78322565556,1.76758825779,1.76850664616,787864
2025-12-21 22:00:00+00:00,1.76785647869,1.7887185812,1.76785647869,1.7887185812,1298464
2025-12-21 23:00:00+00:00,1.7890869379,1.8096960783,1.7890869379,1.80078709126,3322024
2025-12-22 00:00:00+00:00,1.80013823509,1.82877755165,1.80013823509,1.81888592243,9408480
2025-12-22 01:00:00+00:00,1.81934177876,1.8236695528,1.80735290051,1.80735290051,1186568
2025-12-22 02:00:00+00:00,1.80734682083,1.80734682083,1.78808498383,1.80348515511,2446096
2025-12-22 03:00:00+00:00,1.80355811119,1.81785905361,1.80149233341,1.81244802475,3072424
2025-12-22 04:00:00+00:00,1.8123934269,1.81948280334,1.8123934269,1.81668078899,2121472
2025-12-22 05:00:00+00:00,1.81686592102,1.81880378723,1.8079161644,1.81165969372,45168
2025-12-22 06:00:00+00:00,1.81139862537,1.81586098671,1.80710995197,1.81267166138,0
2025-12-22 07:00:00+00:00,1.81024682522,1.8165024519,1.80978322029,1.81000101566,0
2025-12-22 08:00:00+00:00,1.81039178371,1.82925474644,1.81039178371,1.81385815144,2062608
2025-12-22 09:00:00+00:00,1.81353223324,1.81968426704,1.81264305115,1.81612277031,0
2025-12-22 10:00:00+00:00,1.8162509203,1.82196819782,1.8146135807,1.81824457645,1990208
2025-12-22 11:00:00+00:00,1.81746184826,1.82424247265,1.81240284443,1.82294487953,2699248
2025-12-22 12:00:00+00:00,1.82287287712,1.83403396606,1.82287287712,1.82545888424,2959728
2025-12-22 13:00:00+00:00,1.82678830624,1.82897138596,1.81998693943,1.82856869698,0
2025-12-22 14:00:00+00:00,1.82852506638,1.84013271332,1.82670021057,1.83894634247,2220976
2025-12-22 15:00:00+00:00,1.83906793594,1.84668767452,1.82165253162,1.83191263676,4668592
2025-12-22 16:00:00+00:00,1.83269262314,1.8452103138,1.8323084116,1.83268678188,1595168
2025-12-22 17:00:00+00:00,1.83260118961,1.83260118961,1.81517708302,1.81517708302,6918688
2025-12-22 18:00:00+00:00,1.81521964073,1.81803309917,1.80530619621,1.80530619621,8130080
2025-12-22 19:00:00+00:00,1.80510783195,1.80510783195,1.7694106102,1.7696839571,13064496
2025-12-22 20:00:00+00:00,1.76970887184,1.77756893635,1.75807273388,1.76697814465,6392448
2025-12-22 21:00:00+00:00,1.76658654213,1.77676653862,1.76657152176,1.77045702934,2784416
2025-12-22 22:00:00+00:00,1.77044045925,1.78744804859,1.76497125626,1.78744804859,2856192
2025-12-22 23:00:00+00:00,1.7876894474,1.78825581074,1.778023839,1.78267514706,0
2025-12-23 00:00:00+00:00,1.78265452385,1.79674637318,1.78124058247,1.7952849865,0
2025-12-23 01:00:00+00:00,1.79520106316,1.7973793745,1.78449118137,1.78729653358,0
2025-12-23 02:00:00+00:00,1.7873083353,1.79206156731,1.77271544933,1.77341878414,0
2025-12-23 03:00:00+00:00,1.77237510681,1.77864193916,1.76582467556,1.77650487423,0
2025-12-23 04:00:00+00:00,1.77646791935,1.77649247646,1.76863253117,1.76863253117,0
2025-12-23 05:00:00+00:00,1.76864254475,1.77155458927,1.76270616055,1.76937627792,1712336
2025-12-23 06:00:00+00:00,1.76936113834,1.77006292343,1.75561523438,1.75944912434,633888
2025-12-23 07:00:00+00:00,1.75920629501,1.7617636919,1.75510680676,1.75960469246,255536
2025-12-23 08:00:00+00:00,1.75961410999,1.76518464088,1.75805747509,1.75921487808,0
2025-12-23 09:00:00+00:00,1.75924623013,1.76409602165,1.75822150707,1.76040685177,0
2025-12-23 10:00:00+00:00,1.76041710377,1.7731949091,1.76030385494,1.77182865143,0
2025-12-23 11:00:00+00:00,1.77160799503,1.77677595615,1.77061390877,1.77475011349,0
2025-12-23 12:00:00+00:00,1.77468574047,1.77468574047,1.76041162014,1.76330769062,0
2025-12-23 13:00:00+00:00,1.76307559013,1.76307559013,1.74709916115,1.7494238615,5389424
2025-12-23 14:00:00+00:00,1.7488335371,1.75556230545,1.73215401173,1.73277187347,0
2025-12-23 15:00:00+00:00,1.73452818394,1.75060558319,1.73452818394,1.7463247776,0
2025-12-23 16:00:00+00:00,1.74638283253,1.76717972755,1.74607884884,1.76690208912,1447744
2025-12-23 17:00:00+00:00,1.76671123505,1.76999628544,1.74691402912,1.74696815014,0
2025-12-23 18:00:00+00:00,1.74710726738,1.77248549461,1.74276554585,1.77154886723,0
2025-12-23 19:00:00+00:00,1.77147519588,1.77332210541,1.75673103333,1.75873637199,0
2025-12-23 20:00:00+00:00,1.75883078575,1.78225266933,1.75724256039,1.77112674713,0
2025-12-23 21:00:00+00:00,1.77112209797,1.77112209797,1.76536595821,1.76646196842,0
2025-12-23 22:00:00+00:00,1.76651978493,1.76786375046,1.75728464127,1.76280558109,0
2025-12-23 23:00:00+00:00,1.76298427582,1.76449203491,1.75685596466,1.76355922222,24120
2025-12-24 00:00:00+00:00,1.76360273361,1.76928305626,1.7624027729,1.76812410355,890184
2025-12-24 01:00:00+00:00,1.7689281702,1.7714022398,1.75709712505,1.75969529152,0
2025-12-24 02:00:00+00:00,1.7596668005,1.7596668005,1.73679852486,1.73981738091,0
2025-12-24 03:00:00+00:00,1.73956215382,1.7488232851,1.73081672192,1.7483382225,92128
2025-12-24 04:00:00+00:00,1.7483754158,1.75522911549,1.73529028893,1.73529028893,0
2025-12-24 05:00:00+00:00,1.73524475098,1.73642349243,1.72185456753,1.72545230389,1640688
2025-12-24 06:00:00+00:00,1.7254935503,1.72963666916,1.718968153,1.72740709782,0
2025-12-24 07:00:00+00:00,1.72783815861,1.73037338257,1.72539150715,1.72645640373,0
2025-12-24 08:00:00+00:00,1.72609531879,1.72609531879,1.71887516975,1.72022747993,647712
2025-12-24 09:00:00+00:00,1.72024154663,1.7274326086,1.72024154663,1.72330152988,0
2025-12-24 10:00:00+00:00,1.72334158421,1.72884488106,1.72256040573,1.72677242756,1173400
2025-12-24 11:00:00+00:00,1.72529554367,1.73229300976,1.72529554367,1.72799527645,0
2025-12-24 12:00:00+00:00,1.72800064087,1.73712456226,1.72665917873,1.73692786694,0
2025-12-24 13:00:00+00:00,1.73650455475,1.73653495312,1.72573685646,1.72922551632,0
2025-12-24 14:00:00+00:00,1.7291457653,1.73479068279,1.71547520161,1.72188639641,0
2025-12-24 15:00:00+00:00,1.72330462933,1.73337900639,1.71628046036,1.72964978218,0
2025-12-24 16:00:00+00:00,1.72999668121,1.73685181141,1.72337174416,1.73133397102,0
2025-12-24 17:00:00+00:00,1.73164844513,1.73471617699,1.7211060524,1.7211060524,0
2025-12-24 18:00:00+00:00,1.72054946423,1.72483694553,1.71802604198,1.72049343586,0
2025-12-24 19:00:00+00:00,1.72035551071,1.72860825062,1.7171112299,1.72805047035,0
2025-12-24 20:00:00+00:00,1.72804701328,1.73486042023,1.72804701328,1.7300952673,0
2025-12-24 21:00:00+00:00,1.73006999493,1.7306021452,1.72700059414,1.72980344296,0
2025-12-24 22:00:00+00:00,1.73050177097,1.74319779873,1.72945535183,1.74157357216,0
2025-12-24 23:00:00+00:00,1.74201107025,1.74252855778,1.73266434669,1.73664593697,0
2025-12-25 00:00:00+00:00,1.73732852936,1.74266159534,1.73297977448,1.73297977448,0
2025-12-25 01:00:00+00:00,1.73300969601,1.74331820011,1.73277795315,1.74104857445,0
2025-12-25 02:00:00+00:00,1.74105966091,1.75046050549,1.73763561249,1.74901497364,0
2025-12-25 03:00:00+00:00,1.75003600121,1.75003600121,1.74444401264,1.74544739723,0
2025-12-25 04:00:00+00:00,1.74544858932,1.74545037746,1.74272787571,1.74436414242,0
2025-12-25 05:00:00+00:00,1.74433791637,1.74433791637,1.73892056942,1.73892056942,0
2025-12-25 06:00:00+00:00,1.73896324635,1.74180340767,1.73758757114,1.74132323265,0
2025-12-25 07:00:00+00:00,1.74096775055,1.74101996422,1.73550844193,1.73656928539,0
2025-12-25 08:00:00+00:00,1.73661124706,1.73997759819,1.73450160027,1.73527526855,0
2025-12-25 09:00:00+00:00,1.73522126675,1.73522126675,1.72977793217,1.73043179512,191248
2025-12-25 10:00:00+00:00,1.7303571701,1.7303571701,1.70513617992,1.70624291897,2702720
2025-12-25 11:00:00+00:00,1.70635557175,1.71458816528,1.70507764816,1.71319413185,2401368
2025-12-25 12:00:00+00:00,1.71311450005,1.71707355976,1.71162605286,1.71707355976,636744
2025-12-25 13:00:00+00:00,1.71740186214,1.72255790234,1.71709644794,1.72103488445,0
2025-12-25 14:00:00+00:00,1.72095131874,1.72095131874,1.70595979691,1.70833301544,0
2025-12-25 15:00:00+00:00,1.70837748051,1.73345386982,1.70708227158,1.73265361786,2140264
2025-12-25 16:00:00+00:00,1.73224163055,1.73670530319,1.73106884956,1.73332428932,0
2025-12-25 17:00:00+00:00,1.73326158524,1.73404693604,1.72890532017,1.72979354858,0
2025-12-25 18:00:00+00:00,1.72970426083,1.73313319683,1.72962772846,1.73165869713,430648
2025-12-25 19:00:00+00:00,1.7316031456,1.73335134983,1.73079895973,1.73335134983,0
2025-12-25 20:00:00+00:00,1.73331022263,1.73361909389,1.7303185463,1.73196458817,0
2025-12-25 21:00:00+00:00,1.7320305109,1.7336782217,1.7320305109,1.73268008232,0
2025-12-25 22:00:00+00:00,1.73264765739,1.73298323154,1.71219372749,1.71542847157,838008
2025-12-25 23:00:00+00:00,1.71581411362,1.71581411362,1.67983591557,1.6824208498,8798856
2025-12-26 00:00:00+00:00,1.68273246288,1.68742501736,1.65691566467,1.65824592113,12282192
2025-12-26 01:00:00+00:00,1.6585419178,1.68758034706,1.6585419178,1.6873716116,4166416
2025-12-26 02:00:00+00:00,1.68716645241,1.74806559086,1.68716645241,1.74278402328,15646768
2025-12-26 03:00:00+00:00,1.74266588688,1.74362266064,1.73094439507,1.73564970493,5157264
2025-12-26 04:00:00+00:00,1.73570311069,1.73820841312,1.72752642632,1.73504185677,2840992
2025-12-26 05:00:00+00:00,1.73529493809,1.73891186714,1.73236167431,1.73432505131,2716080
2025-12-26 06:00:00+00:00,1.73427307606,1.74199199677,1.73050284386,1.73126244545,3490512
2025-12-26 07:00:00+00:00,1.73133552074,1.73733472824,1.71395051479,1.71406590939,2668624
2025-12-26 08:00:00+00:00,1.71433496475,1.71903932095,1.71018326283,1.71329748631,0
2025-12-26 09:00:00+00:00,1.71335697174,1.71610999107,1.71019983292,1.71610999107,1975728
2025-12-26 10:00:00+00:00,1.71600985527,1.71821725368,1.71135401726,1.71784043312,0
2025-12-26 11:00:00+00:00,1.71778798103,1.71778798103,1.70580947399,1.71339404583,861904
2025-12-26 12:00:00+00:00,1.71335923672,1.72416889668,1.71319329739,1.72413682938,0
2025-12-26 13:00:00+00:00,1.72401034832,1.73032915592,1.72208976746,1.72949409485,507136
2025-12-26 14:00:00+00:00,1.72921180725,1.73018801212,1.7022548914,1.70226705074,5307792
2025-12-26 15:00:00+00:00,1.70145797729,1.70610845089,1.69192183018,1.70224630833,2020848
2025-12-26 16:00:00+00:00,1.70321512222,1.70834112167,1.69845485687,1.69845485687,0
2025-12-26 17:00:00+00:00,1.69795155525,1.70969104767,1.69577169418,1.704459548,246512
2025-12-26 18:00:00+00:00,1.70418059826,1.71104443073,1.70402657986,1.70764040947,0
2025-12-26 19:00:00+00:00,1.70770847797,1.7196444273,1.7071814537,1.71833574772,837024
2025-12-26 20:00:00+00:00,1.71899271011,1.72931325436,1.71722817421,1.72701668739,455312
2025-12-26 21:00:00+00:00,1.72678220272,1.72678220272,1.72083795071,1.72083795071,2430608
2025-12-26 22:00:00+00:00,1.71985650063,1.72668409348,1.71985650063,1.72639417648,0
2025-12-26 23:00:00+00:00,1.72670257092,1.72760093212,1.7216501236,1.72218823433,0
2025-12-27 00:00:00+00:00,1.72239971161,1.72838616371,1.72239971161,1.72596597672,0
2025-12-27 01:00:00+00:00,1.72596371174,1.73445260525,1.72273910046,1.73445260525,0
2025-12-27 02:00:00+00:00,1.73448991776,1.74746882915,1.73412489891,1.74605607986,0
2025-12-27 03:00:00+00:00,1.7460091114,1.76837253571,1.74509966373,1.76020240784,0
2025-12-27 04:00:00+00:00,1.76206123829,1.76232635975,1.74740552902,1.74740552902,0
2025-12-27 05:00:00+00:00,1.74739181995,1.75274395943,1.7469367981,1.75274395943,234912
2025-12-27 06:00:00+00:00,1.75392794609,1.75449228287,1.75176107883,1.75252354145,0
2025-12-27 07:00:00+00:00,1.75274217129,1.75653195381,1.75035977364,1.75055623055,0
2025-12-27 08:00:00+00:00,1.75052452087,1.75132513046,1.74701535702,1.74701535702,0
2025-12-27 09:00:00+00:00,1.74694931507,1.74694931507,1.74311733246,1.74346888065,0
2025-12-27 10:00:00+00:00,1.7433886528,1.74496519566,1.73807907104,1.74496519566,590176
2025-12-27 11:00:00+00:00,1.74722445011,1.76425671577,1.74722445011,1.76425671577,0
2025-12-27 12:00:00+00:00,1.76500606537,1.77054595947,1.76232349873,1.76945948601,2104568
2025-12-27 13:00:00+00:00,1.77052772045,1.77052772045,1.76427328587,1.7662422657,1164464
2025-12-27 14:00:00+00:00,1.76613152027,1.7726277113,1.76613152027,1.77251601219,0
2025-12-27 15:00:00+00:00,1.77249729633,1.80870950222,1.77249729633,1.8010417223,7248432
2025-12-27 16:00:00+00:00,1.80093562603,1.81952154636,1.80093562603,1.80491423607,8595232
2025-12-27 17:00:00+00:00,1.8025393486,1.81713461876,1.80014503002,1.81713461876,3698080
2025-12-27 18:00:00+00:00,1.81705749035,1.84136199951,1.81705749035,1.83095288277,11967168
2025-12-27 19:00:00+00:00,1.83084928989,1.84047150612,1.82537698746,1.83126831055,5417344
2025-12-27 20:00:00+00:00,1.83140957355,1.84771490097,1.83140957355,1.84311330318,4498448
2025-12-27 21:00:00+00:00,1.84332716465,1.87625861168,1.84332716465,1.87625861168,9050768
2025-12-27 22:00:00+00:00,1.88029694557,1.88594770432,1.8593403101,1.87214052677,8537856
2025-12-27 23:00:00+00:00,1.87199151516,1.91417717934,1.87199151516,1.91391432285,26589168
2025-12-28 00:00:00+00:00,1.91384100914,1.91384100914,1.88617992401,1.88640677929,4950752
2025-12-28 01:00:00+00:00,1.88636040688,1.88636040688,1.87378716469,1.88134086132,1837616
2025-12-28 02:00:00+00:00,1.88132238388,1.88404357433,1.8792232275,1.8792232275,0
2025-12-28 03:00:00+00:00,1.87886738777,1.87886738777,1.86964452267,1.8706382513,0
2025-12-28 04:00:00+00:00,1.87067878246,1.88178825378,1.86854970455,1.88019275665,1204224
2025-12-28 05:00:00+00:00,1.88017117977,1.89112639427,1.87828111649,1.88905107975,0
2025-12-28 06:00:00+00:00,1.88905453682,1.88966310024,1.88453614712,1.88883173466,193280
2025-12-28 07:00:00+00:00,1.88862109184,1.89298379421,1.88774049282,1.88995659351,0
2025-12-28 08:00:00+00:00,1.88994216919,1.89586782455,1.88884830475,1.89107334614,1032192
2025-12-28 09:00:00+00:00,1.89078748226,1.89078748226,1.87993621826,1.87993621826,63024
2025-12-28 10:00:00+00:00,1.87994921207,1.88933038712,1.87994921207,1.88664340973,372560
2025-12-28 11:00:00+00:00,1.88649177551,1.89027237892,1.87651646137,1.88047766685,880256
2025-12-28 12:00:00+00:00,1.88043022156,1.88043022156,1.86880838871,1.86901783943,0
2025-12-28 13:00:00+00:00,1.86896133423,1.87711894512,1.86896133423,1.8741812706,0
2025-12-28 14:00:00+00:00,1.8742197752,1.88257741928,1.8738039732,1.8804962635,0
2025-12-28 15:00:00+00:00,1.8804680109,1.88453745842,1.8763384819,1.8768273592,0
2025-12-28 16:00:00+00:00,1.87692451477,1.87700438499,1.87299096584,1.87342238426,0
2025-12-28 17:00:00+00:00,1.87337994576,1.87942993641,1.87337994576,1.87551891804,0
2025-12-28 18:00:00+00:00,1.87553870678,1.87596893311,1.84940183163,1.84940183163,0
2025-12-28 19:00:00+00:00,1.84481453896,1.84582817554,1.83517479897,1.83944702148,0
2025-12-28 20:00:00+00:00,1.84042012691,1.84389388561,1.83915710449,1.83915710449,0
2025-12-28 21:00:00+00:00,1.83912408352,1.84107410908,1.83630263805,1.84087717533,0
2025-12-28 22:00:00+00:00,1.84097540379,1.84514784813,1.83036530018,1.84507918358,0
2025-12-28 23:00:00+00:00,1.84489786625,1.84883201122,1.83858942986,1.84874856472,0
2025-12-29 00:00:00+00:00,1.84880650043,1.86162292957,1.84431374073,1.85976850986,0
2025-12-29 01:00:00+00:00,1.85971570015,1.87459731102,1.84882628918,1.86821675301,1117520
2025-12-29 02:00:00+00:00,1.86849439144,1.87919962406,1.85865068436,1.86557948589,7442144
2025-12-29 03:00:00+00:00,1.86567783356,1.89289808273,1.86567783356,1.89289808273,4422680
2025-12-29 04:00:00+00:00,1.89278817177,1.89982163906,1.8920276165,1.89504885674,1122368
2025-12-29 05:00:00+00:00,1.8939665556,1.89785671234,1.88450753689,1.89077961445,1794680
2025-12-29 06:00:00+00:00,1.89040791988,1.89515459538,1.88751721382,1.89083898067,703568
2025-12-29 07:00:00+00:00,1.8908188343,1.8908675909,1.87985944748,1.88909542561,3067648
2025-12-29 08:00:00+00:00,1.88861787319,1.88861787319,1.87385797501,1.87385797501,712928
2025-12-29 09:00:00+00:00,1.87374806404,1.87556254864,1.8450319767,1.85060703754,4891488
2025-12-29 10:00:00+00:00,1.85068035126,1.86422848701,1.85068035126,1.85921943188,895408
2025-12-29 11:00:00+00:00,1.85879075527,1.8592774868,1.84709501266,1.84709501266,0
2025-12-29 12:00:00+00:00,1.84705448151,1.84786629677,1.82074058056,1.83587265015,7171120
2025-12-29 13:00:00+00:00,1.83577978611,1.83732748032,1.82459998131,1.8246948719,1278192
2025-12-29 14:00:00+00:00,1.82481849194,1.85119831562,1.82448005676,1.84088218212,4218864
2025-12-29 15:00:00+00:00,1.8381998539,1.86645233631,1.83800327778,1.85337233543,4341936
2025-12-29 16:00:00+00:00,1.85340380669,1.85543251038,1.8375377655,1.8459777832,2961040
2025-12-29 17:00:00+00:00,1.8459174633,1.85319519043,1.83957958221,1.84709966183,2814080
2025-12-29 18:00:00+00:00,1.8470852375,1.84867310524,1.83650887012,1.83650887012,0
2025-12-29 19:00:00+00:00,1.8365187645,1.84479737282,1.83274245262,1.83976793289,0
2025-12-29 20:00:00+00:00,1.83963048458,1.84387326241,1.82983291149,1.83084845543,1809536
2025-12-29 21:00:00+00:00,1.83065116405,1.83786690235,1.83065116405,1.83232116699,1930944
2025-12-29 22:00:00+00:00,1.83239006996,1.83582150936,1.82817101479,1.83506321907,0
2025-12-29 23:00:00+00:00,1.83488965034,1.83488965034,1.82082104683,1.82223510742,273344
2025-12-30 00:00:00+00:00,1.82222378254,1.82484996319,1.80620396137,1.81133818626,228864
2025-12-30 01:00:00+00:00,1.81135630608,1.81135630608,1.80619573593,1.80878770351,0
2025-12-30 02:00:00+00:00,1.80875074863,1.80918598175,1.79822051525,1.80067574978,0
2025-12-30 03:00:00+00:00,1.80078399181,1.80992925167,1.79541444778,1.80930173397,0
2025-12-30 04:00:00+00:00,1.80924117565,1.81133115292,1.80349850655,1.80501663685,0
2025-12-30 05:00:00+00:00,1.80490839481,1.80516993999,1.79472279549,1.79879593849,0
2025-12-30 06:00:00+00:00,1.79878938198,1.81613016129,1.79854416847,1.8138884306,269648
2025-12-30 07:00:00+00:00,1.8138333559,1.8145635128,1.80852544308,1.81028580666,0
2025-12-30 08:00:00+00:00,1.81033492088,1.83740735054,1.81033492088,1.82675659657,1857312
2025-12-30 09:00:00+00:00,1.82676064968,1.82823479176,1.8206782341,1.82501339912,0
2025-12-30 10:00:00+00:00,1.82532322407,1.82958781719,1.82382249832,1.8239556551,0
2025-12-30 11:00:00+00:00,1.8241121769,1.8241121769,1.81877410412,1.82098913193,0
2025-12-30 12:00:00+00:00,1.82101285458,1.82934474945,1.81986057758,1.81989085674,0
2025-12-30 13:00:00+00:00,1.81983959675,1.82321953773,1.81678020954,1.81678020954,602864
2025-12-30 14:00:00+00:00,1.81667983532,1.82710576057,1.80072534084,1.82496905327,7578928
2025-12-30 15:00:00+00:00,1.82491612434,1.84237146378,1.80920624733,1.84212887287,5348832
2025-12-30 16:00:00+00:00,1.84200155735,1.84200155735,1.82461476326,1.82775425911,1222336
2025-12-30 17:00:00+00:00,1.82777523994,1.83153736591,1.82397067547,1.82806384563,0
2025-12-30 18:00:00+00:00,1.82770586014,1.82770586014,1.81733810902,1.81891202927,0
2025-12-30 19:00:00+00:00,1.81887030602,1.8265389204,1.81163966656,1.8265349865,0
2025-12-30 20:00:00+00:00,1.82660973072,1.82702350616,1.81510698795,1.81515729427,0
2025-12-30 21:00:00+00:00,1.81539857388,1.81683862209,1.81042361259,1.81141936779,0
2025-12-30 22:00:00+00:00,1.81149244308,1.81540334225,1.80711269379,1.80974936485,0
2025-12-30 23:00:00+00:00,1.80979919434,1.81287336349,1.8092648983,1.81084990501,2008
2025-12-31 00:00:00+00:00,1.80806982517,1.80814945698,1.80042481422,1.80814945698,0
2025-12-31 01:00:00+00:00,1.80827701092,1.82995891571,1.80827701092,1.82365143299,1401848
2025-12-31 02:00:00+00:00,1.82336950302,1.82520735264,1.81933033466,1.8216496706,0
2025-12-31 03:00:00+00:00,1.82163333893,1.82232058048,1.81045854092,1.81045854092,0
2025-12-31 04:00:00+00:00,1.81035363674,1.81522679329,1.81009566784,1.81335186958,0
2025-12-31 05:00:00+00:00,1.81334877014,1.81601679325,1.811434865,1.811434865,0
2025-12-31 06:00:00+00:00,1.81137263775,1.81168544292,1.80652213097,1.81072556973,0
2025-12-31 07:00:00+00:00,1.81073665619,1.81140160561,1.80509209633,1.80673575401,296056
2025-12-31 08:00:00+00:00,1.80676019192,1.81296205521,1.80265784264,1.80338299274,0
2025-12-31 09:00:00+00:00,1.80347776413,1.80775225163,1.80347776413,1.80774843693,0
2025-12-31 10:00:00+00:00,1.80766701698,1.80880832672,1.80166876316,1.80192399025,0
2025-12-31 11:00:00+00:00,1.80200517178,1.82029998302,1.80200517178,1.81951093674,230064
2025-12-31 12:00:00+00:00,1.81985938549,1.82061386108,1.80961251259,1.81037592888,0
2025-12-31 13:00:00+00:00,1.8104313612,1.82537865639,1.8104313612,1.82436513901,0
2025-12-31 14:00:00+00:00,1.82437193394,1.838367939,1.81408035755,1.81836700439,111296
2025-12-31 15:00:00+00:00,1.8184710741,1.82025980949,1.80453574657,1.81075644493,0
2025-12-31 16:00:00+00:00,1.81011939049,1.81011939049,1.77560305595,1.78185284138,4082568
2025-12-31 17:00:00+00:00,1.78150308132,1.78233468533,1.7696980238,1.76979887486,37552
2025-12-31 18:00:00+00:00,1.76976537704,1.77771854401,1.76742684841,1.77047765255,0
2025-12-31 19:00:00+00:00,1.77041924,1.78351008892,1.77041924,1.77594196796,563496
2025-12-31 20:00:00+00:00,1.77562618256,1.78362345695,1.76540124416,1.78362345695,5386808
2025-12-31 21:00:00+00:00,1.78334724903,1.79161000252,1.78334724903,1.79036402702,2205728
2025-12-31 22:00:00+00:00,1.79044723511,1.79241466522,1.7852203846,1.7852203846,1961504
2025-12-31 23:00:00+00:00,1.78517341614,1.79120457172,1.78030633926,1.78918600082,1042376
2026-01-01 00:00:00+00:00,1.78906834126,1.78906834126,1.77871501446,1.77940440178,4744088
2026-01-01 01:00:00+00:00,1.77935612202,1.78712725639,1.77824687958,1.7811640501,0
2026-01-01 02:00:00+00:00,1.78100824356,1.78100824356,1.77634358406,1.77666342258,0
2026-01-01 03:00:00+00:00,1.77625072002,1.77791285515,1.77284538746,1.7738827467,280488
2026-01-01 04:00:00+00:00,1.77321958542,1.77321958542,1.76427400112,1.76718723774,1591744
2026-01-01 05:00:00+00:00,1.76716339588,1.78474187851,1.76716339588,1.78327929974,847520
2026-01-01 06:00:00+00:00,1.78326225281,1.7846750021,1.78095698357,1.78095698357,0
2026-01-01 07:00:00+00:00,1.7809470892,1.78499889374,1.7809470892,1.782523036,0
2026-01-01 08:00:00+00:00,1.78243410587,1.78744482994,1.78233277798,1.78744482994,0
2026-01-01 09:00:00+00:00,1.78771960735,1.80382037163,1.78771960735,1.79707956314,1679448
2026-01-01 10:00:00+00:00,1.79721260071,1.79928410053,1.79478001595,1.79901278019,0
2026-01-01 11:00:00+00:00,1.79902780056,1.80511140823,1.79902780056,1.80510950089,0
2026-01-01 12:00:00+00:00,1.80511283875,1.81290054321,1.80336534977,1.81290054321,217480
2026-01-01 13:00:00+00:00,1.81284427643,1.83684754372,1.81256520748,1.83657193184,3300960
2026-01-01 14:00:00+00:00,1.83661293983,1.86954414845,1.83246195316,1.85958123207,29612264
2026-01-01 15:00:00+00:00,1.85958862305,1.88815963268,1.85898661613,1.88815963268,6536368
2026-01-01 16:00:00+00:00,1.88826274872,1.90806007385,1.88826274872,1.89965975285,3982368
2026-01-01 17:00:00+00:00,1.89980113506,1.93929827213,1.89980113506,1.93870544434,8656976
2026-01-01 18:00:00+00:00,1.93901908398,1.97170317173,1.93901908398,1.97170317173,11418512
2026-01-01 19:00:00+00:00,1.97178983688,1.99760174751,1.96016681194,1.99741530418,11169920
2026-01-01 20:00:00+00:00,1.99748003483,2.00558543205,1.97811925411,1.99091053009,6700256
2026-01-01 21:00:00+00:00,1.990899086,2.00361728668,1.9793908596,2.00003767014,6398928
2026-01-01 22:00:00+00:00,2.00022983551,2.01125001907,1.99049448967,2.0110707283,4779280
2026-01-01 23:00:00+00:00,2.00999403,2.01703453064,1.9960154295,1.9960154295,6624016
2026-01-02 00:00:00+00:00,1.99588179588,2.00271868706,1.98836779594,1.99147236347,0
2026-01-02 01:00:00+00:00,1.99161803722,1.99832046032,1.98710250854,1.99504876137,1896912
2026-01-02 02:00:00+00:00,1.99505448341,1.99928665161,1.98629319668,1.99913847446,3611648
2026-01-02 03:00:00+00:00,1.99891650677,2.00616073608,1.99514710903,2.00278449059,3084656
2026-01-02 04:00:00+00:00,2.00343942642,2.00596213341,1.98255562782,1.98539984226,127920
2026-01-02 05:00:00+00:00,1.98546874523,1.99046623707,1.98078453541,1.99046623707,609376
2026-01-02 06:00:00+00:00,1.99046826363,1.99995315075,1.99046826363,1.99202847481,1381072
2026-01-02 07:00:00+00:00,1.99199295044,1.99431657791,1.9806330204,1.9806330204,844144
2026-01-02 08:00:00+00:00,1.98042225838,1.98602032661,1.96859049797,1.97181975842,4135392
2026-01-02 09:00:00+00:00,1.97204196453,1.99409890175,1.97204196453,1.99303352833,5009568
2026-01-02 10:00:00+00:00,1.99332857132,1.99769186974,1.98892021179,1.99751639366,8419440
2026-01-02 11:00:00+00:00,1.99748945236,1.99748945236,1.98475027084,1.98801732063,4627536
2026-01-02 12:00:00+00:00,1.98798310757,2.00194549561,1.98002064228,2.00013780594,2484048
2026-01-02 13:00:00+00:00,2.00013518333,2.00032448769,1.99056696892,1.99207210541,0
2026-01-02 14:00:00+00:00,1.99175024033,2.00745558739,1.98278796673,2.00064659119,0
2026-01-02 15:00:00+00:00,2.00102138519,2.01956677437,1.98907971382,2.00681400299,0
2026-01-02 16:00:00+00:00,2.00653553009,2.040391922,2.00625181198,2.03786897659,402240
2026-01-02 17:00:00+00:00,2.04152774811,2.05960488319,2.04152774811,2.05863332748,9275504
2026-01-02 18:00:00+00:00,2.05076146126,2.05164980888,2.03941082954,2.04644322395,0
2026-01-02 19:00:00+00:00,2.04902267456,2.11607241631,2.04711890221,2.11329102516,10966528
2026-01-02 20:00:00+00:00,2.11378502846,2.11958360672,2.08644604683,2.08678245544,0
2026-01-02 21:00:00+00:00,2.0869743824,2.12612605095,2.08296108246,2.12146735191,10049472
2026-01-02 22:00:00+00:00,2.12137794495,2.15226817131,2.11911845207,2.14138364792,9793360
2026-01-02 23:00:00+00:00,2.14131760597,2.16116523743,2.13221096992,2.16116523743,5708512
2026-01-03 00:00:00+00:00,2.16159081459,2.2133705616,2.16159081459,2.20432138443,22494720
2026-01-03 01:00:00+00:00,2.20378613472,2.20378613472,2.16425013542,2.16609501839,3874176
2026-01-03 02:00:00+00:00,2.16684770584,2.16913414001,2.16208124161,2.16472840309,4375136
2026-01-03 03:00:00+00:00,2.16458511353,2.16531515121,2.14886665344,2.16515493393,959040
2026-01-03 04:00:00+00:00,2.16280436516,2.16280436516,2.14530563354,2.14754414558,0
2026-01-03 05:00:00+00:00,2.14734482765,2.15011930466,2.13848280907,2.14314889908,2622752
2026-01-03 06:00:00+00:00,2.14358830452,2.15626621246,2.13614726067,2.13931560516,2047488
2026-01-03 07:00:00+00:00,2.13914704323,2.14302301407,2.11182332039,2.11186885834,7314816
2026-01-03 08:00:00+00:00,2.11133289337,2.13646912575,2.11133289337,2.1244392395,6789472
2026-01-03 09:00:00+00:00,2.12436389923,2.12810540199,2.113083601,2.12542676926,0
2026-01-03 10:00:00+00:00,2.12504315376,2.12504315376,2.11371469498,2.11371469498,0
2026-01-03 11:00:00+00:00,2.11334276199,2.11645150185,2.11198163033,2.11476325989,0
2026-01-03 12:00:00+00:00,2.11466598511,2.12403893471,2.11299324036,2.12384939194,0
2026-01-03 13:00:00+00:00,2.12394928932,2.13035011292,2.11485695839,2.12060260773,2730720
2026-01-03 14:00:00+00:00,2.12064647675,2.13037490845,2.11945557594,2.12622642517,0
2026-01-03 15:00:00+00:00,2.1263051033,2.13777470589,2.12405490875,2.13000178337,0
2026-01-03 16:00:00+00:00,2.13006973267,2.1456785202,2.12870836258,2.14291858673,0
2026-01-03 17:00:00+00:00,2.14288067818,2.14288067818,2.12558794022,2.13073778152,0
2026-01-03 18:00:00+00:00,2.13101243973,2.13895821571,2.12882661819,2.13518190384,0
2026-01-03 19:00:00+00:00,2.13528704643,2.13749194145,2.1340200901,2.13418912888,0
2026-01-03 20:00:00+00:00,2.13427424431,2.1356446743,2.12850522995,2.13206100464,0
2026-01-03 21:00:00+00:00,2.13192105293,2.14146447182,2.12186980247,2.12198781967,0
2026-01-03 22:00:00+00:00,2.12196135521,2.1303524971,2.12122631073,2.12678694725,0
2026-01-03 23:00:00+00:00,2.12769389153,2.12842845917,2.12473130226,2.12503957748,0
2026-01-04 00:00:00+00:00,2.12454009056,2.1344807148,2.12382602692,2.13167572021,0
2026-01-04 01:00:00+00:00,2.13140797615,2.13140797615,2.12035751343,2.12653112411,0
2026-01-04 02:00:00+00:00,2.12643146515,2.1316614151,2.12247252464,2.12261199951,0
2026-01-04 03:00:00+00:00,2.12274169922,2.13766884804,2.12274169922,2.13130807877,0
2026-01-04 04:00:00+00:00,2.13028144836,2.13593482971,2.12845492363,2.13508749008,0
2026-01-04 05:00:00+00:00,2.13494491577,2.14434766769,2.13393115997,2.14434766769,0
2026-01-04 06:00:00+00:00,2.14351129532,2.15295600891,2.1242249012,2.12456154823,503808
2026-01-04 07:00:00+00:00,2.12461709976,2.14089870453,2.12365603447,2.13764548302,0
2026-01-04 08:00:00+00:00,2.13662075996,2.13698339462,2.12509942055,2.13269424438,0
2026-01-04 09:00:00+00:00,2.13306283951,2.14748597145,2.13080000877,2.14598655701,0
2026-01-04 10:00:00+00:00,2.14614963531,2.15137839317,2.14409971237,2.14409971237,562056
2026-01-04 11:00:00+00:00,2.14422297478,2.15489697456,2.13791823387,2.15464162827,2441928
2026-01-04 12:00:00+00:00,2.15465402603,2.17397665977,2.15362882614,2.15959835052,3628752
2026-01-04 13:00:00+00:00,2.15875315666,2.1609992981,2.15268659592,2.1609992981,0
2026-01-04 14:00:00+00:00,2.16095662117,2.16268730164,2.15379333496,2.16062164307,0
2026-01-04 15:00:00+00:00,2.16068196297,2.16507458687,2.15974879265,2.16506195068,118952
2026-01-04 16:00:00+00:00,2.16504597664,2.17691969872,2.16504597664,2.17691969872,1538056
2026-01-04 17:00:00+00:00,2.17697143555,2.17711162567,2.16347455978,2.16575312614,3556872
2026-01-04 18:00:00+00:00,2.16582751274,2.16583442688,2.14192986488,2.14445972443,5028384
2026-01-04 19:00:00+00:00,2.14449167252,2.14633011818,2.12313079834,2.13539242744,7719200
2026-01-04 20:00:00+00:00,2.13526797295,2.14050507545,2.13491606712,2.13976693153,676656
2026-01-04 21:00:00+00:00,2.13979482651,2.15138983727,2.13149952888,2.13507699966,0
2026-01-04 22:00:00+00:00,2.13507771492,2.14823794365,2.13507771492,2.14273715019,0
2026-01-04 23:00:00+00:00,2.14328193665,2.15504693985,2.13783884048,2.13985228539,250048
2026-01-05 00:00:00+00:00,2.14020800591,2.14286446571,2.12356114388,2.13764023781,1355152
2026-01-05 01:00:00+00:00,2.13802576065,2.16695094109,2.13435530663,2.15954637527,11943920
2026-01-05 02:00:00+00:00,2.15946936607,2.16390919685,2.13791847229,2.14774227142,3866544
2026-01-05 03:00:00+00:00,2.14777207375,2.15376758575,2.14129638672,2.15321135521,184800
2026-01-05 04:00:00+00:00,2.1532201767,2.1534948349,2.1272585392,2.13705968857,3693376
2026-01-05 05:00:00+00:00,2.13697695732,2.13945627213,2.12667870522,2.12941431999,2103248
2026-01-05 06:00:00+00:00,2.12941431999,2.13010621071,2.11464047432,2.12872743607,0
2026-01-05 07:00:00+00:00,2.12860059738,2.14746618271,2.12750983238,2.14595794678,972544
2026-01-05 08:00:00+00:00,2.14611434937,2.14739966393,2.12346744537,2.12826061249,6649056
2026-01-05 09:00:00+00:00,2.12796831131,2.12796831131,2.11268568039,2.11511135101,510016
2026-01-05 10:00:00+00:00,2.11483407021,2.12837147713,2.10991501808,2.10991501808,1051152
2026-01-05 11:00:00+00:00,2.10833096504,2.11339735985,2.09735941887,2.11335992813,2479232
2026-01-05 12:00:00+00:00,2.11342644691,2.1313700676,2.10988807678,2.13133025169,0
2026-01-05 13:00:00+00:00,2.13124728203,2.13174462318,2.11582374573,2.12297463417,0
2026-01-05 14:00:00+00:00,2.12437367439,2.15879821777,2.1219625473,2.1580581665,5691888
2026-01-05 15:00:00+00:00,2.15698194504,2.1981511116,2.14461493492,2.18828392029,12999712
2026-01-05 16:00:00+00:00,2.19335627556,2.19633293152,2.16899323463,2.17715334892,8922704
2026-01-05 17:00:00+00:00,2.18028783798,2.19802522659,2.15898680687,2.19802522659,4428224
2026-01-05 18:00:00+00:00,2.19811797142,2.21202039719,2.19345092773,2.21202039719,3845680
2026-01-05 19:00:00+00:00,2.21261143684,2.21309351921,2.18533754349,2.18914532661,536704
2026-01-05 20:00:00+00:00,2.18991923332,2.21377205849,2.18932890892,2.19684910774,8664000
2026-01-05 21:00:00+00:00,2.19812226295,2.21065163612,2.19812226295,2.20861721039,2694112
2026-01-05 22:00:00+00:00,2.20759749413,2.23020267487,2.2028491497,2.21637868881,7716304
2026-01-05 23:00:00+00:00,2.21628713608,2.21628713608,2.20589828491,2.20838260651,1529504
2026-01-06 00:00:00+00:00,2.20827364922,2.2089600563,2.18373799324,2.20626473427,0
2026-01-06 01:00:00+00:00,2.20666623116,2.23452305794,2.20284867287,2.20284867287,0
2026-01-06 02:00:00+00:00,2.20285010338,2.21136808395,2.19960260391,2.20233678818,0
2026-01-06 03:00:00+00:00,2.20261287689,2.22575879097,2.20238947868,2.21877479553,0
2026-01-06 04:00:00+00:00,2.21930480003,2.22123670578,2.21264266968,2.21436047554,0
2026-01-06 05:00:00+00:00,2.2128303051,2.22354388237,2.21046733856,2.2127995491,878288
2026-01-06 06:00:00+00:00,2.2097837925,2.2403023243,2.20014452934,2.23629522324,7455440
2026-01-06 07:00:00+00:00,2.23564791679,2.23564791679,2.18513131142,2.18755078316,2813856
2026-01-06 08:00:00+00:00,2.18741846085,2.20313978195,2.18702173233,2.19067788124,0
2026-01-06 09:00:00+00:00,2.18888449669,2.19717288017,2.18888449669,2.19008708,0
2026-01-06 10:00:00+00:00,2.19004535675,2.20747804642,2.18714618683,2.20692014694,2253104
2026-01-06 11:00:00+00:00,2.20677495003,2.22158479691,2.20654654503,2.21847057343,0
2026-01-06 12:00:00+00:00,2.21846151352,2.24421334267,2.21846151352,2.24100637436,4406352
2026-01-06 13:00:00+00:00,2.24081349373,2.24081349373,2.22513341904,2.22973942757,4758560
2026-01-06 14:00:00+00:00,2.22944712639,2.25655579567,2.21078515053,2.21228337288,9504400
2026-01-06 15:00:00+00:00,2.212859869,2.23400855064,2.18676137924,2.18699502945,0
2026-01-06 16:00:00+00:00,2.19433951378,2.19975399971,2.15203261375,2.16446304321,293472
2026-01-06 17:00:00+00:00,2.16406559944,2.18192458153,2.12203073502,2.1221280098,4156592
2026-01-06 18:00:00+00:00,2.12153816223,2.15661978722,2.12153816223,2.15640091896,1901792
2026-01-06 19:00:00+00:00,2.15551042557,2.1567633152,2.14664268494,2.14818191528,0
2026-01-06 20:00:00+00:00,2.14923906326,2.17657375336,2.14923906326,2.1724152565,0
2026-01-06 21:00:00+00:00,2.17217350006,2.22382640839,2.16714572906,2.22282338142,9780240
2026-01-06 22:00:00+00:00,2.2227973938,2.22631382942,2.20711946487,2.21818184853,0
2026-01-06 23:00:00+00:00,2.21640634537,2.23566675186,2.21640634537,2.23409485817,3153376
2026-01-07 00:00:00+00:00,2.23309469223,2.23322844505,2.19825577736,2.19825577736,0
2026-01-07 01:00:00+00:00,2.19488763809,2.19892954826,2.18115520477,2.18366885185,0
2026-01-07 02:00:00+00:00,2.183573246,2.19268512726,2.17795085907,2.19268512726,2491200
2026-01-07 03:00:00+00:00,2.19224452972,2.20087265968,2.18429851532,2.18888044357,17728
2026-01-07 04:00:00+00:00,2.18874812126,2.20549440384,2.18847513199,2.19301056862,0
2026-01-07 05:00:00+00:00,2.19379663467,2.21039772034,2.19379663467,2.1951315403,0
2026-01-07 06:00:00+00:00,2.19505429268,2.19873428345,2.19055581093,2.19079041481,0
2026-01-07 07:00:00+00:00,2.19085001945,2.23459076881,2.19085001945,2.23459076881,296112
2026-01-07 08:00:00+00:00,2.23476958275,2.23905754089,2.22079610825,2.2390191555,3122048
2026-01-07 09:00:00+00:00,2.23565983772,2.23565983772,2.184486866,2.18550658226,6305456
2026-01-07 10:00:00+00:00,2.18530321121,2.18687987328,2.17942595482,2.18233323097,0
2026-01-07 11:00:00+00:00,2.1817009449,2.19391131401,2.18132138252,2.19391131401,347552
2026-01-07 12:00:00+00:00,2.19549703598,2.19549703598,2.17517971992,2.17517971992,0
2026-01-07 13:00:00+00:00,2.17587995529,2.18421339989,2.16701006889,2.16701006889,0
2026-01-07 14:00:00+00:00,2.16654801369,2.16714739799,2.14151930809,2.16714739799,0
2026-01-07 15:00:00+00:00,2.16595649719,2.16595649719,2.1323993206,2.13494300842,0
2026-01-07 16:00:00+00:00,2.13471102715,2.14829850197,2.13471102715,2.14068722725,0
2026-01-07 17:00:00+00:00,2.14061927795,2.16821241379,2.1390941143,2.15137839317,0
2026-01-07 18:00:00+00:00,2.15120863914,2.16167354584,2.14804029465,2.14804029465,0
2026-01-07 19:00:00+00:00,2.15052580833,2.15346574783,2.13233041763,2.14467787743,1093536
2026-01-07 20:00:00+00:00,2.14470815659,2.14474368095,2.12537622452,2.1317152977,0
2026-01-07 21:00:00+00:00,2.1318628788,2.13745379448,2.13175725937,2.13175725937,0
2026-01-07 22:00:00+00:00,2.13184833527,2.14605975151,2.12825942039,2.13212752342,0
2026-01-07 23:00:00+00:00,2.1310210228,2.15298891068,2.1226079464,2.14311957359,0
2026-01-08 00:00:00+00:00,2.1432390213,2.15081000328,2.13814496994,2.15081000328,0
2026-01-08 01:00:00+00:00,2.14932775497,2.15103721619,2.14371728897,2.14827871323,0
2026-01-08 02:00:00+00:00,2.14831471443,2.15288090706,2.13102483749,2.13339757919,0
2026-01-08 03:00:00+00:00,2.13340759277,2.14539909363,2.12082099915,2.12082099915,0
2026-01-08 04:00:00+00:00,2.11990356445,2.14170002937,2.11990356445,2.13646411896,0
2026-01-08 05:00:00+00:00,2.1374475956,2.14530944824,2.13202428818,2.13202428818,0
2026-01-08 06:00:00+00:00,2.13212823868,2.1329741478,2.10311079025,2.10311079025,1797376
2026-01-08 07:00:00+00:00,2.10226798058,2.12726306915,2.09433913231,2.12592625618,4844528
2026-01-08 08:00:00+00:00,2.12589883804,2.13508939743,2.11203193665,2.11203193665,0
2026-01-08 09:00:00+00:00,2.11207175255,2.11955785751,2.09866428375,2.09975528717,0
2026-01-08 10:00:00+00:00,2.0995414257,2.12553286552,2.08902549744,2.12509727478,4117360
2026-01-08 11:00:00+00:00,2.12493276596,2.12541127205,2.11016011238,2.12187051773,550816
2026-01-08 12:00:00+00:00,2.12185716629,2.12185716629,2.09766387939,2.09802246094,0
2026-01-08 13:00:00+00:00,2.09807944298,2.10238838196,2.09175753593,2.09773635864,0
2026-01-08 14:00:00+00:00,2.09772229195,2.11561369896,2.09161758423,2.11256217957,0
2026-01-08 15:00:00+00:00,2.11391949654,2.14482498169,2.11389040947,2.14342093468,512512
2026-01-08 16:00:00+00:00,2.14476561546,2.15114498138,2.12969064713,2.13835382462,2667344
2026-01-08 17:00:00+00:00,2.13911151886,2.1480307579,2.13311696053,2.14778327942,200496
2026-01-08 18:00:00+00:00,2.14786458015,2.14786458015,2.1151368618,2.11529827118,0
2026-01-08 19:00:00+00:00,2.11545300484,2.12844848633,2.11368274689,2.11371469498,0
2026-01-08 20:00:00+00:00,2.11388802528,2.11388802528,2.09491586685,2.10715699196,2149216
2026-01-08 21:00:00+00:00,2.10679078102,2.11980986595,2.10555720329,2.11980986595,1925536
2026-01-08 22:00:00+00:00,2.11961174011,2.12342381477,2.10939311981,2.11838984489,568032
2026-01-08 23:00:00+00:00,2.11813235283,2.12204551697,2.10992836952,2.10992836952,0
2026-01-09 00:00:00+00:00,2.10994195938,2.1150496006,2.0966732502,2.10101151466,3008336
2026-01-09 01:00:00+00:00,2.10114717484,2.11431288719,2.08999705315,2.09433722496,5257696
2026-01-09 02:00:00+00:00,2.09430956841,2.11045074463,2.0922870636,2.0922870636,0
2026-01-09 03:00:00+00:00,2.09215712547,2.10775589943,2.09030485153,2.10765337944,696336
2026-01-09 04:00:00+00:00,2.10793399811,2.10899090767,2.10195159912,2.10198426247,0
2026-01-09 05:00:00+00:00,2.10179209709,2.10498833656,2.09726595879,2.10341000557,0
2026-01-09 06:00:00+00:00,2.10348105431,2.11366415024,2.1019513607,2.11341667175,0
2026-01-09 07:00:00+00:00,2.11345434189,2.11345434189,2.1043112278,2.1043112278,0
2026-01-09 08:00:00+00:00,2.10426712036,2.10426712036,2.0627617836,2.06609797478,2110704
2026-01-09 09:00:00+00:00,2.06636452675,2.08968925476,2.06636452675,2.0827319622,0
2026-01-09 10:00:00+00:00,2.08269572258,2.0837097168,2.07644319534,2.0814204216,0
2026-01-09 11:00:00+00:00,2.08125972748,2.08509969711,2.07961845398,2.07961845398,0
2026-01-09 12:00:00+00:00,2.07965016365,2.07979941368,2.05296802521,2.0534029007,1790880
2026-01-09 13:00:00+00:00,2.05344581604,2.0746114254,2.05344581604,2.06919980049,5939584
2026-01-09 14:00:00+00:00,2.06894159317,2.06894159317,2.05491375923,2.05497813225,0
2026-01-09 15:00:00+00:00,2.055945158,2.12945485115,2.05530953407,2.09755277634,5455936
2026-01-09 16:00:00+00:00,2.09770727158,2.13350129128,2.09770727158,2.11845612526,1162992
2026-01-09 17:00:00+00:00,2.11956453323,2.11956453323,2.09458661079,2.11002850533,0
2026-01-09 18:00:00+00:00,2.1099820137,2.1099820137,2.06985139847,2.08515715599,0
2026-01-09 19:00:00+00:00,2.08296227455,2.08311223984,2.0594856739,2.06428623199,0
2026-01-09 20:00:00+00:00,2.06390547752,2.08248639107,2.06214475632,2.07500958443,0
2026-01-09 21:00:00+00:00,2.07489061356,2.08781194687,2.07291269302,2.0838406086,1080208
2026-01-09 22:00:00+00:00,2.08378505707,2.08859205246,2.07949519157,2.08751559258,0
2026-01-09 23:00:00+00:00,2.08763623238,2.08861732483,2.08010220528,2.08022451401,4896
2026-01-10 00:00:00+00:00,2.08032226562,2.08243584633,2.07583260536,2.07593917847,0
2026-01-10 01:00:00+00:00,2.0767159462,2.08842992783,2.0767159462,2.08506321907,0
2026-01-10 02:00:00+00:00,2.08511805534,2.08522939682,2.0710747242,2.07403063774,0
2026-01-10 03:00:00+00:00,2.07374572754,2.08584523201,2.06934690475,2.08584523201,0
2026-01-10 04:00:00+00:00,2.08598566055,2.08634781837,2.07693219185,2.08376193047,0
2026-01-10 05:00:00+00:00,2.08381915092,2.08947134018,2.08264088631,2.08379435539,597440
2026-01-10 06:00:00+00:00,2.08374071121,2.0876390934,2.07686638832,2.08613395691,0
2026-01-10 07:00:00+00:00,2.0856525898,2.1095688343,2.08445668221,2.10054850578,4046152
2026-01-10 08:00:00+00:00,2.10056853294,2.10056853294,2.08073973656,2.0831656456,0
2026-01-10 09:00:00+00:00,2.08348059654,2.10412192345,2.08348059654,2.10194134712,1199936
2026-01-10 10:00:00+00:00,2.10224056244,2.10393476486,2.09633016586,2.10321593285,0
2026-01-10 11:00:00+00:00,2.1033372879,2.10418534279,2.09877681732,2.10146522522,0
2026-01-10 12:00:00+00:00,2.10158157349,2.11565756798,2.10158157349,2.11565756798,0
2026-01-10 13:00:00+00:00,2.11587619781,2.12647414207,2.11587619781,2.12239074707,0
2026-01-10 14:00:00+00:00,2.12236237526,2.12254357338,2.11023449898,2.11407399178,0
2026-01-10 15:00:00+00:00,2.11415338516,2.12011218071,2.11272025108,2.11706662178,0
2026-01-10 16:00:00+00:00,2.11707353592,2.11707353592,2.10313773155,2.10459160805,0
2026-01-10 17:00:00+00:00,2.10461688042,2.11538910866,2.09739351273,2.09739351273,0
2026-01-10 18:00:00+00:00,2.097479105,2.10449099541,2.09631609917,2.10160136223,0
2026-01-10 19:00:00+00:00,2.10139751434,2.11881875992,2.10087275505,2.11852025986,0
2026-01-10 20:00:00+00:00,2.11990094185,2.124366045,2.11272287369,2.11294007301,0
2026-01-10 21:00:00+00:00,2.1129887104,2.1129887104,2.10250520706,2.10250520706,0
2026-01-10 22:00:00+00:00,2.10211968422,2.1027674675,2.08720946312,2.08720946312,0
2026-01-10 23:00:00+00:00,2.08666062355,2.09320735931,2.08502840996,2.09008288383,548536
2026-01-11 00:00:00+00:00,2.09012389183,2.09075903893,2.08540630341,2.08967804909,371936
2026-01-11 01:00:00+00:00,2.08977985382,2.09305906296,2.08872389793,2.09245038033,0
2026-01-11 02:00:00+00:00,2.09349775314,2.09917855263,2.09190249443,2.09328889847,689440
2026-01-11 03:00:00+00:00,2.09329247475,2.09807229042,2.09218502045,2.09807229042,0
2026-01-11 04:00:00+00:00,2.09801673889,2.10318732262,2.09324765205,2.10318732262,0
2026-01-11 05:00:00+00:00,2.10324287415,2.10460996628,2.10001587868,2.10287594795,0
2026-01-11 06:00:00+00:00,2.10298871994,2.10720205307,2.09870266914,2.10720205307,0
2026-01-11 07:00:00+00:00,2.10702228546,2.11339211464,2.10694646835,2.11339211464,0
2026-01-11 08:00:00+00:00,2.11340355873,2.11340355873,2.10785293579,2.11281085014,62424
2026-01-11 09:00:00+00:00,2.11281943321,2.11567425728,2.11072587967,2.11320567131,0
2026-01-11 10:00:00+00:00,2.11316943169,2.11316943169,2.10492396355,2.10502743721,90408
2026-01-11 11:00:00+00:00,2.10510849953,2.11133003235,2.10378146172,2.10664749146,1051008
2026-01-11 12:00:00+00:00,2.10643982887,2.12012052536,2.10643982887,2.12012052536,619900
2026-01-11 13:00:00+00:00,2.12006282806,2.12035942078,2.09941411018,2.10022377968,0
2026-01-11 14:00:00+00:00,2.10017538071,2.10704755783,2.09793496132,2.10704755783,0
2026-01-11 15:00:00+00:00,2.10778880119,2.10823726654,2.07419204712,2.0766479969,3670548
2026-01-11 16:00:00+00:00,2.0768764019,2.10654020309,2.07413673401,2.09319448471,4477924
2026-01-11 17:00:00+00:00,2.0934779644,2.10020399094,2.08777141571,2.09784722328,982864
2026-01-11 18:00:00+00:00,2.09780836105,2.09890842438,2.0868730545,2.09465503693,0
2026-01-11 19:00:00+00:00,2.09467387199,2.0973842144,2.0863609314,2.0875647068,0
2026-01-11 20:00:00+00:00,2.08762073517,2.08762073517,2.05966377258,2.06620311737,1512984
2026-01-11 21:00:00+00:00,2.06603598595,2.07063770294,2.05658006668,2.07063770294,2572808
2026-01-11 22:00:00+00:00,2.07089710236,2.07089710236,2.04995012283,2.0534555912,1245312
2026-01-11 23:00:00+00:00,2.05296421051,2.06629157066,2.04096746445,2.06616783142,3609120
2026-01-12 00:00:00+00:00,2.06624221802,2.07664513588,2.05218529701,2.06388950348,3770896
2026-01-12 01:00:00+00:00,2.06401729584,2.10050296783,2.06401729584,2.09523797035,7246456
2026-01-12 02:00:00+00:00,2.09523129463,2.13669133186,2.09523129463,2.13639616966,4866096
2026-01-12 03:00:00+00:00,2.1364274025,2.14658379555,2.1175057888,2.1175057888,5436392
2026-01-12 04:00:00+00:00,2.11708402634,2.12859249115,2.11131286621,2.12781262398,1552120
2026-01-12 05:00:00+00:00,2.12791013718,2.13033366203,2.11778736115,2.11823534966,1434528
2026-01-12 06:00:00+00:00,2.11826753616,2.11840176582,2.09932780266,2.10013699532,1915936
2026-01-12 07:00:00+00:00,2.100004673,2.11052298546,2.06379723549,2.06379723549,4419568
2026-01-12 08:00:00+00:00,2.06358194351,2.07462930679,2.03763222694,2.04747986794,10284328
2026-01-12 09:00:00+00:00,2.047082901,2.05499219894,2.04417610168,2.04728269577,4875256
2026-01-12 10:00:00+00:00,2.04878664017,2.05517101288,2.04537558556,2.04545211792,756304
2026-01-12 11:00:00+00:00,2.04541921616,2.05855226517,2.04541921616,2.05701160431,201800
2026-01-12 12:00:00+00:00,2.0571334362,2.0571334362,2.0481865406,2.04904508591,0
2026-01-12 13:00:00+00:00,2.04907178879,2.05068659782,2.0355489254,2.03652644157,979464
2026-01-12 14:00:00+00:00,2.03518748283,2.05970048904,2.03052759171,2.05660009384,5804376
2026-01-12 15:00:00+00:00,2.05665206909,2.08483409882,2.05231785774,2.08483409882,475656
2026-01-12 16:00:00+00:00,2.08477520943,2.10813117027,2.0846824646,2.0868897438,2297320
2026-01-12 17:00:00+00:00,2.08684539795,2.09238696098,2.06101036072,2.07260346413,2726432
2026-01-12 18:00:00+00:00,2.07280349731,2.08431458473,2.06618213654,2.0680975914,3795872
2026-01-12 19:00:00+00:00,2.06813168526,2.07330346107,2.06315374374,2.07330346107,923008
2026-01-12 20:00:00+00:00,2.07300615311,2.08006048203,2.05604600906,2.0560965538,0
2026-01-12 21:00:00+00:00,2.05630660057,2.05707144737,2.04078197479,2.04099202156,0
2026-01-12 22:00:00+00:00,2.04190564156,2.05605387688,2.04190564156,2.05290126801,0
2026-01-12 23:00:00+00:00,2.05297756195,2.05508208275,2.04501581192,2.05233025551,0
2026-01-13 00:00:00+00:00,2.05231428146,2.06508660316,2.05159401894,2.06508660316,2747776
2026-01-13 01:00:00+00:00,2.06506681442,2.0769469738,2.06506681442,2.07690143585,0
2026-01-13 02:00:00+00:00,2.07700991631,2.08719182014,2.05909466743,2.06016945839,645248
2026-01-13 03:00:00+00:00,2.06013464928,2.06348395348,2.05409407616,2.06115102768,0
2026-01-13 04:00:00+00:00,2.06220626831,2.07723498344,2.06220626831,2.07472443581,814448
2026-01-13 05:00:00+00:00,2.07467150688,2.10054469109,2.07467150688,2.09049654007,1631096
2026-01-13 06:00:00+00:00,2.09038877487,2.09693145752,2.08913254738,2.09495973587,333072
2026-01-13 07:00:00+00:00,2.09492945671,2.09492945671,2.07730388641,2.07816052437,0
2026-01-13 08:00:00+00:00,2.07783031464,2.09010529518,2.07621359825,2.09010529518,0
2026-01-13 09:00:00+00:00,2.08995580673,2.09426736832,2.07690119743,2.08114719391,0
2026-01-13 10:00:00+00:00,2.0808596611,2.08401226997,2.07533073425,2.08051657677,1702144
2026-01-13 11:00:00+00:00,2.08049702644,2.08698654175,2.07781147957,2.08522129059,2182160
2026-01-13 12:00:00+00:00,2.08574676514,2.10312533379,2.08190846443,2.10312533379,2804696
2026-01-13 13:00:00+00:00,2.10337162018,2.13761854172,2.10337162018,2.13394212723,16423088
2026-01-13 14:00:00+00:00,2.13900232315,2.2122066021,2.13557362556,2.18849277496,30490144
2026-01-13 15:00:00+00:00,2.18826532364,2.23847079277,2.179002285,2.23847079277,18402720
2026-01-13 16:00:00+00:00,2.23865389824,2.335947752,2.23865389824,2.26794719696,36432624
2026-01-13 17:00:00+00:00,2.2675113678,2.2675113678,2.22958517075,2.24403691292,7647360
2026-01-13 18:00:00+00:00,2.24429607391,2.25200796127,2.23310875893,2.23310875893,3949968
2026-01-13 19:00:00+00:00,2.23281288147,2.25315022469,2.23082709312,2.24641776085,13394464
2026-01-13 20:00:00+00:00,2.2483382225,2.24984288216,2.21611714363,2.2230091095,6738592
2026-01-13 21:00:00+00:00,2.22314381599,2.24882555008,2.22314381599,2.24882555008,3263200
2026-01-13 22:00:00+00:00,2.25072646141,2.32288241386,2.25072646141,2.32113313675,26838496
2026-01-13 23:00:00+00:00,2.32102012634,2.32335639,2.27558016777,2.2817158699,8665088
2026-01-14 00:00:00+00:00,2.28163075447,2.2886505127,2.26796197891,2.27604269981,0
2026-01-14 01:00:00+00:00,2.27756047249,2.28265190125,2.2714073658,2.27351427078,1609056
2026-01-14 02:00:00+00:00,2.27331209183,2.27751612663,2.26499605179,2.26553297043,0
2026-01-14 03:00:00+00:00,2.26595163345,2.27575516701,2.26136159897,2.27571797371,2702944
2026-01-14 04:00:00+00:00,2.2779417038,2.27819442749,2.26300239563,2.2698996067,3993568
2026-01-14 05:00:00+00:00,2.26974010468,2.27731776237,2.26117420197,2.27525091171,1311008
2026-01-14 06:00:00+00:00,2.27522873878,2.28720331192,2.267380476,2.28710532188,2304800
2026-01-14 07:00:00+00:00,2.287129879,2.29422402382,2.27279567719,2.27573204041,3358688
2026-01-14 08:00:00+00:00,2.27578306198,2.29001188278,2.27578306198,2.28159165382,1646368
2026-01-14 09:00:00+00:00,2.28153610229,2.29308533669,2.2698097229,2.28060388565,6262080
2026-01-14 10:00:00+00:00,2.28064060211,2.28832554817,2.27341151237,2.27341151237,1171680
2026-01-14 11:00:00+00:00,2.27169942856,2.27169942856,2.25047016144,2.25047016144,5311392
2026-01-14 12:00:00+00:00,2.2517118454,2.26076364517,2.25165462494,2.25301194191,0
2026-01-14 13:00:00+00:00,2.25308251381,2.25533080101,2.23675227165,2.2374150753,0
2026-01-14 14:00:00+00:00,2.23741865158,2.27866387367,2.23741865158,2.27119922638,0
2026-01-14 15:00:00+00:00,2.27103972435,2.28585886955,2.25570225716,2.26371049881,0
2026-01-14 16:00:00+00:00,2.26428580284,2.27798056602,2.26123976707,2.26123976707,0
2026-01-14 17:00:00+00:00,2.26121664047,2.26698875427,2.23913383484,2.23991036415,0
2026-01-14 18:00:00+00:00,2.23993802071,2.24288916588,2.20099592209,2.21767377853,1387584
2026-01-14 19:00:00+00:00,2.21753191948,2.24542593956,2.21306276321,2.23796653748,0
2026-01-14 20:00:00+00:00,2.23811101913,2.25010871887,2.23709392548,2.24073648453,0
2026-01-14 21:00:00+00:00,2.24119400978,2.24417376518,2.23196053505,2.2322769165,0
2026-01-14 22:00:00+00:00,2.23248553276,2.23484873772,2.2155995369,2.21728253365,0
2026-01-14 23:00:00+00:00,2.21709990501,2.22859382629,2.21709465981,2.22605705261,0
2026-01-15 00:00:00+00:00,2.22614812851,2.22850847244,2.21874833107,2.21991014481,0
2026-01-15 01:00:00+00:00,2.22030186653,2.23381972313,2.21570110321,2.21570110321,0
2026-01-15 02:00:00+00:00,2.2154519558,2.21672821045,2.19395685196,2.19395685196,0
2026-01-15 03:00:00+00:00,2.19409918785,2.19815993309,2.16158652306,2.16680335999,5557184
2026-01-15 04:00:00+00:00,2.16681289673,2.18445920944,2.16593718529,2.178835392,0
2026-01-15 05:00:00+00:00,2.17861747742,2.18053412437,2.17224431038,2.17388987541,0
2026-01-15 06:00:00+00:00,2.17399263382,2.18224048615,2.17399263382,2.17546129227,0
2026-01-15 07:00:00+00:00,2.17548751831,2.19981837273,2.17539978027,2.19618415833,0
2026-01-15 08:00:00+00:00,2.19598078728,2.19634532928,2.18475484848,2.19110107422,0
2026-01-15 09:00:00+00:00,2.19104075432,2.20970129967,2.18433737755,2.20967459679,0
2026-01-15 10:00:00+00:00,2.20956254005,2.20956254005,2.20017623901,2.20341849327,0
2026-01-15 11:00:00+00:00,2.20354533195,2.20859098434,2.19758820534,2.19806194305,0
2026-01-15 12:00:00+00:00,2.19802498817,2.21703028679,2.19802498817,2.21703028679,0
2026-01-15 13:00:00+00:00,2.21729874611,2.23467040062,2.21729874611,2.22688937187,186288
2026-01-15 14:00:00+00:00,2.22685027122,2.23142528534,2.19045782089,2.19899249077,0
2026-01-15 15:00:00+00:00,2.19912195206,2.1995036602,2.13337898254,2.14347815514,0
2026-01-15 16:00:00+00:00,2.14414095879,2.16782093048,2.14414095879,2.1624083519,0
2026-01-15 17:00:00+00:00,2.16212964058,2.16670060158,2.14229011536,2.14229011536,0
2026-01-15 18:00:00+00:00,2.14106416702,2.14190506935,2.1150894165,2.11739850044,0
2026-01-15 19:00:00+00:00,2.11736416817,2.11890530586,2.10478258133,2.11886715889,0
2026-01-15 20:00:00+00:00,2.11923003197,2.12536478043,2.10164690018,2.10379862785,0
2026-01-15 21:00:00+00:00,2.10383343697,2.11326169968,2.10340762138,2.10920929909,686752
2026-01-15 22:00:00+00:00,2.1092672348,2.12419819832,2.1092672348,2.11228489876,969520
2026-01-15 23:00:00+00:00,2.11235952377,2.11777901649,2.10648727417,2.11704778671,492400
2026-01-16 00:00:00+00:00,2.11706709862,2.12220048904,2.11419177055,2.11942124367,0
2026-01-16 01:00:00+00:00,2.11935472488,2.12079882622,2.11393237114,2.11758470535,0
2026-01-16 02:00:00+00:00,2.11754083633,2.12900042534,2.10547637939,2.12871742249,0
2026-01-16 03:00:00+00:00,2.12886142731,2.12931251526,2.11110877991,2.11230683327,0
2026-01-16 04:00:00+00:00,2.11229920387,2.11300182343,2.09948730469,2.09948730469,0
2026-01-16 05:00:00+00:00,2.10040712357,2.12179517746,2.10040712357,2.12066602707,383568
2026-01-16 06:00:00+00:00,2.1206407547,2.13199782372,2.11933517456,2.13199782372,929152
2026-01-16 07:00:00+00:00,2.13228845596,2.148011446,2.13228845596,2.13615679741,2106928
2026-01-16 08:00:00+00:00,2.13626027107,2.1503341198,2.13448810577,2.1503341198,1720512
2026-01-16 09:00:00+00:00,2.15016174316,2.15116763115,2.14276313782,2.14368987083,0
2026-01-16 10:00:00+00:00,2.14350152016,2.14350152016,2.13418722153,2.13593292236,0
2026-01-16 11:00:00+00:00,2.13597273827,2.13659358025,2.12166929245,2.12671923637,0
2026-01-16 12:00:00+00:00,2.12685918808,2.1279001236,2.11797857285,2.11939740181,0
2026-01-16 13:00:00+00:00,2.11931061745,2.11997866631,2.10503387451,2.10773158073,486672
2026-01-16 14:00:00+00:00,2.10784840584,2.12029314041,2.10784840584,2.11621117592,0
2026-01-16 15:00:00+00:00,2.11613750458,2.12278556824,2.06838154793,2.07370996475,0
2026-01-16 16:00:00+00:00,2.07389569283,2.07983088493,2.0625243187,2.07620787621,1362784
2026-01-16 17:00:00+00:00,2.07590317726,2.08363580704,2.06273055077,2.07926154137,6957216
2026-01-16 18:00:00+00:00,2.08084917068,2.08823657036,2.08084917068,2.08469581604,0
2026-01-16 19:00:00+00:00,2.08460140228,2.09287428856,2.07527852058,2.09132957458,0
2026-01-16 20:00:00+00:00,2.0913901329,2.12694787979,2.08528900146,2.12694787979,2809888
2026-01-16 21:00:00+00:00,2.12804913521,2.13346767426,2.12724971771,2.12724971771,3149088
2026-01-16 22:00:00+00:00,2.12724661827,2.13362884521,2.12329554558,2.12657380104,566160
2026-01-16 23:00:00+00:00,2.12668251991,2.12669610977,2.11658883095,2.11908864975,0
2026-01-17 00:00:00+00:00,2.11912083626,2.12583994865,2.11464452744,2.12583994865,192368
2026-01-17 01:00:00+00:00,2.12594151497,2.13309121132,2.12516522408,2.12521338463,270640
2026-01-17 02:00:00+00:00,2.12521958351,2.12609148026,2.11819243431,2.12031722069,0
2026-01-17 03:00:00+00:00,2.12038850784,2.12868189812,2.11968016624,2.12711524963,1242976
2026-01-17 04:00:00+00:00,2.12713813782,2.13240861893,2.12247991562,2.13236141205,0
2026-01-17 05:00:00+00:00,2.13229846954,2.13647651672,2.13229846954,2.13454699516,0
2026-01-17 06:00:00+00:00,2.13420605659,2.14183688164,2.13281774521,2.13825011253,0
2026-01-17 07:00:00+00:00,2.13820028305,2.15852737427,2.1341137886,2.15593767166,0
2026-01-17 08:00:00+00:00,2.15617370605,2.18718838692,2.15617370605,2.18320965767,4180704
2026-01-17 09:00:00+00:00,2.18329644203,2.20111060143,2.18329644203,2.18467307091,6926112
2026-01-17 10:00:00+00:00,2.18471646309,2.23005890846,2.18471646309,2.21100759506,12525392
2026-01-17 11:00:00+00:00,2.21399474144,2.21528363228,2.1842341423,2.1842341423,5548320
2026-01-17 12:00:00+00:00,2.18413829803,2.21498799324,2.18054509163,2.20804047585,5190400
2026-01-17 13:00:00+00:00,2.20844960213,2.21063876152,2.20064043999,2.20064043999,598656
2026-01-17 14:00:00+00:00,2.20027852058,2.22086286545,2.18945717812,2.22086286545,1468816
2026-01-17 15:00:00+00:00,2.22072482109,2.22518754005,2.19702529907,2.20629835129,0
2026-01-17 16:00:00+00:00,2.20732402802,2.2113931179,2.18617916107,2.19864797592,0
2026-01-17 17:00:00+00:00,2.19885110855,2.2055618763,2.19729018211,2.20088744164,0
2026-01-17 18:00:00+00:00,2.20125722885,2.21130609512,2.20125722885,2.20870661736,1031808
2026-01-17 19:00:00+00:00,2.20862054825,2.20980930328,2.19534277916,2.19612050056,1536
2026-01-17 20:00:00+00:00,2.19807648659,2.20168304443,2.18938684464,2.19315171242,0
2026-01-17 21:00:00+00:00,2.19319391251,2.19319391251,2.18558335304,2.18851613998,0
2026-01-17 22:00:00+00:00,2.18887901306,2.19038939476,2.17654180527,2.18060660362,0
2026-01-17 23:00:00+00:00,2.18056344986,2.18352127075,2.17425012589,2.17709088326,0
2026-01-18 00:00:00+00:00,2.17712974548,2.1989376545,2.17712974548,2.1882455349,1040416
2026-01-18 01:00:00+00:00,2.18802309036,2.18802309036,2.16559505463,2.16559505463,2432800
2026-01-18 02:00:00+00:00,2.16586017609,2.17429471016,2.16096806526,2.16316604614,655872
2026-01-18 03:00:00+00:00,2.16318750381,2.1693353653,2.16277146339,2.16376113892,0
2026-01-18 04:00:00+00:00,2.16327786446,2.16327786446,2.15399718285,2.1580221653,962000
2026-01-18 05:00:00+00:00,2.15801620483,2.15807962418,2.15363287926,2.15417337418,0
2026-01-18 06:00:00+00:00,2.15701723099,2.15850615501,2.14804959297,2.15084147453,0
2026-01-18 07:00:00+00:00,2.15085530281,2.15726470947,2.14236307144,2.15470027924,0
2026-01-18 08:00:00+00:00,2.15436959267,2.15727972984,2.14736151695,2.15725803375,0
2026-01-18 09:00:00+00:00,2.15726804733,2.16031074524,2.15098023415,2.15260529518,0
2026-01-18 10:00:00+00:00,2.15266251564,2.15347552299,2.14530682564,2.14548039436,0
2026-01-18 11:00:00+00:00,2.14550042152,2.15090894699,2.14438772202,2.14926290512,0
2026-01-18 12:00:00+00:00,2.14940881729,2.1514954567,2.14532160759,2.14628434181,0
2026-01-18 13:00:00+00:00,2.14641308784,2.1529917717,2.14231133461,2.14842700958,0
2026-01-18 14:00:00+00:00,2.14850616455,2.15442967415,2.14235043526,2.14235043526,0
2026-01-18 15:00:00+00:00,2.14219594002,2.16725611687,2.13524222374,2.16029930115,3211992
2026-01-18 16:00:00+00:00,2.16016769409,2.17390942574,2.1598713398,2.16624474525,0
2026-01-18 17:00:00+00:00,2.16581439972,2.16581439972,2.15246963501,2.15426158905,0
2026-01-18 18:00:00+00:00,2.15516352654,2.18676376343,2.15516352654,2.18676376343,400136
2026-01-18 19:00:00+00:00,2.18659257889,2.18704938889,2.16584420204,2.16741538048,0
2026-01-18 20:00:00+00:00,2.16750311852,2.18633508682,2.16750311852,2.17792654037,0
2026-01-18 21:00:00+00:00,2.17800116539,2.18236088753,2.17339801788,2.17785263062,0
2026-01-18 22:00:00+00:00,2.17773985863,2.19206380844,2.17773985863,2.19206380844,0
2026-01-18 23:00:00+00:00,2.19221305847,2.19221305847,2.0675983429,2.06775784492,21196160
2026-01-19 00:00:00+00:00,2.06769824028,2.06769824028,1.93306183815,1.9586315155,65465256
2026-01-19 01:00:00+00:00,1.95822203159,1.96799409389,1.94789719582,1.95865345001,9703104
2026-01-19 02:00:00+00:00,1.95880079269,1.96931481361,1.95880079269,1.96931171417,3287360
2026-01-19 03:00:00+00:00,1.96923732758,1.97972857952,1.96386814117,1.97967123985,5083552
2026-01-19 04:00:00+00:00,1.97968161106,1.98021864891,1.96368360519,1.96426594257,3127136
2026-01-19 05:00:00+00:00,1.964376688,1.97149860859,1.95710170269,1.96986401081,7646352
2026-01-19 06:00:00+00:00,1.97029221058,1.97536456585,1.95862472057,1.95875930786,5612880
2026-01-19 07:00:00+00:00,1.95856487751,1.97029900551,1.95679616928,1.97008919716,2198832
2026-01-19 08:00:00+00:00,1.96985697746,1.99543082714,1.9670740366,1.99542832375,9241872
2026-01-19 09:00:00+00:00,1.99522221088,1.99522221088,1.97929441929,1.97929441929,0
2026-01-19 10:00:00+00:00,1.97956335545,1.97977757454,1.97272312641,1.97433519363,24480
2026-01-19 11:00:00+00:00,1.97434365749,1.98079311848,1.97283637524,1.97286081314,2424784
2026-01-19 12:00:00+00:00,1.97281825542,1.97465837002,1.9681507349,1.96981501579,2435760
2026-01-19 13:00:00+00:00,1.96975839138,1.97785568237,1.96975839138,1.9725009203,708784
2026-01-19 14:00:00+00:00,1.97251856327,1.98559558392,1.9718875885,1.97753429413,0
2026-01-19 15:00:00+00:00,1.97671401501,1.98094236851,1.97243797779,1.9754332304,0
2026-01-19 16:00:00+00:00,1.97544503212,2.02042913437,1.97539925575,2.01922249794,3478528
2026-01-19 17:00:00+00:00,2.01955127716,2.0230255127,2.00756120682,2.01853990555,5199120
2026-01-19 18:00:00+00:00,2.01839780807,2.02078914642,2.00521612167,2.02068781853,0
2026-01-19 19:00:00+00:00,2.02070784569,2.05970478058,2.02070784569,2.04385495186,9846464
2026-01-19 20:00:00+00:00,2.04391264915,2.04529166222,2.03370141983,2.03491854668,1290032
2026-01-19 21:00:00+00:00,2.03482604027,2.03543758392,2.02210283279,2.02281761169,1679744
2026-01-19 22:00:00+00:00,2.02251768112,2.0251019001,2.01442623138,2.01650524139,0
2026-01-19 23:00:00+00:00,2.01637983322,2.03465652466,2.01028347015,2.02857327461,0
2026-01-20 00:00:00+00:00,2.02801251411,2.02858948708,2.01994085312,2.01994085312,0
2026-01-20 01:00:00+00:00,2.01996469498,2.03464031219,2.01725149155,2.02669548988,0
2026-01-20 02:00:00+00:00,2.02639865875,2.04750943184,2.01714849472,2.04714131355,0
2026-01-20 03:00:00+00:00,2.04496431351,2.04496431351,2.02107095718,2.03458404541,0
2026-01-20 04:00:00+00:00,2.03421401978,2.04464912415,2.0203769207,2.03739404678,5570944
2026-01-20 05:00:00+00:00,2.03742480278,2.04187488556,2.02746772766,2.02995038033,4633888
2026-01-20 06:00:00+00:00,2.02960705757,2.02960705757,1.98581552505,1.98847007751,2959632
2026-01-20 07:00:00+00:00,1.98859870434,2.002358675,1.98859870434,1.99076342583,1963616
2026-01-20 08:00:00+00:00,1.99010968208,1.99115920067,1.97374641895,1.98127222061,0
2026-01-20 09:00:00+00:00,1.98227381706,1.99055230618,1.97855770588,1.98099350929,1500656
2026-01-20 10:00:00+00:00,1.98098003864,1.98787486553,1.97617471218,1.97620534897,533296
2026-01-20 11:00:00+00:00,1.97608196735,1.9803570509,1.96215093136,1.96215093136,568384
2026-01-20 12:00:00+00:00,1.96138942242,1.9798425436,1.95969128609,1.97641992569,8768
2026-01-20 13:00:00+00:00,1.97632718086,1.97632718086,1.93787360191,1.93806791306,2342864
2026-01-20 14:00:00+00:00,1.93792915344,1.96469867229,1.93792915344,1.95887124538,5101760
2026-01-20 15:00:00+00:00,1.95839178562,1.95839178562,1.93422245979,1.93422245979,4031232
2026-01-20 16:00:00+00:00,1.93540811539,1.94746446609,1.90776729584,1.91261720657,0
2026-01-20 17:00:00+00:00,1.91226601601,1.92125284672,1.89980256557,1.9072675705,0
2026-01-20 18:00:00+00:00,1.90627586842,1.91061043739,1.89932441711,1.90247046947,1282720
2026-01-20 19:00:00+00:00,1.90244722366,1.91445851326,1.90244722366,1.9108799696,0
2026-01-20 20:00:00+00:00,1.91095864773,1.92981171608,1.90901088715,1.92920708656,1500736
2026-01-20 21:00:00+00:00,1.9290189743,1.92939436436,1.91078090668,1.91096866131,0
2026-01-20 22:00:00+00:00,1.91103732586,1.91589033604,1.90324544907,1.9064745903,3495904
2026-01-20 23:00:00+00:00,1.90619850159,1.90619850159,1.89558660984,1.89689171314,13456
2026-01-21 00:00:00+00:00,1.89666044712,1.92719054222,1.89651942253,1.92719054222,3125872
2026-01-21 01:00:00+00:00,1.92732465267,1.93640363216,1.92732465267,1.93264377117,2911696
2026-01-21 02:00:00+00:00,1.93266510963,1.95324909687,1.93266510963,1.95308744907,889312
2026-01-21 03:00:00+00:00,1.95310223103,1.95546674728,1.94747781754,1.94747781754,0
2026-01-21 04:00:00+00:00,1.94747781754,1.94805061817,1.94206988811,1.94456672668,0
2026-01-21 05:00:00+00:00,1.94459462166,1.9559044838,1.94405591488,1.95526885986,0
2026-01-21 06:00:00+00:00,1.95547819138,1.95547819138,1.93941295147,1.93941295147,0
2026-01-21 07:00:00+00:00,1.93941307068,1.94985973835,1.93857359886,1.93857359886,0
2026-01-21 08:00:00+00:00,1.9387806654,1.94354832172,1.92700207233,1.93434822559,0
2026-01-21 09:00:00+00:00,1.93434643745,1.93760848045,1.93200588226,1.93429708481,0
2026-01-21 10:00:00+00:00,1.93460941315,1.94238269329,1.93227505684,1.93227505684,0
2026-01-21 11:00:00+00:00,1.93199360371,1.93667030334,1.92251682281,1.92251682281,0
2026-01-21 12:00:00+00:00,1.92220461369,1.92220461369,1.89761888981,1.91777169704,779464
2026-01-21 13:00:00+00:00,1.9178057909,1.92632162571,1.90631592274,1.91226100922,0
2026-01-21 14:00:00+00:00,1.91134560108,1.96819031239,1.90958225727,1.96819031239,6187440
2026-01-21 15:00:00+00:00,1.96793675423,1.97142112255,1.95385932922,1.96648848057,0
2026-01-21 16:00:00+00:00,1.96657192707,1.96698081493,1.9039529562,1.9039529562,2304384
2026-01-21 17:00:00+00:00,1.90407395363,1.91099750996,1.87904632092,1.89148366451,5870704
2026-01-21 18:00:00+00:00,1.89217460155,1.9163864851,1.89079403877,1.91382455826,964048
2026-01-21 19:00:00+00:00,1.91462934017,1.98750066757,1.90744543076,1.98750066757,8795152
2026-01-21 20:00:00+00:00,1.98785161972,1.99233043194,1.96244204044,1.98148286343,1083808
2026-01-21 21:00:00+00:00,1.9820741415,1.99248254299,1.9820741415,1.98897135258,1700400
2026-01-21 22:00:00+00:00,1.98882317543,1.99433851242,1.9683713913,1.97371459007,0
2026-01-21 23:00:00+00:00,1.97332537174,1.97332537174,1.94412231445,1.94945085049,63760
2026-01-22 00:00:00+00:00,1.94956076145,1.9671690464,1.94956076145,1.96652340889,0
2026-01-22 01:00:00+00:00,1.9657446146,1.97611260414,1.96244955063,1.9756321907,0
2026-01-22 02:00:00+00:00,1.97566843033,1.97793579102,1.96520924568,1.96520924568,0
2026-01-22 03:00:00+00:00,1.96527051926,1.96833157539,1.95209181309,1.95401275158,0
2026-01-22 04:00:00+00:00,1.95386171341,1.95659983158,1.95302379131,1.95378267765,343984
2026-01-22 05:00:00+00:00,1.95382428169,1.95602762699,1.93899476528,1.93906080723,0
2026-01-22 06:00:00+00:00,1.93932700157,1.94336903095,1.93014335632,1.94336903095,1473088
2026-01-22 07:00:00+00:00,1.9432798624,1.94586968422,1.93463265896,1.94431018829,0
2026-01-22 08:00:00+00:00,1.94426524639,1.95084810257,1.93966972828,1.95084810257,0
2026-01-22 09:00:00+00:00,1.9510563612,1.9573789835,1.94907283783,1.95519936085,159776
2026-01-22 10:00:00+00:00,1.95523095131,1.95734941959,1.95460927486,1.95723855495,478144
2026-01-22 11:00:00+00:00,1.95726370811,1.95726370811,1.94800305367,1.94800305367,427488
2026-01-22 12:00:00+00:00,1.94802737236,1.94802737236,1.94376194477,1.94683146477,0
2026-01-22 13:00:00+00:00,1.94747781754,1.95457458496,1.94063270092,1.9446644783,559808
2026-01-22 14:00:00+00:00,1.94467675686,1.94671022892,1.92057347298,1.9209240675,0
2026-01-22 15:00:00+00:00,1.92059719563,1.93116676807,1.90648424625,1.92384064198,0
2026-01-22 16:00:00+00:00,1.92396485806,1.93815147877,1.92178845406,1.93658220768,0
2026-01-22 17:00:00+00:00,1.93664300442,1.94052708149,1.9261174202,1.93711686134,0
2026-01-22 18:00:00+00:00,1.93744313717,1.93804264069,1.9231107235,1.92315638065,0
2026-01-22 19:00:00+00:00,1.92288637161,1.93859493732,1.92092394829,1.93692708015,0
2026-01-22 20:00:00+00:00,1.93689370155,1.93689370155,1.9209113121,1.92412304878,0
2026-01-22 21:00:00+00:00,1.92563700676,1.93349254131,1.92540037632,1.92676401138,0
2026-01-22 22:00:00+00:00,1.92653775215,1.9298402071,1.92282223701,1.92644965649,0
2026-01-22 23:00:00+00:00,1.92567682266,1.92658412457,1.91581082344,1.92434847355,0
2026-01-23 00:00:00+00:00,1.92420709133,1.9307103157,1.92376768589,1.93047213554,0
2026-01-23 01:00:00+00:00,1.93018293381,1.94873487949,1.92897737026,1.9486540556,503960
2026-01-23 02:00:00+00:00,1.94906628132,1.94906628132,1.93935060501,1.93935060501,0
2026-01-23 03:00:00+00:00,1.93940639496,1.96280896664,1.93940639496,1.95379734039,1057088
2026-01-23 04:00:00+00:00,1.95401012897,1.97769343853,1.95241677761,1.97534096241,1984152
2026-01-23 05:00:00+00:00,1.97533416748,1.97533416748,1.95810365677,1.95829832554,0
2026-01-23 06:00:00+00:00,1.9582451582,1.96252763271,1.94349730015,1.94349730015,0
2026-01-23 07:00:00+00:00,1.9435095787,1.94361352921,1.93690013885,1.93823361397,1426560
2026-01-23 08:00:00+00:00,1.93826127052,1.94185864925,1.92666316032,1.92747271061,1643232
2026-01-23 09:00:00+00:00,1.92750287056,1.93458342552,1.92750287056,1.92995417118,447632
2026-01-23 10:00:00+00:00,1.92991936207,1.93110752106,1.92246842384,1.92869710922,2757904
2026-01-23 11:00:00+00:00,1.92869603634,1.94423568249,1.92869603634,1.94137072563,0
2026-01-23 12:00:00+00:00,1.9415397644,1.94289255142,1.93309271336,1.9396314621,0
2026-01-23 13:00:00+00:00,1.93939971924,1.94654321671,1.93867361546,1.93987548351,0
2026-01-23 14:00:00+00:00,1.93979048729,1.93979048729,1.90177845955,1.90749645233,1706288
2026-01-23 15:00:00+00:00,1.90715515614,1.93903803825,1.90466725826,1.93903803825,0
2026-01-23 16:00:00+00:00,1.93961369991,1.95403552055,1.92245924473,1.94781148434,388088
2026-01-23 17:00:00+00:00,1.94812548161,1.97148656845,1.93440198898,1.95251882076,4236784
2026-01-23 18:00:00+00:00,1.95258867741,1.967451334,1.95258867741,1.95790052414,3483568
2026-01-23 19:00:00+00:00,1.95758652687,1.95758652687,1.92260754108,1.92372870445,2876272
2026-01-23 20:00:00+00:00,1.9235560894,1.92579782009,1.90426361561,1.91084086895,285136
2026-01-23 21:00:00+00:00,1.91043162346,1.92124080658,1.91043162346,1.9141201973,263008
2026-01-23 22:00:00+00:00,1.91389679909,1.92485308647,1.91340184212,1.92455935478,215208
2026-01-23 23:00:00+00:00,1.9250357151,1.92600417137,1.91975843906,1.92422223091,0
2026-01-24 00:00:00+00:00,1.92425334454,1.92819392681,1.92272758484,1.9235676527,0
2026-01-24 01:00:00+00:00,1.92344999313,1.92838764191,1.92124462128,1.92809832096,0
2026-01-24 02:00:00+00:00,1.92827737331,1.93397259712,1.92580401897,1.92587566376,21584
2026-01-24 03:00:00+00:00,1.92590904236,1.9340916872,1.92590904236,1.92771232128,0
2026-01-24 04:00:00+00:00,1.92778456211,1.93512117863,1.92445254326,1.93447542191,0
2026-01-24 05:00:00+00:00,1.9344547987,1.93510985374,1.92557251453,1.92717909813,0
2026-01-24 06:00:00+00:00,1.92745089531,1.93226158619,1.92745089531,1.93165373802,0
2026-01-24 07:00:00+00:00,1.93164217472,1.93164217472,1.92388510704,1.92388510704,0
2026-01-24 08:00:00+00:00,1.92387282848,1.92931711674,1.92057514191,1.92897260189,0
2026-01-24 09:00:00+00:00,1.92898190022,1.92898190022,1.92044138908,1.92044138908,0
2026-01-24 10:00:00+00:00,1.91983473301,1.91983473301,1.91289651394,1.9194226265,0
2026-01-24 11:00:00+00:00,1.91940379143,1.91956245899,1.9155112505,1.9155112505,0
2026-01-24 12:00:00+00:00,1.9155163765,1.91872835159,1.91357040405,1.91387307644,33184
2026-01-24 13:00:00+00:00,1.91394853592,1.91466152668,1.91131484509,1.91206681728,0
2026-01-24 14:00:00+00:00,1.91176450253,1.91911149025,1.90856170654,1.91546940804,0
2026-01-24 15:00:00+00:00,1.91545522213,1.9174516201,1.90247440338,1.90251791477,0
2026-01-24 16:00:00+00:00,1.90258228779,1.9099946022,1.899695158,1.90879583359,0
2026-01-24 17:00:00+00:00,1.90870821476,1.91201686859,1.90616977215,1.91063189507,0
2026-01-24 18:00:00+00:00,1.91191458702,1.91908884048,1.91191458702,1.91360843182,0
2026-01-24 19:00:00+00:00,1.91358101368,1.91358101368,1.90819072723,1.90964078903,0
2026-01-24 20:00:00+00:00,1.90948927402,1.91999232769,1.90909552574,1.91949307919,0
2026-01-24 21:00:00+00:00,1.91933608055,1.92043864727,1.913818717,1.92009174824,0
2026-01-24 22:00:00+00:00,1.92014670372,1.92782640457,1.91935741901,1.92744600773,66852
2026-01-24 23:00:00+00:00,1.92756843567,1.92765033245,1.92445886135,1.92667269707,38728
2026-01-25 00:00:00+00:00,1.92664086819,1.9346216917,1.9251871109,1.93031668663,2478552
2026-01-25 01:00:00+00:00,1.93043160439,1.93482279778,1.91996252537,1.91996252537,1130056
2026-01-25 02:00:00+00:00,1.92012667656,1.92266511917,1.91582608223,1.91789460182,55764
2026-01-25 03:00:00+00:00,1.9178571701,1.91934537888,1.90027558804,1.90403854847,1745308
2026-01-25 04:00:00+00:00,1.90387749672,1.90774405003,1.90007722378,1.90272772312,0
2026-01-25 05:00:00+00:00,1.90253221989,1.90413200855,1.89934241772,1.90413200855,0
2026-01-25 06:00:00+00:00,1.90456116199,1.90576291084,1.90047240257,1.90304291248,661176
2026-01-25 07:00:00+00:00,1.90304112434,1.90347647667,1.8945492506,1.89763915539,1221480
2026-01-25 08:00:00+00:00,1.89760017395,1.89931917191,1.88465154171,1.88662445545,3248736
2026-01-25 09:00:00+00:00,1.88671183586,1.90782368183,1.88663756847,1.90562498569,2386272
2026-01-25 10:00:00+00:00,1.90561652184,1.91454696655,1.90561652184,1.90837264061,0
2026-01-25 11:00:00+00:00,1.90815508366,1.90815508366,1.89537227154,1.89537227154,1018792
2026-01-25 12:00:00+00:00,1.895388484,1.89572679996,1.88782656193,1.89564788342,661256
2026-01-25 13:00:00+00:00,1.89569032192,1.89969396591,1.88952374458,1.89865481853,225888
2026-01-25 14:00:00+00:00,1.8986055851,1.8986055851,1.87882649899,1.88301193714,2098912
2026-01-25 15:00:00+00:00,1.88322341442,1.88909780979,1.88290858269,1.88292813301,559600
2026-01-25 16:00:00+00:00,1.88301134109,1.8832886219,1.83878982067,1.84502100945,11747608
2026-01-25 17:00:00+00:00,1.84504306316,1.84614598751,1.83577978611,1.84067738056,2346488
2026-01-25 18:00:00+00:00,1.84083998203,1.84223747253,1.81742095947,1.82049977779,7738472
2026-01-25 19:00:00+00:00,1.82025420666,1.8219448328,1.7864575386,1.78826773167,11086040
2026-01-25 20:00:00+00:00,1.78824353218,1.80409121513,1.78824353218,1.80409121513,8765088
2026-01-25 21:00:00+00:00,1.80396449566,1.81992125511,1.80396449566,1.81865751743,3831392
2026-01-25 22:00:00+00:00,1.81848526001,1.81848526001,1.80666220188,1.80866456032,2214440
2026-01-25 23:00:00+00:00,1.80876374245,1.82420730591,1.80876374245,1.82156431675,3222944
2026-01-26 00:00:00+00:00,1.82155609131,1.83499383926,1.81881392002,1.83497095108,938624
2026-01-26 01:00:00+00:00,1.83530080318,1.85738301277,1.83530080318,1.85686826706,4175256
2026-01-26 02:00:00+00:00,1.85674548149,1.85674548149,1.83674550056,1.83674550056,2638096
2026-01-26 03:00:00+00:00,1.83654475212,1.83757472038,1.82388472557,1.82420563698,0
2026-01-26 04:00:00+00:00,1.82474184036,1.84991931915,1.82474184036,1.84194672108,1762752
2026-01-26 05:00:00+00:00,1.84195256233,1.8429223299,1.84014236927,1.84256112576,112240
2026-01-26 06:00:00+00:00,1.84251558781,1.85690808296,1.83877003193,1.8569021225,1209120
2026-01-26 07:00:00+00:00,1.859126091,1.8593364954,1.8501509428,1.85370409489,1011440
2026-01-26 08:00:00+00:00,1.85368978977,1.86405193806,1.85247993469,1.85555708408,0
2026-01-26 09:00:00+00:00,1.85554540157,1.85554540157,1.84074807167,1.84074807167,0
2026-01-26 10:00:00+00:00,1.84078240395,1.84620404243,1.84078240395,1.84388315678,0
2026-01-26 11:00:00+00:00,1.84390985966,1.85022735596,1.84197604656,1.84234678745,0
2026-01-26 12:00:00+00:00,1.84246110916,1.85146546364,1.84200918674,1.84601807594,0
2026-01-26 13:00:00+00:00,1.84629702568,1.85831475258,1.84629702568,1.85553789139,1172128
2026-01-26 14:00:00+00:00,1.85558605194,1.87214660645,1.84653127193,1.86844277382,4302832
2026-01-26 15:00:00+00:00,1.87320518494,1.89203476906,1.86207234859,1.86758637428,7774784
2026-01-26 16:00:00+00:00,1.86792588234,1.87955021858,1.86154794693,1.87509334087,0
2026-01-26 17:00:00+00:00,1.87458145618,1.87595069408,1.85391461849,1.87008094788,3115488
2026-01-26 18:00:00+00:00,1.86993026733,1.88284039497,1.86766195297,1.87461066246,0
2026-01-26 19:00:00+00:00,1.8750295639,1.88110244274,1.86766076088,1.86766076088,0
2026-01-26 20:00:00+00:00,1.867603302,1.86929869652,1.85691797733,1.85692453384,0
2026-01-26 21:00:00+00:00,1.85704100132,1.88339209557,1.85631608963,1.88131654263,0
2026-01-26 22:00:00+00:00,1.88119888306,1.88119888306,1.8748152256,1.87794530392,0
2026-01-26 23:00:00+00:00,1.87627267838,1.88069009781,1.87289762497,1.87438821793,0
2026-01-27 00:00:00+00:00,1.87373316288,1.87527549267,1.86947536469,1.87238633633,0
2026-01-27 01:00:00+00:00,1.87240290642,1.87764668465,1.86654067039,1.87498378754,0
2026-01-27 02:00:00+00:00,1.87585914135,1.88153839111,1.87479102612,1.87997460365,0
2026-01-27 03:00:00+00:00,1.88025927544,1.8809223175,1.87287688255,1.87389791012,0
2026-01-27 04:00:00+00:00,1.87386369705,1.87992429733,1.87255191803,1.87433183193,0
2026-01-27 05:00:00+00:00,1.87437427044,1.87515723705,1.87017095089,1.87251114845,0
2026-01-27 06:00:00+00:00,1.87257909775,1.87361514568,1.86151194572,1.86151194572,0
2026-01-27 07:00:00+00:00,1.86156511307,1.87076723576,1.86156511307,1.86455643177,0
2026-01-27 08:00:00+00:00,1.86456954479,1.86762464046,1.85908424854,1.86090743542,0
2026-01-27 09:00:00+00:00,1.86086916924,1.86086916924,1.84864914417,1.84868991375,0
2026-01-27 10:00:00+00:00,1.84866285324,1.85185706615,1.84681105614,1.84784710407,18456
2026-01-27 11:00:00+00:00,1.84845948219,1.85311722755,1.84630477428,1.85129714012,0
2026-01-27 12:00:00+00:00,1.85118627548,1.85118627548,1.84368133545,1.84584319592,0
2026-01-27 13:00:00+00:00,1.84603619576,1.84733569622,1.83593726158,1.83593726158,2408184
2026-01-27 14:00:00+00:00,1.8359786272,1.84775221348,1.82804358006,1.83001828194,1201968
2026-01-27 15:00:00+00:00,1.82994377613,1.84978604317,1.82894778252,1.84978604317,0
2026-01-27 16:00:00+00:00,1.84990382195,1.87734758854,1.84967625141,1.86848270893,2628968
2026-01-27 17:00:00+00:00,1.86861240864,1.86977136135,1.82959580421,1.83142411709,0
2026-01-27 18:00:00+00:00,1.83152163029,1.86121594906,1.83152163029,1.86121594906,0
2026-01-27 19:00:00+00:00,1.86103928089,1.86955213547,1.85839414597,1.86844682693,0
2026-01-27 20:00:00+00:00,1.86845564842,1.89069139957,1.86758232117,1.88947319984,4233032
2026-01-27 21:00:00+00:00,1.88974833488,1.89039862156,1.87048363686,1.87147188187,0
2026-01-27 22:00:00+00:00,1.87147724628,1.88414669037,1.87147724628,1.88030338287,0
2026-01-27 23:00:00+00:00,1.88020050526,1.88020050526,1.87271285057,1.87500190735,1372440
2026-01-28 00:00:00+00:00,1.87501394749,1.87501394749,1.86509394646,1.8736590147,416880
2026-01-28 01:00:00+00:00,1.87377345562,1.87377345562,1.86295008659,1.86679506302,0
2026-01-28 02:00:00+00:00,1.8668462038,1.86994147301,1.86283814907,1.86791706085,0
2026-01-28 03:00:00+00:00,1.86852967739,1.86861670017,1.85886836052,1.86074864864,274136
2026-01-28 04:00:00+00:00,1.86063027382,1.86063027382,1.8518127203,1.85385644436,920296
2026-01-28 05:00:00+00:00,1.85377120972,1.85837483406,1.84589755535,1.85837483406,7031352
2026-01-28 06:00:00+00:00,1.85850393772,1.86223053932,1.8523670435,1.86209011078,6657208
2026-01-28 07:00:00+00:00,1.861967206,1.86282277107,1.85311961174,1.85686409473,9765928
2026-01-28 08:00:00+00:00,1.85732555389,1.86033117771,1.85476529598,1.85486698151,3123592
2026-01-28 09:00:00+00:00,1.85481822491,1.8789460659,1.85243654251,1.8789460659,4481528
2026-01-28 10:00:00+00:00,1.87898004055,1.88115394115,1.87381577492,1.87476038933,2508272
2026-01-28 11:00:00+00:00,1.87488293648,1.89127135277,1.87357139587,1.89115071297,1612800
2026-01-28 12:00:00+00:00,1.89107704163,1.89107704163,1.87360560894,1.8754389286,1127056
2026-01-28 13:00:00+00:00,1.87539970875,1.8818680048,1.86630189419,1.86630189419,9032272
2026-01-28 14:00:00+00:00,1.86649525166,1.86653828621,1.85421538353,1.85471260548,0
2026-01-28 15:00:00+00:00,1.85479307175,1.85768640041,1.83874738216,1.84609043598,499984
2026-01-28 16:00:00+00:00,1.84500229359,1.84913086891,1.83719849586,1.8412488699,0
2026-01-28 17:00:00+00:00,1.84105372429,1.85566473007,1.83211994171,1.85357165337,0
2026-01-28 18:00:00+00:00,1.85046768188,1.85046768188,1.83939826488,1.84066414833,0
2026-01-28 19:00:00+00:00,1.84097087383,1.85905754566,1.84097087383,1.85905754566,1284160
2026-01-28 20:00:00+00:00,1.85731434822,1.8686183691,1.85082840919,1.856585145,0
2026-01-28 21:00:00+00:00,1.85634577274,1.86481332779,1.84553003311,1.86368691921,0
2026-01-28 22:00:00+00:00,1.86243903637,1.8833990097,1.85619950294,1.87990021706,1257152
2026-01-28 23:00:00+00:00,1.87993216515,1.88097321987,1.86769139767,1.86784851551,24936
2026-01-29 00:00:00+00:00,1.86910760403,1.86910760403,1.8481259346,1.85068142414,424032
2026-01-29 01:00:00+00:00,1.85098218918,1.85749781132,1.84015500546,1.84023165703,398376
2026-01-29 02:00:00+00:00,1.84001433849,1.84205031395,1.80843675137,1.8116505146,3528136
2026-01-29 03:00:00+00:00,1.8119032383,1.822961092,1.81057274342,1.81376588345,1578752
2026-01-29 04:00:00+00:00,1.81370997429,1.81370997429,1.80216956139,1.81083035469,0
2026-01-29 05:00:00+00:00,1.81076681614,1.81143140793,1.80761110783,1.80761730671,0
2026-01-29 06:00:00+00:00,1.80800831318,1.81125640869,1.80800831318,1.81125640869,0
2026-01-29 07:00:00+00:00,1.81221306324,1.81407904625,1.80820763111,1.8096511364,0
2026-01-29 08:00:00+00:00,1.80952560902,1.81049144268,1.79895341396,1.80096673965,0
2026-01-29 09:00:00+00:00,1.80103158951,1.80103158951,1.79505670071,1.79756867886,0
2026-01-29 10:00:00+00:00,1.7968685627,1.79707765579,1.79041028023,1.79164779186,0
2026-01-29 11:00:00+00:00,1.79165124893,1.79291772842,1.7863124609,1.78751242161,2693040
2026-01-29 12:00:00+00:00,1.78632187843,1.78799653053,1.77558588982,1.77828967571,973544
2026-01-29 13:00:00+00:00,1.77855539322,1.78764951229,1.77855539322,1.78764951229,0
2026-01-29 14:00:00+00:00,1.787981987,1.7923514843,1.76489126682,1.76489126682,1510824
2026-01-29 15:00:00+00:00,1.76398658752,1.76398658752,1.71508705616,1.72929656506,19242672
2026-01-29 16:00:00+00:00,1.72960269451,1.74291706085,1.71749043465,1.74291706085,6704880
2026-01-29 17:00:00+00:00,1.74320113659,1.75998353958,1.72451519966,1.72451519966,6807536
2026-01-29 18:00:00+00:00,1.7244528532,1.72573840618,1.69958281517,1.69958281517,11475504
2026-01-29 19:00:00+00:00,1.69940173626,1.72757077217,1.69821834564,1.72507667542,9002448
2026-01-29 20:00:00+00:00,1.7248185873,1.73373687267,1.72012984753,1.73370099068,2683072
2026-01-29 21:00:00+00:00,1.73433625698,1.73869001865,1.73271512985,1.73515045643,2437536
2026-01-29 22:00:00+00:00,1.73524641991,1.73984658718,1.73320913315,1.7382029295,0
2026-01-29 23:00:00+00:00,1.73766362667,1.73766362667,1.7272580862,1.73266291618,0
2026-01-30 00:00:00+00:00,1.73267424107,1.74003696442,1.73267424107,1.73602831364,555632
2026-01-30 01:00:00+00:00,1.73630428314,1.74257934093,1.69873857498,1.71542000771,14633568
2026-01-30 02:00:00+00:00,1.71535587311,1.71535587311,1.68389499187,1.69871878624,3942192
2026-01-30 03:00:00+00:00,1.69922149181,1.7100007534,1.69922149181,1.70122528076,1035360
2026-01-30 04:00:00+00:00,1.7010358572,1.72193741798,1.7010358572,1.71690797806,1342528
2026-01-30 05:00:00+00:00,1.71480095387,1.71532428265,1.71005141735,1.7137979269,252880
2026-01-30 06:00:00+00:00,1.71362257004,1.71362257004,1.67548489571,1.68283605576,8036720
2026-01-30 07:00:00+00:00,1.68325614929,1.71048974991,1.68325614929,1.70754098892,3969840
2026-01-30 08:00:00+00:00,1.70749044418,1.70874655247,1.69537198544,1.69864463806,343168
2026-01-30 09:00:00+00:00,1.69866776466,1.70204329491,1.69445586205,1.69762086868,1276064
2026-01-30 10:00:00+00:00,1.69755542278,1.70261311531,1.69473814964,1.70036292076,972704
2026-01-30 11:00:00+00:00,1.7007830143,1.71748590469,1.69762396812,1.71599137783,0
2026-01-30 12:00:00+00:00,1.71726095676,1.71726095676,1.6979739666,1.69806396961,426864
2026-01-30 13:00:00+00:00,1.7007753849,1.70101940632,1.68999767303,1.69087982178,3351440
2026-01-30 14:00:00+00:00,1.69101715088,1.70743000507,1.6856815815,1.6856815815,5430720
2026-01-30 15:00:00+00:00,1.68544268608,1.68707644939,1.66585171223,1.6816880703,0
2026-01-30 16:00:00+00:00,1.68222272396,1.68757379055,1.67347002029,1.67702686787,44784
2026-01-30 17:00:00+00:00,1.67684364319,1.69316768646,1.67149913311,1.68776154518,0
2026-01-30 18:00:00+00:00,1.68610036373,1.70501112938,1.65524554253,1.70501112938,0
2026-01-30 19:00:00+00:00,1.70590472221,1.7175116539,1.70590472221,1.71528244019,0
2026-01-30 20:00:00+00:00,1.71487724781,1.71487724781,1.68417096138,1.68548285961,3419504
2026-01-30 21:00:00+00:00,1.68566894531,1.69554817677,1.68295049667,1.69287228584,1716672
2026-01-30 22:00:00+00:00,1.69292843342,1.69388020039,1.68278419971,1.69181478024,315568
2026-01-30 23:00:00+00:00,1.692029953,1.692029953,1.6825786829,1.68659126759,18208
2026-01-31 00:00:00+00:00,1.68686401844,1.68686401844,1.68142950535,1.68243539333,0
2026-01-31 01:00:00+00:00,1.68240296841,1.68697679043,1.68050122261,1.68461120129,0
2026-01-31 02:00:00+00:00,1.68449032307,1.68449032307,1.6751691103,1.68271183968,0
2026-01-31 03:00:00+00:00,1.68254959583,1.68257427216,1.67677044868,1.67739152908,0
2026-01-31 04:00:00+00:00,1.67746222019,1.68303847313,1.67384541035,1.67428910732,0
2026-01-31 05:00:00+00:00,1.67429697514,1.67429697514,1.66969788074,1.6735534668,383568
2026-01-31 06:00:00+00:00,1.67358839512,1.67358839512,1.65635180473,1.66229498386,0
2026-01-31 07:00:00+00:00,1.66233026981,1.66291511059,1.64820325375,1.65189981461,0
2026-01-31 08:00:00+00:00,1.65193581581,1.65590953827,1.62154173851,1.63193082809,11210784
2026-01-31 09:00:00+00:00,1.63178467751,1.64307260513,1.63039755821,1.63929986954,1004800
2026-01-31 10:00:00+00:00,1.63903188705,1.64383482933,1.63288366795,1.64238286018,2105632
2026-01-31 11:00:00+00:00,1.64224517345,1.64224517345,1.63290989399,1.63290989399,0
2026-01-31 12:00:00+00:00,1.63291025162,1.63407433033,1.63015830517,1.63222122192,0
2026-01-31 13:00:00+00:00,1.63205230236,1.63205230236,1.61668610573,1.61824548244,0
2026-01-31 14:00:00+00:00,1.61846601963,1.62117183208,1.54055762291,1.56402552128,24199200
2026-01-31 15:00:00+00:00,1.56405365467,1.58506655693,1.56405365467,1.57347714901,0
2026-01-31 16:00:00+00:00,1.5734821558,1.58583962917,1.55237460136,1.55245506763,5421024
2026-01-31 17:00:00+00:00,1.55263614655,1.55318796635,1.48912012577,1.49545872211,31012096
2026-01-31 18:00:00+00:00,1.49571108818,1.50026917458,1.46396994591,1.46965301037,22693648
2026-01-31 19:00:00+00:00,1.47021651268,1.49843001366,1.47021651268,1.49593627453,11563488
2026-01-31 20:00:00+00:00,1.49571609497,1.49655282497,1.48105216026,1.49653923512,0
2026-01-31 21:00:00+00:00,1.4965287447,1.52344930172,1.49590182304,1.52242302895,6405280
2026-01-31 22:00:00+00:00,1.52213728428,1.52240335941,1.51253259182,1.51893222332,2911296
2026-01-31 23:00:00+00:00,1.5188369751,1.54796028137,1.5188369751,1.54403316975,7704480
2026-02-01 00:00:00+00:00,1.54414749146,1.55189347267,1.54414749146,1.55064630508,3258592
2026-02-01 01:00:00+00:00,1.55072963238,1.55144095421,1.53476023674,1.54911279678,2124224
2026-02-01 02:00:00+00:00,1.54911482334,1.55533492565,1.54594779015,1.55457293987,378944
2026-02-01 03:00:00+00:00,1.55460119247,1.55530571938,1.55049717426,1.55173802376,996896
2026-02-01 04:00:00+00:00,1.55157208443,1.55560564995,1.55132865906,1.55221796036,547968
2026-02-01 05:00:00+00:00,1.55215871334,1.55713999271,1.54676878452,1.54681897163,1547232
2026-02-01 06:00:00+00:00,1.54692399502,1.55504834652,1.54228842258,1.5428725481,0
2026-02-01 07:00:00+00:00,1.54321944714,1.55316448212,1.5373891592,1.54780125618,2035840
2026-02-01 08:00:00+00:00,1.54777538776,1.55418527126,1.54153895378,1.54519760609,0
2026-02-01 09:00:00+00:00,1.54519295692,1.5490809679,1.53459656239,1.5490809679,0
2026-02-01 10:00:00+00:00,1.54907226562,1.55495774746,1.53095471859,1.53108334541,133184
2026-02-01 11:00:00+00:00,1.53109622002,1.54974842072,1.53100991249,1.54553592205,1781984
2026-02-01 12:00:00+00:00,1.5454685688,1.5454685688,1.53285479546,1.53312945366,627712
2026-02-01 13:00:00+00:00,1.53306758404,1.54362797737,1.52361655235,1.52388429642,986112
2026-02-01 14:00:00+00:00,1.5253418684,1.52980744839,1.50979542732,1.52825963497,0
2026-02-01 15:00:00+00:00,1.52775847912,1.52775847912,1.48373961449,1.49746763706,384688
2026-02-01 16:00:00+00:00,1.49712133408,1.50571656227,1.49153542519,1.4976978302,0
2026-02-01 17:00:00+00:00,1.49831008911,1.50224483013,1.4897788763,1.49711120129,0
2026-02-01 18:00:00+00:00,1.50074839592,1.52504789829,1.50074839592,1.51136434078,0
2026-02-01 19:00:00+00:00,1.51179146767,1.51348674297,1.49640214443,1.49699783325,0
2026-02-01 20:00:00+00:00,1.4981225729,1.51373970509,1.49208343029,1.50356531143,0
2026-02-01 21:00:00+00:00,1.50355792046,1.50359916687,1.49409794807,1.49409794807,0
2026-02-01 22:00:00+00:00,1.49559700489,1.5151027441,1.49536955357,1.50933504105,305104
2026-02-01 23:00:00+00:00,1.5091534853,1.5091534853,1.47026872635,1.49682354927,6511040
2026-02-02 00:00:00+00:00,1.49641394615,1.52622401714,1.4916779995,1.51828229427,3841312
2026-02-02 01:00:00+00:00,1.51831185818,1.53044116497,1.50596892834,1.52449178696,3930464
2026-02-02 02:00:00+00:00,1.52459776402,1.52483546734,1.51052474976,1.5106998682,1628160
2026-02-02 03:00:00+00:00,1.510009408,1.510009408,1.4540861845,1.50707423687,12950096
2026-02-02 04:00:00+00:00,1.50715398788,1.51349246502,1.48570847511,1.49546861649,6039616
2026-02-02 05:00:00+00:00,1.49533784389,1.49533784389,1.45950329304,1.46780121326,4699504
2026-02-02 06:00:00+00:00,1.4682854414,1.49603068829,1.45722985268,1.48893380165,13802640
2026-02-02 07:00:00+00:00,1.48900866508,1.50144672394,1.48900866508,1.49723041058,2143120
2026-02-02 08:00:00+00:00,1.49693620205,1.50779795647,1.49595189095,1.50757169724,859152
2026-02-02 09:00:00+00:00,1.50671219826,1.52420735359,1.49905085564,1.52023863792,660688
2026-02-02 10:00:00+00:00,1.5204064846,1.52316093445,1.51400613785,1.51407301426,0
2026-02-02 11:00:00+00:00,1.51413559914,1.520008564,1.51413559914,1.51418280602,1328624
2026-02-02 12:00:00+00:00,1.51327490807,1.52504086494,1.51327490807,1.52501606941,0
2026-02-02 13:00:00+00:00,1.52488231659,1.53217029572,1.52164101601,1.53217029572,0
2026-02-02 14:00:00+00:00,1.53249394894,1.54869019985,1.52236306667,1.54304587841,1461184
2026-02-02 15:00:00+00:00,1.5426671505,1.56828773022,1.54109561443,1.56412088871,0
2026-02-02 16:00:00+00:00,1.56517350674,1.57195651531,1.55599629879,1.55619156361,0
2026-02-02 17:00:00+00:00,1.55614900589,1.56455230713,1.5537570715,1.55521643162,0
2026-02-02 18:00:00+00:00,1.55542457104,1.55906844139,1.55082142353,1.55865061283,0
2026-02-02 19:00:00+00:00,1.55887246132,1.55887246132,1.54781401157,1.548350811,0
2026-02-02 20:00:00+00:00,1.54787898064,1.54839646816,1.53779828548,1.53930938244,0
2026-02-02 21:00:00+00:00,1.53903770447,1.54836905003,1.53903770447,1.54667854309,0
2026-02-02 22:00:00+00:00,1.54661774635,1.55232155323,1.54661774635,1.55025231838,0
2026-02-02 23:00:00+00:00,1.55062806606,1.55062806606,1.54277980328,1.54285204411,49968
2026-02-03 00:00:00+00:00,1.54282391071,1.54385769367,1.53656387329,1.54207885265,0
2026-02-03 01:00:00+00:00,1.54236328602,1.54354345798,1.53388226032,1.53703427315,0
2026-02-03 02:00:00+00:00,1.53714907169,1.53760695457,1.51518929005,1.51518929005,0
2026-02-03 03:00:00+00:00,1.51341879368,1.5360352993,1.51119053364,1.53593575954,0
2026-02-03 04:00:00+00:00,1.53571796417,1.54651689529,1.5328245163,1.54468870163,0
2026-02-03 05:00:00+00:00,1.54358160496,1.54358160496,1.52973592281,1.52973592281,0
2026-02-03 06:00:00+00:00,1.52977919579,1.53543972969,1.52205514908,1.53500545025,0
2026-02-03 07:00:00+00:00,1.53490209579,1.53879570961,1.53153371811,1.53702104092,0
2026-02-03 08:00:00+00:00,1.53689348698,1.54105377197,1.53071892262,1.53089082241,1424440
2026-02-03 09:00:00+00:00,1.53099095821,1.5338408947,1.51069664955,1.51546239853,0
2026-02-03 10:00:00+00:00,1.51564490795,1.52184689045,1.51361119747,1.52166521549,0
2026-02-03 11:00:00+00:00,1.5216499567,1.5216499567,1.5113222599,1.51788699627,4631312
2026-02-03 12:00:00+00:00,1.51780641079,1.52338063717,1.51357102394,1.52296853065,1359264
2026-02-03 13:00:00+00:00,1.52267062664,1.52387952805,1.51969790459,1.52387952805,9883032
2026-02-03 14:00:00+00:00,1.52377414703,1.5296806097,1.49864304066,1.49864304066,1395680
2026-02-03 15:00:00+00:00,1.49847829342,1.52323520184,1.49386787415,1.5227202177,9376960
2026-02-03 16:00:00+00:00,1.522539258,1.52330362797,1.48963320255,1.49117827415,10202896
2026-02-03 17:00:00+00:00,1.49095094204,1.49247765541,1.46711909771,1.46711909771,6165984
2026-02-03 18:00:00+00:00,1.46526896954,1.46623635292,1.43409311771,1.43586862087,13297440
2026-02-03 19:00:00+00:00,1.43570840359,1.50509250164,1.43383574486,1.50250887871,17173232
2026-02-03 20:00:00+00:00,1.50263905525,1.55418384075,1.48951661587,1.55158555508,19054048
2026-02-03 21:00:00+00:00,1.55204391479,1.55805373192,1.52248632908,1.52249205112,6189952
2026-02-03 22:00:00+00:00,1.52245461941,1.5226752758,1.50251638889,1.50267636776,2255456
2026-02-03 23:00:00+00:00,1.50261151791,1.5026730299,1.49224030972,1.49305522442,3630048
2026-02-04 00:00:00+00:00,1.49671852589,1.50937700272,1.49355041981,1.50571918488,2553184
2026-02-04 01:00:00+00:00,1.50571119785,1.52285087109,1.50571119785,1.51699376106,1943664
2026-02-04 02:00:00+00:00,1.51703000069,1.51703000069,1.50653171539,1.50884068012,892864
2026-02-04 03:00:00+00:00,1.50868451595,1.52916634083,1.50868451595,1.52659761906,2075808
2026-02-04 04:00:00+00:00,1.52652561665,1.52709376812,1.51971685886,1.51971685886,0
2026-02-04 05:00:00+00:00,1.5190461874,1.5190461874,1.50365400314,1.50459587574,996000
2026-02-04 06:00:00+00:00,1.50457823277,1.51606750488,1.50457823277,1.51568138599,609392
2026-02-04 07:00:00+00:00,1.5155903101,1.52006149292,1.50859725475,1.51607573032,0
2026-02-04 08:00:00+00:00,1.51612961292,1.52061164379,1.5132972002,1.51833736897,1206192
2026-02-04 09:00:00+00:00,1.51871931553,1.51892542839,1.50601494312,1.50670278072,0
2026-02-04 10:00:00+00:00,1.50616300106,1.50686478615,1.50332486629,1.50361359119,0
2026-02-04 11:00:00+00:00,1.50349593163,1.50349593163,1.48904561996,1.50003755093,0
2026-02-04 12:00:00+00:00,1.50002467632,1.50107574463,1.49321222305,1.49515163898,0
2026-02-04 13:00:00+00:00,1.49528074265,1.49634039402,1.47749972343,1.47749972343,0
2026-02-04 14:00:00+00:00,1.47709274292,1.47805702686,1.46104729176,1.46104729176,0
2026-02-04 15:00:00+00:00,1.46032631397,1.4650592804,1.44546627998,1.44856381416,0
2026-02-04 16:00:00+00:00,1.44846129417,1.44983148575,1.4270324707,1.44109129906,0
2026-02-04 17:00:00+00:00,1.44081544876,1.44410502911,1.42850458622,1.43863081932,454416
2026-02-04 18:00:00+00:00,1.4384264946,1.47098815441,1.42699408531,1.45933830738,0
2026-02-04 19:00:00+00:00,1.45714259148,1.48286962509,1.45308685303,1.48286962509,0
2026-02-04 20:00:00+00:00,1.48256480694,1.48335516453,1.46908628941,1.46999144554,0
2026-02-04 21:00:00+00:00,1.46981716156,1.47088384628,1.44915020466,1.45113241673,0
2026-02-04 22:00:00+00:00,1.45182311535,1.47538435459,1.43468558788,1.44900488853,2037872
2026-02-04 23:00:00+00:00,1.44896793365,1.46528363228,1.44340789318,1.46088278294,2665984
2026-02-05 00:00:00+00:00,1.45944261551,1.462474823,1.45473921299,1.46111011505,149232
2026-02-05 01:00:00+00:00,1.46074664593,1.47029531002,1.45065999031,1.45520722866,4221696
2026-02-05 02:00:00+00:00,1.45511627197,1.46452438831,1.45026648045,1.45026648045,3884288
2026-02-05 03:00:00+00:00,1.4486259222,1.45073866844,1.44034838676,1.44048249722,574320
2026-02-05 04:00:00+00:00,1.44059681892,1.44599509239,1.43591690063,1.43847584724,5270896
2026-02-05 05:00:00+00:00,1.43864548206,1.45375430584,1.42958164215,1.44182360172,4211040
2026-02-05 06:00:00+00:00,1.44169604778,1.44192290306,1.42378401756,1.42451488972,1592064
2026-02-05 07:00:00+00:00,1.42452812195,1.43693161011,1.42362833023,1.42408072948,1111104
2026-02-05 08:00:00+00:00,1.42397212982,1.43701863289,1.42331004143,1.43150007725,1182704
2026-02-05 09:00:00+00:00,1.42968308926,1.44033813477,1.42645049095,1.42712295055,1920384
2026-02-05 10:00:00+00:00,1.42707121372,1.42707121372,1.39790248871,1.3983746767,3528912
2026-02-05 11:00:00+00:00,1.39853024483,1.40137207508,1.37666702271,1.38814496994,6764896
2026-02-05 12:00:00+00:00,1.38840138912,1.39252650738,1.37794089317,1.38940870762,10612400
2026-02-05 13:00:00+00:00,1.38940596581,1.39417123795,1.38165104389,1.38281106949,1559696
2026-02-05 14:00:00+00:00,1.38239777088,1.40070426464,1.381945014,1.38401210308,4226976
2026-02-05 15:00:00+00:00,1.38380658627,1.38380658627,1.30593848228,1.33280265331,20040144
2026-02-05 16:00:00+00:00,1.33242535591,1.34279024601,1.31931912899,1.33480083942,6722960
2026-02-05 17:00:00+00:00,1.33478832245,1.34086370468,1.29929316044,1.3080265522,7379056
2026-02-05 18:00:00+00:00,1.30775547028,1.31812465191,1.29617393017,1.31812465191,2429920
2026-02-05 19:00:00+00:00,1.31800341606,1.32003462315,1.29789662361,1.29789662361,100368
2026-02-05 20:00:00+00:00,1.29808533192,1.30239129066,1.24204397202,1.24883651733,19273984
2026-02-05 21:00:00+00:00,1.2480584383,1.27722215652,1.24573290348,1.2515938282,14634880
2026-02-05 22:00:00+00:00,1.25209701061,1.27645277977,1.24390351772,1.26941692829,9001632
2026-02-05 23:00:00+00:00,1.26921546459,1.28235673904,1.24408841133,1.24408841133,2478720
2026-02-06 00:00:00+00:00,1.24435472488,1.24617338181,1.13256776333,1.22859239578,62050848
2026-02-06 01:00:00+00:00,1.22856378555,1.26392686367,1.2280548811,1.26354598999,9012320
2026-02-06 02:00:00+00:00,1.26348638535,1.26863968372,1.23445928097,1.23713493347,0
2026-02-06 03:00:00+00:00,1.2372661829,1.24367463589,1.23068583012,1.23685932159,726976
2026-02-06 04:00:00+00:00,1.23719668388,1.25313150883,1.23411798477,1.25302171707,254592
2026-02-06 05:00:00+00:00,1.25295877457,1.29754281044,1.25268781185,1.29403328896,3014784
2026-02-06 06:00:00+00:00,1.29415690899,1.29748010635,1.27277731895,1.27279055119,1224384
2026-02-06 07:00:00+00:00,1.27192544937,1.27610754967,1.26139843464,1.27037489414,2723488
2026-02-06 08:00:00+00:00,1.27040195465,1.28164339066,1.2669044733,1.27320742607,8587104
2026-02-06 09:00:00+00:00,1.27324390411,1.30559313297,1.26971840858,1.30438017845,6119136
2026-02-06 10:00:00+00:00,1.30444812775,1.32203936577,1.30216670036,1.32203936577,3651968
2026-02-06 11:00:00+00:00,1.32210469246,1.32762467861,1.3217394352,1.32521617413,0
2026-02-06 12:00:00+00:00,1.32511532307,1.32511532307,1.31339108944,1.31945097446,0
2026-02-06 13:00:00+00:00,1.31964433193,1.33305966854,1.31964433193,1.32944715023,4905216
2026-02-06 14:00:00+00:00,1.32926940918,1.34853506088,1.31950962543,1.34110796452,0
2026-02-06 15:00:00+00:00,1.34296214581,1.35002660751,1.33686137199,1.348711133,0
2026-02-06 16:00:00+00:00,1.34860217571,1.38072776794,1.34700894356,1.37714648247,0
2026-02-06 17:00:00+00:00,1.37717938423,1.40363097191,1.37417829037,1.39067733288,0
2026-02-06 18:00:00+00:00,1.38892090321,1.38892090321,1.35615468025,1.36060416698,0
2026-02-06 19:00:00+00:00,1.36056220531,1.36424052715,1.34928059578,1.36392939091,0
2026-02-06 20:00:00+00:00,1.36385679245,1.36541652679,1.35231387615,1.3549695015,0
2026-02-06 21:00:00+00:00,1.35518062115,1.36437666416,1.35317635536,1.36437666416,0
2026-02-06 22:00:00+00:00,1.36430966854,1.38460171223,1.36430966854,1.38383483887,0
2026-02-06 23:00:00+00:00,1.38336408138,1.38384282589,1.36572933197,1.36679565907,0
2026-02-07 00:00:00+00:00,1.36680400372,1.36680400372,1.3468952179,1.35301578045,0
2026-02-07 01:00:00+00:00,1.35311841965,1.35982108116,1.34473073483,1.35936284065,0
2026-02-07 02:00:00+00:00,1.35928177834,1.36014032364,1.35435402393,1.35621321201,0
2026-02-07 03:00:00+00:00,1.35625076294,1.37833607197,1.35625076294,1.37674498558,0
2026-02-07 04:00:00+00:00,1.37679493427,1.38718724251,1.37431037426,1.37432277203,2818624
2026-02-07 05:00:00+00:00,1.37547755241,1.37713253498,1.36537635326,1.36571335793,0
2026-02-07 06:00:00+00:00,1.36600625515,1.36810958385,1.3523440361,1.3523440361,0
2026-02-07 07:00:00+00:00,1.35206580162,1.35206580162,1.32053899765,1.3329666853,2761424
2026-02-07 08:00:00+00:00,1.33284592628,1.34070372581,1.32931804657,1.33960258961,0
2026-02-07 09:00:00+00:00,1.33958911896,1.34135842323,1.33216798306,1.33313751221,0
2026-02-07 10:00:00+00:00,1.33257460594,1.33308470249,1.32476615906,1.32886338234,0
2026-02-07 11:00:00+00:00,1.32893407345,1.3299498558,1.32774162292,1.32922911644,0
2026-02-07 12:00:00+00:00,1.32908821106,1.36215293407,1.32908821106,1.35140812397,5443520
2026-02-07 13:00:00+00:00,1.35337758064,1.35337758064,1.34146273136,1.34328591824,0
2026-02-07 14:00:00+00:00,1.34337997437,1.34545052052,1.33084845543,1.3310662508,0
2026-02-07 15:00:00+00:00,1.33119893074,1.35695052147,1.33119893074,1.3525056839,0
2026-02-07 16:00:00+00:00,1.35265779495,1.38441216946,1.35265779495,1.36509442329,26346208
2026-02-07 17:00:00+00:00,1.3653242588,1.37489938736,1.36196863651,1.37133646011,0
2026-02-07 18:00:00+00:00,1.37134802341,1.38891625404,1.37134802341,1.38475239277,0
2026-02-07 19:00:00+00:00,1.38466572762,1.38466572762,1.37476027012,1.37477004528,0
2026-02-07 20:00:00+00:00,1.3748550415,1.38292765617,1.3748550415,1.38080477715,0
2026-02-07 21:00:00+00:00,1.38107430935,1.38338792324,1.37547075748,1.37556552887,0
2026-02-07 22:00:00+00:00,1.37559461594,1.37919235229,1.37529015541,1.37529015541,0
2026-02-07 23:00:00+00:00,1.37560045719,1.37604796886,1.36722803116,1.37225282192,0
2026-02-08 00:00:00+00:00,1.37224388123,1.37224388123,1.36463701725,1.36523759365,0
2026-02-08 01:00:00+00:00,1.36560416222,1.3710950613,1.36501145363,1.36563909054,0
2026-02-08 02:00:00+00:00,1.36574864388,1.36774921417,1.35748541355,1.35761201382,0
2026-02-08 03:00:00+00:00,1.35783469677,1.35951244831,1.35213196278,1.35216140747,0
2026-02-08 04:00:00+00:00,1.352206707,1.35445713997,1.34951114655,1.34957289696,0
2026-02-08 05:00:00+00:00,1.35002863407,1.3529446125,1.34578549862,1.34590196609,0
2026-02-08 06:00:00+00:00,1.34594023228,1.34773075581,1.3442748785,1.34478473663,0
2026-02-08 07:00:00+00:00,1.34488523006,1.34691810608,1.34200847149,1.34691810608,0
2026-02-08 08:00:00+00:00,1.34699308872,1.36897408962,1.34699308872,1.36897408962,1873048
2026-02-08 09:00:00+00:00,1.37041068077,1.37252104282,1.35788226128,1.36095964909,146256
2026-02-08 10:00:00+00:00,1.36096763611,1.36258411407,1.34894883633,1.35211730003,0
2026-02-08 11:00:00+00:00,1.35202217102,1.36942827702,1.35189723969,1.36750125885,2204360
2026-02-08 12:00:00+00:00,1.36768388748,1.36876380444,1.36100435257,1.36429607868,0
2026-02-08 13:00:00+00:00,1.36473846436,1.36509490013,1.35862803459,1.36215186119,1338304
2026-02-08 14:00:00+00:00,1.36218070984,1.36877000332,1.36175942421,1.36748695374,0
2026-02-08 15:00:00+00:00,1.36762773991,1.3688467741,1.35292351246,1.35587823391,0
2026-02-08 16:00:00+00:00,1.35588085651,1.35721945763,1.3289270401,1.33207941055,0
2026-02-08 17:00:00+00:00,1.33227479458,1.3436716795,1.33227479458,1.34235608578,0
2026-02-08 18:00:00+00:00,1.34243071079,1.35707271099,1.34243071079,1.35343253613,0
2026-02-08 19:00:00+00:00,1.35317265987,1.35818243027,1.35170853138,1.3581097126,0
2026-02-08 20:00:00+00:00,1.35811233521,1.35811233521,1.34229028225,1.34229028225,0
2026-02-08 21:00:00+00:00,1.3425194025,1.34401607513,1.33199608326,1.33295583725,0
2026-02-08 22:00:00+00:00,1.33363771439,1.33951425552,1.33363771439,1.33868324757,0
2026-02-08 23:00:00+00:00,1.3384963274,1.35917127132,1.32977592945,1.33708453178,4823816
2026-02-09 00:00:00+00:00,1.33720886707,1.3397539854,1.33171761036,1.33612596989,851336
2026-02-09 01:00:00+00:00,1.33635008335,1.34440720081,1.33084738255,1.33488798141,1923720
2026-02-09 02:00:00+00:00,1.33485555649,1.34571552277,1.33217287064,1.34130430222,682552
2026-02-09 03:00:00+00:00,1.34122002125,1.3477383852,1.33552062511,1.34677731991,1989552
2026-02-09 04:00:00+00:00,1.34689211845,1.34689211845,1.33186340332,1.33186340332,0
2026-02-09 05:00:00+00:00,1.33179330826,1.33359277248,1.32885873318,1.33176159859,0
2026-02-09 06:00:00+00:00,1.33167934418,1.33167934418,1.31909954548,1.32424438,1624112
2026-02-09 07:00:00+00:00,1.324229002,1.32431030273,1.31549751759,1.31796562672,686680
2026-02-09 08:00:00+00:00,1.31767642498,1.31892955303,1.30149948597,1.30796635151,0
2026-02-09 09:00:00+00:00,1.30715894699,1.30715894699,1.29698193073,1.29752576351,0
2026-02-09 10:00:00+00:00,1.29755663872,1.29795014858,1.27914738655,1.28260493279,2156688
2026-02-09 11:00:00+00:00,1.2826166153,1.29026651382,1.2826166153,1.28868091106,140208
2026-02-09 12:00:00+00:00,1.2888623476,1.29871988297,1.2888623476,1.29480791092,0
2026-02-09 13:00:00+00:00,1.29487717152,1.30151224136,1.29478061199,1.29478061199,0
2026-02-09 14:00:00+00:00,1.2945369482,1.3166435957,1.29224479198,1.316452384,5820920
2026-02-09 15:00:00+00:00,1.31676197052,1.32533538342,1.29287528992,1.3083255291,3962232
2026-02-09 16:00:00+00:00,1.30848240852,1.32498669624,1.30234646797,1.3201187849,1895336
2026-02-09 17:00:00+00:00,1.32005155087,1.34034645557,1.31486093998,1.33691489697,4343840
2026-02-09 18:00:00+00:00,1.3368383646,1.33977627754,1.32505273819,1.3310778141,1594888
2026-02-09 19:00:00+00:00,1.33108186722,1.33170866966,1.32615530491,1.33136999607,1736376
2026-02-09 20:00:00+00:00,1.33117985725,1.33138751984,1.31999742985,1.32544434071,1284656
2026-02-09 21:00:00+00:00,1.32662177086,1.32662177086,1.31147551537,1.32292091846,634352
2026-02-09 22:00:00+00:00,1.32318425179,1.32722663879,1.32318425179,1.32580649853,287120
2026-02-09 23:00:00+00:00,1.32584655285,1.32753384113,1.3185005188,1.31860411167,0
2026-02-10 00:00:00+00:00,1.31867432594,1.32125115395,1.31288599968,1.31396448612,0
2026-02-10 01:00:00+00:00,1.31417107582,1.32507121563,1.31416845322,1.32338392735,0
2026-02-10 02:00:00+00:00,1.32311177254,1.32311177254,1.31331026554,1.31370091438,0
2026-02-10 03:00:00+00:00,1.31377601624,1.31455135345,1.29426252842,1.29738724232,1485464
2026-02-10 04:00:00+00:00,1.29755043983,1.30812311172,1.29755043983,1.30812311172,0
2026-02-10 05:00:00+00:00,1.30807387829,1.30807387829,1.29366195202,1.29456341267,626224
2026-02-10 06:00:00+00:00,1.29451858997,1.29581987858,1.27449393272,1.27681183815,2717296
2026-02-10 07:00:00+00:00,1.27682936192,1.28575992584,1.27682936192,1.28204035759,424208
2026-02-10 08:00:00+00:00,1.28209710121,1.28607857227,1.28031790257,1.28606367111,0
2026-02-10 09:00:00+00:00,1.28600406647,1.29073083401,1.28051674366,1.28051674366,773944
2026-02-10 10:00:00+00:00,1.28042054176,1.28042054176,1.27186644077,1.27257514,0
2026-02-10 11:00:00+00:00,1.27251219749,1.27668821812,1.27145349979,1.27145349979,0
2026-02-10 12:00:00+00:00,1.2717795372,1.27473151684,1.26817905903,1.26817905903,0
2026-02-10 13:00:00+00:00,1.26817131042,1.27307057381,1.26637434959,1.27157151699,206600
2026-02-10 14:00:00+00:00,1.27156996727,1.28073000908,1.26876473427,1.27497029305,0
2026-02-10 15:00:00+00:00,1.27514624596,1.28685331345,1.27293431759,1.28199076653,0
2026-02-10 16:00:00+00:00,1.28316056728,1.28316056728,1.27446329594,1.27637124062,0
2026-02-10 17:00:00+00:00,1.27674484253,1.28429067135,1.27372300625,1.28117120266,0
2026-02-10 18:00:00+00:00,1.28273057938,1.28274250031,1.2688729763,1.2719925642,0
2026-02-10 19:00:00+00:00,1.27200341225,1.27785873413,1.26852476597,1.27220797539,0
2026-02-10 20:00:00+00:00,1.2722799778,1.2772269249,1.27021932602,1.27563595772,0
2026-02-10 21:00:00+00:00,1.27563107014,1.27736020088,1.27076375484,1.27386534214,0
2026-02-10 22:00:00+00:00,1.27409100533,1.28231310844,1.27409100533,1.27865636349,0
2026-02-10 23:00:00+00:00,1.27849054337,1.28330683708,1.27717554569,1.28227925301,120
2026-02-11 00:00:00+00:00,1.28220593929,1.28654873371,1.28220593929,1.28514683247,634048
2026-02-11 01:00:00+00:00,1.28512597084,1.28659892082,1.28390431404,1.28656446934,0
2026-02-11 02:00:00+00:00,1.28694224358,1.29040050507,1.28111147881,1.28111147881,106176
2026-02-11 03:00:00+00:00,1.28100943565,1.28164196014,1.26955354214,1.27691733837,0
2026-02-11 04:00:00+00:00,1.27677130699,1.27677130699,1.25617969036,1.25617969036,2693576
2026-02-11 05:00:00+00:00,1.25626456738,1.25997292995,1.25427997112,1.25463080406,0
2026-02-11 06:00:00+00:00,1.25445973873,1.25493526459,1.2414265871,1.24212169647,0
2026-02-11 07:00:00+00:00,1.24236631393,1.24307918549,1.23966228962,1.24118292332,0
2026-02-11 08:00:00+00:00,1.24105966091,1.24105966091,1.23487079144,1.23712444305,56664
2026-02-11 09:00:00+00:00,1.23723101616,1.24137854576,1.23510861397,1.23568153381,0
2026-02-11 10:00:00+00:00,1.23556888103,1.23556888103,1.22950434685,1.23081552982,2682496
2026-02-11 11:00:00+00:00,1.230946064,1.24142515659,1.230946064,1.24142515659,0
2026-02-11 12:00:00+00:00,1.24130225182,1.2413880825,1.23410141468,1.23651957512,1388664
2026-02-11 13:00:00+00:00,1.23659276962,1.24759638309,1.23309922218,1.24634754658,3599200
2026-02-11 14:00:00+00:00,1.24648880959,1.29336464405,1.24320435524,1.24328327179,7431768
2026-02-11 15:00:00+00:00,1.24332690239,1.24332690239,1.22873306274,1.23780238628,4327240
2026-02-11 16:00:00+00:00,1.23773956299,1.2576726675,1.23750305176,1.23766696453,2487552
2026-02-11 17:00:00+00:00,1.23745238781,1.25981616974,1.23690843582,1.25560450554,2366472
2026-02-11 18:00:00+00:00,1.25532615185,1.26510608196,1.24596643448,1.26404607296,157336
2026-02-11 19:00:00+00:00,1.26412928104,1.26682388783,1.25875782967,1.25927174091,1161760
2026-02-11 20:00:00+00:00,1.2593306303,1.26160168648,1.2510920763,1.26126098633,853104
2026-02-11 21:00:00+00:00,1.26122093201,1.27891147137,1.26122093201,1.27617144585,3447504
2026-02-11 22:00:00+00:00,1.27613770962,1.27862238884,1.2598580122,1.25986111164,1692944
2026-02-11 23:00:00+00:00,1.25982952118,1.26094484329,1.2491761446,1.25461494923,2744352
2026-02-12 00:00:00+00:00,1.25456678867,1.26879441738,1.25456678867,1.26766085625,1792072
2026-02-12 01:00:00+00:00,1.2674908638,1.27576839924,1.26655828953,1.27146911621,741744
2026-02-12 02:00:00+00:00,1.27144217491,1.28008019924,1.27000665665,1.27725791931,946688
2026-02-12 03:00:00+00:00,1.27718281746,1.27976632118,1.27609884739,1.27932059765,0
2026-02-12 04:00:00+00:00,1.27939844131,1.28402268887,1.27713918686,1.27903306484,0
2026-02-12 05:00:00+00:00,1.27888202667,1.28188514709,1.27190876007,1.28188514709,0
2026-02-12 06:00:00+00:00,1.28189587593,1.29129183292,1.28189587593,1.28656721115,0
2026-02-12 07:00:00+00:00,1.28651797771,1.28935992718,1.2819442749,1.28935992718,0
2026-02-12 08:00:00+00:00,1.28931331635,1.29041421413,1.28340661526,1.28757929802,0
2026-02-12 09:00:00+00:00,1.28710448742,1.29155933857,1.28485405445,1.29120707512,1688360
2026-02-12 10:00:00+00:00,1.29135119915,1.29747486115,1.28672683239,1.29747486115,0
2026-02-12 11:00:00+00:00,1.29795527458,1.30137133598,1.29495608807,1.29599666595,1432328
2026-02-12 12:00:00+00:00,1.2961050272,1.29618835449,1.28269052505,1.28269052505,0
2026-02-12 13:00:00+00:00,1.28276956081,1.29244852066,1.2789106369,1.29244852066,0
2026-02-12 14:00:00+00:00,1.29236114025,1.29322171211,1.28313708305,1.29141104221,0
2026-02-12 15:00:00+00:00,1.29120743275,1.29608428478,1.27804720402,1.27804720402,0
2026-02-12 16:00:00+00:00,1.27788174152,1.27788174152,1.25152862072,1.25400209427,719168
2026-02-12 17:00:00+00:00,1.25389552116,1.265204072,1.25389552116,1.25724041462,0
2026-02-12 18:00:00+00:00,1.25700986385,1.26768052578,1.25680887699,1.26768052578,0
2026-02-12 19:00:00+00:00,1.26730489731,1.28329765797,1.26297807693,1.27247691154,693296
2026-02-12 20:00:00+00:00,1.27241885662,1.27241885662,1.25800061226,1.25806832314,0
2026-02-12 21:00:00+00:00,1.25819432735,1.26541304588,1.25819432735,1.26378464699,0
2026-02-12 22:00:00+00:00,1.26381027699,1.27637732029,1.26238334179,1.27541041374,0
2026-02-12 23:00:00+00:00,1.27556180954,1.28159594536,1.27556180954,1.28151977062,58008
2026-02-13 00:00:00+00:00,1.28135895729,1.28598797321,1.27287733555,1.2768535614,0
2026-02-13 01:00:00+00:00,1.27683389187,1.27851057053,1.27300810814,1.27313053608,1310528
2026-02-13 02:00:00+00:00,1.27316176891,1.27408993244,1.26901614666,1.27407181263,0
2026-02-13 03:00:00+00:00,1.27391648293,1.27391648293,1.26778888702,1.26986396313,10216
2026-02-13 04:00:00+00:00,1.26992189884,1.2702537775,1.26465070248,1.26540005207,0
2026-02-13 05:00:00+00:00,1.26548397541,1.26548397541,1.25791180134,1.25846898556,0
2026-02-13 06:00:00+00:00,1.25842010975,1.26602077484,1.25239181519,1.26602077484,831232
2026-02-13 07:00:00+00:00,1.26594769955,1.27164793015,1.26532316208,1.26811420918,616032
2026-02-13 08:00:00+00:00,1.26834416389,1.27851855755,1.26642608643,1.2774065733,0
2026-02-13 09:00:00+00:00,1.27732622623,1.27732622623,1.27314543724,1.27676427364,0
2026-02-13 10:00:00+00:00,1.27679014206,1.28280746937,1.27478325367,1.28020274639,0
2026-02-13 11:00:00+00:00,1.28011953831,1.28011953831,1.2759963274,1.27760803699,0
2026-02-13 12:00:00+00:00,1.2775812149,1.2775812149,1.27090513706,1.27518224716,0
2026-02-13 13:00:00+00:00,1.27511394024,1.28453266621,1.27331805229,1.284106493,0
2026-02-13 14:00:00+00:00,1.28318405151,1.29480326176,1.277328372,1.28743970394,2483144
2026-02-13 15:00:00+00:00,1.28879833221,1.32232761383,1.28854382038,1.30359983444,4783680
2026-02-13 16:00:00+00:00,1.30362856388,1.33077323437,1.30362856388,1.32795774937,0
2026-02-13 17:00:00+00:00,1.32762503624,1.32762503624,1.32021200657,1.32143354416,0
2026-02-13 18:00:00+00:00,1.32135343552,1.3220089674,1.31542563438,1.32086968422,0
2026-02-13 19:00:00+00:00,1.32083165646,1.32413423061,1.31821393967,1.32282686234,0
2026-02-13 20:00:00+00:00,1.32280528545,1.32741355896,1.32089626789,1.3254404068,169664
2026-02-13 21:00:00+00:00,1.32672286034,1.33545076847,1.32672286034,1.33051633835,0
2026-02-13 22:00:00+00:00,1.33209896088,1.33818256855,1.33098685741,1.33112001419,1076336
2026-02-13 23:00:00+00:00,1.33122861385,1.33122861385,1.32649922371,1.32937753201,8088
2026-02-14 00:00:00+00:00,1.32946789265,1.34022164345,1.32946789265,1.34018528461,596384
2026-02-14 01:00:00+00:00,1.3402159214,1.34844112396,1.33976280689,1.34629511833,0
2026-02-14 02:00:00+00:00,1.34640514851,1.34681129456,1.34168922901,1.34172940254,0
2026-02-14 03:00:00+00:00,1.34179711342,1.34667885303,1.34161758423,1.34543669224,1928
2026-02-14 04:00:00+00:00,1.34546136856,1.34616112709,1.34322190285,1.3459239006,0
2026-02-14 05:00:00+00:00,1.34587061405,1.34882295132,1.3438283205,1.34385490417,0
2026-02-14 06:00:00+00:00,1.34384715557,1.34532821178,1.339630723,1.34532821178,0
2026-02-14 07:00:00+00:00,1.34530556202,1.35140752792,1.34513509274,1.3452154398,797248
2026-02-14 08:00:00+00:00,1.34522008896,1.36128985882,1.34522008896,1.36116564274,2700032
2026-02-14 09:00:00+00:00,1.36123752594,1.36564779282,1.36123752594,1.365260005,1240352
2026-02-14 10:00:00+00:00,1.36522233486,1.36522233486,1.35734713078,1.3574898243,0
2026-02-14 11:00:00+00:00,1.35754919052,1.37216353416,1.35754919052,1.37088286877,2968000
2026-02-14 12:00:00+00:00,1.37035107613,1.37340986729,1.36679875851,1.36778831482,1802240
2026-02-14 13:00:00+00:00,1.36609017849,1.36699092388,1.36172842979,1.36619699001,235928
2026-02-14 14:00:00+00:00,1.36621856689,1.38934671879,1.36621856689,1.38923025131,0
2026-02-14 15:00:00+00:00,1.39045715332,1.39481544495,1.38635516167,1.39481544495,0
2026-02-14 16:00:00+00:00,1.39545989037,1.40629577637,1.39022302628,1.40619969368,0
2026-02-14 17:00:00+00:00,1.4061384201,1.41292321682,1.40165650845,1.40221607685,216528
2026-02-14 18:00:00+00:00,1.40215706825,1.41567099094,1.40176844597,1.4141882658,0
2026-02-14 19:00:00+00:00,1.41415929794,1.429448843,1.41411328316,1.42750883102,1949928
2026-02-14 20:00:00+00:00,1.42725253105,1.42908501625,1.41324031353,1.41577863693,1241008
2026-02-14 21:00:00+00:00,1.41619050503,1.43150532246,1.41493821144,1.4191865921,2953720
2026-02-14 22:00:00+00:00,1.41919851303,1.43626332283,1.41842210293,1.43176007271,0
2026-02-14 23:00:00+00:00,1.43156278133,1.43156278133,1.41985619068,1.42106103897,345768
2026-02-15 00:00:00+00:00,1.42101407051,1.42152929306,1.41040551662,1.41476643085,0
2026-02-15 01:00:00+00:00,1.41452145576,1.42250800133,1.40715742111,1.41386258602,0
2026-02-15 02:00:00+00:00,1.41407299042,1.41725921631,1.4024964571,1.41086542606,2540576
2026-02-15 03:00:00+00:00,1.41086471081,1.41480886936,1.39554810524,1.41480886936,4332136
2026-02-15 04:00:00+00:00,1.4149364233,1.43183076382,1.4149364233,1.41587769985,5419912
2026-02-15 05:00:00+00:00,1.41596353054,1.42822158337,1.41596353054,1.42553114891,1642728
2026-02-15 06:00:00+00:00,1.42545080185,1.42760288715,1.4185000658,1.42153871059,929744
2026-02-15 07:00:00+00:00,1.4216145277,1.43441224098,1.4216145277,1.43177545071,148568
2026-02-15 08:00:00+00:00,1.4318959713,1.43668448925,1.40855884552,1.41186392307,0
2026-02-15 09:00:00+00:00,1.41195595264,1.4198807478,1.41195595264,1.41608548164,0
2026-02-15 10:00:00+00:00,1.41608989239,1.41608989239,1.39937770367,1.40731179714,1259848
2026-02-15 11:00:00+00:00,1.40724074841,1.41157114506,1.40281009674,1.40281009674,0
2026-02-15 12:00:00+00:00,1.40287148952,1.40287148952,1.36967849731,1.36967849731,2035240
2026-02-15 13:00:00+00:00,1.36886012554,1.37375640869,1.35253369808,1.35517239571,5302144
2026-02-15 14:00:00+00:00,1.35489213467,1.36848175526,1.35489213467,1.36827254295,914088
2026-02-15 15:00:00+00:00,1.36833107471,1.37176561356,1.36504876614,1.36632966995,113720
2026-02-15 16:00:00+00:00,1.36629259586,1.36629259586,1.35841560364,1.36306464672,0
2026-02-15 17:00:00+00:00,1.36303281784,1.36461949348,1.34125697613,1.34463620186,1684040
2026-02-15 18:00:00+00:00,1.34475851059,1.34736669064,1.33511805534,1.33530390263,2581384
2026-02-15 19:00:00+00:00,1.33689272404,1.34607601166,1.3322865963,1.33952701092,1319296
2026-02-15 20:00:00+00:00,1.33941364288,1.35017549992,1.33632171154,1.34823799133,0
2026-02-15 21:00:00+00:00,1.34865903854,1.35453474522,1.34865903854,1.35115265846,0
2026-02-15 22:00:00+00:00,1.35091209412,1.35629808903,1.34963333607,1.35581564903,0
2026-02-15 23:00:00+00:00,1.35585975647,1.35706543922,1.34525954723,1.35678851604,177224
2026-02-16 00:00:00+00:00,1.35674083233,1.36355805397,1.35550570488,1.35826170444,170352
2026-02-16 01:00:00+00:00,1.35818040371,1.36171627045,1.35200190544,1.3533064127,0
2026-02-16 02:00:00+00:00,1.35328793526,1.35695159435,1.34839940071,1.34861433506,0
2026-02-16 03:00:00+00:00,1.34855532646,1.3533731699,1.34855532646,1.35319244862,0
2026-02-16 04:00:00+00:00,1.35321354866,1.36458837986,1.35315585136,1.36458837986,0
2026-02-16 05:00:00+00:00,1.36476516724,1.36688792706,1.34254479408,1.34430992603,449480
2026-02-16 06:00:00+00:00,1.34442102909,1.35880088806,1.34442102909,1.35542356968,0
2026-02-16 07:00:00+00:00,1.3554289341,1.35740363598,1.34943223,1.35075068474,0
2026-02-16 08:00:00+00:00,1.35070335865,1.3580892086,1.35048305988,1.35684585571,0
2026-02-16 09:00:00+00:00,1.35676419735,1.36469805241,1.35549902916,1.36286771297,359928
2026-02-16 10:00:00+00:00,1.3628757,1.3628757,1.35811603069,1.35970115662,0
2026-02-16 11:00:00+00:00,1.35974097252,1.36002528667,1.34334206581,1.35623168945,1400088
2026-02-16 12:00:00+00:00,1.35624659061,1.38025999069,1.35525405407,1.38025999069,0
2026-02-16 13:00:00+00:00,1.38023841381,1.38525593281,1.35325157642,1.35352396965,0
2026-02-16 14:00:00+00:00,1.35344743729,1.36352229118,1.35072815418,1.36096644402,976568
2026-02-16 15:00:00+00:00,1.36083984375,1.3658926487,1.33678627014,1.34020793438,1747608
2026-02-16 16:00:00+00:00,1.34031355381,1.35320866108,1.33999109268,1.3492732048,1890888
2026-02-16 17:00:00+00:00,1.34928405285,1.35312736034,1.34375965595,1.34918224812,0
2026-02-16 18:00:00+00:00,1.34915459156,1.35556149483,1.34850668907,1.35115158558,0
2026-02-16 19:00:00+00:00,1.35112392902,1.36042511463,1.34897696972,1.35788822174,0
2026-02-16 20:00:00+00:00,1.35778617859,1.36837661266,1.35433316231,1.36757540703,0
2026-02-16 21:00:00+00:00,1.36762535572,1.37519061565,1.36582040787,1.37519061565,356184
2026-02-16 22:00:00+00:00,1.37534403801,1.38100004196,1.37365758419,1.37652873993,2800080
2026-02-16 23:00:00+00:00,1.37645828724,1.37673377991,1.37434637547,1.37556314468,1568
2026-02-17 00:00:00+00:00,1.37553060055,1.37729096413,1.37046146393,1.37046146393,0
2026-02-17 01:00:00+00:00,1.37043774128,1.37422132492,1.3659080267,1.36612033844,0
2026-02-17 02:00:00+00:00,1.36594235897,1.3757622242,1.36178946495,1.3757622242,826232
2026-02-17 03:00:00+00:00,1.3752092123,1.37528061867,1.3687633276,1.37447011471,158552
2026-02-17 04:00:00+00:00,1.37441277504,1.37815535069,1.37092208862,1.3765887022,400888
2026-02-17 05:00:00+00:00,1.37671947479,1.37716436386,1.36381947994,1.36954307556,0
2026-02-17 06:00:00+00:00,1.3695255518,1.37559914589,1.3695255518,1.37559914589,0
2026-02-17 07:00:00+00:00,1.37560880184,1.37832129002,1.37257361412,1.37652349472,0
2026-02-17 08:00:00+00:00,1.37601161003,1.37601161003,1.36355638504,1.36355638504,1061096
2026-02-17 09:00:00+00:00,1.36361265182,1.36389183998,1.35672438145,1.36183047295,0
2026-02-17 10:00:00+00:00,1.36134493351,1.36197638512,1.35275316238,1.35514354706,0
2026-02-17 11:00:00+00:00,1.35520374775,1.36298847198,1.35520374775,1.3618503809,0
2026-02-17 12:00:00+00:00,1.36190390587,1.36462140083,1.36050188541,1.36050188541,0
2026-02-17 13:00:00+00:00,1.36039745808,1.37437725067,1.35795652866,1.37367784977,0
2026-02-17 14:00:00+00:00,1.37351059914,1.37351059914,1.34149742126,1.3451128006,1490432
2026-02-17 15:00:00+00:00,1.34478807449,1.35712754726,1.3438565731,1.35625755787,0
2026-02-17 16:00:00+00:00,1.35654902458,1.37602984905,1.35654902458,1.36901426315,1755752
2026-02-17 17:00:00+00:00,1.36878728867,1.36878728867,1.34636878967,1.34868919849,1299784
2026-02-17 18:00:00+00:00,1.34872543812,1.37165272236,1.34872543812,1.37037420273,2234792
2026-02-17 19:00:00+00:00,1.37005317211,1.37005317211,1.35929059982,1.35952329636,1518376
2026-02-17 20:00:00+00:00,1.35846960545,1.35900068283,1.35231339931,1.35371541977,209784
2026-02-17 21:00:00+00:00,1.35372304916,1.35807490349,1.34949231148,1.35210394859,1141664
2026-02-17 22:00:00+00:00,1.35218012333,1.35296416283,1.34638369083,1.34653782845,0
2026-02-17 23:00:00+00:00,1.34669673443,1.34792387486,1.3444558382,1.34645950794,142488
2026-02-18 00:00:00+00:00,1.34646630287,1.34686887264,1.33828508854,1.33828508854,168832
2026-02-18 01:00:00+00:00,1.3383333683,1.34475183487,1.3383333683,1.34475183487,2277456
2026-02-18 02:00:00+00:00,1.3447624445,1.35690438747,1.3447624445,1.35449934006,0
2026-02-18 03:00:00+00:00,1.35448527336,1.35828769207,1.35419905186,1.35734117031,0
2026-02-18 04:00:00+00:00,1.35717153549,1.35723936558,1.3508503437,1.35138118267,443320
2026-02-18 05:00:00+00:00,1.35147249699,1.35442078114,1.35048401356,1.35307836533,0
2026-02-18 06:00:00+00:00,1.35302376747,1.35685133934,1.35268771648,1.35298895836,0
2026-02-18 07:00:00+00:00,1.35210192204,1.36094486713,1.35119056702,1.35996675491,0
2026-02-18 08:00:00+00:00,1.3598626852,1.36490476131,1.35874199867,1.35878407955,0
2026-02-18 09:00:00+00:00,1.35894811153,1.36112642288,1.35736954212,1.35739910603,0
2026-02-18 10:00:00+00:00,1.35731446743,1.36092674732,1.35247671604,1.3525891304,283520
2026-02-18 11:00:00+00:00,1.35261833668,1.35357487202,1.34352886677,1.34891498089,1404728
2026-02-18 12:00:00+00:00,1.34677302837,1.34951746464,1.34414815903,1.34738767147,134312
2026-02-18 13:00:00+00:00,1.34734487534,1.34734487534,1.33681797981,1.33835077286,0
2026-02-18 14:00:00+00:00,1.33925306797,1.34307181835,1.3359670639,1.34307181835,0
2026-02-18 15:00:00+00:00,1.34258472919,1.3694396019,1.34258472919,1.35813355446,494512
2026-02-18 16:00:00+00:00,1.35805881023,1.35805881023,1.33737289906,1.33737289906,0
2026-02-18 17:00:00+00:00,1.33761465549,1.34934794903,1.33746278286,1.33749306202,0
2026-02-18 18:00:00+00:00,1.33748066425,1.33893156052,1.3197773695,1.32126390934,1407064
2026-02-18 19:00:00+00:00,1.31930732727,1.32227611542,1.30622339249,1.30844414234,1292400
2026-02-18 20:00:00+00:00,1.30898809433,1.31720721722,1.30777108669,1.31211233139,862512
2026-02-18 21:00:00+00:00,1.31131076813,1.31295001507,1.30765759945,1.30795907974,0
2026-02-18 22:00:00+00:00,1.30798375607,1.30887579918,1.30198013783,1.30728423595,555512
2026-02-18 23:00:00+00:00,1.30728268623,1.3109152317,1.30468142033,1.31088769436,0
2026-02-19 00:00:00+00:00,1.31086599827,1.31239306927,1.3059438467,1.30595946312,385768
2026-02-19 01:00:00+00:00,1.30595731735,1.31872522831,1.30595731735,1.31872522831,0
2026-02-19 02:00:00+00:00,1.31877982616,1.31947088242,1.31325125694,1.31417346001,0
2026-02-19 03:00:00+00:00,1.31493246555,1.31650459766,1.31104075909,1.31608116627,813048
2026-02-19 04:00:00+00:00,1.31619620323,1.3182451725,1.31460022926,1.3150165081,0
2026-02-19 05:00:00+00:00,1.31485116482,1.31485116482,1.30540645123,1.30799627304,380384
2026-02-19 06:00:00+00:00,1.30779397488,1.31442582607,1.30777955055,1.31207954884,973488
2026-02-19 07:00:00+00:00,1.31201982498,1.31276869774,1.30864143372,1.30903172493,975752
2026-02-19 08:00:00+00:00,1.30904793739,1.30922925472,1.29127430916,1.29379427433,1374712
2026-02-19 09:00:00+00:00,1.29384744167,1.30276405811,1.29384744167,1.29918289185,1203240
2026-02-19 10:00:00+00:00,1.29913759232,1.29913759232,1.2922629118,1.29279184341,1394856
2026-02-19 11:00:00+00:00,1.2928057909,1.29544460773,1.29199182987,1.29202961922,0
2026-02-19 12:00:00+00:00,1.2921359539,1.29501080513,1.29020369053,1.29068136215,0
2026-02-19 13:00:00+00:00,1.29067420959,1.29067420959,1.27347350121,1.27595388889,1387152
2026-02-19 14:00:00+00:00,1.27590882778,1.28713476658,1.27281498909,1.28670597076,1474504
2026-02-19 15:00:00+00:00,1.28428792953,1.28660571575,1.27169132233,1.2718347311,0
2026-02-19 16:00:00+00:00,1.272138834,1.27466905117,1.2655107975,1.27094173431,0
2026-02-19 17:00:00+00:00,1.2708915472,1.28598630428,1.26748168468,1.26909506321,0
2026-02-19 18:00:00+00:00,1.26950609684,1.28804922104,1.26950609684,1.28559446335,0
2026-02-19 19:00:00+00:00,1.2857735157,1.2857735157,1.27418553829,1.28095602989,0
2026-02-19 20:00:00+00:00,1.28095686436,1.28257477283,1.27910411358,1.28142130375,0
2026-02-19 21:00:00+00:00,1.28138673306,1.28316116333,1.28069937229,1.28069937229,0
2026-02-19 22:00:00+00:00,1.28056561947,1.28278386593,1.27622008324,1.28278386593,0
2026-02-19 23:00:00+00:00,1.28287470341,1.28688812256,1.28267836571,1.28608644009,1776
2026-02-20 00:00:00+00:00,1.28613126278,1.2953774929,1.28510856628,1.29525029659,0
2026-02-20 01:00:00+00:00,1.29528510571,1.29583704472,1.29137659073,1.29175019264,0
2026-02-20 02:00:00+00:00,1.29194307327,1.29531860352,1.2891356945,1.28917455673,231432
2026-02-20 03:00:00+00:00,1.28910005093,1.29205775261,1.2860943079,1.2890021801,0
2026-02-20 04:00:00+00:00,1.28884661198,1.28884661198,1.27700722218,1.28156793118,1425544
2026-02-20 05:00:00+00:00,1.28165197372,1.29715657234,1.27912819386,1.29510986805,878960
2026-02-20 06:00:00+00:00,1.29516649246,1.29772973061,1.29151988029,1.29772973061,227056
2026-02-20 07:00:00+00:00,1.29771625996,1.29909312725,1.29652178288,1.29656493664,0
2026-02-20 08:00:00+00:00,1.29664778709,1.30164349079,1.29664778709,1.30113637447,0
2026-02-20 09:00:00+00:00,1.30108010769,1.30950331688,1.3006156683,1.30849826336,0
2026-02-20 10:00:00+00:00,1.30857181549,1.31461298466,1.30609548092,1.30609548092,0
2026-02-20 11:00:00+00:00,1.30609619617,1.30609619617,1.29420769215,1.29705989361,164344
2026-02-20 12:00:00+00:00,1.29685246944,1.29844295979,1.29624080658,1.29825508595,1198608
2026-02-20 13:00:00+00:00,1.29828155041,1.29871606827,1.27760541439,1.28584682941,1416728
2026-02-20 14:00:00+00:00,1.2848328352,1.30564796925,1.28475356102,1.30410039425,384888
2026-02-20 15:00:00+00:00,1.30405628681,1.34773528576,1.30405628681,1.34630131721,12171760
2026-02-20 16:00:00+00:00,1.34640228748,1.36123967171,1.33808577061,1.3492718935,5748384
2026-02-20 17:00:00+00:00,1.34965074062,1.34980225563,1.31839835644,1.34979581833,8847552
2026-02-20 18:00:00+00:00,1.35044538975,1.35044538975,1.34026432037,1.3413413763,6433360
2026-02-20 19:00:00+00:00,1.34106743336,1.34286367893,1.33239424229,1.33462226391,540968
2026-02-20 20:00:00+00:00,1.33473443985,1.33827853203,1.32877779007,1.33318650723,243536
2026-02-20 21:00:00+00:00,1.33333861828,1.3396807909,1.33333861828,1.33828127384,665336
2026-02-20 22:00:00+00:00,1.33820056915,1.33997559547,1.33205914497,1.33995866776,875864
2026-02-20 23:00:00+00:00,1.3421305418,1.34231364727,1.33634924889,1.34135305882,260968
2026-02-21 00:00:00+00:00,1.34130847454,1.3435049057,1.32969748974,1.32973062992,0
2026-02-21 01:00:00+00:00,1.32974481583,1.33251869678,1.32905507088,1.33220970631,0
2026-02-21 02:00:00+00:00,1.33305692673,1.34230399132,1.33266091347,1.34181118011,0
2026-02-21 03:00:00+00:00,1.34167194366,1.34167194366,1.33491325378,1.33849155903,679632
2026-02-21 04:00:00+00:00,1.33861148357,1.34411251545,1.3378456831,1.34411251545,0
2026-02-21 05:00:00+00:00,1.34407329559,1.36171841621,1.34407329559,1.35992836952,1776192
2026-02-21 06:00:00+00:00,1.36002004147,1.36079108715,1.35050916672,1.35117435455,0
2026-02-21 07:00:00+00:00,1.35114789009,1.35439729691,1.34977698326,1.35348367691,0
2026-02-21 08:00:00+00:00,1.35482263565,1.36912584305,1.35154044628,1.36912584305,1593784
2026-02-21 09:00:00+00:00,1.37137305737,1.39197027683,1.37129068375,1.38094687462,6620464
2026-02-21 10:00:00+00:00,1.38088011742,1.39246320724,1.38051426411,1.38712465763,1736544
2026-02-21 11:00:00+00:00,1.38722872734,1.39462864399,1.38477540016,1.3847899437,281968
2026-02-21 12:00:00+00:00,1.38494348526,1.3916233778,1.37417757511,1.37456536293,1013584
2026-02-21 13:00:00+00:00,1.3747895956,1.38014757633,1.3747895956,1.38014757633,0
2026-02-21 14:00:00+00:00,1.38024568558,1.38559675217,1.37866020203,1.37866020203,0
2026-02-21 15:00:00+00:00,1.378292799,1.378292799,1.3738079071,1.3738079071,0
2026-02-21 16:00:00+00:00,1.37369096279,1.37369096279,1.36072671413,1.36072671413,0
2026-02-21 17:00:00+00:00,1.36070168018,1.36180078983,1.35834085941,1.36165082455,0
2026-02-21 18:00:00+00:00,1.36156642437,1.36550438404,1.36007368565,1.36550438404,0
2026-02-21 19:00:00+00:00,1.3656232357,1.36634302139,1.3612486124,1.3621134758,0
2026-02-21 20:00:00+00:00,1.36205780506,1.3633787632,1.35571479797,1.35576319695,0
2026-02-21 21:00:00+00:00,1.35444653034,1.35971152782,1.35437440872,1.35971152782,0
2026-02-21 22:00:00+00:00,1.36032998562,1.36087334156,1.35843837261,1.35864019394,0
2026-02-21 23:00:00+00:00,1.35847139359,1.36102974415,1.35592138767,1.35888671875,26544
2026-02-22 00:00:00+00:00,1.3588436842,1.36083948612,1.35509538651,1.35727155209,1610176
2026-02-22 01:00:00+00:00,1.3576259613,1.36328077316,1.3576259613,1.36257457733,200720
2026-02-22 02:00:00+00:00,1.36255967617,1.36447370052,1.35279464722,1.35279464722,4236912
2026-02-22 03:00:00+00:00,1.35055172443,1.35462796688,1.34776091576,1.35462796688,1476464
2026-02-22 04:00:00+00:00,1.3542547226,1.35474312305,1.34423947334,1.34619259834,0
2026-02-22 05:00:00+00:00,1.34554231167,1.34633827209,1.33696043491,1.33758187294,0
2026-02-22 06:00:00+00:00,1.33812570572,1.34066462517,1.3360273838,1.34066462517,500552
2026-02-22 07:00:00+00:00,1.34069216251,1.34492146969,1.34055542946,1.34240090847,0
2026-02-22 08:00:00+00:00,1.34242510796,1.34247386456,1.32563233376,1.32563233376,0
2026-02-22 09:00:00+00:00,1.32546961308,1.33392512798,1.32509088516,1.33392512798,0
2026-02-22 10:00:00+00:00,1.33485305309,1.34009611607,1.33457279205,1.33916926384,0
2026-02-22 11:00:00+00:00,1.33963263035,1.34095883369,1.3316873312,1.33411622047,0
2026-02-22 12:00:00+00:00,1.33410787582,1.33410787582,1.32104766369,1.32255780697,0
2026-02-22 13:00:00+00:00,1.32258069515,1.3230394125,1.31889665127,1.32018363476,0
2026-02-22 14:00:00+00:00,1.32029247284,1.32029247284,1.31338703632,1.3146468401,0
2026-02-22 15:00:00+00:00,1.31469166279,1.32184398174,1.31067144871,1.32184398174,0
2026-02-22 16:00:00+00:00,1.32166337967,1.32166337967,1.31399846077,1.31865596771,0
2026-02-22 17:00:00+00:00,1.31866276264,1.32035768032,1.30974316597,1.31236898899,0
2026-02-22 18:00:00+00:00,1.31284987926,1.3130235672,1.30843830109,1.31295263767,123688
2026-02-22 19:00:00+00:00,1.3129645586,1.31298458576,1.30658614635,1.31000745296,0
2026-02-22 20:00:00+00:00,1.31069457531,1.31129968166,1.30634701252,1.30634701252,0
2026-02-22 21:00:00+00:00,1.30658960342,1.30923163891,1.30472683907,1.3088619709,0
2026-02-22 22:00:00+00:00,1.30898320675,1.31578612328,1.30898320675,1.31440532207,0
2026-02-22 23:00:00+00:00,1.31406521797,1.31406521797,1.30689108372,1.31217229366,0
2026-02-23 00:00:00+00:00,1.31203210354,1.31207430363,1.29801058769,1.29801058769,280432
2026-02-23 01:00:00+00:00,1.29710996151,1.29710996151,1.24584233761,1.24945950508,18975240
2026-02-23 02:00:00+00:00,1.2482060194,1.25165390968,1.2437056303,1.25001907349,241552
2026-02-23 03:00:00+00:00,1.25004661083,1.25877952576,1.24828898907,1.2586928606,0
2026-02-23 04:00:00+00:00,1.25827085972,1.25827085972,1.24951350689,1.25108027458,1065728
2026-02-23 05:00:00+00:00,1.25111663342,1.25915896893,1.25107550621,1.25497913361,965264
2026-02-23 06:00:00+00:00,1.25507187843,1.27425193787,1.25501585007,1.27425193787,424040
2026-02-23 07:00:00+00:00,1.27432668209,1.27611935139,1.26954460144,1.27340567112,1356136
2026-02-23 08:00:00+00:00,1.27322208881,1.27386379242,1.27013063431,1.27161717415,157072
2026-02-23 09:00:00+00:00,1.27162396908,1.2959523201,1.27162396908,1.29550695419,3065968
2026-02-23 10:00:00+00:00,1.29534137249,1.29547774792,1.28851866722,1.29122972488,1696520
2026-02-23 11:00:00+00:00,1.29049241543,1.29903626442,1.28997802734,1.29425597191,1709832
2026-02-23 12:00:00+00:00,1.29435777664,1.31171190739,1.29430770874,1.30565083027,1278576
2026-02-23 13:00:00+00:00,1.30568552017,1.30859017372,1.30186593533,1.30186593533,1985024
2026-02-23 14:00:00+00:00,1.30187058449,1.30681467056,1.29108405113,1.29525101185,8742720
2026-02-23 15:00:00+00:00,1.29517281055,1.29517281055,1.28099739552,1.28099739552,3338912
2026-02-23 16:00:00+00:00,1.28075301647,1.28167569637,1.2733540535,1.27479243279,4477760
2026-02-23 17:00:00+00:00,1.27443170547,1.2757525444,1.25954008102,1.26548933983,5331256
2026-02-23 18:00:00+00:00,1.26746475697,1.27844619751,1.26733934879,1.26992213726,3384432
2026-02-23 19:00:00+00:00,1.26995682716,1.26995682716,1.25987422466,1.26039147377,2648528
2026-02-23 20:00:00+00:00,1.2602635622,1.26735019684,1.25579047203,1.26735019684,2053936
2026-02-23 21:00:00+00:00,1.2676024437,1.27163279057,1.2676024437,1.27061963081,2511744
2026-02-23 22:00:00+00:00,1.27041935921,1.27641522884,1.27003288269,1.2706669569,2568976
2026-02-23 23:00:00+00:00,1.27050626278,1.27254533768,1.26412844658,1.26421189308,1690352
2026-02-24 00:00:00+00:00,1.26421916485,1.27796268463,1.26421916485,1.27563083172,1079120
2026-02-24 01:00:00+00:00,1.27567756176,1.27567756176,1.25573861599,1.26950573921,0
2026-02-24 02:00:00+00:00,1.26891982555,1.27181649208,1.2650077343,1.2650077343,0
2026-02-24 03:00:00+00:00,1.26417922974,1.26434350014,1.25348222256,1.25532793999,367280
2026-02-24 04:00:00+00:00,1.25589907169,1.25680410862,1.24682784081,1.25005018711,2190736
2026-02-24 05:00:00+00:00,1.25026428699,1.25536239147,1.24360847473,1.2467353344,1879464
2026-02-24 06:00:00+00:00,1.24754357338,1.2511767149,1.24309408665,1.24321746826,373392
2026-02-24 07:00:00+00:00,1.24385535717,1.25151133537,1.24347662926,1.25076377392,739272
2026-02-24 08:00:00+00:00,1.25072205067,1.25910842419,1.2481007576,1.25648474693,1752920
2026-02-24 09:00:00+00:00,1.25612771511,1.25612771511,1.23855674267,1.24112701416,1165872
2026-02-24 10:00:00+00:00,1.24222171307,1.24379050732,1.24085509777,1.24345040321,860512
2026-02-24 11:00:00+00:00,1.24317443371,1.24407351017,1.24104368687,1.2431422472,3323392
2026-02-24 12:00:00+00:00,1.24466812611,1.24466812611,1.236079216,1.23657536507,0
2026-02-24 13:00:00+00:00,1.23661839962,1.23907864094,1.23220062256,1.23629760742,2798032
2026-02-24 14:00:00+00:00,1.234359622,1.2466622591,1.23059666157,1.24433982372,0
2026-02-24 15:00:00+00:00,1.24373435974,1.25154316425,1.24258065224,1.24736011028,0
2026-02-24 16:00:00+00:00,1.24725985527,1.25844955444,1.24725985527,1.25106787682,0
2026-02-24 17:00:00+00:00,1.25508081913,1.25592923164,1.25169491768,1.25205230713,0
2026-02-24 18:00:00+00:00,1.25181996822,1.25456535816,1.24610757828,1.25033915043,0
2026-02-24 19:00:00+00:00,1.25043201447,1.2518068552,1.24530005455,1.24874985218,0
2026-02-24 20:00:00+00:00,1.24741852283,1.24830389023,1.24454152584,1.24454152584,0
2026-02-24 21:00:00+00:00,1.24464571476,1.24464571476,1.23854386806,1.23981273174,0
2026-02-24 22:00:00+00:00,1.23977386951,1.24434638023,1.23885023594,1.24196410179,0
2026-02-24 23:00:00+00:00,1.2424030304,1.24289119244,1.23703324795,1.23968791962,0
2026-02-25 00:00:00+00:00,1.23902404308,1.24159944057,1.2374150753,1.24146604538,0
2026-02-25 01:00:00+00:00,1.24126935005,1.29230928421,1.24126935005,1.28568947315,7556512
2026-02-25 02:00:00+00:00,1.28815710545,1.29381597042,1.28711986542,1.2872389555,2581216
2026-02-25 03:00:00+00:00,1.28718698025,1.28718698025,1.27128183842,1.27128183842,687376
2026-02-25 04:00:00+00:00,1.27107417583,1.27818107605,1.26570987701,1.27780199051,761920
2026-02-25 05:00:00+00:00,1.27742135525,1.27742135525,1.26214420795,1.26694440842,0
2026-02-25 06:00:00+00:00,1.26694130898,1.27337610722,1.26648139954,1.26741504669,0
2026-02-25 07:00:00+00:00,1.26802241802,1.26963829994,1.26487648487,1.26766979694,0
2026-02-25 08:00:00+00:00,1.26768255234,1.28456759453,1.26442492008,1.28456759453,3961488
2026-02-25 09:00:00+00:00,1.28456866741,1.30635845661,1.28456866741,1.30635845661,0
2026-02-25 10:00:00+00:00,1.3067394495,1.33004677296,1.3067394495,1.32707893848,12198592
2026-02-25 11:00:00+00:00,1.32742738724,1.38967084885,1.32742738724,1.38279831409,27654608
2026-02-25 12:00:00+00:00,1.38362514973,1.44429707527,1.37860274315,1.44014942646,58116480
2026-02-25 13:00:00+00:00,1.44178235531,1.48848605156,1.43425559998,1.46865272522,55248592
2026-02-25 14:00:00+00:00,1.46864509583,1.49939990044,1.4644163847,1.49939990044,27129760
2026-02-25 15:00:00+00:00,1.50038444996,1.5376650095,1.50038444996,1.51726305485,56254336
2026-02-25 16:00:00+00:00,1.52127504349,1.54462587833,1.52127504349,1.54462587833,22214368
2026-02-25 17:00:00+00:00,1.54424643517,1.57875061035,1.52426826954,1.57671248913,21166976
2026-02-25 18:00:00+00:00,1.57724368572,1.58425569534,1.56014895439,1.57684981823,23393952
2026-02-25 19:00:00+00:00,1.57664430141,1.63290071487,1.56224191189,1.63290071487,31761248
2026-02-25 20:00:00+00:00,1.63017904758,1.66757142544,1.60510897636,1.66537868977,53424320
2026-02-25 21:00:00+00:00,1.67156863213,1.74375879765,1.66472887993,1.72029292583,69338944
2026-02-25 22:00:00+00:00,1.72557377815,1.73614251614,1.64855730534,1.65347456932,42363136
2026-02-25 23:00:00+00:00,1.65223002434,1.6878657341,1.65197253227,1.65649306774,39514432
2026-02-26 00:00:00+00:00,1.65686249733,1.66155910492,1.60925161839,1.6327381134,48814208
2026-02-26 01:00:00+00:00,1.63264918327,1.67429280281,1.6299123764,1.66260826588,30947648
2026-02-26 02:00:00+00:00,1.66688489914,1.68912553787,1.64456582069,1.65248823166,27311168
2026-02-26 03:00:00+00:00,1.65693163872,1.65693163872,1.61968159676,1.62943434715,9756480
2026-02-26 04:00:00+00:00,1.63013446331,1.64073061943,1.61042189598,1.61201238632,16750208
2026-02-26 05:00:00+00:00,1.61306869984,1.61306869984,1.59049677849,1.59172284603,7391104
2026-02-26 06:00:00+00:00,1.58697164059,1.59553945065,1.58204698563,1.58849751949,38951680
2026-02-26 07:00:00+00:00,1.58855569363,1.61719655991,1.57161283493,1.58234715462,15787968
2026-02-26 08:00:00+00:00,1.5848634243,1.60509073734,1.57951712608,1.59858560562,9947328
2026-02-26 09:00:00+00:00,1.59881985188,1.62804937363,1.59474182129,1.62209522724,20789312
2026-02-26 10:00:00+00:00,1.61986267567,1.62400329113,1.58710491657,1.58710491657,0
2026-02-26 11:00:00+00:00,1.5873183012,1.59091305733,1.57583153248,1.57889854908,0
2026-02-26 12:00:00+00:00,1.58024358749,1.6266285181,1.58024358749,1.61615312099,0
2026-02-26 13:00:00+00:00,1.6122828722,1.63306963444,1.59188961983,1.61406600475,0
2026-02-26 14:00:00+00:00,1.61406421661,1.61639153957,1.58009576797,1.58071088791,0
2026-02-26 15:00:00+00:00,1.58562088013,1.62172198296,1.58098232746,1.61534261703,0
2026-02-26 16:00:00+00:00,1.61719357967,1.61766672134,1.53884649277,1.53884649277,1487744
2026-02-26 17:00:00+00:00,1.53985393047,1.55392885208,1.52523899078,1.52523899078,0
2026-02-26 18:00:00+00:00,1.52484023571,1.55217278004,1.52484023571,1.55217278004,0
2026-02-26 19:00:00+00:00,1.55354702473,1.57136762142,1.55354702473,1.56991124153,0
2026-02-26 20:00:00+00:00,1.56922614574,1.58108317852,1.55786108971,1.55907285213,0
2026-02-26 21:00:00+00:00,1.55881381035,1.58265686035,1.55816221237,1.57164883614,0
2026-02-26 22:00:00+00:00,1.57259297371,1.59098505974,1.57092249393,1.58902347088,0
2026-02-26 23:00:00+00:00,1.59066569805,1.61996436119,1.58552825451,1.60482621193,0
2026-02-27 00:00:00+00:00,1.60781979561,1.62299370766,1.60334777832,1.60487759113,0
2026-02-27 01:00:00+00:00,1.60511994362,1.62472772598,1.60332477093,1.61850547791,0
2026-02-27 02:00:00+00:00,1.62257218361,1.65388941765,1.62257218361,1.64986884594,0
2026-02-27 03:00:00+00:00,1.64885783195,1.66017055511,1.63472568989,1.66017055511,0
2026-02-27 04:00:00+00:00,1.65456068516,1.67359483242,1.62386238575,1.62763929367,0
2026-02-27 05:00:00+00:00,1.62757182121,1.62757182121,1.60296809673,1.60818898678,0
2026-02-27 06:00:00+00:00,1.60832881927,1.62425553799,1.5947726965,1.62215256691,0
2026-02-27 07:00:00+00:00,1.62162363529,1.62162363529,1.60291743279,1.60539877415,0
2026-02-27 08:00:00+00:00,1.60520660877,1.62574577332,1.60507035255,1.61507987976,0
2026-02-27 09:00:00+00:00,1.61470735073,1.62306845188,1.61033856869,1.61313593388,0
2026-02-27 10:00:00+00:00,1.61259257793,1.61569356918,1.5869641304,1.5869641304,0
2026-02-27 11:00:00+00:00,1.5880408287,1.59581696987,1.56655180454,1.56655180454,0
2026-02-27 12:00:00+00:00,1.56458449364,1.59120690823,1.55455470085,1.59120690823,6009984
2026-02-27 13:00:00+00:00,1.59008491039,1.59484410286,1.56199419498,1.57203745842,0
2026-02-27 14:00:00+00:00,1.57264900208,1.57593047619,1.55639302731,1.55639302731,0
2026-02-27 15:00:00+00:00,1.55652093887,1.56648361683,1.55602836609,1.56648361683,0
2026-02-27 16:00:00+00:00,1.56525814533,1.57323181629,1.55459189415,1.55459189415,0
2026-02-27 17:00:00+00:00,1.55595898628,1.59119558334,1.55111062527,1.59119558334,0
2026-02-27 18:00:00+00:00,1.59239888191,1.6169103384,1.58771216869,1.60664689541,8359328
2026-02-27 19:00:00+00:00,1.60486769676,1.60741150379,1.59400558472,1.60566854477,0
2026-02-27 20:00:00+00:00,1.60666441917,1.64722681046,1.60665643215,1.62575590611,14197376
2026-02-27 21:00:00+00:00,1.62447762489,1.62662422657,1.61513352394,1.62078940868,184736
2026-02-27 22:00:00+00:00,1.6243493557,1.63248407841,1.57827067375,1.58407175541,1918912
2026-02-27 23:00:00+00:00,1.58443617821,1.60584080219,1.58443617821,1.5994900465,0
2026-02-28 00:00:00+00:00,1.60029578209,1.60439121723,1.5808120966,1.59992957115,0
2026-02-28 01:00:00+00:00,1.5965410471,1.59738326073,1.58009278774,1.58404994011,0
2026-02-28 02:00:00+00:00,1.58423686028,1.61643898487,1.58423686028,1.61173319817,0
2026-02-28 03:00:00+00:00,1.6117067337,1.61180174351,1.5750285387,1.5750285387,0
2026-02-28 04:00:00+00:00,1.5750991106,1.57729661465,1.554900527,1.554900527,0
2026-02-28 05:00:00+00:00,1.55492997169,1.56364393234,1.53897428513,1.53913998604,0
2026-02-28 06:00:00+00:00,1.53932619095,1.54005563259,1.48894560337,1.489107728,8868160
2026-02-28 07:00:00+00:00,1.4896761179,1.52589142323,1.48874676228,1.50489139557,11315232
2026-02-28 08:00:00+00:00,1.50395584106,1.50395584106,1.47995889187,1.48233628273,0
2026-02-28 09:00:00+00:00,1.48254585266,1.48382008076,1.46384859085,1.46385324001,2053696
2026-02-28 10:00:00+00:00,1.46352458,1.47594177723,1.46130275726,1.46801459789,1159296
2026-02-28 11:00:00+00:00,1.46954917908,1.48576688766,1.46954917908,1.47535276413,0
2026-02-28 12:00:00+00:00,1.47574806213,1.4960873127,1.47574806213,1.48498106003,0
2026-02-28 13:00:00+00:00,1.4845443964,1.51761424541,1.46519112587,1.51761424541,2602336
2026-02-28 14:00:00+00:00,1.52067732811,1.52996468544,1.49652826786,1.49786031246,9518848
2026-02-28 15:00:00+00:00,1.49957835674,1.51932835579,1.48975729942,1.51193869114,2019104
2026-02-28 16:00:00+00:00,1.50970590115,1.51713418961,1.50199174881,1.51713418961,0
2026-02-28 17:00:00+00:00,1.52115416527,1.52743685246,1.51013290882,1.52070724964,1829536
2026-02-28 18:00:00+00:00,1.52777683735,1.59945821762,1.52777683735,1.59748256207,5549408
2026-02-28 19:00:00+00:00,1.58694255352,1.62702405453,1.57448923588,1.5955477953,11492256
2026-02-28 20:00:00+00:00,1.59620654583,1.62932479382,1.59574234486,1.62426960468,0
2026-02-28 21:00:00+00:00,1.62171578407,1.62714004517,1.60587120056,1.62714004517,0
2026-02-28 22:00:00+00:00,1.63161587715,1.66665446758,1.63161587715,1.64898586273,10961312
2026-02-28 23:00:00+00:00,1.65094971657,1.6722073555,1.64150476456,1.6706392765,11697664
2026-03-01 00:00:00+00:00,1.66654682159,1.67375040054,1.63666689396,1.64195537567,6893760
2026-03-01 01:00:00+00:00,1.63749933243,1.65564382076,1.61585402489,1.65020692348,12779072
2026-03-01 02:00:00+00:00,1.6490162611,1.65861654282,1.63596618176,1.63709306717,4572192
2026-03-01 03:00:00+00:00,1.63376402855,1.63493382931,1.61333024502,1.613519907,0
2026-03-01 04:00:00+00:00,1.61406707764,1.61723804474,1.59767222404,1.60170292854,216000
2026-03-01 05:00:00+00:00,1.60184383392,1.60184383392,1.59520196915,1.59952569008,0
2026-03-01 06:00:00+00:00,1.59954559803,1.604190588,1.58816516399,1.59670102596,0
2026-03-01 07:00:00+00:00,1.59701502323,1.61748075485,1.59701502323,1.61080384254,0
2026-03-01 08:00:00+00:00,1.60685920715,1.60685920715,1.57990276814,1.5799202919,0
2026-03-01 09:00:00+00:00,1.57975113392,1.58500277996,1.57037222385,1.57050299644,0
2026-03-01 10:00:00+00:00,1.57218003273,1.5752825737,1.56978809834,1.57251274586,0
2026-03-01 11:00:00+00:00,1.57288277149,1.57492995262,1.56195652485,1.56318151951,0
2026-03-01 12:00:00+00:00,1.56340515614,1.5717779398,1.55182754993,1.55182754993,0
2026-03-01 13:00:00+00:00,1.55083334446,1.56888210773,1.54377424717,1.56809878349,0
2026-03-01 14:00:00+00:00,1.56761467457,1.56761467457,1.54338872433,1.54511964321,0
2026-03-01 15:00:00+00:00,1.54611980915,1.56099832058,1.54611980915,1.55523395538,0
2026-03-01 16:00:00+00:00,1.55482673645,1.55735135078,1.53392553329,1.54086768627,1146720
2026-03-01 17:00:00+00:00,1.54078030586,1.54119372368,1.53078877926,1.53427195549,0
2026-03-01 18:00:00+00:00,1.53322529793,1.54818832874,1.53314363956,1.53314363956,0
2026-03-01 19:00:00+00:00,1.53297817707,1.53297817707,1.52357542515,1.52357542515,0
2026-03-01 20:00:00+00:00,1.52274572849,1.52274572849,1.50701713562,1.50945234299,0
2026-03-01 21:00:00+00:00,1.50983774662,1.5205757618,1.50828719139,1.51507282257,168832
2026-03-01 22:00:00+00:00,1.51522839069,1.52962589264,1.51492762566,1.52195668221,0
2026-03-01 23:00:00+00:00,1.52173542976,1.53884637356,1.52173542976,1.53712081909,0
2026-03-02 00:00:00+00:00,1.53554487228,1.56632959843,1.53426396847,1.56508600712,0
2026-03-02 01:00:00+00:00,1.56527709961,1.59394752979,1.56527709961,1.58494019508,0
2026-03-02 02:00:00+00:00,1.58574092388,1.58574092388,1.55666863918,1.55906033516,0
2026-03-02 03:00:00+00:00,1.5587233305,1.56331503391,1.55514836311,1.56102752686,0
2026-03-02 04:00:00+00:00,1.56097984314,1.57695770264,1.55788600445,1.56120336056,0
2026-03-02 05:00:00+00:00,1.56050169468,1.56050169468,1.53938400745,1.54407417774,1486544
2026-03-02 06:00:00+00:00,1.54182517529,1.54182517529,1.51885068417,1.5241894722,0
2026-03-02 07:00:00+00:00,1.52395391464,1.52395391464,1.50784671307,1.51515638828,0
2026-03-02 08:00:00+00:00,1.51311779022,1.51441860199,1.50183796883,1.51441860199,0
2026-03-02 09:00:00+00:00,1.51503396034,1.51578485966,1.50842010975,1.50842010975,0
2026-03-02 10:00:00+00:00,1.50859260559,1.51511800289,1.50105202198,1.50787472725,1491936
2026-03-02 11:00:00+00:00,1.50833141804,1.52148509026,1.50833141804,1.51717543602,952368
2026-03-02 12:00:00+00:00,1.51652884483,1.51652884483,1.5014218092,1.50670540333,0
2026-03-02 13:00:00+00:00,1.50767076015,1.51839208603,1.50704467297,1.50998091698,0
2026-03-02 14:00:00+00:00,1.51000273228,1.54223906994,1.50932192802,1.52930343151,16448144
2026-03-02 15:00:00+00:00,1.53148961067,1.5916326046,1.53127539158,1.57493805885,36097184
2026-03-02 16:00:00+00:00,1.57472300529,1.59429705143,1.56656050682,1.57089936733,13236048
2026-03-02 17:00:00+00:00,1.57029438019,1.57029438019,1.53827881813,1.55610394478,1682400
2026-03-02 18:00:00+00:00,1.55598664284,1.55598664284,1.54165244102,1.54233253002,259024
2026-03-02 19:00:00+00:00,1.54167985916,1.54167985916,1.52654910088,1.5339179039,2527936
2026-03-02 20:00:00+00:00,1.53505527973,1.54077613354,1.52200126648,1.52200126648,0
2026-03-02 21:00:00+00:00,1.52155733109,1.53071403503,1.51609265804,1.52525436878,0
2026-03-02 22:00:00+00:00,1.5251070261,1.52931010723,1.5190653801,1.52187478542,0
2026-03-02 23:00:00+00:00,1.52202498913,1.52370321751,1.5035315752,1.50916874409,2962016
2026-03-03 00:00:00+00:00,1.50912106037,1.50918483734,1.49430286884,1.50181341171,841504
2026-03-03 01:00:00+00:00,1.50390505791,1.51205134392,1.49765503407,1.49783205986,0
2026-03-03 02:00:00+00:00,1.49795591831,1.50348305702,1.49244272709,1.49978065491,0
2026-03-03 03:00:00+00:00,1.49988901615,1.50605762005,1.48992776871,1.50327479839,144128
2026-03-03 04:00:00+00:00,1.50307297707,1.50316858292,1.49452400208,1.49987864494,0
2026-03-03 05:00:00+00:00,1.50006949902,1.50593292713,1.48952269554,1.48967397213,0
2026-03-03 06:00:00+00:00,1.49131262302,1.50037395954,1.48895967007,1.49869716167,0
2026-03-03 07:00:00+00:00,1.49744725227,1.51294541359,1.4965993166,1.51294541359,0
2026-03-03 08:00:00+00:00,1.51364219189,1.51781868935,1.49599599838,1.49599599838,0
2026-03-03 09:00:00+00:00,1.49698245525,1.50958657265,1.48724520206,1.48724520206,1092096
2026-03-03 10:00:00+00:00,1.48475754261,1.49386131763,1.47859120369,1.49105989933,0
2026-03-03 11:00:00+00:00,1.49203932285,1.4975823164,1.48529231548,1.48587989807,0
2026-03-03 12:00:00+00:00,1.48481762409,1.4969830513,1.48404884338,1.49187064171,0
2026-03-03 13:00:00+00:00,1.49181592464,1.49576354027,1.48745882511,1.49523472786,0
2026-03-03 14:00:00+00:00,1.49297428131,1.50837516785,1.49011623859,1.49608302116,0
2026-03-03 15:00:00+00:00,1.49412548542,1.51085531712,1.49399936199,1.50556468964,0
2026-03-03 16:00:00+00:00,1.50684869289,1.55203819275,1.5046299696,1.5243550539,0
2026-03-03 17:00:00+00:00,1.52139270306,1.53345322609,1.51081526279,1.52972829342,0
2026-03-03 18:00:00+00:00,1.52995169163,1.54993724823,1.52682101727,1.54079389572,62960
2026-03-03 19:00:00+00:00,1.53919625282,1.54184997082,1.53094577789,1.53254497051,0
2026-03-03 20:00:00+00:00,1.53238403797,1.53610682487,1.52471113205,1.52972555161,0
2026-03-03 21:00:00+00:00,1.5297293663,1.53054773808,1.51219582558,1.5213984251,0
2026-03-03 22:00:00+00:00,1.52066087723,1.53034973145,1.520647645,1.52082681656,0
2026-03-03 23:00:00+00:00,1.52055621147,1.53464400768,1.51996326447,1.53014552593,0
2026-03-04 00:00:00+00:00,1.53049719334,1.53899645805,1.52486133575,1.53063881397,0
2026-03-04 01:00:00+00:00,1.52901017666,1.54695570469,1.52734565735,1.53840792179,84688
2026-03-04 02:00:00+00:00,1.53751897812,1.53751897812,1.52407801151,1.53371882439,0
2026-03-04 03:00:00+00:00,1.53397512436,1.54289603233,1.52291786671,1.52390372753,1499008
2026-03-04 04:00:00+00:00,1.52672851086,1.52672851086,1.51126623154,1.52382218838,131088
2026-03-04 05:00:00+00:00,1.52359592915,1.52832996845,1.51769995689,1.5234348774,0
2026-03-04 06:00:00+00:00,1.52276444435,1.52915859222,1.51375889778,1.52419602871,0
2026-03-04 07:00:00+00:00,1.5241086483,1.53418672085,1.51628017426,1.53284788132,0
2026-03-04 08:00:00+00:00,1.53330385685,1.55462241173,1.52595210075,1.55462241173,3606112
2026-03-04 09:00:00+00:00,1.55463409424,1.57148182392,1.55156564713,1.55171537399,13562512
2026-03-04 10:00:00+00:00,1.55633735657,1.55950844288,1.54520273209,1.54525840282,2299824
2026-03-04 11:00:00+00:00,1.54511213303,1.54910612106,1.53068733215,1.53640186787,2026416
2026-03-04 12:00:00+00:00,1.53640449047,1.53640449047,1.51415216923,1.52018487453,91824
2026-03-04 13:00:00+00:00,1.52020978928,1.52634143829,1.51871299744,1.52634143829,1944944
2026-03-04 14:00:00+00:00,1.52633297443,1.54740440845,1.52118337154,1.52367329597,4951808
2026-03-04 15:00:00+00:00,1.52356958389,1.5489205122,1.51727259159,1.5489205122,7558720
2026-03-04 16:00:00+00:00,1.5506131649,1.55432403088,1.53901290894,1.54887068272,0
2026-03-04 17:00:00+00:00,1.54880774021,1.55129003525,1.52650988102,1.53965103626,0
2026-03-04 18:00:00+00:00,1.53980636597,1.54517138004,1.5335007906,1.54517138004,0
2026-03-04 19:00:00+00:00,1.54500973225,1.56391906738,1.54429972172,1.55986356735,2500400
2026-03-04 20:00:00+00:00,1.5602234602,1.56186783314,1.55029177666,1.55034458637,1617936
2026-03-04 21:00:00+00:00,1.55046260357,1.55220806599,1.53999483585,1.53999483585,0
2026-03-04 22:00:00+00:00,1.5401211977,1.54852557182,1.53015005589,1.53035259247,134496
2026-03-04 23:00:00+00:00,1.53060531616,1.54587578773,1.52245616913,1.54217123985,1284352
2026-03-05 00:00:00+00:00,1.54210305214,1.54210305214,1.53043138981,1.53510951996,0
2026-03-05 01:00:00+00:00,1.53502357006,1.54169404507,1.5166863203,1.51679623127,0
2026-03-05 02:00:00+00:00,1.51681923866,1.5350946188,1.51681923866,1.5218321085,1113008
2026-03-05 03:00:00+00:00,1.5221196413,1.52932369709,1.5221196413,1.5285743475,0
2026-03-05 04:00:00+00:00,1.52892053127,1.55107545853,1.52674472332,1.5508159399,644288
2026-03-05 05:00:00+00:00,1.55101060867,1.55144095421,1.51656901836,1.51671671867,105296
2026-03-05 06:00:00+00:00,1.51538336277,1.5272103548,1.51016008854,1.5272103548,1481152
2026-03-05 07:00:00+00:00,1.52721250057,1.53243625164,1.51413452625,1.5156981945,0
2026-03-05 08:00:00+00:00,1.51629316807,1.52738237381,1.51358652115,1.52738237381,0
2026-03-05 09:00:00+00:00,1.52740299702,1.5397349596,1.52740299702,1.52837336063,0
2026-03-05 10:00:00+00:00,1.52851569653,1.54753446579,1.52851569653,1.54680371284,0
2026-03-05 11:00:00+00:00,1.54670381546,1.54670381546,1.52098333836,1.52210462093,0
2026-03-05 12:00:00+00:00,1.52213597298,1.52887368202,1.5190179348,1.52887368202,0
2026-03-05 13:00:00+00:00,1.52901542187,1.52905964851,1.51615941525,1.52704894543,0
2026-03-05 14:00:00+00:00,1.52570104599,1.53756701946,1.52171754837,1.53686594963,0
2026-03-05 15:00:00+00:00,1.53702950478,1.53977584839,1.50890719891,1.50890719891,0
2026-03-05 16:00:00+00:00,1.50961780548,1.51210689545,1.48596477509,1.50436329842,0
2026-03-05 17:00:00+00:00,1.50427317619,1.50649535656,1.486541152,1.48949360847,0
2026-03-05 18:00:00+00:00,1.48789954185,1.50326323509,1.48789954185,1.50326323509,0
2026-03-05 19:00:00+00:00,1.50326323509,1.51846647263,1.50326323509,1.50876009464,0
2026-03-05 20:00:00+00:00,1.50877857208,1.55171537399,1.50877857208,1.55150806904,5689312
2026-03-05 21:00:00+00:00,1.54765498638,1.5506221056,1.53498733044,1.53637099266,2548128
2026-03-05 22:00:00+00:00,1.53669261932,1.53890728951,1.52297687531,1.53308093548,0
2026-03-05 23:00:00+00:00,1.53309237957,1.53564858437,1.52887833118,1.53027284145,0
2026-03-06 00:00:00+00:00,1.53034734726,1.5304005146,1.52458310127,1.52458310127,0
2026-03-06 01:00:00+00:00,1.52454781532,1.54606366158,1.52454781532,1.53534281254,1270896
2026-03-06 02:00:00+00:00,1.53512716293,1.53643894196,1.52929472923,1.52964282036,0
2026-03-06 03:00:00+00:00,1.52978587151,1.53038418293,1.52470445633,1.52807879448,0
2026-03-06 04:00:00+00:00,1.52963459492,1.53005349636,1.51525437832,1.5179156065,0
2026-03-06 05:00:00+00:00,1.51859474182,1.52623999119,1.51595151424,1.52623999119,0
2026-03-06 06:00:00+00:00,1.52593672276,1.52594804764,1.5207824707,1.52544653416,0
2026-03-06 07:00:00+00:00,1.52532505989,1.54592418671,1.52344441414,1.54371666908,2006592
2026-03-06 08:00:00+00:00,1.54364955425,1.54364955425,1.52856695652,1.52905631065,0
2026-03-06 09:00:00+00:00,1.52905380726,1.52944517136,1.5144649744,1.52055716515,406288
2026-03-06 10:00:00+00:00,1.52057993412,1.53351998329,1.52029180527,1.52549624443,0
2026-03-06 11:00:00+00:00,1.5255190134,1.5255190134,1.50631356239,1.50631356239,0
2026-03-06 12:00:00+00:00,1.50628888607,1.50677061081,1.49884474277,1.50457191467,2114960
2026-03-06 13:00:00+00:00,1.50449347496,1.51416754723,1.49148464203,1.49159455299,3861984
2026-03-06 14:00:00+00:00,1.4886739254,1.49267733097,1.46743667126,1.46743667126,4486256
2026-03-06 15:00:00+00:00,1.46920526028,1.47520387173,1.45722997189,1.46253311634,0
2026-03-06 16:00:00+00:00,1.46266782284,1.47933900356,1.4615790844,1.47361946106,0
2026-03-06 17:00:00+00:00,1.47346544266,1.47952818871,1.46322667599,1.46764135361,0
2026-03-06 18:00:00+00:00,1.46840786934,1.48402130604,1.46840786934,1.48245346546,812928
2026-03-06 19:00:00+00:00,1.48278236389,1.49208509922,1.48278236389,1.48569607735,0
2026-03-06 20:00:00+00:00,1.4857558012,1.48927378654,1.48155355453,1.48927378654,0
2026-03-06 21:00:00+00:00,1.48900008202,1.49180138111,1.48650050163,1.48860859871,0
2026-03-06 22:00:00+00:00,1.48867106438,1.49695956707,1.48867106438,1.49646008015,285552
2026-03-06 23:00:00+00:00,1.49644160271,1.49644160271,1.48324716091,1.48770606518,0
2026-03-07 00:00:00+00:00,1.48764324188,1.49617266655,1.48764324188,1.49505650997,0
2026-03-07 01:00:00+00:00,1.49503540993,1.49673807621,1.48832011223,1.49560499191,0
2026-03-07 02:00:00+00:00,1.49561548233,1.50294685364,1.49533843994,1.50174534321,580672
2026-03-07 03:00:00+00:00,1.50243234634,1.515619874,1.49870204926,1.49878203869,1136192
2026-03-07 04:00:00+00:00,1.49901270866,1.50310015678,1.49141490459,1.50293087959,0
2026-03-07 05:00:00+00:00,1.50313293934,1.51274621487,1.50313293934,1.51012599468,697312
2026-03-07 06:00:00+00:00,1.51012206078,1.51335597038,1.49747407436,1.49786508083,959840
2026-03-07 07:00:00+00:00,1.4977209568,1.50101053715,1.49275028706,1.50050473213,0
2026-03-07 08:00:00+00:00,1.50053060055,1.51190710068,1.49518346786,1.49518346786,715920
2026-03-07 09:00:00+00:00,1.49521839619,1.49521839619,1.48586606979,1.49069607258,0
2026-03-07 10:00:00+00:00,1.49086380005,1.49149799347,1.48945307732,1.4895721674,0
2026-03-07 11:00:00+00:00,1.48951911926,1.49719059467,1.48443543911,1.48911714554,0
2026-03-07 12:00:00+00:00,1.48901498318,1.49371922016,1.48822295666,1.49369192123,0
2026-03-07 13:00:00+00:00,1.49368083477,1.49772763252,1.4881490469,1.48817265034,0
2026-03-07 14:00:00+00:00,1.48844873905,1.48849189281,1.47041118145,1.47731149197,0
2026-03-07 15:00:00+00:00,1.47716450691,1.47820496559,1.46488058567,1.46833729744,0
2026-03-07 16:00:00+00:00,1.46829271317,1.47108149529,1.46666061878,1.47108149529,0
2026-03-07 17:00:00+00:00,1.47131931782,1.48024320602,1.47131931782,1.47933316231,0
2026-03-07 18:00:00+00:00,1.47908782959,1.47908782959,1.4527566433,1.4527566433,0
2026-03-07 19:00:00+00:00,1.45265853405,1.45265853405,1.43654060364,1.43819665909,11332992
2026-03-07 20:00:00+00:00,1.43818318844,1.44414055347,1.43646335602,1.43879532814,4015240
2026-03-07 21:00:00+00:00,1.43879830837,1.44112253189,1.43731439114,1.43938887119,920896
2026-03-07 22:00:00+00:00,1.43947637081,1.44093358517,1.43330347538,1.4380106926,0
2026-03-07 23:00:00+00:00,1.43807542324,1.44793319702,1.43807542324,1.44641661644,1025384
2026-03-08 00:00:00+00:00,1.44644701481,1.4471476078,1.43672597408,1.43774878979,251616
2026-03-08 01:00:00+00:00,1.43770754337,1.44731724262,1.43600738049,1.44672727585,429256
2026-03-08 02:00:00+00:00,1.44650042057,1.44708764553,1.42748820782,1.42748820782,0
2026-03-08 03:00:00+00:00,1.42761766911,1.43960297108,1.42761766911,1.43576276302,0
2026-03-08 04:00:00+00:00,1.43579399586,1.4373639822,1.42969286442,1.43117010593,738720
2026-03-08 05:00:00+00:00,1.43124473095,1.44616997242,1.43124473095,1.44614613056,811880
2026-03-08 06:00:00+00:00,1.44608056545,1.44704389572,1.4375244379,1.44355392456,225000
2026-03-08 07:00:00+00:00,1.44355404377,1.45432686806,1.44273209572,1.44555938244,1583216
2026-03-08 08:00:00+00:00,1.44572401047,1.44616889954,1.4396572113,1.4443167448,0
2026-03-08 09:00:00+00:00,1.44434785843,1.45722913742,1.44383013248,1.45722913742,0
2026-03-08 10:00:00+00:00,1.45711767673,1.4755936861,1.45687615871,1.47143661976,1606760
2026-03-08 11:00:00+00:00,1.47151792049,1.47291243076,1.46032094955,1.467212677,262568
2026-03-08 12:00:00+00:00,1.46717405319,1.48051011562,1.46276593208,1.47898113728,3436480
2026-03-08 13:00:00+00:00,1.47913098335,1.47913098335,1.45980858803,1.46591377258,2312296
2026-03-08 14:00:00+00:00,1.46587216854,1.46747982502,1.4527118206,1.45732223988,0
2026-03-08 15:00:00+00:00,1.45728814602,1.45728814602,1.44790315628,1.45200836658,0
2026-03-08 16:00:00+00:00,1.45211660862,1.45393645763,1.44766080379,1.45029330254,1206000
2026-03-08 17:00:00+00:00,1.44969511032,1.4567180872,1.44888985157,1.45247173309,1905992
2026-03-08 18:00:00+00:00,1.45275580883,1.45519757271,1.44800186157,1.45259416103,0
2026-03-08 19:00:00+00:00,1.45263671875,1.47729027271,1.45263671875,1.47005498409,0
2026-03-08 20:00:00+00:00,1.46984088421,1.47248959541,1.46197247505,1.46197247505,0
2026-03-08 21:00:00+00:00,1.46168112755,1.46331727505,1.45266532898,1.46330094337,2383480
2026-03-08 22:00:00+00:00,1.46304380894,1.46304380894,1.4328289032,1.45585620403,7254760
2026-03-08 23:00:00+00:00,1.45613050461,1.46117413044,1.45021533966,1.45176386833,1619720
2026-03-09 00:00:00+00:00,1.45283925533,1.47417020798,1.45283925533,1.46660518646,2346904
2026-03-09 01:00:00+00:00,1.46655774117,1.47301888466,1.45973181725,1.46581280231,2074336
2026-03-09 02:00:00+00:00,1.46574187279,1.47453391552,1.45781898499,1.47439205647,635408
2026-03-09 03:00:00+00:00,1.47429251671,1.48903787136,1.46923601627,1.46940016747,5278768
2026-03-09 04:00:00+00:00,1.46979737282,1.49326193333,1.46979737282,1.48467218876,2930320
2026-03-09 05:00:00+00:00,1.48468697071,1.51454818249,1.48294770718,1.50854289532,5849792
2026-03-09 06:00:00+00:00,1.50951218605,1.51210379601,1.49709451199,1.49787437916,378592
2026-03-09 07:00:00+00:00,1.49770712852,1.49770712852,1.47618353367,1.48675251007,1195168
2026-03-09 08:00:00+00:00,1.48730063438,1.48911619186,1.48100721836,1.48537480831,2337824
2026-03-09 09:00:00+00:00,1.48530960083,1.4932076931,1.47736823559,1.48505806923,3962800
2026-03-09 10:00:00+00:00,1.48174226284,1.48198020458,1.47396838665,1.47400534153,0
2026-03-09 11:00:00+00:00,1.47418785095,1.47822952271,1.46480834484,1.47805595398,42368
2026-03-09 12:00:00+00:00,1.47777748108,1.48320901394,1.47406864166,1.47990202904,0
2026-03-09 13:00:00+00:00,1.48049283028,1.51155650616,1.48049283028,1.50352275372,1652208
2026-03-09 14:00:00+00:00,1.50354421139,1.50635707378,1.4883852005,1.50075614452,3638704
2026-03-09 15:00:00+00:00,1.50055325031,1.5023907423,1.49068176746,1.5023907423,2908368
2026-03-09 16:00:00+00:00,1.50119638443,1.50561273098,1.49798417091,1.49798417091,1074944
2026-03-09 17:00:00+00:00,1.49798083305,1.50728833675,1.49798083305,1.50479221344,1017904
2026-03-09 18:00:00+00:00,1.50477707386,1.51222193241,1.49651288986,1.50242888927,2198736
2026-03-09 19:00:00+00:00,1.50249314308,1.52615451813,1.49673330784,1.50701141357,1112048
2026-03-09 20:00:00+00:00,1.50695371628,1.50753319263,1.49919760227,1.5059992075,0
2026-03-09 21:00:00+00:00,1.50585055351,1.51281404495,1.50293385983,1.50541090965,0
2026-03-09 22:00:00+00:00,1.50587952137,1.5073029995,1.48608922958,1.48608922958,0
2026-03-09 23:00:00+00:00,1.48676943779,1.49399256706,1.48676943779,1.49230289459,1228368
2026-03-10 00:00:00+00:00,1.49403452873,1.51086938381,1.49261534214,1.50493645668,203776
2026-03-10 01:00:00+00:00,1.5043194294,1.50943696499,1.49881982803,1.50799834728,0
2026-03-10 02:00:00+00:00,1.50797486305,1.52825403214,1.50285577774,1.51952755451,3740976
2026-03-10 03:00:00+00:00,1.51972317696,1.520439744,1.50906407833,1.5096629858,0
2026-03-10 04:00:00+00:00,1.50927269459,1.53035080433,1.50927269459,1.53025507927,0
2026-03-10 05:00:00+00:00,1.52994418144,1.53227412701,1.51628041267,1.51628708839,0
2026-03-10 06:00:00+00:00,1.51635622978,1.52074539661,1.51632988453,1.5184212923,0
2026-03-10 07:00:00+00:00,1.5185624361,1.5247194767,1.51806414127,1.51990556717,0
2026-03-10 08:00:00+00:00,1.51999270916,1.52759313583,1.51999270916,1.5214830637,422832
2026-03-10 09:00:00+00:00,1.52149701118,1.53829586506,1.52149701118,1.53214859962,0
2026-03-10 10:00:00+00:00,1.53182411194,1.53182411194,1.52159810066,1.52546370029,0
2026-03-10 11:00:00+00:00,1.52444827557,1.52444827557,1.51693022251,1.51731741428,3552560
2026-03-10 12:00:00+00:00,1.51735782623,1.5178052187,1.50994729996,1.51206123829,0
2026-03-10 13:00:00+00:00,1.51198446751,1.51687753201,1.49910569191,1.5115737915,0
2026-03-10 14:00:00+00:00,1.51175141335,1.53638589382,1.50046694279,1.53638589382,1725424
2026-03-10 15:00:00+00:00,1.5364522934,1.53863072395,1.52114057541,1.52551198006,2997520
2026-03-10 16:00:00+00:00,1.52935051918,1.53556454182,1.51969659328,1.53359401226,3288304
2026-03-10 17:00:00+00:00,1.53480184078,1.53801321983,1.51898407936,1.52046632767,1698336
2026-03-10 18:00:00+00:00,1.5207375288,1.52079319954,1.49622535706,1.49647939205,1718752
2026-03-10 19:00:00+00:00,1.49658286572,1.50112164021,1.49197363853,1.49757945538,0
2026-03-10 20:00:00+00:00,1.49869954586,1.50464642048,1.49869954586,1.50433933735,0
2026-03-10 21:00:00+00:00,1.50425088406,1.50437164307,1.4881901741,1.48905241489,462768
2026-03-10 22:00:00+00:00,1.48940241337,1.48993110657,1.48032128811,1.48633432388,0
2026-03-10 23:00:00+00:00,1.4862165451,1.48763656616,1.48577558994,1.48613786697,0
2026-03-11 00:00:00+00:00,1.48618924618,1.48649609089,1.47618210316,1.48614263535,0
2026-03-11 01:00:00+00:00,1.48473680019,1.48600637913,1.48090422153,1.48345422745,0
2026-03-11 02:00:00+00:00,1.48345172405,1.48749375343,1.48094582558,1.48749375343,0
2026-03-11 03:00:00+00:00,1.48743641376,1.4923812151,1.48731911182,1.48731911182,1208976
2026-03-11 04:00:00+00:00,1.48551416397,1.4937928915,1.4811321497,1.49372315407,0
2026-03-11 05:00:00+00:00,1.49389326572,1.49419951439,1.47797358036,1.47902011871,0
2026-03-11 06:00:00+00:00,1.47887969017,1.49360227585,1.47887969017,1.49358165264,0
2026-03-11 07:00:00+00:00,1.49355375767,1.49681079388,1.4829390049,1.48342823982,0
2026-03-11 08:00:00+00:00,1.48361647129,1.4908759594,1.48361647129,1.48876881599,0
2026-03-11 09:00:00+00:00,1.48898160458,1.49791395664,1.48883533478,1.48883533478,0
2026-03-11 10:00:00+00:00,1.48826956749,1.50402390957,1.48797237873,1.50298023224,0
2026-03-11 11:00:00+00:00,1.50244748592,1.5078240633,1.50128257275,1.50643014908,0
2026-03-11 12:00:00+00:00,1.50684916973,1.53728997707,1.50684916973,1.5260887146,7695040
2026-03-11 13:00:00+00:00,1.52610516548,1.5510879755,1.52462029457,1.52648985386,7104528
2026-03-11 14:00:00+00:00,1.52685284615,1.54055380821,1.52685284615,1.53568387032,0
2026-03-11 15:00:00+00:00,1.535333395,1.535333395,1.51052618027,1.51976943016,0
2026-03-11 16:00:00+00:00,1.51963508129,1.52564871311,1.51540887356,1.52358973026,0
2026-03-11 17:00:00+00:00,1.52371072769,1.53540301323,1.52142393589,1.5235888958,0
2026-03-11 18:00:00+00:00,1.52663695812,1.53884983063,1.52663695812,1.53880310059,0
2026-03-11 19:00:00+00:00,1.53854238987,1.54619395733,1.53488600254,1.53872323036,124056
2026-03-11 20:00:00+00:00,1.53873634338,1.54160714149,1.52933681011,1.52989029884,754336
2026-03-11 21:00:00+00:00,1.53009581566,1.53261697292,1.52877426147,1.53261697292,0
2026-03-11 22:00:00+00:00,1.53247988224,1.53605353832,1.53141736984,1.53448522091,0
2026-03-11 23:00:00+00:00,1.53478491306,1.53673303127,1.52191841602,1.52191841602,94536
2026-03-12 00:00:00+00:00,1.522133708,1.52360272408,1.51761329174,1.52098309994,0
2026-03-12 01:00:00+00:00,1.52097523212,1.52126812935,1.50993263721,1.51226484776,463248
2026-03-12 02:00:00+00:00,1.5122743845,1.51501405239,1.50340902805,1.50340902805,358792
2026-03-12 03:00:00+00:00,1.50315666199,1.50611615181,1.49832558632,1.500623703,0
2026-03-12 04:00:00+00:00,1.50053966045,1.50307500362,1.49727916718,1.50018143654,0
2026-03-12 05:00:00+00:00,1.50015282631,1.50148558617,1.49428153038,1.49727380276,0
2026-03-12 06:00:00+00:00,1.49750828743,1.5031068325,1.49750828743,1.50304472446,0
2026-03-12 07:00:00+00:00,1.50296723843,1.50958061218,1.50132203102,1.50958061218,0
2026-03-12 08:00:00+00:00,1.50963699818,1.51434659958,1.50963652134,1.51107168198,0
2026-03-12 09:00:00+00:00,1.51116836071,1.52127170563,1.50640106201,1.51693081856,0
2026-03-12 10:00:00+00:00,1.51718389988,1.52577495575,1.51378810406,1.52078711987,656600
2026-03-12 11:00:00+00:00,1.52066457272,1.52066457272,1.50662302971,1.50662302971,0
2026-03-12 12:00:00+00:00,1.50762367249,1.50973212719,1.50313210487,1.50601124763,0
2026-03-12 13:00:00+00:00,1.50681555271,1.50681555271,1.49438762665,1.49485993385,0
2026-03-12 14:00:00+00:00,1.49768817425,1.50476980209,1.48673248291,1.49253177643,0
2026-03-12 15:00:00+00:00,1.49342513084,1.5053075552,1.49342513084,1.5022701025,0
2026-03-12 16:00:00+00:00,1.5024189949,1.50772607327,1.49815738201,1.50408387184,0
2026-03-12 17:00:00+00:00,1.5040115118,1.5040115118,1.49550926685,1.49677860737,0
2026-03-12 18:00:00+00:00,1.49674963951,1.50097107887,1.49078512192,1.50030052662,0
2026-03-12 19:00:00+00:00,1.50011324883,1.51296103001,1.49959516525,1.50875532627,0
2026-03-12 20:00:00+00:00,1.50869822502,1.51007378101,1.50337278843,1.50727784634,1511720
2026-03-12 21:00:00+00:00,1.50740861893,1.51309275627,1.50740861893,1.51309275627,0
2026-03-12 22:00:00+00:00,1.51319599152,1.51521766186,1.51319599152,1.51456809044,441696
2026-03-12 23:00:00+00:00,1.51615726948,1.52339601517,1.51316440105,1.51669180393,1709648
2026-03-13 00:00:00+00:00,1.51681005955,1.54570484161,1.51475822926,1.53031551838,7291040
2026-03-13 01:00:00+00:00,1.53322887421,1.54008984566,1.53187429905,1.54008984566,456760
2026-03-13 02:00:00+00:00,1.54005980492,1.54005980492,1.52755057812,1.52957773209,0
2026-03-13 03:00:00+00:00,1.52966701984,1.53284394741,1.52558064461,1.53277087212,1062760
2026-03-13 04:00:00+00:00,1.53275942802,1.53275942802,1.52118778229,1.52118778229,0
2026-03-13 05:00:00+00:00,1.52136623859,1.52860879898,1.5158945322,1.52500617504,2148304
2026-03-13 06:00:00+00:00,1.52503049374,1.52503049374,1.51262271404,1.51262271404,2790160
2026-03-13 07:00:00+00:00,1.51052713394,1.51052713394,1.50251662731,1.50610005856,6682184
2026-03-13 08:00:00+00:00,1.50608253479,1.51082646847,1.50279664993,1.50642883778,2075664
2026-03-13 09:00:00+00:00,1.50647222996,1.51553177834,1.50647222996,1.51539385319,2777440
2026-03-13 10:00:00+00:00,1.51528847218,1.52581131458,1.51430213451,1.52293395996,2516160
2026-03-13 11:00:00+00:00,1.52290463448,1.5232821703,1.51500070095,1.51756417751,2280392
2026-03-13 12:00:00+00:00,1.51747941971,1.53455984592,1.5152721405,1.53455984592,2220712
2026-03-13 13:00:00+00:00,1.53384554386,1.54328656197,1.53193116188,1.53733730316,4951936
2026-03-13 14:00:00+00:00,1.5371966362,1.54035377502,1.51710259914,1.51710259914,4779552
2026-03-13 15:00:00+00:00,1.51690971851,1.52189350128,1.50474667549,1.50508952141,4007856
2026-03-13 16:00:00+00:00,1.50531291962,1.51394593716,1.50085699558,1.51131010056,4037104
2026-03-13 17:00:00+00:00,1.51124560833,1.5113363266,1.48149752617,1.48352980614,4429440
2026-03-13 18:00:00+00:00,1.4838796854,1.48439347744,1.47239935398,1.47635340691,4256864
2026-03-13 19:00:00+00:00,1.47633516788,1.47805118561,1.46805846691,1.47099471092,1161232
2026-03-13 20:00:00+00:00,1.47089803219,1.47309684753,1.46421742439,1.47233581543,986320
2026-03-13 21:00:00+00:00,1.47228360176,1.47869169712,1.46330165863,1.46466958523,3210288
2026-03-13 22:00:00+00:00,1.46459496021,1.46465873718,1.44951689243,1.45636641979,2677968
2026-03-13 23:00:00+00:00,1.45645642281,1.46758699417,1.45645642281,1.46454739571,0
2026-03-14 00:00:00+00:00,1.46458411217,1.46458411217,1.45131552219,1.45149302483,0
2026-03-14 01:00:00+00:00,1.45140731335,1.45368480682,1.44414246082,1.45028162003,564480
2026-03-14 02:00:00+00:00,1.45022022724,1.45022022724,1.44112205505,1.449031353,698016
2026-03-14 03:00:00+00:00,1.4488786459,1.45453321934,1.44819927216,1.45052409172,0
2026-03-14 04:00:00+00:00,1.45045745373,1.45470118523,1.4461183548,1.44810962677,1609040
2026-03-14 05:00:00+00:00,1.44813895226,1.44832038879,1.43955230713,1.44070422649,0
2026-03-14 06:00:00+00:00,1.44070363045,1.44070363045,1.43288087845,1.4367787838,0
2026-03-14 07:00:00+00:00,1.43680155277,1.43790686131,1.43472802639,1.43790411949,0
2026-03-14 08:00:00+00:00,1.4377579689,1.44035172462,1.43759644032,1.43928837776,0
2026-03-14 09:00:00+00:00,1.43926537037,1.44072580338,1.43155789375,1.43237912655,0
2026-03-14 10:00:00+00:00,1.43247568607,1.43623435497,1.43048787117,1.4361935854,0
2026-03-14 11:00:00+00:00,1.43613421917,1.44044673443,1.43613421917,1.43790030479,0
2026-03-14 12:00:00+00:00,1.4378080368,1.44252216816,1.43741881847,1.439006567,0
2026-03-14 13:00:00+00:00,1.43902444839,1.43902444839,1.43306767941,1.43504667282,0
2026-03-14 14:00:00+00:00,1.43512535095,1.43635714054,1.43005633354,1.43113899231,0
2026-03-14 15:00:00+00:00,1.43118679523,1.43347096443,1.42460179329,1.43323659897,0
2026-03-14 16:00:00+00:00,1.4333101511,1.43351554871,1.42803764343,1.42948067188,0
2026-03-14 17:00:00+00:00,1.42932748795,1.43228673935,1.42776083946,1.42817366123,0
2026-03-14 18:00:00+00:00,1.4281566143,1.42870306969,1.42502224445,1.42591667175,0
2026-03-14 19:00:00+00:00,1.42574703693,1.42574703693,1.41611599922,1.41624999046,0
2026-03-14 20:00:00+00:00,1.41408729553,1.41548454762,1.40686416626,1.41300463676,0
2026-03-14 21:00:00+00:00,1.41299772263,1.4144898653,1.40900743008,1.41420757771,0
2026-03-14 22:00:00+00:00,1.41404938698,1.41424000263,1.40793323517,1.40816950798,0
2026-03-14 23:00:00+00:00,1.40799582005,1.41466879845,1.40674114227,1.41405856609,3905664
2026-03-15 00:00:00+00:00,1.41402840614,1.41445457935,1.40504968166,1.40706670284,3089408
2026-03-15 01:00:00+00:00,1.40707302094,1.41063511372,1.40018677711,1.40792262554,1634304
2026-03-15 02:00:00+00:00,1.40793859959,1.42888498306,1.40793859959,1.4253885746,2722832
2026-03-15 03:00:00+00:00,1.4254450798,1.42549622059,1.41824257374,1.41836166382,904984
2026-03-15 04:00:00+00:00,1.41841065884,1.42400765419,1.41792023182,1.42032384872,0
2026-03-15 05:00:00+00:00,1.41936397552,1.42087960243,1.41526865959,1.4159424305,847208
2026-03-15 06:00:00+00:00,1.41594386101,1.41730821133,1.41143476963,1.4166841507,0
2026-03-15 07:00:00+00:00,1.41658174992,1.42231380939,1.41658174992,1.41829562187,0
2026-03-15 08:00:00+00:00,1.41838717461,1.42057669163,1.41726994514,1.41751682758,0
2026-03-15 09:00:00+00:00,1.41761386395,1.42406332493,1.41761386395,1.42339360714,804720
2026-03-15 10:00:00+00:00,1.42340409756,1.43340802193,1.42340409756,1.42792165279,0
2026-03-15 11:00:00+00:00,1.42788398266,1.439234972,1.42699944973,1.43157219887,3346000
2026-03-15 12:00:00+00:00,1.43165767193,1.44125449657,1.43165767193,1.43527579308,1825456
2026-03-15 13:00:00+00:00,1.43534505367,1.43703866005,1.41848599911,1.42102456093,3289992
2026-03-15 14:00:00+00:00,1.42138242722,1.42573451996,1.4178429842,1.41952097416,0
2026-03-15 15:00:00+00:00,1.4193969965,1.4193969965,1.41694486141,1.41847085953,0
2026-03-15 16:00:00+00:00,1.41849148273,1.42030549049,1.4120554924,1.4120554924,766920
2026-03-15 17:00:00+00:00,1.41201794147,1.42695105076,1.41201794147,1.4242413044,1018688
2026-03-15 18:00:00+00:00,1.42421317101,1.42421317101,1.41187334061,1.41204726696,0
2026-03-15 19:00:00+00:00,1.41195428371,1.42103636265,1.41182804108,1.42103636265,0
2026-03-15 20:00:00+00:00,1.42110848427,1.42737305164,1.42099261284,1.42387795448,0
2026-03-15 21:00:00+00:00,1.42384386063,1.43283760548,1.42044460773,1.43032896519,479368
2026-03-15 22:00:00+00:00,1.43045783043,1.441193223,1.42107260227,1.43979465961,5452200
2026-03-15 23:00:00+00:00,1.43968904018,1.44391012192,1.42756867409,1.4395108223,913272
2026-03-16 00:00:00+00:00,1.43955647945,1.44336521626,1.43345272541,1.43891692162,0
2026-03-16 01:00:00+00:00,1.43864250183,1.44567680359,1.43452095985,1.44491100311,0
2026-03-16 02:00:00+00:00,1.44476616383,1.44636905193,1.43396151066,1.44428622723,0
2026-03-16 03:00:00+00:00,1.44420814514,1.48596382141,1.44292664528,1.47910022736,11038872
2026-03-16 04:00:00+00:00,1.47881770134,1.52649962902,1.47881770134,1.526060462,14757016
2026-03-16 05:00:00+00:00,1.52576744556,1.5469751358,1.51491951942,1.5450220108,26977968
2026-03-16 06:00:00+00:00,1.54394090176,1.5802154541,1.53933489323,1.57637035847,36526256
2026-03-16 07:00:00+00:00,1.57629287243,1.59820258617,1.57629287243,1.58775877953,29962256
2026-03-16 08:00:00+00:00,1.58701682091,1.61788725853,1.58701682091,1.60273826122,26191968
2026-03-16 09:00:00+00:00,1.60280942917,1.6175276041,1.59878659248,1.60746240616,18578672
2026-03-16 10:00:00+00:00,1.60762560368,1.60762560368,1.5722938776,1.59364104271,14437152
2026-03-16 11:00:00+00:00,1.59382009506,1.62220036983,1.58793997765,1.59291100502,27504928
2026-03-16 12:00:00+00:00,1.59288096428,1.60104382038,1.58699417114,1.58699417114,8519872
2026-03-16 13:00:00+00:00,1.58705151081,1.60355126858,1.57921600342,1.59256052971,7774464
2026-03-16 14:00:00+00:00,1.59141874313,1.59184098244,1.57118582726,1.5722335577,10056576
2026-03-16 15:00:00+00:00,1.57234084606,1.57965278625,1.56120324135,1.56528615952,9496864
2026-03-16 16:00:00+00:00,1.56657636166,1.59519183636,1.56657636166,1.59366047382,8544480
2026-03-16 17:00:00+00:00,1.59342384338,1.60062456131,1.59044361115,1.59959805012,6414112
2026-03-16 18:00:00+00:00,1.59987509251,1.61949586868,1.59987509251,1.60903573036,8556320
2026-03-16 19:00:00+00:00,1.6094212532,1.61512577534,1.60365307331,1.60810148716,6662720
2026-03-16 20:00:00+00:00,1.60843896866,1.64257204533,1.60843896866,1.6295081377,16873184
2026-03-16 21:00:00+00:00,1.62991940975,1.65014660358,1.62991940975,1.63013756275,8949600
2026-03-16 22:00:00+00:00,1.63007044792,1.64263164997,1.62808763981,1.63208889961,2152384
2026-03-16 23:00:00+00:00,1.63191318512,1.6517226696,1.62485909462,1.64137399197,5585120
2026-03-17 00:00:00+00:00,1.64117312431,1.64117312431,1.62278079987,1.62728965282,6696320
2026-03-17 01:00:00+00:00,1.62749969959,1.63108658791,1.61486017704,1.61888861656,6724704
2026-03-17 02:00:00+00:00,1.61894965172,1.62125623226,1.61575424671,1.61678767204,3053024
2026-03-17 03:00:00+00:00,1.61627388,1.61627388,1.59724068642,1.6014727354,0
2026-03-17 04:00:00+00:00,1.60194301605,1.61142992973,1.59617269039,1.60143303871,0
2026-03-17 05:00:00+00:00,1.60142707825,1.60142707825,1.59187912941,1.5968080759,0
2026-03-17 06:00:00+00:00,1.59682476521,1.59783792496,1.59126424789,1.59526801109,0
2026-03-17 07:00:00+00:00,1.59540808201,1.61497950554,1.59540808201,1.61439454556,0
2026-03-17 08:00:00+00:00,1.61424648762,1.63780725002,1.61418545246,1.62756788731,0
2026-03-17 09:00:00+00:00,1.61852836609,1.62410771847,1.61175608635,1.61202085018,0
2026-03-17 10:00:00+00:00,1.61190402508,1.61194646358,1.60523319244,1.60730552673,0
2026-03-17 11:00:00+00:00,1.60735464096,1.61040508747,1.60334670544,1.60339701176,0
2026-03-17 12:00:00+00:00,1.60352635384,1.60352635384,1.58573150635,1.58672094345,0
2026-03-17 13:00:00+00:00,1.58672749996,1.59673953056,1.58641552925,1.59275567532,0
2026-03-17 14:00:00+00:00,1.59286260605,1.59902584553,1.59079241753,1.59353470802,0
2026-03-17 15:00:00+00:00,1.59377038479,1.59944677353,1.58892440796,1.59234046936,0
2026-03-17 16:00:00+00:00,1.59231424332,1.59343314171,1.58512735367,1.58893358707,0
2026-03-17 17:00:00+00:00,1.58899998665,1.59770035744,1.58899998665,1.59732234478,0
2026-03-17 18:00:00+00:00,1.5973007679,1.60351991653,1.59712660313,1.60151743889,0
2026-03-17 19:00:00+00:00,1.60159218311,1.60200548172,1.59405446053,1.59447026253,0
2026-03-17 20:00:00+00:00,1.59417426586,1.60269498825,1.59417426586,1.60269498825,0
2026-03-17 21:00:00+00:00,1.6027109623,1.62371778488,1.6027109623,1.61732506752,0
2026-03-17 22:00:00+00:00,1.61730575562,1.62232553959,1.61608350277,1.62232553959,0
2026-03-17 23:00:00+00:00,1.6225425005,1.63102114201,1.6199940443,1.6210372448,0
2026-03-18 00:00:00+00:00,1.62188601494,1.63174724579,1.62016201019,1.6307682991,0
2026-03-18 01:00:00+00:00,1.63094174862,1.63354420662,1.62410449982,1.62479686737,0
2026-03-18 02:00:00+00:00,1.6248459816,1.64666891098,1.62472069263,1.64222109318,5743904
2026-03-18 03:00:00+00:00,1.64272916317,1.64991593361,1.63627314568,1.6370254755,0
2026-03-18 04:00:00+00:00,1.6370626688,1.64063167572,1.63109266758,1.63520491123,0
2026-03-18 05:00:00+00:00,1.63524234295,1.64591109753,1.62727677822,1.62742948532,0
2026-03-18 06:00:00+00:00,1.62736439705,1.63804268837,1.62713527679,1.62870514393,0
2026-03-18 07:00:00+00:00,1.62875950336,1.6288818121,1.6222628355,1.62466228008,0
2026-03-18 08:00:00+00:00,1.62466275692,1.63136172295,1.62209427357,1.62381076813,0
2026-03-18 09:00:00+00:00,1.62388634682,1.63815176487,1.62380194664,1.63158011436,0
2026-03-18 10:00:00+00:00,1.63194429874,1.63747012615,1.63194429874,1.63544332981,1323152
2026-03-18 11:00:00+00:00,1.6353058815,1.6353058815,1.59702849388,1.60292208195,5707184
2026-03-18 12:00:00+00:00,1.60317671299,1.60317671299,1.58457863331,1.5889647007,3152656
2026-03-18 13:00:00+00:00,1.58865177631,1.59411489964,1.58315956593,1.58315956593,0
2026-03-18 14:00:00+00:00,1.58308398724,1.58308398724,1.556884408,1.55764138699,7036944
2026-03-18 15:00:00+00:00,1.55262506008,1.56193840504,1.55008089542,1.56080949306,6320064
2026-03-18 16:00:00+00:00,1.56072735786,1.56072735786,1.55466067791,1.55596446991,1510832
2026-03-18 17:00:00+00:00,1.55585229397,1.56525409222,1.54951012135,1.55978691578,0
2026-03-18 18:00:00+00:00,1.56023406982,1.57407069206,1.55777347088,1.55777347088,1014064
2026-03-18 19:00:00+00:00,1.55804848671,1.5647547245,1.55094194412,1.55094194412,1553248
2026-03-18 20:00:00+00:00,1.55101501942,1.56202328205,1.54304504395,1.56202328205,3682224
2026-03-18 21:00:00+00:00,1.56197941303,1.56295073032,1.55710351467,1.56145644188,0
2026-03-18 22:00:00+00:00,1.56148350239,1.5640103817,1.55575275421,1.56370174885,205808
2026-03-18 23:00:00+00:00,1.56401956081,1.57572543621,1.55707132816,1.57572543621,86640
2026-03-19 00:00:00+00:00,1.57591772079,1.57663476467,1.56189084053,1.56189084053,0
2026-03-19 01:00:00+00:00,1.56196892262,1.56272554398,1.55793058872,1.56046056747,0
2026-03-19 02:00:00+00:00,1.560313344,1.560313344,1.5487960577,1.54880809784,0
2026-03-19 03:00:00+00:00,1.54884123802,1.56791710854,1.54839420319,1.55693161488,1401728
2026-03-19 04:00:00+00:00,1.55669438839,1.55733418465,1.55306208134,1.5562325716,0
2026-03-19 05:00:00+00:00,1.55428695679,1.55454659462,1.54272699356,1.54495275021,0
2026-03-19 06:00:00+00:00,1.54481947422,1.54911911488,1.5439466238,1.54749035835,506592
2026-03-19 07:00:00+00:00,1.54730606079,1.54730606079,1.52800035477,1.53573226929,2288256
2026-03-19 08:00:00+00:00,1.53560090065,1.53560090065,1.52961146832,1.53068768978,0
2026-03-19 09:00:00+00:00,1.53086078167,1.54585182667,1.53086078167,1.54576015472,2654928
2026-03-19 10:00:00+00:00,1.54588544369,1.54588544369,1.53220319748,1.53220319748,0
2026-03-19 11:00:00+00:00,1.5321303606,1.5417714119,1.53069067001,1.53913104534,0
2026-03-19 12:00:00+00:00,1.53920161724,1.54130232334,1.52353405952,1.52457463741,0
2026-03-19 13:00:00+00:00,1.52306342125,1.52463531494,1.5145355463,1.52414119244,583616
2026-03-19 14:00:00+00:00,1.52422451973,1.52503585815,1.50988948345,1.51376140118,0
2026-03-19 15:00:00+00:00,1.51340794563,1.52057409286,1.50342309475,1.5205129385,0
2026-03-19 16:00:00+00:00,1.52061748505,1.52061748505,1.5073363781,1.51171982288,2363776
2026-03-19 17:00:00+00:00,1.51185762882,1.51381540298,1.49975013733,1.51375174522,504688
2026-03-19 18:00:00+00:00,1.51365756989,1.51436877251,1.51088249683,1.51402151585,0
2026-03-19 19:00:00+00:00,1.5141094923,1.53398668766,1.5141094923,1.53006088734,2530496
2026-03-19 20:00:00+00:00,1.53010177612,1.53341436386,1.52775073051,1.52928924561,0
2026-03-19 21:00:00+00:00,1.52952110767,1.53209745884,1.52219092846,1.52355587482,1269008
2026-03-19 22:00:00+00:00,1.52352714539,1.52352714539,1.50774979591,1.51550841331,0
2026-03-19 23:00:00+00:00,1.51596021652,1.52470695972,1.51596021652,1.52447867393,59600
2026-03-20 00:00:00+00:00,1.52390444279,1.5276683569,1.52118504047,1.52763402462,0
2026-03-20 01:00:00+00:00,1.52766406536,1.54262852669,1.52766406536,1.53871929646,0
2026-03-20 02:00:00+00:00,1.53873443604,1.5389906168,1.53007829189,1.53759264946,0
2026-03-20 03:00:00+00:00,1.5374853611,1.53865170479,1.53175842762,1.53307950497,0
2026-03-20 04:00:00+00:00,1.53301167488,1.54351484776,1.5315541029,1.54346358776,719584
2026-03-20 05:00:00+00:00,1.54359853268,1.55085813999,1.54185044765,1.54294288158,865136
2026-03-20 06:00:00+00:00,1.54281258583,1.54497098923,1.54019975662,1.54296803474,0
2026-03-20 07:00:00+00:00,1.5429173708,1.5429173708,1.5324280262,1.53610312939,0
2026-03-20 08:00:00+00:00,1.53611373901,1.54400026798,1.53592145443,1.53742873669,375536
2026-03-20 09:00:00+00:00,1.53734850883,1.53734850883,1.52220237255,1.52755355835,0
2026-03-20 10:00:00+00:00,1.52753603458,1.53389918804,1.52340507507,1.53389918804,0
2026-03-20 11:00:00+00:00,1.53382527828,1.53808391094,1.52321052551,1.52792525291,0
2026-03-20 12:00:00+00:00,1.52789866924,1.53563666344,1.52652561665,1.52862477303,0
2026-03-20 13:00:00+00:00,1.52963197231,1.53392887115,1.52517735958,1.52613115311,0
2026-03-20 14:00:00+00:00,1.52605354786,1.52995967865,1.51839065552,1.51839065552,0
2026-03-20 15:00:00+00:00,1.51823222637,1.52572500706,1.51518082619,1.52335596085,0
2026-03-20 16:00:00+00:00,1.5236825943,1.52534818649,1.51685488224,1.51962649822,0
2026-03-20 17:00:00+00:00,1.51932644844,1.51932644844,1.50890254974,1.51499521732,0
2026-03-20 18:00:00+00:00,1.51510810852,1.51906454563,1.50405216217,1.50405216217,0
2026-03-20 19:00:00+00:00,1.50422561169,1.51039159298,1.49796867371,1.51039159298,0
2026-03-20 20:00:00+00:00,1.51035821438,1.51035821438,1.49838387966,1.50638842583,0
2026-03-20 21:00:00+00:00,1.50635457039,1.51709973812,1.50539052486,1.51237678528,140704
2026-03-20 22:00:00+00:00,1.5125297308,1.52147126198,1.5125297308,1.51720249653,1005680
2026-03-20 23:00:00+00:00,1.51702773571,1.51702773571,1.49988782406,1.49988782406,0
2026-03-21 00:00:00+00:00,1.49985539913,1.50977766514,1.49985539913,1.50977766514,0
2026-03-21 01:00:00+00:00,1.50979042053,1.51239824295,1.50388026237,1.50447392464,0
2026-03-21 02:00:00+00:00,1.5044503212,1.51433336735,1.50390851498,1.51258969307,0
2026-03-21 03:00:00+00:00,1.51292467117,1.51302421093,1.51026880741,1.51158738136,0
2026-03-21 04:00:00+00:00,1.51154971123,1.51443839073,1.50868356228,1.50931692123,0
2026-03-21 05:00:00+00:00,1.50927484035,1.51177859306,1.50881040096,1.50894510746,0
2026-03-21 06:00:00+00:00,1.50904083252,1.51409518719,1.50852704048,1.51041388512,0
2026-03-21 07:00:00+00:00,1.51039254665,1.51039254665,1.50205934048,1.50205934048,0
2026-03-21 08:00:00+00:00,1.50203621387,1.50235402584,1.4947283268,1.50232386589,0
2026-03-21 09:00:00+00:00,1.50220060349,1.5063123703,1.49431061745,1.49431061745,0
2026-03-21 10:00:00+00:00,1.4943215847,1.49474644661,1.4881272316,1.49451506138,0
2026-03-21 11:00:00+00:00,1.49452638626,1.49473595619,1.49136209488,1.49137020111,0
2026-03-21 12:00:00+00:00,1.49124634266,1.49415659904,1.49119710922,1.49136841297,0
2026-03-21 13:00:00+00:00,1.4912737608,1.49299561977,1.48655354977,1.488453269,0
2026-03-21 14:00:00+00:00,1.48836886883,1.49628484249,1.48836886883,1.48922240734,0
2026-03-21 15:00:00+00:00,1.48934006691,1.50530433655,1.48875141144,1.50528764725,0
2026-03-21 16:00:00+00:00,1.50601458549,1.507152915,1.50058114529,1.50065875053,0
2026-03-21 17:00:00+00:00,1.500608325,1.50126051903,1.497651577,1.50105798244,0
2026-03-21 18:00:00+00:00,1.50113666058,1.50113666058,1.496352911,1.49642217159,0
2026-03-21 19:00:00+00:00,1.49645698071,1.49645698071,1.49291658401,1.49443411827,0
2026-03-21 20:00:00+00:00,1.49439620972,1.50070202351,1.49328815937,1.50070202351,0
2026-03-21 21:00:00+00:00,1.50075411797,1.50210559368,1.49556696415,1.49566912651,0
2026-03-21 22:00:00+00:00,1.49573123455,1.49821555614,1.49501371384,1.49559569359,0
2026-03-21 23:00:00+00:00,1.4955624342,1.49639642239,1.46370220184,1.46429073811,5461904
2026-03-22 00:00:00+00:00,1.46665382385,1.46936106682,1.45051002502,1.46395397186,10178848
2026-03-22 01:00:00+00:00,1.46411907673,1.46976828575,1.46172511578,1.46298694611,2877936
2026-03-22 02:00:00+00:00,1.46309924126,1.4755102396,1.46309924126,1.47309589386,639632
2026-03-22 03:00:00+00:00,1.47304236889,1.48040413857,1.46896612644,1.47270071507,1605672
2026-03-22 04:00:00+00:00,1.47257590294,1.47823023796,1.47117340565,1.47578763962,0
2026-03-22 05:00:00+00:00,1.47577726841,1.47577726841,1.46270692348,1.46270692348,0
2026-03-22 06:00:00+00:00,1.46269142628,1.46378195286,1.46162438393,1.46349084377,0
2026-03-22 07:00:00+00:00,1.46354186535,1.4651184082,1.45961344242,1.45961344242,975832
2026-03-22 08:00:00+00:00,1.45963180065,1.45963180065,1.44849908352,1.45217263699,0
2026-03-22 09:00:00+00:00,1.45212459564,1.45636105537,1.45196354389,1.45319187641,0
2026-03-22 10:00:00+00:00,1.4531430006,1.4531430006,1.43849945068,1.4386702776,0
2026-03-22 11:00:00+00:00,1.43848884106,1.43853199482,1.43483996391,1.43483996391,1949424
2026-03-22 12:00:00+00:00,1.43470704556,1.44667756557,1.43401300907,1.44085133076,2650768
2026-03-22 13:00:00+00:00,1.44088101387,1.44317746162,1.43408715725,1.43681228161,0
2026-03-22 14:00:00+00:00,1.43673145771,1.43733942509,1.43231463432,1.43232727051,0
2026-03-22 15:00:00+00:00,1.43260514736,1.43763196468,1.43248987198,1.43370139599,0
2026-03-22 16:00:00+00:00,1.43378388882,1.43637418747,1.43240511417,1.43377029896,0
2026-03-22 17:00:00+00:00,1.43374288082,1.43559443951,1.42951440811,1.43559443951,93792
2026-03-22 18:00:00+00:00,1.43518638611,1.4354673624,1.42613875866,1.42613875866,0
2026-03-22 19:00:00+00:00,1.42639994621,1.42802488804,1.41524374485,1.41640245914,2827576
2026-03-22 20:00:00+00:00,1.41640794277,1.41741394997,1.41055428982,1.41133856773,206192
2026-03-22 21:00:00+00:00,1.41133058071,1.41271078587,1.39550149441,1.41029644012,6202728
2026-03-22 22:00:00+00:00,1.41057300568,1.42107450962,1.4081697464,1.41770005226,3083648
2026-03-22 23:00:00+00:00,1.41766119003,1.4190890789,1.41077744961,1.41150808334,0
2026-03-23 00:00:00+00:00,1.41157770157,1.4211961031,1.41157770157,1.42051398754,283120
2026-03-23 01:00:00+00:00,1.42011880875,1.42879867554,1.42001950741,1.42576515675,0
2026-03-23 02:00:00+00:00,1.425770998,1.43337142467,1.4228758812,1.431681633,597816
2026-03-23 03:00:00+00:00,1.43284511566,1.43707942963,1.43126952648,1.43126952648,0
2026-03-23 04:00:00+00:00,1.43117713928,1.43857300282,1.4311413765,1.43857300282,1464536
2026-03-23 05:00:00+00:00,1.43868255615,1.44085943699,1.43396484852,1.43792998791,1795568
2026-03-23 06:00:00+00:00,1.43776631355,1.43776631355,1.41467058659,1.41546940804,2379608
2026-03-23 07:00:00+00:00,1.41559505463,1.41883277893,1.40564453602,1.41649532318,2368800
2026-03-23 08:00:00+00:00,1.41643822193,1.41908335686,1.40896236897,1.40896236897,102840
2026-03-23 09:00:00+00:00,1.40842962265,1.41624057293,1.40521192551,1.41612303257,1387344
2026-03-23 10:00:00+00:00,1.41605556011,1.42245936394,1.41490912437,1.41616785526,0
2026-03-23 11:00:00+00:00,1.41607892513,1.48565602303,1.41607892513,1.46513056755,33859752
2026-03-23 12:00:00+00:00,1.46538257599,1.47422897816,1.46225559711,1.46835124493,5550816
2026-03-23 13:00:00+00:00,1.46878516674,1.47844970226,1.46499693394,1.47835338116,5456096
2026-03-23 14:00:00+00:00,1.47828352451,1.48322784901,1.46119439602,1.46310591698,3987328
2026-03-23 15:00:00+00:00,1.46333134174,1.47157037258,1.4354159832,1.4354159832,7606288
2026-03-23 16:00:00+00:00,1.43507158756,1.43939769268,1.42790973186,1.43798744678,5762560
2026-03-23 17:00:00+00:00,1.43816149235,1.43878734112,1.42867004871,1.43440377712,7048336
2026-03-23 18:00:00+00:00,1.43443238735,1.43962061405,1.42938971519,1.43722176552,1858704
2026-03-23 19:00:00+00:00,1.43905103207,1.43905103207,1.42123746872,1.42334365845,1930784
2026-03-23 20:00:00+00:00,1.4231556654,1.42661511898,1.41113674641,1.42517089844,3593680
2026-03-23 21:00:00+00:00,1.42517995834,1.43140792847,1.42517995834,1.42951095104,0
2026-03-23 22:00:00+00:00,1.42922508717,1.42951440811,1.41102671623,1.41138696671,285248
2026-03-23 23:00:00+00:00,1.41148900986,1.42006587982,1.40583324432,1.4198166132,4662464
2026-03-24 00:00:00+00:00,1.41981470585,1.42228770256,1.41691613197,1.42201399803,6726816
2026-03-24 01:00:00+00:00,1.42209374905,1.42391741276,1.40944957733,1.4137339592,149008
2026-03-24 02:00:00+00:00,1.41365897655,1.4206391573,1.41315591335,1.41468524933,830976
2026-03-24 03:00:00+00:00,1.41463673115,1.42205870152,1.41069722176,1.42205870152,2391152
2026-03-24 04:00:00+00:00,1.42205095291,1.42335224152,1.41265976429,1.41508853436,2631376
2026-03-24 05:00:00+00:00,1.41501224041,1.41700279713,1.41051506996,1.41647720337,3206000
2026-03-24 06:00:00+00:00,1.41652107239,1.4179662466,1.40931332111,1.41622066498,50608
2026-03-24 07:00:00+00:00,1.416223526,1.42478477955,1.41605818272,1.42478477955,4215168
2026-03-24 08:00:00+00:00,1.42505097389,1.42626297474,1.41453135014,1.4203466177,2228192
2026-03-24 09:00:00+00:00,1.4204441309,1.42097198963,1.41311407089,1.41350352764,2753760
2026-03-24 10:00:00+00:00,1.41465950012,1.41465950012,1.4006768465,1.4035743475,4964592
2026-03-24 11:00:00+00:00,1.40396058559,1.40494048595,1.3881649971,1.39542412758,0
2026-03-24 12:00:00+00:00,1.39534962177,1.39815962315,1.39239740372,1.39445316792,0
2026-03-24 13:00:00+00:00,1.39439833164,1.3986582756,1.38835942745,1.38835942745,1083216
2026-03-24 14:00:00+00:00,1.38851726055,1.40257465839,1.38793933392,1.40257465839,664032
2026-03-24 15:00:00+00:00,1.40201675892,1.40201675892,1.38177096844,1.38177096844,0
2026-03-24 16:00:00+00:00,1.38182449341,1.38182449341,1.37379860878,1.37754428387,3065200
2026-03-24 17:00:00+00:00,1.37764394283,1.37823462486,1.36279082298,1.3673208952,0
2026-03-24 18:00:00+00:00,1.36725842953,1.37773323059,1.36321151257,1.37262988091,0
2026-03-24 19:00:00+00:00,1.37321126461,1.38338470459,1.37321126461,1.37737417221,0
2026-03-24 20:00:00+00:00,1.37766873837,1.39702618122,1.37766873837,1.3963496685,5772320
2026-03-24 21:00:00+00:00,1.39632034302,1.3966408968,1.38580346107,1.39386439323,0
2026-03-24 22:00:00+00:00,1.39382183552,1.39672827721,1.38870477676,1.3925396204,0
2026-03-24 23:00:00+00:00,1.39270925522,1.40300142765,1.39270925522,1.400349617,0
2026-03-25 00:00:00+00:00,1.40038776398,1.40907204151,1.39824569225,1.40715479851,0
2026-03-25 01:00:00+00:00,1.40717315674,1.40833091736,1.40347623825,1.4050039053,0
2026-03-25 02:00:00+00:00,1.40500152111,1.40504825115,1.39939165115,1.39947676659,5462960
2026-03-25 03:00:00+00:00,1.39947903156,1.40009343624,1.39165759087,1.39958572388,2556688
2026-03-25 04:00:00+00:00,1.39963400364,1.40127050877,1.39084935188,1.39349830151,0
2026-03-25 05:00:00+00:00,1.39352273941,1.39686334133,1.38844335079,1.38844335079,1003840
2026-03-25 06:00:00+00:00,1.38849627972,1.38849627972,1.38046419621,1.38417947292,1398192
2026-03-25 07:00:00+00:00,1.38410210609,1.38713276386,1.38183796406,1.38366031647,0
2026-03-25 08:00:00+00:00,1.38358318806,1.39719498158,1.38331711292,1.38516271114,1407744
2026-03-25 09:00:00+00:00,1.3851184845,1.38682329655,1.37716805935,1.38675498962,2412992
2026-03-25 10:00:00+00:00,1.38688361645,1.39351177216,1.38688361645,1.39293217659,0
2026-03-25 11:00:00+00:00,1.39269948006,1.39466154575,1.38204240799,1.39212799072,0
2026-03-25 12:00:00+00:00,1.39219808578,1.3930863142,1.38215208054,1.38883244991,641568
2026-03-25 13:00:00+00:00,1.3890542984,1.3890542984,1.37223446369,1.3727517128,556416
2026-03-25 14:00:00+00:00,1.37225043774,1.38017463684,1.37051451206,1.3792194128,252896
2026-03-25 15:00:00+00:00,1.37897920609,1.37897920609,1.36585915089,1.36867904663,0
2026-03-25 16:00:00+00:00,1.36870408058,1.38046133518,1.36848044395,1.37078642845,0
2026-03-25 17:00:00+00:00,1.37073373795,1.37293016911,1.36546361446,1.36876392365,0
2026-03-25 18:00:00+00:00,1.36892271042,1.38073277473,1.36892271042,1.37514519691,2064192
2026-03-25 19:00:00+00:00,1.37500286102,1.37500286102,1.3678330183,1.3678330183,0
2026-03-25 20:00:00+00:00,1.36799371243,1.36800706387,1.34879136086,1.35379433632,424640
2026-03-25 21:00:00+00:00,1.35339868069,1.35339868069,1.3495670557,1.35107982159,1354400
2026-03-25 22:00:00+00:00,1.35122001171,1.36071157455,1.35064065456,1.35748374462,3911056
2026-03-25 23:00:00+00:00,1.35760867596,1.36127734184,1.3549554348,1.36127734184,998640
2026-03-26 00:00:00+00:00,1.3613704443,1.36697876453,1.35537576675,1.35581731796,0
2026-03-26 01:00:00+00:00,1.35612010956,1.36587917805,1.35612010956,1.36071479321,189344
2026-03-26 02:00:00+00:00,1.36036515236,1.36036515236,1.34534919262,1.34836399555,0
2026-03-26 03:00:00+00:00,1.34855699539,1.34855699539,1.34148728848,1.34405744076,0
2026-03-26 04:00:00+00:00,1.34390091896,1.34390091896,1.33369445801,1.33479726315,1467728
2026-03-26 05:00:00+00:00,1.3346657753,1.33505833149,1.32816410065,1.33141648769,3315456
2026-03-26 06:00:00+00:00,1.33115041256,1.33115041256,1.32018971443,1.32392954826,594160
2026-03-26 07:00:00+00:00,1.32397603989,1.32781517506,1.32346105576,1.32781517506,0
2026-03-26 08:00:00+00:00,1.32787501812,1.32787501812,1.31927621365,1.32092833519,0
2026-03-26 09:00:00+00:00,1.32092964649,1.3212723732,1.31046497822,1.3120559454,0
2026-03-26 10:00:00+00:00,1.31194078922,1.31194078922,1.30648183823,1.31183969975,3133680
2026-03-26 11:00:00+00:00,1.31182193756,1.31474840641,1.31041443348,1.3122947216,0
2026-03-26 12:00:00+00:00,1.31239438057,1.32615029812,1.31239438057,1.32071280479,0
2026-03-26 13:00:00+00:00,1.32055497169,1.33404660225,1.31976795197,1.32863390446,0
2026-03-26 14:00:00+00:00,1.32918322086,1.3336032629,1.32677805424,1.32931792736,1154528
2026-03-26 15:00:00+00:00,1.32952654362,1.32952654362,1.31909668446,1.32289779186,0
2026-03-26 16:00:00+00:00,1.32308602333,1.33054018021,1.31874573231,1.31874573231,0
2026-03-26 17:00:00+00:00,1.31868469715,1.32824420929,1.31812477112,1.32160961628,0
2026-03-26 18:00:00+00:00,1.32166588306,1.32167077065,1.3157132864,1.31965386868,1331568
2026-03-26 19:00:00+00:00,1.31968688965,1.31968688965,1.30533242226,1.3088157177,1173232
2026-03-26 20:00:00+00:00,1.30693125725,1.32150006294,1.30150747299,1.30679357052,156304
2026-03-26 21:00:00+00:00,1.30674779415,1.32568359375,1.30674779415,1.32222676277,1230912
2026-03-26 22:00:00+00:00,1.32124114037,1.32318043709,1.31911015511,1.31911015511,0
2026-03-26 23:00:00+00:00,1.31913244724,1.32346618176,1.31509780884,1.32285904884,6912
2026-03-27 00:00:00+00:00,1.32263302803,1.32268130779,1.31801068783,1.32256937027,0
2026-03-27 01:00:00+00:00,1.32307136059,1.33736240864,1.32160568237,1.33707201481,0
2026-03-27 02:00:00+00:00,1.33700120449,1.33700120449,1.32602465153,1.32795286179,0
2026-03-27 03:00:00+00:00,1.32781386375,1.32781386375,1.31726336479,1.31982862949,0
2026-03-27 04:00:00+00:00,1.31991672516,1.32286965847,1.31367170811,1.32062029839,0
2026-03-27 05:00:00+00:00,1.32044029236,1.32160234451,1.31635665894,1.32006168365,0
2026-03-27 06:00:00+00:00,1.32011914253,1.32243967056,1.31822323799,1.3219575882,0
2026-03-27 07:00:00+00:00,1.3219602108,1.32427167892,1.3183825016,1.32300972939,0
2026-03-27 08:00:00+00:00,1.32368421555,1.32489824295,1.31051969528,1.31682014465,0
2026-03-27 09:00:00+00:00,1.31659185886,1.31659185886,1.29841518402,1.2999163866,0
2026-03-27 10:00:00+00:00,1.29989278316,1.29989278316,1.27592384815,1.276242733,2121712
2026-03-27 11:00:00+00:00,1.27615857124,1.28237259388,1.27615857124,1.28014945984,1480384
2026-03-27 12:00:00+00:00,1.2802208662,1.28064274788,1.2743268013,1.28064274788,0
2026-03-27 13:00:00+00:00,1.28077363968,1.29300415516,1.28077363968,1.28637254238,0
2026-03-27 14:00:00+00:00,1.28663265705,1.28687953949,1.27530050278,1.28192067146,0
2026-03-27 15:00:00+00:00,1.2819596529,1.2864125967,1.2782959938,1.28162014484,0
2026-03-27 16:00:00+00:00,1.28140485287,1.28380858898,1.27714860439,1.28115177155,0
2026-03-27 17:00:00+00:00,1.28056144714,1.2873364687,1.28056144714,1.28299427032,0
2026-03-27 18:00:00+00:00,1.28298556805,1.28298556805,1.27378427982,1.27712285519,0
2026-03-27 19:00:00+00:00,1.27707123756,1.28043019772,1.27188372612,1.28043019772,0
2026-03-27 20:00:00+00:00,1.28048849106,1.28268504143,1.27546823025,1.28268504143,0
2026-03-27 21:00:00+00:00,1.28273034096,1.29029810429,1.28229093552,1.28652560711,0
2026-03-27 22:00:00+00:00,1.28615605831,1.28760576248,1.28345835209,1.28481090069,0
2026-03-27 23:00:00+00:00,1.2847121954,1.29193389416,1.28019022942,1.29059541225,975120
2026-03-28 00:00:00+00:00,1.29061841965,1.29175674915,1.28329944611,1.28329944611,0
2026-03-28 01:00:00+00:00,1.28273165226,1.28273165226,1.27427005768,1.27832007408,0
2026-03-28 02:00:00+00:00,1.27835714817,1.28394722939,1.27560484409,1.27659666538,0
2026-03-28 03:00:00+00:00,1.27664089203,1.28225159645,1.27537512779,1.28213179111,0
2026-03-28 04:00:00+00:00,1.28216075897,1.28424286842,1.28048610687,1.28283452988,0
2026-03-28 05:00:00+00:00,1.28281235695,1.28906679153,1.28281235695,1.28906679153,0
2026-03-28 06:00:00+00:00,1.28910291195,1.296615839,1.28900146484,1.29489564896,0
2026-03-28 07:00:00+00:00,1.29441213608,1.29823076725,1.29433441162,1.29823076725,0
2026-03-28 08:00:00+00:00,1.29837965965,1.30388772488,1.29837965965,1.30104923248,0
2026-03-28 09:00:00+00:00,1.300958395,1.3010725975,1.28987300396,1.29093515873,0
2026-03-28 10:00:00+00:00,1.29185461998,1.29651582241,1.29182612896,1.29481518269,0
2026-03-28 11:00:00+00:00,1.29467558861,1.29690790176,1.28705894947,1.28705894947,0
2026-03-28 12:00:00+00:00,1.28706014156,1.28706014156,1.27716767788,1.27965724468,0
2026-03-28 13:00:00+00:00,1.27959954739,1.30176484585,1.27959954739,1.29442131519,131088
2026-03-28 14:00:00+00:00,1.29453122616,1.29491603374,1.28612530231,1.2893320322,0
2026-03-28 15:00:00+00:00,1.28943419456,1.29226768017,1.28512883186,1.28512883186,0
2026-03-28 16:00:00+00:00,1.28704440594,1.28865075111,1.28615581989,1.28865075111,0
2026-03-28 17:00:00+00:00,1.28859674931,1.28910398483,1.27667832375,1.28041505814,0
2026-03-28 18:00:00+00:00,1.27995383739,1.28436124325,1.27923846245,1.282984972,0
2026-03-28 19:00:00+00:00,1.28290176392,1.28324902058,1.27870643139,1.28108668327,0
2026-03-28 20:00:00+00:00,1.28114509583,1.28463220596,1.28114509583,1.28319191933,0
2026-03-28 21:00:00+00:00,1.283203125,1.283203125,1.26882064342,1.26959335804,1756544
2026-03-28 22:00:00+00:00,1.26878738403,1.27097547054,1.26430177689,1.26584839821,2002408
2026-03-28 23:00:00+00:00,1.26579761505,1.26579761505,1.25521278381,1.25720870495,1272056
2026-03-29 00:00:00+00:00,1.25722539425,1.26079380512,1.25269377232,1.25580871105,359656
2026-03-29 01:00:00+00:00,1.25600123405,1.26543152332,1.25600123405,1.26345968246,0
2026-03-29 02:00:00+00:00,1.26344251633,1.26562798023,1.26199889183,1.2647023201,0
2026-03-29 03:00:00+00:00,1.26470637321,1.27026069164,1.26470637321,1.26928508282,0
2026-03-29 04:00:00+00:00,1.26931333542,1.26931333542,1.26563441753,1.26736068726,0
2026-03-29 05:00:00+00:00,1.26733863354,1.27076983452,1.26438462734,1.27072489262,0
2026-03-29 06:00:00+00:00,1.27001094818,1.27185881138,1.26762235165,1.27098214626,0
2026-03-29 07:00:00+00:00,1.27083671093,1.27083671093,1.26591479778,1.26777100563,0
2026-03-29 08:00:00+00:00,1.267557621,1.27140283585,1.26748692989,1.27132725716,0
2026-03-29 09:00:00+00:00,1.27134644985,1.27238512039,1.26960003376,1.26960003376,0
2026-03-29 10:00:00+00:00,1.26964080334,1.26964080334,1.26366972923,1.265452981,0
2026-03-29 11:00:00+00:00,1.26549255848,1.27356159687,1.26549255848,1.26708817482,0
2026-03-29 12:00:00+00:00,1.26568603516,1.26568603516,1.25951147079,1.26102387905,0
2026-03-29 13:00:00+00:00,1.26124215126,1.26414966583,1.25788557529,1.26295304298,0
2026-03-29 14:00:00+00:00,1.26299023628,1.26620519161,1.2604547739,1.26265907288,0
2026-03-29 15:00:00+00:00,1.26280093193,1.26395177841,1.2552536726,1.2568269968,0
2026-03-29 16:00:00+00:00,1.25668931007,1.25900244713,1.25457942486,1.25457942486,0
2026-03-29 17:00:00+00:00,1.2545273304,1.25560581684,1.25128483772,1.25361144543,0
2026-03-29 18:00:00+00:00,1.25353360176,1.25535917282,1.25147330761,1.25411725044,0
2026-03-29 19:00:00+00:00,1.25411653519,1.25411653519,1.25100982189,1.25207877159,0
2026-03-29 20:00:00+00:00,1.25230205059,1.26158618927,1.25230205059,1.25870931149,451280
2026-03-29 21:00:00+00:00,1.25878250599,1.26633191109,1.25878250599,1.26627528667,0
2026-03-29 22:00:00+00:00,1.26630437374,1.26630437374,1.23537766933,1.24948096275,2548040
2026-03-29 23:00:00+00:00,1.24927568436,1.25904655457,1.24927568436,1.25800967216,260576
2026-03-30 00:00:00+00:00,1.25812494755,1.28145051003,1.25812494755,1.26795387268,1489384
2026-03-30 01:00:00+00:00,1.26802611351,1.27326393127,1.26555025578,1.27265024185,1051496
2026-03-30 02:00:00+00:00,1.27257442474,1.27818930149,1.2706964016,1.27264845371,2795960
2026-03-30 03:00:00+00:00,1.27295804024,1.27491152287,1.27097785473,1.27097785473,971720
2026-03-30 04:00:00+00:00,1.27097856998,1.27500224113,1.26916742325,1.27160954475,2981352
2026-03-30 05:00:00+00:00,1.27164554596,1.27230930328,1.26062059402,1.26179885864,2347760
2026-03-30 06:00:00+00:00,1.26171636581,1.26835298538,1.26121127605,1.26774656773,1018248
2026-03-30 07:00:00+00:00,1.26767516136,1.2748144865,1.26703703403,1.2748144865,2616592
2026-03-30 08:00:00+00:00,1.2748118639,1.28282403946,1.2748118639,1.27954363823,5194448
2026-03-30 09:00:00+00:00,1.27955842018,1.27955842018,1.26776468754,1.26795566082,1196024
2026-03-30 10:00:00+00:00,1.26805198193,1.2697994709,1.26590466499,1.2697994709,1435584
2026-03-30 11:00:00+00:00,1.26969861984,1.27982592583,1.26969861984,1.27896690369,2964232
2026-03-30 12:00:00+00:00,1.27898490429,1.28293371201,1.27421963215,1.27601492405,1438656
2026-03-30 13:00:00+00:00,1.27594506741,1.27834939957,1.26593863964,1.26593863964,573840
2026-03-30 14:00:00+00:00,1.26482629776,1.2684264183,1.26092159748,1.26822447777,1519112
2026-03-30 15:00:00+00:00,1.26815533638,1.26910340786,1.26061165333,1.2640645504,1556400
2026-03-30 16:00:00+00:00,1.26336455345,1.26645457745,1.26073646545,1.26082193851,2004816
2026-03-30 17:00:00+00:00,1.26239359379,1.26239359379,1.24667048454,1.24695193768,3023248
2026-03-30 18:00:00+00:00,1.24849522114,1.2493802309,1.24488222599,1.24556493759,2285856
2026-03-30 19:00:00+00:00,1.2454944849,1.2454944849,1.23397159576,1.24044001102,3409752
2026-03-30 20:00:00+00:00,1.24034774303,1.24236774445,1.23359715939,1.23512947559,827080
2026-03-30 21:00:00+00:00,1.23505437374,1.24955439568,1.234598279,1.24864816666,2033328
2026-03-30 22:00:00+00:00,1.24756443501,1.24817836285,1.24468958378,1.24629151821,0
2026-03-30 23:00:00+00:00,1.24617218971,1.24617218971,1.23690748215,1.24238777161,0
2026-03-31 00:00:00+00:00,1.24231207371,1.24448978901,1.23871695995,1.24272787571,0
2026-03-31 01:00:00+00:00,1.24298155308,1.25773084164,1.24167227745,1.25603675842,2001808
2026-03-31 02:00:00+00:00,1.2562315464,1.26055645943,1.25440740585,1.25839221478,0
2026-03-31 03:00:00+00:00,1.25842869282,1.25915336609,1.2522854805,1.25257182121,0
2026-03-31 04:00:00+00:00,1.25271165371,1.25320756435,1.24597620964,1.24620330334,0
2026-03-31 05:00:00+00:00,1.24618923664,1.24836325645,1.2444024086,1.24697446823,0
2026-03-31 06:00:00+00:00,1.24698674679,1.24893391132,1.2394285202,1.24893391132,42416
2026-03-31 07:00:00+00:00,1.24897611141,1.25462329388,1.24876987934,1.25363838673,0
2026-03-31 08:00:00+00:00,1.25370943546,1.2560223341,1.24010372162,1.24177324772,0
2026-03-31 09:00:00+00:00,1.24166762829,1.24196851254,1.22980391979,1.22980391979,986736
2026-03-31 10:00:00+00:00,1.229429245,1.23529219627,1.22782075405,1.22785139084,1468136
2026-03-31 11:00:00+00:00,1.22783648968,1.24155402184,1.22662162781,1.23587679863,3803448
2026-03-31 12:00:00+00:00,1.23587715626,1.24251306057,1.23423099518,1.24206149578,5422456
2026-03-31 13:00:00+00:00,1.2416960001,1.26732158661,1.2416523695,1.26682138443,2912616
2026-03-31 14:00:00+00:00,1.26600086689,1.27301549911,1.25434064865,1.2545427084,1964832
2026-03-31 15:00:00+00:00,1.25469517708,1.26339137554,1.25228178501,1.25246953964,304112
2026-03-31 16:00:00+00:00,1.25249803066,1.27274107933,1.25236725807,1.26497292519,1878184
2026-03-31 17:00:00+00:00,1.26455938816,1.26992344856,1.256331563,1.256331563,1665608
2026-03-31 18:00:00+00:00,1.25809895992,1.26591324806,1.25809895992,1.26257121563,0
2026-03-31 19:00:00+00:00,1.26274216175,1.26780080795,1.26274216175,1.26700234413,0
2026-03-31 20:00:00+00:00,1.26802897453,1.26833093166,1.25985682011,1.26287770271,5415112
2026-03-31 21:00:00+00:00,1.26373040676,1.26373040676,1.25877153873,1.26210319996,0
2026-03-31 22:00:00+00:00,1.26208126545,1.26208126545,1.25253522396,1.25412321091,0
2026-03-31 23:00:00+00:00,1.25394463539,1.25394463539,1.25062167645,1.25161969662,775992
2026-04-01 00:00:00+00:00,1.25178849697,1.25455582142,1.25082921982,1.2542399168,0
2026-04-01 01:00:00+00:00,1.25433313847,1.25772130489,1.25044822693,1.25044822693,0
2026-04-01 02:00:00+00:00,1.2500398159,1.25224137306,1.2484664917,1.25184583664,866008
2026-04-01 03:00:00+00:00,1.2520481348,1.26122915745,1.2520481348,1.25936841965,0
2026-04-01 04:00:00+00:00,1.25936293602,1.26603078842,1.25936293602,1.26414895058,0
2026-04-01 05:00:00+00:00,1.26427006721,1.28036379814,1.26193726063,1.28007566929,3755728
2026-04-01 06:00:00+00:00,1.28000545502,1.29908668995,1.27925658226,1.29862523079,8304304
2026-04-01 07:00:00+00:00,1.29865181446,1.29933106899,1.28646373749,1.28756797314,1857888
2026-04-01 08:00:00+00:00,1.28746068478,1.28949952126,1.27756679058,1.27776706219,0
2026-04-01 09:00:00+00:00,1.27772080898,1.28311419487,1.27463662624,1.28289473057,0
2026-04-01 10:00:00+00:00,1.28282761574,1.28282761574,1.27746009827,1.27804350853,0
2026-04-01 11:00:00+00:00,1.27829623222,1.27943897247,1.27025020123,1.27499318123,0
2026-04-01 12:00:00+00:00,1.27486145496,1.28433001041,1.27416503429,1.2809484005,0
2026-04-01 13:00:00+00:00,1.28085315228,1.28226840496,1.26769196987,1.27277696133,968200
2026-04-01 14:00:00+00:00,1.27260005474,1.27280247211,1.26723337173,1.27127873898,0
2026-04-01 15:00:00+00:00,1.27134370804,1.27301335335,1.26577615738,1.27301335335,324504
2026-04-01 16:00:00+00:00,1.2731192112,1.27884495258,1.27016985416,1.2753816843,0
2026-04-01 17:00:00+00:00,1.2755664587,1.28179121017,1.27107048035,1.27107048035,0
2026-04-01 18:00:00+00:00,1.27097797394,1.27138316631,1.26183688641,1.26183688641,1024528
2026-04-01 19:00:00+00:00,1.26184225082,1.26505243778,1.25809514523,1.26445579529,1147992
2026-04-01 20:00:00+00:00,1.26440775394,1.26446270943,1.25780653954,1.26229667664,0
2026-04-01 21:00:00+00:00,1.26219415665,1.26837360859,1.26150774956,1.26495015621,642016
2026-04-01 22:00:00+00:00,1.26491141319,1.26491141319,1.25389790535,1.25469851494,0
2026-04-01 23:00:00+00:00,1.25468325615,1.25650978088,1.25366723537,1.2550201416,6000
2026-04-02 00:00:00+00:00,1.25508832932,1.26768314838,1.25508832932,1.26473355293,305976
2026-04-02 01:00:00+00:00,1.264716506,1.264716506,1.23413622379,1.23885834217,5297984
2026-04-02 02:00:00+00:00,1.23893618584,1.23893618584,1.21994745731,1.2266254425,4882800
2026-04-02 03:00:00+00:00,1.22661650181,1.2288184166,1.21508204937,1.21762132645,2720192
2026-04-02 04:00:00+00:00,1.21757471561,1.22243762016,1.21662998199,1.21819877625,1149120
2026-04-02 05:00:00+00:00,1.21812617779,1.2199845314,1.21467328072,1.21850550175,0
2026-04-02 06:00:00+00:00,1.21846187115,1.22180604935,1.21830785275,1.22124564648,0
2026-04-02 07:00:00+00:00,1.22130358219,1.22561073303,1.22017753124,1.22510194778,0
2026-04-02 08:00:00+00:00,1.22506463528,1.22506463528,1.2159948349,1.21607935429,0
2026-04-02 09:00:00+00:00,1.21610033512,1.21907770634,1.21280026436,1.21708023548,750040
2026-04-02 10:00:00+00:00,1.21717238426,1.21766722202,1.21435308456,1.21465885639,121080
2026-04-02 11:00:00+00:00,1.21463179588,1.21710240841,1.21070492268,1.21513462067,876208
2026-04-02 12:00:00+00:00,1.21529376507,1.21529376507,1.20769870281,1.20854651928,0
2026-04-02 13:00:00+00:00,1.20851397514,1.20942687988,1.20524811745,1.20942687988,0
2026-04-02 14:00:00+00:00,1.2095925808,1.23002767563,1.20955383778,1.23002696037,3797144
2026-04-02 15:00:00+00:00,1.23004817963,1.23004817963,1.21860253811,1.22068452835,2658048
2026-04-02 16:00:00+00:00,1.22072374821,1.22684335709,1.21793246269,1.22374105453,0
2026-04-02 17:00:00+00:00,1.22374355793,1.23084664345,1.22021436691,1.22069275379,0
2026-04-02 18:00:00+00:00,1.22074520588,1.22792875767,1.22005045414,1.22688901424,0
2026-04-02 19:00:00+00:00,1.226765275,1.22798740864,1.22195935249,1.22649919987,0
2026-04-02 20:00:00+00:00,1.22656917572,1.23011958599,1.22566223145,1.22787940502,0
2026-04-02 21:00:00+00:00,1.22789013386,1.23134028912,1.2256923914,1.23122036457,481728
2026-04-02 22:00:00+00:00,1.23045158386,1.23122608662,1.22875523567,1.23057174683,0
2026-04-02 23:00:00+00:00,1.23045945168,1.23637223244,1.22960627079,1.23635697365,696192
2026-04-03 00:00:00+00:00,1.23637902737,1.24003720284,1.23637902737,1.23960232735,0
2026-04-03 01:00:00+00:00,1.23966312408,1.24207556248,1.2349063158,1.23543334007,0
2026-04-03 02:00:00+00:00,1.23545062542,1.23764669895,1.23128855228,1.23394978046,0
2026-04-03 03:00:00+00:00,1.23409414291,1.23772263527,1.2328466177,1.23640990257,0
2026-04-03 04:00:00+00:00,1.23641467094,1.23999452591,1.23482859135,1.23999452591,0
2026-04-03 05:00:00+00:00,1.23992228508,1.24967432022,1.23879945278,1.24967432022,0
2026-04-03 06:00:00+00:00,1.24960160255,1.25808393955,1.24839377403,1.25578093529,887216
2026-04-03 07:00:00+00:00,1.25565934181,1.25565934181,1.24984276295,1.25217783451,882536
2026-04-03 08:00:00+00:00,1.25209319592,1.25691866875,1.25090348721,1.25593042374,164776
2026-04-03 09:00:00+00:00,1.25574934483,1.25574934483,1.24694764614,1.24694764614,0
2026-04-03 10:00:00+00:00,1.24692738056,1.2492723465,1.24543976784,1.24834144115,0
2026-04-03 11:00:00+00:00,1.24859893322,1.25807237625,1.24859893322,1.25718414783,0
2026-04-03 12:00:00+00:00,1.25718557835,1.25892484188,1.25206756592,1.25441110134,280768
2026-04-03 13:00:00+00:00,1.25447463989,1.25458848476,1.24773657322,1.24859726429,0
2026-04-03 14:00:00+00:00,1.24878871441,1.25394773483,1.24810087681,1.25394773483,0
2026-04-03 15:00:00+00:00,1.25384199619,1.2562366724,1.2495354414,1.24997282028,0
2026-04-03 16:00:00+00:00,1.2499781847,1.25184047222,1.24772012234,1.25184047222,0
2026-04-03 17:00:00+00:00,1.25193178654,1.25449752808,1.24903345108,1.249766469,0
2026-04-03 18:00:00+00:00,1.24972701073,1.25168657303,1.24573636055,1.24578583241,0
2026-04-03 19:00:00+00:00,1.24578428268,1.24578428268,1.2387304306,1.24244439602,338672
2026-04-03 20:00:00+00:00,1.2424043417,1.24940669537,1.24195826054,1.24195826054,106272
2026-04-03 21:00:00+00:00,1.24191772938,1.24642777443,1.24179494381,1.24329555035,0
2026-04-03 22:00:00+00:00,1.24320065975,1.24339687824,1.23594403267,1.23648178577,0
2026-04-03 23:00:00+00:00,1.23646688461,1.23737871647,1.23441421986,1.23737871647,0
2026-04-04 00:00:00+00:00,1.23745453358,1.24173557758,1.23745453358,1.24064266682,0
2026-04-04 01:00:00+00:00,1.24066460133,1.24066460133,1.23436248302,1.23742330074,0
2026-04-04 02:00:00+00:00,1.23762369156,1.24031877518,1.23762369156,1.23781299591,0
2026-04-04 03:00:00+00:00,1.23752844334,1.24483430386,1.23714101315,1.24457800388,0
2026-04-04 04:00:00+00:00,1.24461913109,1.24529838562,1.24360847473,1.2442817688,0
2026-04-04 05:00:00+00:00,1.24427592754,1.24786019325,1.24313437939,1.24313437939,0
2026-04-04 06:00:00+00:00,1.24314165115,1.24477863312,1.24168622494,1.24442720413,0
2026-04-04 07:00:00+00:00,1.24435055256,1.24834930897,1.24406695366,1.2464466095,0
2026-04-04 08:00:00+00:00,1.24641275406,1.2472243309,1.24473536015,1.24478077888,0
2026-04-04 09:00:00+00:00,1.24460542202,1.24604249001,1.24423205853,1.24475002289,0
2026-04-04 10:00:00+00:00,1.24467480183,1.24467480183,1.24067389965,1.24422371387,210724
2026-04-04 11:00:00+00:00,1.24418604374,1.25535440445,1.24418604374,1.25533246994,353508
2026-04-04 12:00:00+00:00,1.25443160534,1.25793552399,1.25366985798,1.25448358059,0
2026-04-04 13:00:00+00:00,1.25451183319,1.25741124153,1.25050187111,1.25051546097,852252
2026-04-04 14:00:00+00:00,1.25043404102,1.25043404102,1.24717092514,1.24948716164,1926528
2026-04-04 15:00:00+00:00,1.24959373474,1.25704431534,1.24959373474,1.25054979324,879524
2026-04-04 16:00:00+00:00,1.25050532818,1.25389897823,1.24934506416,1.25187885761,173332
2026-04-04 17:00:00+00:00,1.25151658058,1.26323127747,1.24996292591,1.26278436184,1103192
2026-04-04 18:00:00+00:00,1.26278579235,1.26278579235,1.2563419342,1.25694561005,1167076
2026-04-04 19:00:00+00:00,1.25702905655,1.2622474432,1.25436747074,1.25529026985,255520
2026-04-04 20:00:00+00:00,1.25524067879,1.25570309162,1.25316631794,1.25316631794,0
2026-04-04 21:00:00+00:00,1.25317049026,1.25434410572,1.25121867657,1.25298213959,3071408
2026-04-04 22:00:00+00:00,1.25184106827,1.25258350372,1.24984097481,1.24984097481,1639368
2026-04-04 23:00:00+00:00,1.24983990192,1.25173997879,1.24803841114,1.25173997879,295512
2026-04-05 00:00:00+00:00,1.25310778618,1.25310778618,1.25105416775,1.25137996674,1766272
2026-04-05 01:00:00+00:00,1.25143480301,1.25181031227,1.24851536751,1.24859285355,0
2026-04-05 02:00:00+00:00,1.24862337112,1.24949347973,1.2469483614,1.24910151958,1445040
2026-04-05 03:00:00+00:00,1.24913418293,1.25027811527,1.24874317646,1.25016224384,0
2026-04-05 04:00:00+00:00,1.250218153,1.250218153,1.24520087242,1.24520087242,1663144
2026-04-05 05:00:00+00:00,1.2451608181,1.2451608181,1.23305261135,1.23309636116,1639904
2026-04-05 06:00:00+00:00,1.23314833641,1.23397445679,1.22754251957,1.2323448658,2734960
2026-04-05 07:00:00+00:00,1.23233687878,1.23233687878,1.22548604012,1.22615766525,1491176
2026-04-05 08:00:00+00:00,1.22611784935,1.22646725178,1.22461879253,1.22646725178,904072
2026-04-05 09:00:00+00:00,1.22647285461,1.22848975658,1.22404527664,1.22673904896,642280
2026-04-05 10:00:00+00:00,1.22676241398,1.22976100445,1.22534322739,1.22565698624,0
2026-04-05 11:00:00+00:00,1.22559416294,1.22704231739,1.22480762005,1.22643792629,0
2026-04-05 12:00:00+00:00,1.22643482685,1.22793543339,1.22010219097,1.22246694565,0
2026-04-05 13:00:00+00:00,1.22268211842,1.22381055355,1.21676051617,1.22218763828,417800
2026-04-05 14:00:00+00:00,1.22218108177,1.22616112232,1.22218108177,1.22359597683,0
2026-04-05 15:00:00+00:00,1.22352015972,1.23740005493,1.220656991,1.23136603832,18518296
2026-04-05 16:00:00+00:00,1.2313760519,1.23550200462,1.22719717026,1.22719717026,1314696
2026-04-05 17:00:00+00:00,1.22714674473,1.23067653179,1.22659468651,1.229621768,0
2026-04-05 18:00:00+00:00,1.22963833809,1.22994995117,1.22691488266,1.22705566883,732592
2026-04-05 19:00:00+00:00,1.22705829144,1.23032665253,1.22405362129,1.22548639774,175488
2026-04-05 20:00:00+00:00,1.22570490837,1.22864031792,1.22570490837,1.22792577744,1913592
2026-04-05 21:00:00+00:00,1.22800636292,1.22810208797,1.22175264359,1.22745251656,0
2026-04-05 22:00:00+00:00,1.22717583179,1.23597729206,1.22414946556,1.23597729206,2057048
2026-04-05 23:00:00+00:00,1.23603546619,1.2457857132,1.23536908627,1.24302792549,4872384
2026-04-06 00:00:00+00:00,1.24307215214,1.25403821468,1.24307215214,1.25176310539,2918952
2026-04-06 01:00:00+00:00,1.25162494183,1.25162494183,1.24584043026,1.24992275238,784168
2026-04-06 02:00:00+00:00,1.24994242191,1.26641988754,1.24994242191,1.26267802715,1067768
2026-04-06 03:00:00+00:00,1.26249539852,1.26346325874,1.25778281689,1.25778281689,1841992
2026-04-06 04:00:00+00:00,1.25860571861,1.26108109951,1.25526487827,1.25806879997,0
2026-04-06 05:00:00+00:00,1.25806689262,1.26325929165,1.25806689262,1.26095223427,0
2026-04-06 06:00:00+00:00,1.26087415218,1.26942884922,1.2600402832,1.26776909828,154576
2026-04-06 07:00:00+00:00,1.26776599884,1.2726521492,1.26594257355,1.27255356312,0
2026-04-06 08:00:00+00:00,1.27236306667,1.27470541,1.26883852482,1.26910924911,230000
2026-04-06 09:00:00+00:00,1.26903355122,1.28877902031,1.26884102821,1.28877902031,5073800
2026-04-06 10:00:00+00:00,1.2911658287,1.30001544952,1.28951740265,1.29777002335,5817552
2026-04-06 11:00:00+00:00,1.29789948463,1.30725538731,1.29731845856,1.30505490303,4507488
2026-04-06 12:00:00+00:00,1.30490529537,1.31246459484,1.29329562187,1.29329562187,2799888
2026-04-06 13:00:00+00:00,1.29503655434,1.29640197754,1.28882968426,1.28882968426,1013576
2026-04-06 14:00:00+00:00,1.28880739212,1.28880739212,1.27655720711,1.28053498268,2764160
2026-04-06 15:00:00+00:00,1.2805198431,1.28313422203,1.27767598629,1.28251683712,0
2026-04-06 16:00:00+00:00,1.28258216381,1.28276073933,1.27916204929,1.27923190594,0
2026-04-06 17:00:00+00:00,1.27928614616,1.28341221809,1.27612352371,1.27932918072,1667296
2026-04-06 18:00:00+00:00,1.27925944328,1.28046035767,1.27498579025,1.27498579025,0
2026-04-06 19:00:00+00:00,1.27491044998,1.27491044998,1.26871550083,1.26878583431,0
2026-04-06 20:00:00+00:00,1.26896178722,1.27566504478,1.26896178722,1.27267515659,0
2026-04-06 21:00:00+00:00,1.2726380825,1.2726380825,1.26040673256,1.26045918465,0
2026-04-06 22:00:00+00:00,1.26043045521,1.26079416275,1.24949657917,1.24949657917,0
2026-04-06 23:00:00+00:00,1.24905800819,1.24905800819,1.23737192154,1.2424737215,0
2026-04-07 00:00:00+00:00,1.2422811985,1.24528026581,1.23884224892,1.24330151081,0
2026-04-07 01:00:00+00:00,1.24338555336,1.24338555336,1.23454678059,1.23521351814,0
2026-04-07 02:00:00+00:00,1.235216856,1.24125730991,1.23341357708,1.2401419878,983208
2026-04-07 03:00:00+00:00,1.24014306068,1.24334657192,1.24014043808,1.24283742905,1669456
2026-04-07 04:00:00+00:00,1.24221873283,1.24246287346,1.23626434803,1.24242734909,3352768
2026-04-07 05:00:00+00:00,1.24212253094,1.24212253094,1.23063862324,1.23113441467,2671840
2026-04-07 06:00:00+00:00,1.23122322559,1.23289895058,1.22697341442,1.23289895058,1339400
2026-04-07 07:00:00+00:00,1.23301196098,1.23868024349,1.23247468472,1.23606777191,11648
2026-04-07 08:00:00+00:00,1.23596584797,1.23619556427,1.23401367664,1.23619556427,2209744
2026-04-07 09:00:00+00:00,1.2361921072,1.2394797802,1.2361921072,1.23727166653,0
2026-04-07 10:00:00+00:00,1.23729741573,1.23881089687,1.23203730583,1.23488306999,0
2026-04-07 11:00:00+00:00,1.234811306,1.23778831959,1.2310628891,1.23396646976,0
2026-04-07 12:00:00+00:00,1.23406493664,1.23406493664,1.22187268734,1.23075246811,0
2026-04-07 13:00:00+00:00,1.2299156189,1.23202836514,1.21908688545,1.22023189068,2673872
2026-04-07 14:00:00+00:00,1.21990954876,1.21990954876,1.20799529552,1.21783781052,3705232
2026-04-07 15:00:00+00:00,1.2176681757,1.22309315205,1.21573960781,1.21943986416,2275040
2026-04-07 16:00:00+00:00,1.2194006443,1.22163128853,1.21763086319,1.2194122076,2478992
2026-04-07 17:00:00+00:00,1.21940016747,1.22332561016,1.21789574623,1.22332561016,1296928
2026-04-07 18:00:00+00:00,1.22341418266,1.22656178474,1.22046232224,1.22067117691,2476032
2026-04-07 19:00:00+00:00,1.22067916393,1.23346686363,1.22058808804,1.23342812061,5774752
2026-04-07 20:00:00+00:00,1.23346447945,1.23632347584,1.23097836971,1.23274242878,5034576
2026-04-07 21:00:00+00:00,1.23279583454,1.27561962605,1.23259520531,1.27306008339,10916304
2026-04-07 22:00:00+00:00,1.27320253849,1.3117120266,1.27320253849,1.3108394146,16388624
2026-04-07 23:00:00+00:00,1.31319510937,1.32627677917,1.30698275566,1.31753408909,14836016
2026-04-08 00:00:00+00:00,1.31525015831,1.31545436382,1.2936975956,1.29608333111,8114480
2026-04-08 01:00:00+00:00,1.2963000536,1.31228387356,1.29429197311,1.310333848,6617280
2026-04-08 02:00:00+00:00,1.31045651436,1.31749820709,1.30642294884,1.31050801277,4531456
2026-04-08 03:00:00+00:00,1.31051802635,1.3108907938,1.30547857285,1.30623602867,443392
2026-04-08 04:00:00+00:00,1.30608081818,1.3202432394,1.30603325367,1.31608057022,2397360
2026-04-08 05:00:00+00:00,1.31606554985,1.33294725418,1.31430518627,1.32562589645,3542032
2026-04-08 06:00:00+00:00,1.32564091682,1.33277177811,1.32297408581,1.32411038876,2272080
2026-04-08 07:00:00+00:00,1.32419216633,1.33116877079,1.31917953491,1.32403635979,3189936
2026-04-08 08:00:00+00:00,1.32548356056,1.32557463646,1.31885945797,1.3192152977,0
2026-04-08 09:00:00+00:00,1.31922245026,1.32904732227,1.31922245026,1.32758378983,763952
2026-04-08 10:00:00+00:00,1.3274834156,1.32871580124,1.31593585014,1.31593585014,0
2026-04-08 11:00:00+00:00,1.31594729424,1.31594729424,1.30411195755,1.30715894699,0
2026-04-08 12:00:00+00:00,1.30710864067,1.30710864067,1.30352330208,1.30550134182,0
2026-04-08 13:00:00+00:00,1.30520403385,1.31238639355,1.30504369736,1.30811738968,117232
2026-04-08 14:00:00+00:00,1.30830919743,1.30849540234,1.28316628933,1.2833315134,0
2026-04-08 15:00:00+00:00,1.28359520435,1.29134058952,1.28349137306,1.29133760929,582912
2026-04-08 16:00:00+00:00,1.2915173769,1.29210543633,1.2857439518,1.29208695889,0
2026-04-08 17:00:00+00:00,1.29204821587,1.29950487614,1.28857088089,1.29141259193,0
2026-04-08 18:00:00+00:00,1.29142737389,1.29157114029,1.2759282589,1.27600431442,0
2026-04-08 19:00:00+00:00,1.27536046505,1.28029429913,1.27318692207,1.27951669693,0
2026-04-08 20:00:00+00:00,1.27966952324,1.28357648849,1.27720046043,1.27823412418,0
2026-04-08 21:00:00+00:00,1.278414011,1.28684556484,1.27830994129,1.28548026085,0
2026-04-08 22:00:00+00:00,1.28555929661,1.28598821163,1.27950453758,1.27993881702,0
2026-04-08 23:00:00+00:00,1.279748559,1.279748559,1.26776254177,1.26896619797,0
2026-04-09 00:00:00+00:00,1.26845192909,1.26845192909,1.25996184349,1.26232755184,0
2026-04-09 01:00:00+00:00,1.26218140125,1.26218140125,1.2516463995,1.25424039364,0
2026-04-09 02:00:00+00:00,1.25423562527,1.25796234608,1.25325417519,1.25747358799,0
2026-04-09 03:00:00+00:00,1.25737571716,1.25737571716,1.25187635422,1.25390195847,0
2026-04-09 04:00:00+00:00,1.25390648842,1.25390648842,1.2522507906,1.25229501724,0
2026-04-09 05:00:00+00:00,1.25225830078,1.25583553314,1.25062096119,1.25063693523,0
2026-04-09 06:00:00+00:00,1.25068604946,1.25565552711,1.25041270256,1.25565552711,0
2026-04-09 07:00:00+00:00,1.25565254688,1.25982701778,1.25565254688,1.2573287487,0
2026-04-09 08:00:00+00:00,1.25731551647,1.25731551647,1.25235891342,1.25235891342,0
2026-04-09 09:00:00+00:00,1.25222432613,1.25408089161,1.24601972103,1.25405931473,0
2026-04-09 10:00:00+00:00,1.25397634506,1.25747990608,1.25202822685,1.25632309914,0
2026-04-09 11:00:00+00:00,1.2563174963,1.2563174963,1.24871206284,1.24874103069,0
2026-04-09 12:00:00+00:00,1.248721838,1.24880647659,1.24064409733,1.24678874016,1233128
2026-04-09 13:00:00+00:00,1.2469855547,1.24775183201,1.24100065231,1.24393904209,0
2026-04-09 14:00:00+00:00,1.24397528172,1.25697803497,1.23849391937,1.25673639774,0
2026-04-09 15:00:00+00:00,1.25682425499,1.28491938114,1.25271475315,1.28290009499,4533480
2026-04-09 16:00:00+00:00,1.28274083138,1.29242908955,1.27707207203,1.27937793732,3982800
2026-04-09 17:00:00+00:00,1.27952289581,1.2874352932,1.27668821812,1.28506290913,395448
2026-04-09 18:00:00+00:00,1.28499567509,1.285197258,1.27479660511,1.285197258,23560
2026-04-09 19:00:00+00:00,1.28545260429,1.30813312531,1.28545260429,1.30688357353,11528928
2026-04-09 20:00:00+00:00,1.30690526962,1.30812370777,1.30226182938,1.30391931534,3880024
2026-04-09 21:00:00+00:00,1.3039368391,1.32005882263,1.3024084568,1.31704437733,5288320
2026-04-09 22:00:00+00:00,1.31702494621,1.34558093548,1.31694281101,1.32305836678,12575680
2026-04-09 23:00:00+00:00,1.32303631306,1.32303631306,1.29803395271,1.29982936382,3080672
2026-04-10 00:00:00+00:00,1.29955613613,1.30390441418,1.29118525982,1.30298519135,3573680
2026-04-10 01:00:00+00:00,1.30162703991,1.30594336987,1.29484128952,1.29844307899,722768
2026-04-10 02:00:00+00:00,1.29841887951,1.29954206944,1.29143917561,1.29143917561,691120
2026-04-10 03:00:00+00:00,1.29142463207,1.29142463207,1.28646218777,1.28842699528,0
2026-04-10 04:00:00+00:00,1.28820717335,1.29991805553,1.28780400753,1.29984295368,0
2026-04-10 05:00:00+00:00,1.30033385754,1.30684280396,1.29976785183,1.30420970917,1444176
2026-04-10 06:00:00+00:00,1.30422914028,1.30528795719,1.28802549839,1.28835582733,609744
2026-04-10 07:00:00+00:00,1.28834307194,1.29118597507,1.28479731083,1.28486382961,925488
2026-04-10 08:00:00+00:00,1.28510558605,1.29646575451,1.28510558605,1.2905973196,2865200
2026-04-10 09:00:00+00:00,1.29094612598,1.29960858822,1.29094612598,1.29394567013,788080
2026-04-10 10:00:00+00:00,1.29398345947,1.29398345947,1.29080104828,1.29082620144,0
2026-04-10 11:00:00+00:00,1.29072809219,1.29475796223,1.28978872299,1.29166829586,1799728
2026-04-10 12:00:00+00:00,1.29165267944,1.29855918884,1.290620327,1.29736077785,367808
2026-04-10 13:00:00+00:00,1.29737961292,1.30116200447,1.29574358463,1.30069470406,0
2026-04-10 14:00:00+00:00,1.30017745495,1.31520795822,1.29783833027,1.31520795822,4139456
2026-04-10 15:00:00+00:00,1.31532347202,1.32168352604,1.30819487572,1.30921792984,0
2026-04-10 16:00:00+00:00,1.30902397633,1.31454110146,1.30881881714,1.31194043159,0
2026-04-10 17:00:00+00:00,1.31191492081,1.31191492081,1.30503773689,1.30807507038,0
2026-04-10 18:00:00+00:00,1.30867934227,1.31589770317,1.3077236414,1.31589770317,0
2026-04-10 19:00:00+00:00,1.31583964825,1.31913244724,1.313798666,1.31659066677,0
2026-04-10 20:00:00+00:00,1.31742620468,1.31915545464,1.30854582787,1.3139475584,0
2026-04-10 21:00:00+00:00,1.31392395496,1.31392395496,1.30659627914,1.31201815605,0
2026-04-10 22:00:00+00:00,1.31205105782,1.31247317791,1.3058886528,1.30696511269,0
2026-04-10 23:00:00+00:00,1.30777513981,1.30777513981,1.3031027317,1.30537641048,0
2026-04-11 00:00:00+00:00,1.30535507202,1.30720937252,1.29881882668,1.30027401447,0
2026-04-11 01:00:00+00:00,1.30006682873,1.30006682873,1.29000365734,1.29378330708,0
2026-04-11 02:00:00+00:00,1.29374039173,1.29747569561,1.29188036919,1.29274630547,0
2026-04-11 03:00:00+00:00,1.29284882545,1.30218446255,1.29284882545,1.29635810852,0
2026-04-11 04:00:00+00:00,1.29631364346,1.29631364346,1.29128098488,1.29207062721,148376
2026-04-11 05:00:00+00:00,1.29185950756,1.29185950756,1.28285706043,1.28762972355,0
2026-04-11 06:00:00+00:00,1.28596377373,1.28596377373,1.27832913399,1.28172767162,0
2026-04-11 07:00:00+00:00,1.28167939186,1.28331065178,1.2788233757,1.28243815899,0
2026-04-11 08:00:00+00:00,1.28244721889,1.2840141058,1.28203439713,1.2829862833,0
2026-04-11 09:00:00+00:00,1.28292250633,1.28371369839,1.27632474899,1.27938389778,2062672
2026-04-11 10:00:00+00:00,1.27967250347,1.28136968613,1.27771759033,1.28136968613,937696
2026-04-11 11:00:00+00:00,1.28144705296,1.28447413445,1.28144705296,1.28440153599,0
2026-04-11 12:00:00+00:00,1.28373801708,1.28538453579,1.28082966805,1.28082966805,0
2026-04-11 13:00:00+00:00,1.28062987328,1.28062987328,1.26826930046,1.27421689034,3535736
2026-04-11 14:00:00+00:00,1.27430975437,1.27776646614,1.27248466015,1.27248466015,0
2026-04-11 15:00:00+00:00,1.27264535427,1.27856004238,1.27264535427,1.27846682072,0
2026-04-11 16:00:00+00:00,1.27862536907,1.29364109039,1.27853882313,1.29342031479,3047608
2026-04-11 17:00:00+00:00,1.29349482059,1.29349482059,1.28842997551,1.28887498379,2522808
2026-04-11 18:00:00+00:00,1.28771817684,1.30218875408,1.28288042545,1.30065226555,6077368
2026-04-11 19:00:00+00:00,1.30083203316,1.31315732002,1.30083203316,1.3068985939,3669872
2026-04-11 20:00:00+00:00,1.3070346117,1.3079059124,1.29198741913,1.29631495476,444200
2026-04-11 21:00:00+00:00,1.29627013206,1.29952466488,1.29242217541,1.29750323296,3216000
2026-04-11 22:00:00+00:00,1.29722166061,1.30248880386,1.2895809412,1.29100942612,3885752
2026-04-11 23:00:00+00:00,1.2912093401,1.29214859009,1.28160274029,1.28746986389,1113472
2026-04-12 00:00:00+00:00,1.28754162788,1.28754162788,1.28251874447,1.2830991745,0
2026-04-12 01:00:00+00:00,1.28331768513,1.28676903248,1.24767589569,1.24767589569,4669168
2026-04-12 02:00:00+00:00,1.24695146084,1.24978840351,1.24513196945,1.2469329834,5340000
2026-04-12 03:00:00+00:00,1.24688720703,1.24942064285,1.24410128593,1.2442381382,3066808
2026-04-12 04:00:00+00:00,1.24421358109,1.24421358109,1.23120808601,1.23121654987,2538464
2026-04-12 05:00:00+00:00,1.23122441769,1.23135054111,1.2249699831,1.22688543797,3217920
2026-04-12 06:00:00+00:00,1.22685432434,1.23035883904,1.22649991512,1.22678041458,620096
2026-04-12 07:00:00+00:00,1.22671496868,1.23196530342,1.22671496868,1.22887814045,1841088
2026-04-12 08:00:00+00:00,1.22892570496,1.22892570496,1.22449624538,1.22449624538,1878224
2026-04-12 09:00:00+00:00,1.22455811501,1.22456145287,1.21831893921,1.2191683054,45488
2026-04-12 10:00:00+00:00,1.21933352947,1.23144733906,1.21933352947,1.22091221809,2733648
2026-04-12 11:00:00+00:00,1.22104907036,1.23054349422,1.22104907036,1.22976243496,516784
2026-04-12 12:00:00+00:00,1.22971701622,1.23374032974,1.22759401798,1.22872376442,2165360
2026-04-12 13:00:00+00:00,1.22731494904,1.22944998741,1.21974158287,1.22082495689,0
2026-04-12 14:00:00+00:00,1.22095322609,1.23052036762,1.22093605995,1.2277327776,4272480
2026-04-12 15:00:00+00:00,1.22656536102,1.22892558575,1.22332370281,1.22882664204,1856576
2026-04-12 16:00:00+00:00,1.22803080082,1.23222231865,1.22653341293,1.2322165966,0
2026-04-12 17:00:00+00:00,1.23282921314,1.24544012547,1.23282921314,1.24419784546,756208
2026-04-12 18:00:00+00:00,1.24455082417,1.24504256248,1.23609519005,1.23713243008,0
2026-04-12 19:00:00+00:00,1.23726046085,1.23963117599,1.23536622524,1.23679029942,0
2026-04-12 20:00:00+00:00,1.23678588867,1.2416973114,1.23670196533,1.2416973114,0
2026-04-12 21:00:00+00:00,1.24295496941,1.24457013607,1.23860764503,1.24336802959,0
2026-04-12 22:00:00+00:00,1.24162113667,1.24162113667,1.2255589962,1.22679841518,227280
2026-04-12 23:00:00+00:00,1.2268499136,1.2268499136,1.22210490704,1.22322893143,1905648
2026-04-13 00:00:00+00:00,1.22331476212,1.23430609703,1.22331476212,1.23147964478,4056608
2026-04-13 01:00:00+00:00,1.23133432865,1.2388561964,1.23115432262,1.23881053925,0
2026-04-13 02:00:00+00:00,1.23888576031,1.23893427849,1.22973680496,1.23005187511,0
2026-04-13 03:00:00+00:00,1.22997760773,1.2313593626,1.22877645493,1.23092234135,0
2026-04-13 04:00:00+00:00,1.23080992699,1.23080992699,1.18291938305,1.18655669689,23562272
2026-04-13 05:00:00+00:00,1.18788421154,1.19186592102,1.15484619141,1.17468202114,41633472
2026-04-13 06:00:00+00:00,1.17528116703,1.19335877895,1.17401850224,1.18446302414,15232480
2026-04-13 07:00:00+00:00,1.18406009674,1.19298315048,1.18308722973,1.19065952301,4120288
2026-04-13 08:00:00+00:00,1.19008302689,1.19827699661,1.18300223351,1.18662643433,6256416
2026-04-13 09:00:00+00:00,1.18662643433,1.18941891193,1.17267906666,1.17267906666,7065360
2026-04-13 10:00:00+00:00,1.1726218462,1.1726218462,1.1570763588,1.15929043293,8985680
2026-04-13 11:00:00+00:00,1.15857052803,1.16877746582,1.15626871586,1.16869199276,12530992
2026-04-13 12:00:00+00:00,1.16610765457,1.17217636108,1.15895664692,1.17217636108,7305888
2026-04-13 13:00:00+00:00,1.1721559763,1.17651486397,1.16762566566,1.17651486397,6396560
2026-04-13 14:00:00+00:00,1.17647314072,1.17967617512,1.16720688343,1.17906987667,5435168
2026-04-13 15:00:00+00:00,1.17899954319,1.1818652153,1.16996657848,1.17087757587,5793280
2026-04-13 16:00:00+00:00,1.17097902298,1.1740026474,1.16461825371,1.17144727707,7206208
2026-04-13 17:00:00+00:00,1.17052268982,1.19154918194,1.16775071621,1.18586707115,11286368
2026-04-13 18:00:00+00:00,1.18597602844,1.18951249123,1.1781167984,1.18171954155,7724384
2026-04-13 19:00:00+00:00,1.18194830418,1.20276904106,1.18057739735,1.20031392574,17347488
2026-04-13 20:00:00+00:00,1.20012438297,1.20087051392,1.17434167862,1.17440927029,7540768
2026-04-13 21:00:00+00:00,1.17463457584,1.18904495239,1.17286908627,1.18617129326,6910304
2026-04-13 22:00:00+00:00,1.18608951569,1.21506750584,1.18590354919,1.21282553673,15144128
2026-04-13 23:00:00+00:00,1.21407938004,1.23982226849,1.21407938004,1.23052108288,17304320
2026-04-14 00:00:00+00:00,1.23056435585,1.23056435585,1.21073067188,1.21567952633,3991040
2026-04-14 01:00:00+00:00,1.21572029591,1.22026324272,1.21253466606,1.21669697762,5081120
2026-04-14 02:00:00+00:00,1.21666741371,1.21762979031,1.20914638042,1.20914638042,1776064
2026-04-14 03:00:00+00:00,1.20914947987,1.21034288406,1.20508515835,1.20574879646,3289984
2026-04-14 04:00:00+00:00,1.20570397377,1.2141187191,1.19835293293,1.19835293293,0
2026-04-14 05:00:00+00:00,1.19789457321,1.19789457321,1.18046450615,1.18264877796,0
2026-04-14 06:00:00+00:00,1.1830561161,1.19508838654,1.1830561161,1.19405627251,0
2026-04-14 07:00:00+00:00,1.19391477108,1.19391477108,1.18468022346,1.18718099594,4257312
2026-04-14 08:00:00+00:00,1.18779265881,1.1948826313,1.18740355968,1.19399476051,0
2026-04-14 09:00:00+00:00,1.19384002686,1.19384002686,1.19107282162,1.19275462627,0
2026-04-14 10:00:00+00:00,1.19309914112,1.19721889496,1.18366980553,1.19102942944,0
2026-04-14 11:00:00+00:00,1.19102346897,1.19161164761,1.18156194687,1.18185019493,0
2026-04-14 12:00:00+00:00,1.18161356449,1.18161356449,1.17404460907,1.17781603336,707904
2026-04-14 13:00:00+00:00,1.17924427986,1.18453717232,1.1750638485,1.18315064907,1678080
2026-04-14 14:00:00+00:00,1.18297934532,1.18297934532,1.1702965498,1.17302107811,5186048
2026-04-14 15:00:00+00:00,1.17281937599,1.17410230637,1.16453075409,1.17276883125,3445152
2026-04-14 16:00:00+00:00,1.1727553606,1.17668223381,1.17022144794,1.17472851276,0
2026-04-14 17:00:00+00:00,1.17447984219,1.17447984219,1.15966939926,1.1618462801,0
2026-04-14 18:00:00+00:00,1.16199100018,1.16735386848,1.15092945099,1.15231263638,0
2026-04-14 19:00:00+00:00,1.15218150616,1.15894556046,1.15218150616,1.15643024445,0
2026-04-14 20:00:00+00:00,1.1567735672,1.16622912884,1.1567735672,1.15972447395,0
2026-04-14 21:00:00+00:00,1.15997803211,1.17200005054,1.15997803211,1.17200005054,681408
2026-04-14 22:00:00+00:00,1.16799998283,1.17200005054,1.15999996662,1.1629999876,0
2026-04-14 23:00:00+00:00,1.1629999876,1.16799998283,1.15699994564,1.16700005531,97504
2026-04-15 00:00:00+00:00,1.16700005531,1.17599999905,1.16499996185,1.17499995232,0
2026-04-15 01:00:00+00:00,1.17299997807,1.17499995232,1.16600000858,1.17100000381,0
2026-04-15 02:00:00+00:00,1.17100000381,1.1740000248,1.16199994087,1.16700005531,0
2026-04-15 03:00:00+00:00,1.16700005531,1.16900002956,1.16199994087,1.16499996185,1031232
2026-04-15 04:00:00+00:00,1.16499996185,1.17200005054,1.16400003433,1.17100000381,0
2026-04-15 05:00:00+00:00,1.17200005054,1.1740000248,1.16199994087,1.16400003433,0
2026-04-15 06:00:00+00:00,1.16400003433,1.16400003433,1.15499997139,1.15699994564,0
2026-04-15 07:00:00+00:00,1.15799999237,1.16100001335,1.14800000191,1.14900004864,0
2026-04-15 08:00:00+00:00,1.14999997616,1.15999996662,1.14800000191,1.15699994564,0
2026-04-15 09:00:00+00:00,1.1590000391,1.15999996662,1.15100002289,1.15600001812,0
2026-04-15 10:00:00+00:00,1.15699994564,1.16900002956,1.15699994564,1.1629999876,0
2026-04-15 11:00:00+00:00,1.16400003433,1.17299997807,1.1629999876,1.17299997807,525232
2026-04-15 12:00:00+00:00,1.17200005054,1.1740000248,1.16700005531,1.17100000381,0
2026-04-15 13:00:00+00:00,1.17100000381,1.17499995232,1.16100001335,1.16900002956,0
2026-04-15 14:00:00+00:00,1.16799998283,1.17599999905,1.16499996185,1.1740000248,0
2026-04-15 15:00:00+00:00,1.17700004578,1.17700004578,1.16100001335,1.17100000381,0
2026-04-15 16:00:00+00:00,1.17100000381,1.18700003624,1.16999995708,1.17900002003,3359952
2026-04-15 17:00:00+00:00,1.18599998951,1.19200003147,1.17999994755,1.18400001526,0
2026-04-15 18:00:00+00:00,1.18299996853,1.18900001049,1.18200004101,1.18900001049,0
2026-04-15 19:00:00+00:00,1.18900001049,1.1970000267,1.18400001526,1.19299995899,0
2026-04-15 20:00:00+00:00,1.19299995899,1.19299995899,1.17999994755,1.18900001049,1110480
2026-04-15 21:00:00+00:00,1.18799996376,1.1970000267,1.18200004101,1.19299995899,274768
2026-04-15 22:00:00+00:00,1.19200003147,1.19599997997,1.18599998951,1.18799996376,747392
2026-04-15 23:00:00+00:00,1.18700003624,1.18700003624,1.17599999905,1.18200004101,87984
2026-04-16 00:00:00+00:00,1.18299996853,1.18400001526,1.17200005054,1.18099999428,0
2026-04-16 01:00:00+00:00,1.17900002003,1.17999994755,1.17299997807,1.1740000248,249584
2026-04-16 02:00:00+00:00,1.17599999905,1.19500005245,1.17599999905,1.19400000572,3185584
2026-04-16 03:00:00+00:00,1.19099998474,1.20399999619,1.19099998474,1.20200002193,3004736
2026-04-16 04:00:00+00:00,1.20299994946,1.21899998188,1.20000004768,1.21700000763,5972160
2026-04-16 05:00:00+00:00,1.2159999609,1.24000000954,1.2120000124,1.23500001431,10142608
2026-04-16 06:00:00+00:00,1.23599994183,1.25999999046,1.23000001907,1.25199997425,13891968
2026-04-16 07:00:00+00:00,1.25300002098,1.27699995041,1.25100004673,1.27100002766,19766848
2026-04-16 08:00:00+00:00,1.27199995518,1.27699995041,1.25100004673,1.25199997425,13911712
2026-04-16 09:00:00+00:00,1.25199997425,1.27799999714,1.2460000515,1.26600003242,15553792
2026-04-16 10:00:00+00:00,1.26499998569,1.26699995995,1.25,1.25899994373,2827552
2026-04-16 11:00:00+00:00,1.25999999046,1.27199995518,1.25100004673,1.26999998093,3074688
2026-04-16 12:00:00+00:00,1.26900005341,1.28299999237,1.26800000668,1.28199994564,8579648
2026-04-16 13:00:00+00:00,1.28100001812,1.30599999428,1.27699995041,1.28900003433,19585120
2026-04-16 14:00:00+00:00,1.28699994087,1.29299998283,1.26699995995,1.28299999237,12327904
2026-04-16 15:00:00+00:00,1.28299999237,1.32899999619,1.27799999714,1.32700002193,18691168
2026-04-16 16:00:00+00:00,1.32700002193,1.3370000124,1.29100000858,1.29200005531,11507392
2026-04-16 17:00:00+00:00,1.29200005531,1.31900000572,1.28499996662,1.31599998474,11139552
2026-04-16 18:00:00+00:00,1.31700003147,1.33800005913,1.31500005722,1.33000004292,6204992
2026-04-16 19:00:00+00:00,1.33000004292,1.35199999809,1.3259999752,1.35000002384,8536352
2026-04-16 20:00:00+00:00,1.35000002384,1.35199999809,1.32400000095,1.3259999752,0
2026-04-16 21:00:00+00:00,1.32700002193,1.33599996567,1.32099997997,1.33599996567,3097536
2026-04-16 22:00:00+00:00,1.33599996567,1.3409999609,1.3220000267,1.3259999752,3656416
2026-04-16 23:00:00+00:00,1.32500004768,1.34599995613,1.3220000267,1.32899999619,6824768
2026-04-17 00:00:00+00:00,1.32799994946,1.33000004292,1.31200003624,1.32099997997,0
2026-04-17 01:00:00+00:00,1.31799995899,1.32099997997,1.30400002003,1.30799996853,1798048
2026-04-17 02:00:00+00:00,1.30700004101,1.31099998951,1.29400002956,1.29999995232,0
2026-04-17 03:00:00+00:00,1.29999995232,1.29999995232,1.29100000858,1.29700005054,0
2026-04-17 04:00:00+00:00,1.29499995708,1.30200004578,1.29200005531,1.29499995708,0
2026-04-17 05:00:00+00:00,1.29600000381,1.2990000248,1.28499996662,1.29600000381,0
2026-04-17 06:00:00+00:00,1.29600000381,1.3220000267,1.29600000381,1.31200003624,0
2026-04-17 07:00:00+00:00,1.31299996376,1.33200001717,1.31299996376,1.33000004292,0
2026-04-17 08:00:00+00:00,1.33000004292,1.33399999142,1.31599998474,1.32099997997,0
2026-04-17 09:00:00+00:00,1.32000005245,1.32799994946,1.31099998951,1.31700003147,0
2026-04-17 10:00:00+00:00,1.31599998474,1.31900000572,1.29600000381,1.30400002003,0
2026-04-17 11:00:00+00:00,1.30599999428,1.31799995899,1.30599999428,1.30700004101,0
2026-04-17 12:00:00+00:00,1.30700004101,1.32299995422,1.29999995232,1.31900000572,0
2026-04-17 13:00:00+00:00,1.31799995899,1.34700000286,1.31200003624,1.34500002861,0
2026-04-17 14:00:00+00:00,1.34700000286,1.35099995136,1.33899998665,1.34500002861,0
2026-04-17 15:00:00+00:00,1.34300005436,1.34500002861,1.32700002193,1.33399999142,0
2026-04-17 16:00:00+00:00,1.33500003815,1.35599994659,1.33299994469,1.35500001907,0
2026-04-17 17:00:00+00:00,1.35399997234,1.35399997234,1.33500003815,1.3370000124,0
2026-04-17 18:00:00+00:00,1.33800005913,1.34200000763,1.32700002193,1.33899998665,0
2026-04-17 19:00:00+00:00,1.33800005913,1.34399998188,1.33299994469,1.33500003815,0
2026-04-17 20:00:00+00:00,1.33299994469,1.33899998665,1.3259999752,1.33200001717,0
2026-04-17 21:00:00+00:00,1.33099997044,1.33800005913,1.32899999619,1.33200001717,0
2026-04-17 22:00:00+00:00,1.32899999619,1.34500002861,1.32899999619,1.34500002861,0
2026-04-17 23:00:00+00:00,1.34300005436,1.34300005436,1.32700002193,1.33500003815,0
2026-04-18 00:00:00+00:00,1.33299994469,1.34000003338,1.32400000095,1.33099997044,0
2026-04-18 01:00:00+00:00,1.33000004292,1.3409999609,1.32000005245,1.3259999752,0
2026-04-18 02:00:00+00:00,1.32500004768,1.33500003815,1.3220000267,1.33299994469,0
2026-04-18 03:00:00+00:00,1.33099997044,1.33200001717,1.32299995422,1.32899999619,0
2026-04-18 04:00:00+00:00,1.33000004292,1.33000004292,1.31799995899,1.32400000095,0
2026-04-18 05:00:00+00:00,1.32099997997,1.32899999619,1.32099997997,1.32899999619,0
2026-04-18 06:00:00+00:00,1.32899999619,1.33899998665,1.3220000267,1.33399999142,0
2026-04-18 07:00:00+00:00,1.33200001717,1.34000003338,1.33200001717,1.33500003815,0
2026-04-18 08:00:00+00:00,1.33399999142,1.33399999142,1.3029999733,1.31099998951,0
2026-04-18 09:00:00+00:00,1.31099998951,1.31500005722,1.29700005054,1.30700004101,0
2026-04-18 10:00:00+00:00,1.30599999428,1.30700004101,1.29299998283,1.29400002956,0
2026-04-18 11:00:00+00:00,1.29499995708,1.29499995708,1.28299999237,1.28999996185,1460352
2026-04-18 12:00:00+00:00,1.28900003433,1.29400002956,1.28499996662,1.29200005531,0
2026-04-18 13:00:00+00:00,1.29100000858,1.29200005531,1.27999997139,1.28999996185,0
2026-04-18 14:00:00+00:00,1.29100000858,1.29600000381,1.28499996662,1.29600000381,0
2026-04-18 15:00:00+00:00,1.29499995708,1.29999995232,1.29200005531,1.29600000381,0
2026-04-18 16:00:00+00:00,1.29700005054,1.30700004101,1.28900003433,1.28999996185,0
2026-04-18 17:00:00+00:00,1.28999996185,1.29299998283,1.28199994564,1.2879999876,0
2026-04-18 18:00:00+00:00,1.28900003433,1.28900003433,1.27100002766,1.27100002766,0
2026-04-18 19:00:00+00:00,1.27100002766,1.28199994564,1.27100002766,1.27900004387,0
2026-04-18 20:00:00+00:00,1.27600002289,1.28299999237,1.27400004864,1.27999997139,284016
2026-04-18 21:00:00+00:00,1.27999997139,1.2879999876,1.27900004387,1.28600001335,446032
2026-04-18 22:00:00+00:00,1.28699994087,1.28699994087,1.27999997139,1.28199994564,0
2026-04-18 23:00:00+00:00,1.28100001812,1.28499996662,1.27199995518,1.27300000191,0
2026-04-19 00:00:00+00:00,1.27199995518,1.27400004864,1.26600003242,1.27300000191,0
2026-04-19 01:00:00+00:00,1.27400004864,1.27799999714,1.26800000668,1.27100002766,0
2026-04-19 02:00:00+00:00,1.26999998093,1.27499997616,1.26400005817,1.27400004864,1736464
2026-04-19 03:00:00+00:00,1.27400004864,1.28100001812,1.27100002766,1.27100002766,5213680
2026-04-19 04:00:00+00:00,1.26999998093,1.27999997139,1.26600003242,1.27300000191,261408
2026-04-19 05:00:00+00:00,1.27199995518,1.27699995041,1.26600003242,1.26800000668,3076624
2026-04-19 06:00:00+00:00,1.26800000668,1.26800000668,1.25800001621,1.26600003242,0
2026-04-19 07:00:00+00:00,1.26600003242,1.26600003242,1.24800002575,1.26100003719,2578288
2026-04-19 08:00:00+00:00,1.25899994373,1.26100003719,1.25699996948,1.25800001621,0
2026-04-19 09:00:00+00:00,1.25899994373,1.25999999046,1.25499999523,1.25600004196,0
2026-04-19 10:00:00+00:00,1.25499999523,1.26300001144,1.2539999485,1.25699996948,0
2026-04-19 11:00:00+00:00,1.25800001621,1.27699995041,1.25800001621,1.27499997616,444496
2026-04-19 12:00:00+00:00,1.27699995041,1.27900004387,1.26999998093,1.27699995041,0
2026-04-19 13:00:00+00:00,1.27799999714,1.29100000858,1.27600002289,1.27699995041,0
2026-04-19 14:00:00+00:00,1.27499997616,1.28600001335,1.27199995518,1.28299999237,0
2026-04-19 15:00:00+00:00,1.28199994564,1.28199994564,1.26300001144,1.27699995041,310864
2026-04-19 16:00:00+00:00,1.27499997616,1.27600002289,1.26900005341,1.26999998093,0
2026-04-19 17:00:00+00:00,1.26900005341,1.27100002766,1.26300001144,1.26600003242,0
2026-04-19 18:00:00+00:00,1.26499998569,1.26999998093,1.26100003719,1.26699995995,0
2026-04-19 19:00:00+00:00,1.26800000668,1.27699995041,1.26800000668,1.27100002766,1591888
2026-04-19 20:00:00+00:00,1.26999998093,1.26999998093,1.26199996471,1.26600003242,0
2026-04-19 21:00:00+00:00,1.26600003242,1.26900005341,1.25999999046,1.26100003719,0
2026-04-19 22:00:00+00:00,1.25999999046,1.25999999046,1.23599994183,1.24300003052,5334576
2026-04-19 23:00:00+00:00,1.24300003052,1.24300003052,1.23699998856,1.24000000954,76176
2026-04-20 00:00:00+00:00,1.24100005627,1.25699996948,1.23899996281,1.25300002098,259728
2026-04-20 01:00:00+00:00,1.25199997425,1.25600004196,1.25,1.25499999523,0
2026-04-20 02:00:00+00:00,1.25499999523,1.26400005817,1.25,1.26100003719,0
2026-04-20 03:00:00+00:00,1.26100003719,1.26699995995,1.25600004196,1.26499998569,0
2026-04-20 04:00:00+00:00,1.26499998569,1.26800000668,1.26100003719,1.26699995995,0
2026-04-20 05:00:00+00:00,1.26699995995,1.26699995995,1.25100004673,1.2539999485,0
2026-04-20 06:00:00+00:00,1.2539999485,1.26900005341,1.25199997425,1.26100003719,0
2026-04-20 07:00:00+00:00,1.26400005817,1.27999997139,1.26100003719,1.26300001144,247328
2026-04-20 08:00:00+00:00,1.26400005817,1.26499998569,1.25499999523,1.25600004196,0
2026-04-20 09:00:00+00:00,1.25499999523,1.26499998569,1.25199997425,1.25999999046,2251392
2026-04-20 10:00:00+00:00,1.26100003719,1.26699995995,1.25699996948,1.25699996948,0
2026-04-20 11:00:00+00:00,1.25699996948,1.25999999046,1.25300002098,1.25499999523,0
2026-04-20 12:00:00+00:00,1.25300002098,1.26600003242,1.25300002098,1.26499998569,1123024
2026-04-20 13:00:00+00:00,1.26600003242,1.26900005341,1.25699996948,1.26499998569,0
2026-04-20 14:00:00+00:00,1.26400005817,1.27400004864,1.25699996948,1.25899994373,2596240
2026-04-20 15:00:00+00:00,1.25999999046,1.27300000191,1.25199997425,1.27199995518,1898736
2026-04-20 16:00:00+00:00,1.26999998093,1.27499997616,1.26800000668,1.26800000668,0
2026-04-20 17:00:00+00:00,1.26900005341,1.27799999714,1.26900005341,1.27600002289,0
2026-04-20 18:00:00+00:00,1.27600002289,1.28900003433,1.27600002289,1.28499996662,3775728
2026-04-20 19:00:00+00:00,1.28600001335,1.28699994087,1.27600002289,1.27999997139,0
2026-04-20 20:00:00+00:00,1.27999997139,1.28900003433,1.27699995041,1.28900003433,98672
2026-04-20 21:00:00+00:00,1.28900003433,1.29499995708,1.27999997139,1.28699994087,4969280
2026-04-20 22:00:00+00:00,1.28699994087,1.2879999876,1.27799999714,1.28199994564,0
2026-04-20 23:00:00+00:00,1.27999997139,1.28199994564,1.27499997616,1.28199994564,0
2026-04-21 00:00:00+00:00,1.28100001812,1.28600001335,1.27999997139,1.28199994564,2197168
2026-04-21 01:00:00+00:00,1.28199994564,1.28600001335,1.27900004387,1.27999997139,220752
2026-04-21 02:00:00+00:00,1.27999997139,1.27999997139,1.27199995518,1.27199995518,0
2026-04-21 03:00:00+00:00,1.27199995518,1.27799999714,1.26900005341,1.27499997616,3795200
2026-04-21 04:00:00+00:00,1.27499997616,1.27999997139,1.27100002766,1.27900004387,3074512
2026-04-21 05:00:00+00:00,1.27900004387,1.28699994087,1.27900004387,1.27999997139,905984
2026-04-21 06:00:00+00:00,1.27900004387,1.28499996662,1.27300000191,1.27799999714,0
2026-04-21 07:00:00+00:00,1.27699995041,1.28600001335,1.27400004864,1.2840000391,18102029936
2026-04-21 08:00:00+00:00,1.2840000391,1.28999996185,1.27900004387,1.27999997139,219596800
2026-04-21 09:00:00+00:00,1.27900004387,1.28499996662,1.27799999714,1.2840000391,0
2026-04-21 10:00:00+00:00,1.28499996662,1.28900003433,1.28299999237,1.28900003433,0
2026-04-21 11:00:00+00:00,1.28900003433,1.29200005531,1.28199994564,1.28600001335,0
2026-04-21 12:00:00+00:00,1.2840000391,1.28600001335,1.27300000191,1.27600002289,0
2026-04-21 13:00:00+00:00,1.27600002289,1.27699995041,1.26900005341,1.27499997616,17931918384
2026-04-21 14:00:00+00:00,1.27499997616,1.28499996662,1.26900005341,1.27100002766,139130880
2026-04-21 15:00:00+00:00,1.27199995518,1.27900004387,1.26800000668,1.27600002289,0
2026-04-21 16:00:00+00:00,1.27699995041,1.27799999714,1.26900005341,1.26900005341,0
2026-04-21 17:00:00+00:00,1.26999998093,1.27699995041,1.25999999046,1.27199995518,0
2026-04-21 18:00:00+00:00,1.27199995518,1.27400004864,1.26699995995,1.27199995518,0
2026-04-21 19:00:00+00:00,1.27400004864,1.27799999714,1.25800001621,1.26100003719,0
2026-04-21 20:00:00+00:00,1.26100003719,1.27799999714,1.26100003719,1.26999998093,1786352
2026-04-21 21:00:00+00:00,1.26999998093,1.27100002766,1.26400005817,1.26800000668,0
2026-04-21 22:00:00+00:00,1.26800000668,1.27100002766,1.26400005817,1.26999998093,0
2026-04-21 23:00:00+00:00,1.26999998093,1.28100001812,1.26999998093,1.27900004387,136336
2026-04-22 00:00:00+00:00,1.27900004387,1.28199994564,1.27499997616,1.27499997616,0
2026-04-22 01:00:00+00:00,1.27499997616,1.27799999714,1.26999998093,1.27499997616,0
2026-04-22 02:00:00+00:00,1.27400004864,1.29400002956,1.27400004864,1.29200005531,3420288
2026-04-22 03:00:00+00:00,1.29200005531,1.29700005054,1.28900003433,1.29100000858,258864
2026-04-22 04:00:00+00:00,1.29200005531,1.30499994755,1.28999996185,1.30400002003,1606128
2026-04-22 05:00:00+00:00,1.30400002003,1.3259999752,1.30099999905,1.31200003624,12183616
2026-04-22 06:00:00+00:00,1.31200003624,1.31299996376,1.30499994755,1.30999994278,0
2026-04-22 07:00:00+00:00,1.30900001526,1.30900001526,1.30400002003,1.30599999428,0
2026-04-22 08:00:00+00:00,1.30599999428,1.31299996376,1.30499994755,1.31099998951,0
2026-04-22 09:00:00+00:00,1.30999994278,1.31400001049,1.30599999428,1.30700004101,0
2026-04-22 10:00:00+00:00,1.30700004101,1.31200003624,1.3029999733,1.31200003624,521440
2026-04-22 11:00:00+00:00,1.30999994278,1.31500005722,1.30200004578,1.30599999428,3475024
2026-04-22 12:00:00+00:00,1.30700004101,1.30700004101,1.2990000248,1.30200004578,0
2026-04-22 13:00:00+00:00,1.30200004578,1.30700004101,1.29600000381,1.30099999905,0
2026-04-22 14:00:00+00:00,1.30099999905,1.30599999428,1.2990000248,1.30400002003,279376
2026-04-22 15:00:00+00:00,1.30400002003,1.30599999428,1.29799997807,1.2990000248,0
2026-04-22 16:00:00+00:00,1.2990000248,1.3029999733,1.29499995708,1.29499995708,0
2026-04-22 17:00:00+00:00,1.29499995708,1.29799997807,1.28699994087,1.29200005531,0
2026-04-22 18:00:00+00:00,1.29100000858,1.29700005054,1.2879999876,1.2879999876,0
2026-04-22 19:00:00+00:00,1.28699994087,1.28699994087,1.27300000191,1.27900004387,954992
2026-04-22 20:00:00+00:00,1.27799999714,1.27900004387,1.27199995518,1.27199995518,0
2026-04-22 21:00:00+00:00,1.27199995518,1.27999997139,1.27199995518,1.27699995041,100320
2026-04-22 22:00:00+00:00,1.27699995041,1.27900004387,1.27199995518,1.27400004864,0
2026-04-22 23:00:00+00:00,1.27400004864,1.27600002289,1.26999998093,1.27300000191,728224
2026-04-23 00:00:00+00:00,1.27199995518,1.27900004387,1.26400005817,1.27300000191,4475520
2026-04-23 01:00:00+00:00,1.27400004864,1.27600002289,1.26600003242,1.27100002766,307008
2026-04-23 02:00:00+00:00,1.27100002766,1.27100002766,1.25699996948,1.26199996471,0
2026-04-23 03:00:00+00:00,1.26199996471,1.26499998569,1.25300002098,1.25699996948,0
2026-04-23 04:00:00+00:00,1.25600004196,1.26100003719,1.25499999523,1.25800001621,0
2026-04-23 05:00:00+00:00,1.25800001621,1.26199996471,1.25300002098,1.25699996948,0
2026-04-23 06:00:00+00:00,1.25699996948,1.26400005817,1.25699996948,1.26199996471,0
2026-04-23 07:00:00+00:00,1.26199996471,1.26199996471,1.25499999523,1.25499999523,0
2026-04-23 08:00:00+00:00,1.25499999523,1.25499999523,1.25,1.2539999485,146240
2026-04-23 09:00:00+00:00,1.2539999485,1.25499999523,1.24100005627,1.24500000477,0
2026-04-23 10:00:00+00:00,1.2460000515,1.24699997902,1.23899996281,1.24300003052,401600
2026-04-23 11:00:00+00:00,1.24300003052,1.25199997425,1.24199998379,1.25,0
2026-04-23 12:00:00+00:00,1.25,1.2539999485,1.24399995804,1.24699997902,0
2026-04-23 13:00:00+00:00,1.24699997902,1.24800002575,1.24000000954,1.24399995804,0
2026-04-23 14:00:00+00:00,1.24300003052,1.25100004673,1.24000000954,1.24899995327,0
2026-04-23 15:00:00+00:00,1.24899995327,1.2539999485,1.24500000477,1.25,307240
2026-04-23 16:00:00+00:00,1.25,1.25300002098,1.24500000477,1.2460000515,0
2026-04-23 17:00:00+00:00,1.2460000515,1.2460000515,1.21399998665,1.22599995136,6816840
2026-04-23 18:00:00+00:00,1.22399997711,1.22899997234,1.22000002861,1.22000002861,1502152
2026-04-23 19:00:00+00:00,1.22000002861,1.22899997234,1.21700000763,1.22599995136,0
2026-04-23 20:00:00+00:00,1.22500002384,1.23699998856,1.22399997711,1.23300004005,0
2026-04-23 21:00:00+00:00,1.23300004005,1.24199998379,1.23199999332,1.23500001431,0
2026-04-23 22:00:00+00:00,1.23599994183,1.24199998379,1.23599994183,1.23800003529,0
2026-04-23 23:00:00+00:00,1.23800003529,1.24399995804,1.23800003529,1.24199998379,0
2026-04-24 00:00:00+00:00,1.24100005627,1.24899995327,1.23899996281,1.24699997902,0
2026-04-24 01:00:00+00:00,1.2460000515,1.25,1.23899996281,1.24899995327,0
2026-04-24 02:00:00+00:00,1.24899995327,1.25,1.24300003052,1.2460000515,0
2026-04-24 03:00:00+00:00,1.24500000477,1.24699997902,1.23399996758,1.23899996281,0
2026-04-24 04:00:00+00:00,1.23899996281,1.24300003052,1.23599994183,1.23899996281,0
2026-04-24 05:00:00+00:00,1.23899996281,1.24500000477,1.23699998856,1.23800003529,221160
2026-04-24 06:00:00+00:00,1.23800003529,1.24000000954,1.23500001431,1.23500001431,0
2026-04-24 07:00:00+00:00,1.23500001431,1.24000000954,1.22800004482,1.23199999332,265680
2026-04-24 08:00:00+00:00,1.23300004005,1.24300003052,1.23300004005,1.24000000954,1096056
2026-04-24 09:00:00+00:00,1.24000000954,1.24100005627,1.23500001431,1.24000000954,0
2026-04-24 10:00:00+00:00,1.24000000954,1.24699997902,1.23599994183,1.2460000515,0
2026-04-24 11:00:00+00:00,1.24500000477,1.25699996948,1.24500000477,1.25600004196,6625512
2026-04-24 12:00:00+00:00,1.25600004196,1.26100003719,1.25199997425,1.25300002098,1896096
2026-04-24 13:00:00+00:00,1.25199997425,1.26100003719,1.25199997425,1.2539999485,2261032
2026-04-24 14:00:00+00:00,1.2539999485,1.25600004196,1.24800002575,1.24899995327,1478184
2026-04-24 15:00:00+00:00,1.24899995327,1.26300001144,1.24300003052,1.25899994373,0
2026-04-24 16:00:00+00:00,1.26100003719,1.26100003719,1.25,1.25100004673,2141144
2026-04-24 17:00:00+00:00,1.25100004673,1.26199996471,1.25100004673,1.25800001621,0
2026-04-24 18:00:00+00:00,1.25800001621,1.26100003719,1.25300002098,1.25800001621,0
2026-04-24 19:00:00+00:00,1.25800001621,1.25999999046,1.2539999485,1.25800001621,0
2026-04-24 20:00:00+00:00,1.25699996948,1.26300001144,1.25300002098,1.26199996471,404360
2026-04-24 21:00:00+00:00,1.26199996471,1.26900005341,1.25800001621,1.25999999046,5544432
2026-04-24 22:00:00+00:00,1.25999999046,1.25999999046,1.24699997902,1.25199997425,940920
2026-04-24 23:00:00+00:00,1.25199997425,1.25499999523,1.25,1.2539999485,0
2026-04-25 00:00:00+00:00,1.25300002098,1.25800001621,1.25300002098,1.25699996948,0
2026-04-25 01:00:00+00:00,1.25699996948,1.26999998093,1.2539999485,1.26499998569,3305496
2026-04-25 02:00:00+00:00,1.26600003242,1.26699995995,1.25800001621,1.25999999046,602232
2026-04-25 03:00:00+00:00,1.25999999046,1.26900005341,1.25999999046,1.26400005817,313824
2026-04-25 04:00:00+00:00,1.26400005817,1.27199995518,1.26100003719,1.26199996471,674560
2026-04-25 05:00:00+00:00,1.26199996471,1.26900005341,1.25699996948,1.26400005817,0
2026-04-25 06:00:00+00:00,1.26400005817,1.27100002766,1.26400005817,1.26600003242,806104
2026-04-25 07:00:00+00:00,1.26400005817,1.26800000668,1.26199996471,1.26499998569,0
2026-04-25 08:00:00+00:00,1.26400005817,1.26699995995,1.26400005817,1.26699995995,0
2026-04-25 09:00:00+00:00,1.26699995995,1.27400004864,1.26699995995,1.27199995518,226744
2026-04-25 10:00:00+00:00,1.27199995518,1.27400004864,1.26900005341,1.26900005341,0
2026-04-25 11:00:00+00:00,1.26900005341,1.26900005341,1.25600004196,1.25699996948,0
2026-04-25 12:00:00+00:00,1.25699996948,1.25899994373,1.25300002098,1.25699996948,0
2026-04-25 13:00:00+00:00,1.25600004196,1.26600003242,1.25600004196,1.26400005817,0
2026-04-25 14:00:00+00:00,1.26400005817,1.26499998569,1.25999999046,1.25999999046,0
2026-04-25 15:00:00+00:00,1.25999999046,1.26400005817,1.25499999523,1.25800001621,0
2026-04-25 16:00:00+00:00,1.25800001621,1.26100003719,1.24500000477,1.25100004673,0
2026-04-25 17:00:00+00:00,1.25,1.25100004673,1.24300003052,1.24500000477,0
2026-04-25 18:00:00+00:00,1.24399995804,1.2460000515,1.24199998379,1.24199998379,0
2026-04-25 19:00:00+00:00,1.23899996281,1.24399995804,1.23800003529,1.24100005627,403840
2026-04-25 20:00:00+00:00,1.24100005627,1.24500000477,1.24000000954,1.24399995804,0
2026-04-25 21:00:00+00:00,1.24399995804,1.24699997902,1.24199998379,1.24399995804,0
2026-04-25 22:00:00+00:00,1.24399995804,1.24699997902,1.24100005627,1.2460000515,0
2026-04-25 23:00:00+00:00,1.2460000515,1.24800002575,1.24399995804,1.24699997902,180840
2026-04-26 00:00:00+00:00,1.2460000515,1.2460000515,1.23699998856,1.24000000954,328744
2026-04-26 01:00:00+00:00,1.24000000954,1.24500000477,1.23800003529,1.23800003529,0
2026-04-26 02:00:00+00:00,1.23800003529,1.24500000477,1.23800003529,1.24300003052,0
2026-04-26 03:00:00+00:00,1.24300003052,1.2460000515,1.23899996281,1.24399995804,0
2026-04-26 04:00:00+00:00,1.24399995804,1.25199997425,1.24100005627,1.24800002575,0
2026-04-26 05:00:00+00:00,1.24800002575,1.25999999046,1.24800002575,1.25699996948,2356576
2026-04-26 06:00:00+00:00,1.25800001621,1.26400005817,1.25699996948,1.25699996948,1097320
2026-04-26 07:00:00+00:00,1.25899994373,1.26400005817,1.25600004196,1.26100003719,1326752
2026-04-26 08:00:00+00:00,1.26100003719,1.26300001144,1.25800001621,1.26100003719,630032
2026-04-26 09:00:00+00:00,1.26100003719,1.27199995518,1.25899994373,1.26699995995,924912
2026-04-26 10:00:00+00:00,1.26699995995,1.26999998093,1.26499998569,1.26999998093,778552
2026-04-26 11:00:00+00:00,1.26999998093,1.27400004864,1.26800000668,1.26999998093,0
2026-04-26 12:00:00+00:00,1.26999998093,1.27100002766,1.25999999046,1.26199996471,0
2026-04-26 13:00:00+00:00,1.26199996471,1.26400005817,1.25800001621,1.25800001621,0
2026-04-26 14:00:00+00:00,1.25899994373,1.26699995995,1.25600004196,1.26499998569,1692360
2026-04-26 15:00:00+00:00,1.26499998569,1.26900005341,1.26300001144,1.26600003242,0
2026-04-26 16:00:00+00:00,1.26699995995,1.26699995995,1.25899994373,1.25899994373,0
2026-04-26 17:00:00+00:00,1.25999999046,1.26600003242,1.25499999523,1.26600003242,0
2026-04-26 18:00:00+00:00,1.26600003242,1.27199995518,1.26400005817,1.27100002766,859352
2026-04-26 19:00:00+00:00,1.26999998093,1.27400004864,1.26699995995,1.27100002766,0
2026-04-26 20:00:00+00:00,1.27100002766,1.27100002766,1.26499998569,1.26499998569,0
2026-04-26 21:00:00+00:00,1.26499998569,1.26800000668,1.25499999523,1.26499998569,62760
2026-04-26 22:00:00+00:00,1.26699995995,1.26999998093,1.25699996948,1.26300001144,2631032
2026-04-26 23:00:00+00:00,1.26199996471,1.26499998569,1.25899994373,1.26199996471,1179424
2026-04-27 00:00:00+00:00,1.26100003719,1.26999998093,1.25899994373,1.26900005341,1685032
2026-04-27 01:00:00+00:00,1.26999998093,1.27499997616,1.26100003719,1.27100002766,2453200
2026-04-27 02:00:00+00:00,1.27199995518,1.27300000191,1.26499998569,1.26999998093,1008304
2026-04-27 03:00:00+00:00,1.26999998093,1.27400004864,1.26800000668,1.26800000668,351640
2026-04-27 04:00:00+00:00,1.26800000668,1.26900005341,1.26499998569,1.26699995995,567432
2026-04-27 05:00:00+00:00,1.26800000668,1.26800000668,1.23800003529,1.24100005627,3142216
2026-04-27 06:00:00+00:00,1.24000000954,1.24199998379,1.22800004482,1.23599994183,3036680
2026-04-27 07:00:00+00:00,1.23500001431,1.23699998856,1.23099994659,1.23399996758,995320
2026-04-27 08:00:00+00:00,1.23199999332,1.23599994183,1.22899997234,1.23399996758,1472632
2026-04-27 09:00:00+00:00,1.23500001431,1.23699998856,1.23300004005,1.23500001431,1168456
2026-04-27 10:00:00+00:00,1.23500001431,1.23699998856,1.23300004005,1.23300004005,0
2026-04-27 11:00:00+00:00,1.23300004005,1.23899996281,1.23099994659,1.23800003529,0
2026-04-27 12:00:00+00:00,1.23800003529,1.23800003529,1.23300004005,1.23399996758,0
2026-04-27 13:00:00+00:00,1.23399996758,1.23599994183,1.22300004959,1.22899997234,0
2026-04-27 14:00:00+00:00,1.22899997234,1.23800003529,1.22800004482,1.23399996758,514928
2026-04-27 15:00:00+00:00,1.23399996758,1.23399996758,1.21099996567,1.21800005436,3012776
2026-04-27 16:00:00+00:00,1.21899998188,1.22300004959,1.2159999609,1.22000002861,0
2026-04-27 17:00:00+00:00,1.22000002861,1.22599995136,1.21899998188,1.21899998188,2377168
2026-04-27 18:00:00+00:00,1.21899998188,1.22399997711,1.21700000763,1.22399997711,352864
2026-04-27 19:00:00+00:00,1.22399997711,1.22399997711,1.21399998665,1.22000002861,1126904
2026-04-27 20:00:00+00:00,1.22000002861,1.22200000286,1.21800005436,1.22000002861,533168
2026-04-27 21:00:00+00:00,1.22000002861,1.22099995613,1.2159999609,1.21700000763,467256
2026-04-27 22:00:00+00:00,1.21700000763,1.22599995136,1.2159999609,1.22599995136,0
2026-04-27 23:00:00+00:00,1.22599995136,1.23599994183,1.22500002384,1.23399996758,1382080
2026-04-28 00:00:00+00:00,1.23199999332,1.23399996758,1.23000001907,1.23199999332,291776
2026-04-28 01:00:00+00:00,1.23199999332,1.23500001431,1.23099994659,1.23300004005,0
2026-04-28 02:00:00+00:00,1.23300004005,1.23800003529,1.22699999809,1.23099994659,431176
2026-04-28 03:00:00+00:00,1.23099994659,1.23500001431,1.22899997234,1.23500001431,2032432
2026-04-28 04:00:00+00:00,1.23500001431,1.23899996281,1.23399996758,1.23500001431,1062944
2026-04-28 05:00:00+00:00,1.23500001431,1.24100005627,1.23399996758,1.23399996758,0
2026-04-28 06:00:00+00:00,1.23399996758,1.23699998856,1.22399997711,1.22699999809,0
2026-04-28 07:00:00+00:00,1.22699999809,1.22699999809,1.22000002861,1.22500002384,0
2026-04-28 08:00:00+00:00,1.22500002384,1.22599995136,1.22099995613,1.22300004959,0
2026-04-28 09:00:00+00:00,1.22300004959,1.22399997711,1.21700000763,1.21899998188,0
2026-04-28 10:00:00+00:00,1.21899998188,1.22500002384,1.21899998188,1.22200000286,1407568
2026-04-28 11:00:00+00:00,1.22300004959,1.22300004959,1.2159999609,1.22000002861,1611848
2026-04-28 12:00:00+00:00,1.22099995613,1.22599995136,1.21800005436,1.22599995136,1554856
2026-04-28 13:00:00+00:00,1.22500002384,1.23699998856,1.22000002861,1.23199999332,2721920
2026-04-28 14:00:00+00:00,1.23300004005,1.23300004005,1.21899998188,1.22899997234,1002968
2026-04-28 15:00:00+00:00,1.23000001907,1.23300004005,1.22899997234,1.23199999332,122904
2026-04-28 16:00:00+00:00,1.23199999332,1.23599994183,1.22800004482,1.23000001907,1938864
2026-04-28 17:00:00+00:00,1.22899997234,1.23199999332,1.22500002384,1.23000001907,0
2026-04-28 18:00:00+00:00,1.23000001907,1.23300004005,1.22800004482,1.23199999332,0
2026-04-28 19:00:00+00:00,1.23199999332,1.23599994183,1.23000001907,1.23500001431,0
2026-04-28 20:00:00+00:00,1.23599994183,1.23599994183,1.22899997234,1.22899997234,0
2026-04-28 21:00:00+00:00,1.22899997234,1.23099994659,1.22800004482,1.23000001907,0
2026-04-28 22:00:00+00:00,1.23000001907,1.23300004005,1.22699999809,1.22800004482,0
2026-04-28 23:00:00+00:00,1.22800004482,1.23000001907,1.22599995136,1.22899997234,0
2026-04-29 00:00:00+00:00,1.22899997234,1.23199999332,1.22699999809,1.23000001907,0
2026-04-29 01:00:00+00:00,1.22899997234,1.23099994659,1.22599995136,1.22899997234,762000
2026-04-29 02:00:00+00:00,1.22899997234,1.23099994659,1.22500002384,1.22899997234,0
2026-04-29 03:00:00+00:00,1.22899997234,1.23699998856,1.22899997234,1.23699998856,0
2026-04-29 04:00:00+00:00,1.23699998856,1.2460000515,1.23599994183,1.2460000515,0
2026-04-29 05:00:00+00:00,1.2460000515,1.24800002575,1.24399995804,1.24699997902,0
2026-04-29 06:00:00+00:00,1.24699997902,1.24699997902,1.24000000954,1.24100005627,0
2026-04-29 07:00:00+00:00,1.24199998379,1.2460000515,1.23800003529,1.24199998379,0
2026-04-29 08:00:00+00:00,1.24199998379,1.24199998379,1.23599994183,1.23699998856,0
2026-04-29 09:00:00+00:00,1.23699998856,1.25300002098,1.23500001431,1.25300002098,0
2026-04-29 10:00:00+00:00,1.25499999523,1.25800001621,1.24800002575,1.25,4346136
2026-04-29 11:00:00+00:00,1.25,1.2539999485,1.24399995804,1.24399995804,0
2026-04-29 12:00:00+00:00,1.24399995804,1.24399995804,1.23000001907,1.23599994183,2269464
2026-04-29 13:00:00+00:00,1.23599994183,1.23699998856,1.22099995613,1.22899997234,613728
2026-04-29 14:00:00+00:00,1.22800004482,1.23099994659,1.22399997711,1.22599995136,0
2026-04-29 15:00:00+00:00,1.22599995136,1.22599995136,1.20200002193,1.20700001717,2614904
2026-04-29 16:00:00+00:00,1.20599997044,1.21099996567,1.20399999619,1.20799994469,2056904
2026-04-29 17:00:00+00:00,1.20799994469,1.21700000763,1.20799994469,1.21700000763,2165672
2026-04-29 18:00:00+00:00,1.21800005436,1.21899998188,1.17999994755,1.1970000267,12410104
2026-04-29 19:00:00+00:00,1.19799995422,1.19900000095,1.19200003147,1.19599997997,2583288
2026-04-29 20:00:00+00:00,1.19599997997,1.20700001717,1.19500005245,1.20399999619,2395248
2026-04-29 21:00:00+00:00,1.20200002193,1.2120000124,1.20200002193,1.20799994469,1677456
2026-04-29 22:00:00+00:00,1.20799994469,1.21300005913,1.20599997044,1.21099996567,1691424
2026-04-29 23:00:00+00:00,1.21099996567,1.2120000124,1.20799994469,1.21099996567,928192
2026-04-30 00:00:00+00:00,1.21000003815,1.22500002384,1.21000003815,1.22500002384,173216
2026-04-30 01:00:00+00:00,1.22500002384,1.22500002384,1.21899998188,1.22099995613,835072
2026-04-30 02:00:00+00:00,1.22200000286,1.22399997711,1.20500004292,1.21099996567,691376
2026-04-30 03:00:00+00:00,1.21099996567,1.21700000763,1.20899999142,1.2159999609,1209968
2026-04-30 04:00:00+00:00,1.2159999609,1.2159999609,1.2009999752,1.20200002193,0
2026-04-30 05:00:00+00:00,1.20200002193,1.20599997044,1.1970000267,1.2009999752,1883520
2026-04-30 06:00:00+00:00,1.2009999752,1.20500004292,1.19900000095,1.20299994946,1859024
2026-04-30 07:00:00+00:00,1.20299994946,1.20899999142,1.20000004768,1.20799994469,2142288
2026-04-30 08:00:00+00:00,1.2120000124,1.21500003338,1.20799994469,1.21099996567,4694048
2026-04-30 09:00:00+00:00,1.21000003815,1.21899998188,1.21000003815,1.21399998665,1843184
2026-04-30 10:00:00+00:00,1.21300005913,1.21800005436,1.21000003815,1.21000003815,0
2026-04-30 11:00:00+00:00,1.21000003815,1.21800005436,1.20799994469,1.2159999609,1342864
2026-04-30 12:00:00+00:00,1.2159999609,1.22099995613,1.21399998665,1.21500003338,0
2026-04-30 13:00:00+00:00,1.21500003338,1.2159999609,1.20899999142,1.21099996567,0
2026-04-30 14:00:00+00:00,1.2120000124,1.21399998665,1.20399999619,1.20799994469,0
2026-04-30 15:00:00+00:00,1.20799994469,1.2159999609,1.20500004292,1.21500003338,0
2026-04-30 16:00:00+00:00,1.21500003338,1.21500003338,1.21000003815,1.21000003815,0
2026-04-30 17:00:00+00:00,1.21000003815,1.2120000124,1.20799994469,1.21000003815,0
2026-04-30 18:00:00+00:00,1.21000003815,1.21300005913,1.20700001717,1.21000003815,0
2026-04-30 19:00:00+00:00,1.21000003815,1.21300005913,1.20700001717,1.20899999142,0
2026-04-30 20:00:00+00:00,1.20899999142,1.21000003815,1.20700001717,1.20799994469,0
2026-04-30 21:00:00+00:00,1.20799994469,1.21000003815,1.20200002193,1.20299994946,0
2026-04-30 22:00:00+00:00,1.20299994946,1.20500004292,1.20000004768,1.20000004768,0
2026-04-30 23:00:00+00:00,1.20000004768,1.20399999619,1.20000004768,1.20399999619,0
