timestamp,open,high,low,close,volume
2024-11-01 00:00:00+00:00,1.6548500061,1.6566400528,1.65391004086,1.65629005432,0
2024-11-01 01:00:00+00:00,1.65637004375,1.65658998489,1.65357995033,1.65434002876,0
2024-11-01 02:00:00+00:00,1.65434002876,1.65582001209,1.65313994884,1.65348994732,0
2024-11-01 03:00:00+00:00,1.6535500288,1.65366005898,1.6519099474,1.65340995789,0
2024-11-01 04:00:00+00:00,1.65342998505,1.65425002575,1.65294003487,1.65399003029,0
2024-11-01 05:00:00+00:00,1.65398001671,1.65661001205,1.65339004993,1.65574002266,0
2024-11-01 06:00:00+00:00,1.6557199955,1.65812003613,1.65522003174,1.65714001656,0
2024-11-01 07:00:00+00:00,1.65708994865,1.65842998028,1.65608000755,1.65675997734,0
2024-11-01 08:00:00+00:00,1.65676999092,1.6574100256,1.65340995789,1.65477001667,0
2024-11-01 09:00:00+00:00,1.65422999859,1.65497004986,1.65315997601,1.65373003483,0
2024-11-01 10:00:00+00:00,1.65367996693,1.65457999706,1.65299999714,1.65435004234,0
2024-11-01 11:00:00+00:00,1.65439999104,1.65578997135,1.65395998955,1.65490996838,0
2024-11-01 12:00:00+00:00,1.6548500061,1.65606999397,1.65281999111,1.6532599926,0
2024-11-01 13:00:00+00:00,1.65322005749,1.65373003483,1.65033996105,1.65117001534,0
2024-11-01 14:00:00+00:00,1.6510900259,1.65214002132,1.64974999428,1.65035998821,0
2024-11-01 15:00:00+00:00,1.65041995049,1.65153002739,1.64711999893,1.64795005322,0
2024-11-01 16:00:00+00:00,1.64795005322,1.65052998066,1.64783000946,1.65022003651,0
2024-11-01 17:00:00+00:00,1.65014004707,1.65144002438,1.64929997921,1.65122997761,0
2024-11-01 18:00:00+00:00,1.65128004551,1.6523900032,1.65072000027,1.65231001377,0
2024-11-01 19:00:00+00:00,1.65231001377,1.65337002277,1.65136003494,1.65266001225,0
2024-11-01 20:00:00+00:00,1.65268003941,1.65285003185,1.6505600214,1.65058004856,0
2024-11-01 21:00:00+00:00,1.65110003948,1.65110003948,1.65090000629,1.65110003948,0
2024-11-01 22:00:00+00:00,1.65110003948,1.65110003948,1.65110003948,1.65110003948,0
2024-11-04 00:00:00+00:00,1.64947998524,1.65068995953,1.64768004417,1.64806997776,0
2024-11-04 01:00:00+00:00,1.64805996418,1.64972996712,1.64734995365,1.64895999432,0
2024-11-04 02:00:00+00:00,1.64894998074,1.65014004707,1.64751005173,1.64993000031,0
2024-11-04 03:00:00+00:00,1.64988005161,1.65040004253,1.646510005,1.64821004868,0
2024-11-04 04:00:00+00:00,1.64813995361,1.64935994148,1.64795005322,1.64869999886,0
2024-11-04 05:00:00+00:00,1.64867997169,1.65037000179,1.64804005623,1.64839994907,0
2024-11-04 06:00:00+00:00,1.64845001698,1.65110003948,1.64829003811,1.65044999123,0
2024-11-04 07:00:00+00:00,1.65032994747,1.65374004841,1.64996004105,1.65368998051,0
2024-11-04 08:00:00+00:00,1.65367996693,1.65401005745,1.65211999416,1.65304005146,0
2024-11-04 09:00:00+00:00,1.65313994884,1.65434002876,1.65184998512,1.6523900032,0
2024-11-04 10:00:00+00:00,1.6523900032,1.65398001671,1.65223002434,1.65287005901,0
2024-11-04 11:00:00+00:00,1.65287995338,1.65368998051,1.65187001228,1.6523900032,0
2024-11-04 12:00:00+00:00,1.65237998962,1.65290999413,1.65108001232,1.65202999115,0
2024-11-04 13:00:00+00:00,1.6519600153,1.65403997898,1.65087997913,1.65330004692,0
2024-11-04 14:00:00+00:00,1.65331995487,1.65364003181,1.64995002747,1.65062999725,0
2024-11-04 15:00:00+00:00,1.65072000027,1.65146994591,1.64901995659,1.65137004852,0
2024-11-04 16:00:00+00:00,1.65138995647,1.65372002125,1.65034997463,1.65321004391,0
2024-11-04 17:00:00+00:00,1.65313005447,1.65358996391,1.65116000175,1.65167999268,0
2024-11-04 18:00:00+00:00,1.65163004398,1.65288996696,1.65073001385,1.65137994289,0
2024-11-04 19:00:00+00:00,1.65138995647,1.65180003643,1.65053999424,1.65147995949,0
2024-11-04 20:00:00+00:00,1.65138995647,1.65205001831,1.65068995953,1.6516200304,0
2024-11-04 21:00:00+00:00,1.651720047,1.65225994587,1.65075004101,1.6516200304,0
2024-11-04 22:00:00+00:00,1.65085995197,1.65199995041,1.6505099535,1.65126001835,0
2024-11-04 23:00:00+00:00,1.65154004097,1.65195000172,1.65051996708,1.65144002438,0
2024-11-05 00:00:00+00:00,1.65146994591,1.65288996696,1.65112996101,1.65181994438,0
2024-11-05 01:00:00+00:00,1.65188002586,1.6526299715,1.6496399641,1.65030002594,0
2024-11-05 02:00:00+00:00,1.65025997162,1.65111005306,1.64945995808,1.6507999897,0
2024-11-05 03:00:00+00:00,1.65076994896,1.6516200304,1.648630023,1.65152001381,0
2024-11-05 04:00:00+00:00,1.65146994591,1.65179002285,1.64805996418,1.64921998978,0
2024-11-05 05:00:00+00:00,1.6492099762,1.64953994751,1.64786994457,1.64880001545,0
2024-11-05 06:00:00+00:00,1.64880001545,1.64912998676,1.64681994915,1.64767003059,0
2024-11-05 07:00:00+00:00,1.64765000343,1.64793002605,1.64596998692,1.6472799778,0
2024-11-05 08:00:00+00:00,1.64736998081,1.64737999439,1.64497005939,1.64567005634,0
2024-11-05 09:00:00+00:00,1.64558005333,1.64695000648,1.64512002468,1.64602005482,0
2024-11-05 10:00:00+00:00,1.64596998692,1.64643001556,1.64523005486,1.6457400322,0
2024-11-05 11:00:00+00:00,1.64582002163,1.64585995674,1.64435005188,1.64533996582,0
2024-11-05 12:00:00+00:00,1.6453499794,1.64570999146,1.64398002625,1.64485001564,0
2024-11-05 13:00:00+00:00,1.64477002621,1.6454000473,1.64287996292,1.6437100172,0
2024-11-05 14:00:00+00:00,1.64382004738,1.64480996132,1.64304995537,1.64364004135,0
2024-11-05 15:00:00+00:00,1.64339995384,1.64416003227,1.64277994633,1.64337003231,0
2024-11-05 16:00:00+00:00,1.64329004288,1.64678001404,1.64289999008,1.64672005177,0
2024-11-05 17:00:00+00:00,1.64679002762,1.64779996872,1.64623999596,1.64748001099,0
2024-11-05 18:00:00+00:00,1.64746999741,1.64795994759,1.64634001255,1.64742994308,0
2024-11-05 19:00:00+00:00,1.64739000797,1.64778995514,1.64619994164,1.64744997025,0
2024-11-05 20:00:00+00:00,1.64740002155,1.64783000946,1.64584994316,1.64619994164,0
2024-11-05 21:00:00+00:00,1.64614999294,1.64705002308,1.64547002316,1.64576005936,0
2024-11-05 22:00:00+00:00,1.64588999748,1.64760005474,1.64505004883,1.64686000347,0
2024-11-05 23:00:00+00:00,1.64690995216,1.6481000185,1.64513003826,1.64618003368,0
2024-11-06 00:00:00+00:00,1.64646995068,1.64707005024,1.64279997349,1.64395999908,0
2024-11-06 01:00:00+00:00,1.64395999908,1.64578998089,1.6429899931,1.64355003834,0
2024-11-06 02:00:00+00:00,1.64347994328,1.64453005791,1.64174997807,1.64245998859,0
2024-11-06 03:00:00+00:00,1.64253997803,1.64917004108,1.64124000072,1.64891004562,0
2024-11-06 04:00:00+00:00,1.64889001846,1.64970004559,1.64578998089,1.64707994461,0
2024-11-06 05:00:00+00:00,1.64700996876,1.64821004868,1.64094996452,1.64310002327,0
2024-11-06 06:00:00+00:00,1.64309000969,1.64329004288,1.63972997665,1.64050996304,0
2024-11-06 07:00:00+00:00,1.64049994946,1.64224004745,1.6379699707,1.63893997669,0
2024-11-06 08:00:00+00:00,1.63900005817,1.63969004154,1.63425004482,1.63525998592,0
2024-11-06 09:00:00+00:00,1.63522005081,1.63682997227,1.6326700449,1.63287997246,0
2024-11-06 10:00:00+00:00,1.63300001621,1.63340997696,1.63038003445,1.63269996643,0
2024-11-06 11:00:00+00:00,1.63276994228,1.63363003731,1.63125002384,1.63305997849,0
2024-11-06 12:00:00+00:00,1.6332000494,1.63366997242,1.62740004063,1.62750995159,0
2024-11-06 13:00:00+00:00,1.62750995159,1.63472998142,1.62717998028,1.63322997093,0
2024-11-06 14:00:00+00:00,1.63338005543,1.63564002514,1.63080000877,1.63530004025,0
2024-11-06 15:00:00+00:00,1.63515996933,1.63581001759,1.63001000881,1.63327002525,0
2024-11-06 16:00:00+00:00,1.63326001167,1.63466000557,1.6318000555,1.63257002831,0
2024-11-06 17:00:00+00:00,1.63268005848,1.63459002972,1.6323299408,1.6329100132,0
2024-11-06 18:00:00+00:00,1.6328599453,1.63350999355,1.63076996803,1.63163995743,0
2024-11-06 19:00:00+00:00,1.63170003891,1.63186001778,1.62925004959,1.63063001633,0
2024-11-06 20:00:00+00:00,1.63064002991,1.63353002071,1.6293400526,1.63350999355,0
2024-11-06 21:00:00+00:00,1.63349997997,1.63546001911,1.6318500042,1.6318500042,0
2024-11-06 22:00:00+00:00,1.63248002529,1.63341999054,1.63192999363,1.63313996792,0
2024-11-06 23:00:00+00:00,1.63300001621,1.63428997993,1.63264000416,1.63371002674,0
2024-11-07 00:00:00+00:00,1.63417005539,1.63451004028,1.63171994686,1.63190996647,0
2024-11-07 01:00:00+00:00,1.63191998005,1.63217997551,1.62776994705,1.62837004662,0
2024-11-07 02:00:00+00:00,1.62825000286,1.62837004662,1.62301003933,1.62369000912,0
2024-11-07 03:00:00+00:00,1.62358999252,1.6243699789,1.62135994434,1.62203001976,0
2024-11-07 04:00:00+00:00,1.62209999561,1.62268996239,1.62106001377,1.62160003185,0
2024-11-07 05:00:00+00:00,1.62168002129,1.62303996086,1.62110996246,1.62235999107,0
2024-11-07 06:00:00+00:00,1.62235999107,1.62351000309,1.62154996395,1.62232995033,0
2024-11-07 07:00:00+00:00,1.62235999107,1.62405002117,1.62105000019,1.62338995934,0
2024-11-07 08:00:00+00:00,1.62338995934,1.62419998646,1.62135004997,1.6229300499,0
2024-11-07 09:00:00+00:00,1.6229300499,1.62294995785,1.62057995796,1.62095999718,0
2024-11-07 10:00:00+00:00,1.62097001076,1.62404000759,1.62072002888,1.62182998657,0
2024-11-07 11:00:00+00:00,1.62189996243,1.62326002121,1.62145996094,1.62241005898,0
2024-11-07 12:00:00+00:00,1.62241995335,1.62279999256,1.62091004848,1.62109005451,0
2024-11-07 13:00:00+00:00,1.62099003792,1.62169003487,1.61880004406,1.61958003044,0
2024-11-07 14:00:00+00:00,1.6196000576,1.62129998207,1.61821997166,1.61881005764,0
2024-11-07 15:00:00+00:00,1.61887001991,1.61933994293,1.61667001247,1.61696004868,0
2024-11-07 16:00:00+00:00,1.61696994305,1.6187800169,1.61607003212,1.6182500124,0
2024-11-07 17:00:00+00:00,1.61829996109,1.6190199852,1.61725997925,1.61819005013,0
2024-11-07 18:00:00+00:00,1.61804997921,1.61968004704,1.61750996113,1.61810004711,0
2024-11-07 19:00:00+00:00,1.61793005466,1.61977005005,1.61677002907,1.6168500185,0
2024-11-07 20:00:00+00:00,1.61696004868,1.61810994148,1.61605000496,1.61773002148,0
2024-11-07 21:00:00+00:00,1.6176700592,1.61796998978,1.61656999588,1.61699998379,0
2024-11-07 22:00:00+00:00,1.6171900034,1.6184899807,1.61621999741,1.61752998829,0
2024-11-07 23:00:00+00:00,1.61750996113,1.61851000786,1.61629998684,1.61704003811,0
2024-11-08 00:00:00+00:00,1.6171900034,1.61849999428,1.61644005775,1.61836004257,0
2024-11-08 01:00:00+00:00,1.61828994751,1.61962997913,1.61743998528,1.61940002441,0
2024-11-08 02:00:00+00:00,1.61939001083,1.62033998966,1.61837995052,1.61947000027,0
2024-11-08 03:00:00+00:00,1.61948001385,1.62209999561,1.61902999878,1.6212400198,0
2024-11-08 04:00:00+00:00,1.62115001678,1.62179994583,1.61968004704,1.62046003342,0
2024-11-08 05:00:00+00:00,1.62032997608,1.62176001072,1.61957001686,1.62020003796,0
2024-11-08 06:00:00+00:00,1.62014997005,1.6209499836,1.61863994598,1.61912000179,0
2024-11-08 07:00:00+00:00,1.61916005611,1.6214799881,1.61904001236,1.620470047,0
2024-11-08 08:00:00+00:00,1.62046003342,1.62504994869,1.61974000931,1.62207996845,0
2024-11-08 09:00:00+00:00,1.62208998203,1.62316000462,1.62139999866,1.62260997295,0
2024-11-08 10:00:00+00:00,1.62250995636,1.62405002117,1.62184000015,1.62348997593,0
2024-11-08 11:00:00+00:00,1.62349998951,1.62609004974,1.6234099865,1.62547004223,0
2024-11-08 12:00:00+00:00,1.62547004223,1.62690997124,1.625,1.62588000298,0
2024-11-08 13:00:00+00:00,1.6258699894,1.62766003609,1.62504005432,1.62721002102,0
2024-11-08 14:00:00+00:00,1.62731003761,1.62837994099,1.62568998337,1.62667000294,0
2024-11-08 15:00:00+00:00,1.62679004669,1.62911999226,1.62548995018,1.62839996815,0
2024-11-08 16:00:00+00:00,1.62838995457,1.63038003445,1.62829995155,1.62985002995,0
2024-11-08 17:00:00+00:00,1.62993001938,1.63051998615,1.62795996666,1.62829995155,0
2024-11-08 18:00:00+00:00,1.62829005718,1.62964999676,1.62732005119,1.62896001339,0
2024-11-08 19:00:00+00:00,1.62892997265,1.62951004505,1.62801003456,1.62823998928,0
2024-11-08 20:00:00+00:00,1.62831997871,1.62919998169,1.62785005569,1.62827003002,0
2024-11-08 21:00:00+00:00,1.62846004963,1.62860000134,1.62679994106,1.62738001347,0
2024-11-08 22:00:00+00:00,1.62787997723,1.62787997723,1.62787997723,1.62787997723,0
2024-11-11 00:00:00+00:00,1.62699997425,1.62739002705,1.62468004227,1.62612998486,0
2024-11-11 01:00:00+00:00,1.62604999542,1.62718999386,1.62525999546,1.62661004066,0
2024-11-11 02:00:00+00:00,1.62661004066,1.62810003757,1.62600004673,1.62698996067,0
2024-11-11 03:00:00+00:00,1.62700998783,1.62724995613,1.62507998943,1.62530994415,0
2024-11-11 04:00:00+00:00,1.62524998188,1.62593996525,1.62411999702,1.625,0
2024-11-11 05:00:00+00:00,1.62505996227,1.62624001503,1.62375998497,1.62619996071,0
2024-11-11 06:00:00+00:00,1.62620997429,1.62643003464,1.62481999397,1.6260099411,0
2024-11-11 07:00:00+00:00,1.62597000599,1.62720000744,1.6236499548,1.62387001514,0
2024-11-11 08:00:00+00:00,1.62388002872,1.62513005733,1.62268996239,1.62390005589,0
2024-11-11 09:00:00+00:00,1.6238399744,1.62416994572,1.62179005146,1.62244999409,0
2024-11-11 10:00:00+00:00,1.62243998051,1.62270998955,1.62040996552,1.62097001076,0
2024-11-11 11:00:00+00:00,1.62103998661,1.62121999264,1.61852002144,1.61908996105,0
2024-11-11 12:00:00+00:00,1.61897003651,1.6196000576,1.61793994904,1.61853003502,0
2024-11-11 13:00:00+00:00,1.61863005161,1.62108004093,1.61809003353,1.62005996704,0
2024-11-11 14:00:00+00:00,1.62009000778,1.6207100153,1.61843001842,1.61980998516,0
2024-11-11 15:00:00+00:00,1.61970996857,1.62102997303,1.6185400486,1.6206099987,0
2024-11-11 16:00:00+00:00,1.62057995796,1.6211899519,1.61963999271,1.62100994587,0
2024-11-11 17:00:00+00:00,1.62089002132,1.62162005901,1.62028002739,1.62121999264,0
2024-11-11 18:00:00+00:00,1.62125003338,1.62249004841,1.62030005455,1.62082004547,0
2024-11-11 19:00:00+00:00,1.62074995041,1.62191998959,1.62030005455,1.62155997753,0
2024-11-11 20:00:00+00:00,1.62154996395,1.62179994583,1.62070000172,1.62127995491,0
2024-11-11 21:00:00+00:00,1.62123000622,1.62153995037,1.61930000782,1.61945998669,0
2024-11-11 22:00:00+00:00,1.61926996708,1.62081003189,1.61898994446,1.62030005455,0
2024-11-11 23:00:00+00:00,1.62028002739,1.62162995338,1.62015998363,1.62092995644,0
2024-11-12 00:00:00+00:00,1.62079000473,1.62217998505,1.6203700304,1.62123000622,0
2024-11-12 01:00:00+00:00,1.62125003338,1.62349998951,1.61942994595,1.62135994434,0
2024-11-12 02:00:00+00:00,1.62135004997,1.6244699955,1.62134003639,1.62369000912,0
2024-11-12 03:00:00+00:00,1.62367999554,1.62451994419,1.62211000919,1.62363004684,0
2024-11-12 04:00:00+00:00,1.62356996536,1.62469995022,1.62335002422,1.62388002872,0
2024-11-12 05:00:00+00:00,1.62379002571,1.62453997135,1.62258005142,1.62416005135,0
2024-11-12 06:00:00+00:00,1.6242300272,1.62449002266,1.62173998356,1.62228000164,0
2024-11-12 07:00:00+00:00,1.62241995335,1.6238399744,1.62159001827,1.6229300499,0
2024-11-12 08:00:00+00:00,1.62302994728,1.62425005436,1.62202000618,1.62311005592,0
2024-11-12 09:00:00+00:00,1.62301003933,1.62425005436,1.62258994579,1.62379002571,0
2024-11-12 10:00:00+00:00,1.62379002571,1.62419998646,1.62256002426,1.62355995178,0
2024-11-12 11:00:00+00:00,1.62353003025,1.62443995476,1.62222003937,1.62284994125,0
2024-11-12 12:00:00+00:00,1.62285995483,1.62302994728,1.62024998665,1.62088000774,0
2024-11-12 13:00:00+00:00,1.62085998058,1.62241995335,1.61996996403,1.62156999111,0
2024-11-12 14:00:00+00:00,1.62146997452,1.62401998043,1.62143003941,1.62335002422,0
2024-11-12 15:00:00+00:00,1.62327003479,1.62380003929,1.62085998058,1.62168002129,0
2024-11-12 16:00:00+00:00,1.62161004543,1.62516999245,1.62103998661,1.62497997284,0
2024-11-12 17:00:00+00:00,1.62507998943,1.62776994705,1.62465000153,1.62755000591,0
2024-11-12 18:00:00+00:00,1.62755000591,1.6277500391,1.62483000755,1.62541997433,0
2024-11-12 19:00:00+00:00,1.62530994415,1.62564003468,1.62399995327,1.62477004528,0
2024-11-12 20:00:00+00:00,1.62472999096,1.62546002865,1.62329995632,1.62513005733,0
2024-11-12 21:00:00+00:00,1.6252900362,1.62679994106,1.62445998192,1.62510001659,0
2024-11-12 22:00:00+00:00,1.62503004074,1.62676000595,1.62407004833,1.62601995468,0
2024-11-12 23:00:00+00:00,1.62591004372,1.62678003311,1.62544000149,1.62583005428,0
2024-11-13 00:00:00+00:00,1.62574994564,1.62855994701,1.62550997734,1.62677001953,0
2024-11-13 01:00:00+00:00,1.62672996521,1.62708997726,1.6247099638,1.62568998337,0
2024-11-13 02:00:00+00:00,1.62566995621,1.6263500452,1.62474000454,1.62519001961,0
2024-11-13 03:00:00+00:00,1.62519001961,1.62594997883,1.62421000004,1.62524998188,0
2024-11-13 04:00:00+00:00,1.62521994114,1.62546002865,1.62406003475,1.62451994419,0
2024-11-13 05:00:00+00:00,1.62445998192,1.62542998791,1.62363004684,1.62451004982,0
2024-11-13 06:00:00+00:00,1.62449002266,1.62662994862,1.62400996685,1.62619996071,0
2024-11-13 07:00:00+00:00,1.6262999773,1.62652003765,1.62425994873,1.62560999393,0
2024-11-13 08:00:00+00:00,1.62558996677,1.62689995766,1.62439000607,1.62661004066,0
2024-11-13 09:00:00+00:00,1.6265900135,1.62738001347,1.62566995621,1.62677001953,0
2024-11-13 10:00:00+00:00,1.62673997879,1.62804996967,1.62603998184,1.62688004971,0
2024-11-13 11:00:00+00:00,1.62679994106,1.62954998016,1.62627005577,1.62941002846,0
2024-11-13 12:00:00+00:00,1.62941002846,1.62988996506,1.62786996365,1.6295800209,0
2024-11-13 13:00:00+00:00,1.62955999374,1.63043999672,1.62558996677,1.62844002247,0
2024-11-13 14:00:00+00:00,1.62845003605,1.63038003445,1.62743997574,1.628469944,0
2024-11-13 15:00:00+00:00,1.62850999832,1.63112998009,1.62785005569,1.629150033,0
2024-11-13 16:00:00+00:00,1.62914001942,1.63043999672,1.62820005417,1.62913000584,0
2024-11-13 17:00:00+00:00,1.62927997112,1.63018000126,1.62827003002,1.62891995907,0
2024-11-13 18:00:00+00:00,1.62887001038,1.62899005413,1.62661004066,1.62736999989,0
2024-11-13 19:00:00+00:00,1.62743997574,1.6293900013,1.62691998482,1.62926995754,0
2024-11-13 20:00:00+00:00,1.62932002544,1.62960994244,1.62788999081,1.62940001488,0
2024-11-13 21:00:00+00:00,1.62945997715,1.62967002392,1.62794005871,1.62846004963,0
2024-11-13 22:00:00+00:00,1.6285200119,1.62861001492,1.62504994869,1.62557995319,0
2024-11-13 23:00:00+00:00,1.62548005581,1.62742996216,1.62537002563,1.62695002556,0
2024-11-14 00:00:00+00:00,1.62702000141,1.62946999073,1.62644004822,1.62727999687,0
2024-11-14 01:00:00+00:00,1.62740004063,1.62844002247,1.62647998333,1.62778997421,0
2024-11-14 02:00:00+00:00,1.62778997421,1.63052999973,1.62777996063,1.62969005108,0
2024-11-14 03:00:00+00:00,1.62969994545,1.63144004345,1.62804996967,1.63013005257,0
2024-11-14 04:00:00+00:00,1.63027000427,1.63165998459,1.62925004959,1.630210042,0
2024-11-14 05:00:00+00:00,1.63029003143,1.63172996044,1.62980997562,1.63155996799,0
2024-11-14 06:00:00+00:00,1.63162994385,1.63176000118,1.62998998165,1.63097000122,0
2024-11-14 07:00:00+00:00,1.63097000122,1.63156998158,1.62856996059,1.62980997562,0
2024-11-14 08:00:00+00:00,1.6296299696,1.63052999973,1.62727999687,1.62783002853,0
2024-11-14 09:00:00+00:00,1.62786996365,1.62840998173,1.62636995316,1.62750005722,0
2024-11-14 10:00:00+00:00,1.62738001347,1.62850999832,1.62630999088,1.62713003159,0
2024-11-14 11:00:00+00:00,1.62705004215,1.62834000587,1.62595999241,1.62785005569,0
2024-11-14 12:00:00+00:00,1.62776994705,1.62987995148,1.62732994556,1.62933003902,0
2024-11-14 13:00:00+00:00,1.62925994396,1.62943994999,1.62643003464,1.62882995605,0
2024-11-14 14:00:00+00:00,1.62884998322,1.63071000576,1.62823998928,1.6304500103,0
2024-11-14 15:00:00+00:00,1.63046002388,1.63292002678,1.62976002693,1.63166999817,0
2024-11-14 16:00:00+00:00,1.63170003891,1.63206005096,1.63004004955,1.63168001175,0
2024-11-14 17:00:00+00:00,1.63177001476,1.63201999664,1.62959003448,1.62996995449,0
2024-11-14 18:00:00+00:00,1.62999999523,1.63091003895,1.62926995754,1.63049995899,0
2024-11-14 19:00:00+00:00,1.63056004047,1.63060998917,1.62899005413,1.630210042,0
2024-11-14 20:00:00+00:00,1.63020002842,1.63276004791,1.62964999676,1.631270051,0
2024-11-14 21:00:00+00:00,1.63117003441,1.63163995743,1.63049995899,1.63120996952,0
2024-11-14 22:00:00+00:00,1.6312199831,1.63178002834,1.62960004807,1.63136005402,0
2024-11-14 23:00:00+00:00,1.63134002686,1.63262999058,1.63069999218,1.63095998764,0
2024-11-15 00:00:00+00:00,1.63110995293,1.63303005695,1.63080000877,1.63276004791,0
2024-11-15 01:00:00+00:00,1.63268995285,1.63317000866,1.63124001026,1.63168001175,0
2024-11-15 02:00:00+00:00,1.63166999817,1.6320400238,1.63032996655,1.63075995445,0
2024-11-15 03:00:00+00:00,1.63078999519,1.63145005703,1.6299200058,1.63083994389,0
2024-11-15 04:00:00+00:00,1.63083004951,1.63101005554,1.62961995602,1.63040995598,0
2024-11-15 05:00:00+00:00,1.63040995598,1.63116002083,1.62934994698,1.63076996803,0
2024-11-15 06:00:00+00:00,1.63084995747,1.63321995735,1.63022005558,1.63231003284,0
2024-11-15 07:00:00+00:00,1.63224005699,1.63332998753,1.63156998158,1.6329100132,0
2024-11-15 08:00:00+00:00,1.63289999962,1.6353199482,1.63236999512,1.63390004635,0
2024-11-15 09:00:00+00:00,1.63399004936,1.63434004784,1.63241004944,1.63340997696,0
2024-11-15 10:00:00+00:00,1.63331997395,1.63453996181,1.63289999962,1.6340700388,0
2024-11-15 11:00:00+00:00,1.63403999805,1.63469994068,1.6323800087,1.63349997997,0
2024-11-15 12:00:00+00:00,1.63349997997,1.63400995731,1.63235998154,1.63322997093,0
2024-11-15 13:00:00+00:00,1.63329994678,1.63498997688,1.63293004036,1.63356995583,0
2024-11-15 14:00:00+00:00,1.63357996941,1.63457000256,1.6321400404,1.6333899498,0
2024-11-15 15:00:00+00:00,1.63335001469,1.63536000252,1.63033998013,1.63076996803,0
2024-11-15 16:00:00+00:00,1.63082003593,1.6331499815,1.63029003143,1.63308000565,0
2024-11-15 17:00:00+00:00,1.63309001923,1.63336002827,1.63171005249,1.6320400238,0
2024-11-15 18:00:00+00:00,1.63215994835,1.63289999962,1.63131999969,1.63236999512,0
2024-11-15 19:00:00+00:00,1.63234996796,1.63305997849,1.63134002686,1.63215005398,0
2024-11-15 20:00:00+00:00,1.63218998909,1.63241004944,1.62990999222,1.63057005405,0
2024-11-15 21:00:00+00:00,1.63057994843,1.63117003441,1.62880003452,1.63051998615,0
2024-11-15 22:00:00+00:00,1.63051998615,1.63082003593,1.63051998615,1.63082003593,0
2024-11-18 00:00:00+00:00,1.62961995602,1.630210042,1.62854003906,1.62878000736,0
2024-11-18 01:00:00+00:00,1.62874996662,1.629529953,1.62803995609,1.62890994549,0
2024-11-18 02:00:00+00:00,1.62878000736,1.6292899847,1.62724995613,1.62860000134,0
2024-11-18 03:00:00+00:00,1.62853002548,1.62971997261,1.62732994556,1.62925994396,0
2024-11-18 04:00:00+00:00,1.62922000885,1.62975001335,1.62794995308,1.62869000435,0
2024-11-18 05:00:00+00:00,1.62861001492,1.63039004803,1.62837994099,1.62970995903,0
2024-11-18 06:00:00+00:00,1.62966001034,1.63182997704,1.62948000431,1.63090002537,0
2024-11-18 07:00:00+00:00,1.63090002537,1.63381004333,1.63080000877,1.63347005844,0
2024-11-18 08:00:00+00:00,1.63350999355,1.63405001163,1.63212001324,1.63394999504,0
2024-11-18 09:00:00+00:00,1.63392996788,1.63604998589,1.63356995583,1.63568997383,0
2024-11-18 10:00:00+00:00,1.63564002514,1.63616001606,1.63264000416,1.63317000866,0
2024-11-18 11:00:00+00:00,1.6332000494,1.63403999805,1.6320400238,1.63382995129,0
2024-11-18 12:00:00+00:00,1.63380002975,1.63485002518,1.63274002075,1.63476002216,0
2024-11-18 13:00:00+00:00,1.63475000858,1.63558995724,1.63358998299,1.63458001614,0
2024-11-18 14:00:00+00:00,1.63458001614,1.63476002216,1.63276994228,1.63297998905,0
2024-11-18 15:00:00+00:00,1.63308000565,1.63308000565,1.62970995903,1.63071000576,0
2024-11-18 16:00:00+00:00,1.63065004349,1.63073003292,1.62706005573,1.62944996357,0
2024-11-18 17:00:00+00:00,1.62955999374,1.63031995296,1.6274600029,1.62813997269,0
2024-11-18 18:00:00+00:00,1.62821996212,1.62893998623,1.62729001045,1.62800002098,0
2024-11-18 19:00:00+00:00,1.6279900074,1.62927997112,1.62738001347,1.62809002399,0
2024-11-18 20:00:00+00:00,1.62809002399,1.62866997719,1.62748003006,1.62776005268,0
2024-11-18 21:00:00+00:00,1.62770998478,1.62882995605,1.62723994255,1.62820005417,0
2024-11-18 22:00:00+00:00,1.6277500391,1.62906002998,1.62759995461,1.6288599968,0
2024-11-18 23:00:00+00:00,1.62873995304,1.62919998169,1.62776994705,1.62838995457,0
2024-11-19 00:00:00+00:00,1.62837994099,1.63003003597,1.62785005569,1.62949001789,0
2024-11-19 01:00:00+00:00,1.62951004505,1.63003003597,1.62674999237,1.62758994102,0
2024-11-19 02:00:00+00:00,1.62755000591,1.62782001495,1.62638998032,1.62727999687,0
2024-11-19 03:00:00+00:00,1.62738001347,1.62750005722,1.62448000908,1.62494003773,0
2024-11-19 04:00:00+00:00,1.625,1.62695002556,1.62441003323,1.62671005726,0
2024-11-19 05:00:00+00:00,1.62672996521,1.62774002552,1.62589001656,1.62655997276,0
2024-11-19 06:00:00+00:00,1.62646996975,1.62664997578,1.6252399683,1.62562000751,0
2024-11-19 07:00:00+00:00,1.62565004826,1.62603998184,1.62396001816,1.62461996078,0
2024-11-19 08:00:00+00:00,1.62474000454,1.62638998032,1.62390005589,1.62592995167,0
2024-11-19 09:00:00+00:00,1.62588000298,1.62641000748,1.6214799881,1.62530004978,0
2024-11-19 10:00:00+00:00,1.62531995773,1.62619996071,1.62445998192,1.62551999092,0
2024-11-19 11:00:00+00:00,1.62548995018,1.62688004971,1.6244699955,1.62648999691,0
2024-11-19 12:00:00+00:00,1.62647998333,1.62741994858,1.62536001205,1.62609994411,0
2024-11-19 13:00:00+00:00,1.62607002258,1.62712001801,1.62488996983,1.62641000748,0
2024-11-19 14:00:00+00:00,1.62647998333,1.62796998024,1.62435996532,1.62512004375,0
2024-11-19 15:00:00+00:00,1.62492001057,1.62628996372,1.62308001518,1.62343001366,0
2024-11-19 16:00:00+00:00,1.62345004082,1.62387001514,1.62159001827,1.6217700243,0
2024-11-19 17:00:00+00:00,1.62174999714,1.62268996239,1.62127995491,1.62246000767,0
2024-11-19 18:00:00+00:00,1.62243998051,1.62299001217,1.62112998962,1.62170004845,0
2024-11-19 19:00:00+00:00,1.62169003487,1.62223005295,1.62065005302,1.62215995789,0
2024-11-19 20:00:00+00:00,1.62208998203,1.62258994579,1.621530056,1.62198996544,0
2024-11-19 21:00:00+00:00,1.62187004089,1.62232005596,1.6211899519,1.6211899519,0
2024-11-19 22:00:00+00:00,1.6213799715,1.62264001369,1.62040996552,1.62214994431,0
2024-11-19 23:00:00+00:00,1.6220099926,1.62238001823,1.6211899519,1.62188005447,0
2024-11-20 00:00:00+00:00,1.62139999866,1.62251996994,1.62049996853,1.62193000317,0
2024-11-20 01:00:00+00:00,1.62182998657,1.62320005894,1.62151002884,1.62184000015,0
2024-11-20 02:00:00+00:00,1.62176001072,1.62272000313,1.62110996246,1.62220001221,0
2024-11-20 03:00:00+00:00,1.62221002579,1.62365996838,1.62153995037,1.62272000313,0
2024-11-20 04:00:00+00:00,1.62272000313,1.62292003632,1.62181997299,1.62272000313,0
2024-11-20 05:00:00+00:00,1.62278997898,1.62352001667,1.62211000919,1.62304997444,0
2024-11-20 06:00:00+00:00,1.62305998802,1.62322998047,1.6213799715,1.62222003937,0
2024-11-20 07:00:00+00:00,1.62223994732,1.62286996841,1.62095999718,1.62220001221,0
2024-11-20 08:00:00+00:00,1.6223000288,1.62246000767,1.61995995045,1.62129998207,0
2024-11-20 09:00:00+00:00,1.62133002281,1.62193000317,1.62022995949,1.62093997002,0
2024-11-20 10:00:00+00:00,1.62092995644,1.62223005295,1.61970996857,1.62186002731,0
2024-11-20 11:00:00+00:00,1.62182998657,1.62346994877,1.62151002884,1.62312996387,0
2024-11-20 12:00:00+00:00,1.62318003178,1.62369000912,1.62207996845,1.62242996693,0
2024-11-20 13:00:00+00:00,1.62239003181,1.62363004684,1.6217199564,1.62335002422,0
2024-11-20 14:00:00+00:00,1.6233099699,1.62372994423,1.62130999565,1.62259995937,0
2024-11-20 15:00:00+00:00,1.62257003784,1.62352001667,1.62033998966,1.62102997303,0
2024-11-20 16:00:00+00:00,1.6209499836,1.62134003639,1.61936998367,1.62023997307,0
2024-11-20 17:00:00+00:00,1.62021994591,1.62125003338,1.61969995499,1.62068998814,0
2024-11-20 18:00:00+00:00,1.6206599474,1.62214004993,1.62004005909,1.62182998657,0
2024-11-20 19:00:00+00:00,1.62187004089,1.62259995937,1.62145996094,1.62235999107,0
2024-11-20 20:00:00+00:00,1.62239003181,1.62264001369,1.62045001984,1.62068998814,0
2024-11-20 21:00:00+00:00,1.62076997757,1.62143003941,1.61998999119,1.62020003796,0
2024-11-20 22:00:00+00:00,1.61968004704,1.620849967,1.61884999275,1.6199400425,0
2024-11-20 23:00:00+00:00,1.61993002892,1.62047994137,1.61895000935,1.61933994293,0
2024-11-21 00:00:00+00:00,1.61927998066,1.62036001682,1.61860001087,1.61917996407,0
2024-11-21 01:00:00+00:00,1.61910998821,1.61977994442,1.61793005466,1.61862003803,0
2024-11-21 02:00:00+00:00,1.61854994297,1.61968994141,1.61807000637,1.61943995953,0
2024-11-21 03:00:00+00:00,1.61941003799,1.62003004551,1.61743998528,1.61784994602,0
2024-11-21 04:00:00+00:00,1.61776995659,1.61932003498,1.61755001545,1.61904001236,0
2024-11-21 05:00:00+00:00,1.61902999878,1.61975002289,1.61808001995,1.61968994141,0
2024-11-21 06:00:00+00:00,1.61962997913,1.61977994442,1.61784994602,1.61845004559,0
2024-11-21 07:00:00+00:00,1.61844003201,1.61869001389,1.61598002911,1.61769998074,0
2024-11-21 08:00:00+00:00,1.61774003506,1.6179599762,1.61470997334,1.61661994457,0
2024-11-21 09:00:00+00:00,1.61661994457,1.61724996567,1.61468994617,1.61565005779,0
2024-11-21 10:00:00+00:00,1.61562001705,1.61616003513,1.61436998844,1.61565995216,0
2024-11-21 11:00:00+00:00,1.61563003063,1.6157900095,1.61296999454,1.61389994621,0
2024-11-21 12:00:00+00:00,1.61383998394,1.61412000656,1.61211001873,1.61343002319,0
2024-11-21 13:00:00+00:00,1.61336004734,1.61503994465,1.61278998852,1.61388003826,0
2024-11-21 14:00:00+00:00,1.61399996281,1.61484003067,1.61285996437,1.61389005184,0
2024-11-21 15:00:00+00:00,1.61379003525,1.61465001106,1.6124600172,1.61308002472,0
2024-11-21 16:00:00+00:00,1.61308002472,1.61382997036,1.61008000374,1.61091995239,0
2024-11-21 17:00:00+00:00,1.61092996597,1.611109972,1.60847997665,1.6091799736,0
2024-11-21 18:00:00+00:00,1.60916996002,1.60942995548,1.60790002346,1.60880994797,0
2024-11-21 19:00:00+00:00,1.60878002644,1.60935997963,1.60808002949,1.60895001888,0
2024-11-21 20:00:00+00:00,1.6089400053,1.60933995247,1.60813999176,1.60857999325,0
2024-11-21 21:00:00+00:00,1.60859000683,1.60903000832,1.60800004005,1.60818994045,0
2024-11-21 22:00:00+00:00,1.60791003704,1.60891997814,1.60549998283,1.60846996307,0
2024-11-21 23:00:00+00:00,1.60828995705,1.60930001736,1.60741996765,1.60824000835,0
2024-11-22 00:00:00+00:00,1.60819995403,1.60853004456,1.60653996468,1.6075899601,0
2024-11-22 01:00:00+00:00,1.60759997368,1.60759997368,1.60622000694,1.60698997974,0
2024-11-22 02:00:00+00:00,1.6070100069,1.60766994953,1.60566997528,1.60694003105,0
2024-11-22 03:00:00+00:00,1.60689997673,1.60862004757,1.60635995865,1.60853004456,0
2024-11-22 04:00:00+00:00,1.60843002796,1.61013996601,1.60785996914,1.61002004147,0
2024-11-22 05:00:00+00:00,1.60994005203,1.61331999302,1.60993003845,1.61249005795,0
2024-11-22 06:00:00+00:00,1.6124600172,1.61296999454,1.61142003536,1.61243999004,0
2024-11-22 07:00:00+00:00,1.61225998402,1.61296999454,1.61093997955,1.61205005646,0
2024-11-22 08:00:00+00:00,1.61213004589,1.61243999004,1.60513997078,1.60526001453,0
2024-11-22 09:00:00+00:00,1.60546994209,1.60659003258,1.59635996819,1.60309994221,0
2024-11-22 10:00:00+00:00,1.60309004784,1.60530996323,1.60114002228,1.60403001308,0
2024-11-22 11:00:00+00:00,1.60390996933,1.60413002968,1.60111999512,1.60177004337,0
2024-11-22 12:00:00+00:00,1.60183000565,1.60233998299,1.6004999876,1.60170996189,0
2024-11-22 13:00:00+00:00,1.6016600132,1.6037800312,1.60097002983,1.60362005234,0
2024-11-22 14:00:00+00:00,1.60371005535,1.60398995876,1.60067999363,1.60092997551,0
2024-11-22 15:00:00+00:00,1.6010299921,1.60315001011,1.60000002384,1.6029599905,0
2024-11-22 16:00:00+00:00,1.60301995277,1.60398995876,1.6008399725,1.60135996342,0
2024-11-22 17:00:00+00:00,1.60131001472,1.60292994976,1.60076999664,1.60248994827,0
2024-11-22 18:00:00+00:00,1.60251998901,1.60344004631,1.60197997093,1.60291004181,0
2024-11-22 19:00:00+00:00,1.6029599905,1.60345995426,1.60149002075,1.60220003128,0
2024-11-22 20:00:00+00:00,1.60227000713,1.60320997238,1.60171997547,1.60253000259,0
2024-11-22 21:00:00+00:00,1.60243999958,1.60276997089,1.60075998306,1.60239005089,0
2024-11-22 22:00:00+00:00,1.60241997242,1.60241997242,1.60241997242,1.60241997242,0
2024-11-25 00:00:00+00:00,1.602429986,1.60281002522,1.60041999817,1.60143005848,0
2024-11-25 01:00:00+00:00,1.60134994984,1.60343003273,1.60011005402,1.6030100584,0
2024-11-25 02:00:00+00:00,1.60301995277,1.60572004318,1.60231995583,1.60562002659,0
2024-11-25 03:00:00+00:00,1.60554003716,1.60688996315,1.60411000252,1.60608994961,0
2024-11-25 04:00:00+00:00,1.60611999035,1.60698997974,1.60475003719,1.6060500145,0
2024-11-25 05:00:00+00:00,1.60602998734,1.60794997215,1.60546994209,1.60708999634,0
2024-11-25 06:00:00+00:00,1.60706996918,1.60924994946,1.60690999031,1.60722005367,0
2024-11-25 07:00:00+00:00,1.60716998577,1.60842001438,1.60562002659,1.60606002808,0
2024-11-25 08:00:00+00:00,1.60614001751,1.6094199419,1.60578000546,1.60910999775,0
2024-11-25 09:00:00+00:00,1.60921001434,1.61091995239,1.60854995251,1.61002004147,0
2024-11-25 10:00:00+00:00,1.60995995998,1.61097002029,1.60939002037,1.61071002483,0
2024-11-25 11:00:00+00:00,1.6106300354,1.61114001274,1.60959994793,1.61089003086,0
2024-11-25 12:00:00+00:00,1.61089003086,1.61239004135,1.61041998863,1.61129999161,0
2024-11-25 13:00:00+00:00,1.61131000519,1.61359000206,1.61059999466,1.61343002319,0
2024-11-25 14:00:00+00:00,1.61354005337,1.61450004578,1.61266994476,1.6136200428,0
2024-11-25 15:00:00+00:00,1.61370003223,1.61468994617,1.61249995232,1.6130900383,0
2024-11-25 16:00:00+00:00,1.61311995983,1.61533999443,1.61229002476,1.61423003674,0
2024-11-25 17:00:00+00:00,1.61424005032,1.61564004421,1.61265003681,1.61533999443,0
2024-11-25 18:00:00+00:00,1.615260005,1.61646997929,1.61477005482,1.61591994762,0
2024-11-25 19:00:00+00:00,1.61585998535,1.6160299778,1.61459994316,1.61530995369,0
2024-11-25 20:00:00+00:00,1.61528003216,1.61567997932,1.61344003677,1.61390995979,0
2024-11-25 21:00:00+00:00,1.61377000809,1.61461997032,1.61282002926,1.61337995529,0
2024-11-25 22:00:00+00:00,1.61191999912,1.61395001411,1.61191999912,1.61371004581,0
2024-11-25 23:00:00+00:00,1.61381995678,1.61981999874,1.61310994625,1.61586999893,0
2024-11-26 00:00:00+00:00,1.61558997631,1.62026000023,1.61498999596,1.61971998215,0
2024-11-26 01:00:00+00:00,1.61970996857,1.62111997604,1.61530005932,1.61631000042,0
2024-11-26 02:00:00+00:00,1.61633002758,1.61677002907,1.6143900156,1.61511003971,0
2024-11-26 03:00:00+00:00,1.61519002914,1.61522996426,1.61237001419,1.61408996582,0
2024-11-26 04:00:00+00:00,1.61408996582,1.61509001255,1.6122699976,1.61387002468,0
2024-11-26 05:00:00+00:00,1.6138600111,1.61470997334,1.61308002472,1.6141500473,0
2024-11-26 06:00:00+00:00,1.6141500473,1.6160299778,1.61317002773,1.61530005932,0
2024-11-26 07:00:00+00:00,1.61530995369,1.61836004257,1.61493003368,1.61717998981,0
2024-11-26 08:00:00+00:00,1.61707997322,1.61971998215,1.61628997326,1.61913001537,0
2024-11-26 09:00:00+00:00,1.6190700531,1.62050998211,1.61810994148,1.62005996704,0
2024-11-26 10:00:00+00:00,1.62009000778,1.62072002888,1.61888003349,1.61949002743,0
2024-11-26 11:00:00+00:00,1.61956000328,1.62053000927,1.61872005463,1.61932003498,0
2024-11-26 12:00:00+00:00,1.6193100214,1.62116003036,1.61851000786,1.61895000935,0
2024-11-26 13:00:00+00:00,1.61899995804,1.62055003643,1.61789000034,1.62004995346,0
2024-11-26 14:00:00+00:00,1.62012004852,1.62451994419,1.6190700531,1.62365996838,0
2024-11-26 15:00:00+00:00,1.62378001213,1.62451994419,1.62019002438,1.62068998814,0
2024-11-26 16:00:00+00:00,1.62054002285,1.62349998951,1.62010002136,1.62241005898,0
2024-11-26 17:00:00+00:00,1.62237000465,1.62309002876,1.62085998058,1.62193000317,0
2024-11-26 18:00:00+00:00,1.62199997902,1.62263000011,1.62068998814,1.62125003338,0
2024-11-26 19:00:00+00:00,1.62144005299,1.62237000465,1.62059998512,1.62121999264,0
2024-11-26 20:00:00+00:00,1.6211400032,1.62197995186,1.62050998211,1.62174999714,0
2024-11-26 21:00:00+00:00,1.62179005146,1.62233996391,1.61949002743,1.61995005608,0
2024-11-26 22:00:00+00:00,1.61913001537,1.62032997608,1.61770999432,1.61919999123,0
2024-11-26 23:00:00+00:00,1.61930000782,1.62039995193,1.61884999275,1.62024998665,0
2024-11-27 00:00:00+00:00,1.62039995193,1.62367999554,1.61951994896,1.62029004097,0
2024-11-27 01:00:00+00:00,1.62021005154,1.62083005905,1.6167999506,1.6200799942,0
2024-11-27 02:00:00+00:00,1.62011003494,1.62149000168,1.61902999878,1.61976003647,0
2024-11-27 03:00:00+00:00,1.61968004704,1.61983001232,1.61686003208,1.61756002903,0
2024-11-27 04:00:00+00:00,1.61749005318,1.61842000484,1.61654996872,1.61819005013,0
2024-11-27 05:00:00+00:00,1.61810994148,1.61900997162,1.61725997925,1.61861002445,0
2024-11-27 06:00:00+00:00,1.61852002144,1.61910998821,1.61717998981,1.61770999432,0
2024-11-27 07:00:00+00:00,1.61777997017,1.61892998219,1.61696004868,1.61847996712,0
2024-11-27 08:00:00+00:00,1.6184899807,1.62242996693,1.61741995811,1.62083995342,0
2024-11-27 09:00:00+00:00,1.62074995041,1.62165999413,1.62013995647,1.62101995945,0
2024-11-27 10:00:00+00:00,1.62099003792,1.62318003178,1.62045001984,1.62296998501,0
2024-11-27 11:00:00+00:00,1.62290000916,1.62467002869,1.62258005142,1.62434995174,0
2024-11-27 12:00:00+00:00,1.62435996532,1.62588000298,1.62371003628,1.6240799427,0
2024-11-27 13:00:00+00:00,1.62418997288,1.62767994404,1.62362003326,1.62747001648,0
2024-11-27 14:00:00+00:00,1.62741005421,1.62784004211,1.62343001366,1.62542998791,0
2024-11-27 15:00:00+00:00,1.62488996983,1.62932002544,1.62372994423,1.62792003155,0
2024-11-27 16:00:00+00:00,1.62800002098,1.62933003902,1.6261600256,1.62902998924,0
2024-11-27 17:00:00+00:00,1.6290500164,1.63072001934,1.62736999989,1.6286200285,0
2024-11-27 18:00:00+00:00,1.62854003906,1.62874996662,1.6258200407,1.62626004219,0
2024-11-27 19:00:00+00:00,1.62634003162,1.62679994106,1.62522995472,1.62588000298,0
2024-11-27 20:00:00+00:00,1.62594997883,1.62641000748,1.62530994415,1.62577998638,0
2024-11-27 21:00:00+00:00,1.62588000298,1.6263999939,1.62521994114,1.62593996525,0
2024-11-27 22:00:00+00:00,1.62584996223,1.6269299984,1.62462997437,1.6261600256,0
2024-11-27 23:00:00+00:00,1.62617003918,1.62641000748,1.6247099638,1.6256300211,0
2024-11-28 00:00:00+00:00,1.62565994263,1.62592995167,1.62328994274,1.62390995026,0
2024-11-28 01:00:00+00:00,1.62384998798,1.62442004681,1.6222499609,1.62302994728,0
2024-11-28 02:00:00+00:00,1.62314999104,1.62451994419,1.62258994579,1.62398004532,0
2024-11-28 03:00:00+00:00,1.62386000156,1.62671995163,1.62367999554,1.62633001804,0
2024-11-28 04:00:00+00:00,1.62628996372,1.62748003006,1.62539994717,1.62597000599,0
2024-11-28 05:00:00+00:00,1.6259200573,1.62688994408,1.62527000904,1.62567996979,0
2024-11-28 06:00:00+00:00,1.62578999996,1.62681996822,1.62518000603,1.62643003464,0
2024-11-28 07:00:00+00:00,1.62636005878,1.62665998936,1.62408995628,1.62592995167,0
2024-11-28 08:00:00+00:00,1.6260099411,1.62642002106,1.62241995335,1.62259995937,0
2024-11-28 09:00:00+00:00,1.62249994278,1.62415003777,1.62056994438,1.62098002434,0
2024-11-28 10:00:00+00:00,1.62099003792,1.62323999405,1.62040996552,1.62312996387,0
2024-11-28 11:00:00+00:00,1.62320005894,1.62411999702,1.62211000919,1.62347996235,0
2024-11-28 12:00:00+00:00,1.62347996235,1.62434005737,1.62287998199,1.62335002422,0
2024-11-28 13:00:00+00:00,1.62348997593,1.62375998497,1.61968004704,1.62047994137,0
2024-11-28 14:00:00+00:00,1.62040996552,1.62282001972,1.61976003647,1.62268996239,0
2024-11-28 15:00:00+00:00,1.62267994881,1.62507998943,1.62205004692,1.62351000309,0
2024-11-28 16:00:00+00:00,1.62343001366,1.62387001514,1.62204003334,1.62276005745,0
2024-11-28 17:00:00+00:00,1.62267994881,1.62321996689,1.62225997448,1.6227799654,0
2024-11-28 18:00:00+00:00,1.62287998199,1.62354004383,1.62261998653,1.62329995632,0
2024-11-28 19:00:00+00:00,1.6233099699,1.62363994122,1.62281000614,1.6233600378,0
2024-11-28 20:00:00+00:00,1.62337994576,1.62381005287,1.62287998199,1.62332999706,0
2024-11-28 21:00:00+00:00,1.6234600544,1.62407004833,1.62312996387,1.62344002724,0
2024-11-28 22:00:00+00:00,1.62316000462,1.62520003319,1.62067997456,1.62261998653,0
2024-11-28 23:00:00+00:00,1.62292003632,1.62414002419,1.62234997749,1.62281000614,0
2024-11-29 00:00:00+00:00,1.62281000614,1.62422001362,1.62241995335,1.62357997894,0
2024-11-29 01:00:00+00:00,1.62351000309,1.62486004829,1.62182998657,1.62258005142,0
2024-11-29 02:00:00+00:00,1.62264001369,1.62503004074,1.62235999107,1.62411999702,0
2024-11-29 03:00:00+00:00,1.62416994572,1.62431001663,1.62110996246,1.62144994736,0
2024-11-29 04:00:00+00:00,1.62144994736,1.62202000618,1.62062001228,1.62187004089,0
2024-11-29 05:00:00+00:00,1.62195003033,1.62276005745,1.62091994286,1.62206995487,0
2024-11-29 06:00:00+00:00,1.6220099926,1.62292003632,1.62160003185,1.62248003483,0
2024-11-29 07:00:00+00:00,1.62233996391,1.62384998798,1.62194001675,1.62334001064,0
2024-11-29 08:00:00+00:00,1.62335002422,1.62428998947,1.62178003788,1.6237000227,0
2024-11-29 09:00:00+00:00,1.62381005287,1.62419998646,1.62179005146,1.62218999863,0
2024-11-29 10:00:00+00:00,1.62188994884,1.62468004227,1.62186002731,1.62455999851,0
2024-11-29 11:00:00+00:00,1.62449002266,1.62497997284,1.62194001675,1.62293994427,0
2024-11-29 12:00:00+00:00,1.62294995785,1.6247600317,1.62176001072,1.62449002266,0
2024-11-29 13:00:00+00:00,1.62462997437,1.62530994415,1.62343001366,1.62392997742,0
2024-11-29 14:00:00+00:00,1.62395000458,1.62404000759,1.61968004704,1.61969995499,0
2024-11-29 15:00:00+00:00,1.61969995499,1.62296998501,1.61904001236,1.62128996849,0
2024-11-29 16:00:00+00:00,1.62121999264,1.62136995792,1.61909997463,1.61959004402,0
2024-11-29 17:00:00+00:00,1.61967003345,1.62074005604,1.61858999729,1.62015998363,0
2024-11-29 18:00:00+00:00,1.6201800108,1.62172996998,1.61959004402,1.62168002129,0
2024-11-29 19:00:00+00:00,1.62160003185,1.6217199564,1.62032997608,1.62101995945,0
2024-11-29 20:00:00+00:00,1.62098002434,1.62205004692,1.6206099987,1.62194001675,0
2024-11-29 21:00:00+00:00,1.62186002731,1.62352001667,1.62144994736,1.62352001667,0
2024-11-29 22:00:00+00:00,1.62310004234,1.62381005287,1.62310004234,1.62381005287,0
2024-12-02 00:00:00+00:00,1.62162995338,1.62205004692,1.62036001682,1.62180995941,0
2024-12-02 01:00:00+00:00,1.62181997299,1.62233996391,1.61872005463,1.61937999725,0
2024-12-02 02:00:00+00:00,1.61939001083,1.6209499836,1.61849999428,1.61977005005,0
2024-12-02 03:00:00+00:00,1.61979997158,1.62022995949,1.61853003502,1.61950004101,0
2024-12-02 04:00:00+00:00,1.61940002441,1.62033998966,1.61875998974,1.62012004852,0
2024-12-02 05:00:00+00:00,1.62012994289,1.62047994137,1.61790001392,1.61906003952,0
2024-12-02 06:00:00+00:00,1.61908996105,1.61972999573,1.61775004864,1.61829996109,0
2024-12-02 07:00:00+00:00,1.61834001541,1.61860001087,1.61573004723,1.6166100502,0
2024-12-02 08:00:00+00:00,1.61652004719,1.6181499958,1.61567997932,1.61664998531,0
2024-12-02 09:00:00+00:00,1.61663997173,1.61958003044,1.61629998684,1.61886000633,0
2024-12-02 10:00:00+00:00,1.61877000332,1.62089002132,1.6176700592,1.62024998665,0
2024-12-02 11:00:00+00:00,1.62026000023,1.62135994434,1.61958003044,1.62117004395,0
2024-12-02 12:00:00+00:00,1.62118005753,1.62260997295,1.62009000778,1.62095999718,0
2024-12-02 13:00:00+00:00,1.62089002132,1.62425005436,1.62053000927,1.62362003326,0
2024-12-02 14:00:00+00:00,1.62363994122,1.62460005283,1.62189996243,1.62300002575,0
2024-12-02 15:00:00+00:00,1.62300002575,1.62416005135,1.62199997902,1.62374997139,0
2024-12-02 16:00:00+00:00,1.62381005287,1.62498998642,1.62309002876,1.62362003326,0
2024-12-02 17:00:00+00:00,1.62352001667,1.62474000454,1.62229001522,1.62312996387,0
2024-12-02 18:00:00+00:00,1.62305998802,1.62352001667,1.62144005299,1.62202000618,0
2024-12-02 19:00:00+00:00,1.62209999561,1.62225997448,1.62049996853,1.62098002434,0
2024-12-02 20:00:00+00:00,1.62088000774,1.62233996391,1.62053000927,1.62144994736,0
2024-12-02 21:00:00+00:00,1.62142002583,1.62179994583,1.62039005756,1.62066996098,0
2024-12-02 22:00:00+00:00,1.62004005909,1.62168002129,1.61943995953,1.62099003792,0
2024-12-02 23:00:00+00:00,1.62103998661,1.62193000317,1.62057995796,1.62168002129,0
2024-12-03 00:00:00+00:00,1.62170004845,1.62214004993,1.61981999874,1.62028002739,0
2024-12-03 01:00:00+00:00,1.6201800108,1.62221002579,1.61910998821,1.62187004089,0
2024-12-03 02:00:00+00:00,1.62178003788,1.6240799427,1.62097001076,1.6233099699,0
2024-12-03 03:00:00+00:00,1.62327003479,1.62354004383,1.62083005905,1.62163996696,0
2024-12-03 04:00:00+00:00,1.62164998055,1.6217700243,1.62012994289,1.62050998211,0
2024-12-03 05:00:00+00:00,1.62051999569,1.62178003788,1.61995995045,1.62158000469,0
2024-12-03 06:00:00+00:00,1.62155997753,1.62179994583,1.61974000931,1.62086999416,0
2024-12-03 07:00:00+00:00,1.62089002132,1.62135004997,1.61863005161,1.61890995502,0
2024-12-03 08:00:00+00:00,1.61897003651,1.61925005913,1.61680996418,1.618729949,0
2024-12-03 09:00:00+00:00,1.61864995956,1.61998999119,1.61773002148,1.61951005459,0
2024-12-03 10:00:00+00:00,1.61959004402,1.62184000015,1.61897003651,1.62070000172,0
2024-12-03 11:00:00+00:00,1.62068998814,1.62207996845,1.62030994892,1.62116003036,0
2024-12-03 12:00:00+00:00,1.62116003036,1.62246000767,1.6206599474,1.62136995792,0
2024-12-03 13:00:00+00:00,1.62138998508,1.62276005745,1.62121999264,1.62225997448,0
2024-12-03 14:00:00+00:00,1.62225997448,1.62332999706,1.62109994888,1.62206995487,0
2024-12-03 15:00:00+00:00,1.62220001221,1.62521004677,1.62196004391,1.62357997894,0
2024-12-03 16:00:00+00:00,1.62358999252,1.623939991,1.62190997601,1.62278997898,0
2024-12-03 17:00:00+00:00,1.62279999256,1.62318003178,1.62088000774,1.62204003334,0
2024-12-03 18:00:00+00:00,1.62215995789,1.62256002426,1.6209499836,1.62159001827,0
2024-12-03 19:00:00+00:00,1.62155997753,1.62205004692,1.62065005302,1.62095999718,0
2024-12-03 20:00:00+00:00,1.62102997303,1.62152004242,1.62036001682,1.62081003189,0
2024-12-03 21:00:00+00:00,1.62080001831,1.62109005451,1.61925005913,1.61925005913,0
2024-12-03 22:00:00+00:00,1.61917996407,1.62170994282,1.61898005009,1.61947000027,0
2024-12-03 23:00:00+00:00,1.61950004101,1.62074995041,1.61918997765,1.62056005001,0
2024-12-04 00:00:00+00:00,1.62045001984,1.62434005737,1.61951994896,1.62395000458,0
2024-12-04 01:00:00+00:00,1.62405002117,1.62835001945,1.62302005291,1.62776994705,0
2024-12-04 02:00:00+00:00,1.62777996063,1.63348996639,1.62680995464,1.63328003883,0
2024-12-04 03:00:00+00:00,1.63328003883,1.63684999943,1.63312995434,1.63574004173,0
2024-12-04 04:00:00+00:00,1.63574004173,1.63645005226,1.63245999813,1.63277995586,0
2024-12-04 05:00:00+00:00,1.63277995586,1.63379001617,1.63083004951,1.63213002682,0
2024-12-04 06:00:00+00:00,1.6320899725,1.63341999054,1.6315100193,1.63318002224,0
2024-12-04 07:00:00+00:00,1.63308000565,1.6339700222,1.63145005703,1.63189005852,0
2024-12-04 08:00:00+00:00,1.63199996948,1.63486003876,1.63146996498,1.63287997246,0
2024-12-04 09:00:00+00:00,1.63253998756,1.63647997379,1.63216996193,1.63620996475,0
2024-12-04 10:00:00+00:00,1.63619995117,1.6383600235,1.63546001911,1.63742995262,0
2024-12-04 11:00:00+00:00,1.63729000092,1.63875997066,1.63675999641,1.63801002502,0
2024-12-04 12:00:00+00:00,1.63800001144,1.63927996159,1.63736999035,1.63842999935,0
2024-12-04 13:00:00+00:00,1.63852000237,1.63914000988,1.63530004025,1.63596999645,0
2024-12-04 14:00:00+00:00,1.63608002663,1.63729000092,1.63459002972,1.63599002361,0
2024-12-04 15:00:00+00:00,1.6364300251,1.63833999634,1.63415002823,1.63648998737,0
2024-12-04 16:00:00+00:00,1.63654994965,1.63742995262,1.63521003723,1.63586997986,0
2024-12-04 17:00:00+00:00,1.63577997684,1.63748002052,1.6356099844,1.63621997833,0
2024-12-04 18:00:00+00:00,1.63630998135,1.63639998436,1.63411998749,1.63489997387,0
2024-12-04 19:00:00+00:00,1.63471996784,1.63556003571,1.63326001167,1.63357996941,0
2024-12-04 20:00:00+00:00,1.63356995583,1.63417005539,1.6320400238,1.63241994381,0
2024-12-04 21:00:00+00:00,1.63241994381,1.6346000433,1.63218998909,1.63406002522,0
2024-12-04 22:00:00+00:00,1.63393998146,1.63519001007,1.63318002224,1.63459002972,0
2024-12-04 23:00:00+00:00,1.63458001614,1.63512003422,1.63368999958,1.63457000256,0
2024-12-05 00:00:00+00:00,1.63443005085,1.63721001148,1.6339700222,1.63699996471,0
2024-12-05 01:00:00+00:00,1.63692998886,1.63700997829,1.63348996639,1.63505995274,0
2024-12-05 02:00:00+00:00,1.63517999649,1.63592994213,1.63380002975,1.6356099844,0
2024-12-05 03:00:00+00:00,1.63559997082,1.63610005379,1.63425004482,1.63522005081,0
2024-12-05 04:00:00+00:00,1.63516998291,1.63622999191,1.63477003574,1.63508999348,0
2024-12-05 05:00:00+00:00,1.6350799799,1.63595998287,1.63469004631,1.63529002666,0
2024-12-05 06:00:00+00:00,1.63531005383,1.63575005531,1.63452994823,1.63461995125,0
2024-12-05 07:00:00+00:00,1.634739995,1.63581001759,1.6334400177,1.63410997391,0
2024-12-05 08:00:00+00:00,1.6340700388,1.63543999195,1.63347005844,1.63393998146,0
2024-12-05 09:00:00+00:00,1.63398003578,1.63533997536,1.6332000494,1.63506996632,0
2024-12-05 10:00:00+00:00,1.63522005081,1.63592994213,1.63364005089,1.63489997387,0
2024-12-05 11:00:00+00:00,1.63490998745,1.63636004925,1.63424003124,1.63631999493,0
2024-12-05 12:00:00+00:00,1.63626003265,1.63829004765,1.6359000206,1.63754999638,0
2024-12-05 13:00:00+00:00,1.63744997978,1.64031004906,1.63710999489,1.63996994495,0
2024-12-05 14:00:00+00:00,1.63996994495,1.64179003239,1.63921999931,1.64077997208,0
2024-12-05 15:00:00+00:00,1.6407699585,1.6432299614,1.64040005207,1.64279997349,0
2024-12-05 16:00:00+00:00,1.64284002781,1.64297997952,1.64085996151,1.64198994637,0
2024-12-05 17:00:00+00:00,1.64198005199,1.64244997501,1.64065003395,1.64128005505,0
2024-12-05 18:00:00+00:00,1.64131999016,1.64284002781,1.64041996002,1.64065003395,0
2024-12-05 19:00:00+00:00,1.6405800581,1.64133000374,1.63975000381,1.6407200098,0
2024-12-05 20:00:00+00:00,1.64067995548,1.64102995396,1.63991999626,1.64081001282,0
2024-12-05 21:00:00+00:00,1.64069998264,1.6411999464,1.63967001438,1.63967001438,0
2024-12-05 22:00:00+00:00,1.63971996307,1.64100003242,1.63897001743,1.64031004906,0
2024-12-05 23:00:00+00:00,1.64031004906,1.64137005806,1.63964998722,1.64103996754,0
2024-12-06 00:00:00+00:00,1.64096999168,1.64257001877,1.64039003849,1.64213001728,0
2024-12-06 01:00:00+00:00,1.64219999313,1.64584994316,1.64096999168,1.64529001713,0
2024-12-06 02:00:00+00:00,1.64522004128,1.64591002464,1.64331996441,1.64454996586,0
2024-12-06 03:00:00+00:00,1.64454996586,1.64455997944,1.64169001579,1.6432299614,0
2024-12-06 04:00:00+00:00,1.64330995083,1.64524996281,1.64286005497,1.64461004734,0
2024-12-06 05:00:00+00:00,1.64470994473,1.64530003071,1.64301002026,1.6435199976,0
2024-12-06 06:00:00+00:00,1.64353001118,1.64553999901,1.64337003231,1.64508998394,0
2024-12-06 07:00:00+00:00,1.64486002922,1.64607000351,1.64447999001,1.64588999748,0
2024-12-06 08:00:00+00:00,1.64599001408,1.64737999439,1.64547002316,1.64667999744,0
2024-12-06 09:00:00+00:00,1.64669001102,1.64683997631,1.64467000961,1.64579999447,0
2024-12-06 10:00:00+00:00,1.64582002163,1.64866995811,1.6454000473,1.64794003963,0
2024-12-06 11:00:00+00:00,1.64792001247,1.65038001537,1.64699995518,1.64995002747,0
2024-12-06 12:00:00+00:00,1.64994001389,1.65021002293,1.6478600502,1.64952003956,0
2024-12-06 13:00:00+00:00,1.64948999882,1.65114998817,1.64736998081,1.64794003963,0
2024-12-06 14:00:00+00:00,1.64803004265,1.65006995201,1.64628994465,1.64912998676,0
2024-12-06 15:00:00+00:00,1.64912998676,1.65437996387,1.64865005016,1.65310001373,0
2024-12-06 16:00:00+00:00,1.65307998657,1.6553299427,1.65228998661,1.65501999855,0
2024-12-06 17:00:00+00:00,1.65498995781,1.65609002113,1.65371000767,1.65398001671,0
2024-12-06 18:00:00+00:00,1.65399003029,1.65436995029,1.65294003487,1.65365004539,0
2024-12-06 19:00:00+00:00,1.65364003181,1.65411996841,1.65258002281,1.6529699564,0
2024-12-06 20:00:00+00:00,1.6529699564,1.65362000465,1.65230000019,1.65306997299,0
2024-12-06 21:00:00+00:00,1.65304005146,1.65383005142,1.65190005302,1.65333998203,0
2024-12-06 22:00:00+00:00,1.65333998203,1.65369999409,1.65333998203,1.65369999409,0
2024-12-09 00:00:00+00:00,1.65085995197,1.65241003036,1.65038001537,1.65116000175,0
2024-12-09 01:00:00+00:00,1.651039958,1.65165996552,1.64837002754,1.6496399641,0
2024-12-09 02:00:00+00:00,1.64954996109,1.65046000481,1.64803004265,1.64978003502,0
2024-12-09 03:00:00+00:00,1.64971995354,1.65060997009,1.64933001995,1.65046000481,0
2024-12-09 04:00:00+00:00,1.65038001537,1.65110003948,1.6489200592,1.65067994595,0
2024-12-09 05:00:00+00:00,1.65077996254,1.65111994743,1.64971005917,1.65008997917,0
2024-12-09 06:00:00+00:00,1.65017998219,1.65128004551,1.64891004562,1.65041005611,0
2024-12-09 07:00:00+00:00,1.65051996708,1.65198004246,1.64415001869,1.64467000961,0
2024-12-09 08:00:00+00:00,1.64435005188,1.64479005337,1.64153003693,1.64173996449,0
2024-12-09 09:00:00+00:00,1.64173996449,1.64186000824,1.63967001438,1.64070999622,0
2024-12-09 10:00:00+00:00,1.64077997208,1.64165997505,1.6402900219,1.64138996601,0
2024-12-09 11:00:00+00:00,1.64149999619,1.64195001125,1.64000999928,1.64061999321,0
2024-12-09 12:00:00+00:00,1.64056003094,1.64098000526,1.63774001598,1.63896000385,0
2024-12-09 13:00:00+00:00,1.63897001743,1.63907003403,1.63496994972,1.63603997231,0
2024-12-09 14:00:00+00:00,1.63592994213,1.63847005367,1.6356600523,1.63738000393,0
2024-12-09 15:00:00+00:00,1.63735997677,1.63797998428,1.63524997234,1.63769996166,0
2024-12-09 16:00:00+00:00,1.63770997524,1.6384999752,1.63557994366,1.63621997833,0
2024-12-09 17:00:00+00:00,1.63629996777,1.63708996773,1.63479995728,1.63695001602,0
2024-12-09 18:00:00+00:00,1.63701999187,1.63750004768,1.63635003567,1.63738000393,0
2024-12-09 19:00:00+00:00,1.63731002808,1.6383600235,1.63699996471,1.63788998127,0
2024-12-09 20:00:00+00:00,1.63789999485,1.63933002949,1.63739001751,1.63874995708,0
2024-12-09 21:00:00+00:00,1.63888001442,1.63943004608,1.63797998428,1.63848996162,0
2024-12-09 22:00:00+00:00,1.63792002201,1.63962996006,1.6370600462,1.63850998878,0
2024-12-09 23:00:00+00:00,1.63864004612,1.63963997364,1.6380200386,1.63956999779,0
2024-12-10 00:00:00+00:00,1.63934004307,1.64166998863,1.63881003857,1.64107000828,0
2024-12-10 01:00:00+00:00,1.64108002186,1.64339005947,1.64028000832,1.64260995388,0
2024-12-10 02:00:00+00:00,1.64259004593,1.64479994774,1.64152002335,1.64461004734,0
2024-12-10 03:00:00+00:00,1.64449000359,1.65348994732,1.64418005943,1.65105998516,0
2024-12-10 04:00:00+00:00,1.65112996101,1.65372002125,1.64847004414,1.65347003937,0
2024-12-10 05:00:00+00:00,1.65347003937,1.65395998955,1.64972996712,1.65116000175,0
2024-12-10 06:00:00+00:00,1.65125000477,1.65217995644,1.64981997013,1.65097999573,0
2024-12-10 07:00:00+00:00,1.65100002289,1.65276002884,1.64954996109,1.65260004997,0
2024-12-10 08:00:00+00:00,1.65255999565,1.65301001072,1.64821994305,1.64824998379,0
2024-12-10 09:00:00+00:00,1.64823997021,1.64854001999,1.64579999447,1.64687001705,0
2024-12-10 10:00:00+00:00,1.64690005779,1.64705002308,1.64450001717,1.64560997486,0
2024-12-10 11:00:00+00:00,1.64550995827,1.64677000046,1.64512002468,1.64592003822,0
2024-12-10 12:00:00+00:00,1.64581000805,1.64732003212,1.64509999752,1.64567005634,0
2024-12-10 13:00:00+00:00,1.64559996128,1.64636003971,1.64395999908,1.6456400156,0
2024-12-10 14:00:00+00:00,1.64566004276,1.6487300396,1.64482998848,1.64777004719,0
2024-12-10 15:00:00+00:00,1.64770996571,1.6492099762,1.64671003819,1.64909005165,0
2024-12-10 16:00:00+00:00,1.64908003807,1.64983999729,1.64786994457,1.64858996868,0
2024-12-10 17:00:00+00:00,1.64867997169,1.64952003956,1.64792001247,1.64891004562,0
2024-12-10 18:00:00+00:00,1.6489200592,1.64962995052,1.64805996418,1.64947998524,0
2024-12-10 19:00:00+00:00,1.64942002296,1.65008997917,1.6488699913,1.64944005013,0
2024-12-10 20:00:00+00:00,1.64946997166,1.65018999577,1.64889001846,1.64996004105,0
2024-12-10 21:00:00+00:00,1.65007996559,1.65090000629,1.64912998676,1.65031003952,0
2024-12-10 22:00:00+00:00,1.6500300169,1.6505600214,1.6489200592,1.6503200531,0
2024-12-10 23:00:00+00:00,1.65032994747,1.65180003643,1.6495000124,1.65163004398,0
2024-12-11 00:00:00+00:00,1.65178000927,1.65303003788,1.64987003803,1.65172994137,0
2024-12-11 01:00:00+00:00,1.65173995495,1.65188002586,1.6503200531,1.65088999271,0
2024-12-11 02:00:00+00:00,1.65088999271,1.65182995796,1.64991998672,1.65096998215,0
2024-12-11 03:00:00+00:00,1.65091001987,1.6511900425,1.64818000793,1.64934003353,0
2024-12-11 04:00:00+00:00,1.64935004711,1.65178000927,1.6489700079,1.65121996403,0
2024-12-11 05:00:00+00:00,1.65111994743,1.65243005753,1.65059995651,1.65158998966,0
2024-12-11 06:00:00+00:00,1.65155994892,1.65237998962,1.65077996254,1.65153002739,0
2024-12-11 07:00:00+00:00,1.65151000023,1.65767002106,1.651039958,1.65183997154,0
2024-12-11 08:00:00+00:00,1.65195000172,1.65330994129,1.65073001385,1.6522500515,0
2024-12-11 09:00:00+00:00,1.6521999836,1.65626001358,1.65181994438,1.65435004234,0
2024-12-11 10:00:00+00:00,1.65444004536,1.65543997288,1.65284001827,1.65351998806,0
2024-12-11 11:00:00+00:00,1.65363001823,1.65436005592,1.6530200243,1.6535500288,0
2024-12-11 12:00:00+00:00,1.6535500288,1.65419995785,1.65193998814,1.65230000019,0
2024-12-11 13:00:00+00:00,1.65227997303,1.65330004692,1.6514300108,1.65252995491,0
2024-12-11 14:00:00+00:00,1.65255999565,1.65306997299,1.6495000124,1.65006995201,0
2024-12-11 15:00:00+00:00,1.65007996559,1.65081000328,1.6464600563,1.6481000185,0
2024-12-11 16:00:00+00:00,1.6481000185,1.64874005318,1.64701998234,1.64803004265,0
2024-12-11 17:00:00+00:00,1.64803004265,1.64828002453,1.64690005779,1.6475199461,0
2024-12-11 18:00:00+00:00,1.64762997627,1.64783000946,1.64614999294,1.64742994308,0
2024-12-11 19:00:00+00:00,1.64731001854,1.64743995667,1.64583003521,1.64673995972,0
2024-12-11 20:00:00+00:00,1.6468000412,1.6472799778,1.64608001709,1.64678001404,0
2024-12-11 21:00:00+00:00,1.64690005779,1.6482000351,1.64629995823,1.64710998535,0
2024-12-11 22:00:00+00:00,1.64715003967,1.64830005169,1.64590001106,1.64663004875,0
2024-12-11 23:00:00+00:00,1.64661002159,1.64751005173,1.64529001713,1.64578998089,0
2024-12-12 00:00:00+00:00,1.6458799839,1.64700996876,1.63757002354,1.64039003849,0
2024-12-12 01:00:00+00:00,1.64049005508,1.64127004147,1.63821005821,1.63864994049,0
2024-12-12 02:00:00+00:00,1.63871002197,1.6400500536,1.63808000088,1.63938999176,0
2024-12-12 03:00:00+00:00,1.63947999477,1.63959002495,1.63668000698,1.63707995415,0
2024-12-12 04:00:00+00:00,1.63706994057,1.63858997822,1.63661003113,1.63788998127,0
2024-12-12 05:00:00+00:00,1.63780999184,1.63811004162,1.63625001907,1.63725996017,0
2024-12-12 06:00:00+00:00,1.63724994659,1.63760995865,1.63601994514,1.63734996319,0
2024-12-12 07:00:00+00:00,1.63739001751,1.64017999172,1.63699996471,1.6391299963,0
2024-12-12 08:00:00+00:00,1.63923001289,1.64136004448,1.63795995712,1.6408200264,0
2024-12-12 09:00:00+00:00,1.6408200264,1.64118003845,1.63729000092,1.6383099556,0
2024-12-12 10:00:00+00:00,1.63831996918,1.63971996307,1.6374399662,1.6387399435,0
2024-12-12 11:00:00+00:00,1.63867998123,1.64112997055,1.63626003265,1.64017999172,0
2024-12-12 12:00:00+00:00,1.64024996758,1.64233005047,1.63956999779,1.64037001133,0
2024-12-12 13:00:00+00:00,1.64031004906,1.64173996449,1.63821995258,1.63872003555,0
2024-12-12 14:00:00+00:00,1.63863003254,1.64415001869,1.63785004616,1.6440500021,0
2024-12-12 15:00:00+00:00,1.64411997795,1.64596998692,1.64100003242,1.6411999464,0
2024-12-12 16:00:00+00:00,1.64137995243,1.64645004272,1.6408200264,1.64609003067,0
2024-12-12 17:00:00+00:00,1.64610004425,1.64635002613,1.64453995228,1.6457400322,0
2024-12-12 18:00:00+00:00,1.64575004578,1.6462199688,1.64427995682,1.64505004883,0
2024-12-12 19:00:00+00:00,1.64506995678,1.64635002613,1.64423000813,1.64563000202,0
2024-12-12 20:00:00+00:00,1.6456400156,1.64610004425,1.64412999153,1.64479994774,0
2024-12-12 21:00:00+00:00,1.64489996433,1.64516997337,1.6426500082,1.6426500082,0
2024-12-12 22:00:00+00:00,1.64263999462,1.64523005486,1.64084994793,1.64441001415,0
2024-12-12 23:00:00+00:00,1.64435994625,1.64453005791,1.64320003986,1.64376997948,0
2024-12-13 00:00:00+00:00,1.64374995232,1.64626002312,1.64349997044,1.64561998844,0
2024-12-13 01:00:00+00:00,1.64572000504,1.64576005936,1.64363002777,1.64478003979,0
2024-12-13 02:00:00+00:00,1.64473998547,1.64648997784,1.64449000359,1.64512002468,0
2024-12-13 03:00:00+00:00,1.64509999752,1.64541995525,1.643419981,1.64412999153,0
2024-12-13 04:00:00+00:00,1.64407002926,1.64433002472,1.64258003235,1.64331996441,0
2024-12-13 05:00:00+00:00,1.64329004288,1.64488995075,1.6427500248,1.64444005489,0
2024-12-13 06:00:00+00:00,1.64445996284,1.64595997334,1.6435199976,1.64384996891,0
2024-12-13 07:00:00+00:00,1.64402997494,1.64473998547,1.64170002937,1.64227998257,0
2024-12-13 08:00:00+00:00,1.64208996296,1.64618003368,1.64193999767,1.64447999001,0
2024-12-13 09:00:00+00:00,1.64456999302,1.64758002758,1.64263999462,1.64709997177,0
2024-12-13 10:00:00+00:00,1.64700996876,1.6482000351,1.64517998695,1.64595997334,0
2024-12-13 11:00:00+00:00,1.64595997334,1.64681994915,1.64526998997,1.64634001255,0
2024-12-13 12:00:00+00:00,1.64629995823,1.64871001244,1.64566004276,1.64794003963,0
2024-12-13 13:00:00+00:00,1.64787995815,1.64923000336,1.64691996574,1.64709997177,0
2024-12-13 14:00:00+00:00,1.64718997478,1.64821994305,1.64595997334,1.64790999889,0
2024-12-13 15:00:00+00:00,1.64790999889,1.65074002743,1.64756000042,1.64934003353,0
2024-12-13 16:00:00+00:00,1.6493999958,1.65191996098,1.64928996563,1.65131998062,0
2024-12-13 17:00:00+00:00,1.6513299942,1.65169000626,1.65049004555,1.65104997158,0
2024-12-13 18:00:00+00:00,1.65097999573,1.65129995346,1.64953994751,1.65086996555,0
2024-12-13 19:00:00+00:00,1.65086996555,1.65155994892,1.65007996559,1.6507999897,0
2024-12-13 20:00:00+00:00,1.65087997913,1.65178000927,1.65053999424,1.65108001232,0
2024-12-13 21:00:00+00:00,1.65123999119,1.651720047,1.64919996262,1.6505099535,0
2024-12-13 22:00:00+00:00,1.65009999275,1.65009999275,1.65009999275,1.65009999275,0
2024-12-16 00:00:00+00:00,1.65051996708,1.65208005905,1.64955997467,1.65198004246,0
2024-12-16 01:00:00+00:00,1.65197002888,1.65199995041,1.65009999275,1.65075004101,0
2024-12-16 02:00:00+00:00,1.65067005157,1.65200996399,1.64991998672,1.6516699791,0
2024-12-16 03:00:00+00:00,1.65160000324,1.65206003189,1.64903998375,1.6491600275,0
2024-12-16 04:00:00+00:00,1.64909005165,1.64960002899,1.64722001553,1.64914000034,0
2024-12-16 05:00:00+00:00,1.64909994602,1.65061998367,1.64875996113,1.65006005764,0
2024-12-16 06:00:00+00:00,1.65006995201,1.6513299942,1.6489700079,1.65072000027,0
2024-12-16 07:00:00+00:00,1.65068995953,1.65153002739,1.64854001999,1.64899003506,0
2024-12-16 08:00:00+00:00,1.64901995659,1.65096998215,1.64802002907,1.65027999878,0
2024-12-16 09:00:00+00:00,1.65012001991,1.65120995045,1.6492099762,1.65032994747,0
2024-12-16 10:00:00+00:00,1.65029001236,1.65188002586,1.64912998676,1.65096998215,0
2024-12-16 11:00:00+00:00,1.65102005005,1.6521999836,1.64977002144,1.65111994743,0
2024-12-16 12:00:00+00:00,1.65105998516,1.65183997154,1.64971995354,1.65009999275,0
2024-12-16 13:00:00+00:00,1.65009999275,1.6523900032,1.64964997768,1.65207004547,0
2024-12-16 14:00:00+00:00,1.65198004246,1.65202999115,1.64988994598,1.65009999275,0
2024-12-16 15:00:00+00:00,1.65016996861,1.65287005901,1.64868998528,1.64929997921,0
2024-12-16 16:00:00+00:00,1.64923000336,1.65004003048,1.64832997322,1.64996004105,0
2024-12-16 17:00:00+00:00,1.64995002747,1.65002000332,1.64846003056,1.64945995808,0
2024-12-16 18:00:00+00:00,1.64953994751,1.65039002895,1.64894998074,1.65031003952,0
2024-12-16 19:00:00+00:00,1.65035998821,1.65121996403,1.64937996864,1.65020000935,0
2024-12-16 20:00:00+00:00,1.65029001236,1.65058994293,1.64943003654,1.64999997616,0
2024-12-16 21:00:00+00:00,1.649979949,1.65052998066,1.64918994904,1.64948999882,0
2024-12-16 22:00:00+00:00,1.6494499445,1.6511900425,1.64813005924,1.64961004257,0
2024-12-16 23:00:00+00:00,1.64951002598,1.65006005764,1.64835000038,1.6492600441,0
2024-12-17 00:00:00+00:00,1.64928996563,1.65284001827,1.64883995056,1.65251994133,0
2024-12-17 01:00:00+00:00,1.65258002281,1.65295994282,1.65006995201,1.65077996254,0
2024-12-17 02:00:00+00:00,1.65077996254,1.65286004543,1.65044999123,1.6519600153,0
2024-12-17 03:00:00+00:00,1.65199995041,1.65332996845,1.65116000175,1.6523900032,0
2024-12-17 04:00:00+00:00,1.65230000019,1.65331995487,1.65081000328,1.65323996544,0
2024-12-17 05:00:00+00:00,1.65330994129,1.65445005894,1.65266001225,1.65412998199,0
2024-12-17 06:00:00+00:00,1.65411996841,1.6549500227,1.65295004845,1.65441000462,0
2024-12-17 07:00:00+00:00,1.65446996689,1.65456998348,1.65202999115,1.65298998356,0
2024-12-17 08:00:00+00:00,1.65297996998,1.65397000313,1.65269994736,1.65343999863,0
2024-12-17 09:00:00+00:00,1.65330994129,1.65389001369,1.65088999271,1.65334999561,0
2024-12-17 10:00:00+00:00,1.65330004692,1.65413999557,1.65267002583,1.65401995182,0
2024-12-17 11:00:00+00:00,1.65401995182,1.65472996235,1.65314996243,1.65389001369,0
2024-12-17 12:00:00+00:00,1.65383994579,1.65487003326,1.65293002129,1.65463995934,0
2024-12-17 13:00:00+00:00,1.65464997292,1.65562999249,1.65340995789,1.65401005745,0
2024-12-17 14:00:00+00:00,1.65400004387,1.65623998642,1.65333998203,1.65594005585,0
2024-12-17 15:00:00+00:00,1.65600001812,1.65757000446,1.65511000156,1.65552997589,0
2024-12-17 16:00:00+00:00,1.65547001362,1.65797996521,1.65515995026,1.65762996674,0
2024-12-17 17:00:00+00:00,1.65755999088,1.65804994106,1.65541994572,1.65577995777,0
2024-12-17 18:00:00+00:00,1.65570998192,1.65623998642,1.65452003479,1.6551400423,0
2024-12-17 19:00:00+00:00,1.65520000458,1.65573000908,1.65412998199,1.65550005436,0
2024-12-17 20:00:00+00:00,1.6554299593,1.65612995625,1.65501999855,1.65568995476,0
2024-12-17 21:00:00+00:00,1.65555000305,1.6558599472,1.65447998047,1.65515995026,0
2024-12-17 22:00:00+00:00,1.65515005589,1.65559995174,1.6530200243,1.65500998497,0
2024-12-17 23:00:00+00:00,1.65534996986,1.65627002716,1.6548999548,1.65555000305,0
2024-12-18 00:00:00+00:00,1.65541994572,1.65813004971,1.65521001816,1.65782999992,0
2024-12-18 01:00:00+00:00,1.6579400301,1.65954005718,1.6573599577,1.65921998024,0
2024-12-18 02:00:00+00:00,1.65919995308,1.66147994995,1.65836000443,1.65998995304,0
2024-12-18 03:00:00+00:00,1.65992999077,1.66231000423,1.65942001343,1.66177999973,0
2024-12-18 04:00:00+00:00,1.66175997257,1.66385996342,1.66112005711,1.66366994381,0
2024-12-18 05:00:00+00:00,1.66366004944,1.66410005093,1.66243004799,1.66343998909,0
2024-12-18 06:00:00+00:00,1.66342997551,1.66454994678,1.6619399786,1.66268002987,0
2024-12-18 07:00:00+00:00,1.66261005402,1.66351997852,1.6610699892,1.66212999821,0
2024-12-18 08:00:00+00:00,1.66211998463,1.66271996498,1.66112005711,1.6622300148,0
2024-12-18 09:00:00+00:00,1.66222000122,1.66438996792,1.66154003143,1.66368997097,0
2024-12-18 10:00:00+00:00,1.66366004944,1.6639200449,1.66176998615,1.66245996952,0
2024-12-18 11:00:00+00:00,1.6624699831,1.66357004642,1.66141998768,1.6621799469,0
2024-12-18 12:00:00+00:00,1.66217005253,1.66243994236,1.65921998024,1.65969002247,0
2024-12-18 13:00:00+00:00,1.65962994099,1.66050994396,1.65776002407,1.65925002098,0
2024-12-18 14:00:00+00:00,1.6592400074,1.66018998623,1.65840005875,1.65937995911,0
2024-12-18 15:00:00+00:00,1.65945994854,1.66122996807,1.65927004814,1.66085004807,0
2024-12-18 16:00:00+00:00,1.66084003448,1.66237998009,1.66025996208,1.66150999069,0
2024-12-18 17:00:00+00:00,1.66139996052,1.66242003441,1.66096997261,1.66196000576,0
2024-12-18 18:00:00+00:00,1.66190004349,1.66373002529,1.6614099741,1.66289997101,0
2024-12-18 19:00:00+00:00,1.66279995441,1.6641099453,1.65989005566,1.66263997555,0
2024-12-18 20:00:00+00:00,1.66273999214,1.66526997089,1.6603000164,1.66489005089,0
2024-12-18 21:00:00+00:00,1.66488003731,1.66728997231,1.66414999962,1.66427004337,0
2024-12-18 22:00:00+00:00,1.66413998604,1.66602003574,1.66238999367,1.66531002522,0
2024-12-18 23:00:00+00:00,1.66540002823,1.66920995712,1.6646900177,1.66823995113,0
2024-12-19 00:00:00+00:00,1.66796004772,1.67156004906,1.66688001156,1.66777002811,0
2024-12-19 01:00:00+00:00,1.66776001453,1.66797995567,1.6657999754,1.66720998287,0
2024-12-19 02:00:00+00:00,1.66719996929,1.66743004322,1.66565001011,1.66725003719,0
2024-12-19 03:00:00+00:00,1.66724002361,1.66756999493,1.66515994072,1.66611003876,0
2024-12-19 04:00:00+00:00,1.66610002518,1.66812002659,1.66542005539,1.66716003418,0
2024-12-19 05:00:00+00:00,1.66725003719,1.66996002197,1.66705000401,1.66982996464,0
2024-12-19 06:00:00+00:00,1.66980004311,1.66991996765,1.66618001461,1.6668599844,0
2024-12-19 07:00:00+00:00,1.66677999496,1.66919994354,1.66588997841,1.66673004627,0
2024-12-19 08:00:00+00:00,1.66673994064,1.66828000546,1.66506004333,1.66752004623,0
2024-12-19 09:00:00+00:00,1.66744995117,1.67052996159,1.66744995117,1.66777002811,0
2024-12-19 10:00:00+00:00,1.66769003868,1.66822004318,1.66552996635,1.66584002972,0
2024-12-19 11:00:00+00:00,1.6657999754,1.66637003422,1.66411995888,1.66464996338,0
2024-12-19 12:00:00+00:00,1.66453003883,1.66542994976,1.66235005856,1.66307997704,0
2024-12-19 13:00:00+00:00,1.66301000118,1.66428995132,1.66196000576,1.66306996346,0
2024-12-19 14:00:00+00:00,1.66306996346,1.6632399559,1.66001999378,1.66007995605,0
2024-12-19 15:00:00+00:00,1.6602499485,1.66207003593,1.65866994858,1.65980994701,0
2024-12-19 16:00:00+00:00,1.65988004208,1.66012001038,1.65630996227,1.65703999996,0
2024-12-19 17:00:00+00:00,1.65690004826,1.65886998177,1.65672004223,1.65850996971,0
2024-12-19 18:00:00+00:00,1.65852999687,1.65995001793,1.6579400301,1.65911996365,0
2024-12-19 19:00:00+00:00,1.65911996365,1.65992999077,1.65822005272,1.65982997417,0
2024-12-19 20:00:00+00:00,1.65971004963,1.66110002995,1.65919005871,1.66085994244,0
2024-12-19 21:00:00+00:00,1.66086995602,1.66132998466,1.65998995304,1.65998995304,0
2024-12-19 22:00:00+00:00,1.66047000885,1.66235005856,1.65970003605,1.66226994991,0
2024-12-19 23:00:00+00:00,1.66219997406,1.66359996796,1.66148996353,1.66296994686,0
2024-12-20 00:00:00+00:00,1.66331005096,1.66490995884,1.66241002083,1.66483998299,0
2024-12-20 01:00:00+00:00,1.66481995583,1.66580998898,1.66267001629,1.66340994835,0
2024-12-20 02:00:00+00:00,1.66341996193,1.66515004635,1.66287004948,1.66410005093,0
2024-12-20 03:00:00+00:00,1.66396999359,1.66688001156,1.66338002682,1.66553997993,0
2024-12-20 04:00:00+00:00,1.66544997692,1.66558003426,1.66341996193,1.66399002075,0
2024-12-20 05:00:00+00:00,1.66390001774,1.66566002369,1.66312003136,1.66533005238,0
2024-12-20 06:00:00+00:00,1.66527998447,1.66551995277,1.66026997566,1.66185998917,0
2024-12-20 07:00:00+00:00,1.6619399786,1.66567003727,1.66187000275,1.66216003895,0
2024-12-20 08:00:00+00:00,1.66224002838,1.66636002064,1.6616499424,1.66574001312,0
2024-12-20 09:00:00+00:00,1.66583001614,1.66613996029,1.66431999207,1.66559004784,0
2024-12-20 10:00:00+00:00,1.66560995579,1.66796004772,1.66497004032,1.66781997681,0
2024-12-20 11:00:00+00:00,1.66789996624,1.66923999786,1.66619002819,1.6687899828,0
2024-12-20 12:00:00+00:00,1.6687899828,1.66896998882,1.66587996483,1.66650998592,0
2024-12-20 13:00:00+00:00,1.66644001007,1.66917002201,1.66636002064,1.6688400507,0
2024-12-20 14:00:00+00:00,1.66885995865,1.66929996014,1.66489994526,1.66630005836,0
2024-12-20 15:00:00+00:00,1.66647005081,1.66647005081,1.66197001934,1.6643999815,0
2024-12-20 16:00:00+00:00,1.66431999207,1.66605997086,1.66366004944,1.66452002525,0
2024-12-20 17:00:00+00:00,1.66451001167,1.66508996487,1.66303002834,1.66451001167,0
2024-12-20 18:00:00+00:00,1.66443002224,1.66707003117,1.663869977,1.66665005684,0
2024-12-20 19:00:00+00:00,1.66665005684,1.66692996025,1.66499996185,1.66654002666,0
2024-12-20 20:00:00+00:00,1.66658997536,1.66771996021,1.66560995579,1.66758000851,0
2024-12-20 21:00:00+00:00,1.66747999191,1.66830003262,1.66686999798,1.66743004322,0
2024-12-20 22:00:00+00:00,1.66816997528,1.66816997528,1.66816997528,1.66816997528,0
2024-12-23 00:00:00+00:00,1.66806995869,1.66975998878,1.66735005379,1.66971004009,0
2024-12-23 01:00:00+00:00,1.66972005367,1.67016994953,1.66749000549,1.66831994057,0
2024-12-23 02:00:00+00:00,1.66831994057,1.66883003712,1.66753995419,1.66820001602,0
2024-12-23 03:00:00+00:00,1.66826999187,1.67018997669,1.66732001305,1.67000997066,0
2024-12-23 04:00:00+00:00,1.67010998726,1.67095005512,1.66804003716,1.66841995716,0
2024-12-23 05:00:00+00:00,1.66852998734,1.66881000996,1.66744995117,1.66756999493,0
2024-12-23 06:00:00+00:00,1.66751003265,1.66824996471,1.66612005234,1.66709005833,0
2024-12-23 07:00:00+00:00,1.66717994213,1.66948997974,1.6657999754,1.66612005234,0
2024-12-23 08:00:00+00:00,1.66612994671,1.66673994064,1.66390001774,1.66499996185,0
2024-12-23 09:00:00+00:00,1.66512000561,1.66514003277,1.6622300148,1.66291999817,0
2024-12-23 10:00:00+00:00,1.66287994385,1.66351997852,1.66177999973,1.66272997856,0
2024-12-23 11:00:00+00:00,1.66272997856,1.66554999352,1.66211998463,1.66544997692,0
2024-12-23 12:00:00+00:00,1.66533005238,1.66642999649,1.66465997696,1.66578996181,0
2024-12-23 13:00:00+00:00,1.66586005688,1.6695100069,1.66526997089,1.66934001446,0
2024-12-23 14:00:00+00:00,1.6693199873,1.66998004913,1.66797995567,1.66848003864,0
2024-12-23 15:00:00+00:00,1.66859996319,1.67057001591,1.66707003117,1.66747999191,0
2024-12-23 16:00:00+00:00,1.66746997833,1.66964995861,1.66670000553,1.66716003418,0
2024-12-23 17:00:00+00:00,1.66723001003,1.66777002811,1.66401994228,1.66493999958,0
2024-12-23 18:00:00+00:00,1.664929986,1.66641998291,1.66453003883,1.6658500433,0
2024-12-23 19:00:00+00:00,1.66587996483,1.66642999649,1.66479003429,1.66615998745,0
2024-12-23 20:00:00+00:00,1.6662299633,1.66624999046,1.66424000263,1.66501998901,0
2024-12-23 21:00:00+00:00,1.66503000259,1.66551995277,1.66433000565,1.66442000866,0
2024-12-23 22:00:00+00:00,1.66428995132,1.66588997841,1.66349995136,1.66586995125,0
2024-12-23 23:00:00+00:00,1.66583001614,1.66686999798,1.66507995129,1.66624999046,0
2024-12-24 00:00:00+00:00,1.66629004478,1.66723001003,1.66557002068,1.6665699482,0
2024-12-24 01:00:00+00:00,1.6665699482,1.66877996922,1.66631996632,1.66789996624,0
2024-12-24 02:00:00+00:00,1.66789996624,1.669080019,1.665989995,1.66894996166,0
2024-12-24 03:00:00+00:00,1.66899001598,1.67012000084,1.66552996635,1.66586005688,0
2024-12-24 04:00:00+00:00,1.6658500433,1.66697001457,1.66512000561,1.66614997387,0
2024-12-24 05:00:00+00:00,1.66615998745,1.66673004627,1.66499996185,1.66568994522,0
2024-12-24 06:00:00+00:00,1.66563999653,1.66667997837,1.6636300087,1.66425001621,0
2024-12-24 07:00:00+00:00,1.66413998604,1.6651699543,1.66360998154,1.66488003731,0
2024-12-24 08:00:00+00:00,1.664929986,1.66671001911,1.66465997696,1.66542005539,0
2024-12-24 09:00:00+00:00,1.66541004181,1.66702997684,1.664929986,1.66629004478,0
2024-12-24 10:00:00+00:00,1.66641998291,1.66773998737,1.6654599905,1.66763997078,0
2024-12-24 11:00:00+00:00,1.66761994362,1.66929996014,1.66708004475,1.66771996021,0
2024-12-24 12:00:00+00:00,1.66775000095,1.670140028,1.66746997833,1.66837000847,0
2024-12-24 13:00:00+00:00,1.66823995113,1.66881000996,1.66700005531,1.66765999794,0
2024-12-24 14:00:00+00:00,1.66773998737,1.66846001148,1.66699004173,1.66780996323,0
2024-12-24 15:00:00+00:00,1.66790997982,1.66882002354,1.66572999954,1.66841995716,0
2024-12-24 16:00:00+00:00,1.66847002506,1.66937994957,1.66717004776,1.66789996624,0
2024-12-24 17:00:00+00:00,1.66789996624,1.6681599617,1.66623997688,1.66778004169,0
2024-12-24 18:00:00+00:00,1.66793000698,1.66793000698,1.66624999046,1.66682004929,0
2024-12-24 19:00:00+00:00,1.66676998138,1.66732001305,1.6641600132,1.66524004936,0
2024-12-24 20:00:00+00:00,1.66560995579,1.66799998283,1.6640599966,1.66682994366,0
2024-12-24 21:00:00+00:00,1.66706001759,1.66789996624,1.66326999664,1.6663299799,0
2024-12-24 22:00:00+00:00,1.66562998295,1.66851997375,1.66517996788,1.66851997375,0
2024-12-24 23:00:00+00:00,1.66870999336,1.66870999336,1.66530001163,1.66552996635,0
2024-12-25 00:00:00+00:00,1.66605997086,1.66771996021,1.66539001465,1.66740000248,0
2024-12-25 01:00:00+00:00,1.66910994053,1.66939997673,1.66824996471,1.66892004013,0
2024-12-25 02:00:00+00:00,1.6688400507,1.6695100069,1.6679199934,1.66863000393,0
2024-12-25 03:00:00+00:00,1.66612994671,1.66996002197,1.66612994671,1.6695599556,0
2024-12-25 04:00:00+00:00,1.66933000088,1.67004001141,1.66900002956,1.66900002956,0
2024-12-25 05:00:00+00:00,1.6688400507,1.6693199873,1.66770005226,1.66770005226,0
2024-12-25 06:00:00+00:00,1.66789996624,1.6695599556,1.66779994965,1.66873002052,0
2024-12-25 07:00:00+00:00,1.66896998882,1.66943001747,1.66816997528,1.66912996769,0
2024-12-25 08:00:00+00:00,1.66832995415,1.66849005222,1.66674995422,1.66804003716,0
2024-12-25 09:00:00+00:00,1.66804003716,1.66804003716,1.66804003716,1.66804003716,0
2024-12-25 18:00:00+00:00,1.66533994675,1.66701996326,1.66382002831,1.6668599844,0
2024-12-25 19:00:00+00:00,1.66693997383,1.66779994965,1.66681003571,1.66779994965,0
2024-12-25 21:00:00+00:00,1.66578996181,1.66732001305,1.66578996181,1.66673004627,0
2024-12-25 22:00:00+00:00,1.66690003872,1.66884994507,1.66463005543,1.66666996479,0
2024-12-25 23:00:00+00:00,1.66601002216,1.66812002659,1.66483998299,1.6654599905,0
2024-12-26 00:00:00+00:00,1.6654599905,1.66617000103,1.66454994678,1.66558003426,0
2024-12-26 01:00:00+00:00,1.66559004784,1.66658997536,1.66489005089,1.66530001163,0
2024-12-26 02:00:00+00:00,1.66530001163,1.66559004784,1.66328001022,1.66403996944,0
2024-12-26 03:00:00+00:00,1.66417002678,1.66462004185,1.66281998158,1.66435003281,0
2024-12-26 04:00:00+00:00,1.66426002979,1.66673994064,1.66396999359,1.66649997234,0
2024-12-26 05:00:00+00:00,1.66647005081,1.66705000401,1.66509997845,1.66680002213,0
2024-12-26 06:00:00+00:00,1.66676998138,1.66796004772,1.66619002819,1.66747999191,0
2024-12-26 07:00:00+00:00,1.66754996777,1.66794002056,1.66611003876,1.66707003117,0
2024-12-26 08:00:00+00:00,1.66700994968,1.66949999332,1.66653001308,1.6693700552,0
2024-12-26 09:00:00+00:00,1.66929996014,1.67081999779,1.66900002956,1.67022001743,0
2024-12-26 10:00:00+00:00,1.67010998726,1.67035996914,1.66824996471,1.66892004013,0
2024-12-26 11:00:00+00:00,1.66893994808,1.6692700386,1.66770994663,1.66819000244,0
2024-12-26 12:00:00+00:00,1.66820001602,1.67074000835,1.6679199934,1.67050004005,0
2024-12-26 13:00:00+00:00,1.67060995102,1.67110002041,1.66835999489,1.67089998722,0
2024-12-26 14:00:00+00:00,1.67098999023,1.67191004753,1.66962003708,1.67162001133,0
2024-12-26 15:00:00+00:00,1.67157995701,1.67492997646,1.67121994495,1.67435002327,0
2024-12-26 16:00:00+00:00,1.67435002327,1.67455005646,1.67343997955,1.67417001724,0
2024-12-26 17:00:00+00:00,1.67426002026,1.67432999611,1.67272996902,1.67385005951,0
2024-12-26 18:00:00+00:00,1.67379999161,1.67482995987,1.67328000069,1.67395997047,0
2024-12-26 19:00:00+00:00,1.67396998405,1.6749099493,1.67347002029,1.67439997196,0
2024-12-26 20:00:00+00:00,1.67440998554,1.67516994476,1.67385995388,1.67462003231,0
2024-12-26 21:00:00+00:00,1.67479002476,1.67543005943,1.67410004139,1.67481994629,0
2024-12-26 22:00:00+00:00,1.67357003689,1.67692995071,1.67189002037,1.67676997185,0
2024-12-26 23:00:00+00:00,1.67674005032,1.67704999447,1.67412996292,1.6747200489,0
2024-12-27 00:00:00+00:00,1.67460000515,1.67563998699,1.67381000519,1.67421996593,0
2024-12-27 01:00:00+00:00,1.67422997952,1.67515003681,1.67367005348,1.67409002781,0
2024-12-27 02:00:00+00:00,1.67396998405,1.67479002476,1.67315995693,1.67384004593,0
2024-12-27 03:00:00+00:00,1.67386996746,1.67531001568,1.67333996296,1.67481994629,0
2024-12-27 04:00:00+00:00,1.67481005192,1.67622995377,1.6742399931,1.67618000507,0
2024-12-27 05:00:00+00:00,1.67621004581,1.67755997181,1.67525005341,1.67737996578,0
2024-12-27 06:00:00+00:00,1.67745995522,1.67753005028,1.67382001877,1.67435002327,0
2024-12-27 07:00:00+00:00,1.67437005043,1.67549002171,1.67271995544,1.67490005493,0
2024-12-27 08:00:00+00:00,1.6749600172,1.67542004585,1.6737600565,1.67445003986,0
2024-12-27 09:00:00+00:00,1.67454004288,1.67788004875,1.67404997349,1.67750000954,0
2024-12-27 10:00:00+00:00,1.67741000652,1.6781899929,1.67678999901,1.67738997936,0
2024-12-27 11:00:00+00:00,1.6773699522,1.67927002907,1.67695999146,1.67866003513,0
2024-12-27 12:00:00+00:00,1.67866003513,1.67892003059,1.6760699749,1.67694997787,0
2024-12-27 13:00:00+00:00,1.67706000805,1.67871999741,1.67662000656,1.67820000648,0
2024-12-27 14:00:00+00:00,1.67820000648,1.67952001095,1.67719995975,1.67873001099,0
2024-12-27 15:00:00+00:00,1.67870998383,1.68018996716,1.67657995224,1.67744994164,0
2024-12-27 16:00:00+00:00,1.67733001709,1.68006002903,1.67683005333,1.67900002003,0
2024-12-27 17:00:00+00:00,1.67899000645,1.68019998074,1.67798995972,1.67886996269,0
2024-12-27 18:00:00+00:00,1.67887997627,1.67918002605,1.67727994919,1.67764997482,0
2024-12-27 19:00:00+00:00,1.6776599884,1.67786002159,1.67646002769,1.67686998844,0
2024-12-27 20:00:00+00:00,1.67674994469,1.67823004723,1.67638003826,1.67715001106,0
2024-12-27 21:00:00+00:00,1.67725002766,1.67729997635,1.67569005489,1.67657995224,0
2024-12-27 22:00:00+00:00,1.67639994621,1.67639994621,1.67639994621,1.67639994621,0
2024-12-30 00:00:00+00:00,1.67525005341,1.67642998695,1.67356002331,1.67446994781,0
2024-12-30 01:00:00+00:00,1.6743799448,1.67566001415,1.67253994942,1.67291998863,0
2024-12-30 02:00:00+00:00,1.67290997505,1.67377996445,1.67181003094,1.67223000526,0
2024-12-30 03:00:00+00:00,1.67227005959,1.67264997959,1.66939997673,1.66983997822,0
2024-12-30 04:00:00+00:00,1.66993999481,1.67127001286,1.66949999332,1.6706700325,0
2024-12-30 05:00:00+00:00,1.67052996159,1.67075002193,1.66893005371,1.66988003254,0
2024-12-30 06:00:00+00:00,1.66998004913,1.67115998268,1.66910994053,1.67109000683,0
2024-12-30 07:00:00+00:00,1.67095005512,1.67204999924,1.66973996162,1.67146003246,0
2024-12-30 08:00:00+00:00,1.67139005661,1.67420005798,1.67125999928,1.67349994183,0
2024-12-30 09:00:00+00:00,1.67348003387,1.67658996582,1.67243003845,1.67630004883,0
2024-12-30 10:00:00+00:00,1.67623996735,1.67707002163,1.67414999008,1.67438995838,0
2024-12-30 11:00:00+00:00,1.67434000969,1.67451000214,1.67305004597,1.67401003838,0
2024-12-30 12:00:00+00:00,1.6740000248,1.6755399704,1.67335999012,1.67514002323,0
2024-12-30 13:00:00+00:00,1.67508995533,1.67639005184,1.6703799963,1.67081999779,0
2024-12-30 14:00:00+00:00,1.6710100174,1.67349994183,1.67049002647,1.67245995998,0
2024-12-30 15:00:00+00:00,1.67253994942,1.6739000082,1.6695599556,1.66965997219,0
2024-12-30 16:00:00+00:00,1.66971004009,1.67131996155,1.66902005672,1.67042994499,0
2024-12-30 17:00:00+00:00,1.67042005062,1.67106997967,1.66891002655,1.66936004162,0
2024-12-30 18:00:00+00:00,1.66939997673,1.67023003101,1.66888999939,1.6695599556,0
2024-12-30 19:00:00+00:00,1.6695599556,1.67060005665,1.6690299511,1.67045998573,0
2024-12-30 20:00:00+00:00,1.67046999931,1.67166996002,1.66989994049,1.67156004906,0
2024-12-30 21:00:00+00:00,1.67146003246,1.67251002789,1.67100000381,1.67238998413,0
2024-12-30 22:00:00+00:00,1.67238998413,1.67326998711,1.6689800024,1.67279994488,0
2024-12-30 23:00:00+00:00,1.67306995392,1.67383003235,1.67203998566,1.67328000069,0
2024-12-31 00:00:00+00:00,1.67332994938,1.67421996593,1.672549963,1.67308998108,0
2024-12-31 01:00:00+00:00,1.67308998108,1.67334997654,1.67034995556,1.67153000832,0
2024-12-31 02:00:00+00:00,1.67148995399,1.67411005497,1.67111003399,1.67367994785,0
2024-12-31 03:00:00+00:00,1.67374002934,1.67598998547,1.67328000069,1.67516005039,0
2024-12-31 04:00:00+00:00,1.67507994175,1.67536997795,1.67325997353,1.6736600399,0
2024-12-31 05:00:00+00:00,1.67361998558,1.67420995235,1.67261004448,1.67358994484,0
2024-12-31 06:00:00+00:00,1.67352998257,1.67528998852,1.67314994335,1.67458999157,0
2024-12-31 07:00:00+00:00,1.67461001873,1.6754399538,1.67216002941,1.67347002029,0
2024-12-31 08:00:00+00:00,1.67338001728,1.67672002316,1.6730799675,1.67619001865,0
2024-12-31 09:00:00+00:00,1.67627000809,1.67646002769,1.67499005795,1.67536997795,0
2024-12-31 10:00:00+00:00,1.67536997795,1.67657995224,1.67464995384,1.67578995228,0
2024-12-31 11:00:00+00:00,1.67578995228,1.67688000202,1.67515003681,1.6761200428,0
2024-12-31 12:00:00+00:00,1.67604005337,1.67728996277,1.67569005489,1.67602002621,0
2024-12-31 13:00:00+00:00,1.67603003979,1.67768001556,1.67565000057,1.67607998848,0
2024-12-31 14:00:00+00:00,1.67607998848,1.67639005184,1.67349994183,1.67382001877,0
2024-12-31 15:00:00+00:00,1.67382001877,1.67560005188,1.67000997066,1.67227995396,0
2024-12-31 16:00:00+00:00,1.67227005959,1.67407000065,1.67133998871,1.67386996746,0
2024-12-31 17:00:00+00:00,1.67387998104,1.67472994328,1.6728399992,1.67314994335,0
2024-12-31 18:00:00+00:00,1.67306995392,1.67359995842,1.67235994339,1.67287003994,0
2024-12-31 19:00:00+00:00,1.67288994789,1.67393994331,1.67234003544,1.67299997807,0
2024-12-31 20:00:00+00:00,1.67299997807,1.67352998257,1.67200005054,1.67352998257,0
2024-12-31 21:00:00+00:00,1.67339003086,1.67385995388,1.67239999771,1.67245995998,0
2024-12-31 22:00:00+00:00,1.67276000977,1.67276000977,1.67195999622,1.67195999622,0
2025-01-01 18:00:00+00:00,1.67256999016,1.67256999016,1.67200994492,1.67214000225,0
2025-01-01 19:00:00+00:00,1.67214000225,1.67343997955,1.67200994492,1.67330002785,0
2025-01-01 20:00:00+00:00,1.67316997051,1.67316997051,1.67079997063,1.67209994793,0
2025-01-01 21:00:00+00:00,1.67209994793,1.67221999168,1.67089998722,1.67209005356,0
2025-01-01 22:00:00+00:00,1.67233002186,1.67431998253,1.67206001282,1.67290997505,0
2025-01-01 23:00:00+00:00,1.67276000977,1.67440998554,1.67068004608,1.67135000229,0
2025-01-02 00:00:00+00:00,1.67110002041,1.67244005203,1.66875004768,1.66949999332,0
2025-01-02 01:00:00+00:00,1.66949999332,1.66978001595,1.6660399437,1.66735005379,0
2025-01-02 02:00:00+00:00,1.66734004021,1.66892004013,1.66645002365,1.66655004025,0
2025-01-02 03:00:00+00:00,1.66659998894,1.66882002354,1.66650998592,1.66854000092,0
2025-01-02 04:00:00+00:00,1.66864001751,1.66916000843,1.66645002365,1.66784000397,0
2025-01-02 05:00:00+00:00,1.66779005527,1.66861999035,1.66630005836,1.66710996628,0
2025-01-02 06:00:00+00:00,1.66703999043,1.66829001904,1.66639995575,1.66770994663,0
2025-01-02 07:00:00+00:00,1.66778004169,1.67109000683,1.66717994213,1.67002999783,0
2025-01-02 08:00:00+00:00,1.67015004158,1.67075002193,1.66673004627,1.66778004169,0
2025-01-02 09:00:00+00:00,1.66781997681,1.66852998734,1.66428995132,1.66474997997,0
2025-01-02 10:00:00+00:00,1.66475999355,1.66618001461,1.66049003601,1.66153001785,0
2025-01-02 11:00:00+00:00,1.66141998768,1.66293001175,1.65996003151,1.66228997707,0
2025-01-02 12:00:00+00:00,1.66227996349,1.6633900404,1.66132998466,1.66176998615,0
2025-01-02 13:00:00+00:00,1.66174995899,1.66282999516,1.65910005569,1.65931999683,0
2025-01-02 14:00:00+00:00,1.65925002098,1.66008996964,1.65771996975,1.65877997875,0
2025-01-02 15:00:00+00:00,1.65868997574,1.65896999836,1.65436995029,1.6546100378,0
2025-01-02 16:00:00+00:00,1.65452003479,1.65483999252,1.64883995056,1.65328001976,0
2025-01-02 17:00:00+00:00,1.65320003033,1.65543997288,1.65149998665,1.65500998497,0
2025-01-02 18:00:00+00:00,1.6550899744,1.65639996529,1.65444004536,1.6551400423,0
2025-01-02 19:00:00+00:00,1.65513002872,1.65520000458,1.65371000767,1.65503001213,0
2025-01-02 20:00:00+00:00,1.65515005589,1.65517997742,1.65328001976,1.65430998802,0
2025-01-02 21:00:00+00:00,1.65417003632,1.65533995628,1.65372002125,1.65487003326,0
2025-01-02 22:00:00+00:00,1.65319001675,1.65547001362,1.65252995491,1.65460002422,0
2025-01-02 23:00:00+00:00,1.65464997292,1.65596997738,1.65418994427,1.65559995174,0
2025-01-03 00:00:00+00:00,1.6557199955,1.65578997135,1.65218997002,1.6523900032,0
2025-01-03 01:00:00+00:00,1.65237998962,1.65427005291,1.65170001984,1.65277004242,0
2025-01-03 02:00:00+00:00,1.652780056,1.65400004387,1.65165996552,1.65330004692,0
2025-01-03 03:00:00+00:00,1.65339004993,1.65406000614,1.65225994587,1.65322995186,0
2025-01-03 04:00:00+00:00,1.65332996845,1.65366995335,1.6516699791,1.65224003792,0
2025-01-03 05:00:00+00:00,1.65213000774,1.65267002583,1.65058004856,1.65235996246,0
2025-01-03 06:00:00+00:00,1.65234994888,1.65318000317,1.6510900259,1.65304005146,0
2025-01-03 07:00:00+00:00,1.65311002731,1.65613996983,1.65260004997,1.65498995781,0
2025-01-03 08:00:00+00:00,1.65499997139,1.65672004223,1.65435004234,1.65591001511,0
2025-01-03 09:00:00+00:00,1.65600001812,1.65703999996,1.65486001968,1.65611994267,0
2025-01-03 10:00:00+00:00,1.65611004829,1.65640997887,1.65360999107,1.65401995182,0
2025-01-03 11:00:00+00:00,1.65409004688,1.6557199955,1.65362000465,1.65500998497,0
2025-01-03 12:00:00+00:00,1.65499997139,1.65604996681,1.65448999405,1.65501999855,0
2025-01-03 13:00:00+00:00,1.65503001213,1.65659999847,1.65448999405,1.65567994118,0
2025-01-03 14:00:00+00:00,1.65566003323,1.65745997429,1.65438997746,1.6558599472,0
2025-01-03 15:00:00+00:00,1.65615999699,1.65936994553,1.65546000004,1.65814995766,0
2025-01-03 16:00:00+00:00,1.65805995464,1.65929996967,1.65671002865,1.65761995316,0
2025-01-03 17:00:00+00:00,1.65752995014,1.65828001499,1.65646004677,1.65790998936,0
2025-01-03 18:00:00+00:00,1.6579400301,1.65820002556,1.65640997887,1.65727996826,0
2025-01-03 19:00:00+00:00,1.65717995167,1.65738999844,1.65604996681,1.65694999695,0
2025-01-03 20:00:00+00:00,1.6570700407,1.65759003162,1.65605998039,1.65750002861,0
2025-01-03 21:00:00+00:00,1.65734004974,1.65816998482,1.65679001808,1.65682995319,0
2025-01-03 22:00:00+00:00,1.65789997578,1.65849995613,1.65789997578,1.65849995613,0
2025-01-06 00:00:00+00:00,1.65653002262,1.65656995773,1.65290999413,1.65337002277,0
2025-01-06 01:00:00+00:00,1.65329003334,1.65635001659,1.65211999416,1.65587997437,0
2025-01-06 02:00:00+00:00,1.65594995022,1.65650999546,1.65470004082,1.65567004681,0
2025-01-06 03:00:00+00:00,1.65567994118,1.65849995613,1.65516996384,1.65770995617,0
2025-01-06 04:00:00+00:00,1.65766000748,1.65813004971,1.6568800211,1.65752005577,0
2025-01-06 05:00:00+00:00,1.65758001804,1.65786004066,1.65457999706,1.65481996536,0
2025-01-06 06:00:00+00:00,1.65478003025,1.65604996681,1.65435004234,1.65506005287,0
2025-01-06 07:00:00+00:00,1.65498995781,1.6576000452,1.65425002575,1.65729999542,0
2025-01-06 08:00:00+00:00,1.65743005276,1.65881001949,1.65460002422,1.65566003323,0
2025-01-06 09:00:00+00:00,1.6557199955,1.65907001495,1.65453004837,1.65805995464,0
2025-01-06 10:00:00+00:00,1.65795004368,1.65838003159,1.65570998192,1.65619003773,0
2025-01-06 11:00:00+00:00,1.65620994568,1.65960001945,1.65553998947,1.65797996521,0
2025-01-06 12:00:00+00:00,1.6578899622,1.65906000137,1.65444004536,1.65546000004,0
2025-01-06 13:00:00+00:00,1.65550994873,1.6568800211,1.65401005745,1.6559599638,0
2025-01-06 14:00:00+00:00,1.65606999397,1.65915000439,1.65404999256,1.65869998932,0
2025-01-06 15:00:00+00:00,1.65881001949,1.66414999962,1.65750002861,1.66391003132,0
2025-01-06 16:00:00+00:00,1.66385996342,1.66517996788,1.66305994987,1.66360998154,0
2025-01-06 17:00:00+00:00,1.66358995438,1.66454005241,1.66256999969,1.6640599966,0
2025-01-06 18:00:00+00:00,1.66407001019,1.66501998901,1.66278994083,1.6646399498,0
2025-01-06 19:00:00+00:00,1.66461002827,1.66521000862,1.6635299921,1.66426002979,0
2025-01-06 20:00:00+00:00,1.66431999207,1.66484999657,1.66341996193,1.66384994984,0
2025-01-06 21:00:00+00:00,1.66377997398,1.66400003433,1.6627099514,1.66328001022,0
2025-01-06 22:00:00+00:00,1.66197001934,1.66468000412,1.66100001335,1.66408002377,0
2025-01-06 23:00:00+00:00,1.66427004337,1.66466999054,1.6636300087,1.66437995434,0
2025-01-07 00:00:00+00:00,1.6642999649,1.6643999815,1.66096997261,1.66132998466,0
2025-01-07 01:00:00+00:00,1.66139996052,1.66234004498,1.65962004662,1.66084003448,0
2025-01-07 02:00:00+00:00,1.66085004807,1.66172003746,1.6598700285,1.6609300375,0
2025-01-07 03:00:00+00:00,1.6609300375,1.66173005104,1.65935003757,1.65997004509,0
2025-01-07 04:00:00+00:00,1.65996003151,1.66088998318,1.65898001194,1.66043996811,0
2025-01-07 05:00:00+00:00,1.660400033,1.6605900526,1.65837001801,1.65864002705,0
2025-01-07 06:00:00+00:00,1.65869998932,1.66035997868,1.65851998329,1.65968000889,0
2025-01-07 07:00:00+00:00,1.65965998173,1.66141998768,1.65887999535,1.65954005718,0
2025-01-07 08:00:00+00:00,1.65954005718,1.66017997265,1.65768003464,1.65919005871,0
2025-01-07 09:00:00+00:00,1.65925002098,1.66039001942,1.65860998631,1.65930998325,0
2025-01-07 10:00:00+00:00,1.65926003456,1.65962994099,1.65796995163,1.65910995007,0
2025-01-07 11:00:00+00:00,1.6590000391,1.65916001797,1.65752005577,1.65899002552,0
2025-01-07 12:00:00+00:00,1.65892994404,1.65919005871,1.65476000309,1.65559995174,0
2025-01-07 13:00:00+00:00,1.65559995174,1.65767002106,1.65429997444,1.65746998787,0
2025-01-07 14:00:00+00:00,1.65763998032,1.65960001945,1.65719997883,1.65758001804,0
2025-01-07 15:00:00+00:00,1.65797996521,1.66145002842,1.65608000755,1.66004002094,0
2025-01-07 16:00:00+00:00,1.66019999981,1.66165995598,1.65965998173,1.66049003601,0
2025-01-07 17:00:00+00:00,1.66065001488,1.66079998016,1.65859997272,1.65992999077,0
2025-01-07 18:00:00+00:00,1.65992999077,1.6606400013,1.65884995461,1.65980994701,0
2025-01-07 19:00:00+00:00,1.65970003605,1.66013002396,1.65866994858,1.65951001644,0
2025-01-07 20:00:00+00:00,1.65951001644,1.66104996204,1.65925002098,1.65990996361,0
2025-01-07 21:00:00+00:00,1.65989995003,1.66014003754,1.65875995159,1.6592400074,0
2025-01-07 22:00:00+00:00,1.65896999836,1.65992999077,1.65854001045,1.65931999683,0
2025-01-07 23:00:00+00:00,1.6592400074,1.66022002697,1.65882003307,1.65883004665,0
2025-01-08 00:00:00+00:00,1.65872001648,1.66284000874,1.65745997429,1.66245996952,0
2025-01-08 01:00:00+00:00,1.66240000725,1.66559994221,1.66216003895,1.66356003284,0
2025-01-08 02:00:00+00:00,1.66366994381,1.66401994228,1.66145002842,1.66224002838,0
2025-01-08 03:00:00+00:00,1.66225004196,1.66243994236,1.65954995155,1.66025996208,0
2025-01-08 04:00:00+00:00,1.66033005714,1.66217005253,1.65968000889,1.66177999973,0
2025-01-08 05:00:00+00:00,1.66177999973,1.66242003441,1.66096997261,1.66129004955,0
2025-01-08 06:00:00+00:00,1.66123998165,1.66188001633,1.66009998322,1.66052997112,0
2025-01-08 07:00:00+00:00,1.66061997414,1.6613099575,1.6584700346,1.65928995609,0
2025-01-08 08:00:00+00:00,1.65930998325,1.65985000134,1.65761995316,1.65956997871,0
2025-01-08 09:00:00+00:00,1.65954995155,1.65989995003,1.65795004368,1.65876996517,0
2025-01-08 10:00:00+00:00,1.65874004364,1.6609300375,1.65803003311,1.66051995754,0
2025-01-08 11:00:00+00:00,1.66060996056,1.6608799696,1.65840995312,1.66071999073,0
2025-01-08 12:00:00+00:00,1.6606400013,1.66243994236,1.65951001644,1.66069996357,0
2025-01-08 13:00:00+00:00,1.66058003902,1.66155004501,1.65926003456,1.66060996056,0
2025-01-08 14:00:00+00:00,1.66058003902,1.66073000431,1.65848994255,1.6601099968,0
2025-01-08 15:00:00+00:00,1.66017997265,1.6608300209,1.65851998329,1.6592400074,0
2025-01-08 16:00:00+00:00,1.65917003155,1.65968000889,1.6580799818,1.65907001495,0
2025-01-08 17:00:00+00:00,1.65896999836,1.66104996204,1.65839004517,1.66036999226,0
2025-01-08 18:00:00+00:00,1.66032004356,1.66139996052,1.65883994102,1.66112995148,0
2025-01-08 19:00:00+00:00,1.66104996204,1.66177999973,1.65950000286,1.65990996361,0
2025-01-08 20:00:00+00:00,1.65997004509,1.6605399847,1.65859997272,1.65936005116,0
2025-01-08 21:00:00+00:00,1.65943002701,1.66005003452,1.65884995461,1.6598700285,0
2025-01-08 22:00:00+00:00,1.65965998173,1.66112995148,1.65882003307,1.66044998169,0
2025-01-08 23:00:00+00:00,1.66044998169,1.660779953,1.65970003605,1.66062998772,0
2025-01-09 00:00:00+00:00,1.66033995152,1.66303002834,1.65980994701,1.66261994839,0
2025-01-09 01:00:00+00:00,1.66256999969,1.66355001926,1.66188001633,1.66319000721,0
2025-01-09 02:00:00+00:00,1.66312003136,1.66354000568,1.66173994541,1.66326999664,0
2025-01-09 03:00:00+00:00,1.6633399725,1.66368997097,1.66173005104,1.66319000721,0
2025-01-09 04:00:00+00:00,1.66314005852,1.66384994984,1.6622300148,1.6630500555,0
2025-01-09 05:00:00+00:00,1.66302001476,1.66368997097,1.66182994843,1.66236996651,0
2025-01-09 06:00:00+00:00,1.66235995293,1.6633399725,1.66138994694,1.66225004196,0
2025-01-09 07:00:00+00:00,1.66228997707,1.66539001465,1.66177999973,1.66464996338,0
2025-01-09 08:00:00+00:00,1.66473996639,1.66640996933,1.6630500555,1.66413998604,0
2025-01-09 09:00:00+00:00,1.66412997246,1.66501998901,1.66314995289,1.66418004036,0
2025-01-09 10:00:00+00:00,1.66435003281,1.66483998299,1.66214001179,1.66245996952,0
2025-01-09 11:00:00+00:00,1.66253995895,1.66258001328,1.6603000164,1.66136002541,0
2025-01-09 12:00:00+00:00,1.66141998768,1.66322004795,1.66047000885,1.66280996799,0
2025-01-09 13:00:00+00:00,1.66288995743,1.66367995739,1.66212999821,1.66317999363,0
2025-01-09 14:00:00+00:00,1.66314005852,1.66368997097,1.6621799469,1.66255998611,0
2025-01-09 15:00:00+00:00,1.66255998611,1.66340994835,1.66176998615,1.66320002079,0
2025-01-09 16:00:00+00:00,1.6633399725,1.66346001625,1.66188001633,1.6622300148,0
2025-01-09 17:00:00+00:00,1.66226005554,1.6627099514,1.66100001335,1.66208994389,0
2025-01-09 18:00:00+00:00,1.6619900465,1.66259002686,1.66143000126,1.66192996502,0
2025-01-09 19:00:00+00:00,1.66192996502,1.66233003139,1.66119003296,1.66161000729,0
2025-01-09 20:00:00+00:00,1.66159999371,1.66219997406,1.66114997864,1.66190004349,0
2025-01-09 21:00:00+00:00,1.66182005405,1.66266000271,1.661460042,1.66214001179,0
2025-01-09 22:00:00+00:00,1.66185998917,1.66235995293,1.66012001038,1.66182005405,0
2025-01-09 23:00:00+00:00,1.66173005104,1.66361999512,1.66103994846,1.66349995136,0
2025-01-10 00:00:00+00:00,1.66340005398,1.66346001625,1.66219997406,1.66281998158,0
2025-01-10 01:00:00+00:00,1.66278994083,1.66298997402,1.65952003002,1.66156995296,0
2025-01-10 02:00:00+00:00,1.66147005558,1.66251003742,1.66079998016,1.66200995445,0
2025-01-10 03:00:00+00:00,1.66196000576,1.66260004044,1.6608799696,1.66196000576,0
2025-01-10 04:00:00+00:00,1.66192996502,1.66330003738,1.66138005257,1.6621799469,0
2025-01-10 05:00:00+00:00,1.66218996048,1.66235005856,1.66043996811,1.66101002693,0
2025-01-10 06:00:00+00:00,1.66101002693,1.66185998917,1.66060996056,1.66174995899,0
2025-01-10 07:00:00+00:00,1.66173005104,1.66278994083,1.65975999832,1.662520051,0
2025-01-10 08:00:00+00:00,1.66253995895,1.66539001465,1.66206002235,1.66500997543,0
2025-01-10 09:00:00+00:00,1.66496002674,1.66602003574,1.66455996037,1.6656999588,0
2025-01-10 10:00:00+00:00,1.66568994522,1.6665699482,1.66462004185,1.66514003277,0
2025-01-10 11:00:00+00:00,1.66514003277,1.66524994373,1.66349995136,1.6646399498,0
2025-01-10 12:00:00+00:00,1.66468000412,1.66588997841,1.66420996189,1.66508996487,0
2025-01-10 13:00:00+00:00,1.66499996185,1.66775000095,1.66268002987,1.66668999195,0
2025-01-10 14:00:00+00:00,1.66659998894,1.66726994514,1.66252994537,1.66261005402,0
2025-01-10 15:00:00+00:00,1.66296005249,1.66580998898,1.66249001026,1.66508996487,0
2025-01-10 16:00:00+00:00,1.66508996487,1.6663299799,1.66451001167,1.66586995125,0
2025-01-10 17:00:00+00:00,1.66580998898,1.66673004627,1.66414999962,1.66443002224,0
2025-01-10 18:00:00+00:00,1.66435003281,1.66464996338,1.66314995289,1.66358995438,0
2025-01-10 19:00:00+00:00,1.66358995438,1.66692996025,1.66334998608,1.66648995876,0
2025-01-10 20:00:00+00:00,1.66657996178,1.66711997986,1.66559994221,1.66680002213,0
2025-01-10 21:00:00+00:00,1.66665995121,1.66788005829,1.66527998447,1.66593003273,0
2025-01-10 22:00:00+00:00,1.66606998444,1.66606998444,1.66606998444,1.66606998444,0
2025-01-13 00:00:00+00:00,1.66437995434,1.66481995583,1.6630500555,1.66393005848,0
2025-01-13 01:00:00+00:00,1.66394996643,1.66473996639,1.66192996502,1.66294002533,0
2025-01-13 02:00:00+00:00,1.66285002232,1.66321003437,1.6617000103,1.66244995594,0
2025-01-13 03:00:00+00:00,1.66243994236,1.66403996944,1.66179001331,1.66293001175,0
2025-01-13 04:00:00+00:00,1.66296005249,1.6651699543,1.66219997406,1.66498994827,0
2025-01-13 05:00:00+00:00,1.66504001617,1.66535997391,1.66369998455,1.66447997093,0
2025-01-13 06:00:00+00:00,1.66452002525,1.66524004936,1.66296994686,1.66331994534,0
2025-01-13 07:00:00+00:00,1.66325998306,1.66393005848,1.66176998615,1.66210997105,0
2025-01-13 08:00:00+00:00,1.66201996803,1.66268002987,1.66111004353,1.6624699831,0
2025-01-13 09:00:00+00:00,1.66255998611,1.66266000271,1.65795004368,1.66062998772,0
2025-01-13 10:00:00+00:00,1.66060996056,1.66138005257,1.65892004967,1.65998995304,0
2025-01-13 11:00:00+00:00,1.66003000736,1.66025996208,1.65694999695,1.65904998779,0
2025-01-13 12:00:00+00:00,1.65899002552,1.6600600481,1.65710997581,1.65822994709,0
2025-01-13 13:00:00+00:00,1.65823996067,1.66043996811,1.6575499773,1.65980005264,0
2025-01-13 14:00:00+00:00,1.65989005566,1.66168999672,1.65751004219,1.65789997578,0
2025-01-13 15:00:00+00:00,1.65787005424,1.65937995911,1.657310009,1.65804994106,0
2025-01-13 16:00:00+00:00,1.65803003311,1.65935003757,1.65720999241,1.65857994556,0
2025-01-13 17:00:00+00:00,1.65857994556,1.65954995155,1.65806996822,1.65856003761,0
2025-01-13 18:00:00+00:00,1.65864002705,1.65929996967,1.65804004669,1.65854001045,0
2025-01-13 19:00:00+00:00,1.65846002102,1.65881001949,1.6574100256,1.65824997425,0
2025-01-13 20:00:00+00:00,1.65831005573,1.65920996666,1.65767002106,1.65799999237,0
2025-01-13 21:00:00+00:00,1.65787005424,1.65916001797,1.65745997429,1.65842998028,0
2025-01-13 22:00:00+00:00,1.65793001652,1.66137003899,1.65436005592,1.65722000599,0
2025-01-13 23:00:00+00:00,1.65727996826,1.65881001949,1.65629005432,1.65766000748,0
2025-01-14 00:00:00+00:00,1.65778005123,1.65840995312,1.65611004829,1.65689003468,0
2025-01-14 01:00:00+00:00,1.65682995319,1.65745997429,1.6549500227,1.65583002567,0
2025-01-14 02:00:00+00:00,1.65582001209,1.65763998032,1.65562999249,1.65597999096,0
2025-01-14 03:00:00+00:00,1.65597999096,1.65667998791,1.65521001816,1.65644001961,0
2025-01-14 04:00:00+00:00,1.65647995472,1.65694999695,1.6553800106,1.65640997887,0
2025-01-14 05:00:00+00:00,1.65629994869,1.65733003616,1.65569996834,1.65674996376,0
2025-01-14 06:00:00+00:00,1.65670001507,1.65722000599,1.65497004986,1.65576004982,0
2025-01-14 07:00:00+00:00,1.65576004982,1.65738999844,1.65409004688,1.65470004082,0
2025-01-14 08:00:00+00:00,1.65470004082,1.65630996227,1.65323996544,1.65550994873,0
2025-01-14 09:00:00+00:00,1.6554299593,1.6577899456,1.65454995632,1.65727996826,0
2025-01-14 10:00:00+00:00,1.65728998184,1.65839004517,1.65640997887,1.65821003914,0
2025-01-14 11:00:00+00:00,1.65820002556,1.65939998627,1.65785002708,1.65892994404,0
2025-01-14 12:00:00+00:00,1.65893995762,1.66121995449,1.6583199501,1.65997004509,0
2025-01-14 13:00:00+00:00,1.65994000435,1.6609300375,1.65743994713,1.66050994396,0
2025-01-14 14:00:00+00:00,1.66050994396,1.66197001934,1.65948998928,1.66168999672,0
2025-01-14 15:00:00+00:00,1.6616499424,1.66202998161,1.65907001495,1.66152000427,0
2025-01-14 16:00:00+00:00,1.66147994995,1.66473996639,1.66123998165,1.66464996338,0
2025-01-14 17:00:00+00:00,1.66464996338,1.66504001617,1.66281998158,1.66389000416,0
2025-01-14 18:00:00+00:00,1.66381001472,1.66488003731,1.6629999876,1.66383004189,0
2025-01-14 19:00:00+00:00,1.66384994984,1.66479003429,1.66319000721,1.66460001469,0
2025-01-14 20:00:00+00:00,1.66453003883,1.66543996334,1.66404998302,1.66446995735,0
2025-01-14 21:00:00+00:00,1.66447997093,1.66465997696,1.6633399725,1.66355001926,0
2025-01-14 22:00:00+00:00,1.6635299921,1.66396999359,1.66205000877,1.66374003887,0
2025-01-14 23:00:00+00:00,1.66369998455,1.66496002674,1.66314995289,1.66464996338,0
2025-01-15 00:00:00+00:00,1.66463005543,1.6663299799,1.66368997097,1.66630005836,0
2025-01-15 01:00:00+00:00,1.66629004478,1.66642999649,1.66350996494,1.66473996639,0
2025-01-15 02:00:00+00:00,1.66464996338,1.66583001614,1.66360998154,1.66381001472,0
2025-01-15 03:00:00+00:00,1.66380000114,1.6646399498,1.66258001328,1.66316998005,0
2025-01-15 04:00:00+00:00,1.66317999363,1.66331005096,1.66227996349,1.66296994686,0
2025-01-15 05:00:00+00:00,1.66296005249,1.66448998451,1.6624699831,1.66355001926,0
2025-01-15 06:00:00+00:00,1.66346001625,1.66434001923,1.66232001781,1.6630500555,0
2025-01-15 07:00:00+00:00,1.66312003136,1.66326999664,1.66041994095,1.6613099575,0
2025-01-15 08:00:00+00:00,1.66114997864,1.66182005405,1.65990996361,1.66174995899,0
2025-01-15 09:00:00+00:00,1.66166996956,1.66235995293,1.66048002243,1.6610699892,0
2025-01-15 10:00:00+00:00,1.66115999222,1.6622300148,1.66015005112,1.6614099741,0
2025-01-15 11:00:00+00:00,1.66132998466,1.66164004803,1.6597700119,1.66068005562,0
2025-01-15 12:00:00+00:00,1.66066002846,1.66242003441,1.66021001339,1.66182994843,0
2025-01-15 13:00:00+00:00,1.66177999973,1.66370999813,1.65582001209,1.65676999092,0
2025-01-15 14:00:00+00:00,1.65680003166,1.65773999691,1.65564000607,1.65590000153,0
2025-01-15 15:00:00+00:00,1.65591001511,1.65742003918,1.65462994576,1.65527999401,0
2025-01-15 16:00:00+00:00,1.65517997742,1.65530002117,1.65176999569,1.65385997295,0
2025-01-15 17:00:00+00:00,1.65385997295,1.65411996841,1.65271997452,1.65348005295,0
2025-01-15 18:00:00+00:00,1.65338003635,1.6541800499,1.65284001827,1.65348994732,0
2025-01-15 19:00:00+00:00,1.65332996845,1.65367996693,1.6522500515,1.65263998508,0
2025-01-15 20:00:00+00:00,1.6526299715,1.65327000618,1.65217995644,1.6526299715,0
2025-01-15 21:00:00+00:00,1.65264999866,1.65321004391,1.65137004852,1.65206003189,0
2025-01-15 22:00:00+00:00,1.65146994591,1.6540299654,1.65128004551,1.65268003941,0
2025-01-15 23:00:00+00:00,1.65279996395,1.65288996696,1.65051996708,1.65087997913,0
2025-01-16 00:00:00+00:00,1.65102005005,1.65348994732,1.64809000492,1.6508500576,0
2025-01-16 01:00:00+00:00,1.65084004402,1.65407001972,1.65043997765,1.65314996243,0
2025-01-16 02:00:00+00:00,1.65315997601,1.65536999702,1.65246999264,1.65490996838,0
2025-01-16 03:00:00+00:00,1.6548999548,1.65676999092,1.65443003178,1.65662002563,0
2025-01-16 04:00:00+00:00,1.65659999847,1.65823996067,1.65584003925,1.65762996674,0
2025-01-16 05:00:00+00:00,1.65752995014,1.65998005867,1.65709996223,1.6587100029,0
2025-01-16 06:00:00+00:00,1.65872001648,1.65872001648,1.65657997131,1.65697002411,0
2025-01-16 07:00:00+00:00,1.65706002712,1.65787994862,1.65544998646,1.65618002415,0
2025-01-16 08:00:00+00:00,1.65614998341,1.65713000298,1.65505003929,1.65567004681,0
2025-01-16 09:00:00+00:00,1.65558004379,1.65646994114,1.6543200016,1.65541005135,0
2025-01-16 10:00:00+00:00,1.65531003475,1.65675997734,1.65481996536,1.65552997589,0
2025-01-16 11:00:00+00:00,1.65559995174,1.65666997433,1.65516996384,1.65626001358,0
2025-01-16 12:00:00+00:00,1.65621995926,1.65729999542,1.65558004379,1.65680003166,0
2025-01-16 13:00:00+00:00,1.65674996376,1.65746998787,1.65567994118,1.65645003319,0
2025-01-16 14:00:00+00:00,1.65644001961,1.65746998787,1.65474998951,1.65612995625,0
2025-01-16 15:00:00+00:00,1.65615999699,1.65683996677,1.6548999548,1.65615999699,0
2025-01-16 16:00:00+00:00,1.65605998039,1.65655994415,1.65426003933,1.65623998642,0
2025-01-16 17:00:00+00:00,1.65625,1.65664994717,1.65517997742,1.65603995323,0
2025-01-16 18:00:00+00:00,1.65603005886,1.65790998936,1.65566003323,1.65770995617,0
2025-01-16 19:00:00+00:00,1.65768003464,1.65856003761,1.6572599411,1.65825998783,0
2025-01-16 20:00:00+00:00,1.65823996067,1.65903997421,1.65745997429,1.65880000591,0
2025-01-16 21:00:00+00:00,1.65867996216,1.65895998478,1.65666997433,1.65796995163,0
2025-01-16 22:00:00+00:00,1.65667998791,1.65854001045,1.65608000755,1.65811002254,0
2025-01-16 23:00:00+00:00,1.65814995766,1.66012001038,1.65801000595,1.65874004364,0
2025-01-17 00:00:00+00:00,1.65875005722,1.6598700285,1.6580799818,1.65915000439,0
2025-01-17 01:00:00+00:00,1.65925002098,1.65998995304,1.6583199501,1.65883004665,0
2025-01-17 02:00:00+00:00,1.65875995159,1.65930998325,1.65709996223,1.65858995914,0
2025-01-17 03:00:00+00:00,1.65848994255,1.65912997723,1.65745997429,1.65773999691,0
2025-01-17 04:00:00+00:00,1.65773999691,1.6613099575,1.65740001202,1.66058003902,0
2025-01-17 05:00:00+00:00,1.66050004959,1.66059994698,1.65881001949,1.65950000286,0
2025-01-17 06:00:00+00:00,1.65946996212,1.66013002396,1.6580799818,1.65866005421,0
2025-01-17 07:00:00+00:00,1.65857005119,1.65899002552,1.65585005283,1.6565400362,0
2025-01-17 08:00:00+00:00,1.6564899683,1.6583199501,1.65577995777,1.65822994709,0
2025-01-17 09:00:00+00:00,1.65827000141,1.66025996208,1.65742003918,1.65989995003,0
2025-01-17 10:00:00+00:00,1.65970003605,1.66133999825,1.6592400074,1.6613099575,0
2025-01-17 11:00:00+00:00,1.66118001938,1.66270005703,1.66056001186,1.66259002686,0
2025-01-17 12:00:00+00:00,1.66260004044,1.66534996033,1.66100001335,1.66384005547,0
2025-01-17 13:00:00+00:00,1.66393005848,1.66613996029,1.66340005398,1.66562998295,0
2025-01-17 14:00:00+00:00,1.66562998295,1.66591000557,1.65851998329,1.65929996967,0
2025-01-17 15:00:00+00:00,1.65940999985,1.65942001343,1.65550005436,1.65606999397,0
2025-01-17 16:00:00+00:00,1.65599000454,1.65776002407,1.65498995781,1.65687000751,0
2025-01-17 17:00:00+00:00,1.65698003769,1.65771996975,1.65613996983,1.6568800211,0
2025-01-17 18:00:00+00:00,1.65687000751,1.65854001045,1.65645003319,1.65738999844,0
2025-01-17 19:00:00+00:00,1.6573599577,1.65825998783,1.6568800211,1.65761995316,0
2025-01-17 20:00:00+00:00,1.65770995617,1.65885996819,1.65717995167,1.65822005272,0
2025-01-17 21:00:00+00:00,1.65813004971,1.65901005268,1.65710997581,1.65829002857,0
2025-01-17 22:00:00+00:00,1.65815997124,1.65815997124,1.65815997124,1.65815997124,0
2025-01-20 00:00:00+00:00,1.65872001648,1.65919005871,1.65752005577,1.65838003159,0
2025-01-20 01:00:00+00:00,1.65824997425,1.65891003609,1.65705001354,1.65749001503,0
2025-01-20 02:00:00+00:00,1.65750002861,1.65829002857,1.65661001205,1.65726995468,0
2025-01-20 03:00:00+00:00,1.65716004372,1.65857005119,1.65682995319,1.65761995316,0
2025-01-20 04:00:00+00:00,1.65761995316,1.65851998329,1.65697002411,1.65831005573,0
2025-01-20 05:00:00+00:00,1.65832996368,1.65988004208,1.65778005123,1.6597700119,0
2025-01-20 06:00:00+00:00,1.65970003605,1.66067004204,1.65837001801,1.65948998928,0
2025-01-20 07:00:00+00:00,1.65956997871,1.65982997417,1.65734994411,1.65801000595,0
2025-01-20 08:00:00+00:00,1.65804004669,1.66033995152,1.65736997128,1.66012001038,0
2025-01-20 09:00:00+00:00,1.6600099802,1.66324996948,1.65989995003,1.66242003441,0
2025-01-20 10:00:00+00:00,1.66232001781,1.66409003735,1.66176998615,1.66360998154,0
2025-01-20 11:00:00+00:00,1.66356003284,1.66444003582,1.66285002232,1.66414999962,0
2025-01-20 12:00:00+00:00,1.66412997246,1.6642999649,1.66152000427,1.66231000423,0
2025-01-20 13:00:00+00:00,1.66231000423,1.6628600359,1.65729999542,1.65951001644,0
2025-01-20 14:00:00+00:00,1.65943002701,1.66021001339,1.65752005577,1.65927994251,0
2025-01-20 15:00:00+00:00,1.65938997269,1.66256999969,1.65855002403,1.66203999519,0
2025-01-20 16:00:00+00:00,1.66202998161,1.66251003742,1.65995001793,1.66129994392,0
2025-01-20 17:00:00+00:00,1.66136002541,1.66196000576,1.6590000391,1.66029000282,0
2025-01-20 18:00:00+00:00,1.66017997265,1.66122996807,1.65950000286,1.66013002396,0
2025-01-20 19:00:00+00:00,1.66013002396,1.66135001183,1.65921998024,1.66078996658,0
2025-01-20 20:00:00+00:00,1.66092002392,1.66111004353,1.65960001945,1.66036999226,0
2025-01-20 21:00:00+00:00,1.66035997868,1.66095995903,1.65936005116,1.65936994553,0
2025-01-20 22:00:00+00:00,1.65946996212,1.66185998917,1.65813004971,1.66102004051,0
2025-01-20 23:00:00+00:00,1.66100001335,1.66165995598,1.65842998028,1.65890002251,0
2025-01-21 00:00:00+00:00,1.65910005569,1.66814994812,1.6581799984,1.66539001465,0
2025-01-21 01:00:00+00:00,1.66541004181,1.66761994362,1.66165995598,1.66422998905,0
2025-01-21 02:00:00+00:00,1.66413998604,1.66424000263,1.66128003597,1.66316998005,0
2025-01-21 03:00:00+00:00,1.66311001778,1.66324996948,1.66088998318,1.66231000423,0
2025-01-21 04:00:00+00:00,1.66220998764,1.66315996647,1.66179001331,1.66294002533,0
2025-01-21 05:00:00+00:00,1.66295003891,1.66565001011,1.66216003895,1.66530001163,0
2025-01-21 06:00:00+00:00,1.66523003578,1.66576004028,1.66293001175,1.66345000267,0
2025-01-21 07:00:00+00:00,1.66343998909,1.66468000412,1.66255998611,1.66332995892,0
2025-01-21 08:00:00+00:00,1.6633399725,1.66440999508,1.66054999828,1.66203999519,0
2025-01-21 09:00:00+00:00,1.66196000576,1.66235995293,1.66015005112,1.66113996506,0
2025-01-21 10:00:00+00:00,1.66129004955,1.66375005245,1.66019999981,1.66340005398,0
2025-01-21 11:00:00+00:00,1.66334998608,1.66495001316,1.66294002533,1.66472005844,0
2025-01-21 12:00:00+00:00,1.66462004185,1.66487002373,1.66252994537,1.66334998608,0
2025-01-21 13:00:00+00:00,1.66332995892,1.66443002224,1.66216003895,1.66338002682,0
2025-01-21 14:00:00+00:00,1.66331005096,1.66408002377,1.66188001633,1.66298997402,0
2025-01-21 15:00:00+00:00,1.66288995743,1.66307997704,1.66082000732,1.66175997257,0
2025-01-21 16:00:00+00:00,1.66173005104,1.66278994083,1.66101002693,1.66211998463,0
2025-01-21 17:00:00+00:00,1.66212999821,1.66288995743,1.66143000126,1.66266000271,0
2025-01-21 18:00:00+00:00,1.66267001629,1.66314005852,1.66162002087,1.66287994385,0
2025-01-21 19:00:00+00:00,1.66285002232,1.66345000267,1.6621799469,1.66266000271,0
2025-01-21 20:00:00+00:00,1.66273999214,1.66287994385,1.66127002239,1.66167998314,0
2025-01-21 21:00:00+00:00,1.66183996201,1.66255998611,1.66110002995,1.66147994995,0
2025-01-21 22:00:00+00:00,1.66148996353,1.66361999512,1.6605399847,1.66235995293,0
2025-01-21 23:00:00+00:00,1.66253995895,1.66277003288,1.66058003902,1.66182994843,0
2025-01-22 00:00:00+00:00,1.66159999371,1.66176998615,1.66008996964,1.66086995602,0
2025-01-22 01:00:00+00:00,1.66089999676,1.66206002235,1.66068994999,1.66197001934,0
2025-01-22 02:00:00+00:00,1.66187000275,1.66243004799,1.66066002846,1.6614099741,0
2025-01-22 03:00:00+00:00,1.66132998466,1.66243994236,1.66074001789,1.66200995445,0
2025-01-22 04:00:00+00:00,1.66194999218,1.66297996044,1.66158998013,1.66271996498,0
2025-01-22 05:00:00+00:00,1.66280996799,1.66316998005,1.66161000729,1.66245996952,0
2025-01-22 06:00:00+00:00,1.66242003441,1.66366004944,1.66206002235,1.66303002834,0
2025-01-22 07:00:00+00:00,1.66296994686,1.66425001621,1.66242003441,1.66347002983,0
2025-01-22 08:00:00+00:00,1.66356003284,1.66357004642,1.66082000732,1.66138994694,0
2025-01-22 09:00:00+00:00,1.66143000126,1.66237998009,1.66051995754,1.66215002537,0
2025-01-22 10:00:00+00:00,1.66226005554,1.6624699831,1.6606400013,1.66206002235,0
2025-01-22 11:00:00+00:00,1.66206002235,1.66254997253,1.66038000584,1.66200995445,0
2025-01-22 12:00:00+00:00,1.66201996803,1.66233003139,1.66025996208,1.66062998772,0
2025-01-22 13:00:00+00:00,1.6606400013,1.66094005108,1.65908002853,1.66029000282,0
2025-01-22 14:00:00+00:00,1.6602499485,1.66183996201,1.65880000591,1.66118001938,0
2025-01-22 15:00:00+00:00,1.66122996807,1.66254997253,1.6605900526,1.66123998165,0
2025-01-22 16:00:00+00:00,1.66124999523,1.66307997704,1.65980994701,1.660400033,0
2025-01-22 17:00:00+00:00,1.66047000885,1.66062998772,1.65880000591,1.65934002399,0
2025-01-22 18:00:00+00:00,1.65933001041,1.65975999832,1.65813004971,1.65911996365,0
2025-01-22 19:00:00+00:00,1.65901005268,1.65997004509,1.65866994858,1.65961003304,0
2025-01-22 20:00:00+00:00,1.65970003605,1.66018998623,1.65895998478,1.65956997871,0
2025-01-22 21:00:00+00:00,1.65955996513,1.66012001038,1.65866005421,1.65866005421,0
2025-01-22 22:00:00+00:00,1.65877997875,1.66049003601,1.65833997726,1.65961003304,0
2025-01-22 23:00:00+00:00,1.65954005718,1.6605399847,1.65843999386,1.65925002098,0
2025-01-23 00:00:00+00:00,1.65920996666,1.65981996059,1.65840005875,1.6594799757,0
2025-01-23 01:00:00+00:00,1.65938997269,1.65963995457,1.65715003014,1.65827000141,0
2025-01-23 02:00:00+00:00,1.65825998783,1.6592400074,1.65708005428,1.65875995159,0
2025-01-23 03:00:00+00:00,1.65866994858,1.65961003304,1.65798997879,1.65919995308,0
2025-01-23 04:00:00+00:00,1.65917003155,1.65937995911,1.65819001198,1.65918004513,0
2025-01-23 05:00:00+00:00,1.65911996365,1.65957999229,1.65821003914,1.65918004513,0
2025-01-23 06:00:00+00:00,1.65909004211,1.66056001186,1.65848994255,1.6603499651,0
2025-01-23 07:00:00+00:00,1.66038000584,1.66086995602,1.65812003613,1.65937995911,0
2025-01-23 08:00:00+00:00,1.65939998627,1.66167998314,1.65861999989,1.66144001484,0
2025-01-23 09:00:00+00:00,1.66144001484,1.66295003891,1.66085004807,1.66205000877,0
2025-01-23 10:00:00+00:00,1.66206002235,1.66236996651,1.66091001034,1.66147005558,0
2025-01-23 11:00:00+00:00,1.66156005859,1.66162002087,1.6597700119,1.66059994698,0
2025-01-23 12:00:00+00:00,1.66052997112,1.66097998619,1.65857005119,1.65937995911,0
2025-01-23 13:00:00+00:00,1.65937995911,1.66059994698,1.65860998631,1.65966999531,0
2025-01-23 14:00:00+00:00,1.65966999531,1.65989995003,1.65786004066,1.6584199667,0
2025-01-23 15:00:00+00:00,1.6584199667,1.65875995159,1.6564899683,1.65763998032,0
2025-01-23 16:00:00+00:00,1.6575499773,1.65875995159,1.65611004829,1.65734004974,0
2025-01-23 17:00:00+00:00,1.65742003918,1.6580799818,1.65615999699,1.65709996223,0
2025-01-23 18:00:00+00:00,1.65698003769,1.65801000595,1.65646004677,1.65781998634,0
2025-01-23 19:00:00+00:00,1.6578400135,1.65823996067,1.65679001808,1.65748000145,0
2025-01-23 20:00:00+00:00,1.65743994713,1.65777003765,1.65657997131,1.65743994713,0
2025-01-23 21:00:00+00:00,1.657310009,1.65781998634,1.65643000603,1.65656995773,0
2025-01-23 22:00:00+00:00,1.65690004826,1.65751004219,1.65574002266,1.65740001202,0
2025-01-23 23:00:00+00:00,1.65742003918,1.65793001652,1.65634000301,1.65778005123,0
2025-01-24 00:00:00+00:00,1.6577899456,1.65873003006,1.65724003315,1.65822994709,0
2025-01-24 01:00:00+00:00,1.65815997124,1.65893995762,1.65749001503,1.65773999691,0
2025-01-24 02:00:00+00:00,1.6577899456,1.6578899622,1.6534999609,1.65374994278,0
2025-01-24 03:00:00+00:00,1.65382003784,1.65553998947,1.65277004242,1.65311002731,0
2025-01-24 04:00:00+00:00,1.65313994884,1.65470004082,1.65195000172,1.65447998047,0
2025-01-24 05:00:00+00:00,1.65445995331,1.65478003025,1.65236997604,1.65260994434,0
2025-01-24 06:00:00+00:00,1.65260004997,1.65506994724,1.65151000023,1.65450000763,0
2025-01-24 07:00:00+00:00,1.65451002121,1.65690994263,1.65351998806,1.65675997734,0
2025-01-24 08:00:00+00:00,1.65676999092,1.66045999527,1.65620994568,1.65980005264,0
2025-01-24 09:00:00+00:00,1.65981996059,1.66115999222,1.65848994255,1.65974998474,0
2025-01-24 10:00:00+00:00,1.65966999531,1.66027998924,1.65848994255,1.65969002247,0
2025-01-24 11:00:00+00:00,1.65966999531,1.66092002392,1.65909004211,1.66079998016,0
2025-01-24 12:00:00+00:00,1.66070997715,1.66141998768,1.65933001041,1.65992999077,0
2025-01-24 13:00:00+00:00,1.65994000435,1.66076004505,1.65816998482,1.6602499485,0
2025-01-24 14:00:00+00:00,1.66025996208,1.66289997101,1.65922999382,1.66268002987,0
2025-01-24 15:00:00+00:00,1.662520051,1.66434001923,1.66154003143,1.6630500555,0
2025-01-24 16:00:00+00:00,1.66311001778,1.66383004189,1.66215002537,1.66342997551,0
2025-01-24 17:00:00+00:00,1.66337001324,1.66378998756,1.66165995598,1.66340994835,0
2025-01-24 18:00:00+00:00,1.66332995892,1.66342997551,1.66161000729,1.66224002838,0
2025-01-24 19:00:00+00:00,1.66215002537,1.66297996044,1.66120994091,1.66227996349,0
2025-01-24 20:00:00+00:00,1.66220998764,1.66243004799,1.66138005257,1.66226005554,0
2025-01-24 21:00:00+00:00,1.66233003139,1.66262996197,1.66043996811,1.66149997711,0
2025-01-24 22:00:00+00:00,1.66149997711,1.66211998463,1.66149997711,1.66211998463,0
2025-01-27 00:00:00+00:00,1.66314005852,1.66412997246,1.66261994839,1.6637699604,0
2025-01-27 01:00:00+00:00,1.66380000114,1.6642999649,1.66197001934,1.66390001774,0
2025-01-27 02:00:00+00:00,1.66389000416,1.66481995583,1.66321003437,1.66446995735,0
2025-01-27 03:00:00+00:00,1.66451001167,1.66464996338,1.66201996803,1.66266000271,0
2025-01-27 04:00:00+00:00,1.66255998611,1.66354000568,1.66191995144,1.66301000118,0
2025-01-27 05:00:00+00:00,1.66304004192,1.66366994381,1.66253995895,1.66319000721,0
2025-01-27 06:00:00+00:00,1.66305994987,1.66483998299,1.66235005856,1.66401994228,0
2025-01-27 07:00:00+00:00,1.6640599966,1.66639995575,1.6633900404,1.66553997993,0
2025-01-27 08:00:00+00:00,1.66542994976,1.66712999344,1.66480994225,1.66594994068,0
2025-01-27 09:00:00+00:00,1.66629004478,1.6670999527,1.66505002975,1.66673004627,0
2025-01-27 10:00:00+00:00,1.66666996479,1.66814005375,1.6653200388,1.66804003716,0
2025-01-27 11:00:00+00:00,1.66803002357,1.66952002048,1.6676800251,1.66883003712,0
2025-01-27 12:00:00+00:00,1.66882002354,1.66929996014,1.66724002361,1.66902005672,0
2025-01-27 13:00:00+00:00,1.66901004314,1.6722099781,1.6685500145,1.6717300415,0
2025-01-27 14:00:00+00:00,1.67160999775,1.67278003693,1.67112004757,1.67172002792,0
2025-01-27 15:00:00+00:00,1.67164003849,1.67265999317,1.66987001896,1.67054998875,0
2025-01-27 16:00:00+00:00,1.67056000233,1.67243003845,1.67007005215,1.67095005512,0
2025-01-27 17:00:00+00:00,1.67098999023,1.67122995853,1.66998004913,1.67089998722,0
2025-01-27 18:00:00+00:00,1.6709100008,1.67111003399,1.66919994354,1.66995000839,0
2025-01-27 19:00:00+00:00,1.66993999481,1.66996002197,1.6685500145,1.66954004765,0
2025-01-27 20:00:00+00:00,1.66963005066,1.66977000237,1.66698002815,1.6671500206,0
2025-01-27 21:00:00+00:00,1.66714000702,1.6673899889,1.66557002068,1.66686999798,0
2025-01-27 22:00:00+00:00,1.66677999496,1.66767001152,1.66559004784,1.66630995274,0
2025-01-27 23:00:00+00:00,1.66638994217,1.66856002808,1.66572999954,1.66796994209,0
2025-01-28 00:00:00+00:00,1.66729998589,1.66867005825,1.66629004478,1.66703999043,0
2025-01-28 01:00:00+00:00,1.66694998741,1.66920995712,1.66531002522,1.66788005829,0
2025-01-28 02:00:00+00:00,1.66777002811,1.66814005375,1.66547000408,1.66703999043,0
2025-01-28 03:00:00+00:00,1.66702997684,1.66861999035,1.66665995121,1.66806995869,0
2025-01-28 04:00:00+00:00,1.66816997528,1.66972005367,1.66764998436,1.66884994507,0
2025-01-28 05:00:00+00:00,1.6688400507,1.66956996918,1.66826999187,1.66895997524,0
2025-01-28 06:00:00+00:00,1.6690299511,1.67000997066,1.66840004921,1.66983997822,0
2025-01-28 07:00:00+00:00,1.66981995106,1.67016994953,1.66763997078,1.66885995865,0
2025-01-28 08:00:00+00:00,1.66884994507,1.67002999783,1.66726994514,1.66803002357,0
2025-01-28 09:00:00+00:00,1.66813004017,1.67021000385,1.66763997078,1.66867005825,0
2025-01-28 10:00:00+00:00,1.66859996319,1.6690299511,1.66709005833,1.66870999336,0
2025-01-28 11:00:00+00:00,1.66860997677,1.66937994957,1.66799998283,1.66840994358,0
2025-01-28 12:00:00+00:00,1.66840994358,1.6703799963,1.66780996323,1.66954994202,0
2025-01-28 13:00:00+00:00,1.66940999031,1.671200037,1.66923999786,1.67075002193,0
2025-01-28 14:00:00+00:00,1.67080998421,1.67086005211,1.66847002506,1.67023003101,0
2025-01-28 15:00:00+00:00,1.67025995255,1.67084002495,1.66835999489,1.66930997372,0
2025-01-28 16:00:00+00:00,1.66939997673,1.670140028,1.66840994358,1.66949999332,0
2025-01-28 17:00:00+00:00,1.66943001747,1.67009997368,1.66846001148,1.66893005371,0
2025-01-28 18:00:00+00:00,1.66893005371,1.66928005219,1.66782999039,1.66869997978,0
2025-01-28 19:00:00+00:00,1.66864001751,1.66926002502,1.66771996021,1.66841995716,0
2025-01-28 20:00:00+00:00,1.66831994057,1.66842997074,1.66729998589,1.66778004169,0
2025-01-28 21:00:00+00:00,1.66779005527,1.66858005524,1.66716003418,1.66747999191,0
2025-01-28 22:00:00+00:00,1.66778004169,1.66848003864,1.66629004478,1.66747999191,0
2025-01-28 23:00:00+00:00,1.66752994061,1.66812002659,1.6670999527,1.66760003567,0
2025-01-29 00:00:00+00:00,1.66793000698,1.67499995232,1.6671500206,1.67332994938,0
2025-01-29 01:00:00+00:00,1.67333996296,1.67509996891,1.67267000675,1.67318999767,0
2025-01-29 02:00:00+00:00,1.67306005955,1.67323994637,1.67146003246,1.67323994637,0
2025-01-29 03:00:00+00:00,1.67323994637,1.67457997799,1.67279994488,1.6741900444,0
2025-01-29 04:00:00+00:00,1.6741399765,1.67475998402,1.6729799509,1.673609972,0
2025-01-29 05:00:00+00:00,1.67353999615,1.67381000519,1.67113995552,1.67150998116,0
2025-01-29 06:00:00+00:00,1.67141997814,1.67212998867,1.67057001591,1.67121994495,0
2025-01-29 07:00:00+00:00,1.67118000984,1.67184996605,1.6695599556,1.67007994652,0
2025-01-29 08:00:00+00:00,1.67002999783,1.67174994946,1.66967999935,1.67140996456,0
2025-01-29 09:00:00+00:00,1.67145001888,1.67192995548,1.66967999935,1.67089998722,0
2025-01-29 10:00:00+00:00,1.67097997665,1.67136001587,1.66971004009,1.67051005363,0
2025-01-29 11:00:00+00:00,1.67056000233,1.67129004002,1.66983997822,1.67056000233,0
2025-01-29 12:00:00+00:00,1.67046999931,1.67218995094,1.67030000687,1.6717799902,0
2025-01-29 13:00:00+00:00,1.67165994644,1.67218005657,1.66991996765,1.67166996002,0
2025-01-29 14:00:00+00:00,1.67168998718,1.67267000675,1.67085003853,1.67210996151,0
2025-01-29 15:00:00+00:00,1.67206001282,1.67431998253,1.67087996006,1.67325997353,0
2025-01-29 16:00:00+00:00,1.67317998409,1.67358994484,1.67176997662,1.67279005051,0
2025-01-29 17:00:00+00:00,1.67278003693,1.67314004898,1.67181003094,1.67253005505,0
2025-01-29 18:00:00+00:00,1.6724499464,1.67326998711,1.67128002644,1.6717300415,0
2025-01-29 19:00:00+00:00,1.67145001888,1.67262995243,1.67050004005,1.67136001587,0
2025-01-29 20:00:00+00:00,1.67142999172,1.67199003696,1.67025005817,1.67135000229,0
2025-01-29 21:00:00+00:00,1.67148995399,1.67271995544,1.671200037,1.6719199419,0
2025-01-29 22:00:00+00:00,1.67239999771,1.67265999317,1.67078995705,1.67163002491,0
2025-01-29 23:00:00+00:00,1.67160999775,1.6719700098,1.67026996613,1.67059004307,0
2025-01-30 00:00:00+00:00,1.67068994045,1.67146003246,1.66963005066,1.67111003399,0
2025-01-30 01:00:00+00:00,1.67107999325,1.67148995399,1.66977000237,1.67024004459,0
2025-01-30 02:00:00+00:00,1.67024004459,1.67200005054,1.66952002048,1.67170000076,0
2025-01-30 03:00:00+00:00,1.67156994343,1.67287003994,1.67065000534,1.67286002636,0
2025-01-30 04:00:00+00:00,1.67285001278,1.67430996895,1.67234003544,1.67387998104,0
2025-01-30 05:00:00+00:00,1.67384004593,1.6755399704,1.67343997955,1.67551004887,0
2025-01-30 06:00:00+00:00,1.67548000813,1.67598998547,1.67392003536,1.67428994179,0
2025-01-30 07:00:00+00:00,1.67428994179,1.67526996136,1.6740000248,1.67499005795,0
2025-01-30 08:00:00+00:00,1.67499005795,1.67561995983,1.67162001133,1.6717799902,0
2025-01-30 09:00:00+00:00,1.67168998718,1.6717799902,1.66945004463,1.67123997211,0
2025-01-30 10:00:00+00:00,1.67124998569,1.67176997662,1.66969001293,1.6703799963,0
2025-01-30 11:00:00+00:00,1.67039000988,1.67056000233,1.66863000393,1.66886997223,0
2025-01-30 12:00:00+00:00,1.66888999939,1.67094004154,1.6684499979,1.67042994499,0
2025-01-30 13:00:00+00:00,1.67044997215,1.67738997936,1.67006003857,1.67710995674,0
2025-01-30 14:00:00+00:00,1.67701005936,1.67808997631,1.67179000378,1.6741399765,0
2025-01-30 15:00:00+00:00,1.6741399765,1.67552995682,1.67156004906,1.67341005802,0
2025-01-30 16:00:00+00:00,1.67348003387,1.67387998104,1.67106997967,1.67211997509,0
2025-01-30 17:00:00+00:00,1.67204999924,1.67347002029,1.67148995399,1.67210996151,0
2025-01-30 18:00:00+00:00,1.67199003696,1.67255997658,1.67116999626,1.6716799736,0
2025-01-30 19:00:00+00:00,1.67172002792,1.67215001583,1.67122995853,1.67174994946,0
2025-01-30 20:00:00+00:00,1.6716799736,1.67569005489,1.67119002342,1.6737600565,0
2025-01-30 21:00:00+00:00,1.67388999462,1.67452001572,1.67212998867,1.67212998867,0
2025-01-30 22:00:00+00:00,1.67250001431,1.67420995235,1.67105996609,1.67344999313,0
2025-01-30 23:00:00+00:00,1.67349994183,1.67370998859,1.67194998264,1.67289996147,0
2025-01-31 00:00:00+00:00,1.67311000824,1.67429995537,1.67258000374,1.67352998257,0
2025-01-31 01:00:00+00:00,1.67358005047,1.67361998558,1.67080998421,1.67170000076,0
2025-01-31 02:00:00+00:00,1.67162001133,1.67224001884,1.66928994656,1.66993999481,0
2025-01-31 03:00:00+00:00,1.66986000538,1.67036998272,1.66877996922,1.66957998276,0
2025-01-31 04:00:00+00:00,1.66949999332,1.67005002499,1.66832995415,1.66882002354,0
2025-01-31 05:00:00+00:00,1.66875994205,1.67035996914,1.66734004021,1.66933000088,0
2025-01-31 06:00:00+00:00,1.66923999786,1.66935002804,1.66790997982,1.669080019,0
2025-01-31 07:00:00+00:00,1.6690299511,1.67066001892,1.66793000698,1.66867995262,0
2025-01-31 08:00:00+00:00,1.66867995262,1.6693700552,1.66771996021,1.66892004013,0
2025-01-31 09:00:00+00:00,1.66903996468,1.66905999184,1.66588997841,1.66837000847,0
2025-01-31 10:00:00+00:00,1.66832995415,1.66945004463,1.66724002361,1.66923999786,0
2025-01-31 11:00:00+00:00,1.6692199707,1.67071998119,1.66888999939,1.67009997368,0
2025-01-31 12:00:00+00:00,1.67004001141,1.67057001591,1.66909003258,1.66987001896,0
2025-01-31 13:00:00+00:00,1.6699899435,1.6707700491,1.66807997227,1.66893005371,0
2025-01-31 14:00:00+00:00,1.66893005371,1.66991996765,1.66723001003,1.66753995419,0
2025-01-31 15:00:00+00:00,1.66761004925,1.66775000095,1.66402995586,1.66664004326,0
2025-01-31 16:00:00+00:00,1.66677999496,1.66729998589,1.6655600071,1.6665199995,0
2025-01-31 17:00:00+00:00,1.66644001007,1.66752004623,1.66500997543,1.66568994522,0
2025-01-31 18:00:00+00:00,1.66559004784,1.66864001751,1.66503000259,1.66746997833,0
2025-01-31 19:00:00+00:00,1.6673899889,1.67015004158,1.66721999645,1.66954994202,0
2025-01-31 20:00:00+00:00,1.6695599556,1.66988003254,1.6681599617,1.66925001144,0
2025-01-31 21:00:00+00:00,1.6693700552,1.66949999332,1.66563999653,1.6676299572,0
2025-01-31 22:00:00+00:00,1.66707003117,1.66707003117,1.66707003117,1.66707003117,0
2025-02-03 00:00:00+00:00,1.66823005676,1.6726000309,1.66633999348,1.67214000225,0
2025-02-03 01:00:00+00:00,1.67227005959,1.67428994179,1.67032003403,1.67387998104,0
2025-02-03 02:00:00+00:00,1.67387998104,1.67912995815,1.67348003387,1.67709004879,0
2025-02-03 03:00:00+00:00,1.6771299839,1.67821002007,1.67546999454,1.67609000206,0
2025-02-03 04:00:00+00:00,1.67609000206,1.67622005939,1.67088997364,1.67204999924,0
2025-02-03 05:00:00+00:00,1.67194998264,1.67383003235,1.67147994041,1.67293000221,0
2025-02-03 06:00:00+00:00,1.67299997807,1.67358994484,1.66841995716,1.66891002655,0
2025-02-03 07:00:00+00:00,1.6687899828,1.66917002201,1.66578996181,1.66656005383,0
2025-02-03 08:00:00+00:00,1.66642999649,1.6689800024,1.66419994831,1.66835999489,0
2025-02-03 09:00:00+00:00,1.66830003262,1.66948997974,1.664929986,1.66571998596,0
2025-02-03 10:00:00+00:00,1.66571998596,1.66690003872,1.66473996639,1.66688001156,0
2025-02-03 11:00:00+00:00,1.66677999496,1.66893005371,1.66636002064,1.66749000549,0
2025-02-03 12:00:00+00:00,1.66755998135,1.66960000992,1.6662800312,1.6666200161,0
2025-02-03 13:00:00+00:00,1.6666200161,1.66758000851,1.66489005089,1.66600000858,0
2025-02-03 14:00:00+00:00,1.66600000858,1.66730999947,1.66436994076,1.66586005688,0
2025-02-03 15:00:00+00:00,1.66640996933,1.67007005215,1.66472005844,1.66506004333,0
2025-02-03 16:00:00+00:00,1.66507995129,1.66653001308,1.66340005398,1.6639200449,0
2025-02-03 17:00:00+00:00,1.66393995285,1.665989995,1.6622300148,1.66360998154,0
2025-02-03 18:00:00+00:00,1.66361999512,1.66464996338,1.66295003891,1.66366004944,0
2025-02-03 19:00:00+00:00,1.66369998455,1.66426002979,1.66241002083,1.6633399725,0
2025-02-03 20:00:00+00:00,1.66338002682,1.66487002373,1.662520051,1.6646900177,0
2025-02-03 21:00:00+00:00,1.66470003128,1.66491997242,1.65883994102,1.6605900526,0
2025-02-03 22:00:00+00:00,1.66022002697,1.66422998905,1.65904998779,1.66091001034,0
2025-02-03 23:00:00+00:00,1.66089999676,1.66208994389,1.65910005569,1.66096997261,0
2025-02-04 00:00:00+00:00,1.66101002693,1.66156005859,1.65973997116,1.66122996807,0
2025-02-04 01:00:00+00:00,1.66114997864,1.66340005398,1.66061997414,1.66252994537,0
2025-02-04 02:00:00+00:00,1.66252994537,1.66278004646,1.66098999977,1.66168999672,0
2025-02-04 03:00:00+00:00,1.66157996655,1.66314995289,1.66095995903,1.66291999817,0
2025-02-04 04:00:00+00:00,1.66287004948,1.66400003433,1.66252994537,1.66377997398,0
2025-02-04 05:00:00+00:00,1.66377997398,1.66672003269,1.66226994991,1.66412997246,0
2025-02-04 06:00:00+00:00,1.66412997246,1.66445994377,1.66197001934,1.66245996952,0
2025-02-04 07:00:00+00:00,1.66245996952,1.66290998459,1.66091001034,1.66122996807,0
2025-02-04 08:00:00+00:00,1.66121995449,1.66623997688,1.6608300209,1.66604995728,0
2025-02-04 09:00:00+00:00,1.66592001915,1.66726005077,1.66475999355,1.66550004482,0
2025-02-04 10:00:00+00:00,1.66547000408,1.66576004028,1.66240000725,1.66288995743,0
2025-02-04 11:00:00+00:00,1.66281998158,1.66322004795,1.66088998318,1.66306996346,0
2025-02-04 12:00:00+00:00,1.66295003891,1.66348004341,1.66159999371,1.6621799469,0
2025-02-04 13:00:00+00:00,1.66224002838,1.66400003433,1.66180002689,1.66325998306,0
2025-02-04 14:00:00+00:00,1.66328001022,1.66480004787,1.66219997406,1.6628600359,0
2025-02-04 15:00:00+00:00,1.6628600359,1.66337001324,1.65985000134,1.66113996506,0
2025-02-04 16:00:00+00:00,1.66105997562,1.6613099575,1.65804004669,1.65926003456,0
2025-02-04 17:00:00+00:00,1.65919005871,1.66061997414,1.65836000443,1.65968000889,0
2025-02-04 18:00:00+00:00,1.65968000889,1.66032004356,1.65873003006,1.65926003456,0
2025-02-04 19:00:00+00:00,1.65919995308,1.65936994553,1.65801000595,1.65840005875,0
2025-02-04 20:00:00+00:00,1.65832996368,1.65931999683,1.65806996822,1.65866994858,0
2025-02-04 21:00:00+00:00,1.65872001648,1.65957999229,1.65816998482,1.65890002251,0
2025-02-04 22:00:00+00:00,1.6587100029,1.65994000435,1.65802001953,1.65963995457,0
2025-02-04 23:00:00+00:00,1.65969002247,1.6600600481,1.65863001347,1.65942001343,0
2025-02-05 00:00:00+00:00,1.65944004059,1.6603000164,1.65836000443,1.65962004662,0
2025-02-05 01:00:00+00:00,1.65962994099,1.66172003746,1.65848994255,1.661460042,0
2025-02-05 02:00:00+00:00,1.66156005859,1.66259002686,1.65966999531,1.66074001789,0
2025-02-05 03:00:00+00:00,1.66084003448,1.66084003448,1.65935003757,1.66052997112,0
2025-02-05 04:00:00+00:00,1.66057002544,1.66164004803,1.66001999378,1.66089999676,0
2025-02-05 05:00:00+00:00,1.66095995903,1.66100001335,1.65939998627,1.65970003605,0
2025-02-05 06:00:00+00:00,1.65964996815,1.66061997414,1.65895998478,1.66024005413,0
2025-02-05 07:00:00+00:00,1.66024005413,1.66061997414,1.65846002102,1.65912997723,0
2025-02-05 08:00:00+00:00,1.65902996063,1.65936005116,1.65594005585,1.65649998188,0
2025-02-05 09:00:00+00:00,1.65646994114,1.6580799818,1.65579998493,1.65696001053,0
2025-02-05 10:00:00+00:00,1.65685999393,1.65858995914,1.65627002716,1.65824997425,0
2025-02-05 11:00:00+00:00,1.65825998783,1.65838003159,1.6570199728,1.65779995918,0
2025-02-05 12:00:00+00:00,1.65782999992,1.65857994556,1.65699005127,1.6583199501,0
2025-02-05 13:00:00+00:00,1.65825998783,1.65846002102,1.65655004978,1.65787005424,0
2025-02-05 14:00:00+00:00,1.6578400135,1.66001999378,1.65727996826,1.65926003456,0
2025-02-05 15:00:00+00:00,1.65883994102,1.65963995457,1.65474998951,1.65570998192,0
2025-02-05 16:00:00+00:00,1.6557199955,1.65636003017,1.65467000008,1.65532004833,0
2025-02-05 17:00:00+00:00,1.65523004532,1.65652000904,1.65473997593,1.65593004227,0
2025-02-05 18:00:00+00:00,1.65594005585,1.65643000603,1.65529000759,1.65626001358,0
2025-02-05 19:00:00+00:00,1.65614998341,1.65643000603,1.65492999554,1.65570998192,0
2025-02-05 20:00:00+00:00,1.65559995174,1.65583002567,1.65454995632,1.6549500227,0
2025-02-05 21:00:00+00:00,1.65504002571,1.65517997742,1.65392994881,1.6546599865,0
2025-02-05 22:00:00+00:00,1.65473997593,1.65594995022,1.65380001068,1.65594005585,0
2025-02-05 23:00:00+00:00,1.65582001209,1.65600001812,1.65404999256,1.65471994877,0
2025-02-06 00:00:00+00:00,1.65471994877,1.65551996231,1.65391004086,1.65524995327,0
2025-02-06 01:00:00+00:00,1.65539002419,1.65634000301,1.65472996235,1.6551400423,0
2025-02-06 02:00:00+00:00,1.65517997742,1.65752995014,1.65503001213,1.65694999695,0
2025-02-06 03:00:00+00:00,1.65693998337,1.65954005718,1.65632998943,1.65887999535,0
2025-02-06 04:00:00+00:00,1.65875995159,1.65895998478,1.65736997128,1.65852999687,0
2025-02-06 05:00:00+00:00,1.65849995613,1.65890002251,1.65675997734,1.65839004517,0
2025-02-06 06:00:00+00:00,1.6584700346,1.65855002403,1.65645003319,1.65752995014,0
2025-02-06 07:00:00+00:00,1.65767002106,1.65819001198,1.65636003017,1.65724003315,0
2025-02-06 08:00:00+00:00,1.65734994411,1.65753996372,1.65501999855,1.65579998493,0
2025-02-06 09:00:00+00:00,1.65586996078,1.65629005432,1.65418994427,1.65451002121,0
2025-02-06 10:00:00+00:00,1.6544200182,1.65450000763,1.65307998657,1.65420997143,0
2025-02-06 11:00:00+00:00,1.65422999859,1.65469002724,1.65271997452,1.65384995937,0
2025-02-06 12:00:00+00:00,1.65394997597,1.65410995483,1.65207004547,1.65371000767,0
2025-02-06 13:00:00+00:00,1.65365004539,1.65521001816,1.65323996544,1.65389001369,0
2025-02-06 14:00:00+00:00,1.65393996239,1.65490996838,1.65345001221,1.65467000008,0
2025-02-06 15:00:00+00:00,1.65476000309,1.65551996231,1.65066003799,1.65117001534,0
2025-02-06 16:00:00+00:00,1.65117001534,1.65163004398,1.64999997616,1.65155994892,0
2025-02-06 17:00:00+00:00,1.65154004097,1.65199995041,1.65085995197,1.65125000477,0
2025-02-06 18:00:00+00:00,1.65138995647,1.65345001221,1.65087997913,1.65304994583,0
2025-02-06 19:00:00+00:00,1.65297996998,1.65358996391,1.65242004395,1.65339994431,0
2025-02-06 20:00:00+00:00,1.65340995789,1.65412998199,1.65233004093,1.65267002583,0
2025-02-06 21:00:00+00:00,1.65278995037,1.65324997902,1.65173995495,1.65173995495,0
2025-02-06 22:00:00+00:00,1.65188002586,1.65553998947,1.65160000324,1.65303003788,0
2025-02-06 23:00:00+00:00,1.6530200243,1.65353000164,1.65245997906,1.65322005749,0
2025-02-07 00:00:00+00:00,1.65319001675,1.65339004993,1.65120995045,1.65155005455,0
2025-02-07 01:00:00+00:00,1.65148997307,1.65167999268,1.64988005161,1.65084004402,0
2025-02-07 02:00:00+00:00,1.65084004402,1.65093004704,1.64923000336,1.65024995804,0
2025-02-07 03:00:00+00:00,1.65020000935,1.65095996857,1.6496399641,1.65086996555,0
2025-02-07 04:00:00+00:00,1.65083003044,1.65250003338,1.65023994446,1.6519600153,0
2025-02-07 05:00:00+00:00,1.65197002888,1.65230000019,1.65100002289,1.65206003189,0
2025-02-07 06:00:00+00:00,1.65204000473,1.65234994888,1.65100002289,1.65122997761,0
2025-02-07 07:00:00+00:00,1.65123999119,1.65257000923,1.64965999126,1.65243005753,0
2025-02-07 08:00:00+00:00,1.6523900032,1.65258002281,1.65094995499,1.65141999722,0
2025-02-07 09:00:00+00:00,1.65136003494,1.65153002739,1.6500300169,1.65083003044,0
2025-02-07 10:00:00+00:00,1.65093004704,1.65183997154,1.65017998219,1.65170001984,0
2025-02-07 11:00:00+00:00,1.65174996853,1.65263998508,1.651039958,1.6526299715,0
2025-02-07 12:00:00+00:00,1.65263998508,1.65271997452,1.65113997459,1.65189003944,0
2025-02-07 13:00:00+00:00,1.65197002888,1.65269994736,1.64959001541,1.65096998215,0
2025-02-07 14:00:00+00:00,1.65104997158,1.65200996399,1.64883005619,1.65011000633,0
2025-02-07 15:00:00+00:00,1.64996004105,1.65267002583,1.64880001545,1.6500300169,0
2025-02-07 16:00:00+00:00,1.6500300169,1.65100002289,1.64828002453,1.64937996864,0
2025-02-07 17:00:00+00:00,1.64937996864,1.6507999897,1.64603996277,1.64661002159,0
2025-02-07 18:00:00+00:00,1.64657998085,1.6469399929,1.64532995224,1.64684998989,0
2025-02-07 19:00:00+00:00,1.6467499733,1.64728999138,1.64594995975,1.64705002308,0
2025-02-07 20:00:00+00:00,1.64711999893,1.64794003963,1.64638996124,1.64690995216,0
2025-02-07 21:00:00+00:00,1.64695000648,1.64745998383,1.64488005638,1.64488995075,0
2025-02-07 22:00:00+00:00,1.64610004425,1.64630997181,1.64610004425,1.64630997181,0
2025-02-10 00:00:00+00:00,1.64736998081,1.64758002758,1.64513003826,1.64569997787,0
2025-02-10 01:00:00+00:00,1.64567995071,1.64753997326,1.64498996735,1.64721000195,0
2025-02-10 02:00:00+00:00,1.64709997177,1.64742004871,1.64556002617,1.64603996277,0
2025-02-10 03:00:00+00:00,1.64595997334,1.64604997635,1.64463996887,1.64494001865,0
2025-02-10 04:00:00+00:00,1.64505004883,1.6454000473,1.64399003983,1.64443004131,0
2025-02-10 05:00:00+00:00,1.64443004131,1.64503002167,1.64377999306,1.64472997189,0
2025-02-10 06:00:00+00:00,1.64471995831,1.64493000507,1.64309000969,1.64363002777,0
2025-02-10 07:00:00+00:00,1.64361000061,1.64482998848,1.64286994934,1.64398002625,0
2025-02-10 08:00:00+00:00,1.64399003983,1.64561998844,1.6432299614,1.64548003674,0
2025-02-10 09:00:00+00:00,1.64547002316,1.64616000652,1.64370000362,1.64463996887,0
2025-02-10 10:00:00+00:00,1.64456999302,1.64498996735,1.6437100172,1.64486002922,0
2025-02-10 11:00:00+00:00,1.64486002922,1.64539003372,1.64385998249,1.64494001865,0
2025-02-10 12:00:00+00:00,1.64502000809,1.6453499794,1.6437100172,1.64436995983,0
2025-02-10 13:00:00+00:00,1.64433002472,1.64502000809,1.64231002331,1.64279997349,0
2025-02-10 14:00:00+00:00,1.64277994633,1.64324998856,1.6405800581,1.64155995846,0
2025-02-10 15:00:00+00:00,1.64155995846,1.64186000824,1.64028000832,1.64142000675,0
2025-02-10 16:00:00+00:00,1.64143002033,1.64285004139,1.6407699585,1.64249002934,0
2025-02-10 17:00:00+00:00,1.6424100399,1.64316999912,1.64197003841,1.64291000366,0
2025-02-10 18:00:00+00:00,1.64289999008,1.64329004288,1.64143002033,1.64189004898,0
2025-02-10 19:00:00+00:00,1.64201998711,1.64226996899,1.64057004452,1.64120995998,0
2025-02-10 20:00:00+00:00,1.64121997356,1.64172005653,1.6408200264,1.64151000977,0
2025-02-10 21:00:00+00:00,1.64144003391,1.64175999165,1.6409599781,1.64131999016,0
2025-02-10 22:00:00+00:00,1.641299963,1.64291000366,1.63934004307,1.64061999321,0
2025-02-10 23:00:00+00:00,1.64065003395,1.6439499855,1.64035999775,1.6428899765,0
2025-02-11 00:00:00+00:00,1.64266002178,1.6437599659,1.64181995392,1.64253997803,0
2025-02-11 01:00:00+00:00,1.64251995087,1.64277994633,1.6413500309,1.64233994484,0
2025-02-11 02:00:00+00:00,1.64232003689,1.64424002171,1.64144003391,1.6434700489,0
2025-02-11 03:00:00+00:00,1.643419981,1.64412999153,1.64232003689,1.64268994331,0
2025-02-11 04:00:00+00:00,1.64259004593,1.6427500248,1.64154005051,1.64233994484,0
2025-02-11 05:00:00+00:00,1.642359972,1.64260005951,1.64133000374,1.64191997051,0
2025-02-11 06:00:00+00:00,1.64192998409,1.64225995541,1.64041996002,1.6409599781,0
2025-02-11 07:00:00+00:00,1.64099001884,1.64196002483,1.63963997364,1.64069998264,0
2025-02-11 08:00:00+00:00,1.64058995247,1.64258003235,1.638890028,1.64245998859,0
2025-02-11 09:00:00+00:00,1.64251995087,1.64382994175,1.64181005955,1.6437100172,0
2025-02-11 10:00:00+00:00,1.64367997646,1.64532005787,1.64295005798,1.64514994621,0
2025-02-11 11:00:00+00:00,1.64523994923,1.64547002316,1.64391994476,1.64513003826,0
2025-02-11 12:00:00+00:00,1.64512002468,1.64603996277,1.6427500248,1.64316999912,0
2025-02-11 13:00:00+00:00,1.64309000969,1.64484000206,1.64292001724,1.64393997192,0
2025-02-11 14:00:00+00:00,1.64392995834,1.6442899704,1.64247000217,1.64385998249,0
2025-02-11 15:00:00+00:00,1.64386999607,1.64528000355,1.64314997196,1.64429998398,0
2025-02-11 16:00:00+00:00,1.64430999756,1.64464998245,1.64306998253,1.64391994476,0
2025-02-11 17:00:00+00:00,1.64391005039,1.64453005791,1.64335000515,1.64432001114,0
2025-02-11 18:00:00+00:00,1.64437997341,1.64530003071,1.64393997192,1.64509999752,0
2025-02-11 19:00:00+00:00,1.64503002167,1.64736998081,1.64454996586,1.64567005634,0
2025-02-11 20:00:00+00:00,1.64576005936,1.6466499567,1.6451100111,1.6456400156,0
2025-02-11 21:00:00+00:00,1.64552998543,1.6462199688,1.64504003525,1.64544999599,0
2025-02-11 22:00:00+00:00,1.64496004581,1.64689004421,1.64444994926,1.64582002163,0
2025-02-11 23:00:00+00:00,1.64611005783,1.64684998989,1.64532005787,1.64568996429,0
2025-02-12 00:00:00+00:00,1.64572000504,1.64619994164,1.64462995529,1.64546000957,0
2025-02-12 01:00:00+00:00,1.64542996883,1.64658999443,1.6437100172,1.64414000511,0
2025-02-12 02:00:00+00:00,1.64424002171,1.64442002773,1.64277005196,1.64337003231,0
2025-02-12 03:00:00+00:00,1.64339995384,1.64567005634,1.64295005798,1.64489996433,0
2025-02-12 04:00:00+00:00,1.64480996132,1.64652001858,1.64420998096,1.64643001556,0
2025-02-12 05:00:00+00:00,1.64636003971,1.64699995518,1.64568996429,1.64620995522,0
2025-02-12 06:00:00+00:00,1.64628994465,1.64716994762,1.64547002316,1.6469399929,0
2025-02-12 07:00:00+00:00,1.64689004421,1.65006005764,1.64622998238,1.64994001389,0
2025-02-12 08:00:00+00:00,1.64990997314,1.65167999268,1.64906001091,1.65114998817,0
2025-02-12 09:00:00+00:00,1.65108001232,1.65253996849,1.6505099535,1.65228998661,0
2025-02-12 10:00:00+00:00,1.65222001076,1.65342998505,1.65197002888,1.65269994736,0
2025-02-12 11:00:00+00:00,1.65269005299,1.65346002579,1.65183997154,1.65243005753,0
2025-02-12 12:00:00+00:00,1.65232002735,1.65297996998,1.65164005756,1.65197002888,0
2025-02-12 13:00:00+00:00,1.65197002888,1.65551996231,1.65041005611,1.6548500061,0
2025-02-12 14:00:00+00:00,1.65483999252,1.6568800211,1.65339994431,1.65398001671,0
2025-02-12 15:00:00+00:00,1.65390002728,1.65452003479,1.65269005299,1.65330004692,0
2025-02-12 16:00:00+00:00,1.65337002277,1.65403997898,1.65208995342,1.65346002579,0
2025-02-12 17:00:00+00:00,1.65348005295,1.65480005741,1.65231001377,1.65406000614,0
2025-02-12 18:00:00+00:00,1.65406000614,1.65417003632,1.6521999836,1.65269994736,0
2025-02-12 19:00:00+00:00,1.652780056,1.65312004089,1.65174996853,1.65295994282,0
2025-02-12 20:00:00+00:00,1.65295004845,1.65380001068,1.65236997604,1.65351998806,0
2025-02-12 21:00:00+00:00,1.65346002579,1.65418994427,1.65279996395,1.65279996395,0
2025-02-12 22:00:00+00:00,1.65189003944,1.65445995331,1.65006005764,1.6535500288,0
2025-02-12 23:00:00+00:00,1.65362000465,1.65436995029,1.65313005447,1.65420997143,0
2025-02-13 00:00:00+00:00,1.65427005291,1.65506005287,1.65356004238,1.65444004536,0
2025-02-13 01:00:00+00:00,1.65444004536,1.65644001961,1.65428996086,1.6553800106,0
2025-02-13 02:00:00+00:00,1.65536999702,1.65749001503,1.65472996235,1.6574100256,0
2025-02-13 03:00:00+00:00,1.6573599577,1.6576499939,1.65544998646,1.65647995472,0
2025-02-13 04:00:00+00:00,1.65644001961,1.6578400135,1.65568995476,1.65779995918,0
2025-02-13 05:00:00+00:00,1.65776002407,1.65803003311,1.65620005131,1.65717995167,0
2025-02-13 06:00:00+00:00,1.65718996525,1.65907001495,1.6570700407,1.65883004665,0
2025-02-13 07:00:00+00:00,1.65891003609,1.66027998924,1.65820002556,1.65915000439,0
2025-02-13 08:00:00+00:00,1.65913999081,1.66129004955,1.65866994858,1.66097998619,0
2025-02-13 09:00:00+00:00,1.66103005409,1.6633900404,1.66059994698,1.66298997402,0
2025-02-13 10:00:00+00:00,1.66296994686,1.66332995892,1.66120004654,1.66176998615,0
2025-02-13 11:00:00+00:00,1.66181004047,1.66305994987,1.65982997417,1.66092002392,0
2025-02-13 12:00:00+00:00,1.66080999374,1.66113996506,1.65863001347,1.65952003002,0
2025-02-13 13:00:00+00:00,1.65957999229,1.66012001038,1.65691995621,1.65931999683,0
2025-02-13 14:00:00+00:00,1.65920996666,1.66019999981,1.65796005726,1.65846002102,0
2025-02-13 15:00:00+00:00,1.65846002102,1.65939998627,1.65602004528,1.65666997433,0
2025-02-13 16:00:00+00:00,1.65666997433,1.65767002106,1.65636003017,1.65738999844,0
2025-02-13 17:00:00+00:00,1.65740001202,1.65829002857,1.65672004223,1.65782999992,0
2025-02-13 18:00:00+00:00,1.65777003765,1.65927004814,1.65411996841,1.65540003777,0
2025-02-13 19:00:00+00:00,1.65530002117,1.65620994568,1.65474998951,1.65604996681,0
2025-02-13 20:00:00+00:00,1.65603005886,1.65663003922,1.65463995934,1.65532004833,0
2025-02-13 21:00:00+00:00,1.65541994572,1.6566400528,1.65468001366,1.65628004074,0
2025-02-13 22:00:00+00:00,1.65525996685,1.65736997128,1.65474998951,1.65699994564,0
2025-02-13 23:00:00+00:00,1.65696001053,1.65723001957,1.65549004078,1.65611004829,0
2025-02-14 00:00:00+00:00,1.65611004829,1.65761005878,1.65580999851,1.65676999092,0
2025-02-14 01:00:00+00:00,1.65675997734,1.65680003166,1.65339994431,1.65436995029,0
2025-02-14 02:00:00+00:00,1.65427005291,1.6548500061,1.65241003036,1.65298998356,0
2025-02-14 03:00:00+00:00,1.65297996998,1.65436005592,1.65255999565,1.65410995483,0
2025-02-14 04:00:00+00:00,1.65411996841,1.65515005589,1.65367996693,1.6540299654,0
2025-02-14 05:00:00+00:00,1.65407001972,1.65477001667,1.6530200243,1.65409004688,0
2025-02-14 06:00:00+00:00,1.65403997898,1.65454995632,1.65307998657,1.65445995331,0
2025-02-14 07:00:00+00:00,1.65434002876,1.65486001968,1.65295994282,1.65359997749,0
2025-02-14 08:00:00+00:00,1.65358996391,1.65472996235,1.65167999268,1.65403997898,0
2025-02-14 09:00:00+00:00,1.65411996841,1.65439999104,1.65200996399,1.65276002884,0
2025-02-14 10:00:00+00:00,1.65283000469,1.65330994129,1.65174996853,1.65259003639,0
2025-02-14 11:00:00+00:00,1.65263998508,1.65264999866,1.65077996254,1.65114998817,0
2025-02-14 12:00:00+00:00,1.65105998516,1.65138995647,1.64990997314,1.65061998367,0
2025-02-14 13:00:00+00:00,1.65065002441,1.65309000015,1.64962005615,1.65072000027,0
2025-02-14 14:00:00+00:00,1.65067005157,1.65175998211,1.64979994297,1.65086996555,0
2025-02-14 15:00:00+00:00,1.65084004402,1.65243005753,1.65008997917,1.65164995193,0
2025-02-14 16:00:00+00:00,1.65155994892,1.65210998058,1.65039002895,1.65116000175,0
2025-02-14 17:00:00+00:00,1.6510900259,1.6524900198,1.65059995651,1.6522500515,0
2025-02-14 18:00:00+00:00,1.6521999836,1.65253996849,1.65146994591,1.65241003036,0
2025-02-14 19:00:00+00:00,1.65242004395,1.65251994133,1.65057003498,1.6510900259,0
2025-02-14 20:00:00+00:00,1.65102994442,1.65154004097,1.65005004406,1.65053999424,0
2025-02-14 21:00:00+00:00,1.65052998066,1.65135002136,1.65004003048,1.65114998817,0
2025-02-14 22:00:00+00:00,1.65139997005,1.65139997005,1.65139997005,1.65139997005,0
2025-02-17 00:00:00+00:00,1.6500300169,1.65068995953,1.64891004562,1.65058004856,0
2025-02-17 01:00:00+00:00,1.65060997009,1.65112996101,1.64801001549,1.64955997467,0
2025-02-17 02:00:00+00:00,1.64955997467,1.6513299942,1.64942002296,1.65014994144,0
2025-02-17 03:00:00+00:00,1.65022003651,1.65041005611,1.64801001549,1.648630023,0
2025-02-17 04:00:00+00:00,1.64868998528,1.64909994602,1.64749002457,1.64830005169,0
2025-02-17 05:00:00+00:00,1.64836001396,1.64837002754,1.64573001862,1.64730000496,0
2025-02-17 06:00:00+00:00,1.64726996422,1.64776003361,1.64599001408,1.64726996422,0
2025-02-17 07:00:00+00:00,1.6472799778,1.64832997322,1.64681994915,1.64754998684,0
2025-02-17 08:00:00+00:00,1.64754998684,1.64805996418,1.64628005028,1.6470400095,0
2025-02-17 09:00:00+00:00,1.64690005779,1.64714002609,1.64437997341,1.64507997036,0
2025-02-17 10:00:00+00:00,1.64497005939,1.64819002151,1.64473998547,1.64771997929,0
2025-02-17 11:00:00+00:00,1.64770996571,1.6480499506,1.64599001408,1.64649999142,0
2025-02-17 12:00:00+00:00,1.64648997784,1.64734995365,1.64478003979,1.64573001862,0
2025-02-17 13:00:00+00:00,1.64570999146,1.6459300518,1.6443400383,1.64540994167,0
2025-02-17 14:00:00+00:00,1.64533996582,1.64604997635,1.64459002018,1.64568996429,0
2025-02-17 15:00:00+00:00,1.64576005936,1.64655995369,1.64507997036,1.64634001255,0
2025-02-17 16:00:00+00:00,1.64635002613,1.64678001404,1.64533996582,1.64632999897,0
2025-02-17 17:00:00+00:00,1.64632999897,1.64735996723,1.64569997787,1.64692997932,0
2025-02-17 18:00:00+00:00,1.64687001705,1.64813995361,1.64605998993,1.64809000492,0
2025-02-17 19:00:00+00:00,1.64814996719,1.64971995354,1.64754998684,1.64829003811,0
2025-02-17 20:00:00+00:00,1.64825999737,1.6483900547,1.64746999741,1.64801001549,0
2025-02-17 21:00:00+00:00,1.64794003963,1.64946997166,1.64742994308,1.64879000187,0
2025-02-17 22:00:00+00:00,1.6489200592,1.6497900486,1.64672005177,1.64948999882,0
2025-02-17 23:00:00+00:00,1.6494499445,1.65027999878,1.64859998226,1.64976000786,0
2025-02-18 00:00:00+00:00,1.6496399641,1.65105998516,1.64902997017,1.65008997917,0
2025-02-18 01:00:00+00:00,1.65009999275,1.65199995041,1.64936995506,1.65067005157,0
2025-02-18 02:00:00+00:00,1.65067005157,1.65069997311,1.64838004112,1.64932000637,0
2025-02-18 03:00:00+00:00,1.64943003654,1.65207004547,1.64430999756,1.64766001701,0
2025-02-18 04:00:00+00:00,1.64767003059,1.64956998825,1.64395999908,1.64578998089,0
2025-02-18 05:00:00+00:00,1.64590001106,1.64653003216,1.64361000061,1.64465999603,0
2025-02-18 06:00:00+00:00,1.64465999603,1.6466499567,1.64362001419,1.64547002316,0
2025-02-18 07:00:00+00:00,1.64555001259,1.64705002308,1.64418005943,1.64653003216,0
2025-02-18 08:00:00+00:00,1.64652001858,1.6467499733,1.64443004131,1.64523994923,0
2025-02-18 09:00:00+00:00,1.64523994923,1.6456400156,1.64415001869,1.64478003979,0
2025-02-18 10:00:00+00:00,1.64478003979,1.64623999596,1.64391005039,1.64610004425,0
2025-02-18 11:00:00+00:00,1.64610004425,1.64661002159,1.64488995075,1.64569997787,0
2025-02-18 12:00:00+00:00,1.64565002918,1.64787995815,1.64450001717,1.64735996723,0
2025-02-18 13:00:00+00:00,1.64735996723,1.64769995213,1.64604997635,1.64652001858,0
2025-02-18 14:00:00+00:00,1.64652001858,1.64713001251,1.64529001713,1.64643001556,0
2025-02-18 15:00:00+00:00,1.64654004574,1.64777994156,1.64473998547,1.64762997627,0
2025-02-18 16:00:00+00:00,1.64761996269,1.64796996117,1.64570999146,1.6461199522,0
2025-02-18 17:00:00+00:00,1.6461700201,1.64660000801,1.64505004883,1.64601004124,0
2025-02-18 18:00:00+00:00,1.64602005482,1.64609003067,1.64426994324,1.64528000355,0
2025-02-18 19:00:00+00:00,1.64529001713,1.64569997787,1.64444994926,1.64507997036,0
2025-02-18 20:00:00+00:00,1.64499998093,1.64514005184,1.64401996136,1.64462995529,0
2025-02-18 21:00:00+00:00,1.64461994171,1.64488995075,1.64349997044,1.64374995232,0
2025-02-18 22:00:00+00:00,1.64356005192,1.64523994923,1.64279997349,1.64480996132,0
2025-02-18 23:00:00+00:00,1.64479005337,1.64505004883,1.6438100338,1.64470005035,0
2025-02-19 00:00:00+00:00,1.64470994473,1.64584994316,1.64399003983,1.64566004276,0
2025-02-19 01:00:00+00:00,1.64570999146,1.64648997784,1.64419996738,1.64494001865,0
2025-02-19 02:00:00+00:00,1.64479005337,1.64602005482,1.64207994938,1.64268004894,0
2025-02-19 03:00:00+00:00,1.64257001877,1.64332997799,1.64147996902,1.64260005951,0
2025-02-19 04:00:00+00:00,1.64256000519,1.6434700489,1.64215004444,1.64258003235,0
2025-02-19 05:00:00+00:00,1.64248001575,1.64283001423,1.641299963,1.64218997955,0
2025-02-19 06:00:00+00:00,1.64215004444,1.64287996292,1.64133000374,1.64231002331,0
2025-02-19 07:00:00+00:00,1.64224994183,1.6432299614,1.64151000977,1.64242005348,0
2025-02-19 08:00:00+00:00,1.6424100399,1.64335000515,1.64096999168,1.64160001278,0
2025-02-19 09:00:00+00:00,1.64153003693,1.64180004597,1.63987994194,1.64035999775,0
2025-02-19 10:00:00+00:00,1.64034998417,1.64096999168,1.63962996006,1.64086997509,0
2025-02-19 11:00:00+00:00,1.64079999924,1.64295995235,1.64028000832,1.64216995239,0
2025-02-19 12:00:00+00:00,1.6421200037,1.64267003536,1.64125001431,1.64184999466,0
2025-02-19 13:00:00+00:00,1.64183998108,1.64302003384,1.64128005505,1.6429400444,0
2025-02-19 14:00:00+00:00,1.64296996593,1.64399003983,1.64234995842,1.64353001118,0
2025-02-19 15:00:00+00:00,1.64347994328,1.64388000965,1.63961994648,1.64166998863,0
2025-02-19 16:00:00+00:00,1.64173996449,1.64184999466,1.64016997814,1.64116001129,0
2025-02-19 17:00:00+00:00,1.64117002487,1.64169001579,1.64055001736,1.64146995544,0
2025-02-19 18:00:00+00:00,1.64146995544,1.64252996445,1.64120995998,1.64234995842,0
2025-02-19 19:00:00+00:00,1.64196002483,1.64324998856,1.64142000675,1.64214003086,0
2025-02-19 20:00:00+00:00,1.64216995239,1.6424100399,1.64147996902,1.64216005802,0
2025-02-19 21:00:00+00:00,1.64210999012,1.64274001122,1.64151000977,1.64221000671,0
2025-02-19 22:00:00+00:00,1.64198994637,1.64312005043,1.64005994797,1.64266002178,0
2025-02-19 23:00:00+00:00,1.64277994633,1.64414000511,1.64228999615,1.64344000816,0
2025-02-20 00:00:00+00:00,1.64331996441,1.64520001411,1.64040005207,1.64190995693,0
2025-02-20 01:00:00+00:00,1.64180004597,1.64657998085,1.64111995697,1.64543998241,0
2025-02-20 02:00:00+00:00,1.64543998241,1.64593994617,1.64178001881,1.64249002934,0
2025-02-20 03:00:00+00:00,1.64262998104,1.64339005947,1.63947999477,1.64033997059,0
2025-02-20 04:00:00+00:00,1.64033997059,1.6404299736,1.63794994354,1.63941001892,0
2025-02-20 05:00:00+00:00,1.63935005665,1.63962996006,1.63810002804,1.63875997066,0
2025-02-20 06:00:00+00:00,1.63874995708,1.63934004307,1.63715004921,1.63808000088,0
2025-02-20 07:00:00+00:00,1.63808000088,1.63917005062,1.63716995716,1.63882994652,0
2025-02-20 08:00:00+00:00,1.6388399601,1.63909995556,1.63599002361,1.63677000999,0
2025-02-20 09:00:00+00:00,1.63680005074,1.63714003563,1.63551998138,1.63689005375,0
2025-02-20 10:00:00+00:00,1.63682997227,1.63744997978,1.63592004776,1.63713002205,0
2025-02-20 11:00:00+00:00,1.63707995415,1.63852000237,1.63652002811,1.63852000237,0
2025-02-20 12:00:00+00:00,1.63850998878,1.63857996464,1.63679003716,1.63795995712,0
2025-02-20 13:00:00+00:00,1.63801002502,1.63879001141,1.63677000999,1.63866996765,0
2025-02-20 14:00:00+00:00,1.63867998123,1.63909995556,1.63587999344,1.63656997681,0
2025-02-20 15:00:00+00:00,1.63657999039,1.63833999634,1.63557994366,1.637830019,0
2025-02-20 16:00:00+00:00,1.637830019,1.63868999481,1.63663005829,1.63848996162,0
2025-02-20 17:00:00+00:00,1.63848996162,1.63981997967,1.63782000542,1.63970994949,0
2025-02-20 18:00:00+00:00,1.63977003098,1.63987004757,1.63872003555,1.63947999477,0
2025-02-20 19:00:00+00:00,1.63946998119,1.64025998116,1.63896000385,1.64008998871,0
2025-02-20 20:00:00+00:00,1.64010000229,1.6402900219,1.63927996159,1.64014005661,0
2025-02-20 21:00:00+00:00,1.64013004303,1.64069998264,1.63946998119,1.64026999474,0
2025-02-20 22:00:00+00:00,1.64025998116,1.64161002636,1.63943004608,1.64007997513,0
2025-02-20 23:00:00+00:00,1.64023995399,1.6409599781,1.6385999918,1.6401900053,0
2025-02-21 00:00:00+00:00,1.63998997211,1.64016997814,1.63900005817,1.63941001892,0
2025-02-21 01:00:00+00:00,1.63943004608,1.6408200264,1.63896000385,1.64043998718,0
2025-02-21 02:00:00+00:00,1.6404299736,1.64055001736,1.63837003708,1.63982999325,0
2025-02-21 03:00:00+00:00,1.63981997967,1.64107000828,1.63929998875,1.64069998264,0
2025-02-21 04:00:00+00:00,1.64063000679,1.64162003994,1.64005994797,1.6413500309,0
2025-02-21 05:00:00+00:00,1.64137995243,1.64267003536,1.64069998264,1.64232003689,0
2025-02-21 06:00:00+00:00,1.64239001274,1.64276003838,1.64112997055,1.64256000519,0
2025-02-21 07:00:00+00:00,1.64242005348,1.64321994781,1.64154994488,1.64186000824,0
2025-02-21 08:00:00+00:00,1.64190995693,1.6421200037,1.63846004009,1.64094996452,0
2025-02-21 09:00:00+00:00,1.6409599781,1.64113998413,1.63890004158,1.63928997517,0
2025-02-21 10:00:00+00:00,1.63926994801,1.63963997364,1.63776004314,1.63864994049,0
2025-02-21 11:00:00+00:00,1.63864004612,1.63905000687,1.63759994507,1.63899004459,0
2025-02-21 12:00:00+00:00,1.63899004459,1.63926994801,1.63752996922,1.63885998726,0
2025-02-21 13:00:00+00:00,1.63879001141,1.64109003544,1.63840997219,1.6407699585,0
2025-02-21 14:00:00+00:00,1.6407699585,1.64183998108,1.63986003399,1.64112997055,0
2025-02-21 15:00:00+00:00,1.64075005054,1.64161002636,1.63953995705,1.63984000683,0
2025-02-21 16:00:00+00:00,1.63993000984,1.64061999321,1.63881003857,1.639950037,0
2025-02-21 17:00:00+00:00,1.64000999928,1.64226996899,1.63949000835,1.64214003086,0
2025-02-21 18:00:00+00:00,1.64208996296,1.64470005035,1.64173996449,1.64468002319,0
2025-02-21 19:00:00+00:00,1.64461004734,1.64696002007,1.64420998096,1.64647996426,0
2025-02-21 20:00:00+00:00,1.64653003216,1.64661002159,1.64479005337,1.64526998997,0
2025-02-21 21:00:00+00:00,1.64528000355,1.64607000351,1.64374995232,1.64523005486,0
2025-02-21 22:00:00+00:00,1.64467000961,1.64467000961,1.64467000961,1.64467000961,0
2025-02-24 00:00:00+00:00,1.64445996284,1.64864003658,1.64383995533,1.64862000942,0
2025-02-24 01:00:00+00:00,1.64853000641,1.65135002136,1.64841997623,1.65111005306,0
2025-02-24 02:00:00+00:00,1.65105998516,1.65197002888,1.6467499733,1.64743995667,0
2025-02-24 03:00:00+00:00,1.64741003513,1.64831995964,1.64612996578,1.6478600502,0
2025-02-24 04:00:00+00:00,1.64783000946,1.64836001396,1.64706003666,1.64777994156,0
2025-02-24 05:00:00+00:00,1.64778995514,1.64918005466,1.64710998535,1.64917004108,0
2025-02-24 06:00:00+00:00,1.64912998676,1.64941000938,1.6466499567,1.6473300457,0
2025-02-24 07:00:00+00:00,1.64723002911,1.64815998077,1.64607000351,1.64649999142,0
2025-02-24 08:00:00+00:00,1.64661002159,1.64800000191,1.6448199749,1.6450599432,0
2025-02-24 09:00:00+00:00,1.64523994923,1.64573001862,1.643419981,1.64489996433,0
2025-02-24 10:00:00+00:00,1.64507997036,1.64643001556,1.64426994324,1.64628994465,0
2025-02-24 11:00:00+00:00,1.64635002613,1.64656996727,1.64336001873,1.64423000813,0
2025-02-24 12:00:00+00:00,1.64415001869,1.64493000507,1.64316999912,1.64383995533,0
2025-02-24 13:00:00+00:00,1.64377999306,1.64426004887,1.64286994934,1.6434700489,0
2025-02-24 14:00:00+00:00,1.64354002476,1.64831995964,1.64253997803,1.64801001549,0
2025-02-24 15:00:00+00:00,1.64796996117,1.64933001995,1.64689004421,1.64754998684,0
2025-02-24 16:00:00+00:00,1.64739000797,1.64805996418,1.64584994316,1.64763998985,0
2025-02-24 17:00:00+00:00,1.6475199461,1.64770996571,1.64601004124,1.64692997932,0
2025-02-24 18:00:00+00:00,1.64692997932,1.64762997627,1.64637994766,1.64742004871,0
2025-02-24 19:00:00+00:00,1.64750003815,1.64821994305,1.64695000648,1.64778995514,0
2025-02-24 20:00:00+00:00,1.64778995514,1.6491600275,1.64732003212,1.64889001846,0
2025-02-24 21:00:00+00:00,1.64877998829,1.6492600441,1.64805996418,1.64813005924,0
2025-02-24 22:00:00+00:00,1.64800000191,1.6494499445,1.64639997482,1.64883005619,0
2025-02-24 23:00:00+00:00,1.64900994301,1.65078997612,1.6487300396,1.65052998066,0
2025-02-25 00:00:00+00:00,1.65029001236,1.65076005459,1.64821004868,1.65000998974,0
2025-02-25 01:00:00+00:00,1.64993000031,1.65031003952,1.64883005619,1.64951002598,0
2025-02-25 02:00:00+00:00,1.64942002296,1.65030002594,1.64795005322,1.64850997925,0
2025-02-25 03:00:00+00:00,1.64851999283,1.64879000187,1.64759004116,1.64872002602,0
2025-02-25 04:00:00+00:00,1.64868998528,1.64941000938,1.64777994156,1.64937996864,0
2025-02-25 05:00:00+00:00,1.64928996563,1.64938998222,1.6478099823,1.64853000641,0
2025-02-25 06:00:00+00:00,1.648630023,1.65013003349,1.64792001247,1.64956998825,0
2025-02-25 07:00:00+00:00,1.64976000786,1.65163004398,1.64868998528,1.65112996101,0
2025-02-25 08:00:00+00:00,1.65105998516,1.65220999718,1.6497900486,1.65172994137,0
2025-02-25 09:00:00+00:00,1.65175998211,1.65400004387,1.65117001534,1.65384995937,0
2025-02-25 10:00:00+00:00,1.65390002728,1.65556001663,1.65310001373,1.65541005135,0
2025-02-25 11:00:00+00:00,1.65534996986,1.65550005436,1.65252995491,1.65310001373,0
2025-02-25 12:00:00+00:00,1.65301001072,1.65535998344,1.65283000469,1.65427005291,0
2025-02-25 13:00:00+00:00,1.65421998501,1.65530002117,1.65320003033,1.6546100378,0
2025-02-25 14:00:00+00:00,1.65448999405,1.65728998184,1.65377998352,1.65713000298,0
2025-02-25 15:00:00+00:00,1.65699994564,1.66199994087,1.65690004826,1.65752005577,0
2025-02-25 16:00:00+00:00,1.65752995014,1.65945994854,1.65684998035,1.65768003464,0
2025-02-25 17:00:00+00:00,1.6577899456,1.65874004364,1.65673005581,1.65779995918,0
2025-02-25 18:00:00+00:00,1.65782999992,1.65803003311,1.65659999847,1.6571700573,0
2025-02-25 19:00:00+00:00,1.65717995167,1.65761995316,1.65630996227,1.65714001656,0
2025-02-25 20:00:00+00:00,1.65713000298,1.65810000896,1.65634000301,1.65796995163,0
2025-02-25 21:00:00+00:00,1.65785002708,1.65802001953,1.65611994267,1.65655994415,0
2025-02-25 22:00:00+00:00,1.65568995476,1.65778005123,1.65512001514,1.65570998192,0
2025-02-25 23:00:00+00:00,1.65570998192,1.65703999996,1.65551996231,1.65622997284,0
2025-02-26 00:00:00+00:00,1.65631997585,1.65907001495,1.65573000908,1.65886998177,0
2025-02-26 01:00:00+00:00,1.65883004665,1.66122996807,1.65838003159,1.65902996063,0
2025-02-26 02:00:00+00:00,1.65901994705,1.66135001183,1.65803003311,1.65948998928,0
2025-02-26 03:00:00+00:00,1.65948998928,1.66036999226,1.6584700346,1.66021001339,0
2025-02-26 04:00:00+00:00,1.66021001339,1.66070997715,1.65842998028,1.65906000137,0
2025-02-26 05:00:00+00:00,1.65904998779,1.65994000435,1.65816998482,1.65910005569,0
2025-02-26 06:00:00+00:00,1.65902996063,1.65954995155,1.6567800045,1.6578400135,0
2025-02-26 07:00:00+00:00,1.65785002708,1.65912997723,1.65638005733,1.65856003761,0
2025-02-26 08:00:00+00:00,1.6584700346,1.65966999531,1.65771996975,1.65902996063,0
2025-02-26 09:00:00+00:00,1.65893995762,1.66004002094,1.65825998783,1.65981996059,0
2025-02-26 10:00:00+00:00,1.65983998775,1.6616499424,1.65891003609,1.66156005859,0
2025-02-26 11:00:00+00:00,1.66155004501,1.66261994839,1.66050004959,1.66156005859,0
2025-02-26 12:00:00+00:00,1.66150999069,1.66210997105,1.66041994095,1.66109001637,0
2025-02-26 13:00:00+00:00,1.66109001637,1.66275000572,1.66074001789,1.66269004345,0
2025-02-26 14:00:00+00:00,1.66258001328,1.66501998901,1.66226994991,1.66330003738,0
2025-02-26 15:00:00+00:00,1.66330003738,1.66342997551,1.6610699892,1.66326999664,0
2025-02-26 16:00:00+00:00,1.6632399559,1.66341996193,1.66173005104,1.66303002834,0
2025-02-26 17:00:00+00:00,1.66302001476,1.66369998455,1.65928995609,1.66118001938,0
2025-02-26 18:00:00+00:00,1.66118001938,1.6632900238,1.66045999527,1.66280996799,0
2025-02-26 19:00:00+00:00,1.66287004948,1.66355001926,1.66165995598,1.66301000118,0
2025-02-26 20:00:00+00:00,1.66302001476,1.66453003883,1.66250002384,1.66428005695,0
2025-02-26 21:00:00+00:00,1.66417002678,1.6646399498,1.66222000122,1.66259002686,0
2025-02-26 22:00:00+00:00,1.66259002686,1.66351997852,1.6597700119,1.66232001781,0
2025-02-26 23:00:00+00:00,1.66235995293,1.6630500555,1.66094994545,1.66201996803,0
2025-02-27 00:00:00+00:00,1.66219997406,1.66314995289,1.66173994541,1.66280996799,0
2025-02-27 01:00:00+00:00,1.6627600193,1.66320002079,1.66038000584,1.66135001183,0
2025-02-27 02:00:00+00:00,1.66136002541,1.66212999821,1.65961003304,1.66155004501,0
2025-02-27 03:00:00+00:00,1.66155004501,1.66338002682,1.66052997112,1.66304004192,0
2025-02-27 04:00:00+00:00,1.6630500555,1.66430997849,1.66260004044,1.6639200449,0
2025-02-27 05:00:00+00:00,1.6637699604,1.6644500494,1.66258001328,1.66314995289,0
2025-02-27 06:00:00+00:00,1.66322994232,1.66365003586,1.66214001179,1.66313004494,0
2025-02-27 07:00:00+00:00,1.6630500555,1.6639200449,1.6619399786,1.66326999664,0
2025-02-27 08:00:00+00:00,1.66317999363,1.66367995739,1.66158998013,1.6632399559,0
2025-02-27 09:00:00+00:00,1.66314995289,1.66395998001,1.66261994839,1.66341996193,0
2025-02-27 10:00:00+00:00,1.66342997551,1.66400003433,1.66242003441,1.66373002529,0
2025-02-27 11:00:00+00:00,1.66381001472,1.66418004036,1.66252994537,1.6629999876,0
2025-02-27 12:00:00+00:00,1.66291999817,1.66428005695,1.66249001026,1.66424000263,0
2025-02-27 13:00:00+00:00,1.66420996189,1.66620004177,1.66260004044,1.66311001778,0
2025-02-27 14:00:00+00:00,1.66308999062,1.66648995876,1.66264998913,1.66612994671,0
2025-02-27 15:00:00+00:00,1.66610002518,1.66724002361,1.66348004341,1.66479003429,0
2025-02-27 16:00:00+00:00,1.66486001015,1.66536998749,1.66349005699,1.66497004032,0
2025-02-27 17:00:00+00:00,1.66496002674,1.66618001461,1.66401994228,1.66603004932,0
2025-02-27 18:00:00+00:00,1.66596996784,1.66630005836,1.66489994526,1.66563999653,0
2025-02-27 19:00:00+00:00,1.66565001011,1.66732001305,1.66480994225,1.66653001308,0
2025-02-27 20:00:00+00:00,1.66650998592,1.6684499979,1.66631996632,1.6683100462,0
2025-02-27 21:00:00+00:00,1.66814005375,1.66870999336,1.66686999798,1.66702997684,0
2025-02-27 22:00:00+00:00,1.66673994064,1.66809999943,1.66528999805,1.66785001755,0
2025-02-27 23:00:00+00:00,1.6676299572,1.66822004318,1.66663002968,1.66789996624,0
2025-02-28 00:00:00+00:00,1.66790997982,1.66954994202,1.66705000401,1.66909003258,0
2025-02-28 01:00:00+00:00,1.66910004616,1.66972994804,1.66710996628,1.66918003559,0
2025-02-28 02:00:00+00:00,1.669080019,1.67121994495,1.66867005825,1.67071998119,0
2025-02-28 03:00:00+00:00,1.67072999477,1.67256999016,1.67046999931,1.67228996754,0
2025-02-28 04:00:00+00:00,1.6722099781,1.67267000675,1.67118000984,1.67166996002,0
2025-02-28 05:00:00+00:00,1.67166996002,1.67214000225,1.67068004608,1.67175996304,0
2025-02-28 06:00:00+00:00,1.67172002792,1.67227005959,1.67044997215,1.67224001884,0
2025-02-28 07:00:00+00:00,1.67208003998,1.67365002632,1.67148995399,1.67329001427,0
2025-02-28 08:00:00+00:00,1.67318999767,1.67394995689,1.67223000526,1.67305004597,0
2025-02-28 09:00:00+00:00,1.67312002182,1.67395997047,1.67211997509,1.67270004749,0
2025-02-28 10:00:00+00:00,1.67270994186,1.67381000519,1.67174994946,1.67355000973,0
2025-02-28 11:00:00+00:00,1.67353999615,1.67385005951,1.67181003094,1.67221999168,0
2025-02-28 12:00:00+00:00,1.67218995094,1.67434000969,1.67142999172,1.67391002178,0
2025-02-28 13:00:00+00:00,1.67391002178,1.67525994778,1.67347002029,1.67499005795,0
2025-02-28 14:00:00+00:00,1.67490005493,1.67700004578,1.67427003384,1.67625999451,0
2025-02-28 15:00:00+00:00,1.67629003525,1.67734003067,1.67194998264,1.67241001129,0
2025-02-28 16:00:00+00:00,1.67229998112,1.67595994473,1.67203998566,1.67490005493,0
2025-02-28 17:00:00+00:00,1.67489004135,1.67593002319,1.67368996143,1.67525005341,0
2025-02-28 18:00:00+00:00,1.67516005039,1.6758300066,1.67214000225,1.67263996601,0
2025-02-28 19:00:00+00:00,1.67276000977,1.67335999012,1.67176997662,1.67264997959,0
2025-02-28 20:00:00+00:00,1.6727399826,1.67288005352,1.6707700491,1.67156994343,0
2025-02-28 21:00:00+00:00,1.67156004906,1.67214000225,1.66957998276,1.67042005062,0
2025-02-28 22:00:00+00:00,1.67056000233,1.67056000233,1.67056000233,1.67056000233,0
2025-03-03 00:00:00+00:00,1.67384004593,1.67481005192,1.67267000675,1.67375004292,0
2025-03-03 01:00:00+00:00,1.67374002934,1.67385995388,1.67227995396,1.67325997353,0
2025-03-03 02:00:00+00:00,1.67320001125,1.67532002926,1.67224001884,1.67507994175,0
2025-03-03 03:00:00+00:00,1.67505002022,1.67648005486,1.67463004589,1.67522001266,0
2025-03-03 04:00:00+00:00,1.67531001568,1.67539000511,1.67382001877,1.67492997646,0
2025-03-03 05:00:00+00:00,1.67489004135,1.67546999454,1.67408001423,1.6749600172,0
2025-03-03 06:00:00+00:00,1.67497003078,1.67680001259,1.67403995991,1.67455005646,0
2025-03-03 07:00:00+00:00,1.67440998554,1.6745300293,1.67244005203,1.673609972,0
2025-03-03 08:00:00+00:00,1.67358994484,1.67378997803,1.67147004604,1.67270994186,0
2025-03-03 09:00:00+00:00,1.67274999619,1.67527997494,1.67235004902,1.67525005341,0
2025-03-03 10:00:00+00:00,1.67525005341,1.67821002007,1.67509996891,1.67797994614,0
2025-03-03 11:00:00+00:00,1.67803001404,1.6802200079,1.6774200201,1.67964994907,0
2025-03-03 12:00:00+00:00,1.67975997925,1.68203997612,1.67896997929,1.68131995201,0
2025-03-03 13:00:00+00:00,1.68131995201,1.68147003651,1.67897999287,1.6799800396,0
2025-03-03 14:00:00+00:00,1.68001997471,1.68026995659,1.67754995823,1.67910003662,0
2025-03-03 15:00:00+00:00,1.67897999287,1.68105995655,1.67861998081,1.67984998226,0
2025-03-03 16:00:00+00:00,1.67996001244,1.68154001236,1.67953002453,1.68008995056,0
2025-03-03 17:00:00+00:00,1.67999005318,1.68008005619,1.67791998386,1.67894005775,0
2025-03-03 18:00:00+00:00,1.67896997929,1.68235003948,1.67865002155,1.68169999123,0
2025-03-03 19:00:00+00:00,1.68168997765,1.68392002583,1.68078005314,1.68314003944,0
2025-03-03 20:00:00+00:00,1.68303000927,1.68799996376,1.68298995495,1.68502998352,0
2025-03-03 21:00:00+00:00,1.68507003784,1.68528997898,1.6839799881,1.6839799881,0
2025-03-03 22:00:00+00:00,1.68404996395,1.68579995632,1.68308997154,1.68576002121,0
2025-03-03 23:00:00+00:00,1.68577003479,1.68731999397,1.68498003483,1.6867300272,0
2025-03-04 00:00:00+00:00,1.68677997589,1.68848001957,1.68576002121,1.6871099472,0
2025-03-04 01:00:00+00:00,1.68709003925,1.68953001499,1.6867300272,1.68886995316,0
2025-03-04 02:00:00+00:00,1.6887999773,1.69108998775,1.68771004677,1.69000995159,0
2025-03-04 03:00:00+00:00,1.69008994102,1.69087994099,1.68768000603,1.68980002403,0
2025-03-04 04:00:00+00:00,1.68975996971,1.69170999527,1.68945002556,1.69126999378,0
2025-03-04 05:00:00+00:00,1.69130003452,1.6929500103,1.68965005875,1.69032001495,0
2025-03-04 06:00:00+00:00,1.69034004211,1.69061005116,1.6878900528,1.6883200407,0
2025-03-04 07:00:00+00:00,1.68828999996,1.69097995758,1.68795001507,1.69077003002,0
2025-03-04 08:00:00+00:00,1.69077003002,1.69550001621,1.69050002098,1.69377994537,0
2025-03-04 09:00:00+00:00,1.69384002686,1.69384002686,1.68867003918,1.68944001198,0
2025-03-04 10:00:00+00:00,1.68954002857,1.69036996365,1.68833005428,1.68886005878,0
2025-03-04 11:00:00+00:00,1.68894004822,1.69094002247,1.68847000599,1.69065999985,0
2025-03-04 12:00:00+00:00,1.69052994251,1.69177997112,1.68888998032,1.69169998169,0
2025-03-04 13:00:00+00:00,1.69164001942,1.69403994083,1.69071996212,1.69282996655,0
2025-03-04 14:00:00+00:00,1.69277000427,1.69553995132,1.69091999531,1.69539999962,0
2025-03-04 15:00:00+00:00,1.69550001621,1.69634997845,1.6924200058,1.69587004185,0
2025-03-04 16:00:00+00:00,1.6958899498,1.69791996479,1.69500005245,1.69615995884,0
2025-03-04 17:00:00+00:00,1.69613003731,1.69644999504,1.69421994686,1.69591999054,0
2025-03-04 18:00:00+00:00,1.69595003128,1.70018005371,1.69493997097,1.70004999638,0
2025-03-04 19:00:00+00:00,1.69991004467,1.70020997524,1.69644999504,1.69705998898,0
2025-03-04 20:00:00+00:00,1.69713997841,1.69798004627,1.69543004036,1.69722998142,0
2025-03-04 21:00:00+00:00,1.69737005234,1.69801998138,1.6931899786,1.69358003139,0
2025-03-04 22:00:00+00:00,1.69327998161,1.69597995281,1.69291996956,1.69366002083,0
2025-03-04 23:00:00+00:00,1.69369995594,1.69536995888,1.69286000729,1.69494998455,0
2025-03-05 00:00:00+00:00,1.6947799921,1.69758999348,1.69368994236,1.69746005535,0
2025-03-05 01:00:00+00:00,1.69751000404,1.69789004326,1.69468998909,1.69774997234,0
2025-03-05 02:00:00+00:00,1.69773995876,1.6998000145,1.69677996635,1.69979000092,0
2025-03-05 03:00:00+00:00,1.6998000145,1.70078003407,1.69804000854,1.69866001606,0
2025-03-05 04:00:00+00:00,1.69866001606,1.69967997074,1.69736003876,1.69931995869,0
2025-03-05 05:00:00+00:00,1.69934999943,1.70026004314,1.69824004173,1.69965994358,0
2025-03-05 06:00:00+00:00,1.69965994358,1.70073997974,1.69658994675,1.6975799799,0
2025-03-05 07:00:00+00:00,1.69751000404,1.70175004005,1.6957000494,1.70165002346,0
2025-03-05 08:00:00+00:00,1.70176005363,1.7038500309,1.70002996922,1.70237004757,0
2025-03-05 09:00:00+00:00,1.70229995251,1.70517003536,1.70146000385,1.70443999767,0
2025-03-05 10:00:00+00:00,1.70450997353,1.70510995388,1.70123004913,1.70229995251,0
2025-03-05 11:00:00+00:00,1.70237004757,1.70256996155,1.69974994659,1.70059001446,0
2025-03-05 12:00:00+00:00,1.70053005219,1.70467996597,1.69971001148,1.70364999771,0
2025-03-05 13:00:00+00:00,1.70367002487,1.70556998253,1.70205998421,1.70229005814,0
2025-03-05 14:00:00+00:00,1.70230996609,1.70685994625,1.70195996761,1.70454001427,0
2025-03-05 15:00:00+00:00,1.70448005199,1.70776998997,1.70240998268,1.70703995228,0
2025-03-05 16:00:00+00:00,1.70703005791,1.70934998989,1.7054899931,1.70632004738,0
2025-03-05 17:00:00+00:00,1.70624995232,1.70826995373,1.70473003387,1.7053899765,0
2025-03-05 18:00:00+00:00,1.70539999008,1.70555996895,1.70300996304,1.70344996452,0
2025-03-05 19:00:00+00:00,1.70344996452,1.70360994339,1.70117998123,1.70211994648,0
2025-03-05 20:00:00+00:00,1.70212996006,1.70350003242,1.70131003857,1.70212996006,0
2025-03-05 21:00:00+00:00,1.7021600008,1.70305001736,1.70176005363,1.70264995098,0
2025-03-05 22:00:00+00:00,1.7021600008,1.70420002937,1.70123004913,1.70375001431,0
2025-03-05 23:00:00+00:00,1.70375001431,1.70397996902,1.70211994648,1.70315003395,0
2025-03-06 00:00:00+00:00,1.70315003395,1.70580995083,1.7029800415,1.70513999462,0
2025-03-06 01:00:00+00:00,1.7051500082,1.70532000065,1.70235002041,1.70278000832,0
2025-03-06 02:00:00+00:00,1.70266997814,1.70412003994,1.70122003555,1.70313000679,0
2025-03-06 03:00:00+00:00,1.7031699419,1.70406997204,1.70104002953,1.70200002193,0
2025-03-06 04:00:00+00:00,1.70193004608,1.70289003849,1.70113003254,1.70208001137,0
2025-03-06 05:00:00+00:00,1.7020200491,1.70579004288,1.70199000835,1.70570003986,0
2025-03-06 06:00:00+00:00,1.70557999611,1.70579004288,1.70323002338,1.70369005203,0
2025-03-06 07:00:00+00:00,1.70369005203,1.70662999153,1.70261001587,1.70536994934,0
2025-03-06 08:00:00+00:00,1.70529997349,1.70643997192,1.70309996605,1.70473003387,0
2025-03-06 09:00:00+00:00,1.70482003689,1.70633995533,1.70300996304,1.70522999763,0
2025-03-06 10:00:00+00:00,1.70511996746,1.70617997646,1.70324003696,1.70533001423,0
2025-03-06 11:00:00+00:00,1.7052500248,1.70671999454,1.70412003994,1.7046200037,0
2025-03-06 12:00:00+00:00,1.70472002029,1.70598995686,1.7032699585,1.70517003536,0
2025-03-06 13:00:00+00:00,1.70526003838,1.7106000185,1.70206999779,1.70952999592,0
2025-03-06 14:00:00+00:00,1.70957994461,1.71082997322,1.70712995529,1.70964002609,0
2025-03-06 15:00:00+00:00,1.70964002609,1.70989000797,1.70273995399,1.70316004753,0
2025-03-06 16:00:00+00:00,1.70317995548,1.70447003841,1.70220005512,1.70437002182,0
2025-03-06 17:00:00+00:00,1.70428001881,1.70490002632,1.70213997364,1.70310997963,0
2025-03-06 18:00:00+00:00,1.70311999321,1.7032200098,1.69915997982,1.70161998272,0
2025-03-06 19:00:00+00:00,1.70149004459,1.70527994633,1.70138001442,1.70477998257,0
2025-03-06 20:00:00+00:00,1.70476996899,1.70504999161,1.70276999474,1.70371997356,0
2025-03-06 21:00:00+00:00,1.70370995998,1.70412003994,1.70182001591,1.70274996758,0
2025-03-06 22:00:00+00:00,1.70227003098,1.70440995693,1.70121002197,1.7035599947,0
2025-03-06 23:00:00+00:00,1.7036999464,1.70414996147,1.70247995853,1.70362997055,0
2025-03-07 00:00:00+00:00,1.70362997055,1.70579004288,1.70267999172,1.70508003235,0
2025-03-07 01:00:00+00:00,1.7050100565,1.70834994316,1.70451998711,1.70729994774,0
2025-03-07 02:00:00+00:00,1.70729994774,1.71021997929,1.70718002319,1.710070014,0
2025-03-07 03:00:00+00:00,1.71019005775,1.71510994434,1.71003997326,1.71441996098,0
2025-03-07 04:00:00+00:00,1.71434998512,1.71482002735,1.71333003044,1.71468997002,0
2025-03-07 05:00:00+00:00,1.71460998058,1.71635997295,1.71370005608,1.71589994431,0
2025-03-07 06:00:00+00:00,1.71587002277,1.71828997135,1.71490001678,1.71696996689,0
2025-03-07 07:00:00+00:00,1.71695995331,1.71772003174,1.71528995037,1.71638000011,0
2025-03-07 08:00:00+00:00,1.71639001369,1.71836996078,1.71578001976,1.71773004532,0
2025-03-07 09:00:00+00:00,1.71772003174,1.72099995613,1.71633994579,1.72031998634,0
2025-03-07 10:00:00+00:00,1.72027003765,1.72302997112,1.72012996674,1.72143995762,0
2025-03-07 11:00:00+00:00,1.72149002552,1.72388005257,1.71949994564,1.72326004505,0
2025-03-07 12:00:00+00:00,1.72327005863,1.72552001476,1.7214499712,1.72509002686,0
2025-03-07 13:00:00+00:00,1.72518002987,1.72643005848,1.72183001041,1.72529995441,0
2025-03-07 14:00:00+00:00,1.72525000572,1.72699999809,1.72063004971,1.72114002705,0
2025-03-07 15:00:00+00:00,1.72115004063,1.72368001938,1.71796000004,1.72169995308,0
2025-03-07 16:00:00+00:00,1.72171998024,1.72427999973,1.72008001804,1.72389996052,0
2025-03-07 17:00:00+00:00,1.72377002239,1.72540998459,1.72020995617,1.72298002243,0
2025-03-07 18:00:00+00:00,1.72288000584,1.72310996056,1.71998000145,1.72054004669,0
2025-03-07 19:00:00+00:00,1.72054004669,1.72065997124,1.71767997742,1.71861994267,0
2025-03-07 20:00:00+00:00,1.71861004829,1.71926999092,1.71757996082,1.71890997887,0
2025-03-07 21:00:00+00:00,1.7189899683,1.7193800211,1.71640002728,1.71684002876,0
2025-03-07 22:00:00+00:00,1.71704995632,1.71750998497,1.71704995632,1.71750998497,0
2025-03-10 00:00:00+00:00,1.72294998169,1.7233799696,1.71984994411,1.72133004665,0
2025-03-10 01:00:00+00:00,1.72133994102,1.72169005871,1.71742999554,1.71797001362,0
2025-03-10 02:00:00+00:00,1.71800994873,1.71850001812,1.71656000614,1.71783995628,0
2025-03-10 03:00:00+00:00,1.71791005135,1.71940004826,1.71685004234,1.71782004833,0
2025-03-10 04:00:00+00:00,1.71767997742,1.71814000607,1.71647000313,1.71724998951,0
2025-03-10 05:00:00+00:00,1.71730995178,1.71750998497,1.71458995342,1.71528995037,0
2025-03-10 06:00:00+00:00,1.71535003185,1.71592998505,1.714220047,1.7148900032,0
2025-03-10 07:00:00+00:00,1.71487998962,1.71542000771,1.71029996872,1.7117600441,0
2025-03-10 08:00:00+00:00,1.7116600275,1.71288001537,1.71068000793,1.71230995655,0
2025-03-10 09:00:00+00:00,1.71238994598,1.7157599926,1.71182000637,1.71521997452,0
2025-03-10 10:00:00+00:00,1.71516001225,1.71873998642,1.71452999115,1.71780002117,0
2025-03-10 11:00:00+00:00,1.7177400589,1.7178299427,1.71178996563,1.71557998657,0
2025-03-10 12:00:00+00:00,1.71556997299,1.71679997444,1.71380996704,1.71421003342,0
2025-03-10 13:00:00+00:00,1.714220047,1.71601998806,1.71320998669,1.71510004997,0
2025-03-10 14:00:00+00:00,1.71509003639,1.71949005127,1.7146999836,1.7191400528,0
2025-03-10 15:00:00+00:00,1.71915996075,1.71915996075,1.71545004845,1.71834003925,0
2025-03-10 16:00:00+00:00,1.71826004982,1.71958994865,1.7175899744,1.71903002262,0
2025-03-10 17:00:00+00:00,1.7190400362,1.72279000282,1.71840000153,1.72257995605,0
2025-03-10 18:00:00+00:00,1.72265994549,1.72754001617,1.722219944,1.72723996639,0
2025-03-10 19:00:00+00:00,1.72739994526,1.72740995884,1.72230994701,1.72413003445,0
2025-03-10 20:00:00+00:00,1.72406995296,1.72585999966,1.72295999527,1.7244900465,0
2025-03-10 21:00:00+00:00,1.72469997406,1.72581005096,1.72364997864,1.72504997253,0
2025-03-10 22:00:00+00:00,1.72511005402,1.72743999958,1.72465002537,1.72741997242,0
2025-03-10 23:00:00+00:00,1.72741997242,1.72879004478,1.72571003437,1.72599995136,0
2025-03-11 00:00:00+00:00,1.72580003738,1.72930002213,1.72520005703,1.72865998745,0
2025-03-11 01:00:00+00:00,1.72868001461,1.73286998272,1.72847998142,1.73069000244,0
2025-03-11 02:00:00+00:00,1.73070001602,1.73088002205,1.72651994228,1.72891998291,0
2025-03-11 03:00:00+00:00,1.72891998291,1.73085999489,1.7274800539,1.72995996475,0
2025-03-11 04:00:00+00:00,1.72995996475,1.73064005375,1.72854995728,1.72908997536,0
2025-03-11 05:00:00+00:00,1.72903001308,1.73120999336,1.72834002972,1.72921001911,0
2025-03-11 06:00:00+00:00,1.72914004326,1.73266994953,1.72913002968,1.73176002502,0
2025-03-11 07:00:00+00:00,1.73183000088,1.73408997059,1.7310500145,1.73275005817,0
2025-03-11 08:00:00+00:00,1.73266005516,1.73559999466,1.73178005219,1.73539996147,0
2025-03-11 09:00:00+00:00,1.73529005051,1.73543000221,1.73240995407,1.73379004002,0
2025-03-11 10:00:00+00:00,1.7339400053,1.7339400053,1.73143005371,1.73294997215,0
2025-03-11 11:00:00+00:00,1.73294997215,1.73509001732,1.73188996315,1.73353004456,0
2025-03-11 12:00:00+00:00,1.73355996609,1.73561000824,1.73189997673,1.73544001579,0
2025-03-11 13:00:00+00:00,1.73541998863,1.73705995083,1.73397994041,1.73458003998,0
2025-03-11 14:00:00+00:00,1.73459005356,1.74169003963,1.73350000381,1.7415599823,0
2025-03-11 15:00:00+00:00,1.74162995815,1.74189996719,1.73619997501,1.73875999451,0
2025-03-11 16:00:00+00:00,1.73877000809,1.73907005787,1.73681998253,1.73859000206,0
2025-03-11 17:00:00+00:00,1.73851001263,1.74091994762,1.73802995682,1.73917996883,0
2025-03-11 18:00:00+00:00,1.73924005032,1.7396800518,1.73238003254,1.73301005363,0
2025-03-11 19:00:00+00:00,1.7331700325,1.73425996304,1.73196995258,1.73368000984,0
2025-03-11 20:00:00+00:00,1.73373997211,1.73413002491,1.73262000084,1.73335003853,0
2025-03-11 21:00:00+00:00,1.73266994953,1.73545002937,1.73186004162,1.73293995857,0
2025-03-11 22:00:00+00:00,1.73308002949,1.7340400219,1.73228001595,1.73283004761,0
2025-03-11 23:00:00+00:00,1.73283004761,1.73415005207,1.73225998878,1.73339998722,0
2025-03-12 00:00:00+00:00,1.73366999626,1.7349499464,1.73278999329,1.73328995705,0
2025-03-12 01:00:00+00:00,1.73325002193,1.7342799902,1.73249995708,1.73343002796,0
2025-03-12 02:00:00+00:00,1.73343002796,1.7341799736,1.73212003708,1.73373997211,0
2025-03-12 03:00:00+00:00,1.73387002945,1.73429000378,1.73233997822,1.73413002491,0
2025-03-12 04:00:00+00:00,1.73401999474,1.73443996906,1.73256003857,1.73290002346,0
2025-03-12 05:00:00+00:00,1.73292005062,1.73345994949,1.73180997372,1.73263001442,0
2025-03-12 06:00:00+00:00,1.73260998726,1.73508000374,1.7323499918,1.73464000225,0
2025-03-12 07:00:00+00:00,1.73462998867,1.73512995243,1.7322499752,1.73362994194,0
2025-03-12 08:00:00+00:00,1.733700037,1.73500001431,1.73220002651,1.73392999172,0
2025-03-12 09:00:00+00:00,1.73382997513,1.73655998707,1.73275005817,1.73550999165,0
2025-03-12 10:00:00+00:00,1.73553001881,1.73661005497,1.73342001438,1.73420000076,0
2025-03-12 11:00:00+00:00,1.73429000378,1.73479998112,1.73245000839,1.73400998116,0
2025-03-12 12:00:00+00:00,1.73391997814,1.73540997505,1.72797000408,1.73079001904,0
2025-03-12 13:00:00+00:00,1.73070001602,1.7310500145,1.72818005085,1.73038005829,0
2025-03-12 14:00:00+00:00,1.73030996323,1.73453998566,1.72918999195,1.73372995853,0
2025-03-12 15:00:00+00:00,1.73362004757,1.7341799736,1.73096001148,1.73246002197,0
2025-03-12 16:00:00+00:00,1.73247003555,1.73254001141,1.72794997692,1.72855997086,0
2025-03-12 17:00:00+00:00,1.72855997086,1.72889995575,1.72625994682,1.7287800312,0
2025-03-12 18:00:00+00:00,1.72877001762,1.72888994217,1.72251999378,1.72350001335,0
2025-03-12 19:00:00+00:00,1.72352004051,1.7246799469,1.72291004658,1.7239099741,0
2025-03-12 20:00:00+00:00,1.72398996353,1.72429001331,1.72153997421,1.72240996361,0
2025-03-12 21:00:00+00:00,1.72240996361,1.7242000103,1.72135996819,1.72223997116,0
2025-03-12 22:00:00+00:00,1.72265994549,1.72281002998,1.72107994556,1.72184002399,0
2025-03-12 23:00:00+00:00,1.7217400074,1.72183001041,1.72002995014,1.72008001804,0
2025-03-13 00:00:00+00:00,1.71992003918,1.72143995762,1.71849000454,1.72134995461,0
2025-03-13 01:00:00+00:00,1.72130000591,1.72267997265,1.72037994862,1.72219002247,0
2025-03-13 02:00:00+00:00,1.72212004662,1.72338998318,1.72137999535,1.72299003601,0
2025-03-13 03:00:00+00:00,1.72291004658,1.72383999825,1.72161996365,1.72368001938,0
2025-03-13 04:00:00+00:00,1.72377002239,1.72633004189,1.72300004959,1.72619998455,0
2025-03-13 05:00:00+00:00,1.7262699604,1.72704005241,1.72465002537,1.72607004642,0
2025-03-13 06:00:00+00:00,1.72606003284,1.72838997841,1.72591996193,1.72667002678,0
2025-03-13 07:00:00+00:00,1.72668004036,1.72800004482,1.72546994686,1.72599005699,0
2025-03-13 08:00:00+00:00,1.72585999966,1.72897994518,1.72537994385,1.72827005386,0
2025-03-13 09:00:00+00:00,1.72837996483,1.73038995266,1.72753000259,1.72947001457,0
2025-03-13 10:00:00+00:00,1.72942996025,1.73011994362,1.72750997543,1.72830998898,0
2025-03-13 11:00:00+00:00,1.72832000256,1.72967994213,1.72555994987,1.72671997547,0
2025-03-13 12:00:00+00:00,1.72671997547,1.7281999588,1.7242000103,1.72630000114,0
2025-03-13 13:00:00+00:00,1.72630000114,1.72894001007,1.7252600193,1.72762000561,0
2025-03-13 14:00:00+00:00,1.72759997845,1.72906005383,1.72512996197,1.72606003284,0
2025-03-13 15:00:00+00:00,1.72607004642,1.72765994072,1.7246799469,1.72690999508,0
2025-03-13 16:00:00+00:00,1.72690999508,1.72885000706,1.72564995289,1.72839999199,0
2025-03-13 17:00:00+00:00,1.72850000858,1.73070001602,1.72781002522,1.72934997082,0
2025-03-13 18:00:00+00:00,1.72933995724,1.72938001156,1.7258900404,1.72644996643,0
2025-03-13 19:00:00+00:00,1.72651994228,1.72695994377,1.72557997704,1.72634994984,0
2025-03-13 20:00:00+00:00,1.72635996342,1.72747004032,1.72543001175,1.72595000267,0
2025-03-13 21:00:00+00:00,1.72552001476,1.72776997089,1.72440004349,1.72658002377,0
2025-03-13 22:00:00+00:00,1.72681999207,1.72731995583,1.72551000118,1.72650003433,0
2025-03-13 23:00:00+00:00,1.72643995285,1.72671997547,1.72513997555,1.72653996944,0
2025-03-14 00:00:00+00:00,1.72680997849,1.72818005085,1.72558999062,1.72611999512,0
2025-03-14 01:00:00+00:00,1.72624003887,1.72627997398,1.72292995453,1.72402000427,0
2025-03-14 02:00:00+00:00,1.72397005558,1.72540998459,1.72328996658,1.72486996651,0
2025-03-14 03:00:00+00:00,1.72486996651,1.72490000725,1.72285997868,1.72369003296,0
2025-03-14 04:00:00+00:00,1.72368001938,1.72444999218,1.72172999382,1.72247004509,0
2025-03-14 05:00:00+00:00,1.72233998775,1.72414004803,1.72195005417,1.72365999222,0
2025-03-14 06:00:00+00:00,1.72362005711,1.72368001938,1.71993005276,1.72141003609,0
2025-03-14 07:00:00+00:00,1.72125995159,1.72198998928,1.71779000759,1.71942996979,0
2025-03-14 08:00:00+00:00,1.71926999092,1.72136998177,1.7191400528,1.71990001202,0
2025-03-14 09:00:00+00:00,1.71986997128,1.72268998623,1.7196700573,1.72195005417,0
2025-03-14 10:00:00+00:00,1.72204995155,1.72978997231,1.72186994553,1.72821998596,0
2025-03-14 11:00:00+00:00,1.72811996937,1.72909998894,1.72697997093,1.7280100584,0
2025-03-14 12:00:00+00:00,1.72790002823,1.728489995,1.72264003754,1.72353005409,0
2025-03-14 13:00:00+00:00,1.7234300375,1.72485005856,1.71993994713,1.72019994259,0
2025-03-14 14:00:00+00:00,1.7205799818,1.7231400013,1.71950995922,1.72056996822,0
2025-03-14 15:00:00+00:00,1.72056996822,1.72157001495,1.71907997131,1.72088003159,0
2025-03-14 16:00:00+00:00,1.72087001801,1.72266995907,1.72028005123,1.72086000443,0
2025-03-14 17:00:00+00:00,1.72078001499,1.72163999081,1.71952998638,1.72125995159,0
2025-03-14 18:00:00+00:00,1.7212100029,1.72154998779,1.71931004524,1.72046995163,0
2025-03-14 19:00:00+00:00,1.7204400301,1.72119998932,1.71958994865,1.72025001049,0
2025-03-14 20:00:00+00:00,1.72023999691,1.72071003914,1.71827995777,1.71894001961,0
2025-03-14 21:00:00+00:00,1.7198599577,1.7198599577,1.7198599577,1.7198599577,0
2025-03-17 00:00:00+00:00,1.719810009,1.72049999237,1.71791994572,1.71885001659,0
2025-03-17 01:00:00+00:00,1.71872997284,1.71893000603,1.71703994274,1.71833002567,0
2025-03-17 02:00:00+00:00,1.71835005283,1.71896994114,1.71772003174,1.71856999397,0
2025-03-17 03:00:00+00:00,1.71870005131,1.72048997879,1.71835005283,1.71973001957,0
2025-03-17 04:00:00+00:00,1.71974003315,1.72082996368,1.71900999546,1.72021996975,0
2025-03-17 05:00:00+00:00,1.72017002106,1.7206799984,1.71814000607,1.71875,0
2025-03-17 06:00:00+00:00,1.71870005131,1.72002995014,1.71730995178,1.71806001663,0
2025-03-17 07:00:00+00:00,1.71800994873,1.71819996834,1.71537995338,1.71590995789,0
2025-03-17 08:00:00+00:00,1.71591997147,1.71733999252,1.71496999264,1.71644997597,0
2025-03-17 09:00:00+00:00,1.7165299654,1.71766996384,1.71449005604,1.71726000309,0
2025-03-17 10:00:00+00:00,1.71721994877,1.71805000305,1.71580994129,1.71800005436,0
2025-03-17 11:00:00+00:00,1.71803998947,1.71838998795,1.71569001675,1.71666002274,0
2025-03-17 12:00:00+00:00,1.71653997898,1.7178800106,1.71580004692,1.717689991,0
2025-03-17 13:00:00+00:00,1.71757996082,1.71770000458,1.71379995346,1.71548998356,0
2025-03-17 14:00:00+00:00,1.71556997299,1.71656000614,1.71420001984,1.71584999561,0
2025-03-17 15:00:00+00:00,1.71569001675,1.71598005295,1.71281003952,1.71361994743,0
2025-03-17 16:00:00+00:00,1.71354997158,1.71368002892,1.71131002903,1.71174001694,0
2025-03-17 17:00:00+00:00,1.71174001694,1.71196997166,1.70835995674,1.70923995972,0
2025-03-17 18:00:00+00:00,1.70912003517,1.71000003815,1.70819997787,1.7094399929,0
2025-03-17 19:00:00+00:00,1.7095400095,1.71018004417,1.70882999897,1.70995998383,0
2025-03-17 20:00:00+00:00,1.70993995667,1.7116600275,1.70940005779,1.71031999588,0
2025-03-17 21:00:00+00:00,1.70985996723,1.71099996567,1.70940005779,1.71065998077,0
2025-03-17 22:00:00+00:00,1.71078002453,1.71088004112,1.70958995819,1.71028995514,0
2025-03-17 23:00:00+00:00,1.71025002003,1.71124005318,1.70959997177,1.71077001095,0
2025-03-18 00:00:00+00:00,1.71098005772,1.71118998528,1.70989000797,1.71063005924,0
2025-03-18 01:00:00+00:00,1.71053004265,1.71086001396,1.70841002464,1.7098300457,0
2025-03-18 02:00:00+00:00,1.70984005928,1.71086001396,1.70928001404,1.71065998077,0
2025-03-18 03:00:00+00:00,1.71064996719,1.71319997311,1.71031999588,1.71252000332,0
2025-03-18 04:00:00+00:00,1.71261000633,1.71296000481,1.71131002903,1.71157002449,0
2025-03-18 05:00:00+00:00,1.7116600275,1.71287000179,1.71064996719,1.7116099596,0
2025-03-18 06:00:00+00:00,1.71162998676,1.71298003197,1.71121001244,1.71257996559,0
2025-03-18 07:00:00+00:00,1.71256995201,1.71399998665,1.7105499506,1.71376001835,0
2025-03-18 08:00:00+00:00,1.71377003193,1.71487998962,1.71203994751,1.71431994438,0
2025-03-18 09:00:00+00:00,1.71431994438,1.71623003483,1.71336996555,1.71595001221,0
2025-03-18 10:00:00+00:00,1.71615004539,1.71686005592,1.71507000923,1.71627998352,0
2025-03-18 11:00:00+00:00,1.7162899971,1.71691000462,1.71387994289,1.71413004398,0
2025-03-18 12:00:00+00:00,1.71413004398,1.71498000622,1.71162998676,1.71425998211,0
2025-03-18 13:00:00+00:00,1.71425998211,1.71624004841,1.71368002892,1.7155200243,0
2025-03-18 14:00:00+00:00,1.71553003788,1.71940004826,1.7149900198,1.71919000149,0
2025-03-18 15:00:00+00:00,1.71911001205,1.72062003613,1.71642994881,1.71942996979,0
2025-03-18 16:00:00+00:00,1.71950995922,1.72063994408,1.71841001511,1.72022998333,0
2025-03-18 17:00:00+00:00,1.72019994259,1.72189998627,1.71978998184,1.72106003761,0
2025-03-18 18:00:00+00:00,1.72106003761,1.72204995155,1.71982002258,1.72048997879,0
2025-03-18 19:00:00+00:00,1.72039997578,1.72089004517,1.71943998337,1.72042000294,0
2025-03-18 20:00:00+00:00,1.72052001953,1.72075998783,1.7195700407,1.72009003162,0
2025-03-18 21:00:00+00:00,1.7196199894,1.72077000141,1.71895003319,1.72039997578,0
2025-03-18 22:00:00+00:00,1.72051000595,1.72092998028,1.71950995922,1.71999001503,0
2025-03-18 23:00:00+00:00,1.71995997429,1.72060000896,1.71895003319,1.71948003769,0
2025-03-19 00:00:00+00:00,1.71939003468,1.71972000599,1.71750998497,1.71881997585,0
2025-03-19 01:00:00+00:00,1.71879994869,1.71958994865,1.71830999851,1.71937000751,0
2025-03-19 02:00:00+00:00,1.71933996677,1.71974003315,1.71836996078,1.71917998791,0
2025-03-19 03:00:00+00:00,1.71917998791,1.72029995918,1.71872997284,1.71988999844,0
2025-03-19 04:00:00+00:00,1.71986997128,1.72022998333,1.71881997585,1.71953999996,0
2025-03-19 05:00:00+00:00,1.71956002712,1.72007000446,1.71858000755,1.71930003166,0
2025-03-19 06:00:00+00:00,1.71924996376,1.72042000294,1.71765005589,1.71998000145,0
2025-03-19 07:00:00+00:00,1.72002005577,1.72151005268,1.71631002426,1.72051000595,0
2025-03-19 08:00:00+00:00,1.7203899622,1.72382998466,1.71913003922,1.72374999523,0
2025-03-19 09:00:00+00:00,1.72379994392,1.72405004501,1.72139000893,1.72178995609,0
2025-03-19 10:00:00+00:00,1.72175002098,1.72293996811,1.72069001198,1.72168004513,0
2025-03-19 11:00:00+00:00,1.72177004814,1.72220003605,1.72008001804,1.72158002853,0
2025-03-19 12:00:00+00:00,1.72157001495,1.72317004204,1.72063004971,1.72105002403,0
2025-03-19 13:00:00+00:00,1.72110998631,1.72319996357,1.72048997879,1.72204005718,0
2025-03-19 14:00:00+00:00,1.72215998173,1.7225099802,1.71808004379,1.71937000751,0
2025-03-19 15:00:00+00:00,1.71929001808,1.71977996826,1.71772003174,1.71829998493,0
2025-03-19 16:00:00+00:00,1.71824002266,1.71909999847,1.71713995934,1.71896004677,0
2025-03-19 17:00:00+00:00,1.71899998188,1.71955001354,1.71756005287,1.71844995022,0
2025-03-19 18:00:00+00:00,1.7181199789,1.71940004826,1.71528995037,1.71544003487,0
2025-03-19 19:00:00+00:00,1.71554005146,1.71656000614,1.71437001228,1.71635997295,0
2025-03-19 20:00:00+00:00,1.71624994278,1.71639001369,1.71403002739,1.71403002739,0
2025-03-19 21:00:00+00:00,1.71468997002,1.71560001373,1.71384000778,1.71490001678,0
2025-03-19 22:00:00+00:00,1.71493005753,1.71574997902,1.71411001682,1.71568000317,0
2025-03-19 23:00:00+00:00,1.71555995941,1.71587002277,1.7141200304,1.71472001076,0
2025-03-20 00:00:00+00:00,1.71475994587,1.7228000164,1.71461999416,1.72019994259,0
2025-03-20 01:00:00+00:00,1.72019994259,1.7231400013,1.71956002712,1.72141003609,0
2025-03-20 02:00:00+00:00,1.72141003609,1.72219002247,1.72002005577,1.72135996819,0
2025-03-20 03:00:00+00:00,1.72125005722,1.72172999382,1.71860003471,1.71937000751,0
2025-03-20 04:00:00+00:00,1.7193800211,1.72018003464,1.71744000912,1.71871995926,0
2025-03-20 05:00:00+00:00,1.71865999699,1.71963000298,1.71749997139,1.71885001659,0
2025-03-20 06:00:00+00:00,1.71884000301,1.72070002556,1.71809995174,1.72056996822,0
2025-03-20 07:00:00+00:00,1.72048997879,1.72397994995,1.71992003918,1.72116005421,0
2025-03-20 08:00:00+00:00,1.72116994858,1.72258996964,1.72031998634,1.72154998779,0
2025-03-20 09:00:00+00:00,1.72159004211,1.72491002083,1.72019004822,1.72411000729,0
2025-03-20 10:00:00+00:00,1.72409999371,1.72593998909,1.72324001789,1.72422003746,0
2025-03-20 11:00:00+00:00,1.72430002689,1.72590994835,1.72318005562,1.72556996346,0
2025-03-20 12:00:00+00:00,1.72546005249,1.72686004639,1.72242999077,1.72346997261,0
2025-03-20 13:00:00+00:00,1.72344994545,1.72557997704,1.7228499651,1.72327005863,0
2025-03-20 14:00:00+00:00,1.72336995602,1.72441995144,1.72045004368,1.72149002552,0
2025-03-20 15:00:00+00:00,1.72159004211,1.72317004204,1.72053003311,1.72192001343,0
2025-03-20 16:00:00+00:00,1.72188997269,1.72402000427,1.72125005722,1.72374999523,0
2025-03-20 17:00:00+00:00,1.72373998165,1.72398996353,1.72177994251,1.72262001038,0
2025-03-20 18:00:00+00:00,1.72272002697,1.72283995152,1.72079002857,1.72169005871,0
2025-03-20 19:00:00+00:00,1.72168004513,1.72193002701,1.72039997578,1.72135996819,0
2025-03-20 20:00:00+00:00,1.72134995461,1.72258996964,1.72073996067,1.72074997425,0
2025-03-20 21:00:00+00:00,1.72072005272,1.72329998016,1.7203400135,1.72267997265,0
2025-03-20 22:00:00+00:00,1.72271001339,1.72308003902,1.72156000137,1.72298002243,0
2025-03-20 23:00:00+00:00,1.72283005714,1.723279953,1.72180998325,1.72214996815,0
2025-03-21 00:00:00+00:00,1.72198998928,1.72283995152,1.72081005573,1.72209000587,0
2025-03-21 01:00:00+00:00,1.72207999229,1.72362005711,1.72149002552,1.72265005112,0
2025-03-21 02:00:00+00:00,1.72265994549,1.72341001034,1.72193002701,1.72330999374,0
2025-03-21 03:00:00+00:00,1.72341001034,1.72385001183,1.72107005119,1.72190999985,0
2025-03-21 04:00:00+00:00,1.7219799757,1.72224998474,1.72080004215,1.72201001644,0
2025-03-21 05:00:00+00:00,1.72206997871,1.72218000889,1.72047996521,1.72171998024,0
2025-03-21 06:00:00+00:00,1.72162997723,1.72183001041,1.72013998032,1.72087001801,0
2025-03-21 07:00:00+00:00,1.72087001801,1.72288000584,1.7192800045,1.72172999382,0
2025-03-21 08:00:00+00:00,1.72165000439,1.7223700285,1.72022998333,1.72206997871,0
2025-03-21 09:00:00+00:00,1.72205996513,1.72319996357,1.72111999989,1.72247004509,0
2025-03-21 10:00:00+00:00,1.7223700285,1.72351002693,1.7215000391,1.72295999527,0
2025-03-21 11:00:00+00:00,1.7230399847,1.7244399786,1.72240996361,1.72427999973,0
2025-03-21 12:00:00+00:00,1.72425997257,1.72493004799,1.72229003906,1.72341001034,0
2025-03-21 13:00:00+00:00,1.72336995602,1.72690999508,1.72288000584,1.72607004642,0
2025-03-21 14:00:00+00:00,1.72616994381,1.7269500494,1.72374999523,1.72434997559,0
2025-03-21 15:00:00+00:00,1.72431004047,1.72723996639,1.72383999825,1.72522997856,0
2025-03-21 16:00:00+00:00,1.7252099514,1.72633004189,1.72360002995,1.723960042,0
2025-03-21 17:00:00+00:00,1.72404003143,1.72488999367,1.72271001339,1.72472000122,0
2025-03-21 18:00:00+00:00,1.72467005253,1.72493004799,1.7233300209,1.72432994843,0
2025-03-21 19:00:00+00:00,1.72425997257,1.72527003288,1.72345995903,1.72383999825,0
2025-03-21 20:00:00+00:00,1.7239099741,1.72434997559,1.72258996964,1.72427999973,0
2025-03-21 21:00:00+00:00,1.72411000729,1.72411000729,1.72411000729,1.72411000729,0
2025-03-24 00:00:00+00:00,1.72306001186,1.72363996506,1.7215000391,1.72205996513,0
2025-03-24 01:00:00+00:00,1.7220300436,1.72306001186,1.72115004063,1.72276997566,0
2025-03-24 02:00:00+00:00,1.72265005112,1.7239099741,1.72194004059,1.72387003899,0
2025-03-24 03:00:00+00:00,1.72382998466,1.72460997105,1.72247004509,1.72385001183,0
2025-03-24 04:00:00+00:00,1.72370004654,1.72486996651,1.72316002846,1.72370004654,0
2025-03-24 05:00:00+00:00,1.72362005711,1.72472000122,1.72311997414,1.72418999672,0
2025-03-24 06:00:00+00:00,1.72406005859,1.72449994087,1.72288000584,1.72394001484,0
2025-03-24 07:00:00+00:00,1.72388005257,1.72424995899,1.72186994553,1.72258996964,0
2025-03-24 08:00:00+00:00,1.7225099802,1.72374999523,1.72142994404,1.72230994701,0
2025-03-24 09:00:00+00:00,1.72249996662,1.7225600481,1.72020995617,1.7212100029,0
2025-03-24 10:00:00+00:00,1.72124004364,1.72219002247,1.72009003162,1.72163999081,0
2025-03-24 11:00:00+00:00,1.72165000439,1.72209000587,1.72070002556,1.72135996819,0
2025-03-24 12:00:00+00:00,1.72136998177,1.72344994545,1.72052001953,1.72300994396,0
2025-03-24 13:00:00+00:00,1.72308003902,1.72346997261,1.71796000004,1.71853995323,0
2025-03-24 14:00:00+00:00,1.71861004829,1.7190400362,1.71624004841,1.71736001968,0
2025-03-24 15:00:00+00:00,1.71736001968,1.71926999092,1.71686995029,1.71900999546,0
2025-03-24 16:00:00+00:00,1.71900999546,1.72105002403,1.71876001358,1.72073996067,0
2025-03-24 17:00:00+00:00,1.72070002556,1.72119998932,1.71946001053,1.71968996525,0
2025-03-24 18:00:00+00:00,1.7196199894,1.72163999081,1.71879994869,1.71950995922,0
2025-03-24 19:00:00+00:00,1.71958994865,1.7196700573,1.71805000305,1.71922004223,0
2025-03-24 20:00:00+00:00,1.71932995319,1.71933996677,1.71748995781,1.71762001514,0
2025-03-24 21:00:00+00:00,1.71753001213,1.71881997585,1.71615004539,1.71817004681,0
2025-03-24 22:00:00+00:00,1.7179800272,1.71930003166,1.71762001514,1.71915996075,0
2025-03-24 23:00:00+00:00,1.71916997433,1.71929001808,1.7181199789,1.71826994419,0
2025-03-25 00:00:00+00:00,1.71825003624,1.71922004223,1.7173500061,1.71854996681,0
2025-03-25 01:00:00+00:00,1.71854996681,1.71886003017,1.71617996693,1.71748995781,0
2025-03-25 02:00:00+00:00,1.71747994423,1.71840000153,1.71684002876,1.71738004684,0
2025-03-25 03:00:00+00:00,1.71747004986,1.71871995926,1.71679997444,1.71775996685,0
2025-03-25 04:00:00+00:00,1.71766996384,1.71896994114,1.71726000309,1.71838998795,0
2025-03-25 05:00:00+00:00,1.71843004227,1.71863996983,1.71662998199,1.71703004837,0
2025-03-25 06:00:00+00:00,1.71703004837,1.71803998947,1.71638000011,1.71695005894,0
2025-03-25 07:00:00+00:00,1.71706998348,1.71808004379,1.71614003181,1.71676003933,0
2025-03-25 08:00:00+00:00,1.71680998802,1.71722996235,1.71540999413,1.71677994728,0
2025-03-25 09:00:00+00:00,1.71703004837,1.71742999554,1.71441996098,1.71486997604,0
2025-03-25 10:00:00+00:00,1.71476995945,1.71568000317,1.71248996258,1.71289002895,0
2025-03-25 11:00:00+00:00,1.71284997463,1.71319997311,1.71116995811,1.71228003502,0
2025-03-25 12:00:00+00:00,1.7121399641,1.71315002441,1.71152997017,1.7128200531,0
2025-03-25 13:00:00+00:00,1.71273994446,1.71282994747,1.71116995811,1.71177995205,0
2025-03-25 14:00:00+00:00,1.7117099762,1.71403002739,1.71133005619,1.71255004406,0
2025-03-25 15:00:00+00:00,1.71249997616,1.71493005753,1.71161997318,1.71270000935,0
2025-03-25 16:00:00+00:00,1.71274995804,1.71439003944,1.71237003803,1.71396005154,0
2025-03-25 17:00:00+00:00,1.7139300108,1.71500003338,1.71323001385,1.71413004398,0
2025-03-25 18:00:00+00:00,1.71414005756,1.71486997604,1.71298003197,1.7143599987,0
2025-03-25 19:00:00+00:00,1.71431994438,1.7146500349,1.71283996105,1.71326005459,0
2025-03-25 20:00:00+00:00,1.71322000027,1.71331000328,1.71104001999,1.7118999958,0
2025-03-25 21:00:00+00:00,1.71103000641,1.71257996559,1.70993995667,1.71149003506,0
2025-03-25 22:00:00+00:00,1.71154999733,1.71245002747,1.71069002151,1.71165001392,0
2025-03-25 23:00:00+00:00,1.71152997017,1.71180999279,1.70999002457,1.71052002907,0
2025-03-26 00:00:00+00:00,1.71054005623,1.71475994587,1.70993995667,1.71463000774,0
2025-03-26 01:00:00+00:00,1.71458995342,1.71670997143,1.71193003654,1.71264994144,0
2025-03-26 02:00:00+00:00,1.71259999275,1.71366000175,1.71071004868,1.71129000187,0
2025-03-26 03:00:00+00:00,1.71124994755,1.71145999432,1.70923995972,1.70968997478,0
2025-03-26 04:00:00+00:00,1.70957005024,1.7103600502,1.70818996429,1.70887005329,0
2025-03-26 05:00:00+00:00,1.70886003971,1.70963001251,1.70740997791,1.70862996578,0
2025-03-26 06:00:00+00:00,1.70861005783,1.70864999294,1.70630002022,1.70714998245,0
2025-03-26 07:00:00+00:00,1.70722997189,1.70736002922,1.70571994781,1.70694005489,0
2025-03-26 08:00:00+00:00,1.70700001717,1.70881998539,1.70660996437,1.70807003975,0
2025-03-26 09:00:00+00:00,1.70808005333,1.70817005634,1.70566999912,1.70717000961,0
2025-03-26 10:00:00+00:00,1.70711004734,1.70749998093,1.70459997654,1.70556998253,0
2025-03-26 11:00:00+00:00,1.70552003384,1.70769000053,1.70476996899,1.70727002621,0
2025-03-26 12:00:00+00:00,1.7073199749,1.70873999596,1.70626997948,1.70764005184,0
2025-03-26 13:00:00+00:00,1.70756995678,1.70852994919,1.7060199976,1.70843994617,0
2025-03-26 14:00:00+00:00,1.70843994617,1.71074998379,1.70755004883,1.70956003666,0
2025-03-26 15:00:00+00:00,1.70955002308,1.71054005623,1.70729994774,1.70984005928,0
2025-03-26 16:00:00+00:00,1.70984005928,1.71178996563,1.70951998234,1.71134996414,0
2025-03-26 17:00:00+00:00,1.71133995056,1.71165001392,1.7084300518,1.70966005325,0
2025-03-26 18:00:00+00:00,1.70974004269,1.71066999435,1.70859003067,1.7106000185,0
2025-03-26 19:00:00+00:00,1.71069002151,1.71077001095,1.7084800005,1.70907998085,0
2025-03-26 20:00:00+00:00,1.70911002159,1.70927000046,1.70632994175,1.70634996891,0
2025-03-26 21:00:00+00:00,1.70623004436,1.70834004879,1.7051500082,1.70583999157,0
2025-03-26 22:00:00+00:00,1.70585000515,1.70919001102,1.70560002327,1.70904004574,0
2025-03-26 23:00:00+00:00,1.7091499567,1.70975005627,1.7078499794,1.70849001408,0
2025-03-27 00:00:00+00:00,1.70851004124,1.70952999592,1.70690000057,1.70931005478,0
2025-03-27 01:00:00+00:00,1.70942997932,1.7108399868,1.70819997787,1.71003997326,0
2025-03-27 02:00:00+00:00,1.71013998985,1.71050000191,1.70685994625,1.70868003368,0
2025-03-27 03:00:00+00:00,1.70878005028,1.7092499733,1.70728003979,1.70838999748,0
2025-03-27 04:00:00+00:00,1.70840001106,1.70879995823,1.70679998398,1.70750999451,0
2025-03-27 05:00:00+00:00,1.7075599432,1.709010005,1.70622003078,1.70845997334,0
2025-03-27 06:00:00+00:00,1.70845997334,1.70897996426,1.70512998104,1.70590996742,0
2025-03-27 07:00:00+00:00,1.70587003231,1.70743000507,1.70510005951,1.7073199749,0
2025-03-27 08:00:00+00:00,1.70729994774,1.7080899477,1.7057800293,1.7066899538,0
2025-03-27 09:00:00+00:00,1.70669996738,1.70764994621,1.70522999763,1.7075599432,0
2025-03-27 10:00:00+00:00,1.70756995678,1.7092000246,1.70702004433,1.70894002914,0
2025-03-27 11:00:00+00:00,1.70895004272,1.71004998684,1.70683002472,1.70826995373,0
2025-03-27 12:00:00+00:00,1.70826995373,1.71071004868,1.70799005032,1.70961999893,0
2025-03-27 13:00:00+00:00,1.70952999592,1.71358001232,1.70922994614,1.71061003208,0
2025-03-27 14:00:00+00:00,1.71068000793,1.71320998669,1.70992994308,1.71121001244,0
2025-03-27 15:00:00+00:00,1.71115994453,1.71414005756,1.71080994606,1.71236002445,0
2025-03-27 16:00:00+00:00,1.71219003201,1.71331000328,1.71019005775,1.7132999897,0
2025-03-27 17:00:00+00:00,1.71324002743,1.71350002289,1.71195995808,1.71261000633,0
2025-03-27 18:00:00+00:00,1.71262001991,1.71296000481,1.7117099762,1.71273994446,0
2025-03-27 19:00:00+00:00,1.71273005009,1.71327996254,1.71187996864,1.71312999725,0
2025-03-27 20:00:00+00:00,1.71312999725,1.71333003044,1.71235001087,1.71274995804,0
2025-03-27 21:00:00+00:00,1.7122399807,1.71328997612,1.71053004265,1.71322000027,0
2025-03-27 22:00:00+00:00,1.71326994896,1.71404004097,1.7128200531,1.71387994289,0
2025-03-27 23:00:00+00:00,1.71399998665,1.71472001076,1.7132999897,1.71413004398,0
2025-03-28 00:00:00+00:00,1.71411001682,1.71571004391,1.7135900259,1.71458995342,0
2025-03-28 01:00:00+00:00,1.714599967,1.71572005749,1.71419000626,1.7152299881,0
2025-03-28 02:00:00+00:00,1.71524000168,1.71598005295,1.71417999268,1.71561002731,0
2025-03-28 03:00:00+00:00,1.71572005749,1.71828997135,1.71513998508,1.71753001213,0
2025-03-28 04:00:00+00:00,1.7174500227,1.71802997589,1.71588003635,1.7171100378,0
2025-03-28 05:00:00+00:00,1.71706998348,1.71727001667,1.71593999863,1.71641004086,0
2025-03-28 06:00:00+00:00,1.71635997295,1.71642994881,1.71417999268,1.71579003334,0
2025-03-28 07:00:00+00:00,1.71589004993,1.71618998051,1.71310997009,1.71391999722,0
2025-03-28 08:00:00+00:00,1.7139300108,1.71451997757,1.71086001396,1.71144998074,0
2025-03-28 09:00:00+00:00,1.7114700079,1.7122399807,1.71027004719,1.71133005619,0
2025-03-28 10:00:00+00:00,1.71134996414,1.71192002296,1.7100199461,1.71109998226,0
2025-03-28 11:00:00+00:00,1.71098995209,1.7121399641,1.71019995213,1.71162998676,0
2025-03-28 12:00:00+00:00,1.71164000034,1.71202003956,1.71031999588,1.7117099762,0
2025-03-28 13:00:00+00:00,1.71171998978,1.71411001682,1.71106994152,1.71347999573,0
2025-03-28 14:00:00+00:00,1.71349000931,1.72074997425,1.71318995953,1.71976995468,0
2025-03-28 15:00:00+00:00,1.7197599411,1.72113001347,1.71801996231,1.71861994267,0
2025-03-28 16:00:00+00:00,1.71873998642,1.72054994106,1.71808004379,1.71996998787,0
2025-03-28 17:00:00+00:00,1.71999001503,1.72167003155,1.71956002712,1.72054004669,0
2025-03-28 18:00:00+00:00,1.72053003311,1.722219944,1.71946001053,1.72170996666,0
2025-03-28 19:00:00+00:00,1.72179996967,1.72233998775,1.72108995914,1.72171998024,0
2025-03-28 20:00:00+00:00,1.72178995609,1.72318005562,1.72111999989,1.72192001343,0
2025-03-28 21:00:00+00:00,1.72165000439,1.72165000439,1.72165000439,1.72165000439,0
2025-03-30 23:00:00+00:00,1.72376000881,1.72504997253,1.72205996513,1.72266995907,0
2025-03-31 00:00:00+00:00,1.72264003754,1.72537004948,1.72254002094,1.7244399786,0
2025-03-31 01:00:00+00:00,1.72438001633,1.72444999218,1.72074997425,1.72222995758,0
2025-03-31 02:00:00+00:00,1.72232997417,1.72462999821,1.72123003006,1.72440004349,0
2025-03-31 03:00:00+00:00,1.72437000275,1.72561001778,1.723960042,1.72481000423,0
2025-03-31 04:00:00+00:00,1.7247300148,1.726369977,1.72423994541,1.72534000874,0
2025-03-31 05:00:00+00:00,1.72545003891,1.72563004494,1.72379994392,1.72465002537,0
2025-03-31 06:00:00+00:00,1.72457003593,1.72494995594,1.72249996662,1.72451996803,0
2025-03-31 07:00:00+00:00,1.72441995144,1.72792994976,1.7228000164,1.72773003578,0
2025-03-31 08:00:00+00:00,1.72773003578,1.73035001755,1.72714996338,1.73025000095,0
2025-03-31 09:00:00+00:00,1.73015999794,1.73104000092,1.72913002968,1.73030996323,0
2025-03-31 10:00:00+00:00,1.73043000698,1.73195004463,1.72926998138,1.73064994812,0
2025-03-31 11:00:00+00:00,1.73056995869,1.73173999786,1.72985994816,1.73085999489,0
2025-03-31 12:00:00+00:00,1.73081994057,1.73265004158,1.73059999943,1.73238003254,0
2025-03-31 13:00:00+00:00,1.73228001595,1.73661994934,1.73167002201,1.73483002186,0
2025-03-31 14:00:00+00:00,1.73494005203,1.73529994488,1.73265004158,1.73368000984,0
2025-03-31 15:00:00+00:00,1.73374998569,1.73439002037,1.73064005375,1.73133003712,0
2025-03-31 16:00:00+00:00,1.73135995865,1.73227000237,1.72942996025,1.73213005066,0
2025-03-31 17:00:00+00:00,1.73212003708,1.73298001289,1.73054003716,1.73274004459,0
2025-03-31 18:00:00+00:00,1.73266994953,1.73281002045,1.72938001156,1.73046004772,0
2025-03-31 19:00:00+00:00,1.73053002357,1.73101997375,1.72918999195,1.73032999039,0
2025-03-31 20:00:00+00:00,1.73032999039,1.73160004616,1.73011004925,1.73044002056,0
2025-03-31 21:00:00+00:00,1.73243999481,1.73243999481,1.73045003414,1.73164999485,0
2025-03-31 22:00:00+00:00,1.73169004917,1.73315000534,1.73091995716,1.7331199646,0
2025-03-31 23:00:00+00:00,1.73304998875,1.73397004604,1.7315299511,1.73354005814,0
2025-04-01 00:00:00+00:00,1.73353004456,1.73515999317,1.73274004459,1.73425996304,0
2025-04-01 01:00:00+00:00,1.73430001736,1.73653995991,1.73292005062,1.73333001137,0
2025-04-01 02:00:00+00:00,1.73331999779,1.73353004456,1.73020994663,1.73088002205,0
2025-04-01 03:00:00+00:00,1.7308100462,1.73292005062,1.72809004784,1.7325899601,0
2025-04-01 04:00:00+00:00,1.73266005516,1.73313999176,1.72651994228,1.72678005695,0
2025-04-01 05:00:00+00:00,1.72681999207,1.72867000103,1.72590994835,1.72790002823,0
2025-04-01 06:00:00+00:00,1.72781002522,1.7285900116,1.72601997852,1.72732996941,0
2025-04-01 07:00:00+00:00,1.72743999958,1.73053002357,1.72681999207,1.7288299799,0
2025-04-01 08:00:00+00:00,1.7288299799,1.72952997684,1.72718000412,1.72891998291,0
2025-04-01 09:00:00+00:00,1.72892999649,1.73009002209,1.72743999958,1.7281999588,0
2025-04-01 10:00:00+00:00,1.72811996937,1.72941994667,1.72617995739,1.72773003578,0
2025-04-01 11:00:00+00:00,1.7277200222,1.72783994675,1.72478997707,1.72505998611,0
2025-04-01 12:00:00+00:00,1.72512996197,1.72567999363,1.72386002541,1.72501003742,0
2025-04-01 13:00:00+00:00,1.72510004044,1.72627997398,1.72378003597,1.72493004799,0
2025-04-01 14:00:00+00:00,1.7247300148,1.72755002975,1.72190999985,1.72255003452,0
2025-04-01 15:00:00+00:00,1.7225600481,1.72289001942,1.71959996223,1.72013998032,0
2025-04-01 16:00:00+00:00,1.7201000452,1.72276997566,1.71905004978,1.72184002399,0
2025-04-01 17:00:00+00:00,1.72193002701,1.72271001339,1.72045004368,1.72157001495,0
2025-04-01 18:00:00+00:00,1.72158002853,1.72283005714,1.72134995461,1.72195994854,0
2025-04-01 19:00:00+00:00,1.72183001041,1.72196996212,1.71830999851,1.71868002415,0
2025-04-01 20:00:00+00:00,1.71864998341,1.71972000599,1.71812999249,1.71826994419,0
2025-04-01 21:00:00+00:00,1.71819996834,1.72100996971,1.71749997139,1.71926999092,0
2025-04-01 22:00:00+00:00,1.71932995319,1.71987998486,1.71753001213,1.71794998646,0
2025-04-01 23:00:00+00:00,1.71785998344,1.71888995171,1.71598994732,1.7165299654,0
2025-04-02 00:00:00+00:00,1.71644997597,1.719810009,1.71635997295,1.71906995773,0
2025-04-02 01:00:00+00:00,1.71889996529,1.71976995468,1.71554005146,1.71592998505,0
2025-04-02 02:00:00+00:00,1.71593999863,1.71636998653,1.71344995499,1.71429002285,0
2025-04-02 03:00:00+00:00,1.71432995796,1.71467995644,1.71311998367,1.7139300108,0
2025-04-02 04:00:00+00:00,1.7139300108,1.71439003944,1.71280002594,1.71338999271,0
2025-04-02 05:00:00+00:00,1.71328997612,1.71438002586,1.71270000935,1.7141699791,0
2025-04-02 06:00:00+00:00,1.71414005756,1.7146999836,1.71132004261,1.71441996098,0
2025-04-02 07:00:00+00:00,1.71450996399,1.71483004093,1.71103000641,1.71191000938,0
2025-04-02 08:00:00+00:00,1.7118999958,1.71290004253,1.71156001091,1.71198999882,0
2025-04-02 09:00:00+00:00,1.71188998222,1.71239995956,1.7108399868,1.71156001091,0
2025-04-02 10:00:00+00:00,1.7116099596,1.71355998516,1.71124994755,1.71267998219,0
2025-04-02 11:00:00+00:00,1.71264004707,1.71403002739,1.71186995506,1.71298003197,0
2025-04-02 12:00:00+00:00,1.71291005611,1.71601998806,1.71266996861,1.71551001072,0
2025-04-02 13:00:00+00:00,1.71551001072,1.71864998341,1.71508002281,1.71782004833,0
2025-04-02 14:00:00+00:00,1.71800994873,1.72299003601,1.71730005741,1.7228499651,0
2025-04-02 15:00:00+00:00,1.72274005413,1.72517001629,1.72180998325,1.72501003742,0
2025-04-02 16:00:00+00:00,1.7249699831,1.72514998913,1.7226099968,1.72335004807,0
2025-04-02 17:00:00+00:00,1.72338998318,1.72432005405,1.72153997421,1.72369003296,0
2025-04-02 18:00:00+00:00,1.72360002995,1.72578001022,1.72307002544,1.72459995747,0
2025-04-02 19:00:00+00:00,1.72467005253,1.7246799469,1.72232997417,1.72291994095,0
2025-04-02 20:00:00+00:00,1.72291004658,1.72936999798,1.71759998798,1.72202003002,0
2025-04-02 21:00:00+00:00,1.72204005718,1.73091995716,1.72089004517,1.72871994972,0
2025-04-02 22:00:00+00:00,1.72881996632,1.73568999767,1.7282999754,1.73306000233,0
2025-04-02 23:00:00+00:00,1.73276996613,1.74096000195,1.73252999783,1.74053001404,0
2025-04-03 00:00:00+00:00,1.74053001404,1.741320014,1.73558998108,1.73740005493,0
2025-04-03 01:00:00+00:00,1.73725998402,1.73936998844,1.73591995239,1.73907995224,0
2025-04-03 02:00:00+00:00,1.73899996281,1.74058997631,1.73717999458,1.73732995987,0
2025-04-03 03:00:00+00:00,1.73731005192,1.74021995068,1.73696994781,1.73985004425,0
2025-04-03 04:00:00+00:00,1.73986005783,1.74098002911,1.73919999599,1.74077999592,0
2025-04-03 05:00:00+00:00,1.7407900095,1.74097001553,1.73731005192,1.74017000198,0
2025-04-03 06:00:00+00:00,1.74014997482,1.74293994904,1.73903000355,1.74190998077,0
2025-04-03 07:00:00+00:00,1.74190998077,1.74205994606,1.73664999008,1.7396299839,0
2025-04-03 08:00:00+00:00,1.73958003521,1.7404500246,1.73675000668,1.73742997646,0
2025-04-03 09:00:00+00:00,1.73741996288,1.74150002003,1.73679995537,1.73916995525,0
2025-04-03 10:00:00+00:00,1.73907005787,1.75313997269,1.73845994473,1.74400997162,0
2025-04-03 11:00:00+00:00,1.74395000935,1.7464799881,1.74189996719,1.74335002899,0
2025-04-03 12:00:00+00:00,1.74339997768,1.74626994133,1.74144995213,1.74181997776,0
2025-04-03 13:00:00+00:00,1.74189996719,1.74347996712,1.73921000957,1.73943996429,0
2025-04-03 14:00:00+00:00,1.73957002163,1.74519002438,1.73819994926,1.74462997913,0
2025-04-03 15:00:00+00:00,1.74461996555,1.74564003944,1.73865997791,1.74013996124,0
2025-04-03 16:00:00+00:00,1.74021995068,1.74040997028,1.73677003384,1.73836004734,0
2025-04-03 17:00:00+00:00,1.73835003376,1.73944997787,1.73711001873,1.73820996284,0
2025-04-03 18:00:00+00:00,1.73822999001,1.74242997169,1.73810005188,1.74141001701,0
2025-04-03 19:00:00+00:00,1.74129998684,1.74564003944,1.74077999592,1.74536001682,0
2025-04-03 20:00:00+00:00,1.74532997608,1.74718999863,1.74398994446,1.74598002434,0
2025-04-03 21:00:00+00:00,1.74519002438,1.74734997749,1.74391996861,1.74599003792,0
2025-04-03 22:00:00+00:00,1.74636995792,1.74969995022,1.74513995647,1.74940001965,0
2025-04-03 23:00:00+00:00,1.74898004532,1.74980998039,1.74530005455,1.74591004848,0
2025-04-04 00:00:00+00:00,1.7459000349,1.74881005287,1.74418997765,1.74872994423,0
2025-04-04 01:00:00+00:00,1.74863004684,1.75365996361,1.7484600544,1.75361001492,0
2025-04-04 02:00:00+00:00,1.75360000134,1.76461994648,1.75313997269,1.76394999027,0
2025-04-04 03:00:00+00:00,1.76385998726,1.77383995056,1.76345002651,1.77374994755,0
2025-04-04 04:00:00+00:00,1.77364003658,1.77947998047,1.77328002453,1.77866005898,0
2025-04-04 05:00:00+00:00,1.77865004539,1.77926003933,1.77303004265,1.77377998829,0
2025-04-04 06:00:00+00:00,1.77365994453,1.7742099762,1.77086997032,1.77156996727,0
2025-04-04 07:00:00+00:00,1.77156996727,1.77505004406,1.77067995071,1.77126002312,0
2025-04-04 08:00:00+00:00,1.77120995522,1.77342998981,1.76912999153,1.7718000412,0
2025-04-04 09:00:00+00:00,1.77172994614,1.77281999588,1.76882004738,1.77148997784,0
2025-04-04 10:00:00+00:00,1.7714600563,1.7973099947,1.76930999756,1.79645001888,0
2025-04-04 11:00:00+00:00,1.7963000536,1.82606995106,1.79373002052,1.80914998055,0
2025-04-04 12:00:00+00:00,1.80915999413,1.81482994556,1.80131995678,1.80173003674,0
2025-04-04 13:00:00+00:00,1.80182003975,1.8133200407,1.79662001133,1.80871999264,0
2025-04-04 14:00:00+00:00,1.80869996548,1.8203099966,1.80566000938,1.81331002712,0
2025-04-04 15:00:00+00:00,1.8133200407,1.82922005653,1.80523002148,1.82258999348,0
2025-04-04 16:00:00+00:00,1.82258999348,1.82613003254,1.81772994995,1.82597005367,0
2025-04-04 17:00:00+00:00,1.82596004009,1.82752001286,1.81428003311,1.81475996971,0
2025-04-04 18:00:00+00:00,1.81492996216,1.82272005081,1.81106996536,1.81804001331,0
2025-04-04 19:00:00+00:00,1.81815004349,1.81815004349,1.80789005756,1.81234002113,0
2025-04-04 20:00:00+00:00,1.81230998039,1.81471002102,1.81128001213,1.81298005581,0
2025-04-04 21:00:00+00:00,1.81344997883,1.81344997883,1.81344997883,1.81344997883,0
2025-04-06 23:00:00+00:00,1.83382999897,1.83842003345,1.8288500309,1.83447003365,0
2025-04-07 00:00:00+00:00,1.83447003365,1.83863997459,1.82400000095,1.82746994495,0
2025-04-07 01:00:00+00:00,1.827450037,1.83021998405,1.82118999958,1.82404005527,0
2025-04-07 02:00:00+00:00,1.82402002811,1.82484996319,1.81479001045,1.81929004192,0
2025-04-07 03:00:00+00:00,1.81919002533,1.82099997997,1.81471002102,1.8178999424,0
2025-04-07 04:00:00+00:00,1.81777000427,1.82691001892,1.81621003151,1.82630002499,0
2025-04-07 05:00:00+00:00,1.82621002197,1.83183002472,1.81350004673,1.83089995384,0
2025-04-07 06:00:00+00:00,1.83092999458,1.83652997017,1.8271600008,1.82997000217,0
2025-04-07 07:00:00+00:00,1.8299100399,1.83640003204,1.82712996006,1.8307299614,0
2025-04-07 08:00:00+00:00,1.83073997498,1.83432996273,1.82620000839,1.83142995834,0
2025-04-07 09:00:00+00:00,1.83141005039,1.83351004124,1.81956005096,1.82323002815,0
2025-04-07 10:00:00+00:00,1.82325994968,1.82336997986,1.80973005295,1.81450998783,0
2025-04-07 11:00:00+00:00,1.81448996067,1.81777000427,1.80754995346,1.81657004356,0
2025-04-07 12:00:00+00:00,1.81651997566,1.8176599741,1.80288994312,1.8046400547,0
2025-04-07 13:00:00+00:00,1.80470001698,1.81526994705,1.8045899868,1.80619001389,0
2025-04-07 14:00:00+00:00,1.80620002747,1.81886005402,1.78759002686,1.81762003899,0
2025-04-07 15:00:00+00:00,1.81780004501,1.83147001266,1.8114900589,1.82471001148,0
2025-04-07 16:00:00+00:00,1.82464003563,1.83798003197,1.82460999489,1.837479949,0
2025-04-07 17:00:00+00:00,1.83735001087,1.83748996258,1.82251000404,1.82296001911,0
2025-04-07 18:00:00+00:00,1.82289004326,1.83100998402,1.82188999653,1.83035004139,0
2025-04-07 19:00:00+00:00,1.83059000969,1.83169996738,1.82592999935,1.82630002499,0
2025-04-07 20:00:00+00:00,1.82617998123,1.82670998573,1.82018995285,1.82137000561,0
2025-04-07 21:00:00+00:00,1.82113003731,1.82299995422,1.81912994385,1.82098996639,0
2025-04-07 22:00:00+00:00,1.82113003731,1.82246994972,1.81982004642,1.82144999504,0
2025-04-07 23:00:00+00:00,1.82144999504,1.82187998295,1.81710004807,1.81997001171,0
2025-04-08 00:00:00+00:00,1.81990003586,1.82526004314,1.81587994099,1.82501995564,0
2025-04-08 01:00:00+00:00,1.82500004768,1.83001995087,1.82047998905,1.82193005085,0
2025-04-08 02:00:00+00:00,1.82192003727,1.82230997086,1.81793999672,1.82144999504,0
2025-04-08 03:00:00+00:00,1.82135999203,1.82148003578,1.81773996353,1.81825995445,0
2025-04-08 04:00:00+00:00,1.81834995747,1.81863999367,1.81063997746,1.81122994423,0
2025-04-08 05:00:00+00:00,1.81131005287,1.81386005878,1.80663001537,1.8073400259,0
2025-04-08 06:00:00+00:00,1.80737996101,1.81518995762,1.80665004253,1.8111499548,0
2025-04-08 07:00:00+00:00,1.81104004383,1.81224000454,1.80350995064,1.8051700592,0
2025-04-08 08:00:00+00:00,1.80504000187,1.80789005756,1.80260002613,1.80344998837,0
2025-04-08 09:00:00+00:00,1.80335998535,1.81009995937,1.80334997177,1.80751001835,0
2025-04-08 10:00:00+00:00,1.80745005608,1.80961000919,1.80537998676,1.80940997601,0
2025-04-08 11:00:00+00:00,1.80956995487,1.81205999851,1.80581998825,1.80594003201,0
2025-04-08 12:00:00+00:00,1.80589997768,1.80915999413,1.80471003056,1.80698001385,0
2025-04-08 13:00:00+00:00,1.80691003799,1.80797994137,1.79855000973,1.80114996433,0
2025-04-08 14:00:00+00:00,1.80113995075,1.81157004833,1.79568004608,1.81078994274,0
2025-04-08 15:00:00+00:00,1.81079995632,1.81723999977,1.80886995792,1.81418001652,0
2025-04-08 16:00:00+00:00,1.81418001652,1.82693994045,1.81165003777,1.82674002647,0
2025-04-08 17:00:00+00:00,1.82664000988,1.83245003223,1.82346999645,1.82764995098,0
2025-04-08 18:00:00+00:00,1.82754004002,1.836130023,1.82667005062,1.83578002453,0
2025-04-08 19:00:00+00:00,1.83575999737,1.84213995934,1.83536994457,1.83730995655,0
2025-04-08 20:00:00+00:00,1.83731997013,1.84072005749,1.83566999435,1.83811998367,0
2025-04-08 21:00:00+00:00,1.83810997009,1.84117996693,1.8353600502,1.84086000919,0
2025-04-08 22:00:00+00:00,1.84089004993,1.84527003765,1.83985996246,1.84254002571,0
2025-04-08 23:00:00+00:00,1.8425899744,1.84811997414,1.84256005287,1.84395003319,0
2025-04-09 00:00:00+00:00,1.84386003017,1.85561001301,1.84308004379,1.84777998924,0
2025-04-09 01:00:00+00:00,1.84775996208,1.84853994846,1.83915996552,1.83938002586,0
2025-04-09 02:00:00+00:00,1.8393599987,1.84261000156,1.83555996418,1.84136998653,0
2025-04-09 03:00:00+00:00,1.84139001369,1.84827005863,1.83772003651,1.84746003151,0
2025-04-09 04:00:00+00:00,1.84724998474,1.85467004776,1.84570002556,1.85206997395,0
2025-04-09 05:00:00+00:00,1.85197997093,1.85509002209,1.85101997852,1.85164999962,0
2025-04-09 06:00:00+00:00,1.85164999962,1.85187995434,1.84254002571,1.84666001797,0
2025-04-09 07:00:00+00:00,1.84663999081,1.8483300209,1.82727003098,1.82754004002,0
2025-04-09 08:00:00+00:00,1.82753002644,1.83801996708,1.82464003563,1.83484995365,0
2025-04-09 09:00:00+00:00,1.83482003212,1.83652997017,1.83089995384,1.8362300396,0
2025-04-09 10:00:00+00:00,1.83624994755,1.83782994747,1.82395005226,1.82813000679,0
2025-04-09 11:00:00+00:00,1.82804000378,1.84442996979,1.82780003548,1.83877003193,0
2025-04-09 12:00:00+00:00,1.83863997459,1.84168994427,1.83586001396,1.83755004406,0
2025-04-09 13:00:00+00:00,1.8375300169,1.84081995487,1.82376003265,1.8241699934,0
2025-04-09 14:00:00+00:00,1.82302999496,1.8407599926,1.82107996941,1.84069001675,0
2025-04-09 15:00:00+00:00,1.84070003033,1.84370994568,1.83833003044,1.83886003494,0
2025-04-09 16:00:00+00:00,1.83887004852,1.83938002586,1.82782995701,1.82895994186,0
2025-04-09 17:00:00+00:00,1.8289899826,1.83194994926,1.78696000576,1.78788995743,0
2025-04-09 18:00:00+00:00,1.78778004646,1.78877997398,1.77575004101,1.78505003452,0
2025-04-09 19:00:00+00:00,1.78503000736,1.78561997414,1.77453994751,1.77927994728,0
2025-04-09 20:00:00+00:00,1.77951002121,1.78438997269,1.77699995041,1.77846002579,0
2025-04-09 21:00:00+00:00,1.77845001221,1.78060996532,1.77601003647,1.7790800333,0
2025-04-09 22:00:00+00:00,1.77875995636,1.78229999542,1.77574002743,1.78213000298,0
2025-04-09 23:00:00+00:00,1.78208005428,1.78551995754,1.78149998188,1.78527998924,0
2025-04-10 00:00:00+00:00,1.78526997566,1.7935500145,1.78112995625,1.79276001453,0
2025-04-10 01:00:00+00:00,1.79282999039,1.79533004761,1.78893005848,1.7904599905,0
2025-04-10 02:00:00+00:00,1.79039001465,1.79164004326,1.78138995171,1.7825499773,0
2025-04-10 03:00:00+00:00,1.78253996372,1.78440999985,1.77774000168,1.77831995487,0
2025-04-10 04:00:00+00:00,1.77822005749,1.78059995174,1.77433001995,1.77551996708,0
2025-04-10 05:00:00+00:00,1.77544999123,1.7763299942,1.77003002167,1.7723300457,0
2025-04-10 06:00:00+00:00,1.77231001854,1.77525997162,1.76968002319,1.77315998077,0
2025-04-10 07:00:00+00:00,1.77314996719,1.79253995419,1.77044999599,1.78893005848,0
2025-04-10 08:00:00+00:00,1.78891003132,1.79995000362,1.78841996193,1.7935500145,0
2025-04-10 09:00:00+00:00,1.79360997677,1.79692995548,1.78960001469,1.79609000683,0
2025-04-10 10:00:00+00:00,1.79622995853,1.79629004002,1.78759002686,1.79275000095,0
2025-04-10 11:00:00+00:00,1.79261004925,1.79516994953,1.78866994381,1.78968000412,0
2025-04-10 12:00:00+00:00,1.78990995884,1.79870998859,1.78926002979,1.79504001141,0
2025-04-10 13:00:00+00:00,1.79505002499,1.80026996136,1.79191994667,1.79841995239,0
2025-04-10 14:00:00+00:00,1.79852998257,1.80317997932,1.79023003578,1.79091000557,0
2025-04-10 15:00:00+00:00,1.79096996784,1.80926001072,1.78785002232,1.80724000931,0
2025-04-10 16:00:00+00:00,1.807289958,1.81464004517,1.80350005627,1.80649995804,0
2025-04-10 17:00:00+00:00,1.80647003651,1.80853998661,1.79946005344,1.80151998997,0
2025-04-10 18:00:00+00:00,1.80148005486,1.80253994465,1.79512000084,1.79928004742,0
2025-04-10 19:00:00+00:00,1.79930996895,1.80288004875,1.7943199873,1.80164003372,0
2025-04-10 20:00:00+00:00,1.80162000656,1.80182003975,1.79657995701,1.79859995842,0
2025-04-10 21:00:00+00:00,1.79886996746,1.7999099493,1.79366004467,1.79721999168,0
2025-04-10 22:00:00+00:00,1.79711997509,1.80465996265,1.79625999928,1.80321002007,0
2025-04-10 23:00:00+00:00,1.80409002304,1.8092199564,1.80251002312,1.80886995792,0
2025-04-11 00:00:00+00:00,1.80885994434,1.82986998558,1.80804002285,1.8197799921,0
2025-04-11 01:00:00+00:00,1.81990003586,1.81995999813,1.80919003487,1.81199002266,0
2025-04-11 02:00:00+00:00,1.81203997135,1.81693994999,1.80552005768,1.80883002281,0
2025-04-11 03:00:00+00:00,1.80861997604,1.81844997406,1.80861997604,1.81658005714,0
2025-04-11 04:00:00+00:00,1.816650033,1.82782995701,1.81376004219,1.82737994194,0
2025-04-11 05:00:00+00:00,1.82738995552,1.82857000828,1.81640994549,1.82049000263,0
2025-04-11 06:00:00+00:00,1.82044005394,1.82096004486,1.81459999084,1.81997001171,0
2025-04-11 07:00:00+00:00,1.82032001019,1.82761001587,1.818770051,1.82569003105,0
2025-04-11 08:00:00+00:00,1.8256200552,1.8448599577,1.82528996468,1.83747005463,0
2025-04-11 09:00:00+00:00,1.83756995201,1.8378200531,1.82658994198,1.82683002949,0
2025-04-11 10:00:00+00:00,1.82684004307,1.82862997055,1.81746995449,1.81991004944,0
2025-04-11 11:00:00+00:00,1.8200199604,1.82337999344,1.81483995914,1.81550002098,0
2025-04-11 12:00:00+00:00,1.81544005871,1.82238996029,1.81393003464,1.82005000114,0
2025-04-11 13:00:00+00:00,1.82003998756,1.826390028,1.80662000179,1.82058000565,0
2025-04-11 14:00:00+00:00,1.82007002831,1.82690000534,1.81459999084,1.8184800148,0
2025-04-11 15:00:00+00:00,1.81847000122,1.82187998295,1.81362998486,1.81375002861,0
2025-04-11 16:00:00+00:00,1.8136600256,1.81540000439,1.80499994755,1.80755996704,0
2025-04-11 17:00:00+00:00,1.80754005909,1.81000995636,1.79949998856,1.79981994629,0
2025-04-11 18:00:00+00:00,1.79982995987,1.80233001709,1.79820001125,1.80034005642,0
2025-04-11 19:00:00+00:00,1.80044996738,1.80272996426,1.7976000309,1.80221998692,0
2025-04-11 20:00:00+00:00,1.80228996277,1.8065199852,1.80163002014,1.80552995205,0
2025-04-11 21:00:00+00:00,1.80441999435,1.80576002598,1.80441999435,1.80576002598,0
2025-04-13 23:00:00+00:00,1.80426001549,1.80566000938,1.79910004139,1.79998004436,0
2025-04-14 00:00:00+00:00,1.79999995232,1.80693995953,1.79797005653,1.80631005764,0
2025-04-14 01:00:00+00:00,1.80639994144,1.81052994728,1.80384004116,1.8089799881,0
2025-04-14 02:00:00+00:00,1.80886995792,1.81145000458,1.80421996117,1.80450999737,0
2025-04-14 03:00:00+00:00,1.80460000038,1.80847001076,1.80452001095,1.80807995796,0
2025-04-14 04:00:00+00:00,1.80801999569,1.80848002434,1.80514001846,1.80518996716,0
2025-04-14 05:00:00+00:00,1.80526995659,1.8065700531,1.80217003822,1.80638003349,0
2025-04-14 06:00:00+00:00,1.80648005009,1.80868005753,1.80166995525,1.80339002609,0
2025-04-14 07:00:00+00:00,1.80341005325,1.80552005768,1.79983997345,1.80079996586,0
2025-04-14 08:00:00+00:00,1.80067002773,1.80151998997,1.79526996613,1.79700994492,0
2025-04-14 09:00:00+00:00,1.79690003395,1.8015999794,1.79586005211,1.80084002018,0
2025-04-14 10:00:00+00:00,1.80086004734,1.80333995819,1.79771995544,1.80245995522,0
2025-04-14 11:00:00+00:00,1.8025200367,1.80550003052,1.7994799614,1.8035299778,0
2025-04-14 12:00:00+00:00,1.80350005627,1.80500996113,1.79952001572,1.80078005791,0
2025-04-14 13:00:00+00:00,1.80081999302,1.80218994617,1.79733002186,1.80009996891,0
2025-04-14 14:00:00+00:00,1.80007994175,1.80051004887,1.79444003105,1.79675996304,0
2025-04-14 15:00:00+00:00,1.79676997662,1.80228996277,1.79543995857,1.79974997044,0
2025-04-14 16:00:00+00:00,1.79972994328,1.80116999149,1.79543995857,1.79595005512,0
2025-04-14 17:00:00+00:00,1.79609000683,1.79674994946,1.79177999496,1.79316997528,0
2025-04-14 18:00:00+00:00,1.79314994812,1.79384994507,1.7905600071,1.79113996029,0
2025-04-14 19:00:00+00:00,1.79113996029,1.79388999939,1.79094994068,1.79260003567,0
2025-04-14 20:00:00+00:00,1.79252004623,1.79588997364,1.7920999527,1.79278004169,0
2025-04-14 21:00:00+00:00,1.79289996624,1.7957700491,1.79123997688,1.7949899435,0
2025-04-14 22:00:00+00:00,1.79541003704,1.79663002491,1.79436004162,1.79559004307,0
2025-04-14 23:00:00+00:00,1.79580998421,1.79585003853,1.79333996773,1.79388999939,0
2025-04-15 00:00:00+00:00,1.79386997223,1.79401004314,1.78841996193,1.79030001163,0
2025-04-15 01:00:00+00:00,1.79028999805,1.79067003727,1.78445994854,1.78808999062,0
2025-04-15 02:00:00+00:00,1.78815996647,1.78938996792,1.78648996353,1.78847002983,0
2025-04-15 03:00:00+00:00,1.78847002983,1.78908002377,1.78544998169,1.78585994244,0
2025-04-15 04:00:00+00:00,1.78595995903,1.78620004654,1.78119003773,1.78290998936,0
2025-04-15 05:00:00+00:00,1.78290998936,1.78743994236,1.78219997883,1.78697001934,0
2025-04-15 06:00:00+00:00,1.78696000576,1.78873002529,1.78103995323,1.78169000149,0
2025-04-15 07:00:00+00:00,1.78155994415,1.78558003902,1.77846002579,1.78382003307,0
2025-04-15 08:00:00+00:00,1.78387999535,1.78820002079,1.78376996517,1.78674995899,0
2025-04-15 09:00:00+00:00,1.78648996353,1.78831005096,1.78334999084,1.78639996052,0
2025-04-15 10:00:00+00:00,1.78628003597,1.78639996052,1.78234994411,1.78373003006,0
2025-04-15 11:00:00+00:00,1.78373003006,1.78404998779,1.77830994129,1.78079998493,0
2025-04-15 12:00:00+00:00,1.78083002567,1.78187000751,1.77489995956,1.77543997765,0
2025-04-15 13:00:00+00:00,1.77543997765,1.77665996552,1.77244997025,1.77498996258,0
2025-04-15 14:00:00+00:00,1.77488005161,1.77888000011,1.77138996124,1.77775001526,0
2025-04-15 15:00:00+00:00,1.77766001225,1.77992999554,1.77499997616,1.77584004402,0
2025-04-15 16:00:00+00:00,1.77592003345,1.77593994141,1.77207005024,1.77462005615,0
2025-04-15 17:00:00+00:00,1.77461004257,1.77614998817,1.77341997623,1.77428996563,0
2025-04-15 18:00:00+00:00,1.77433001995,1.77716994286,1.77428996563,1.77629005909,0
2025-04-15 19:00:00+00:00,1.77610003948,1.77834999561,1.77583003044,1.77804005146,0
2025-04-15 20:00:00+00:00,1.77804994583,1.77888000011,1.77726995945,1.77746999264,0
2025-04-15 21:00:00+00:00,1.77716004848,1.78009998798,1.77421998978,1.7799500227,0
2025-04-15 22:00:00+00:00,1.77992999554,1.78290998936,1.7795599699,1.78102004528,0
2025-04-15 23:00:00+00:00,1.78090000153,1.78480994701,1.78013002872,1.78172004223,0
2025-04-16 00:00:00+00:00,1.78181004524,1.78726005554,1.78088998795,1.78635001183,0
2025-04-16 01:00:00+00:00,1.78635001183,1.78680002689,1.78392004967,1.7839499712,0
2025-04-16 02:00:00+00:00,1.78399002552,1.78832995892,1.78085005283,1.78728997707,0
2025-04-16 03:00:00+00:00,1.78734004498,1.7885299921,1.78506994247,1.78712999821,0
2025-04-16 04:00:00+00:00,1.7872300148,1.7874699831,1.7850600481,1.7858799696,0
2025-04-16 05:00:00+00:00,1.78585004807,1.79136002064,1.785400033,1.79110002518,0
2025-04-16 06:00:00+00:00,1.79119002819,1.79358994961,1.7883399725,1.78884994984,0
2025-04-16 07:00:00+00:00,1.78893005848,1.79430997372,1.78740000725,1.79311001301,0
2025-04-16 08:00:00+00:00,1.7931599617,1.79367005825,1.77854001522,1.78531002998,0
2025-04-16 09:00:00+00:00,1.78531002998,1.78706002235,1.78237998486,1.78313004971,0
2025-04-16 10:00:00+00:00,1.78321003914,1.78479003906,1.78057003021,1.78250002861,0
2025-04-16 11:00:00+00:00,1.7826499939,1.78389000893,1.78111004829,1.7828400135,0
2025-04-16 12:00:00+00:00,1.78280997276,1.78430998325,1.78050005436,1.78410005569,0
2025-04-16 13:00:00+00:00,1.78408002853,1.78626000881,1.78184998035,1.78316998482,0
2025-04-16 14:00:00+00:00,1.78303003311,1.78613996506,1.78138995171,1.78352999687,0
2025-04-16 15:00:00+00:00,1.78365004063,1.78395998478,1.77792000771,1.78191995621,0
2025-04-16 16:00:00+00:00,1.78184998035,1.78289997578,1.77982997894,1.78176999092,0
2025-04-16 17:00:00+00:00,1.78171002865,1.78925001621,1.77959001064,1.78887999058,0
2025-04-16 18:00:00+00:00,1.78902995586,1.78902995586,1.78562998772,1.7881000042,0
2025-04-16 19:00:00+00:00,1.78796005249,1.79251003265,1.7869399786,1.78762996197,0
2025-04-16 20:00:00+00:00,1.78759002686,1.78902995586,1.78610002995,1.78814005852,0
2025-04-16 21:00:00+00:00,1.78665995598,1.78980994225,1.78665995598,1.78796005249,0
2025-04-16 22:00:00+00:00,1.78878998756,1.78946995735,1.78761005402,1.78811001778,0
2025-04-16 23:00:00+00:00,1.78813004494,1.7896900177,1.78718996048,1.7891099453,0
2025-04-17 00:00:00+00:00,1.78912997246,1.78977000713,1.7853499651,1.78687000275,0
2025-04-17 01:00:00+00:00,1.78700995445,1.7885799408,1.78512001038,1.78751003742,0
2025-04-17 02:00:00+00:00,1.78752994537,1.79026997089,1.78655004501,1.78814005852,0
2025-04-17 03:00:00+00:00,1.78813004494,1.78984999657,1.78696000576,1.788869977,0
2025-04-17 04:00:00+00:00,1.78903996944,1.79319000244,1.78802001476,1.79243004322,0
2025-04-17 05:00:00+00:00,1.79228997231,1.79300999641,1.78928005695,1.79025995731,0
2025-04-17 06:00:00+00:00,1.79025995731,1.79326999187,1.7892999649,1.79212999344,0
2025-04-17 07:00:00+00:00,1.79221999645,1.79395997524,1.78875994682,1.79145002365,0
2025-04-17 08:00:00+00:00,1.79145002365,1.79177999496,1.78947997093,1.79051995277,0
2025-04-17 09:00:00+00:00,1.79042994976,1.79086995125,1.78893005848,1.78971004486,0
2025-04-17 10:00:00+00:00,1.78965997696,1.79017996788,1.78724002838,1.7877099514,0
2025-04-17 11:00:00+00:00,1.7877099514,1.78789997101,1.78515994549,1.78574001789,0
2025-04-17 12:00:00+00:00,1.78576004505,1.78612995148,1.77872002125,1.77945005894,0
2025-04-17 13:00:00+00:00,1.77944004536,1.78319001198,1.77793002129,1.77839004993,0
2025-04-17 14:00:00+00:00,1.77839004993,1.78472995758,1.77804005146,1.78259003162,0
2025-04-17 15:00:00+00:00,1.78255999088,1.78334999084,1.78020000458,1.78067994118,0
2025-04-17 16:00:00+00:00,1.78076994419,1.78125,1.77689003944,1.77768003941,0
2025-04-17 17:00:00+00:00,1.77763998508,1.77911996841,1.77626001835,1.77742004395,0
2025-04-17 18:00:00+00:00,1.77743005753,1.77982997894,1.77592003345,1.77950000763,0
2025-04-17 19:00:00+00:00,1.77948999405,1.78067994118,1.77886998653,1.77988994122,0
2025-04-17 20:00:00+00:00,1.77992999554,1.78003001213,1.77722001076,1.77789998055,0
2025-04-17 21:00:00+00:00,1.77929997444,1.78111004829,1.77661001682,1.77930998802,0
2025-04-17 22:00:00+00:00,1.77867996693,1.78114998341,1.77839994431,1.77945995331,0
2025-04-17 23:00:00+00:00,1.77901005745,1.78080999851,1.77860999107,1.77938997746,0
2025-04-18 00:00:00+00:00,1.77957999706,1.78197002411,1.77801001072,1.78036999702,0
2025-04-18 01:00:00+00:00,1.78041005135,1.7823599577,1.77959001064,1.78225004673,0
2025-04-18 02:00:00+00:00,1.78224003315,1.78573000431,1.78025996685,1.78542995453,0
2025-04-18 03:00:00+00:00,1.78541994095,1.78622996807,1.78100001812,1.7837100029,0
2025-04-18 04:00:00+00:00,1.78333997726,1.78375995159,1.78006994724,1.78138995171,0
2025-04-18 05:00:00+00:00,1.78145003319,1.78404998779,1.7806199789,1.78277003765,0
2025-04-18 06:00:00+00:00,1.78289997578,1.78358995914,1.77997004986,1.7803299427,0
2025-04-18 07:00:00+00:00,1.7803299427,1.78551995754,1.77960002422,1.78469002247,0
2025-04-18 08:00:00+00:00,1.78468000889,1.78542995453,1.78377997875,1.7850099802,0
2025-04-18 09:00:00+00:00,1.78507995605,1.7853000164,1.78252995014,1.78381001949,0
2025-04-18 10:00:00+00:00,1.78384995461,1.78550004959,1.7829400301,1.78398001194,0
2025-04-18 11:00:00+00:00,1.78415000439,1.78602004051,1.78311002254,1.78517997265,0
2025-04-18 12:00:00+00:00,1.78497004509,1.78622996807,1.78416001797,1.78568005562,0
2025-04-18 13:00:00+00:00,1.78557002544,1.78649997711,1.78420996666,1.78517997265,0
2025-04-18 14:00:00+00:00,1.78518998623,1.78868997097,1.78474998474,1.7882399559,0
2025-04-18 15:00:00+00:00,1.78846001625,1.78846001625,1.78638005257,1.78701996803,0
2025-04-18 16:00:00+00:00,1.78701996803,1.78749001026,1.78595995903,1.78708994389,0
2025-04-18 17:00:00+00:00,1.78708994389,1.78744995594,1.78579998016,1.78654003143,0
2025-04-18 18:00:00+00:00,1.78647005558,1.78697001934,1.78603994846,1.7866499424,0
2025-04-18 19:00:00+00:00,1.7866499424,1.78733003139,1.78641998768,1.78710997105,0
2025-04-18 20:00:00+00:00,1.7871799469,1.78737998009,1.78550004959,1.78568005562,0
2025-04-18 21:00:00+00:00,1.78569996357,1.78620994091,1.78569996357,1.78620994091,0
2025-04-20 23:00:00+00:00,1.79110002518,1.79265999794,1.79057002068,1.79159998894,0
2025-04-21 00:00:00+00:00,1.79180002213,1.79581999779,1.79117000103,1.79548001289,0
2025-04-21 01:00:00+00:00,1.79548001289,1.7973099947,1.79367005825,1.79519999027,0
2025-04-21 02:00:00+00:00,1.79527997971,1.80175995827,1.79440999031,1.79770004749,0
2025-04-21 03:00:00+00:00,1.79762005806,1.79842996597,1.79181003571,1.79233002663,0
2025-04-21 04:00:00+00:00,1.79228997231,1.79523003101,1.79159998894,1.79457998276,0
2025-04-21 05:00:00+00:00,1.79458999634,1.79546999931,1.79313004017,1.79370999336,0
2025-04-21 06:00:00+00:00,1.79370999336,1.79439997673,1.79183995724,1.79339003563,0
2025-04-21 07:00:00+00:00,1.79341995716,1.79764997959,1.79212999344,1.79596996307,0
2025-04-21 08:00:00+00:00,1.79605996609,1.79879999161,1.79513001442,1.79759001732,0
2025-04-21 09:00:00+00:00,1.79758000374,1.79984998703,1.7956700325,1.79723000526,0
2025-04-21 10:00:00+00:00,1.79723000526,1.79735994339,1.79319000244,1.79366004467,0
2025-04-21 11:00:00+00:00,1.79367995262,1.79744005203,1.79181003571,1.79666996002,0
2025-04-21 12:00:00+00:00,1.79660999775,1.7986600399,1.79351997375,1.79501998425,0
2025-04-21 13:00:00+00:00,1.79491996765,1.79518997669,1.79047000408,1.79304003716,0
2025-04-21 14:00:00+00:00,1.79305994511,1.79445004463,1.78978002071,1.79130005836,0
2025-04-21 15:00:00+00:00,1.79129004478,1.79523003101,1.79015004635,1.7950899601,0
2025-04-21 16:00:00+00:00,1.79501998425,1.79586994648,1.7932100296,1.79463005066,0
2025-04-21 17:00:00+00:00,1.79463005066,1.79735004902,1.79426002502,1.7972099781,0
2025-04-21 18:00:00+00:00,1.79719996452,1.79862999916,1.79583001137,1.79645001888,0
2025-04-21 19:00:00+00:00,1.7965400219,1.79693996906,1.79323995113,1.79366004467,0
2025-04-21 20:00:00+00:00,1.79372000694,1.79440999031,1.79235005379,1.79419994354,0
2025-04-21 21:00:00+00:00,1.79391002655,1.79583001137,1.79293000698,1.79440999031,0
2025-04-21 22:00:00+00:00,1.7940299511,1.79650998116,1.79276001453,1.79606997967,0
2025-04-21 23:00:00+00:00,1.79602003098,1.79624998569,1.79212999344,1.79286003113,0
2025-04-22 00:00:00+00:00,1.79282999039,1.79385995865,1.79148995876,1.7929199934,0
2025-04-22 01:00:00+00:00,1.7929199934,1.79294002056,1.78895998001,1.79139995575,0
2025-04-22 02:00:00+00:00,1.79147994518,1.79337000847,1.79027998447,1.79279005527,0
2025-04-22 03:00:00+00:00,1.79275000095,1.79540002346,1.79170000553,1.79279994965,0
2025-04-22 04:00:00+00:00,1.79277002811,1.79411995411,1.79172003269,1.79254996777,0
2025-04-22 05:00:00+00:00,1.79267001152,1.79604005814,1.79189002514,1.79322004318,0
2025-04-22 06:00:00+00:00,1.79312002659,1.79377996922,1.7892999649,1.79071998596,0
2025-04-22 07:00:00+00:00,1.7906999588,1.79360997677,1.78898000717,1.79302000999,0
2025-04-22 08:00:00+00:00,1.79300999641,1.79472994804,1.79040002823,1.79425001144,0
2025-04-22 09:00:00+00:00,1.79426002502,1.79607999325,1.79351997375,1.79486000538,0
2025-04-22 10:00:00+00:00,1.79487001896,1.79674005508,1.79419994354,1.79533994198,0
2025-04-22 11:00:00+00:00,1.79525005817,1.79785001278,1.7942700386,1.79594004154,0
2025-04-22 12:00:00+00:00,1.79592001438,1.79642999172,1.79343998432,1.79458999634,0
2025-04-22 13:00:00+00:00,1.79462003708,1.79832994938,1.79418003559,1.79665005207,0
2025-04-22 14:00:00+00:00,1.79647994041,1.79752004147,1.79372000694,1.79628002644,0
2025-04-22 15:00:00+00:00,1.79632997513,1.79803001881,1.79361999035,1.79434001446,0
2025-04-22 16:00:00+00:00,1.79437994957,1.79444003105,1.78644001484,1.78740000725,0
2025-04-22 17:00:00+00:00,1.78727996349,1.79479002953,1.785779953,1.79405999184,0
2025-04-22 18:00:00+00:00,1.79411995411,1.79419994354,1.79052996635,1.79229998589,0
2025-04-22 19:00:00+00:00,1.79227995872,1.79606997967,1.79113996029,1.79463005066,0
2025-04-22 20:00:00+00:00,1.79463005066,1.79498004913,1.79251003265,1.79254996777,0
2025-04-22 21:00:00+00:00,1.79212999344,1.79412996769,1.78024995327,1.78351998329,0
2025-04-22 22:00:00+00:00,1.78357005119,1.78689002991,1.78023004532,1.7826499939,0
2025-04-22 23:00:00+00:00,1.78233003616,1.78360998631,1.77898001671,1.78041005135,0
2025-04-23 00:00:00+00:00,1.78051996231,1.78258001804,1.7795599699,1.78225004673,0
2025-04-23 01:00:00+00:00,1.78240001202,1.78507995605,1.77848994732,1.78357994556,0
2025-04-23 02:00:00+00:00,1.7834700346,1.78498995304,1.78222000599,1.78485000134,0
2025-04-23 03:00:00+00:00,1.78478002548,1.78549003601,1.77969002724,1.78056001663,0
2025-04-23 04:00:00+00:00,1.78057003021,1.78173005581,1.77899003029,1.78122997284,0
2025-04-23 05:00:00+00:00,1.78121995926,1.7821199894,1.77771997452,1.77853000164,0
2025-04-23 06:00:00+00:00,1.77854001522,1.77930998802,1.77222001553,1.77354001999,0
2025-04-23 07:00:00+00:00,1.77345001698,1.77883005142,1.77300000191,1.77595996857,0
2025-04-23 08:00:00+00:00,1.77592003345,1.78190994263,1.77409005165,1.78006994724,0
2025-04-23 09:00:00+00:00,1.78007996082,1.78366994858,1.77928996086,1.7798999548,0
2025-04-23 10:00:00+00:00,1.77988004684,1.78087997437,1.7780200243,1.77921998501,0
2025-04-23 11:00:00+00:00,1.77936995029,1.78052997589,1.77769994736,1.78012001514,0
2025-04-23 12:00:00+00:00,1.78015005589,1.78208005428,1.77691996098,1.77759003639,0
2025-04-23 13:00:00+00:00,1.77752995491,1.77917003632,1.76722002029,1.76744997501,0
2025-04-23 14:00:00+00:00,1.76731002331,1.774979949,1.7660599947,1.77149999142,0
2025-04-23 15:00:00+00:00,1.77147996426,1.78407001495,1.76923000813,1.78046000004,0
2025-04-23 16:00:00+00:00,1.78047001362,1.78615999222,1.7796599865,1.78050005436,0
2025-04-23 17:00:00+00:00,1.78050005436,1.78199005127,1.77744996548,1.77884995937,0
2025-04-23 18:00:00+00:00,1.77881002426,1.7798999548,1.77691996098,1.77922999859,0
2025-04-23 19:00:00+00:00,1.77933001518,1.78249001503,1.77840995789,1.78172004223,0
2025-04-23 20:00:00+00:00,1.78158998489,1.78173995018,1.77792000771,1.77927994728,0
2025-04-23 21:00:00+00:00,1.77839994431,1.77929997444,1.7755600214,1.7784999609,0
2025-04-23 22:00:00+00:00,1.77830004692,1.78182995319,1.77830004692,1.7804299593,0
2025-04-23 23:00:00+00:00,1.78044998646,1.78137004375,1.77874004841,1.78033995628,0
2025-04-24 00:00:00+00:00,1.78032004833,1.78293001652,1.77753996849,1.78224003315,0
2025-04-24 01:00:00+00:00,1.78233003616,1.78619003296,1.78190004826,1.78569996357,0
2025-04-24 02:00:00+00:00,1.78559994698,1.78675997257,1.78237998486,1.78299999237,0
2025-04-24 03:00:00+00:00,1.78304004669,1.78508996964,1.78181004524,1.78287005424,0
2025-04-24 04:00:00+00:00,1.78289997578,1.78389000893,1.78120005131,1.78311002254,0
2025-04-24 05:00:00+00:00,1.78310000896,1.7869900465,1.78165996075,1.78604996204,0
2025-04-24 06:00:00+00:00,1.78591001034,1.78666996956,1.78118002415,1.78200995922,0
2025-04-24 07:00:00+00:00,1.78199994564,1.78466999531,1.78120994568,1.7822599411,0
2025-04-24 08:00:00+00:00,1.78252005577,1.78494000435,1.78155994415,1.78470003605,0
2025-04-24 09:00:00+00:00,1.78469002247,1.78515005112,1.7818800211,1.78303003311,0
2025-04-24 10:00:00+00:00,1.78304994106,1.78411996365,1.78128004074,1.78220999241,0
2025-04-24 11:00:00+00:00,1.78222000599,1.78497004509,1.78144001961,1.7839499712,0
2025-04-24 12:00:00+00:00,1.7839499712,1.78402996063,1.77974998951,1.78270995617,0
2025-04-24 13:00:00+00:00,1.78271996975,1.78354001045,1.78012001514,1.7810100317,0
2025-04-24 14:00:00+00:00,1.78120994568,1.78139996529,1.77651000023,1.77697002888,0
2025-04-24 15:00:00+00:00,1.7769099474,1.77798998356,1.77456998825,1.77674996853,0
2025-04-24 16:00:00+00:00,1.77676999569,1.77804994583,1.77546000481,1.77612996101,0
2025-04-24 17:00:00+00:00,1.77611005306,1.77760994434,1.77567994595,1.77645003796,0
2025-04-24 18:00:00+00:00,1.77640998363,1.77702999115,1.77546000481,1.77695000172,0
2025-04-24 19:00:00+00:00,1.77701997757,1.77839994431,1.77640998363,1.77717995644,0
2025-04-24 20:00:00+00:00,1.77716994286,1.77770996094,1.77562999725,1.77657997608,0
2025-04-24 21:00:00+00:00,1.77555000782,1.77863001823,1.77479994297,1.77565002441,0
2025-04-24 22:00:00+00:00,1.77565002441,1.77690005302,1.77448999882,1.77651000023,0
2025-04-24 23:00:00+00:00,1.77637994289,1.77697002888,1.77547001839,1.77684998512,0
2025-04-25 00:00:00+00:00,1.77682995796,1.77684998512,1.77188003063,1.77215003967,0
2025-04-25 01:00:00+00:00,1.77225995064,1.77464997768,1.77109003067,1.77376997471,0
2025-04-25 02:00:00+00:00,1.77365005016,1.77477002144,1.77260005474,1.77321004868,0
2025-04-25 03:00:00+00:00,1.77313995361,1.77332997322,1.76510000229,1.76558995247,0
2025-04-25 04:00:00+00:00,1.7655800581,1.76938998699,1.76479995251,1.76925003529,0
2025-04-25 05:00:00+00:00,1.76935994625,1.77200996876,1.76833999157,1.77184998989,0
2025-04-25 06:00:00+00:00,1.77172005177,1.77447998524,1.77057003975,1.77067995071,0
2025-04-25 07:00:00+00:00,1.77066004276,1.777780056,1.76919996738,1.77509999275,0
2025-04-25 08:00:00+00:00,1.77500998974,1.77769005299,1.77418994904,1.77611994743,0
2025-04-25 09:00:00+00:00,1.7761900425,1.78059005737,1.776039958,1.77968001366,0
2025-04-25 10:00:00+00:00,1.77962005138,1.78105998039,1.77601003647,1.78053998947,0
2025-04-25 11:00:00+00:00,1.78050005436,1.78135001659,1.77821004391,1.77884995937,0
2025-04-25 12:00:00+00:00,1.77882003784,1.78039002419,1.77810001373,1.7790299654,0
2025-04-25 13:00:00+00:00,1.77894997597,1.77968001366,1.77551996708,1.77748000622,0
2025-04-25 14:00:00+00:00,1.77753996849,1.78092002869,1.77523005009,1.77894997597,0
2025-04-25 15:00:00+00:00,1.77891004086,1.78027999401,1.77734994888,1.77953004837,0
2025-04-25 16:00:00+00:00,1.77945005894,1.78050005436,1.77699005604,1.77748000622,0
2025-04-25 17:00:00+00:00,1.77744996548,1.78091001511,1.77514004707,1.77962994576,0
2025-04-25 18:00:00+00:00,1.77954995632,1.77996003628,1.77639997005,1.77734994888,0
2025-04-25 19:00:00+00:00,1.77726995945,1.77766001225,1.77435994148,1.7747900486,0
2025-04-25 20:00:00+00:00,1.77479994297,1.77620005608,1.77411997318,1.77558004856,0
2025-04-25 21:00:00+00:00,1.77626001835,1.77646994591,1.77626001835,1.77646994591,0
2025-04-27 23:00:00+00:00,1.77506995201,1.77813994884,1.7746399641,1.77757000923,0
2025-04-28 00:00:00+00:00,1.77744996548,1.78034996986,1.77740001678,1.7790800333,0
2025-04-28 01:00:00+00:00,1.7790800333,1.77972996235,1.7768599987,1.77890002728,0
2025-04-28 02:00:00+00:00,1.7787899971,1.78027999401,1.77753996849,1.77988994122,0
2025-04-28 03:00:00+00:00,1.77988994122,1.78139996529,1.77711999416,1.7782599926,0
2025-04-28 04:00:00+00:00,1.77821004391,1.77836000919,1.77500998974,1.77612996101,0
2025-04-28 05:00:00+00:00,1.77597999573,1.7780200243,1.77557003498,1.77590000629,0
2025-04-28 06:00:00+00:00,1.77591001987,1.77818000317,1.77427005768,1.77481997013,0
2025-04-28 07:00:00+00:00,1.77479994297,1.78150999546,1.77471995354,1.78092002869,0
2025-04-28 08:00:00+00:00,1.78103005886,1.78175997734,1.77732002735,1.77799999714,0
2025-04-28 09:00:00+00:00,1.77798998356,1.77823996544,1.77324998379,1.77444005013,0
2025-04-28 10:00:00+00:00,1.77442002296,1.77578997612,1.77359998226,1.77470004559,0
2025-04-28 11:00:00+00:00,1.77471005917,1.77506995201,1.77269995213,1.77497005463,0
2025-04-28 12:00:00+00:00,1.77488994598,1.77608001232,1.77383995056,1.77490997314,0
2025-04-28 13:00:00+00:00,1.77483999729,1.77558004856,1.77177000046,1.77341997623,0
2025-04-28 14:00:00+00:00,1.77342998981,1.77527999878,1.77103996277,1.77129995823,0
2025-04-28 15:00:00+00:00,1.7714600563,1.77638995647,1.77109003067,1.77576005459,0
2025-04-28 16:00:00+00:00,1.77574002743,1.77928996086,1.77472996712,1.77792000771,0
2025-04-28 17:00:00+00:00,1.77795004845,1.77946996689,1.77605998516,1.77655994892,0
2025-04-28 18:00:00+00:00,1.7765699625,1.77674996853,1.77518999577,1.77623999119,0
2025-04-28 19:00:00+00:00,1.77626001835,1.77669000626,1.77471995354,1.77509999275,0
2025-04-28 20:00:00+00:00,1.77513003349,1.776039958,1.77409994602,1.77462995052,0
2025-04-28 21:00:00+00:00,1.77469003201,1.77628004551,1.77456998825,1.77540004253,0
2025-04-28 22:00:00+00:00,1.77587997913,1.77604997158,1.77429997921,1.77508997917,0
2025-04-28 23:00:00+00:00,1.77488994598,1.77591001987,1.77335000038,1.77456998825,0
2025-04-29 00:00:00+00:00,1.77455997467,1.77674996853,1.77298998833,1.77339994907,0
2025-04-29 01:00:00+00:00,1.77336001396,1.7747399807,1.77155995369,1.77205002308,0
2025-04-29 02:00:00+00:00,1.77202999592,1.77480995655,1.76996004581,1.77429997921,0
2025-04-29 03:00:00+00:00,1.7742099762,1.7757999897,1.77385997772,1.77524995804,0
2025-04-29 04:00:00+00:00,1.77523005009,1.77610003948,1.77360999584,1.77428996563,0
2025-04-29 05:00:00+00:00,1.77430999279,1.77618002892,1.77356994152,1.77557003498,0
2025-04-29 06:00:00+00:00,1.77558004856,1.77562999725,1.77223002911,1.77391004562,0
2025-04-29 07:00:00+00:00,1.77394998074,1.77672994137,1.77261996269,1.7734400034,0
2025-04-29 08:00:00+00:00,1.77339994907,1.77534997463,1.77305996418,1.77374994755,0
2025-04-29 09:00:00+00:00,1.77362000942,1.77661001682,1.77347004414,1.77512001991,0
2025-04-29 10:00:00+00:00,1.77506995201,1.77801001072,1.77403998375,1.77787005901,0
2025-04-29 11:00:00+00:00,1.77794003487,1.77880001068,1.77590000629,1.77637004852,0
2025-04-29 12:00:00+00:00,1.77637004852,1.77981996536,1.77429997921,1.7796599865,0
2025-04-29 13:00:00+00:00,1.7797100544,1.78337001801,1.77885997295,1.78252995014,0
2025-04-29 14:00:00+00:00,1.78255999088,1.78880000114,1.78203999996,1.78410995007,0
2025-04-29 15:00:00+00:00,1.78409004211,1.78574001789,1.78327000141,1.78508996964,0
2025-04-29 16:00:00+00:00,1.78509998322,1.78632998466,1.78325998783,1.78573000431,0
2025-04-29 17:00:00+00:00,1.78558003902,1.78588998318,1.78155994415,1.78220999241,0
2025-04-29 18:00:00+00:00,1.78217995167,1.78325998783,1.78140997887,1.78227996826,0
2025-04-29 19:00:00+00:00,1.78234994411,1.78395998478,1.78173995018,1.78297996521,0
2025-04-29 20:00:00+00:00,1.78301000595,1.78412997723,1.78240001202,1.78314995766,0
2025-04-29 21:00:00+00:00,1.78269994259,1.78454005718,1.78106999397,1.78243005276,0
2025-04-29 22:00:00+00:00,1.78242003918,1.78471004963,1.78174996376,1.78446996212,0
2025-04-29 23:00:00+00:00,1.78448998928,1.78471004963,1.78282999992,1.78321003914,0
2025-04-30 00:00:00+00:00,1.78310000896,1.78413999081,1.78238999844,1.78304004669,0
2025-04-30 01:00:00+00:00,1.78304004669,1.78352999687,1.77476000786,1.77535998821,0
2025-04-30 02:00:00+00:00,1.77535998821,1.77788996696,1.7745000124,1.77737998962,0
2025-04-30 03:00:00+00:00,1.77734994888,1.77819001675,1.77602994442,1.77675998211,0
2025-04-30 04:00:00+00:00,1.77671003342,1.77676999569,1.77289998531,1.77302002907,0
2025-04-30 05:00:00+00:00,1.77313995361,1.77451002598,1.77270996571,1.77390003204,0
2025-04-30 06:00:00+00:00,1.77398002148,1.77864003181,1.77197003365,1.77664005756,0
2025-04-30 07:00:00+00:00,1.77661001682,1.7801400423,1.77621996403,1.77927005291,0
2025-04-30 08:00:00+00:00,1.77927005291,1.78041005135,1.77798998356,1.77915000916,0
2025-04-30 09:00:00+00:00,1.77913999557,1.77988994122,1.77611005306,1.77649998665,0
2025-04-30 10:00:00+00:00,1.7764300108,1.77856004238,1.77597999573,1.7769099474,0
2025-04-30 11:00:00+00:00,1.7769600153,1.77979004383,1.776720047,1.77944004536,0
2025-04-30 12:00:00+00:00,1.77938997746,1.78691995144,1.77866005898,1.7847700119,0
2025-04-30 13:00:00+00:00,1.78465998173,1.78830003738,1.78158998489,1.78750002384,0
2025-04-30 14:00:00+00:00,1.78772997856,1.78798997402,1.77512001991,1.77670001984,0
2025-04-30 15:00:00+00:00,1.77669000626,1.77811002731,1.77058005333,1.77365005016,0
2025-04-30 16:00:00+00:00,1.77365994453,1.77655994892,1.77356004715,1.77558004856,0
2025-04-30 17:00:00+00:00,1.77558994293,1.77658998966,1.77306997776,1.77368998528,0
2025-04-30 18:00:00+00:00,1.77368998528,1.7741099596,1.77023994923,1.7722799778,0
2025-04-30 19:00:00+00:00,1.77222001553,1.77253997326,1.76760005951,1.76888000965,0
2025-04-30 20:00:00+00:00,1.76886999607,1.76946997643,1.76693999767,1.76810002327,0
2025-04-30 21:00:00+00:00,1.76812005043,1.77139997482,1.76744997501,1.76920998096,0
2025-04-30 22:00:00+00:00,1.76925003529,1.76965999603,1.76678001881,1.76708996296,0
2025-04-30 23:00:00+00:00,1.76706004143,1.76743996143,1.7654299736,1.76611995697,0
2025-05-01 00:00:00+00:00,1.76612997055,1.76721000671,1.76480996609,1.76531994343,0
2025-05-01 01:00:00+00:00,1.76531004906,1.76602995396,1.7634999752,1.76434004307,0
2025-05-01 02:00:00+00:00,1.76433002949,1.76452994347,1.75966000557,1.76262998581,0
2025-05-01 03:00:00+00:00,1.76248002052,1.76546001434,1.76248002052,1.76546001434,0
2025-05-01 04:00:00+00:00,1.76534998417,1.76761996746,1.7646600008,1.76581001282,0
2025-05-01 05:00:00+00:00,1.76578998566,1.76810002327,1.76443994045,1.767359972,0
2025-05-01 06:00:00+00:00,1.76732003689,1.76789999008,1.7656699419,1.766299963,0
2025-05-01 07:00:00+00:00,1.76639997959,1.77144002914,1.76540005207,1.7712700367,0
2025-05-01 08:00:00+00:00,1.77126002312,1.77401995659,1.77114999294,1.77218997478,0
2025-05-01 09:00:00+00:00,1.77225005627,1.77490997314,1.7711199522,1.77435994148,0
2025-05-01 10:00:00+00:00,1.77435994148,1.7752699852,1.77177000046,1.77213001251,0
2025-05-01 11:00:00+00:00,1.77211999893,1.77362000942,1.77030003071,1.77126002312,0
2025-05-01 12:00:00+00:00,1.7712700367,1.77347004414,1.77026998997,1.77173995972,0
2025-05-01 13:00:00+00:00,1.77163004875,1.77382004261,1.77048003674,1.77205002308,0
2025-05-01 14:00:00+00:00,1.77209997177,1.77237999439,1.76603996754,1.76713001728,0
2025-05-01 15:00:00+00:00,1.76706004143,1.77050995827,1.7655299902,1.77023005486,0
2025-05-01 16:00:00+00:00,1.77020001411,1.77236998081,1.76972997189,1.77177000046,0
2025-05-01 17:00:00+00:00,1.77178001404,1.77189004421,1.76877999306,1.76998996735,0
2025-05-01 18:00:00+00:00,1.77002000809,1.7703499794,1.76620995998,1.76723003387,0
2025-05-01 19:00:00+00:00,1.76732003689,1.76870000362,1.76644003391,1.76835000515,0
2025-05-01 20:00:00+00:00,1.76833999157,1.76943004131,1.767359972,1.76736998558,0
2025-05-01 21:00:00+00:00,1.76748001575,1.77037000656,1.76653003693,1.7679899931,0
2025-05-01 22:00:00+00:00,1.76795005798,1.77020001411,1.76696002483,1.76923000813,0
2025-05-01 23:00:00+00:00,1.7692899704,1.76969003677,1.76786994934,1.7689499855,0
2025-05-02 00:00:00+00:00,1.76877999306,1.76935994625,1.75923001766,1.76119995117,0
2025-05-02 01:00:00+00:00,1.76115000248,1.76338005066,1.76056003571,1.76241004467,0
2025-05-02 02:00:00+00:00,1.76242005825,1.76309001446,1.76115000248,1.76225996017,0
2025-05-02 03:00:00+00:00,1.76238000393,1.76507997513,1.76152002811,1.76252996922,0
2025-05-02 04:00:00+00:00,1.76240003109,1.76584005356,1.76224994659,1.76258003712,0
2025-05-02 05:00:00+00:00,1.7625900507,1.76451003551,1.76224994659,1.76426005363,0
2025-05-02 06:00:00+00:00,1.76421999931,1.76721000671,1.76310002804,1.76610994339,0
2025-05-02 07:00:00+00:00,1.76610004902,1.76621997356,1.76308000088,1.7658200264,0
2025-05-02 08:00:00+00:00,1.76585996151,1.76644003391,1.76357996464,1.76514995098,0
2025-05-02 09:00:00+00:00,1.76480996609,1.76557004452,1.76087999344,1.76198995113,0
2025-05-02 10:00:00+00:00,1.76208996773,1.76305997372,1.76127994061,1.76235997677,0
2025-05-02 11:00:00+00:00,1.76232004166,1.76393997669,1.75968003273,1.76362001896,0
2025-05-02 12:00:00+00:00,1.76371002197,1.76388001442,1.75527000427,1.75599002838,0
2025-05-02 13:00:00+00:00,1.75599002838,1.76134002209,1.75495994091,1.76110994816,0
2025-05-02 14:00:00+00:00,1.76121997833,1.76182997227,1.75639998913,1.75813996792,0
2025-05-02 15:00:00+00:00,1.75820994377,1.75980997086,1.75686001778,1.75776004791,0
2025-05-02 16:00:00+00:00,1.75776994228,1.75828003883,1.75384998322,1.75519001484,0
2025-05-02 17:00:00+00:00,1.75524997711,1.75634002686,1.75253999233,1.75338995457,0
2025-05-02 18:00:00+00:00,1.75346004963,1.75435996056,1.75243997574,1.75356996059,0
2025-05-02 19:00:00+00:00,1.75355994701,1.75479996204,1.75226998329,1.75329995155,0
2025-05-02 20:00:00+00:00,1.75318002701,1.75323998928,1.75093996525,1.75180995464,0
2025-05-02 21:00:00+00:00,1.75270998478,1.75270998478,1.75270998478,1.75270998478,0
2025-05-04 23:00:00+00:00,1.7515900135,1.75695002079,1.75125002861,1.7567499876,0
2025-05-05 00:00:00+00:00,1.7567499876,1.75868999958,1.75604999065,1.75662994385,0
2025-05-05 01:00:00+00:00,1.75662004948,1.75688004494,1.74916994572,1.75262999535,0
2025-05-05 02:00:00+00:00,1.75257003307,1.75391995907,1.75183999538,1.75325000286,0
2025-05-05 03:00:00+00:00,1.75326001644,1.75410997868,1.75262999535,1.75329005718,0
2025-05-05 04:00:00+00:00,1.75320005417,1.75406002998,1.75212001801,1.75266003609,0
2025-05-05 05:00:00+00:00,1.75262999535,1.75274002552,1.74804997444,1.74958002567,0
2025-05-05 06:00:00+00:00,1.74953997135,1.75143003464,1.74887001514,1.75038003922,0
2025-05-05 07:00:00+00:00,1.75047004223,1.75100004673,1.74793994427,1.74969995022,0
2025-05-05 08:00:00+00:00,1.74965000153,1.75002002716,1.74603998661,1.74838995934,0
2025-05-05 09:00:00+00:00,1.74838995934,1.7484600544,1.7461400032,1.74699997902,0
2025-05-05 10:00:00+00:00,1.74705004692,1.74984002113,1.7463799715,1.74978995323,0
2025-05-05 11:00:00+00:00,1.74974000454,1.74987995625,1.74810004234,1.74924004078,0
2025-05-05 12:00:00+00:00,1.74914002419,1.75136005878,1.74844002724,1.75099003315,0
2025-05-05 13:00:00+00:00,1.75102996826,1.75297999382,1.74939000607,1.75162994862,0
2025-05-05 14:00:00+00:00,1.75162994862,1.75313997269,1.7483600378,1.74933004379,0
2025-05-05 15:00:00+00:00,1.74933004379,1.75057995319,1.7483099699,1.74856996536,0
2025-05-05 16:00:00+00:00,1.7484600544,1.74863994122,1.74688994884,1.74829995632,0
2025-05-05 17:00:00+00:00,1.74819004536,1.74944996834,1.74751996994,1.74805998802,0
2025-05-05 18:00:00+00:00,1.7480700016,1.74958002567,1.74770998955,1.74911999702,0
2025-05-05 19:00:00+00:00,1.7492300272,1.74975001812,1.74828994274,1.74895000458,0
2025-05-05 20:00:00+00:00,1.74895000458,1.74993002415,1.74826002121,1.74865996838,0
2025-05-05 21:00:00+00:00,1.74803996086,1.7506300211,1.74801003933,1.74986004829,0
2025-05-05 22:00:00+00:00,1.74986004829,1.75054001808,1.74890005589,1.74986994267,0
2025-05-05 23:00:00+00:00,1.74972999096,1.75101995468,1.74915003777,1.7508699894,0
2025-05-06 00:00:00+00:00,1.75074005127,1.7510099411,1.748939991,1.75007998943,0
2025-05-06 01:00:00+00:00,1.75001001358,1.75179994106,1.74820005894,1.75154995918,0
2025-05-06 02:00:00+00:00,1.75154995918,1.75257003307,1.75018000603,1.75162994862,0
2025-05-06 03:00:00+00:00,1.75162994862,1.75306999683,1.75091004372,1.75145995617,0
2025-05-06 04:00:00+00:00,1.75136995316,1.75205004215,1.75004994869,1.75034999847,0
2025-05-06 05:00:00+00:00,1.75042998791,1.75434994698,1.75004005432,1.75374996662,0
2025-05-06 06:00:00+00:00,1.75373005867,1.75689005852,1.75309002399,1.753469944,0
2025-05-06 07:00:00+00:00,1.753469944,1.75668001175,1.75239002705,1.75563001633,0
2025-05-06 08:00:00+00:00,1.75566005707,1.75736999512,1.75442004204,1.75550997257,0
2025-05-06 09:00:00+00:00,1.75548994541,1.75758004189,1.75397002697,1.75489997864,0
2025-05-06 10:00:00+00:00,1.75480997562,1.75577998161,1.75338995457,1.75418996811,0
2025-05-06 11:00:00+00:00,1.75417995453,1.75467002392,1.75209999084,1.75260996819,0
2025-05-06 12:00:00+00:00,1.75251996517,1.75379002094,1.75177001953,1.75304996967,0
2025-05-06 13:00:00+00:00,1.75304996967,1.75487005711,1.75113999844,1.75348997116,0
2025-05-06 14:00:00+00:00,1.75331997871,1.75394999981,1.74990999699,1.75045001507,0
2025-05-06 15:00:00+00:00,1.7503900528,1.75089001656,1.74761998653,1.74839997292,0
2025-05-06 16:00:00+00:00,1.74848997593,1.74951004982,1.74612998962,1.74925994873,0
2025-05-06 17:00:00+00:00,1.74934995174,1.75240004063,1.74853003025,1.75127005577,0
2025-05-06 18:00:00+00:00,1.75118994713,1.7513999939,1.74888002872,1.75022995472,0
2025-05-06 19:00:00+00:00,1.75014996529,1.75073003769,1.74931001663,1.75012004375,0
2025-05-06 20:00:00+00:00,1.75019001961,1.75225996971,1.74916005135,1.74934005737,0
2025-05-06 21:00:00+00:00,1.74937999249,1.75173997879,1.74819004536,1.75136995316,0
2025-05-06 22:00:00+00:00,1.7513999939,1.75173997879,1.73843002319,1.74162995815,0
2025-05-06 23:00:00+00:00,1.74258005619,1.74409997463,1.74120998383,1.74368000031,0
2025-05-07 00:00:00+00:00,1.74360001087,1.74668002129,1.74308001995,1.74468994141,0
2025-05-07 01:00:00+00:00,1.74460995197,1.74767994881,1.74200999737,1.74636995792,0
2025-05-07 02:00:00+00:00,1.74643003941,1.7502900362,1.74633002281,1.74873995781,0
2025-05-07 03:00:00+00:00,1.74875998497,1.74986994267,1.74705994129,1.74955999851,0
2025-05-07 04:00:00+00:00,1.74953997135,1.75136005878,1.74848997593,1.75055003166,0
2025-05-07 05:00:00+00:00,1.75051999092,1.75344002247,1.74963998795,1.75321996212,0
2025-05-07 06:00:00+00:00,1.75321996212,1.754150033,1.75117003918,1.75355005264,0
2025-05-07 07:00:00+00:00,1.75356996059,1.7550599575,1.75176000595,1.75247001648,0
2025-05-07 08:00:00+00:00,1.75244998932,1.75580000877,1.75214004517,1.75478994846,0
2025-05-07 09:00:00+00:00,1.75479996204,1.75646996498,1.75390994549,1.75567996502,0
2025-05-07 10:00:00+00:00,1.75566005707,1.7564599514,1.75402998924,1.75443994999,0
2025-05-07 11:00:00+00:00,1.75444996357,1.75648999214,1.75363004208,1.75457000732,0
2025-05-07 12:00:00+00:00,1.75443994999,1.75630998611,1.7540500164,1.75582003593,0
2025-05-07 13:00:00+00:00,1.75583994389,1.75840997696,1.75516998768,1.75557005405,0
2025-05-07 14:00:00+00:00,1.75566995144,1.75846004486,1.75547003746,1.75720000267,0
2025-05-07 15:00:00+00:00,1.75730001926,1.758679986,1.75562000275,1.75634002686,0
2025-05-07 16:00:00+00:00,1.756270051,1.75846004486,1.75557005405,1.75615000725,0
2025-05-07 17:00:00+00:00,1.75602996349,1.75850999355,1.7550599575,1.75724995136,0
2025-05-07 18:00:00+00:00,1.75733995438,1.76125001907,1.75487005711,1.75662994385,0
2025-05-07 19:00:00+00:00,1.75653994083,1.76223003864,1.75603997707,1.75810003281,0
2025-05-07 20:00:00+00:00,1.75812995434,1.75929999352,1.75726997852,1.75878000259,0
2025-05-07 21:00:00+00:00,1.7584400177,1.7606099844,1.75718998909,1.75927996635,0
2025-05-07 22:00:00+00:00,1.75940001011,1.75994002819,1.75775003433,1.75850999355,0
2025-05-07 23:00:00+00:00,1.75836002827,1.75943994522,1.7570400238,1.75750994682,0
2025-05-08 00:00:00+00:00,1.75759994984,1.75951004028,1.75469994545,1.75562000275,0
2025-05-08 01:00:00+00:00,1.75562000275,1.75633001328,1.75283002853,1.75487005711,0
2025-05-08 02:00:00+00:00,1.75473999977,1.75543999672,1.75292003155,1.75434994698,0
2025-05-08 03:00:00+00:00,1.75446999073,1.75490999222,1.75302994251,1.75425994396,0
2025-05-08 04:00:00+00:00,1.75425004959,1.75530004501,1.75337994099,1.75420999527,0
2025-05-08 05:00:00+00:00,1.75407004356,1.7568500042,1.75337004662,1.75433003902,0
2025-05-08 06:00:00+00:00,1.75434994698,1.76040005684,1.75393998623,1.7600300312,0
2025-05-08 07:00:00+00:00,1.76001000404,1.76122999191,1.75847995281,1.75951004028,0
2025-05-08 08:00:00+00:00,1.7595499754,1.7601300478,1.75799000263,1.75996005535,0
2025-05-08 09:00:00+00:00,1.75979995728,1.76157999039,1.75883996487,1.75990998745,0
2025-05-08 10:00:00+00:00,1.75987005234,1.76023995876,1.75669002533,1.75870001316,0
2025-05-08 11:00:00+00:00,1.75879001617,1.7608499527,1.7583899498,1.76041996479,0
2025-05-08 12:00:00+00:00,1.76039004326,1.7630200386,1.75953996181,1.76052999496,0
2025-05-08 13:00:00+00:00,1.76058995724,1.76076996326,1.75802004337,1.75949001312,0
2025-05-08 14:00:00+00:00,1.75927996635,1.7608499527,1.75647997856,1.75906002522,0
2025-05-08 15:00:00+00:00,1.7589700222,1.7600799799,1.7509200573,1.75343000889,0
2025-05-08 16:00:00+00:00,1.75329005718,1.75408005714,1.75034999847,1.75100004673,0
2025-05-08 17:00:00+00:00,1.75095999241,1.7532299757,1.75060999393,1.75309002399,0
2025-05-08 18:00:00+00:00,1.75300002098,1.75507998466,1.75231003761,1.75471997261,0
2025-05-08 19:00:00+00:00,1.75475001335,1.75527000427,1.75143003464,1.75389003754,0
2025-05-08 20:00:00+00:00,1.75373995304,1.75450003147,1.75270998478,1.75339996815,0
2025-05-08 21:00:00+00:00,1.75336003304,1.75460994244,1.75127005577,1.7538599968,0
2025-05-08 22:00:00+00:00,1.75306999683,1.75518000126,1.75291001797,1.75445997715,0
2025-05-08 23:00:00+00:00,1.75476002693,1.75616002083,1.75398004055,1.75595998764,0
2025-05-09 00:00:00+00:00,1.75585997105,1.75679004192,1.75425994396,1.7567499876,0
2025-05-09 01:00:00+00:00,1.75676000118,1.75717997551,1.75396001339,1.75513005257,0
2025-05-09 02:00:00+00:00,1.75520002842,1.75765001774,1.75305998325,1.75379002094,0
2025-05-09 03:00:00+00:00,1.75381994247,1.75436997414,1.75138998032,1.75189995766,0
2025-05-09 04:00:00+00:00,1.75186002254,1.75329005718,1.75127005577,1.75172996521,0
2025-05-09 05:00:00+00:00,1.75171995163,1.75420999527,1.75147998333,1.75408995152,0
2025-05-09 06:00:00+00:00,1.75408995152,1.75681996346,1.75276994705,1.756270051,0
2025-05-09 07:00:00+00:00,1.75638997555,1.75703001022,1.75425004959,1.75508999825,0
2025-05-09 08:00:00+00:00,1.75514996052,1.75808000565,1.75503003597,1.75655996799,0
2025-05-09 09:00:00+00:00,1.75652003288,1.7582000494,1.75574994087,1.75722002983,0
2025-05-09 10:00:00+00:00,1.75731003284,1.75846004486,1.75679004192,1.75722002983,0
2025-05-09 11:00:00+00:00,1.75721001625,1.7583899498,1.75540995598,1.75710999966,0
2025-05-09 12:00:00+00:00,1.75712001324,1.75776994228,1.75529003143,1.75594997406,0
2025-05-09 13:00:00+00:00,1.75590002537,1.75618004799,1.75194001198,1.75253999233,0
2025-05-09 14:00:00+00:00,1.75260996819,1.75722002983,1.75202000141,1.75485002995,0
2025-05-09 15:00:00+00:00,1.75487005711,1.75610005856,1.7539999485,1.75433003902,0
2025-05-09 16:00:00+00:00,1.75440001488,1.75603997707,1.75425994396,1.75524997711,0
2025-05-09 17:00:00+00:00,1.75525999069,1.7553999424,1.75388002396,1.75494003296,0
2025-05-09 18:00:00+00:00,1.7549200058,1.75594997406,1.75436997414,1.75566005707,0
2025-05-09 19:00:00+00:00,1.75566995144,1.75594997406,1.75443994999,1.75575995445,0
2025-05-09 20:00:00+00:00,1.75569999218,1.7559299469,1.75318002701,1.75320994854,0
2025-05-09 21:00:00+00:00,1.75380003452,1.75380003452,1.75380003452,1.75380003452,0
2025-05-11 23:00:00+00:00,1.74837994576,1.74939000607,1.74706995487,1.7489900589,0
2025-05-12 00:00:00+00:00,1.7489900589,1.75153005123,1.74827003479,1.75004994869,0
2025-05-12 01:00:00+00:00,1.75006997585,1.75015997887,1.74635994434,1.74768996239,0
2025-05-12 02:00:00+00:00,1.74759995937,1.75094997883,1.74739003181,1.74802005291,0
2025-05-12 03:00:00+00:00,1.74792003632,1.74854004383,1.74603998661,1.74668002129,0
2025-05-12 04:00:00+00:00,1.74668002129,1.74711000919,1.74513995647,1.74591994286,0
2025-05-12 05:00:00+00:00,1.74583995342,1.74597001076,1.74277997017,1.74356997013,0
2025-05-12 06:00:00+00:00,1.74352002144,1.74582004547,1.74322998524,1.74468004704,0
2025-05-12 07:00:00+00:00,1.74468994141,1.74483001232,1.73143005371,1.73380994797,0
2025-05-12 08:00:00+00:00,1.73381996155,1.73918998241,1.73108994961,1.7374600172,0
2025-05-12 09:00:00+00:00,1.73742997646,1.73863005638,1.73473000526,1.73515999317,0
2025-05-12 10:00:00+00:00,1.73512995243,1.73710000515,1.73387002945,1.73524999619,0
2025-05-12 11:00:00+00:00,1.73522996902,1.73860001564,1.73425996304,1.73741996288,0
2025-05-12 12:00:00+00:00,1.73751997948,1.74165999889,1.73684000969,1.73984003067,0
2025-05-12 13:00:00+00:00,1.73979997635,1.74098002911,1.73859000206,1.74061000347,0
2025-05-12 14:00:00+00:00,1.74050998688,1.74404001236,1.7397300005,1.74304997921,0
2025-05-12 15:00:00+00:00,1.74296998978,1.74506998062,1.74230003357,1.74396002293,0
2025-05-12 16:00:00+00:00,1.74400997162,1.74618005753,1.74133002758,1.74161994457,0
2025-05-12 17:00:00+00:00,1.74167001247,1.74247002602,1.74031996727,1.74152004719,0
2025-05-12 18:00:00+00:00,1.74153995514,1.74184000492,1.73993003368,1.74144995213,0
2025-05-12 19:00:00+00:00,1.74135005474,1.7418500185,1.74010002613,1.74124002457,0
2025-05-12 20:00:00+00:00,1.74126005173,1.74152004719,1.73864996433,1.73864996433,0
2025-05-12 21:00:00+00:00,1.73847997189,1.74293994904,1.73826003075,1.7404500246,0
2025-05-12 22:00:00+00:00,1.7407399416,1.74149000645,1.73943996429,1.7410800457,0
2025-05-12 23:00:00+00:00,1.7407900095,1.74152004719,1.73938000202,1.74098002911,0
2025-05-13 00:00:00+00:00,1.74097001553,1.74486005306,1.74058997631,1.74467003345,0
2025-05-13 01:00:00+00:00,1.74466001987,1.74533998966,1.742380023,1.74305999279,0
2025-05-13 02:00:00+00:00,1.74296998978,1.74347996712,1.7385699749,1.73982000351,0
2025-05-13 03:00:00+00:00,1.73975002766,1.73994994164,1.736109972,1.73731005192,0
2025-05-13 04:00:00+00:00,1.73729002476,1.73764002323,1.73254001141,1.73366999626,0
2025-05-13 05:00:00+00:00,1.7336499691,1.73488998413,1.73160004616,1.73354995251,0
2025-05-13 06:00:00+00:00,1.73346996307,1.73482000828,1.73099994659,1.73229002953,0
2025-05-13 07:00:00+00:00,1.73219001293,1.735049963,1.73106002808,1.73444998264,0
2025-05-13 08:00:00+00:00,1.73449003696,1.73562002182,1.73357999325,1.7345199585,0
2025-05-13 09:00:00+00:00,1.7344700098,1.73509001732,1.73153996468,1.73210000992,0
2025-05-13 10:00:00+00:00,1.73206996918,1.73301005363,1.73034000397,1.73123002052,0
2025-05-13 11:00:00+00:00,1.73134994507,1.73333001137,1.73069000244,1.73327994347,0
2025-05-13 12:00:00+00:00,1.73348999023,1.73493003845,1.73015999794,1.73100996017,0
2025-05-13 13:00:00+00:00,1.73092997074,1.73492002487,1.73092997074,1.73375999928,0
2025-05-13 14:00:00+00:00,1.73374998569,1.73385000229,1.7269500494,1.72780001163,0
2025-05-13 15:00:00+00:00,1.72773003578,1.72946000099,1.726369977,1.72676002979,0
2025-05-13 16:00:00+00:00,1.72675001621,1.72738003731,1.7253600359,1.72627997398,0
2025-05-13 17:00:00+00:00,1.72631001472,1.72645998001,1.72484004498,1.72622001171,0
2025-05-13 18:00:00+00:00,1.72616994381,1.72768998146,1.72565996647,1.72677004337,0
2025-05-13 19:00:00+00:00,1.72675001621,1.7285900116,1.72618997097,1.72830998898,0
2025-05-13 20:00:00+00:00,1.72830998898,1.72938001156,1.72753000259,1.7279599905,0
2025-05-13 21:00:00+00:00,1.72797000408,1.72994995117,1.72584998608,1.72895002365,0
2025-05-13 22:00:00+00:00,1.72896003723,1.72949004173,1.72739994526,1.72881996632,0
2025-05-13 23:00:00+00:00,1.72899997234,1.72947001457,1.72715997696,1.72817003727,0
2025-05-14 00:00:00+00:00,1.72811996937,1.72978997231,1.72762000561,1.72918999195,0
2025-05-14 01:00:00+00:00,1.7291200161,1.72971999645,1.72451996803,1.72510004044,0
2025-05-14 02:00:00+00:00,1.72509002686,1.72740995884,1.72483003139,1.72649002075,0
2025-05-14 03:00:00+00:00,1.72641003132,1.72880005836,1.72555994987,1.72852003574,0
2025-05-14 04:00:00+00:00,1.72852003574,1.7296500206,1.72710001469,1.72906005383,0
2025-05-14 05:00:00+00:00,1.72899997234,1.72921001911,1.7262699604,1.72861003876,0
2025-05-14 06:00:00+00:00,1.72873997688,1.72987997532,1.72703003883,1.7279599905,0
2025-05-14 07:00:00+00:00,1.7280600071,1.72955000401,1.72634005547,1.72851002216,0
2025-05-14 08:00:00+00:00,1.72850000858,1.73239004612,1.72792005539,1.73133003712,0
2025-05-14 09:00:00+00:00,1.7314800024,1.73657000065,1.73055994511,1.73606002331,0
2025-05-14 10:00:00+00:00,1.73605000973,1.73670005798,1.73354995251,1.73426997662,0
2025-05-14 11:00:00+00:00,1.73434996605,1.73611998558,1.73248004913,1.73308002949,0
2025-05-14 12:00:00+00:00,1.73292994499,1.73620998859,1.73277997971,1.73570001125,0
2025-05-14 13:00:00+00:00,1.73580002785,1.73904001713,1.73485004902,1.7369300127,0
2025-05-14 14:00:00+00:00,1.73691999912,1.73851001263,1.73554003239,1.73649001122,0
2025-05-14 15:00:00+00:00,1.73643004894,1.74035000801,1.73634004593,1.73818004131,0
2025-05-14 16:00:00+00:00,1.73819994926,1.74003005028,1.73784995079,1.73897004128,0
2025-05-14 17:00:00+00:00,1.73896002769,1.73966002464,1.73740005493,1.73811995983,0
2025-05-14 18:00:00+00:00,1.73817002773,1.73934996128,1.73757004738,1.73904001713,0
2025-05-14 19:00:00+00:00,1.73905003071,1.73921000957,1.73682999611,1.73738002777,0
2025-05-14 20:00:00+00:00,1.73740005493,1.73913002014,1.73654997349,1.73904001713,0
2025-05-14 21:00:00+00:00,1.73723995686,1.7396299839,1.73578000069,1.7375099659,0
2025-05-14 22:00:00+00:00,1.73775994778,1.73991000652,1.73736000061,1.7396299839,0
2025-05-14 23:00:00+00:00,1.73980998993,1.74167001247,1.73950004578,1.73966002464,0
2025-05-15 00:00:00+00:00,1.73959994316,1.74010002613,1.73789000511,1.73959004879,0
2025-05-15 01:00:00+00:00,1.73970997334,1.73982000351,1.7338000536,1.73617005348,0
2025-05-15 02:00:00+00:00,1.7362600565,1.73918998241,1.73592996597,1.73751997948,0
2025-05-15 03:00:00+00:00,1.73751997948,1.73872005939,1.73670995235,1.73816001415,0
2025-05-15 04:00:00+00:00,1.73825001717,1.74080002308,1.73760998249,1.74029004574,0
2025-05-15 05:00:00+00:00,1.74017000198,1.74354994297,1.73877000809,1.74170005322,0
2025-05-15 06:00:00+00:00,1.74170005322,1.74319005013,1.73966002464,1.74298000336,0
2025-05-15 07:00:00+00:00,1.74290001392,1.7453199625,1.74222004414,1.74426996708,0
2025-05-15 08:00:00+00:00,1.74423003197,1.74629998207,1.74290001392,1.74557995796,0
2025-05-15 09:00:00+00:00,1.74556994438,1.74615001678,1.74461996555,1.74554002285,0
2025-05-15 10:00:00+00:00,1.74548995495,1.74924004078,1.74520003796,1.74826002121,0
2025-05-15 11:00:00+00:00,1.74822998047,1.74837994576,1.74451994896,1.74489998817,0
2025-05-15 12:00:00+00:00,1.74489998817,1.7483099699,1.74428999424,1.74712002277,0
2025-05-15 13:00:00+00:00,1.74709999561,1.74937999249,1.745470047,1.74861001968,0
2025-05-15 14:00:00+00:00,1.74855995178,1.74944996834,1.74633002281,1.74723994732,0
2025-05-15 15:00:00+00:00,1.74718999863,1.7493699789,1.74690997601,1.74751996994,0
2025-05-15 16:00:00+00:00,1.74765002728,1.74790000916,1.7450799942,1.74599003792,0
2025-05-15 17:00:00+00:00,1.74610996246,1.74627995491,1.74415004253,1.74527001381,0
2025-05-15 18:00:00+00:00,1.74528002739,1.74644994736,1.7442599535,1.74493002892,0
2025-05-15 19:00:00+00:00,1.74486994743,1.74658000469,1.74441003799,1.745849967,0
2025-05-15 20:00:00+00:00,1.74591994286,1.74621999264,1.74381005764,1.74523997307,0
2025-05-15 21:00:00+00:00,1.74521994591,1.74785995483,1.74406003952,1.74626004696,0
2025-05-15 22:00:00+00:00,1.74690997601,1.74757003784,1.74540996552,1.7473000288,0
2025-05-15 23:00:00+00:00,1.7473000288,1.74812996387,1.7467199564,1.74742996693,0
2025-05-16 00:00:00+00:00,1.74746000767,1.75195002556,1.7467199564,1.75107002258,0
2025-05-16 01:00:00+00:00,1.75119996071,1.75138998032,1.74776995182,1.74826002121,0
2025-05-16 02:00:00+00:00,1.74818003178,1.74988996983,1.74477005005,1.74521005154,0
2025-05-16 03:00:00+00:00,1.74530005455,1.74629998207,1.74302005768,1.74408996105,0
2025-05-16 04:00:00+00:00,1.74412000179,1.74422001839,1.74153995514,1.74351000786,0
2025-05-16 05:00:00+00:00,1.74346995354,1.74425005913,1.74200999737,1.74310004711,0
2025-05-16 06:00:00+00:00,1.74313998222,1.74623000622,1.74224996567,1.74474000931,0
2025-05-16 07:00:00+00:00,1.74479997158,1.74546003342,1.74311995506,1.74364995956,0
2025-05-16 08:00:00+00:00,1.74357998371,1.74498999119,1.74162995815,1.74226999283,0
2025-05-16 09:00:00+00:00,1.74222004414,1.74443995953,1.74188005924,1.7437800169,0
2025-05-16 10:00:00+00:00,1.74372005463,1.74451994896,1.74256002903,1.74423003197,0
2025-05-16 11:00:00+00:00,1.74436998367,1.74568998814,1.74363005161,1.74439001083,0
2025-05-16 12:00:00+00:00,1.7442599535,1.74681997299,1.74414002895,1.74567997456,0
2025-05-16 13:00:00+00:00,1.74558997154,1.74684000015,1.7446000576,1.74501001835,0
2025-05-16 14:00:00+00:00,1.74512994289,1.74573004246,1.74292004108,1.74366998672,0
2025-05-16 15:00:00+00:00,1.74366998672,1.74453997612,1.74224996567,1.742380023,0
2025-05-16 16:00:00+00:00,1.74249994755,1.7429100275,1.74036002159,1.74146997929,0
2025-05-16 17:00:00+00:00,1.74147999287,1.74177002907,1.74005997181,1.74136996269,0
2025-05-16 18:00:00+00:00,1.74135994911,1.74197995663,1.74065995216,1.74107003212,0
2025-05-16 19:00:00+00:00,1.7410299778,1.74175000191,1.74030005932,1.74038004875,0
2025-05-16 20:00:00+00:00,1.74038004875,1.74349999428,1.73957002163,1.742380023,0
2025-05-16 21:00:00+00:00,1.74345004559,1.74345004559,1.74345004559,1.74345004559,0
2025-05-18 23:00:00+00:00,1.74626004696,1.74656999111,1.74416005611,1.74554002285,0
2025-05-19 00:00:00+00:00,1.74567997456,1.74698996544,1.74373996258,1.74572002888,0
2025-05-19 01:00:00+00:00,1.7456599474,1.74654996395,1.74423003197,1.74481999874,0
2025-05-19 02:00:00+00:00,1.7448400259,1.74524998665,1.74186003208,1.74303996563,0
2025-05-19 03:00:00+00:00,1.74290001392,1.74388003349,1.74224996567,1.74375998974,0
2025-05-19 04:00:00+00:00,1.74366998672,1.74598002434,1.74335002899,1.74566996098,0
2025-05-19 05:00:00+00:00,1.7457100153,1.74741995335,1.74477994442,1.74709999561,0
2025-05-19 06:00:00+00:00,1.74718999863,1.74914002419,1.74563002586,1.74810004234,0
2025-05-19 07:00:00+00:00,1.74809002876,1.75009000301,1.74668002129,1.74881994724,0
2025-05-19 08:00:00+00:00,1.74890995026,1.75188994408,1.74855005741,1.74957001209,0
2025-05-19 09:00:00+00:00,1.74957001209,1.75117003918,1.74875998497,1.74986994267,0
2025-05-19 10:00:00+00:00,1.74975001812,1.75056004524,1.74874997139,1.74996995926,0
2025-05-19 11:00:00+00:00,1.74989998341,1.75003004074,1.74642002583,1.74784004688,0
2025-05-19 12:00:00+00:00,1.74788999557,1.74890005589,1.74639999866,1.74797999859,0
2025-05-19 13:00:00+00:00,1.7480700016,1.74909996986,1.74424004555,1.74548995495,0
2025-05-19 14:00:00+00:00,1.74551999569,1.74602997303,1.74228000641,1.74284994602,0
2025-05-19 15:00:00+00:00,1.7427200079,1.74326002598,1.73959994316,1.74010002613,0
2025-05-19 16:00:00+00:00,1.73994004726,1.74088001251,1.73924005032,1.74020004272,0
2025-05-19 17:00:00+00:00,1.7402100563,1.74109995365,1.73849999905,1.74081003666,0
2025-05-19 18:00:00+00:00,1.74091994762,1.74144005775,1.74007999897,1.74129998684,0
2025-05-19 19:00:00+00:00,1.74131000042,1.74191999435,1.74030005932,1.74073004723,0
2025-05-19 20:00:00+00:00,1.74064004421,1.74120998383,1.73872005939,1.7396800518,0
2025-05-19 21:00:00+00:00,1.73896002769,1.74128997326,1.73896002769,1.7403999567,0
2025-05-19 22:00:00+00:00,1.74103999138,1.7412699461,1.73982000351,1.74052000046,0
2025-05-19 23:00:00+00:00,1.74050998688,1.74076998234,1.73951005936,1.740260005,0
2025-05-20 00:00:00+00:00,1.74018001556,1.74165999889,1.73849999905,1.7415599823,0
2025-05-20 01:00:00+00:00,1.7415599823,1.74460995197,1.74147999287,1.74445998669,0
2025-05-20 02:00:00+00:00,1.74440002441,1.74538004398,1.74225997925,1.74244999886,0
2025-05-20 03:00:00+00:00,1.74246001244,1.74421000481,1.74178004265,1.74396002293,0
2025-05-20 04:00:00+00:00,1.74399995804,1.75118994713,1.74387001991,1.7496099472,0
2025-05-20 05:00:00+00:00,1.74961996078,1.75558996201,1.7477799654,1.754150033,0
2025-05-20 06:00:00+00:00,1.75420999527,1.75510001183,1.7508699894,1.75478994846,0
2025-05-20 07:00:00+00:00,1.75479996204,1.75571000576,1.7536200285,1.75519001484,0
2025-05-20 08:00:00+00:00,1.75520002842,1.7557400465,1.75199997425,1.75390005112,0
2025-05-20 09:00:00+00:00,1.75398004055,1.75546002388,1.75220000744,1.75363004208,0
2025-05-20 10:00:00+00:00,1.7537599802,1.75454998016,1.7524600029,1.75318002701,0
2025-05-20 11:00:00+00:00,1.75330996513,1.75443994999,1.75271999836,1.75380003452,0
2025-05-20 12:00:00+00:00,1.75381994247,1.75687003136,1.75318002701,1.75601994991,0
2025-05-20 13:00:00+00:00,1.75607001781,1.75755000114,1.7536200285,1.75681996346,0
2025-05-20 14:00:00+00:00,1.75682997704,1.76065003872,1.75665998459,1.75972998142,0
2025-05-20 15:00:00+00:00,1.75966000557,1.76047003269,1.75670003891,1.75720000267,0
2025-05-20 16:00:00+00:00,1.7570899725,1.75776004791,1.75292003155,1.75407004356,0
2025-05-20 17:00:00+00:00,1.75407004356,1.756270051,1.75296998024,1.75576996803,0
2025-05-20 18:00:00+00:00,1.75569999218,1.75824999809,1.75530004501,1.75722002983,0
2025-05-20 19:00:00+00:00,1.75722002983,1.75824999809,1.7564599514,1.75724995136,0
2025-05-20 20:00:00+00:00,1.7573800087,1.7573800087,1.75552999973,1.75601994991,0
2025-05-20 21:00:00+00:00,1.75501000881,1.75742995739,1.7546299696,1.75645005703,0
2025-05-20 22:00:00+00:00,1.75681996346,1.75782001019,1.75562000275,1.75692999363,0
2025-05-20 23:00:00+00:00,1.75689995289,1.75731003284,1.75597000122,1.75671994686,0
2025-05-21 00:00:00+00:00,1.75670003891,1.75745999813,1.75369000435,1.75420999527,0
2025-05-21 01:00:00+00:00,1.75422000885,1.7559800148,1.75355005264,1.75591003895,0
2025-05-21 02:00:00+00:00,1.75581002235,1.75899994373,1.75448000431,1.757619977,0
2025-05-21 03:00:00+00:00,1.757619977,1.75801002979,1.75538003445,1.75755000114,0
2025-05-21 04:00:00+00:00,1.75750005245,1.75881004333,1.75548005104,1.7559800148,0
2025-05-21 05:00:00+00:00,1.75602996349,1.75671994686,1.75490999222,1.75646996498,0
2025-05-21 06:00:00+00:00,1.75656998158,1.75934994221,1.75548005104,1.7562199831,0
2025-05-21 07:00:00+00:00,1.75630998611,1.75752997398,1.75563001633,1.75580000877,0
2025-05-21 08:00:00+00:00,1.75580000877,1.75826001167,1.75576996803,1.75811994076,0
2025-05-21 09:00:00+00:00,1.75812995434,1.76057004929,1.75641000271,1.76048994064,0
2025-05-21 10:00:00+00:00,1.76040995121,1.76231002808,1.75885999203,1.75918996334,0
2025-05-21 11:00:00+00:00,1.75928997993,1.75955998898,1.75636005402,1.75712001324,0
2025-05-21 12:00:00+00:00,1.75706994534,1.75885999203,1.75460994244,1.75853002071,0
2025-05-21 13:00:00+00:00,1.75861001015,1.75961005688,1.75710999966,1.75856995583,0
2025-05-21 14:00:00+00:00,1.75847995281,1.7589199543,1.75516998768,1.75586998463,0
2025-05-21 15:00:00+00:00,1.75599002838,1.7568000555,1.75278997421,1.75407004356,0
2025-05-21 16:00:00+00:00,1.75402998924,1.75527000427,1.75357997417,1.75441002846,0
2025-05-21 17:00:00+00:00,1.75431001186,1.76145005226,1.75387001038,1.76020002365,0
2025-05-21 18:00:00+00:00,1.76029002666,1.76084005833,1.75809001923,1.75940001011,0
2025-05-21 19:00:00+00:00,1.75938999653,1.76091003418,1.75872004032,1.75969994068,0
2025-05-21 20:00:00+00:00,1.75969004631,1.76072001457,1.75809001923,1.75955998898,0
2025-05-21 21:00:00+00:00,1.75826001167,1.76071000099,1.75786995888,1.75961005688,0
2025-05-21 22:00:00+00:00,1.76005005836,1.76104998589,1.7589700222,1.75937998295,0
2025-05-21 23:00:00+00:00,1.75943005085,1.76164996624,1.75871002674,1.76151001453,0
2025-05-22 00:00:00+00:00,1.76164996624,1.76178002357,1.75854003429,1.75885999203,0
2025-05-22 01:00:00+00:00,1.75881004333,1.76347005367,1.75712001324,1.76332998276,0
2025-05-22 02:00:00+00:00,1.7633099556,1.76356005669,1.75890994072,1.76025998592,0
2025-05-22 03:00:00+00:00,1.76029002666,1.76095998287,1.75832998753,1.75899994373,0
2025-05-22 04:00:00+00:00,1.75887000561,1.75919997692,1.75582003593,1.75660002232,0
2025-05-22 05:00:00+00:00,1.75648999214,1.75802004337,1.75624001026,1.75776994228,0
2025-05-22 06:00:00+00:00,1.75777995586,1.76028001308,1.75715005398,1.75818002224,0
2025-05-22 07:00:00+00:00,1.75826001167,1.75856995583,1.75389003754,1.75529003143,0
2025-05-22 08:00:00+00:00,1.75531005859,1.75669002533,1.75355994701,1.7557400465,0
2025-05-22 09:00:00+00:00,1.75567996502,1.75870001316,1.75542998314,1.75811994076,0
2025-05-22 10:00:00+00:00,1.75819003582,1.76066994667,1.75770998001,1.75981998444,0
2025-05-22 11:00:00+00:00,1.75987994671,1.76153004169,1.7584400177,1.76092994213,0
2025-05-22 12:00:00+00:00,1.76096999645,1.76210999489,1.75811994076,1.75873994827,0
2025-05-22 13:00:00+00:00,1.75874996185,1.76169002056,1.75820994377,1.75959002972,0
2025-05-22 14:00:00+00:00,1.75958001614,1.76076996326,1.75749003887,1.75799000263,0
2025-05-22 15:00:00+00:00,1.75794994831,1.75993001461,1.75757002831,1.7581499815,0
2025-05-22 16:00:00+00:00,1.75815999508,1.7592099905,1.75734996796,1.75805997849,0
2025-05-22 17:00:00+00:00,1.75796997547,1.75847005844,1.75603997707,1.75688004494,0
2025-05-22 18:00:00+00:00,1.75688004494,1.75855994225,1.75650000572,1.75850999355,0
2025-05-22 19:00:00+00:00,1.75852000713,1.76091003418,1.75813996792,1.75977003574,0
2025-05-22 20:00:00+00:00,1.75981998444,1.76056003571,1.75834000111,1.75868999958,0
2025-05-22 21:00:00+00:00,1.7590700388,1.7597899437,1.75618004799,1.75899994373,0
2025-05-22 22:00:00+00:00,1.75947999954,1.76028001308,1.75830996037,1.76014995575,0
2025-05-22 23:00:00+00:00,1.76016998291,1.76110994816,1.75919997692,1.76032996178,0
2025-05-23 00:00:00+00:00,1.7602699995,1.76116001606,1.75847005844,1.76019001007,0
2025-05-23 01:00:00+00:00,1.7600799799,1.76080000401,1.75836002827,1.75988996029,0
2025-05-23 02:00:00+00:00,1.75989997387,1.76005005836,1.75801002979,1.75882995129,0
2025-05-23 03:00:00+00:00,1.75892996788,1.7589700222,1.75697004795,1.75796997547,0
2025-05-23 04:00:00+00:00,1.75794005394,1.75924003124,1.75690996647,1.75889003277,0
2025-05-23 05:00:00+00:00,1.75881004333,1.75955998898,1.75768995285,1.75908005238,0
2025-05-23 06:00:00+00:00,1.75900995731,1.76022994518,1.75831997395,1.75894999504,0
2025-05-23 07:00:00+00:00,1.75883996487,1.75901997089,1.75594997406,1.75724995136,0
2025-05-23 08:00:00+00:00,1.75725996494,1.7579100132,1.75634002686,1.75742995739,0
2025-05-23 09:00:00+00:00,1.75734996796,1.75789999962,1.75541996956,1.75594997406,0
2025-05-23 10:00:00+00:00,1.75600004196,1.75731003284,1.75459003448,1.75604999065,0
2025-05-23 11:00:00+00:00,1.75606000423,1.76040995121,1.75407004356,1.75720000267,0
2025-05-23 12:00:00+00:00,1.75706994534,1.7589700222,1.75420999527,1.75471997261,0
2025-05-23 13:00:00+00:00,1.75472998619,1.75712001324,1.75350999832,1.75384998322,0
2025-05-23 14:00:00+00:00,1.75387001038,1.75479996204,1.74934005737,1.75249004364,0
2025-05-23 15:00:00+00:00,1.75258004665,1.75356996059,1.75004994869,1.75248003006,0
2025-05-23 16:00:00+00:00,1.7524600029,1.75260996819,1.74994003773,1.75073003769,0
2025-05-23 17:00:00+00:00,1.75057005882,1.75071001053,1.74775004387,1.74878001213,0
2025-05-23 18:00:00+00:00,1.74876999855,1.74994003773,1.74826002121,1.74857997894,0
2025-05-23 19:00:00+00:00,1.74863994122,1.74951994419,1.74808001518,1.7493699789,0
2025-05-23 20:00:00+00:00,1.74922001362,1.74972999096,1.74757003784,1.74881994724,0
2025-05-23 21:00:00+00:00,1.7492300272,1.7492300272,1.7492300272,1.7492300272,0
2025-05-25 23:00:00+00:00,1.74960005283,1.75024998188,1.74775004387,1.74940001965,0
2025-05-26 00:00:00+00:00,1.74930000305,1.75191998482,1.74921000004,1.7518299818,0
2025-05-26 01:00:00+00:00,1.75183999538,1.75233995914,1.74611997604,1.74731004238,0
2025-05-26 02:00:00+00:00,1.7472499609,1.74878001213,1.74601995945,1.74846994877,0
2025-05-26 03:00:00+00:00,1.74849998951,1.74995994568,1.74809002876,1.74980998039,0
2025-05-26 04:00:00+00:00,1.74978995323,1.75044000149,1.74856996536,1.74934005737,0
2025-05-26 05:00:00+00:00,1.74943995476,1.74993002415,1.7484600544,1.74952995777,0
2025-05-26 06:00:00+00:00,1.74945998192,1.75018000603,1.7472499609,1.74890005589,0
2025-05-26 07:00:00+00:00,1.74886000156,1.75024998188,1.74821996689,1.74916994572,0
2025-05-26 08:00:00+00:00,1.74909996986,1.74972999096,1.74725997448,1.74803996086,0
2025-05-26 09:00:00+00:00,1.74808001518,1.74992001057,1.74767005444,1.74961996078,0
2025-05-26 10:00:00+00:00,1.74969995022,1.74986004829,1.74797999859,1.74898004532,0
2025-05-26 11:00:00+00:00,1.74895000458,1.7491799593,1.74718999863,1.74760997295,0
2025-05-26 12:00:00+00:00,1.74750995636,1.74930000305,1.74708998203,1.74924004078,0
2025-05-26 13:00:00+00:00,1.74921000004,1.75011003017,1.74843001366,1.74986004829,0
2025-05-26 14:00:00+00:00,1.74990999699,1.75178003311,1.74955999851,1.75111997128,0
2025-05-26 15:00:00+00:00,1.75124001503,1.75253999233,1.75,1.75234997272,0
2025-05-26 16:00:00+00:00,1.75236999989,1.75413000584,1.75144994259,1.75411999226,0
2025-05-26 17:00:00+00:00,1.75410997868,1.7549200058,1.75329005718,1.75479996204,0
2025-05-26 18:00:00+00:00,1.7548199892,1.75558996201,1.75418996811,1.75536000729,0
2025-05-26 19:00:00+00:00,1.75541996956,1.75571000576,1.75464999676,1.75559997559,0
2025-05-26 20:00:00+00:00,1.75551998615,1.75580000877,1.75404000282,1.75451004505,0
2025-05-26 21:00:00+00:00,1.75454998016,1.75512003899,1.75241005421,1.7537599802,0
2025-05-26 22:00:00+00:00,1.75452005863,1.75736999512,1.7536200285,1.75664997101,0
2025-05-26 23:00:00+00:00,1.75662004948,1.75745999813,1.75592005253,1.75741994381,0
2025-05-27 00:00:00+00:00,1.75733995438,1.75832998753,1.75537002087,1.75583994389,0
2025-05-27 01:00:00+00:00,1.75578999519,1.7573800087,1.75546002388,1.75712001324,0
2025-05-27 02:00:00+00:00,1.75700998306,1.75971996784,1.75689005852,1.75771999359,0
2025-05-27 03:00:00+00:00,1.75771999359,1.75925004482,1.75677001476,1.75861001015,0
2025-05-27 04:00:00+00:00,1.75861001015,1.7589199543,1.75688004494,1.75809001923,0
2025-05-27 05:00:00+00:00,1.75813996792,1.7601300478,1.75597000122,1.75636005402,0
2025-05-27 06:00:00+00:00,1.75627994537,1.75676000118,1.75480997562,1.75673997402,0
2025-05-27 07:00:00+00:00,1.7566100359,1.7592099905,1.75586998463,1.75903999805,0
2025-05-27 08:00:00+00:00,1.7590700388,1.76036000252,1.75786995888,1.75964999199,0
2025-05-27 09:00:00+00:00,1.75963997841,1.7603199482,1.75795996189,1.75928997993,0
2025-05-27 10:00:00+00:00,1.75926995277,1.7605099678,1.75846004486,1.76036000252,0
2025-05-27 11:00:00+00:00,1.76039004326,1.76115000248,1.75906002522,1.76102995872,0
2025-05-27 12:00:00+00:00,1.76107001305,1.7627300024,1.7601300478,1.76067996025,0
2025-05-27 13:00:00+00:00,1.76069998741,1.76240003109,1.75969994068,1.76192998886,0
2025-05-27 14:00:00+00:00,1.76197004318,1.76215994358,1.76012003422,1.76057004929,0
2025-05-27 15:00:00+00:00,1.76049995422,1.76075994968,1.75864005089,1.75971996784,0
2025-05-27 16:00:00+00:00,1.75963997841,1.76029002666,1.75784003735,1.75878000259,0
2025-05-27 17:00:00+00:00,1.75876998901,1.75996005535,1.75813996792,1.75863003731,0
2025-05-27 18:00:00+00:00,1.75864005089,1.75917994976,1.75789999962,1.75863003731,0
2025-05-27 19:00:00+00:00,1.75871002674,1.75925004482,1.75786995888,1.75864994526,0
2025-05-27 20:00:00+00:00,1.75872004032,1.75937998295,1.75742995739,1.75771999359,0
2025-05-27 21:00:00+00:00,1.7575199604,1.75850999355,1.75586998463,1.75788998604,0
2025-05-27 22:00:00+00:00,1.7573800087,1.75884997845,1.75722002983,1.75824999809,0
2025-05-27 23:00:00+00:00,1.75828003883,1.75879001617,1.75768005848,1.75824999809,0
2025-05-28 00:00:00+00:00,1.7582000494,1.75890994072,1.75691998005,1.75749003887,0
2025-05-28 01:00:00+00:00,1.7575199604,1.7606600523,1.75626003742,1.76029002666,0
2025-05-28 02:00:00+00:00,1.76030004025,1.76109004021,1.755210042,1.75610995293,0
2025-05-28 03:00:00+00:00,1.75610005856,1.75691998005,1.75416004658,1.7545800209,0
2025-05-28 04:00:00+00:00,1.75455999374,1.75928997993,1.75434994698,1.75928997993,0
2025-05-28 05:00:00+00:00,1.75919997692,1.7594499588,1.75569999218,1.75837004185,0
2025-05-28 06:00:00+00:00,1.75823998451,1.7592099905,1.75585997105,1.75811994076,0
2025-05-28 07:00:00+00:00,1.75821995735,1.75968003273,1.75725996494,1.75863003731,0
2025-05-28 08:00:00+00:00,1.75880002975,1.75911998749,1.75552999973,1.75765001774,0
2025-05-28 09:00:00+00:00,1.75765001774,1.7593100071,1.75735998154,1.75883996487,0
2025-05-28 10:00:00+00:00,1.75888001919,1.75941002369,1.75764000416,1.75830996037,0
2025-05-28 11:00:00+00:00,1.75820994377,1.75961995125,1.75769996643,1.75822997093,0
2025-05-28 12:00:00+00:00,1.7581499815,1.76197004318,1.75733995438,1.76133000851,0
2025-05-28 13:00:00+00:00,1.76135003567,1.76340997219,1.76048994064,1.76312994957,0
2025-05-28 14:00:00+00:00,1.76322996616,1.7637399435,1.75925004482,1.75926995277,0
2025-05-28 15:00:00+00:00,1.75936996937,1.76032996178,1.75806999207,1.758679986,0
2025-05-28 16:00:00+00:00,1.758679986,1.75937998295,1.75794005394,1.75847995281,0
2025-05-28 17:00:00+00:00,1.75850999355,1.75865995884,1.75655996799,1.75683999062,0
2025-05-28 18:00:00+00:00,1.7568500042,1.75809001923,1.75626003742,1.75750005245,0
2025-05-28 19:00:00+00:00,1.75750005245,1.75803995132,1.75654995441,1.75705003738,0
2025-05-28 20:00:00+00:00,1.75705003738,1.75750994682,1.75567996502,1.756270051,0
2025-05-28 21:00:00+00:00,1.75628995895,1.7584400177,1.75573003292,1.7575199604,0
2025-05-28 22:00:00+00:00,1.75773000717,1.75783002377,1.75490999222,1.75519001484,0
2025-05-28 23:00:00+00:00,1.75549995899,1.75592005253,1.74715995789,1.74831998348,0
2025-05-29 00:00:00+00:00,1.74832999706,1.75120997429,1.74758005142,1.74968004227,0
2025-05-29 01:00:00+00:00,1.74980998039,1.75436997414,1.74890995026,1.75232994556,0
2025-05-29 02:00:00+00:00,1.75223994255,1.75467002392,1.75167000294,1.75214004517,0
2025-05-29 03:00:00+00:00,1.75224995613,1.75320005417,1.75055003166,1.75072002411,0
2025-05-29 04:00:00+00:00,1.75074005127,1.75203001499,1.74853003025,1.74916005135,0
2025-05-29 05:00:00+00:00,1.7490799427,1.75109004974,1.74901998043,1.75054001808,0
2025-05-29 06:00:00+00:00,1.75054001808,1.75319004059,1.74951994419,1.75230002403,0
2025-05-29 07:00:00+00:00,1.7522200346,1.75341999531,1.7477799654,1.74835002422,0
2025-05-29 08:00:00+00:00,1.74835002422,1.75130999088,1.74764001369,1.75117003918,0
2025-05-29 09:00:00+00:00,1.75118005276,1.75186002254,1.74939000607,1.75058996677,0
2025-05-29 10:00:00+00:00,1.75051999092,1.75257003307,1.75024998188,1.75172996521,0
2025-05-29 11:00:00+00:00,1.75181996822,1.75350999832,1.7508200407,1.7518299818,0
2025-05-29 12:00:00+00:00,1.75173997879,1.75808000565,1.75094997883,1.7579100132,0
2025-05-29 13:00:00+00:00,1.75782001019,1.76390004158,1.75686001778,1.76355004311,0
2025-05-29 14:00:00+00:00,1.76356995106,1.7647600174,1.76102995872,1.76147997379,0
2025-05-29 15:00:00+00:00,1.76160001755,1.76514005661,1.76047003269,1.7648999691,0
2025-05-29 16:00:00+00:00,1.76487004757,1.76539003849,1.76284003258,1.7632600069,0
2025-05-29 17:00:00+00:00,1.76335000992,1.76470005512,1.76268005371,1.7645200491,0
2025-05-29 18:00:00+00:00,1.76446998119,1.76493000984,1.76268005371,1.76352000237,0
2025-05-29 19:00:00+00:00,1.76342999935,1.76416003704,1.76250004768,1.76274001598,0
2025-05-29 20:00:00+00:00,1.76277005672,1.76467001438,1.76225996017,1.76391005516,0
2025-05-29 21:00:00+00:00,1.76394999027,1.76522004604,1.76127994061,1.76437997818,0
2025-05-29 22:00:00+00:00,1.76373004913,1.76484000683,1.76293003559,1.76467001438,0
2025-05-29 23:00:00+00:00,1.76472997665,1.76585996151,1.76396000385,1.76533997059,0
2025-05-30 00:00:00+00:00,1.76540005207,1.76680004597,1.76337003708,1.7641299963,0
2025-05-30 01:00:00+00:00,1.76409995556,1.7686599493,1.76309001446,1.76643002033,0
2025-05-30 02:00:00+00:00,1.76640999317,1.76745998859,1.76573002338,1.76616001129,0
2025-05-30 03:00:00+00:00,1.76614999771,1.7668800354,1.76514005661,1.76599001884,0
2025-05-30 04:00:00+00:00,1.76598000526,1.76653003693,1.76402997971,1.76435005665,0
2025-05-30 05:00:00+00:00,1.7644200325,1.7645200491,1.76160001755,1.76366996765,0
2025-05-30 06:00:00+00:00,1.7637399435,1.76660001278,1.76223003864,1.76636004448,0
2025-05-30 07:00:00+00:00,1.7664899826,1.76831996441,1.76500999928,1.76661002636,0
2025-05-30 08:00:00+00:00,1.76651000977,1.76719999313,1.76461994648,1.76510000229,0
2025-05-30 09:00:00+00:00,1.76520001888,1.76665997505,1.76438999176,1.76469004154,0
2025-05-30 10:00:00+00:00,1.76470005512,1.76510000229,1.76284003258,1.76435995102,0
2025-05-30 11:00:00+00:00,1.7644200325,1.7657699585,1.76367998123,1.76546001434,0
2025-05-30 12:00:00+00:00,1.7656699419,1.76990997791,1.76425004005,1.76660001278,0
2025-05-30 13:00:00+00:00,1.76649999619,1.76742005348,1.76434004307,1.76549005508,0
2025-05-30 14:00:00+00:00,1.76537001133,1.76628005505,1.76161003113,1.76407003403,0
2025-05-30 15:00:00+00:00,1.76408004761,1.76511001587,1.76310002804,1.76380002499,0
2025-05-30 16:00:00+00:00,1.76371002197,1.76705002785,1.76227998734,1.76656997204,0
2025-05-30 17:00:00+00:00,1.76664996147,1.76689004898,1.76401996613,1.76441001892,0
2025-05-30 18:00:00+00:00,1.76445996761,1.76460003853,1.76240003109,1.7633600235,0
2025-05-30 19:00:00+00:00,1.76327002048,1.76338005066,1.76117002964,1.76231002808,0
2025-05-30 20:00:00+00:00,1.7623000145,1.76397001743,1.76089000702,1.7635999918,0
2025-05-30 21:00:00+00:00,1.76339995861,1.76385998726,1.76339995861,1.76385998726,0
2025-06-01 23:00:00+00:00,1.76136994362,1.76205003262,1.76065003872,1.76191997528,0
2025-06-02 00:00:00+00:00,1.76200997829,1.76222002506,1.76013994217,1.76076996326,0
2025-06-02 01:00:00+00:00,1.76078999043,1.76120996475,1.75792002678,1.76080000401,0
2025-06-02 02:00:00+00:00,1.76075994968,1.76117002964,1.7578599453,1.75986003876,0
2025-06-02 03:00:00+00:00,1.75995004177,1.76212000847,1.75898003578,1.76112997532,0
2025-06-02 04:00:00+00:00,1.76112997532,1.76198005676,1.75970995426,1.76058995724,0
2025-06-02 05:00:00+00:00,1.76058995724,1.76206994057,1.75976002216,1.76182997227,0
2025-06-02 06:00:00+00:00,1.76172995567,1.76313996315,1.76121997833,1.76289999485,0
2025-06-02 07:00:00+00:00,1.76282000542,1.76294004917,1.75986003876,1.76238000393,0
2025-06-02 08:00:00+00:00,1.76235997677,1.76305997372,1.76115000248,1.76285004616,0
2025-06-02 09:00:00+00:00,1.76284003258,1.76416003704,1.76195001602,1.76212000847,0
2025-06-02 10:00:00+00:00,1.76212000847,1.7627300024,1.75999999046,1.76085996628,0
2025-06-02 11:00:00+00:00,1.7608499527,1.76204001904,1.76020002365,1.76153004169,0
2025-06-02 12:00:00+00:00,1.76148998737,1.76170003414,1.75932002068,1.75972998142,0
2025-06-02 13:00:00+00:00,1.7598400116,1.76418995857,1.75937998295,1.76271998882,0
2025-06-02 14:00:00+00:00,1.76280999184,1.76551997662,1.75903999805,1.75987994671,0
2025-06-02 15:00:00+00:00,1.75988996029,1.76110005379,1.75864994526,1.76046001911,0
2025-06-02 16:00:00+00:00,1.76045000553,1.76110005379,1.75970995426,1.76041996479,0
2025-06-02 17:00:00+00:00,1.76032996178,1.76198995113,1.75987994671,1.76154994965,0
2025-06-02 18:00:00+00:00,1.76152002811,1.76248002052,1.76116001606,1.76224005222,0
2025-06-02 19:00:00+00:00,1.76215994358,1.76223003864,1.7609000206,1.7616699934,0
2025-06-02 20:00:00+00:00,1.76159000397,1.76179003716,1.76020002365,1.76020002365,0
2025-06-02 21:00:00+00:00,1.76014995575,1.76280999184,1.75989997387,1.76189005375,0
2025-06-02 22:00:00+00:00,1.76194000244,1.762830019,1.76154005527,1.76242995262,0
2025-06-02 23:00:00+00:00,1.76232004166,1.76356005669,1.76147997379,1.76235997677,0
2025-06-03 00:00:00+00:00,1.76227998734,1.76409995556,1.76134002209,1.76231002808,0
2025-06-03 01:00:00+00:00,1.76225996017,1.76405000687,1.76104998589,1.76338005066,0
2025-06-03 02:00:00+00:00,1.76340997219,1.76687002182,1.76259994507,1.76672005653,0
2025-06-03 03:00:00+00:00,1.76671004295,1.76727998257,1.76485002041,1.76618003845,0
2025-06-03 04:00:00+00:00,1.76609003544,1.76698005199,1.76511001587,1.7667299509,0
2025-06-03 05:00:00+00:00,1.7667299509,1.76943004131,1.76564002037,1.76718997955,0
2025-06-03 06:00:00+00:00,1.76718997955,1.77078998089,1.76708996296,1.76805996895,0
2025-06-03 07:00:00+00:00,1.76805996895,1.77032005787,1.76696002483,1.76748001575,0
2025-06-03 08:00:00+00:00,1.76739001274,1.76836001873,1.76656997204,1.76766002178,0
2025-06-03 09:00:00+00:00,1.76753997803,1.7679899931,1.76575005054,1.7667299509,0
2025-06-03 10:00:00+00:00,1.76681005955,1.76704001427,1.76443994045,1.76512002945,0
2025-06-03 11:00:00+00:00,1.76505994797,1.76532995701,1.76309001446,1.76391005516,0
2025-06-03 12:00:00+00:00,1.76391994953,1.76482999325,1.76256000996,1.76391005516,0
2025-06-03 13:00:00+00:00,1.76400995255,1.76444995403,1.76206994057,1.76377999783,0
2025-06-03 14:00:00+00:00,1.76406002045,1.76434004307,1.75937998295,1.76130998135,0
2025-06-03 15:00:00+00:00,1.76121997833,1.76177000999,1.75961995125,1.75996994972,0
2025-06-03 16:00:00+00:00,1.7599799633,1.76145005226,1.75961995125,1.76066994667,0
2025-06-03 17:00:00+00:00,1.76063001156,1.76083004475,1.7582000494,1.75902998447,0
2025-06-03 18:00:00+00:00,1.75900995731,1.75993001461,1.75813996792,1.75855994225,0
2025-06-03 19:00:00+00:00,1.75850999355,1.7592099905,1.75802004337,1.7587300539,0
2025-06-03 20:00:00+00:00,1.75881004333,1.75946998596,1.75809001923,1.75902998447,0
2025-06-03 21:00:00+00:00,1.75902998447,1.76049995422,1.75789999962,1.75889003277,0
2025-06-03 22:00:00+00:00,1.75888001919,1.75969994068,1.75810003281,1.75961005688,0
2025-06-03 23:00:00+00:00,1.75975000858,1.76115000248,1.7592099905,1.76087999344,0
2025-06-04 00:00:00+00:00,1.76092004776,1.76258003712,1.76040005684,1.76172995567,0
2025-06-04 01:00:00+00:00,1.76174998283,1.76398003101,1.75818002224,1.75876998901,0
2025-06-04 02:00:00+00:00,1.75882005692,1.76005005836,1.75694000721,1.75999999046,0
2025-06-04 03:00:00+00:00,1.75990998745,1.76110005379,1.75832998753,1.758679986,0
2025-06-04 04:00:00+00:00,1.75861001015,1.76071000099,1.75845003128,1.76054000854,0
2025-06-04 05:00:00+00:00,1.76055002213,1.76134002209,1.75870001316,1.75980997086,0
2025-06-04 06:00:00+00:00,1.75980997086,1.76103997231,1.75898003578,1.76047003269,0
2025-06-04 07:00:00+00:00,1.76046001911,1.76233994961,1.75993001461,1.76208996773,0
2025-06-04 08:00:00+00:00,1.76205003262,1.76254999638,1.7600799799,1.76059997082,0
2025-06-04 09:00:00+00:00,1.76051998138,1.76064002514,1.75683999062,1.75786995888,0
2025-06-04 10:00:00+00:00,1.75787997246,1.75808000565,1.75592005253,1.7573800087,0
2025-06-04 11:00:00+00:00,1.75747001171,1.75828003883,1.75398004055,1.75516998768,0
2025-06-04 12:00:00+00:00,1.75507998466,1.75778996944,1.75435996056,1.75721001625,0
2025-06-04 13:00:00+00:00,1.75724005699,1.75762999058,1.7548199892,1.75618004799,0
2025-06-04 14:00:00+00:00,1.75622999668,1.75915002823,1.75622999668,1.75864005089,0
2025-06-04 15:00:00+00:00,1.75856995583,1.76067996025,1.75776994228,1.75803005695,0
2025-06-04 16:00:00+00:00,1.75802004337,1.75885999203,1.75696003437,1.75795996189,0
2025-06-04 17:00:00+00:00,1.75792002678,1.75818002224,1.75652003288,1.7569899559,0
2025-06-04 18:00:00+00:00,1.7569899559,1.75765001774,1.75648999214,1.75724005699,0
2025-06-04 19:00:00+00:00,1.7573800087,1.75788998604,1.75646996498,1.75779998302,0
2025-06-04 20:00:00+00:00,1.75771999359,1.75908005238,1.75717997551,1.75769996643,0
2025-06-04 21:00:00+00:00,1.75721001625,1.75934994221,1.75682997704,1.75839996338,0
2025-06-04 22:00:00+00:00,1.7593100071,1.7593100071,1.75803005695,1.75908994675,0
2025-06-04 23:00:00+00:00,1.75896000862,1.76017999649,1.75829005241,1.75987005234,0
2025-06-05 00:00:00+00:00,1.75996994972,1.7600300312,1.7567499876,1.75788998604,0
2025-06-05 01:00:00+00:00,1.75786995888,1.7580499649,1.75581002235,1.75672996044,0
2025-06-05 02:00:00+00:00,1.7567499876,1.75861001015,1.75617003441,1.75768005848,0
2025-06-05 03:00:00+00:00,1.75759994984,1.75952994823,1.75701999664,1.75885999203,0
2025-06-05 04:00:00+00:00,1.75881004333,1.75905001163,1.75682997704,1.75742995739,0
2025-06-05 05:00:00+00:00,1.75741994381,1.75852000713,1.75637996197,1.75757002831,0
2025-06-05 06:00:00+00:00,1.75760996342,1.75822997093,1.7559800148,1.7568500042,0
2025-06-05 07:00:00+00:00,1.75682997704,1.75710999966,1.75466001034,1.75551998615,0
2025-06-05 08:00:00+00:00,1.75547003746,1.75676000118,1.75393998623,1.75452005863,0
2025-06-05 09:00:00+00:00,1.75442004204,1.75497996807,1.75200998783,1.75400996208,0
2025-06-05 10:00:00+00:00,1.75393998623,1.75512003899,1.75315999985,1.75472998619,0
2025-06-05 11:00:00+00:00,1.75464999676,1.75571000576,1.75388002396,1.75551998615,0
2025-06-05 12:00:00+00:00,1.75541996956,1.7566100359,1.75214004517,1.75366997719,0
2025-06-05 13:00:00+00:00,1.75365996361,1.75957000256,1.75214004517,1.75915002823,0
2025-06-05 14:00:00+00:00,1.75914001465,1.76049995422,1.75473999977,1.75635004044,0
2025-06-05 15:00:00+00:00,1.75627994537,1.7568500042,1.75404000282,1.7556899786,0
2025-06-05 16:00:00+00:00,1.75560998917,1.75778996944,1.75443994999,1.75739002228,0
2025-06-05 17:00:00+00:00,1.7573800087,1.75783002377,1.75461995602,1.75607001781,0
2025-06-05 18:00:00+00:00,1.7559800148,1.75803005695,1.75557005405,1.75755000114,0
2025-06-05 19:00:00+00:00,1.75757002831,1.75929999352,1.75664997101,1.7578099966,0
2025-06-05 20:00:00+00:00,1.75768005848,1.75934994221,1.75707995892,1.75843000412,0
2025-06-05 21:00:00+00:00,1.75841999054,1.76022005081,1.75638997555,1.75927996635,0
2025-06-05 22:00:00+00:00,1.75936996937,1.76004004478,1.75841999054,1.75932002068,0
2025-06-05 23:00:00+00:00,1.75933003426,1.759739995,1.75808000565,1.75932002068,0
2025-06-06 00:00:00+00:00,1.7593100071,1.75955998898,1.75716996193,1.7589700222,0
2025-06-06 01:00:00+00:00,1.75898003578,1.75985002518,1.75755000114,1.75938999653,0
2025-06-06 02:00:00+00:00,1.75951004028,1.7613799572,1.75918996334,1.76082003117,0
2025-06-06 03:00:00+00:00,1.76081001759,1.76100003719,1.75924003124,1.75976002216,0
2025-06-06 04:00:00+00:00,1.75987005234,1.7599799633,1.75827002525,1.75894999504,0
2025-06-06 05:00:00+00:00,1.75889003277,1.75992000103,1.75839996338,1.75933003426,0
2025-06-06 06:00:00+00:00,1.75933003426,1.76092004776,1.75870001316,1.76040995121,0
2025-06-06 07:00:00+00:00,1.7603700161,1.7606099844,1.75656998158,1.7582000494,0
2025-06-06 08:00:00+00:00,1.75819003582,1.76093995571,1.75797998905,1.75883996487,0
2025-06-06 09:00:00+00:00,1.75883996487,1.75982999802,1.7580499649,1.75967001915,0
2025-06-06 10:00:00+00:00,1.75969004631,1.75993001461,1.75835001469,1.75908994675,0
2025-06-06 11:00:00+00:00,1.75916004181,1.75941002369,1.75775003433,1.75893998146,0
2025-06-06 12:00:00+00:00,1.75890994072,1.75969004631,1.75394999981,1.75530004501,0
2025-06-06 13:00:00+00:00,1.75536000729,1.75585997105,1.75344002247,1.75484001637,0
2025-06-06 14:00:00+00:00,1.75480997562,1.75689005852,1.75425994396,1.75599002838,0
2025-06-06 15:00:00+00:00,1.75597000122,1.75639998913,1.7540500164,1.75452005863,0
2025-06-06 16:00:00+00:00,1.75460004807,1.75555002689,1.75366997719,1.75502002239,0
2025-06-06 17:00:00+00:00,1.75494003296,1.75534999371,1.75378000736,1.75442004204,0
2025-06-06 18:00:00+00:00,1.7543900013,1.75475001335,1.75334000587,1.75419998169,0
2025-06-06 19:00:00+00:00,1.75426995754,1.75494003296,1.7535200119,1.75432002544,0
2025-06-06 20:00:00+00:00,1.75422000885,1.75513005257,1.75294005871,1.75400996208,0
2025-06-06 21:00:00+00:00,1.75425994396,1.75469005108,1.75425994396,1.75469005108,0
2025-06-08 23:00:00+00:00,1.7551599741,1.75569999218,1.75460004807,1.75507998466,0
2025-06-09 00:00:00+00:00,1.75499999523,1.75529003143,1.75200998783,1.75308001041,0
2025-06-09 01:00:00+00:00,1.75310003757,1.753469944,1.7516900301,1.75270998478,0
2025-06-09 02:00:00+00:00,1.75271999836,1.75436997414,1.75197005272,1.75387001038,0
2025-06-09 03:00:00+00:00,1.75389003754,1.75425994396,1.75171005726,1.75241994858,0
2025-06-09 04:00:00+00:00,1.75242996216,1.75313997269,1.75189995766,1.75268995762,0
2025-06-09 05:00:00+00:00,1.75261998177,1.75389003754,1.75112998486,1.75346004963,0
2025-06-09 06:00:00+00:00,1.7535200119,1.7543900013,1.75250995159,1.75335001945,0
2025-06-09 07:00:00+00:00,1.75332999229,1.75345003605,1.7516900301,1.75214004517,0
2025-06-09 08:00:00+00:00,1.75211000443,1.75218999386,1.74900996685,1.75078999996,0
2025-06-09 09:00:00+00:00,1.75083005428,1.7518299818,1.74986004829,1.75042998791,0
2025-06-09 10:00:00+00:00,1.75034999847,1.75065994263,1.74915003777,1.75038003922,0
2025-06-09 11:00:00+00:00,1.75040996075,1.75156998634,1.74927997589,1.75127995014,0
2025-06-09 12:00:00+00:00,1.75138998032,1.75167000294,1.7497099638,1.75038003922,0
2025-06-09 13:00:00+00:00,1.75031995773,1.75165998936,1.74968004227,1.7515399456,0
2025-06-09 14:00:00+00:00,1.75153005123,1.75162994862,1.74878001213,1.74996995926,0
2025-06-09 15:00:00+00:00,1.74992001057,1.75090003014,1.74954998493,1.7507699728,0
2025-06-09 16:00:00+00:00,1.75074005127,1.75161004066,1.74981999397,1.75150001049,0
2025-06-09 17:00:00+00:00,1.75146996975,1.75180995464,1.75057005882,1.75130999088,0
2025-06-09 18:00:00+00:00,1.75126004219,1.7516399622,1.75059998035,1.75133001804,0
2025-06-09 19:00:00+00:00,1.75130999088,1.75241005421,1.75065994263,1.75218999386,0
2025-06-09 20:00:00+00:00,1.75213003159,1.75310003757,1.75156998634,1.7515900135,0
2025-06-09 21:00:00+00:00,1.75220000744,1.75417995453,1.75083005428,1.75242996216,0
2025-06-09 22:00:00+00:00,1.75220000744,1.75295996666,1.75181996822,1.75274002552,0
2025-06-09 23:00:00+00:00,1.75251996517,1.75340998173,1.75232994556,1.75336003304,0
2025-06-10 00:00:00+00:00,1.7532800436,1.75369000435,1.75199997425,1.7526999712,0
2025-06-10 01:00:00+00:00,1.75266003609,1.75277996063,1.74969005585,1.75010001659,0
2025-06-10 02:00:00+00:00,1.75014996529,1.75171005726,1.74823999405,1.74854004383,0
2025-06-10 03:00:00+00:00,1.74858999252,1.74939000607,1.74601995945,1.74661004543,0
2025-06-10 04:00:00+00:00,1.74669003487,1.7480700016,1.745849967,1.74801003933,0
2025-06-10 05:00:00+00:00,1.74802005291,1.75358998775,1.74717998505,1.7521699667,0
2025-06-10 06:00:00+00:00,1.75220000744,1.75426995754,1.75038003922,1.75317001343,0
2025-06-10 07:00:00+00:00,1.75318002701,1.75513994694,1.75146996975,1.75233995914,0
2025-06-10 08:00:00+00:00,1.75234997272,1.75373005867,1.75085997581,1.7511600256,0
2025-06-10 09:00:00+00:00,1.751060009,1.75293004513,1.75081002712,1.75188994408,0
2025-06-10 10:00:00+00:00,1.75186002254,1.75383996964,1.7505300045,1.75361001492,0
2025-06-10 11:00:00+00:00,1.7536200285,1.75390994549,1.75196003914,1.75288999081,0
2025-06-10 12:00:00+00:00,1.75294995308,1.75443994999,1.75187003613,1.75422000885,0
2025-06-10 13:00:00+00:00,1.75420999527,1.75429999828,1.75138998032,1.75181996822,0
2025-06-10 14:00:00+00:00,1.75181996822,1.75229001045,1.74957001209,1.75069999695,0
2025-06-10 15:00:00+00:00,1.75109004974,1.75248003006,1.75005996227,1.75172996521,0
2025-06-10 16:00:00+00:00,1.75165998936,1.75284004211,1.75067996979,1.75167000294,0
2025-06-10 17:00:00+00:00,1.75171005726,1.75266003609,1.75125002861,1.75220000744,0
2025-06-10 18:00:00+00:00,1.75224995613,1.75292003155,1.75137996674,1.75167000294,0
2025-06-10 19:00:00+00:00,1.75156998634,1.75278997421,1.75095999241,1.75136995316,0
2025-06-10 20:00:00+00:00,1.75137996674,1.75185000896,1.75036001205,1.75071001053,0
2025-06-10 21:00:00+00:00,1.75036001205,1.75138998032,1.74968004227,1.75021004677,0
2025-06-10 22:00:00+00:00,1.75065994263,1.75200998783,1.75046002865,1.75100004673,0
2025-06-10 23:00:00+00:00,1.75102996826,1.75231003761,1.74944996834,1.75176000595,0
2025-06-11 00:00:00+00:00,1.75168001652,1.75393998623,1.75120997429,1.75321996212,0
2025-06-11 01:00:00+00:00,1.7532800436,1.7548199892,1.75164997578,1.7543400526,0
2025-06-11 02:00:00+00:00,1.75441002846,1.75524997711,1.75304996967,1.75507998466,0
2025-06-11 03:00:00+00:00,1.7550599575,1.75646996498,1.75197005272,1.75229001045,0
2025-06-11 04:00:00+00:00,1.75223994255,1.75354003906,1.75143003464,1.75320005417,0
2025-06-11 05:00:00+00:00,1.75314998627,1.75320994854,1.75164997578,1.75270998478,0
2025-06-11 06:00:00+00:00,1.75266003609,1.75312995911,1.75130999088,1.75178003311,0
2025-06-11 07:00:00+00:00,1.75179004669,1.75365996361,1.75091004372,1.75365996361,0
2025-06-11 08:00:00+00:00,1.75360000134,1.75673997402,1.75315999985,1.75577998161,0
2025-06-11 09:00:00+00:00,1.75578999519,1.7570899725,1.75480997562,1.75549995899,0
2025-06-11 10:00:00+00:00,1.75550997257,1.75712001324,1.75497996807,1.75691998005,0
2025-06-11 11:00:00+00:00,1.75706994534,1.75766003132,1.75618994236,1.75724995136,0
2025-06-11 12:00:00+00:00,1.75721001625,1.75900995731,1.75312995911,1.75532996655,0
2025-06-11 13:00:00+00:00,1.75527000427,1.76033997536,1.75493001938,1.7596000433,0
2025-06-11 14:00:00+00:00,1.75953996181,1.76162004471,1.75831997395,1.76129996777,0
2025-06-11 15:00:00+00:00,1.76095998287,1.76292002201,1.7597899437,1.76205003262,0
2025-06-11 16:00:00+00:00,1.76210999489,1.76285004616,1.76121997833,1.76163995266,0
2025-06-11 17:00:00+00:00,1.76154994965,1.76366996765,1.76006996632,1.76362001896,0
2025-06-11 18:00:00+00:00,1.76361000538,1.76686000824,1.76304996014,1.76487994194,0
2025-06-11 19:00:00+00:00,1.76493000984,1.76783001423,1.76453995705,1.76653003693,0
2025-06-11 20:00:00+00:00,1.76654005051,1.76742005348,1.76554000378,1.76672005653,0
2025-06-11 21:00:00+00:00,1.76566004753,1.76661002636,1.7635999918,1.76653003693,0
2025-06-11 22:00:00+00:00,1.76621997356,1.7682800293,1.76614999771,1.76810002327,0
2025-06-11 23:00:00+00:00,1.76796996593,1.76902997494,1.76719999313,1.76832997799,0
2025-06-12 00:00:00+00:00,1.76831996441,1.77200996876,1.76717996597,1.77160000801,0
2025-06-12 01:00:00+00:00,1.77152001858,1.77654004097,1.76997005939,1.77403998375,0
2025-06-12 02:00:00+00:00,1.77412998676,1.77549004555,1.7725199461,1.77293002605,0
2025-06-12 03:00:00+00:00,1.77293002605,1.77366995811,1.77007997036,1.77156996727,0
2025-06-12 04:00:00+00:00,1.77149999142,1.77324998379,1.77077996731,1.7730499506,0
2025-06-12 05:00:00+00:00,1.77303004265,1.77380001545,1.7716499567,1.772570014,0
2025-06-12 06:00:00+00:00,1.77246999741,1.77356994152,1.77072000504,1.77298998833,0
2025-06-12 07:00:00+00:00,1.77303004265,1.77820003033,1.77169001102,1.77819001675,0
2025-06-12 08:00:00+00:00,1.77810001373,1.77885997295,1.77524995804,1.77558994293,0
2025-06-12 09:00:00+00:00,1.77551996708,1.78215003014,1.77515995502,1.78055000305,0
2025-06-12 10:00:00+00:00,1.7804800272,1.78136003017,1.77727997303,1.77894997597,0
2025-06-12 11:00:00+00:00,1.77897000313,1.78087997437,1.77776002884,1.77884995937,0
2025-06-12 12:00:00+00:00,1.77886998653,1.78334999084,1.77779996395,1.77881002426,0
2025-06-12 13:00:00+00:00,1.77872002125,1.77990996838,1.77568995953,1.77707004547,0
2025-06-12 14:00:00+00:00,1.77716994286,1.77736997604,1.77381002903,1.77424001694,0
2025-06-12 15:00:00+00:00,1.77428996563,1.77540004253,1.77243995667,1.77471995354,0
2025-06-12 16:00:00+00:00,1.77462005615,1.77477002144,1.77218997478,1.77329003811,0
2025-06-12 17:00:00+00:00,1.77328002453,1.77340996265,1.77240002155,1.77309000492,0
2025-06-12 18:00:00+00:00,1.77319002151,1.77402997017,1.7719899416,1.77313005924,0
2025-06-12 19:00:00+00:00,1.77306997776,1.77403998375,1.77267003059,1.77312004566,0
2025-06-12 20:00:00+00:00,1.77311003208,1.77459001541,1.77181994915,1.77221000195,0
2025-06-12 21:00:00+00:00,1.77216994762,1.77435994148,1.77137994766,1.77398002148,0
2025-06-12 22:00:00+00:00,1.7742600441,1.77448999882,1.77316999435,1.77435004711,0
2025-06-12 23:00:00+00:00,1.77458000183,1.77858996391,1.77408003807,1.77847003937,0
2025-06-13 00:00:00+00:00,1.77854001522,1.7855399847,1.77807998657,1.78455996513,0
2025-06-13 01:00:00+00:00,1.78446996212,1.78835999966,1.78007996082,1.78139996529,0
2025-06-13 02:00:00+00:00,1.78117001057,1.78321003914,1.77809000015,1.78173995018,0
2025-06-13 03:00:00+00:00,1.78157997131,1.78191995621,1.77833998203,1.7800899744,0
2025-06-13 04:00:00+00:00,1.7800899744,1.78150999546,1.77918994427,1.78129994869,0
2025-06-13 05:00:00+00:00,1.78130996227,1.78233003616,1.77847003937,1.78104996681,0
2025-06-13 06:00:00+00:00,1.78113996983,1.78305995464,1.77957999706,1.782310009,0
2025-06-13 07:00:00+00:00,1.78246998787,1.78403997421,1.7791800499,1.77952003479,0
2025-06-13 08:00:00+00:00,1.77959001064,1.78006005287,1.77594995499,1.77654004097,0
2025-06-13 09:00:00+00:00,1.77646005154,1.77891004086,1.77612996101,1.77767002583,0
2025-06-13 10:00:00+00:00,1.77766001225,1.77986001968,1.77658998966,1.77880001068,0
2025-06-13 11:00:00+00:00,1.77890002728,1.77893996239,1.77487003803,1.77750003338,0
2025-06-13 12:00:00+00:00,1.7774399519,1.77917003632,1.77630996704,1.77741003036,0
2025-06-13 13:00:00+00:00,1.77746999264,1.77903997898,1.77541995049,1.7771999836,0
2025-06-13 14:00:00+00:00,1.77722001076,1.77763998508,1.77427005768,1.77625000477,0
2025-06-13 15:00:00+00:00,1.77616000175,1.77688002586,1.77403998375,1.77486002445,0
2025-06-13 16:00:00+00:00,1.77477002144,1.77517998219,1.77307999134,1.77390003204,0
2025-06-13 17:00:00+00:00,1.77400004864,1.77654004097,1.77319002151,1.77626001835,0
2025-06-13 18:00:00+00:00,1.77618002892,1.7793200016,1.77551996708,1.77821004391,0
2025-06-13 19:00:00+00:00,1.77807998657,1.77954995632,1.77697002888,1.77866995335,0
2025-06-13 20:00:00+00:00,1.77856004238,1.7804299593,1.77759003639,1.77999997139,0
2025-06-13 21:00:00+00:00,1.77916002274,1.77916002274,1.77916002274,1.77916002274,0
2025-06-15 23:00:00+00:00,1.77864003181,1.77919995785,1.776720047,1.777099967,0
2025-06-16 00:00:00+00:00,1.77708005905,1.77809000015,1.77622997761,1.77707004547,0
2025-06-16 01:00:00+00:00,1.777099967,1.78126001358,1.77687001228,1.77919995785,0
2025-06-16 02:00:00+00:00,1.77918994427,1.78020000458,1.77770996094,1.77987003326,0
2025-06-16 03:00:00+00:00,1.77983999252,1.78232002258,1.77903997898,1.78060996532,0
2025-06-16 04:00:00+00:00,1.78057003021,1.78076994419,1.77882003784,1.77990996838,0
2025-06-16 05:00:00+00:00,1.77991998196,1.7802400589,1.77809000015,1.77842998505,0
2025-06-16 06:00:00+00:00,1.77833998203,1.7795599699,1.77725994587,1.77937996387,0
2025-06-16 07:00:00+00:00,1.77953994274,1.78023004532,1.77780997753,1.77930998802,0
2025-06-16 08:00:00+00:00,1.77926003933,1.77994000912,1.77733004093,1.777780056,0
2025-06-16 09:00:00+00:00,1.77777004242,1.77890002728,1.77678000927,1.77781999111,0
2025-06-16 10:00:00+00:00,1.77775001526,1.77792000771,1.77551996708,1.77631998062,0
2025-06-16 11:00:00+00:00,1.77630996704,1.77655005455,1.77322995663,1.77377998829,0
2025-06-16 12:00:00+00:00,1.77372002602,1.77537000179,1.77277994156,1.77455997467,0
2025-06-16 13:00:00+00:00,1.77456998825,1.77681994438,1.77200996876,1.77307999134,0
2025-06-16 14:00:00+00:00,1.7732000351,1.77380001545,1.77173995972,1.77219998837,0
2025-06-16 15:00:00+00:00,1.77224004269,1.77348005772,1.77118003368,1.77199995518,0
2025-06-16 16:00:00+00:00,1.77192997932,1.77234005928,1.76854002476,1.76967000961,0
2025-06-16 17:00:00+00:00,1.76961994171,1.77070999146,1.76867997646,1.77047002316,0
2025-06-16 18:00:00+00:00,1.77046000957,1.77183997631,1.76961004734,1.7714600563,0
2025-06-16 19:00:00+00:00,1.77158999443,1.77181005478,1.7700599432,1.7714600563,0
2025-06-16 20:00:00+00:00,1.77158999443,1.77228999138,1.77069997787,1.77075004578,0
2025-06-16 21:00:00+00:00,1.77101004124,1.77322995663,1.76989996433,1.77152001858,0
2025-06-16 22:00:00+00:00,1.77085995674,1.77382004261,1.77039003372,1.77274000645,0
2025-06-16 23:00:00+00:00,1.77285003662,1.77506995201,1.7709300518,1.77412998676,0
2025-06-17 00:00:00+00:00,1.77411997318,1.77568995953,1.77261996269,1.77313005924,0
2025-06-17 01:00:00+00:00,1.77313005924,1.77477002144,1.77057003975,1.77103996277,0
2025-06-17 02:00:00+00:00,1.77096998692,1.77248001099,1.76968002319,1.77023994923,0
2025-06-17 03:00:00+00:00,1.77012002468,1.77163004875,1.76925003529,1.77000999451,0
2025-06-17 04:00:00+00:00,1.77002000809,1.77099001408,1.7682800293,1.76908004284,0
2025-06-17 05:00:00+00:00,1.76898002625,1.77015995979,1.76777005196,1.76972997189,0
2025-06-17 06:00:00+00:00,1.76969003677,1.77017998695,1.76767003536,1.76868999004,0
2025-06-17 07:00:00+00:00,1.76859998703,1.76954996586,1.76657998562,1.76774001122,0
2025-06-17 08:00:00+00:00,1.76762998104,1.7689499855,1.76593995094,1.76778995991,0
2025-06-17 09:00:00+00:00,1.76796996593,1.77067005634,1.76649999619,1.77014005184,0
2025-06-17 10:00:00+00:00,1.77023005486,1.77031004429,1.76861000061,1.76988995075,0
2025-06-17 11:00:00+00:00,1.76989996433,1.76993000507,1.76803994179,1.76856994629,0
2025-06-17 12:00:00+00:00,1.7686599493,1.77211999893,1.76811003685,1.77100002766,0
2025-06-17 13:00:00+00:00,1.77103996277,1.77152001858,1.76839995384,1.76874005795,0
2025-06-17 14:00:00+00:00,1.76884996891,1.77109003067,1.76750004292,1.7709800005,0
2025-06-17 15:00:00+00:00,1.77103996277,1.77230000496,1.77029001713,1.77084004879,0
2025-06-17 16:00:00+00:00,1.77084004879,1.77158999443,1.76920998096,1.77137994766,0
2025-06-17 17:00:00+00:00,1.77135002613,1.77400004864,1.7698700428,1.77365005016,0
2025-06-17 18:00:00+00:00,1.77362000942,1.77516996861,1.77274000645,1.77383995056,0
2025-06-17 19:00:00+00:00,1.77376997471,1.77432000637,1.77258002758,1.77377998829,0
2025-06-17 20:00:00+00:00,1.77381002903,1.77409005165,1.77196002007,1.77225005627,0
2025-06-17 21:00:00+00:00,1.77226996422,1.77331995964,1.7700599432,1.77241003513,0
2025-06-17 22:00:00+00:00,1.77243995667,1.77394998074,1.7719399929,1.77369999886,0
2025-06-17 23:00:00+00:00,1.77379000187,1.77418994904,1.77137994766,1.77158999443,0
2025-06-18 00:00:00+00:00,1.77156996727,1.77295005322,1.77078998089,1.77277004719,0
2025-06-18 01:00:00+00:00,1.77266001701,1.77297997475,1.77049005032,1.77250003815,0
2025-06-18 02:00:00+00:00,1.77249002457,1.7737300396,1.77090001106,1.77197003365,0
2025-06-18 03:00:00+00:00,1.77209997177,1.77252995968,1.77067995071,1.77149999142,0
2025-06-18 04:00:00+00:00,1.77143001556,1.77162003517,1.76867997646,1.76895999908,0
2025-06-18 05:00:00+00:00,1.76893997192,1.76963996887,1.76827001572,1.76930999756,0
2025-06-18 06:00:00+00:00,1.76920998096,1.76956999302,1.76768004894,1.76891005039,0
2025-06-18 07:00:00+00:00,1.76890003681,1.77225995064,1.76874005795,1.77187001705,0
2025-06-18 08:00:00+00:00,1.7717499733,1.77234995365,1.76955997944,1.76994001865,0
2025-06-18 09:00:00+00:00,1.77015995979,1.77090001106,1.76924002171,1.76977002621,0
2025-06-18 10:00:00+00:00,1.76970005035,1.77177000046,1.76925003529,1.77138996124,0
2025-06-18 11:00:00+00:00,1.77147996426,1.77161002159,1.76919996738,1.7701100111,0
2025-06-18 12:00:00+00:00,1.77005004883,1.77103996277,1.76949000359,1.77025997639,0
2025-06-18 13:00:00+00:00,1.77026998997,1.77065002918,1.76631999016,1.7676500082,0
2025-06-18 14:00:00+00:00,1.76766002178,1.76830005646,1.76461994648,1.76602995396,0
2025-06-18 15:00:00+00:00,1.76610994339,1.76783001423,1.76517999172,1.76727998257,0
2025-06-18 16:00:00+00:00,1.76730000973,1.76744997501,1.76494002342,1.76556003094,0
2025-06-18 17:00:00+00:00,1.76567995548,1.76633000374,1.76461994648,1.76494002342,0
2025-06-18 18:00:00+00:00,1.7646600008,1.76604998112,1.76332998276,1.76515996456,0
2025-06-18 19:00:00+00:00,1.76514005661,1.76556003094,1.76275002956,1.76402997971,0
2025-06-18 20:00:00+00:00,1.76408994198,1.76431000233,1.76265001297,1.76284003258,0
2025-06-18 21:00:00+00:00,1.76289999485,1.76490998268,1.76189994812,1.76445996761,0
2025-06-18 22:00:00+00:00,1.76450002193,1.76486003399,1.76308000088,1.76393997669,0
2025-06-18 23:00:00+00:00,1.763890028,1.76418995857,1.76291000843,1.76377999783,0
2025-06-19 00:00:00+00:00,1.76364994049,1.76724004745,1.76287996769,1.76679003239,0
2025-06-19 01:00:00+00:00,1.76684999466,1.7703499794,1.76494002342,1.76654005051,0
2025-06-19 02:00:00+00:00,1.76663994789,1.76838004589,1.76514995098,1.76708996296,0
2025-06-19 03:00:00+00:00,1.76709997654,1.76728999615,1.76435995102,1.76608002186,0
2025-06-19 04:00:00+00:00,1.76609003544,1.76769995689,1.76554000378,1.76747000217,0
2025-06-19 05:00:00+00:00,1.76742005348,1.77197003365,1.76723003387,1.77147996426,0
2025-06-19 06:00:00+00:00,1.77135002613,1.77341997623,1.77057003975,1.77195000648,0
2025-06-19 07:00:00+00:00,1.7719399929,1.77399003506,1.77103996277,1.77297997475,0
2025-06-19 08:00:00+00:00,1.77298998833,1.77307999134,1.77067995071,1.7723300457,0
2025-06-19 09:00:00+00:00,1.77234995365,1.77487003803,1.77128005028,1.7747900486,0
2025-06-19 10:00:00+00:00,1.77478003502,1.77520000935,1.77262997627,1.774979949,0
2025-06-19 11:00:00+00:00,1.7750300169,1.77629995346,1.77392995358,1.77489995956,0
2025-06-19 12:00:00+00:00,1.77495002747,1.77671003342,1.77296996117,1.77605998516,0
2025-06-19 13:00:00+00:00,1.77596998215,1.77684998512,1.77400994301,1.77631998062,0
2025-06-19 14:00:00+00:00,1.77627003193,1.77889001369,1.77575004101,1.77705001831,0
2025-06-19 15:00:00+00:00,1.77691996098,1.77728998661,1.77500998974,1.77541005611,0
2025-06-19 16:00:00+00:00,1.77541005611,1.77581000328,1.77459001541,1.77544999123,0
2025-06-19 17:00:00+00:00,1.77544999123,1.77544999123,1.77321994305,1.7735799551,0
2025-06-19 18:00:00+00:00,1.77358996868,1.77456998825,1.77340996265,1.77427995205,0
2025-06-19 19:00:00+00:00,1.77424001694,1.77547001839,1.77382004261,1.77489995956,0
2025-06-19 20:00:00+00:00,1.77493000031,1.77535998821,1.77190005779,1.77235996723,0
2025-06-19 21:00:00+00:00,1.77235996723,1.77564001083,1.77235996723,1.77400004864,0
2025-06-19 22:00:00+00:00,1.77447998524,1.77458000183,1.77267003059,1.77376997471,0
2025-06-19 23:00:00+00:00,1.77376997471,1.77549004555,1.77321994305,1.77480995655,0
2025-06-20 00:00:00+00:00,1.77495002747,1.77646005154,1.77295994759,1.77622997761,0
2025-06-20 01:00:00+00:00,1.77613997459,1.77893996239,1.77493000031,1.77771997452,0
2025-06-20 02:00:00+00:00,1.77769005299,1.77805995941,1.77548003197,1.77608001232,0
2025-06-20 03:00:00+00:00,1.77617001534,1.77647995949,1.77481997013,1.77587997913,0
2025-06-20 04:00:00+00:00,1.77592003345,1.7763299942,1.77438998222,1.77541995049,0
2025-06-20 05:00:00+00:00,1.77544999123,1.77641999722,1.77419996262,1.77551996708,0
2025-06-20 06:00:00+00:00,1.77538001537,1.77848005295,1.77479994297,1.77827000618,0
2025-06-20 07:00:00+00:00,1.77829003334,1.77865004539,1.77520000935,1.77570998669,0
2025-06-20 08:00:00+00:00,1.77565002441,1.77660000324,1.77443003654,1.77599000931,0
2025-06-20 09:00:00+00:00,1.77604997158,1.77623999119,1.77421998978,1.77523994446,0
2025-06-20 10:00:00+00:00,1.77521002293,1.77691996098,1.77511000633,1.77594995499,0
2025-06-20 11:00:00+00:00,1.77599000931,1.77630996704,1.77441000938,1.77559995651,0
2025-06-20 12:00:00+00:00,1.77560997009,1.77567994595,1.77269995213,1.7739200592,0
2025-06-20 13:00:00+00:00,1.77400994301,1.77981996536,1.77350997925,1.77933001518,0
2025-06-20 14:00:00+00:00,1.77924001217,1.78120005131,1.77764999866,1.78049004078,0
2025-06-20 15:00:00+00:00,1.7804800272,1.78506994247,1.7804299593,1.78486001492,0
2025-06-20 16:00:00+00:00,1.78495001793,1.78623998165,1.78425002098,1.78603005409,0
2025-06-20 17:00:00+00:00,1.78603005409,1.78808999062,1.78535997868,1.78603005409,0
2025-06-20 18:00:00+00:00,1.78605997562,1.78703999519,1.78508996964,1.78610002995,0
2025-06-20 19:00:00+00:00,1.78614997864,1.7867000103,1.78518998623,1.78557002544,0
2025-06-20 20:00:00+00:00,1.7856400013,1.78620994091,1.78483998775,1.78516995907,0
2025-06-20 21:00:00+00:00,1.78556001186,1.78556001186,1.78556001186,1.78556001186,0
2025-06-22 23:00:00+00:00,1.78386998177,1.78519999981,1.7826499939,1.78393995762,0
2025-06-23 00:00:00+00:00,1.78392004967,1.78645002842,1.78384995461,1.78491997719,0
2025-06-23 01:00:00+00:00,1.78492999077,1.78948998451,1.78350996971,1.78820002079,0
2025-06-23 02:00:00+00:00,1.78812003136,1.79370999336,1.7877099514,1.79328000546,0
2025-06-23 03:00:00+00:00,1.79320001602,1.79628002644,1.79256999493,1.79498004913,0
2025-06-23 04:00:00+00:00,1.79498004913,1.79498004913,1.79293000698,1.79394996166,0
2025-06-23 05:00:00+00:00,1.79402005672,1.79700994492,1.79339003563,1.79539000988,0
2025-06-23 06:00:00+00:00,1.79536998272,1.79609000683,1.7915199995,1.79196000099,0
2025-06-23 07:00:00+00:00,1.79199004173,1.79251003265,1.78874003887,1.79059004784,0
2025-06-23 08:00:00+00:00,1.79072999954,1.79366004467,1.78995001316,1.79322004318,0
2025-06-23 09:00:00+00:00,1.79329001904,1.79842996597,1.79196000099,1.79811000824,0
2025-06-23 10:00:00+00:00,1.7980799675,1.79912996292,1.7956700325,1.79675996304,0
2025-06-23 11:00:00+00:00,1.7967799902,1.79904997349,1.79565000534,1.79605996609,0
2025-06-23 12:00:00+00:00,1.79603004456,1.79639005661,1.79359996319,1.79418003559,0
2025-06-23 13:00:00+00:00,1.79425001144,1.79656004906,1.79322004318,1.7940299511,0
2025-06-23 14:00:00+00:00,1.79409003258,1.79482996464,1.79251003265,1.79305005074,0
2025-06-23 15:00:00+00:00,1.79305994511,1.79686999321,1.79189002514,1.79671001434,0
2025-06-23 16:00:00+00:00,1.79676997662,1.79823994637,1.7946100235,1.79787003994,0
2025-06-23 17:00:00+00:00,1.79832994938,1.79834997654,1.79205000401,1.79347002506,0
2025-06-23 18:00:00+00:00,1.79338002205,1.79403996468,1.79226005077,1.79287004471,0
2025-06-23 19:00:00+00:00,1.79295003414,1.79376995564,1.79205000401,1.79314005375,0
2025-06-23 20:00:00+00:00,1.79330003262,1.79370999336,1.79123997688,1.79146003723,0
2025-06-23 21:00:00+00:00,1.79140996933,1.79413998127,1.79110002518,1.79172003269,0
2025-06-23 22:00:00+00:00,1.7921500206,1.79287004471,1.79003000259,1.79060995579,0
2025-06-23 23:00:00+00:00,1.79065001011,1.79168999195,1.78878998756,1.79059004784,0
2025-06-24 00:00:00+00:00,1.79042994976,1.79138994217,1.7885299921,1.78989994526,0
2025-06-24 01:00:00+00:00,1.78989005089,1.7908500433,1.78802001476,1.78854000568,0
2025-06-24 02:00:00+00:00,1.78845000267,1.78946995735,1.78623998165,1.78665995598,0
2025-06-24 03:00:00+00:00,1.78658998013,1.78882002831,1.78624999523,1.78796994686,0
2025-06-24 04:00:00+00:00,1.78795003891,1.78908002377,1.7861700058,1.7866499424,0
2025-06-24 05:00:00+00:00,1.78659999371,1.78775000572,1.78620004654,1.78722000122,0
2025-06-24 06:00:00+00:00,1.78722000122,1.78761005402,1.78192996979,1.78261995316,0
2025-06-24 07:00:00+00:00,1.78262996674,1.78548002243,1.78187000751,1.7850099802,0
2025-06-24 08:00:00+00:00,1.78514003754,1.785400033,1.78208994865,1.78252995014,0
2025-06-24 09:00:00+00:00,1.78250002861,1.78387999535,1.78155004978,1.78340995312,0
2025-06-24 10:00:00+00:00,1.7834199667,1.78351998329,1.78079998493,1.78173995018,0
2025-06-24 11:00:00+00:00,1.78182005882,1.78354001045,1.78108000755,1.7834700346,0
2025-06-24 12:00:00+00:00,1.78333997726,1.78483998775,1.78249001503,1.78361999989,0
2025-06-24 13:00:00+00:00,1.78361999989,1.78635001183,1.78246998787,1.7858799696,0
2025-06-24 14:00:00+00:00,1.78561997414,1.78611004353,1.78322994709,1.78525996208,0
2025-06-24 15:00:00+00:00,1.78522002697,1.78718996048,1.78431999683,1.78626000881,0
2025-06-24 16:00:00+00:00,1.78629004955,1.78736996651,1.7860699892,1.78673005104,0
2025-06-24 17:00:00+00:00,1.78668999672,1.78726994991,1.78578996658,1.78653001785,0
2025-06-24 18:00:00+00:00,1.78650999069,1.7869399786,1.78600001335,1.78682994843,0
2025-06-24 19:00:00+00:00,1.78675997257,1.78732001781,1.78585994244,1.78707003593,0
2025-06-24 20:00:00+00:00,1.78708994389,1.78924000263,1.78652000427,1.7882900238,0
2025-06-24 21:00:00+00:00,1.7883399725,1.78931999207,1.78677999973,1.78859996796,0
2025-06-24 22:00:00+00:00,1.78859996796,1.78895998001,1.78773999214,1.78864002228,0
2025-06-24 23:00:00+00:00,1.78878998756,1.78954005241,1.78733003139,1.7877099514,0
2025-06-25 00:00:00+00:00,1.78767001629,1.79010999203,1.78747999668,1.78896999359,0
2025-06-25 01:00:00+00:00,1.78895998001,1.78919005394,1.78631997108,1.78772997856,0
2025-06-25 02:00:00+00:00,1.78769004345,1.78890001774,1.7859300375,1.78627002239,0
2025-06-25 03:00:00+00:00,1.78624999523,1.7874699831,1.78543996811,1.78691995144,0
2025-06-25 04:00:00+00:00,1.78690004349,1.78830003738,1.7864099741,1.78683996201,0
2025-06-25 05:00:00+00:00,1.78683996201,1.78855001926,1.78671002388,1.78775000572,0
2025-06-25 06:00:00+00:00,1.78778004646,1.78849995136,1.78579998016,1.78654003143,0
2025-06-25 07:00:00+00:00,1.78661000729,1.78675997257,1.78338003159,1.78525996208,0
2025-06-25 08:00:00+00:00,1.78521001339,1.78692996502,1.78448998928,1.78685998917,0
2025-06-25 09:00:00+00:00,1.78687000275,1.78796994686,1.78498005867,1.78602004051,0
2025-06-25 10:00:00+00:00,1.78597998619,1.78712999821,1.78567004204,1.78639996052,0
2025-06-25 11:00:00+00:00,1.78627002239,1.78719997406,1.78490996361,1.78526997566,0
2025-06-25 12:00:00+00:00,1.78532004356,1.78656995296,1.78490996361,1.78576004505,0
2025-06-25 13:00:00+00:00,1.78575003147,1.78904998302,1.78505003452,1.78835999966,0
2025-06-25 14:00:00+00:00,1.7883900404,1.79080998898,1.78728997707,1.78964996338,0
2025-06-25 15:00:00+00:00,1.78966999054,1.79146003723,1.78926002979,1.79013001919,0
2025-06-25 16:00:00+00:00,1.79008996487,1.79051995277,1.78820002079,1.78860998154,0
2025-06-25 17:00:00+00:00,1.78855001926,1.79059004784,1.78816998005,1.79024004936,0
2025-06-25 18:00:00+00:00,1.79017996788,1.79145002365,1.78955996037,1.79127001762,0
2025-06-25 19:00:00+00:00,1.7912800312,1.7913299799,1.78991997242,1.79051995277,0
2025-06-25 20:00:00+00:00,1.7905100584,1.79089999199,1.78910005093,1.78972005844,0
2025-06-25 21:00:00+00:00,1.78968000412,1.79112005234,1.78869998455,1.79087996483,0
2025-06-25 22:00:00+00:00,1.79093003273,1.79105997086,1.78957998753,1.79012000561,0
2025-06-25 23:00:00+00:00,1.78995001316,1.79163002968,1.78968000412,1.79161000252,0
2025-06-26 00:00:00+00:00,1.79147994518,1.79202997684,1.79063999653,1.79168999195,0
2025-06-26 01:00:00+00:00,1.79165005684,1.79346001148,1.79062998295,1.79207003117,0
2025-06-26 02:00:00+00:00,1.79205000401,1.7929199934,1.78957998753,1.79033994675,0
2025-06-26 03:00:00+00:00,1.79027998447,1.79264998436,1.78918004036,1.79008996487,0
2025-06-26 04:00:00+00:00,1.78998994827,1.79123997688,1.78971004486,1.79062998295,0
2025-06-26 05:00:00+00:00,1.79054999352,1.7915199995,1.7894500494,1.79015994072,0
2025-06-26 06:00:00+00:00,1.79017996788,1.79121005535,1.7883399725,1.79097998142,0
2025-06-26 07:00:00+00:00,1.79095995426,1.79232001305,1.78965997696,1.79226994514,0
2025-06-26 08:00:00+00:00,1.79228997231,1.79319000244,1.7912800312,1.79207003117,0
2025-06-26 09:00:00+00:00,1.79180002213,1.79420995712,1.79120004177,1.7932100296,0
2025-06-26 10:00:00+00:00,1.79319000244,1.79388999939,1.79115998745,1.7915699482,0
2025-06-26 11:00:00+00:00,1.79177999496,1.79214000702,1.78964996338,1.79028999805,0
2025-06-26 12:00:00+00:00,1.79024004936,1.79078996181,1.78869998455,1.78966999054,0
2025-06-26 13:00:00+00:00,1.78926002979,1.79097998142,1.78832995892,1.78870999813,0
2025-06-26 14:00:00+00:00,1.78861999512,1.78925001621,1.78629004955,1.78804004192,0
2025-06-26 15:00:00+00:00,1.78804004192,1.78867995739,1.78576004505,1.78777003288,0
2025-06-26 16:00:00+00:00,1.78778994083,1.78964996338,1.78726994991,1.78927004337,0
2025-06-26 17:00:00+00:00,1.78928005695,1.78930997849,1.78636002541,1.78687000275,0
2025-06-26 18:00:00+00:00,1.78687000275,1.78761005402,1.78620004654,1.78698003292,0
2025-06-26 19:00:00+00:00,1.78690004349,1.78804004192,1.78629994392,1.78668999672,0
2025-06-26 20:00:00+00:00,1.78663003445,1.78779995441,1.78624999523,1.78673005104,0
2025-06-26 21:00:00+00:00,1.78671002388,1.78851997852,1.78382003307,1.78671002388,0
2025-06-26 22:00:00+00:00,1.78661000729,1.7869900465,1.78416001797,1.78495001793,0
2025-06-26 23:00:00+00:00,1.78480005264,1.78661000729,1.78462004662,1.78592002392,0
2025-06-27 00:00:00+00:00,1.78603994846,1.78620004654,1.78333997726,1.78372001648,0
2025-06-27 01:00:00+00:00,1.78373003006,1.78582000732,1.78366994858,1.78443002701,0
2025-06-27 02:00:00+00:00,1.78445005417,1.785400033,1.78329002857,1.78489995003,0
2025-06-27 03:00:00+00:00,1.78485000134,1.78647994995,1.7834700346,1.78604996204,0
2025-06-27 04:00:00+00:00,1.78603005409,1.78691005707,1.78550004959,1.78596997261,0
2025-06-27 05:00:00+00:00,1.78596997261,1.78696000576,1.78545999527,1.78653001785,0
2025-06-27 06:00:00+00:00,1.78644001484,1.78849005699,1.78515994549,1.78801000118,0
2025-06-27 07:00:00+00:00,1.78790998459,1.78893995285,1.7858799696,1.78867995739,0
2025-06-27 08:00:00+00:00,1.7886300087,1.78972005844,1.78690004349,1.78732001781,0
2025-06-27 09:00:00+00:00,1.78727996349,1.79007995129,1.78677999973,1.78979003429,0
2025-06-27 10:00:00+00:00,1.78981995583,1.79288005829,1.78961002827,1.79272997379,0
2025-06-27 11:00:00+00:00,1.79272997379,1.79383003712,1.79112994671,1.7916200161,0
2025-06-27 12:00:00+00:00,1.79155004025,1.79504001141,1.7906999588,1.79470002651,0
2025-06-27 13:00:00+00:00,1.7946100235,1.79741001129,1.79323995113,1.79656994343,0
2025-06-27 14:00:00+00:00,1.79666996002,1.7969199419,1.79383003712,1.79524004459,0
2025-06-27 15:00:00+00:00,1.79526996613,1.79534995556,1.7926800251,1.79435002804,0
2025-06-27 16:00:00+00:00,1.79430997372,1.79473996162,1.79288005829,1.79370999336,0
2025-06-27 17:00:00+00:00,1.7937400341,1.79636001587,1.79230999947,1.79488003254,0
2025-06-27 18:00:00+00:00,1.79488003254,1.796200037,1.79387998581,1.79502999783,0
2025-06-27 19:00:00+00:00,1.79493999481,1.79536998272,1.79349994659,1.79400002956,0
2025-06-27 20:00:00+00:00,1.79412996769,1.79481995106,1.79282999039,1.79354000092,0
2025-06-27 21:00:00+00:00,1.79400002956,1.79400002956,1.79400002956,1.79400002956,0
2025-06-29 23:00:00+00:00,1.79499995708,1.79612004757,1.79425001144,1.79517996311,0
2025-06-30 00:00:00+00:00,1.79507005215,1.79525995255,1.79296004772,1.79443001747,0
2025-06-30 01:00:00+00:00,1.79442000389,1.79491996765,1.79270005226,1.79383003712,0
2025-06-30 02:00:00+00:00,1.79369997978,1.79506003857,1.79227995872,1.79386997223,0
2025-06-30 03:00:00+00:00,1.7938400507,1.79393005371,1.79226005077,1.79288995266,0
2025-06-30 04:00:00+00:00,1.79288995266,1.79324996471,1.79171001911,1.79267001152,0
2025-06-30 05:00:00+00:00,1.79273998737,1.79305994511,1.78962004185,1.79013001919,0
2025-06-30 06:00:00+00:00,1.79014003277,1.79507994652,1.78993999958,1.79379999638,0
2025-06-30 07:00:00+00:00,1.79372000694,1.79597997665,1.79319000244,1.79443001747,0
2025-06-30 08:00:00+00:00,1.7943199873,1.79443001747,1.79261994362,1.79394996166,0
2025-06-30 09:00:00+00:00,1.79395997524,1.79616999626,1.79252004623,1.79612994194,0
2025-06-30 10:00:00+00:00,1.7961499691,1.7964400053,1.7943700552,1.79521000385,0
2025-06-30 11:00:00+00:00,1.79522001743,1.79570996761,1.79434001446,1.7947499752,0
2025-06-30 12:00:00+00:00,1.79472005367,1.79502999783,1.79244995117,1.7933100462,0
2025-06-30 13:00:00+00:00,1.79323005676,1.79375004768,1.79024994373,1.79093003273,0
2025-06-30 14:00:00+00:00,1.79104995728,1.79309999943,1.78974997997,1.79119002819,0
2025-06-30 15:00:00+00:00,1.79129004478,1.79270005226,1.78908002377,1.79072999954,0
2025-06-30 16:00:00+00:00,1.79066002369,1.79121005535,1.78909003735,1.7896399498,0
2025-06-30 17:00:00+00:00,1.78952002525,1.79102003574,1.78894996643,1.7908500433,0
2025-06-30 18:00:00+00:00,1.79082000256,1.79112994671,1.78920996189,1.78989005089,0
2025-06-30 19:00:00+00:00,1.78989994526,1.79036998749,1.78918004036,1.78996002674,0
2025-06-30 20:00:00+00:00,1.79004001617,1.79119002819,1.78954005241,1.79033005238,0
2025-06-30 21:00:00+00:00,1.7906999588,1.7918599844,1.7891099453,1.79028999805,0
2025-06-30 22:00:00+00:00,1.79030001163,1.79100000858,1.78928005695,1.79051995277,0
