timestamp,open,high,low,close,volume
2024-11-01 00:00:00+00:00,1.96091997623,1.962479949,1.95969998837,1.96193003654,0
2024-11-01 01:00:00+00:00,1.96194005013,1.96214997768,1.95910000801,1.96073997021,0
2024-11-01 02:00:00+00:00,1.96090996265,1.96201002598,1.95968997478,1.95976996422,0
2024-11-01 03:00:00+00:00,1.95982003212,1.96104001999,1.95855998993,1.96088004112,0
2024-11-01 04:00:00+00:00,1.96085000038,1.96149003506,1.960070014,1.96119999886,0
2024-11-01 05:00:00+00:00,1.96119999886,1.96358001232,1.96081995964,1.96289002895,0
2024-11-01 06:00:00+00:00,1.96299004555,1.96672999859,1.96277999878,1.96553003788,0
2024-11-01 07:00:00+00:00,1.96555995941,1.96643996239,1.96508002281,1.96621000767,0
2024-11-01 08:00:00+00:00,1.96612000465,1.96756005287,1.96454000473,1.9655200243,0
2024-11-01 09:00:00+00:00,1.96521997452,1.96724998951,1.96501004696,1.96600997448,0
2024-11-01 10:00:00+00:00,1.96593999863,1.96765005589,1.96577000618,1.96703004837,0
2024-11-01 11:00:00+00:00,1.96707999706,1.96833002567,1.96591997147,1.9673999548,0
2024-11-01 12:00:00+00:00,1.96731996536,1.97055995464,1.96656000614,1.9672100544,0
2024-11-01 13:00:00+00:00,1.96719002724,1.97186994553,1.96651005745,1.97001004219,0
2024-11-01 14:00:00+00:00,1.9702899456,1.97319996357,1.96906995773,1.97152996063,0
2024-11-01 15:00:00+00:00,1.97160995007,1.97240996361,1.96775996685,1.96856999397,0
2024-11-01 16:00:00+00:00,1.96861994267,1.97016000748,1.96823000908,1.97009003162,0
2024-11-01 17:00:00+00:00,1.97011005878,1.97071003914,1.96909999847,1.96992003918,0
2024-11-01 18:00:00+00:00,1.96995997429,1.97070002556,1.9693800211,1.9703400135,0
2024-11-01 19:00:00+00:00,1.97046005726,1.97158002853,1.9699100256,1.97066998482,0
2024-11-01 20:00:00+00:00,1.9705799818,1.97072994709,1.96717000008,1.96932005882,0
2024-11-01 21:00:00+00:00,1.96774995327,1.97061002254,1.96774995327,1.97061002254,0
2024-11-01 22:00:00+00:00,1.97061002254,1.97061002254,1.97061002254,1.97061002254,0
2024-11-04 00:00:00+00:00,1.96509003639,1.96714997292,1.96363997459,1.96389997005,0
2024-11-04 01:00:00+00:00,1.96387994289,1.96597003937,1.96283996105,1.96507000923,0
2024-11-04 02:00:00+00:00,1.96508002281,1.9665800333,1.96361005306,1.96571004391,0
2024-11-04 03:00:00+00:00,1.96583998203,1.96679997444,1.96282994747,1.96439003944,0
2024-11-04 04:00:00+00:00,1.9644099474,1.96581995487,1.96426999569,1.96521997452,0
2024-11-04 05:00:00+00:00,1.96510994434,1.96714997292,1.96492004395,1.96514999866,0
2024-11-04 06:00:00+00:00,1.96514999866,1.9683599472,1.96496999264,1.96809995174,0
2024-11-04 07:00:00+00:00,1.96809995174,1.96966004372,1.96765995026,1.96916997433,0
2024-11-04 08:00:00+00:00,1.96925997734,1.96979999542,1.9665299654,1.9670599699,0
2024-11-04 09:00:00+00:00,1.96714997292,1.96802997589,1.96517002583,1.96706998348,0
2024-11-04 10:00:00+00:00,1.96712005138,1.96915996075,1.96520996094,1.96538996696,0
2024-11-04 11:00:00+00:00,1.96521997452,1.96633994579,1.96355998516,1.9649399519,0
2024-11-04 12:00:00+00:00,1.96484994888,1.96579003334,1.96310997009,1.96477997303,0
2024-11-04 13:00:00+00:00,1.96466004848,1.96784996986,1.96423995495,1.96616995335,0
2024-11-04 14:00:00+00:00,1.96632003784,1.96659004688,1.96396994591,1.96502995491,0
2024-11-04 15:00:00+00:00,1.96501994133,1.96702003479,1.96430003643,1.96671998501,0
2024-11-04 16:00:00+00:00,1.96665000916,1.96677005291,1.96343004704,1.96566998959,0
2024-11-04 17:00:00+00:00,1.96568000317,1.96634995937,1.96449995041,1.96528995037,0
2024-11-04 18:00:00+00:00,1.96508002281,1.96653997898,1.9647500515,1.96527004242,0
2024-11-04 19:00:00+00:00,1.96538996696,1.9671100378,1.96502995491,1.96630001068,0
2024-11-04 20:00:00+00:00,1.96644997597,1.96751999855,1.96573996544,1.96719002724,0
2024-11-04 21:00:00+00:00,1.96717000008,1.96800994873,1.96654999256,1.96669995785,0
2024-11-04 22:00:00+00:00,1.96724998951,1.96816003323,1.96464002132,1.96613001823,0
2024-11-04 23:00:00+00:00,1.96612000465,1.967689991,1.96597003937,1.9674500227,0
2024-11-05 00:00:00+00:00,1.96738004684,1.96853995323,1.96700000763,1.96767997742,0
2024-11-05 01:00:00+00:00,1.96761000156,1.96806001663,1.96496999264,1.9655200243,0
2024-11-05 02:00:00+00:00,1.9655200243,1.96680998802,1.96493005753,1.96643996239,0
2024-11-05 03:00:00+00:00,1.96642005444,1.96714997292,1.96379005909,1.96703004837,0
2024-11-05 04:00:00+00:00,1.96702003479,1.96732997894,1.96370995045,1.96478998661,0
2024-11-05 05:00:00+00:00,1.96474003792,1.96514999866,1.96342003345,1.96431005001,0
2024-11-05 06:00:00+00:00,1.96437001228,1.96477997303,1.96273994446,1.96337997913,0
2024-11-05 07:00:00+00:00,1.96349000931,1.96370005608,1.96156001091,1.96308994293,0
2024-11-05 08:00:00+00:00,1.96311998367,1.96331000328,1.96086001396,1.96131002903,0
2024-11-05 09:00:00+00:00,1.96124994755,1.96227002144,1.9605499506,1.96182000637,0
2024-11-05 10:00:00+00:00,1.9618999958,1.96235001087,1.96095001698,1.96116995811,0
2024-11-05 11:00:00+00:00,1.96131002903,1.96142995358,1.96017003059,1.96118998528,0
2024-11-05 12:00:00+00:00,1.96106004715,1.9614200592,1.95987999439,1.96044003963,0
2024-11-05 13:00:00+00:00,1.96038997173,1.96063005924,1.95817005634,1.95906996727,0
2024-11-05 14:00:00+00:00,1.95917999744,1.96228003502,1.95884001255,1.9608900547,0
2024-11-05 15:00:00+00:00,1.96064996719,1.9617600441,1.95905005932,1.95981001854,0
2024-11-05 16:00:00+00:00,1.95980000496,1.96264004707,1.95897996426,1.96256995201,0
2024-11-05 17:00:00+00:00,1.96264004707,1.96466994286,1.96239995956,1.96442997456,0
2024-11-05 18:00:00+00:00,1.96458005905,1.96464002132,1.96256005764,1.96323001385,0
2024-11-05 19:00:00+00:00,1.96311998367,1.96361005306,1.96185004711,1.96240997314,0
2024-11-05 20:00:00+00:00,1.96222996712,1.96349000931,1.96209001541,1.96297001839,0
2024-11-05 21:00:00+00:00,1.96303999424,1.9651299715,1.96264994144,1.96360003948,0
2024-11-05 22:00:00+00:00,1.96355998516,1.96572995186,1.96027004719,1.9644099474,0
2024-11-05 23:00:00+00:00,1.96458005905,1.96557998657,1.96294999123,1.96335995197,0
2024-11-06 00:00:00+00:00,1.96380996704,1.96694004536,1.96246004105,1.96587002277,0
2024-11-06 01:00:00+00:00,1.96613001823,1.96886003017,1.96547996998,1.96670997143,0
2024-11-06 02:00:00+00:00,1.9668200016,1.9720300436,1.96563994884,1.96956002712,0
2024-11-06 03:00:00+00:00,1.96958005428,1.97802996635,1.96763002872,1.97738003731,0
2024-11-06 04:00:00+00:00,1.97730994225,1.97784996033,1.97263002396,1.97318005562,0
2024-11-06 05:00:00+00:00,1.97318005562,1.97411000729,1.96622002125,1.96810996532,0
2024-11-06 06:00:00+00:00,1.96801996231,1.97098004818,1.96653997898,1.96729004383,0
2024-11-06 07:00:00+00:00,1.96728003025,1.96815001965,1.96366000175,1.96437001228,0
2024-11-06 08:00:00+00:00,1.96449995041,1.96491003036,1.95906996727,1.96090996265,0
2024-11-06 09:00:00+00:00,1.96088004112,1.96367001534,1.95864999294,1.95868003368,0
2024-11-06 10:00:00+00:00,1.9587700367,1.95932996273,1.95589995384,1.95832002163,0
2024-11-06 11:00:00+00:00,1.95832002163,1.96153998375,1.95770001411,1.96064996719,0
2024-11-06 12:00:00+00:00,1.96063995361,1.9610799551,1.95705997944,1.95729005337,0
2024-11-06 13:00:00+00:00,1.95711004734,1.96279001236,1.95620000362,1.96188998222,0
2024-11-06 14:00:00+00:00,1.96188998222,1.96318995953,1.95688998699,1.96197998524,0
2024-11-06 15:00:00+00:00,1.96204996109,1.96228003502,1.95624005795,1.9606000185,0
2024-11-06 16:00:00+00:00,1.9606000185,1.96196997166,1.95903003216,1.96191000938,0
2024-11-06 17:00:00+00:00,1.9618999958,1.96428000927,1.96144998074,1.96203994751,0
2024-11-06 18:00:00+00:00,1.96195995808,1.96238994598,1.95813000202,1.9584800005,0
2024-11-06 19:00:00+00:00,1.95846998692,1.95905005932,1.95759999752,1.95806002617,0
2024-11-06 20:00:00+00:00,1.95787000656,1.96112000942,1.95743000507,1.9608399868,0
2024-11-06 21:00:00+00:00,1.96087002754,1.96312999725,1.95866000652,1.95931005478,0
2024-11-06 22:00:00+00:00,1.95931005478,1.96159994602,1.95727002621,1.95940005779,0
2024-11-06 23:00:00+00:00,1.95933997631,1.96159005165,1.95881998539,1.96122002602,0
2024-11-07 00:00:00+00:00,1.96156001091,1.96275997162,1.96045005322,1.96065998077,0
2024-11-07 01:00:00+00:00,1.9607000351,1.96087002754,1.95740997791,1.95826995373,0
2024-11-07 02:00:00+00:00,1.95819997787,1.95827996731,1.95184004307,1.95247995853,0
2024-11-07 03:00:00+00:00,1.95225000381,1.95388996601,1.9502799511,1.95159995556,0
2024-11-07 04:00:00+00:00,1.95165002346,1.95221996307,1.95071005821,1.95112001896,0
2024-11-07 05:00:00+00:00,1.9512399435,1.95281004906,1.95088005066,1.9522600174,0
2024-11-07 06:00:00+00:00,1.95219004154,1.95376002789,1.95120000839,1.95165002346,0
2024-11-07 07:00:00+00:00,1.95165002346,1.95252001286,1.94981002808,1.95206999779,0
2024-11-07 08:00:00+00:00,1.95220005512,1.95276999474,1.94765996933,1.94816994667,0
2024-11-07 09:00:00+00:00,1.94816994667,1.94816994667,1.94578003883,1.94690001011,0
2024-11-07 10:00:00+00:00,1.94682002068,1.94879996777,1.94539999962,1.94596004486,0
2024-11-07 11:00:00+00:00,1.94584000111,1.94752001762,1.94499003887,1.94598996639,0
2024-11-07 12:00:00+00:00,1.94573998451,1.95054996014,1.94453001022,1.94914996624,0
2024-11-07 13:00:00+00:00,1.94905996323,1.94981002808,1.94635999203,1.94682002068,0
2024-11-07 14:00:00+00:00,1.94682002068,1.94836997986,1.94527995586,1.94560003281,0
2024-11-07 15:00:00+00:00,1.94559001923,1.94584000111,1.94358003139,1.94367003441,0
2024-11-07 16:00:00+00:00,1.94366002083,1.94781005383,1.94352996349,1.94712996483,0
2024-11-07 17:00:00+00:00,1.94711995125,1.94751000404,1.94465005398,1.94544005394,0
2024-11-07 18:00:00+00:00,1.9451700449,1.94607996941,1.94379997253,1.94472002983,0
2024-11-07 19:00:00+00:00,1.94363999367,1.94663000107,1.94287002087,1.94419002533,0
2024-11-07 20:00:00+00:00,1.94420003891,1.94498002529,1.94264996052,1.94418001175,0
2024-11-07 21:00:00+00:00,1.94426000118,1.94518995285,1.9426599741,1.94339001179,0
2024-11-07 22:00:00+00:00,1.94328999519,1.94579994678,1.94263005257,1.9443500042,0
2024-11-07 23:00:00+00:00,1.94419002533,1.94567000866,1.943770051,1.94453001022,0
2024-11-08 00:00:00+00:00,1.94489002228,1.94652998447,1.9445400238,1.94635999203,0
2024-11-08 01:00:00+00:00,1.94635999203,1.94784998894,1.94542002678,1.94755995274,0
2024-11-08 02:00:00+00:00,1.94755995274,1.94867002964,1.94658994675,1.94763994217,0
2024-11-08 03:00:00+00:00,1.94765996933,1.95092999935,1.94744002819,1.95007002354,0
2024-11-08 04:00:00+00:00,1.95001995564,1.95062994957,1.94813001156,1.94872999191,0
2024-11-08 05:00:00+00:00,1.94872999191,1.95000004768,1.94814002514,1.9489300251,0
2024-11-08 06:00:00+00:00,1.9489300251,1.95043003559,1.94802999496,1.94842994213,0
2024-11-08 07:00:00+00:00,1.94830000401,1.95098996162,1.94808995724,1.94885003567,0
2024-11-08 08:00:00+00:00,1.94888997078,1.9536999464,1.94813001156,1.94994997978,0
2024-11-08 09:00:00+00:00,1.94983005524,1.95127999783,1.94942998886,1.95073997974,0
2024-11-08 10:00:00+00:00,1.95072996616,1.95296001434,1.9504699707,1.95237994194,0
2024-11-08 11:00:00+00:00,1.95238995552,1.95510005951,1.95231997967,1.95489001274,0
2024-11-08 12:00:00+00:00,1.95487999916,1.95710003376,1.95288002491,1.95371997356,0
2024-11-08 13:00:00+00:00,1.95372998714,1.9586199522,1.95342004299,1.95852005482,0
2024-11-08 14:00:00+00:00,1.95849001408,1.9589600563,1.95617997646,1.95770001411,0
2024-11-08 15:00:00+00:00,1.95772004128,1.96116995811,1.95635998249,1.96026003361,0
2024-11-08 16:00:00+00:00,1.96006000042,1.96378004551,1.96006000042,1.96356999874,0
2024-11-08 17:00:00+00:00,1.96343994141,1.96524000168,1.96077001095,1.9608399868,0
2024-11-08 18:00:00+00:00,1.96106004715,1.96441996098,1.96019995213,1.96338999271,0
2024-11-08 19:00:00+00:00,1.96350002289,1.96398997307,1.9622399807,1.96254003048,0
2024-11-08 20:00:00+00:00,1.96254003048,1.96362996101,1.96221995354,1.96298003197,0
2024-11-08 21:00:00+00:00,1.96310997009,1.96326005459,1.96085000038,1.96161997318,0
2024-11-08 22:00:00+00:00,1.96303999424,1.96303999424,1.96303999424,1.96303999424,0
2024-11-11 00:00:00+00:00,1.96159005165,1.96177995205,1.95862996578,1.95952999592,0
2024-11-11 01:00:00+00:00,1.95933997631,1.96071004868,1.95852005482,1.95991003513,0
2024-11-11 02:00:00+00:00,1.95990002155,1.96153998375,1.95940995216,1.95998001099,0
2024-11-11 03:00:00+00:00,1.9600199461,1.96051001549,1.95829999447,1.95851004124,0
2024-11-11 04:00:00+00:00,1.95843994617,1.9593000412,1.95711994171,1.95846998692,0
2024-11-11 05:00:00+00:00,1.95844995975,1.95969998837,1.95703005791,1.95965003967,0
2024-11-11 06:00:00+00:00,1.95963001251,1.96008002758,1.95817995071,1.95911002159,0
2024-11-11 07:00:00+00:00,1.95911002159,1.96115994453,1.95860004425,1.9587700367,0
2024-11-11 08:00:00+00:00,1.95893001556,1.96068000793,1.95852005482,1.95993995667,0
2024-11-11 09:00:00+00:00,1.96002995968,1.96010005474,1.95852994919,1.95958995819,0
2024-11-11 10:00:00+00:00,1.95940995216,1.95971000195,1.95673000813,1.95694994926,0
2024-11-11 11:00:00+00:00,1.95686995983,1.95788002014,1.95603001118,1.95650994778,0
2024-11-11 12:00:00+00:00,1.95648002625,1.95764994621,1.95579004288,1.95712995529,0
2024-11-11 13:00:00+00:00,1.95727002621,1.95879995823,1.95700001717,1.95766997337,0
2024-11-11 14:00:00+00:00,1.95764994621,1.95957994461,1.95624005795,1.95835995674,0
2024-11-11 15:00:00+00:00,1.95834004879,1.95984005928,1.95711994171,1.9587700367,0
2024-11-11 16:00:00+00:00,1.95875000954,1.95913994312,1.95787000656,1.95852005482,0
2024-11-11 17:00:00+00:00,1.95852005482,1.95904004574,1.95749998093,1.95846998692,0
2024-11-11 18:00:00+00:00,1.95844995975,1.95939004421,1.9576100111,1.95779001713,0
2024-11-11 19:00:00+00:00,1.95778000355,1.9584800005,1.95694005489,1.95797002316,0
2024-11-11 20:00:00+00:00,1.95808005333,1.9582400322,1.95734000206,1.95766997337,0
2024-11-11 21:00:00+00:00,1.95755004883,1.95789003372,1.95696997643,1.95699000359,0
2024-11-11 22:00:00+00:00,1.95674002171,1.95799005032,1.9554400444,1.95692002773,0
2024-11-11 23:00:00+00:00,1.95686995983,1.95813000202,1.95636999607,1.95677995682,0
2024-11-12 00:00:00+00:00,1.95666003227,1.95869994164,1.95660996437,1.95728003979,0
2024-11-12 01:00:00+00:00,1.95721995831,1.95989000797,1.95520997047,1.9583799839,0
2024-11-12 02:00:00+00:00,1.9582400322,1.96116995811,1.95803999901,1.96027994156,0
2024-11-12 03:00:00+00:00,1.96029996872,1.96097004414,1.95817005634,1.95985996723,0
2024-11-12 04:00:00+00:00,1.95984005928,1.96025002003,1.95873999596,1.9594899416,0
2024-11-12 05:00:00+00:00,1.95936000347,1.95999002457,1.95762002468,1.95882999897,0
2024-11-12 06:00:00+00:00,1.95902001858,1.9593000412,1.95539999008,1.95635998249,0
2024-11-12 07:00:00+00:00,1.95635998249,1.95730996132,1.95447003841,1.95590996742,0
2024-11-12 08:00:00+00:00,1.95604002476,1.95809996128,1.95439994335,1.95792996883,0
2024-11-12 09:00:00+00:00,1.9578499794,1.96053004265,1.95736002922,1.95975995064,0
2024-11-12 10:00:00+00:00,1.95975005627,1.96075999737,1.95887994766,1.95999002457,0
2024-11-12 11:00:00+00:00,1.95992994308,1.96098995209,1.95906996727,1.9593000412,0
2024-11-12 12:00:00+00:00,1.95938003063,1.96038997173,1.95634996891,1.95682001114,0
2024-11-12 13:00:00+00:00,1.9568400383,1.95709002018,1.95473003387,1.95541000366,0
2024-11-12 14:00:00+00:00,1.95539999008,1.95710003376,1.95383000374,1.9554400444,0
2024-11-12 15:00:00+00:00,1.95551002026,1.95565998554,1.94954001904,1.9508600235,0
2024-11-12 16:00:00+00:00,1.95078003407,1.95254004002,1.9499399662,1.95217001438,0
2024-11-12 17:00:00+00:00,1.95235002041,1.95416998863,1.95115995407,1.95387995243,0
2024-11-12 18:00:00+00:00,1.95383000374,1.95405995846,1.95058000088,1.95114004612,0
2024-11-12 19:00:00+00:00,1.95114004612,1.95141994953,1.94949996471,1.94994997978,0
2024-11-12 20:00:00+00:00,1.94995999336,1.9502799511,1.94839000702,1.95011997223,0
2024-11-12 21:00:00+00:00,1.95002996922,1.9520200491,1.94931995869,1.95002996922,0
2024-11-12 22:00:00+00:00,1.9502799511,1.95260000229,1.94749999046,1.95156002045,0
2024-11-12 23:00:00+00:00,1.95183002949,1.95223999023,1.9504699707,1.95054996014,0
2024-11-13 00:00:00+00:00,1.95042002201,1.95420002937,1.95039999485,1.9521600008,0
2024-11-13 01:00:00+00:00,1.95217001438,1.9525500536,1.94981002808,1.95032000542,0
2024-11-13 02:00:00+00:00,1.9502300024,1.95160996914,1.9500900507,1.95050001144,0
2024-11-13 03:00:00+00:00,1.95050001144,1.95106005669,1.94957995415,1.950330019,0
2024-11-13 04:00:00+00:00,1.95035994053,1.95050001144,1.9494099617,1.94989001751,0
2024-11-13 05:00:00+00:00,1.94989001751,1.95129001141,1.94954001904,1.95054996014,0
2024-11-13 06:00:00+00:00,1.9505200386,1.95256996155,1.95016002655,1.95241999626,0
2024-11-13 07:00:00+00:00,1.9525500536,1.95282995701,1.95108997822,1.95256996155,0
2024-11-13 08:00:00+00:00,1.95260000229,1.95413005352,1.95213997364,1.95344996452,0
2024-11-13 09:00:00+00:00,1.95350003242,1.95450997353,1.95114994049,1.95194995403,0
2024-11-13 10:00:00+00:00,1.95191001892,1.95325994492,1.95173001289,1.95256996155,0
2024-11-13 11:00:00+00:00,1.95252001286,1.95384001732,1.95214998722,1.95364999771,0
2024-11-13 12:00:00+00:00,1.9535599947,1.95390999317,1.95261001587,1.95364999771,0
2024-11-13 13:00:00+00:00,1.95361995697,1.95466005802,1.94892001152,1.95271003246,0
2024-11-13 14:00:00+00:00,1.95272004604,1.95606005192,1.9522600174,1.95518004894,0
2024-11-13 15:00:00+00:00,1.95536005497,1.95905005932,1.9550100565,1.9576100111,0
2024-11-13 16:00:00+00:00,1.95762002468,1.96034002304,1.95729005337,1.95952999592,0
2024-11-13 17:00:00+00:00,1.95957994461,1.95987999439,1.95855998993,1.959010005,0
2024-11-13 18:00:00+00:00,1.95884001255,1.95919001102,1.95740997791,1.95815002918,0
2024-11-13 19:00:00+00:00,1.95822000504,1.9594399929,1.95772004128,1.95905005932,0
2024-11-13 20:00:00+00:00,1.95910000801,1.96010005474,1.95834994316,1.95995998383,0
2024-11-13 21:00:00+00:00,1.95998001099,1.96016001701,1.95857000351,1.95857000351,0
2024-11-13 22:00:00+00:00,1.95915997028,1.95989000797,1.95450997353,1.95471000671,0
2024-11-13 23:00:00+00:00,1.95534002781,1.95809996128,1.95511996746,1.95679998398,0
2024-11-14 00:00:00+00:00,1.95669996738,1.95984995365,1.95626997948,1.95699000359,0
2024-11-14 01:00:00+00:00,1.95699000359,1.95854997635,1.95606005192,1.95756995678,0
2024-11-14 02:00:00+00:00,1.95756995678,1.96027004719,1.95736002922,1.9595400095,0
2024-11-14 03:00:00+00:00,1.95941996574,1.96151995659,1.95776998997,1.96022999287,0
2024-11-14 04:00:00+00:00,1.96035003662,1.96175003052,1.95929002762,1.96012997627,0
2024-11-14 05:00:00+00:00,1.96015000343,1.96317994595,1.95996999741,1.96255004406,0
2024-11-14 06:00:00+00:00,1.96271002293,1.96280002594,1.96092998981,1.96192002296,0
2024-11-14 07:00:00+00:00,1.96179997921,1.96238994598,1.95869994164,1.95950996876,0
2024-11-14 08:00:00+00:00,1.95960998535,1.96065998077,1.95677995682,1.95747995377,0
2024-11-14 09:00:00+00:00,1.95744001865,1.9587199688,1.95650005341,1.95800995827,0
2024-11-14 10:00:00+00:00,1.95799005032,1.95884001255,1.95594000816,1.95692002773,0
2024-11-14 11:00:00+00:00,1.95679998398,1.95743000507,1.95541000366,1.95712995529,0
2024-11-14 12:00:00+00:00,1.95709002018,1.95876002312,1.95632994175,1.95858001709,0
2024-11-14 13:00:00+00:00,1.9584800005,1.95916998386,1.95673000813,1.95766997337,0
2024-11-14 14:00:00+00:00,1.95783996582,1.96116995811,1.95765995979,1.96071994305,0
2024-11-14 15:00:00+00:00,1.96073997021,1.96262001991,1.95869004726,1.96062004566,0
2024-11-14 16:00:00+00:00,1.96078002453,1.96303999424,1.95957005024,1.96271002293,0
2024-11-14 17:00:00+00:00,1.9628200531,1.96312999725,1.96085000038,1.96101999283,0
2024-11-14 18:00:00+00:00,1.96103000641,1.96211004257,1.9603600502,1.96116995811,0
2024-11-14 19:00:00+00:00,1.96125996113,1.96129000187,1.95959997177,1.96062004566,0
2024-11-14 20:00:00+00:00,1.96072995663,1.96426999569,1.96036994457,1.96243000031,0
2024-11-14 21:00:00+00:00,1.9625300169,1.96290004253,1.96097004414,1.96121001244,0
2024-11-14 22:00:00+00:00,1.96138000488,1.96302998066,1.95917999744,1.96179997921,0
2024-11-14 23:00:00+00:00,1.96195995808,1.96326005459,1.96112000942,1.96186995506,0
2024-11-15 00:00:00+00:00,1.96215999126,1.96378004551,1.96178996563,1.9630600214,0
2024-11-15 01:00:00+00:00,1.96291995049,1.96361005306,1.96173000336,1.96222996712,0
2024-11-15 02:00:00+00:00,1.96218001842,1.96245002747,1.96048998833,1.96106994152,0
2024-11-15 03:00:00+00:00,1.96105003357,1.96188998222,1.96021997929,1.96114003658,0
2024-11-15 04:00:00+00:00,1.96114003658,1.96132004261,1.95957005024,1.96066999435,0
2024-11-15 05:00:00+00:00,1.96066999435,1.96133005619,1.95971000195,1.961130023,0
2024-11-15 06:00:00+00:00,1.96110999584,1.96292996407,1.96045994759,1.96161997318,0
2024-11-15 07:00:00+00:00,1.96151995659,1.96177005768,1.95922994614,1.9593000412,0
2024-11-15 08:00:00+00:00,1.9593000412,1.96098995209,1.95668005943,1.95738995075,0
2024-11-15 09:00:00+00:00,1.9575599432,1.95808005333,1.95596003532,1.95656001568,0
2024-11-15 10:00:00+00:00,1.95643997192,1.96008002758,1.95596003532,1.95855998993,0
2024-11-15 11:00:00+00:00,1.95855998993,1.9605499506,1.95815002918,1.95965003967,0
2024-11-15 12:00:00+00:00,1.95978999138,1.95996999741,1.95758998394,1.95779001713,0
2024-11-15 13:00:00+00:00,1.95770001411,1.95860004425,1.9559700489,1.95704996586,0
2024-11-15 14:00:00+00:00,1.9570800066,1.96069002151,1.95614004135,1.95938003063,0
2024-11-15 15:00:00+00:00,1.95940005779,1.96024000645,1.9546200037,1.95466995239,0
2024-11-15 16:00:00+00:00,1.95463001728,1.95620000362,1.9529299736,1.9543800354,0
2024-11-15 17:00:00+00:00,1.95434999466,1.95464003086,1.95311999321,1.95367002487,0
2024-11-15 18:00:00+00:00,1.95361995697,1.95446002483,1.95283997059,1.95399999619,0
2024-11-15 19:00:00+00:00,1.95401000977,1.95489001274,1.95323002338,1.95342004299,0
2024-11-15 20:00:00+00:00,1.95334994793,1.95388996601,1.95208001137,1.95246994495,0
2024-11-15 21:00:00+00:00,1.95246994495,1.95316004753,1.9502799511,1.9522600174,0
2024-11-15 22:00:00+00:00,1.95083999634,1.95290994644,1.95083999634,1.95290994644,0
2024-11-18 00:00:00+00:00,1.95167994499,1.95299994946,1.9505699873,1.95153999329,0
2024-11-18 01:00:00+00:00,1.95141994953,1.95291996002,1.95083999634,1.95225000381,0
2024-11-18 02:00:00+00:00,1.95225000381,1.95272004604,1.95060002804,1.95196998119,0
2024-11-18 03:00:00+00:00,1.9519200325,1.95325994492,1.95091998577,1.95264005661,0
2024-11-18 04:00:00+00:00,1.95250999928,1.95325994492,1.95125997066,1.95199000835,0
2024-11-18 05:00:00+00:00,1.95201003551,1.953799963,1.95185995102,1.95314002037,0
2024-11-18 06:00:00+00:00,1.95314002037,1.95564997196,1.9529800415,1.95490002632,0
2024-11-18 07:00:00+00:00,1.95501995087,1.95727002621,1.95407998562,1.95533001423,0
2024-11-18 08:00:00+00:00,1.95533001423,1.95570003986,1.95346999168,1.95492994785,0
2024-11-18 09:00:00+00:00,1.95489001274,1.95632994175,1.9532200098,1.95499002934,0
2024-11-18 10:00:00+00:00,1.95512998104,1.95562005043,1.9533200264,1.95556998253,0
2024-11-18 11:00:00+00:00,1.95534002781,1.95624005795,1.95469999313,1.95546996593,0
2024-11-18 12:00:00+00:00,1.95547997952,1.95714998245,1.95521998405,1.95662999153,0
2024-11-18 13:00:00+00:00,1.95682001114,1.95741999149,1.95223999023,1.95271003246,0
2024-11-18 14:00:00+00:00,1.95287001133,1.95310997963,1.95149004459,1.95176005363,0
2024-11-18 15:00:00+00:00,1.95166003704,1.95182001591,1.94833004475,1.94931995869,0
2024-11-18 16:00:00+00:00,1.94925999641,1.94962000847,1.94780004025,1.9488799572,0
2024-11-18 17:00:00+00:00,1.94895994663,1.94983994961,1.94679999352,1.94711995125,0
2024-11-18 18:00:00+00:00,1.94697999954,1.94889998436,1.94685995579,1.94808995724,0
2024-11-18 19:00:00+00:00,1.94802999496,1.94875001907,1.94755005836,1.94797003269,0
2024-11-18 20:00:00+00:00,1.94782996178,1.94892001152,1.9475300312,1.94793999195,0
2024-11-18 21:00:00+00:00,1.94784998894,1.94890999794,1.94685995579,1.9475300312,0
2024-11-18 22:00:00+00:00,1.9476300478,1.94911003113,1.94534003735,1.94780004025,0
2024-11-18 23:00:00+00:00,1.94807004929,1.94901001453,1.94740998745,1.94867002964,0
2024-11-19 00:00:00+00:00,1.94870996475,1.95002996922,1.94822001457,1.94933998585,0
2024-11-19 01:00:00+00:00,1.9494099617,1.94976997375,1.94708001614,1.94770002365,0
2024-11-19 02:00:00+00:00,1.94762003422,1.94802999496,1.94630002975,1.94758999348,0
2024-11-19 03:00:00+00:00,1.94773995876,1.94792997837,1.9447799921,1.94514000416,0
2024-11-19 04:00:00+00:00,1.945119977,1.94769001007,1.94481003284,1.94746994972,0
2024-11-19 05:00:00+00:00,1.94748997688,1.94826996326,1.94663000107,1.9470499754,0
2024-11-19 06:00:00+00:00,1.94692003727,1.94719994068,1.94500994682,1.94537997246,0
2024-11-19 07:00:00+00:00,1.94537997246,1.94691002369,1.94507002831,1.94646000862,0
2024-11-19 08:00:00+00:00,1.94633996487,1.94709002972,1.94404995441,1.94628000259,0
2024-11-19 09:00:00+00:00,1.94642996788,1.94770002365,1.94402003288,1.94555997849,0
2024-11-19 10:00:00+00:00,1.94577002525,1.94703996181,1.94374001026,1.94466996193,0
2024-11-19 11:00:00+00:00,1.94474995136,1.94640994072,1.94437003136,1.94577002525,0
2024-11-19 12:00:00+00:00,1.94559001923,1.9458899498,1.94406998158,1.94484996796,0
2024-11-19 13:00:00+00:00,1.94479000568,1.94573998451,1.94117999077,1.94309997559,0
2024-11-19 14:00:00+00:00,1.94307005405,1.94383001328,1.94132995605,1.94270002842,0
2024-11-19 15:00:00+00:00,1.94270002842,1.94413995743,1.94177997112,1.9421299696,0
2024-11-19 16:00:00+00:00,1.94219994545,1.9431899786,1.94172000885,1.94196999073,0
2024-11-19 17:00:00+00:00,1.94196999073,1.94325995445,1.94131994247,1.94300997257,0
2024-11-19 18:00:00+00:00,1.94313001633,1.94366002083,1.94104003906,1.94152998924,0
2024-11-19 19:00:00+00:00,1.94140994549,1.94168996811,1.94061994553,1.94103002548,0
2024-11-19 20:00:00+00:00,1.94097995758,1.94194996357,1.94084000587,1.94104003906,0
2024-11-19 21:00:00+00:00,1.94100999832,1.94182002544,1.93990004063,1.94050002098,0
2024-11-19 22:00:00+00:00,1.94117999077,1.94272994995,1.9391900301,1.94069004059,0
2024-11-19 23:00:00+00:00,1.94067001343,1.94143998623,1.93991994858,1.94091999531,0
2024-11-20 00:00:00+00:00,1.94047999382,1.94194996357,1.9394299984,1.94131994247,0
2024-11-20 01:00:00+00:00,1.94128000736,1.94307005405,1.94104003906,1.94149005413,0
2024-11-20 02:00:00+00:00,1.9413599968,1.94269001484,1.94091999531,1.94266998768,0
2024-11-20 03:00:00+00:00,1.94252002239,1.94433999062,1.94210004807,1.94324994087,0
2024-11-20 04:00:00+00:00,1.94324994087,1.94397997856,1.94247996807,1.94344997406,0
2024-11-20 05:00:00+00:00,1.94358003139,1.94500005245,1.94331002235,1.94447994232,0
2024-11-20 06:00:00+00:00,1.94446003437,1.94457995892,1.94278001785,1.94394004345,0
2024-11-20 07:00:00+00:00,1.94370996952,1.94851994514,1.9420800209,1.94677996635,0
2024-11-20 08:00:00+00:00,1.94688999653,1.94744002819,1.94409000874,1.94547998905,0
2024-11-20 09:00:00+00:00,1.94539999962,1.94637000561,1.9443500042,1.94558000565,0
2024-11-20 10:00:00+00:00,1.94544994831,1.9470000267,1.94500994682,1.94646000862,0
2024-11-20 11:00:00+00:00,1.94642996788,1.94744002819,1.94582998753,1.94737994671,0
2024-11-20 12:00:00+00:00,1.94726002216,1.94842004776,1.94612002373,1.94642996788,0
2024-11-20 13:00:00+00:00,1.94646000862,1.94909000397,1.94543004036,1.94881999493,0
2024-11-20 14:00:00+00:00,1.94877994061,1.94939005375,1.94730997086,1.94904994965,0
2024-11-20 15:00:00+00:00,1.94904994965,1.95090997219,1.94834005833,1.94938004017,0
2024-11-20 16:00:00+00:00,1.94938004017,1.9495600462,1.94590997696,1.94632995129,0
2024-11-20 17:00:00+00:00,1.94620001316,1.9474799633,1.94538998604,1.94722998142,0
2024-11-20 18:00:00+00:00,1.94718003273,1.94769001007,1.94658994675,1.94717001915,0
2024-11-20 19:00:00+00:00,1.94718003273,1.94772005081,1.94618999958,1.9467600584,0
2024-11-20 20:00:00+00:00,1.94676995277,1.94725000858,1.94462001324,1.94476997852,0
2024-11-20 21:00:00+00:00,1.94476997852,1.94555997849,1.94334995747,1.9434299469,0
2024-11-20 22:00:00+00:00,1.94421994686,1.94579994678,1.94268000126,1.94409000874,0
2024-11-20 23:00:00+00:00,1.94409000874,1.9444899559,1.94280004501,1.94297003746,0
2024-11-21 00:00:00+00:00,1.94328999519,1.94457995892,1.94264996052,1.94288003445,0
2024-11-21 01:00:00+00:00,1.94278001785,1.94358003139,1.9414999485,1.94225001335,0
2024-11-21 02:00:00+00:00,1.9421800375,1.94300997257,1.94138002396,1.94257998466,0
2024-11-21 03:00:00+00:00,1.94254004955,1.94324994087,1.94029998779,1.94059002399,0
2024-11-21 04:00:00+00:00,1.94060003757,1.94221997261,1.94016003609,1.94182002544,0
2024-11-21 05:00:00+00:00,1.94179999828,1.94273996353,1.94106996059,1.94261002541,0
2024-11-21 06:00:00+00:00,1.9426599741,1.94277000427,1.94068002701,1.94169998169,0
2024-11-21 07:00:00+00:00,1.9418400526,1.9421299696,1.94029998779,1.94196999073,0
2024-11-21 08:00:00+00:00,1.94186997414,1.94209003448,1.9382699728,1.93867003918,0
2024-11-21 09:00:00+00:00,1.93868005276,1.94089996815,1.93727004528,1.94055998325,0
2024-11-21 10:00:00+00:00,1.94044995308,1.94087004662,1.93835997581,1.93976998329,0
2024-11-21 11:00:00+00:00,1.93977999687,1.94012999535,1.93807005882,1.93878996372,0
2024-11-21 12:00:00+00:00,1.9386600256,1.93887996674,1.93592000008,1.93708002567,0
2024-11-21 13:00:00+00:00,1.93709003925,1.93920004368,1.936439991,1.93790996075,0
2024-11-21 14:00:00+00:00,1.93795001507,1.93825995922,1.93520998955,1.93547999859,0
2024-11-21 15:00:00+00:00,1.9358600378,1.93746995926,1.93525004387,1.93657004833,0
2024-11-21 16:00:00+00:00,1.93651998043,1.93733000755,1.93523001671,1.93568003178,0
2024-11-21 17:00:00+00:00,1.93559002876,1.93599998951,1.9332100153,1.93333995342,0
2024-11-21 18:00:00+00:00,1.93341994286,1.93418002129,1.932289958,1.93327999115,0
2024-11-21 19:00:00+00:00,1.93326997757,1.93439996243,1.9332100153,1.93377995491,0
2024-11-21 20:00:00+00:00,1.93394005299,1.93430995941,1.93331003189,1.9334499836,0
2024-11-21 21:00:00+00:00,1.93339002132,1.9339799881,1.93236994743,1.93236994743,0
2024-11-21 22:00:00+00:00,1.93303000927,1.93405997753,1.92991995811,1.93331003189,0
2024-11-21 23:00:00+00:00,1.93282997608,1.93385994434,1.93254005909,1.93309998512,0
2024-11-22 00:00:00+00:00,1.93327999115,1.93353998661,1.93158996105,1.93203997612,0
2024-11-22 01:00:00+00:00,1.93203997612,1.9320499897,1.93087995052,1.93177998066,0
2024-11-22 02:00:00+00:00,1.93180000782,1.93266999722,1.93039000034,1.93137001991,0
2024-11-22 03:00:00+00:00,1.93123996258,1.93303000927,1.93121004105,1.9323400259,0
2024-11-22 04:00:00+00:00,1.93221998215,1.93446004391,1.93216001987,1.93431997299,0
2024-11-22 05:00:00+00:00,1.93436002731,1.93788003922,1.9342199564,1.93669998646,0
2024-11-22 06:00:00+00:00,1.93657004833,1.93693995476,1.9353300333,1.93547999859,0
2024-11-22 07:00:00+00:00,1.9359600544,1.9359600544,1.932289958,1.93269002438,0
2024-11-22 08:00:00+00:00,1.93276000023,1.93280994892,1.92879998684,1.92980003357,0
2024-11-22 09:00:00+00:00,1.92980003357,1.93391001225,1.92665994167,1.92836999893,0
2024-11-22 10:00:00+00:00,1.9281899929,1.92866003513,1.9251999855,1.92762005329,0
2024-11-22 11:00:00+00:00,1.92750000954,1.92777001858,1.92379999161,1.92399001122,0
2024-11-22 12:00:00+00:00,1.92412996292,1.92593002319,1.92349004745,1.92557001114,0
2024-11-22 13:00:00+00:00,1.92548000813,1.92581999302,1.92296004295,1.92514002323,0
2024-11-22 14:00:00+00:00,1.92513000965,1.92691004276,1.92417001724,1.92587995529,0
2024-11-22 15:00:00+00:00,1.92622005939,1.92950999737,1.92567002773,1.92890000343,0
2024-11-22 16:00:00+00:00,1.92904996872,1.93015003204,1.92698001862,1.92716002464,0
2024-11-22 17:00:00+00:00,1.92732000351,1.92763996124,1.92605996132,1.92720997334,0
2024-11-22 18:00:00+00:00,1.92719995975,1.9278999567,1.92641997337,1.92741000652,0
2024-11-22 19:00:00+00:00,1.92751002312,1.9282399416,1.92720997334,1.9275200367,0
2024-11-22 20:00:00+00:00,1.92768001556,1.9284299612,1.92744004726,1.92802000046,0
2024-11-22 21:00:00+00:00,1.92804002762,1.92826998234,1.92479002476,1.92618000507,0
2024-11-22 22:00:00+00:00,1.92757999897,1.92757999897,1.92757999897,1.92757999897,0
2024-11-25 00:00:00+00:00,1.92551004887,1.92566001415,1.92306005955,1.92429995537,0
2024-11-25 01:00:00+00:00,1.92431998253,1.92724001408,1.92357003689,1.92682003975,0
2024-11-25 02:00:00+00:00,1.92680001259,1.92934000492,1.92631995678,1.92922997475,0
2024-11-25 03:00:00+00:00,1.92921996117,1.93102002144,1.92785000801,1.93032002449,0
2024-11-25 04:00:00+00:00,1.9303599596,1.93158996105,1.92903995514,1.93036997318,0
2024-11-25 05:00:00+00:00,1.9303599596,1.93217003345,1.93027997017,1.93139994144,0
2024-11-25 06:00:00+00:00,1.93154001236,1.93355000019,1.93146002293,1.93172001839,0
2024-11-25 07:00:00+00:00,1.93174004555,1.93395996094,1.93129003048,1.93197000027,0
2024-11-25 08:00:00+00:00,1.93207001686,1.9321000576,1.9296400547,1.93143999577,0
2024-11-25 09:00:00+00:00,1.93148005009,1.93173003197,1.92939996719,1.92984998226,0
2024-11-25 10:00:00+00:00,1.92981994152,1.93212997913,1.92967998981,1.93193995953,0
2024-11-25 11:00:00+00:00,1.93207001686,1.93278002739,1.93094003201,1.9315199852,0
2024-11-25 12:00:00+00:00,1.93145000935,1.93243002892,1.93059003353,1.93131005764,0
2024-11-25 13:00:00+00:00,1.93137001991,1.93273997307,1.92990994453,1.93270003796,0
2024-11-25 14:00:00+00:00,1.93269002438,1.93379998207,1.93073999882,1.9325799942,0
2024-11-25 15:00:00+00:00,1.93270003796,1.93330001831,1.92978000641,1.93016004562,0
2024-11-25 16:00:00+00:00,1.93015003204,1.93461000919,1.929880023,1.93359005451,0
2024-11-25 17:00:00+00:00,1.93359005451,1.93438005447,1.93192005157,1.9338799715,0
2024-11-25 18:00:00+00:00,1.93388998508,1.93462002277,1.93324995041,1.93379998207,0
2024-11-25 19:00:00+00:00,1.93368005753,1.93386995792,1.9329199791,1.933349967,0
2024-11-25 20:00:00+00:00,1.93343997002,1.9337400198,1.93262994289,1.93299996853,0
2024-11-25 21:00:00+00:00,1.93299996853,1.93359005451,1.93130004406,1.93164002895,0
2024-11-25 22:00:00+00:00,1.93147003651,1.93341004848,1.92973005772,1.93266999722,0
2024-11-25 23:00:00+00:00,1.93276000023,1.94129002094,1.93150997162,1.93791997433,0
2024-11-26 00:00:00+00:00,1.93878996372,1.94243001938,1.93727004528,1.94237005711,0
2024-11-26 01:00:00+00:00,1.94217002392,1.94380998611,1.93544995785,1.93668997288,0
2024-11-26 02:00:00+00:00,1.93676996231,1.93737995625,1.934030056,1.93491995335,0
2024-11-26 03:00:00+00:00,1.93498003483,1.93505001068,1.93190002441,1.93306005001,0
2024-11-26 04:00:00+00:00,1.93303000927,1.93453001976,1.93150997162,1.93307995796,0
2024-11-26 05:00:00+00:00,1.93303000927,1.93423998356,1.93251001835,1.93358004093,0
2024-11-26 06:00:00+00:00,1.93356001377,1.93538999557,1.93230998516,1.93443000317,0
2024-11-26 07:00:00+00:00,1.93438994884,1.93765997887,1.93418002129,1.93700003624,0
2024-11-26 08:00:00+00:00,1.93689000607,1.93753004074,1.93542003632,1.93721997738,0
2024-11-26 09:00:00+00:00,1.93709003925,1.93870997429,1.93631005287,1.93838000298,0
2024-11-26 10:00:00+00:00,1.9383699894,1.93956005573,1.93736994267,1.93851995468,0
2024-11-26 11:00:00+00:00,1.93859994411,1.93947994709,1.9372600317,1.93816995621,0
2024-11-26 12:00:00+00:00,1.93819999695,1.9404900074,1.93607997894,1.93938004971,0
2024-11-26 13:00:00+00:00,1.9394299984,1.94100999832,1.93852996826,1.94067001343,0
2024-11-26 14:00:00+00:00,1.94067001343,1.94490003586,1.94017004967,1.94386005402,0
2024-11-26 15:00:00+00:00,1.94372999668,1.94415998459,1.94146001339,1.94282996655,0
2024-11-26 16:00:00+00:00,1.94266998768,1.94465005398,1.94056999683,1.94190001488,0
2024-11-26 17:00:00+00:00,1.94175004959,1.9428999424,1.94133996964,1.94214999676,0
2024-11-26 18:00:00+00:00,1.94198000431,1.94308996201,1.94149005413,1.94211995602,0
2024-11-26 19:00:00+00:00,1.94193005562,1.94354999065,1.94138002396,1.94217002392,0
2024-11-26 20:00:00+00:00,1.94213998318,1.94340002537,1.94149005413,1.94324994087,0
2024-11-26 21:00:00+00:00,1.94326996803,1.94392001629,1.93993997574,1.94034004211,0
2024-11-26 22:00:00+00:00,1.94094002247,1.94286000729,1.9393299818,1.94031000137,0
2024-11-26 23:00:00+00:00,1.94047999382,1.94205999374,1.9401999712,1.94187998772,0
2024-11-27 00:00:00+00:00,1.94192004204,1.94544994831,1.94093000889,1.94209003448,0
2024-11-27 01:00:00+00:00,1.94190001488,1.94319999218,1.93867003918,1.94264996052,0
2024-11-27 02:00:00+00:00,1.9426599741,1.94428002834,1.94174003601,1.94238996506,0
2024-11-27 03:00:00+00:00,1.94238996506,1.9425599575,1.9393299818,1.93989002705,0
2024-11-27 04:00:00+00:00,1.93971002102,1.94160997868,1.93948996067,1.94151997566,0
2024-11-27 05:00:00+00:00,1.94150996208,1.9423199892,1.94050002098,1.94163000584,0
2024-11-27 06:00:00+00:00,1.941650033,1.9424200058,1.94046998024,1.94098997116,0
2024-11-27 07:00:00+00:00,1.94085001945,1.94198000431,1.94003999233,1.94133996964,0
2024-11-27 08:00:00+00:00,1.94134998322,1.94323003292,1.93993997574,1.94211995602,0
2024-11-27 09:00:00+00:00,1.94202005863,1.94383001328,1.94097995758,1.94270002842,0
2024-11-27 10:00:00+00:00,1.94288003445,1.94498002529,1.94236004353,1.94457995892,0
2024-11-27 11:00:00+00:00,1.94455003738,1.94678997993,1.94438004494,1.94599997997,0
2024-11-27 12:00:00+00:00,1.94596004486,1.9491699934,1.94546997547,1.94808995724,0
2024-11-27 13:00:00+00:00,1.94809997082,1.94933998585,1.94702005386,1.94913995266,0
2024-11-27 14:00:00+00:00,1.94907999039,1.95044004917,1.9454100132,1.94778001308,0
2024-11-27 15:00:00+00:00,1.9478700161,1.95378994942,1.94705998898,1.95234000683,0
2024-11-27 16:00:00+00:00,1.95232999325,1.9535599947,1.95150995255,1.95280003548,0
2024-11-27 17:00:00+00:00,1.95276999474,1.95439994335,1.95116996765,1.95164000988,0
2024-11-27 18:00:00+00:00,1.95164000988,1.95200002193,1.95053994656,1.95098996162,0
2024-11-27 19:00:00+00:00,1.95106995106,1.95157003403,1.9502799511,1.95072996616,0
2024-11-27 20:00:00+00:00,1.95071005821,1.95129001141,1.950330019,1.95106005669,0
2024-11-27 21:00:00+00:00,1.95107996464,1.95177996159,1.95054996014,1.95097994804,0
2024-11-27 22:00:00+00:00,1.95130002499,1.95281994343,1.94836997986,1.95108997822,0
2024-11-27 23:00:00+00:00,1.9513399601,1.95146000385,1.94966995716,1.9509999752,0
2024-11-28 00:00:00+00:00,1.95115995407,1.951390028,1.94924998283,1.94992995262,0
2024-11-28 01:00:00+00:00,1.9498000145,1.9500900507,1.94737994671,1.94819998741,0
2024-11-28 02:00:00+00:00,1.94836997986,1.94981002808,1.94762003422,1.94895994663,0
2024-11-28 03:00:00+00:00,1.94878995419,1.95199000835,1.94869995117,1.95158994198,0
2024-11-28 04:00:00+00:00,1.95142996311,1.95266997814,1.95079994202,1.95129001141,0
2024-11-28 05:00:00+00:00,1.95124995708,1.95211994648,1.95106005669,1.95157003403,0
2024-11-28 06:00:00+00:00,1.95158004761,1.95289003849,1.95118999481,1.95204997063,0
2024-11-28 07:00:00+00:00,1.95200002193,1.95249998569,1.9502799511,1.95150005817,0
2024-11-28 08:00:00+00:00,1.95148003101,1.95257997513,1.94633996487,1.94650995731,0
2024-11-28 09:00:00+00:00,1.94637000561,1.94817996025,1.94614005089,1.94707000256,0
2024-11-28 10:00:00+00:00,1.94709002972,1.94927000999,1.94649004936,1.94851994514,0
2024-11-28 11:00:00+00:00,1.94851005077,1.94990003109,1.94746994972,1.94911003113,0
2024-11-28 12:00:00+00:00,1.94913005829,1.95027005672,1.94833004475,1.95013999939,0
2024-11-28 13:00:00+00:00,1.95007002354,1.95034003258,1.94744002819,1.94805002213,0
2024-11-28 14:00:00+00:00,1.94804000854,1.95000004768,1.94751000404,1.94989001751,0
2024-11-28 15:00:00+00:00,1.9498000145,1.95253002644,1.94925999641,1.95111000538,0
2024-11-28 16:00:00+00:00,1.95108997822,1.95160996914,1.9500900507,1.95067000389,0
2024-11-28 17:00:00+00:00,1.95074999332,1.95148003101,1.9504699707,1.95113003254,0
2024-11-28 18:00:00+00:00,1.9510999918,1.95174002647,1.95088005066,1.95118999481,0
2024-11-28 19:00:00+00:00,1.95118999481,1.95179998875,1.95088005066,1.951390028,0
2024-11-28 20:00:00+00:00,1.95135998726,1.95193994045,1.95122003555,1.95150005817,0
2024-11-28 21:00:00+00:00,1.95150005817,1.95213997364,1.94979000092,1.94979000092,0
2024-11-28 22:00:00+00:00,1.95135998726,1.95420002937,1.94850003719,1.9513399601,0
2024-11-28 23:00:00+00:00,1.95132994652,1.95167994499,1.95039999485,1.95088005066,0
2024-11-29 00:00:00+00:00,1.95089995861,1.95291996002,1.95059001446,1.95240998268,0
2024-11-29 01:00:00+00:00,1.95240998268,1.95331001282,1.95048999786,1.95165002346,0
2024-11-29 02:00:00+00:00,1.95179998875,1.9536999464,1.95160996914,1.95252001286,0
2024-11-29 03:00:00+00:00,1.95254004002,1.95288002491,1.94936001301,1.94954001904,0
2024-11-29 04:00:00+00:00,1.94950997829,1.950330019,1.94903004169,1.95025002956,0
2024-11-29 05:00:00+00:00,1.9500900507,1.95121002197,1.94934999943,1.95030999184,0
2024-11-29 06:00:00+00:00,1.95024001598,1.95185005665,1.9499900341,1.95115995407,0
2024-11-29 07:00:00+00:00,1.95118999481,1.95442998409,1.95083999634,1.95208001137,0
2024-11-29 08:00:00+00:00,1.95218002796,1.95263004303,1.95042002201,1.95147001743,0
2024-11-29 09:00:00+00:00,1.95149004459,1.95190000534,1.9499399662,1.950330019,0
2024-11-29 10:00:00+00:00,1.95000994205,1.95219004154,1.94937002659,1.95199000835,0
2024-11-29 11:00:00+00:00,1.95213997364,1.95234000683,1.94968998432,1.95100998878,0
2024-11-29 12:00:00+00:00,1.95106995106,1.95291996002,1.95047998428,1.95258998871,0
2024-11-29 13:00:00+00:00,1.95264995098,1.95344996452,1.95013999939,1.95026004314,0
2024-11-29 14:00:00+00:00,1.95029997826,1.95106005669,1.94729995728,1.94737994671,0
2024-11-29 15:00:00+00:00,1.94737994671,1.9523999691,1.94728004932,1.9507600069,0
2024-11-29 16:00:00+00:00,1.95092999935,1.95123004913,1.94949996471,1.9498000145,0
2024-11-29 17:00:00+00:00,1.94981002808,1.95132994652,1.94921004772,1.95079004765,0
2024-11-29 18:00:00+00:00,1.95079004765,1.95223999023,1.9507600069,1.95159995556,0
2024-11-29 19:00:00+00:00,1.95144999027,1.9522600174,1.9506200552,1.95196998119,0
2024-11-29 20:00:00+00:00,1.95197999477,1.95337998867,1.95176005363,1.95336997509,0
2024-11-29 21:00:00+00:00,1.95335996151,1.95537996292,1.95193994045,1.95440995693,0
2024-11-29 22:00:00+00:00,1.95597994328,1.95597994328,1.95597994328,1.95597994328,0
2024-12-02 00:00:00+00:00,1.95342004299,1.95413994789,1.95178997517,1.95386004448,0
2024-12-02 01:00:00+00:00,1.95387995243,1.95458996296,1.95078003407,1.95143997669,0
2024-12-02 02:00:00+00:00,1.9516299963,1.95370995998,1.95097005367,1.95271003246,0
2024-12-02 03:00:00+00:00,1.95271003246,1.95328998566,1.9518699646,1.95272004604,0
2024-12-02 04:00:00+00:00,1.95272004604,1.95422005653,1.9522600174,1.95384001732,0
2024-12-02 05:00:00+00:00,1.95384001732,1.9543800354,1.9510999918,1.95214998722,0
2024-12-02 06:00:00+00:00,1.9521600008,1.95285999775,1.95090997219,1.95199000835,0
2024-12-02 07:00:00+00:00,1.95196998119,1.95272994041,1.95088005066,1.95209002495,0
2024-12-02 08:00:00+00:00,1.95194995403,1.95468997955,1.95158994198,1.95406997204,0
2024-12-02 09:00:00+00:00,1.95410001278,1.95632004738,1.95314002037,1.955919981,0
2024-12-02 10:00:00+00:00,1.9559700489,1.95796000957,1.95509004593,1.95657002926,0
2024-12-02 11:00:00+00:00,1.95658004284,1.95913994312,1.95587003231,1.95817995071,0
2024-12-02 12:00:00+00:00,1.9582400322,1.95831000805,1.95492994785,1.95511996746,0
2024-12-02 13:00:00+00:00,1.95508003235,1.96051001549,1.95493996143,1.96047997475,0
2024-12-02 14:00:00+00:00,1.96035003662,1.9612300396,1.95790994167,1.95799994469,0
2024-12-02 15:00:00+00:00,1.95817995071,1.95905995369,1.95652997494,1.95858001709,0
2024-12-02 16:00:00+00:00,1.95849001408,1.95906996727,1.95650005341,1.95694994926,0
2024-12-02 17:00:00+00:00,1.95677995682,1.95811998844,1.95647001266,1.95686995983,0
2024-12-02 18:00:00+00:00,1.95680999756,1.95748996735,1.95506000519,1.95541000366,0
2024-12-02 19:00:00+00:00,1.95541000366,1.9556299448,1.9543800354,1.95460999012,0
2024-12-02 20:00:00+00:00,1.95459997654,1.95502996445,1.95362997055,1.95406997204,0
2024-12-02 21:00:00+00:00,1.95406997204,1.95473003387,1.9525500536,1.95473003387,0
2024-12-02 22:00:00+00:00,1.95264995098,1.95563995838,1.95152997971,1.95364999771,0
2024-12-02 23:00:00+00:00,1.95413005352,1.9550100565,1.95334994793,1.95489001274,0
2024-12-03 00:00:00+00:00,1.95489001274,1.95597994328,1.9532200098,1.95378005505,0
2024-12-03 01:00:00+00:00,1.9536999464,1.95597994328,1.95238995552,1.95562005043,0
2024-12-03 02:00:00+00:00,1.95563995838,1.95778000355,1.95518994331,1.95645999908,0
2024-12-03 03:00:00+00:00,1.9565500021,1.9567899704,1.95395994186,1.95484995842,0
2024-12-03 04:00:00+00:00,1.95484995842,1.9554400444,1.95399999619,1.95413005352,0
2024-12-03 05:00:00+00:00,1.95414996147,1.95486998558,1.9535599947,1.95474994183,0
2024-12-03 06:00:00+00:00,1.95472002029,1.95555996895,1.95343995094,1.95501995087,0
2024-12-03 07:00:00+00:00,1.95502996445,1.95539999008,1.95221996307,1.95264005661,0
2024-12-03 08:00:00+00:00,1.95264005661,1.95284998417,1.95069003105,1.95161998272,0
2024-12-03 09:00:00+00:00,1.95149004459,1.95256996155,1.95098996162,1.95160996914,0
2024-12-03 10:00:00+00:00,1.95156002045,1.95309996605,1.95090997219,1.95221996307,0
2024-12-03 11:00:00+00:00,1.95220994949,1.95255994797,1.95078003407,1.95088005066,0
2024-12-03 12:00:00+00:00,1.95090997219,1.95236003399,1.95055997372,1.95127999783,0
2024-12-03 13:00:00+00:00,1.95125997066,1.95352005959,1.95105004311,1.95310997963,0
2024-12-03 14:00:00+00:00,1.95299005508,1.95377004147,1.95147001743,1.9531699419,0
2024-12-03 15:00:00+00:00,1.95316004753,1.95747995377,1.95270001888,1.95467996597,0
2024-12-03 16:00:00+00:00,1.95469999313,1.95618999004,1.95431995392,1.9554400444,0
2024-12-03 17:00:00+00:00,1.95562005043,1.95592999458,1.95388996601,1.95534002781,0
2024-12-03 18:00:00+00:00,1.95522999763,1.95587003231,1.95466995239,1.95573997498,0
2024-12-03 19:00:00+00:00,1.95559000969,1.95604002476,1.95437002182,1.95481002331,0
2024-12-03 20:00:00+00:00,1.95483994484,1.95547997952,1.95422005653,1.9542299509,0
2024-12-03 21:00:00+00:00,1.9543299675,1.95474994183,1.95267999172,1.95299994946,0
2024-12-03 22:00:00+00:00,1.95314002037,1.95668005943,1.95260000229,1.95300996304,0
2024-12-03 23:00:00+00:00,1.95307004452,1.95437002182,1.9529800415,1.95413994789,0
2024-12-04 00:00:00+00:00,1.95425999165,1.95934998989,1.95343005657,1.95864999294,0
2024-12-04 01:00:00+00:00,1.95875000954,1.96307003498,1.95776998997,1.96257996559,0
2024-12-04 02:00:00+00:00,1.96258997917,1.97019004822,1.96193003654,1.96972000599,0
2024-12-04 03:00:00+00:00,1.96970999241,1.97439002991,1.96956002712,1.97275996208,0
2024-12-04 04:00:00+00:00,1.97275996208,1.97354996204,1.96877002716,1.9696199894,0
2024-12-04 05:00:00+00:00,1.9696199894,1.97111999989,1.96830999851,1.96977996826,0
2024-12-04 06:00:00+00:00,1.96973001957,1.97090995312,1.96861004829,1.97056996822,0
2024-12-04 07:00:00+00:00,1.97040998936,1.97108995914,1.96830999851,1.96915996075,0
2024-12-04 08:00:00+00:00,1.96914994717,1.97438001633,1.96912002563,1.97212004662,0
2024-12-04 09:00:00+00:00,1.97201001644,1.97541999817,1.96709001064,1.97479999065,0
2024-12-04 10:00:00+00:00,1.97472000122,1.9767999649,1.97400999069,1.97525000572,0
2024-12-04 11:00:00+00:00,1.9752600193,1.97784996033,1.97491002083,1.97704005241,0
2024-12-04 12:00:00+00:00,1.97697997093,1.9785900116,1.97684001923,1.97804999352,0
2024-12-04 13:00:00+00:00,1.9780100584,1.97957003117,1.97663998604,1.97731995583,0
2024-12-04 14:00:00+00:00,1.97730004787,1.97774004936,1.97494995594,1.97624003887,0
2024-12-04 15:00:00+00:00,1.97615003586,1.97637999058,1.97272002697,1.97499001026,0
2024-12-04 16:00:00+00:00,1.97516000271,1.97645998001,1.97444999218,1.97504997253,0
2024-12-04 17:00:00+00:00,1.97493994236,1.97593998909,1.9742000103,1.9746799469,0
2024-12-04 18:00:00+00:00,1.97462999821,1.97511005402,1.97265994549,1.97330999374,0
2024-12-04 19:00:00+00:00,1.97295999527,1.97407996655,1.97192001343,1.97335994244,0
2024-12-04 20:00:00+00:00,1.97323000431,1.97397994995,1.97207999229,1.97251999378,0
2024-12-04 21:00:00+00:00,1.97255003452,1.97508001328,1.97212994099,1.97432005405,0
2024-12-04 22:00:00+00:00,1.97432005405,1.97631001472,1.97361004353,1.97604000568,0
2024-12-04 23:00:00+00:00,1.97570002079,1.97616994381,1.97425997257,1.97469997406,0
2024-12-05 00:00:00+00:00,1.97460997105,1.97715997696,1.97423005104,1.97688996792,0
2024-12-05 01:00:00+00:00,1.97670996189,1.97687995434,1.97315001488,1.97476994991,0
2024-12-05 02:00:00+00:00,1.97493004799,1.97570002079,1.97364997864,1.97541999817,0
2024-12-05 03:00:00+00:00,1.97528994083,1.97581005096,1.97427999973,1.97493994236,0
2024-12-05 04:00:00+00:00,1.97493994236,1.97604000568,1.97444999218,1.97474002838,0
2024-12-05 05:00:00+00:00,1.97465002537,1.97554004192,1.97451996803,1.9749699831,0
2024-12-05 06:00:00+00:00,1.9749699831,1.9762699604,1.97464001179,1.97481000423,0
2024-12-05 07:00:00+00:00,1.97478997707,1.97566998005,1.97388005257,1.97440004349,0
2024-12-05 08:00:00+00:00,1.97430002689,1.97627997398,1.9739099741,1.97491002083,0
2024-12-05 09:00:00+00:00,1.97504997253,1.97598004341,1.97397005558,1.97564995289,0
2024-12-05 10:00:00+00:00,1.97580003738,1.97614002228,1.9738099575,1.97567999363,0
2024-12-05 11:00:00+00:00,1.97552001476,1.977429986,1.97503995895,1.97722005844,0
2024-12-05 12:00:00+00:00,1.97720003128,1.97906005383,1.97668004036,1.97784996033,0
2024-12-05 13:00:00+00:00,1.97768998146,1.97955000401,1.97737002373,1.97896003723,0
2024-12-05 14:00:00+00:00,1.9790699482,1.98029005527,1.978489995,1.97936999798,0
2024-12-05 15:00:00+00:00,1.97939002514,1.98294997215,1.97923994064,1.9822499752,0
2024-12-05 16:00:00+00:00,1.98240995407,1.98246002197,1.98038005829,1.98122000694,0
2024-12-05 17:00:00+00:00,1.9811899662,1.98169004917,1.9795999527,1.97976005077,0
2024-12-05 18:00:00+00:00,1.97970998287,1.98125004768,1.97765994072,1.97773003578,0
2024-12-05 19:00:00+00:00,1.97783005238,1.97861003876,1.97604000568,1.97690999508,0
2024-12-05 20:00:00+00:00,1.97687995434,1.97756004333,1.97605001926,1.97669005394,0
2024-12-05 21:00:00+00:00,1.97669994831,1.97760999203,1.97618997097,1.97619998455,0
2024-12-05 22:00:00+00:00,1.97622001171,1.97804999352,1.9744900465,1.97678005695,0
2024-12-05 23:00:00+00:00,1.97680997849,1.97850000858,1.97606003284,1.97794997692,0
2024-12-06 00:00:00+00:00,1.9779599905,1.98019003868,1.97775995731,1.97960996628,0
2024-12-06 01:00:00+00:00,1.97974002361,1.98445999622,1.97855997086,1.98391997814,0
2024-12-06 02:00:00+00:00,1.98383998871,1.98443996906,1.98125994205,1.98228001595,0
2024-12-06 03:00:00+00:00,1.98213005066,1.98230004311,1.97961997986,1.98109996319,0
2024-12-06 04:00:00+00:00,1.98116004467,1.98321998119,1.98079001904,1.98245000839,0
2024-12-06 05:00:00+00:00,1.98256003857,1.98321998119,1.98081994057,1.9812899828,0
2024-12-06 06:00:00+00:00,1.98115003109,1.98325002193,1.98111999035,1.98283004761,0
2024-12-06 07:00:00+00:00,1.98269999027,1.98512005806,1.98268997669,1.98494005203,0
2024-12-06 08:00:00+00:00,1.9848099947,1.98722994328,1.98469996452,1.98581004143,0
2024-12-06 09:00:00+00:00,1.9858700037,1.98601996899,1.98467004299,1.98539996147,0
2024-12-06 10:00:00+00:00,1.98539996147,1.98834002018,1.98509001732,1.98730003834,0
2024-12-06 11:00:00+00:00,1.987169981,1.99066996574,1.98667001724,1.99013996124,0
2024-12-06 12:00:00+00:00,1.99012005329,1.99083995819,1.98884999752,1.99050998688,0
2024-12-06 13:00:00+00:00,1.9903999567,1.99240994453,1.98705995083,1.98851001263,0
2024-12-06 14:00:00+00:00,1.98838996887,1.99005997181,1.98730003834,1.98924005032,0
2024-12-06 15:00:00+00:00,1.98945999146,1.99573004246,1.98905003071,1.99421000481,0
2024-12-06 16:00:00+00:00,1.99428999424,1.99688994884,1.99317002296,1.99632000923,0
2024-12-06 17:00:00+00:00,1.9964799881,1.99748003483,1.99504005909,1.99519002438,0
2024-12-06 18:00:00+00:00,1.99521005154,1.99623000622,1.99445998669,1.99521005154,0
2024-12-06 19:00:00+00:00,1.99530994892,1.99602997303,1.99433994293,1.99434995651,0
2024-12-06 20:00:00+00:00,1.99442005157,1.99483001232,1.99346005917,1.99363005161,0
2024-12-06 21:00:00+00:00,1.99354994297,1.99412000179,1.99137997627,1.99371004105,0
2024-12-06 22:00:00+00:00,1.99371004105,1.99402999878,1.99371004105,1.99402999878,0
2024-12-09 00:00:00+00:00,1.9919500351,1.99428999424,1.99178004265,1.99233996868,0
2024-12-09 01:00:00+00:00,1.99231004715,1.99302005768,1.98997998238,1.99142003059,0
2024-12-09 02:00:00+00:00,1.99142003059,1.99223005772,1.98974001408,1.99124002457,0
2024-12-09 03:00:00+00:00,1.99121999741,1.99284005165,1.99119997025,1.99279999733,0
2024-12-09 04:00:00+00:00,1.99281001091,1.99337995052,1.9915599823,1.99279999733,0
2024-12-09 05:00:00+00:00,1.99284005165,1.99347996712,1.99163997173,1.99197995663,0
2024-12-09 06:00:00+00:00,1.9918500185,1.99349999428,1.99107003212,1.9926199913,0
2024-12-09 07:00:00+00:00,1.99263000488,1.99406003952,1.98631000519,1.98670005798,0
2024-12-09 08:00:00+00:00,1.98680996895,1.98719000816,1.98361003399,1.98380994797,0
2024-12-09 09:00:00+00:00,1.98371005058,1.98406004906,1.98159003258,1.9825899601,0
2024-12-09 10:00:00+00:00,1.9825899601,1.98310005665,1.98091995716,1.98169004917,0
2024-12-09 11:00:00+00:00,1.98167002201,1.98286998272,1.98109996319,1.98136997223,0
2024-12-09 12:00:00+00:00,1.98136997223,1.98207998276,1.97865998745,1.97905004025,0
2024-12-09 13:00:00+00:00,1.97890996933,1.97908997536,1.97610998154,1.97672998905,0
2024-12-09 14:00:00+00:00,1.97670996189,1.9781999588,1.97634994984,1.97788000107,0
2024-12-09 15:00:00+00:00,1.97793996334,1.97907996178,1.97713005543,1.97856998444,0
2024-12-09 16:00:00+00:00,1.9785900116,1.97991001606,1.97720003128,1.97818994522,0
2024-12-09 17:00:00+00:00,1.9781999588,1.97852003574,1.97651004791,1.97836995125,0
2024-12-09 18:00:00+00:00,1.9782500267,1.97890996933,1.9780100584,1.97881996632,0
2024-12-09 19:00:00+00:00,1.97880005836,1.97951996326,1.97855997086,1.97897994518,0
2024-12-09 20:00:00+00:00,1.97888994217,1.98087000847,1.97879004478,1.98034000397,0
2024-12-09 21:00:00+00:00,1.98043000698,1.98064005375,1.97879004478,1.97904002666,0
2024-12-09 22:00:00+00:00,1.97883999348,1.98092997074,1.97756004333,1.97908997536,0
2024-12-09 23:00:00+00:00,1.97913002968,1.98044002056,1.97818994522,1.98037004471,0
2024-12-10 00:00:00+00:00,1.98010003567,1.98315000534,1.98000001907,1.98242998123,0
2024-12-10 01:00:00+00:00,1.98256003857,1.98532998562,1.98222994804,1.98412001133,0
2024-12-10 02:00:00+00:00,1.98406994343,1.98609995842,1.98241996765,1.98583996296,0
2024-12-10 03:00:00+00:00,1.98583996296,1.9961899519,1.98538005352,1.99377000332,0
2024-12-10 04:00:00+00:00,1.99381005764,1.99679005146,1.99072003365,1.99662995338,0
2024-12-10 05:00:00+00:00,1.99664998055,1.99705994129,1.99213004112,1.99389004707,0
2024-12-10 06:00:00+00:00,1.99389004707,1.99528002739,1.99274003506,1.99339997768,0
2024-12-10 07:00:00+00:00,1.99355995655,1.99626004696,1.99259996414,1.99619996548,0
2024-12-10 08:00:00+00:00,1.99602997303,1.99661004543,1.99270999432,1.9928599596,0
2024-12-10 09:00:00+00:00,1.99290001392,1.99470996857,1.99159002304,1.99460995197,0
2024-12-10 10:00:00+00:00,1.99450004101,1.99591004848,1.99246001244,1.99419999123,0
2024-12-10 11:00:00+00:00,1.99421000481,1.99557995796,1.99374997616,1.99402999878,0
2024-12-10 12:00:00+00:00,1.99397003651,1.99515998363,1.9930100441,1.99326002598,0
2024-12-10 13:00:00+00:00,1.99327003956,1.99536001682,1.99231004715,1.99408996105,0
2024-12-10 14:00:00+00:00,1.99407994747,1.99720001221,1.99366998672,1.99586999416,0
2024-12-10 15:00:00+00:00,1.99589002132,2.0000898838,1.99501001835,1.99981999397,0
2024-12-10 16:00:00+00:00,1.9997099638,2.00125002861,1.9989900589,2.0005300045,0
2024-12-10 17:00:00+00:00,2.00048995018,2.00181007385,1.99950003624,1.99961996078,0
2024-12-10 18:00:00+00:00,1.99965000153,2.00075006485,1.99856996536,2.00059008598,0
2024-12-10 19:00:00+00:00,2.00045990944,2.00222992897,2.00007009506,2.00137996674,0
2024-12-10 20:00:00+00:00,2.00149989128,2.00203990936,2.0008699894,2.00199007988,0
2024-12-10 21:00:00+00:00,2.0020198822,2.00294995308,2.00131988525,2.00167989731,0
2024-12-10 22:00:00+00:00,2.00129008293,2.00274991989,1.99925005436,2.00141000748,0
2024-12-10 23:00:00+00:00,2.00151991844,2.00432991982,2.00007009506,2.00424003601,0
2024-12-11 00:00:00+00:00,2.00430011749,2.00534009933,2.00165009499,2.00404000282,0
2024-12-11 01:00:00+00:00,2.00398993492,2.00411009789,2.0020198822,2.00248003006,0
2024-12-11 02:00:00+00:00,2.00248003006,2.00309991837,2.00130009651,2.00211000443,0
2024-12-11 03:00:00+00:00,2.00203990936,2.00261998177,1.99983000755,2.0011100769,0
2024-12-11 04:00:00+00:00,2.0011100769,2.00395011902,2.00079011917,2.00306010246,0
2024-12-11 05:00:00+00:00,2.00297999382,2.00445008278,2.00256991386,2.00342988968,0
2024-12-11 06:00:00+00:00,2.00342011452,2.00424003601,2.00276994705,2.00322008133,0
2024-12-11 07:00:00+00:00,2.00321006775,2.01064991951,2.00307011604,2.00511002541,0
2024-12-11 08:00:00+00:00,2.00506997108,2.00664997101,2.00376009941,2.0049200058,0
2024-12-11 09:00:00+00:00,2.00485992432,2.00781011581,2.00481009483,2.00549006462,0
2024-12-11 10:00:00+00:00,2.00558996201,2.00660991669,2.00416994095,2.00455999374,0
2024-12-11 11:00:00+00:00,2.00470995903,2.00599002838,2.0043399334,2.00511002541,0
2024-12-11 12:00:00+00:00,2.00512003899,2.00570011139,2.00289988518,2.00434994698,0
2024-12-11 13:00:00+00:00,2.00425004959,2.00619006157,2.00113010406,2.00523996353,0
2024-12-11 14:00:00+00:00,2.00528001785,2.0065600872,2.00420999527,2.00448989868,0
2024-12-11 15:00:00+00:00,2.00459003448,2.00559997559,2.00093007088,2.00203990936,0
2024-12-11 16:00:00+00:00,2.00190997124,2.0029900074,2.00120997429,2.00130009651,0
2024-12-11 17:00:00+00:00,2.00137996674,2.00273990631,2.00077009201,2.00197005272,0
2024-12-11 18:00:00+00:00,2.00197005272,2.00215005875,2.00018000603,2.00091004372,0
2024-12-11 19:00:00+00:00,2.00097990036,2.001060009,1.99986994267,2.00057005882,0
2024-12-11 20:00:00+00:00,2.00050997734,2.00120997429,1.99993002415,2.00056004524,0
2024-12-11 21:00:00+00:00,2.00059008598,2.00215005875,2.00016999245,2.00117993355,0
2024-12-11 22:00:00+00:00,2.0015900135,2.00292992592,1.99942004681,2.00034999847,0
2024-12-11 23:00:00+00:00,2.00094008446,2.001060009,1.99916005135,1.99957001209,0
2024-12-12 00:00:00+00:00,1.99997997284,2.00099992752,1.990260005,1.99351000786,0
2024-12-12 01:00:00+00:00,1.9934899807,1.99433994293,1.99124002457,1.99150002003,0
2024-12-12 02:00:00+00:00,1.99149000645,1.99286997318,1.99093997478,1.99220001698,0
2024-12-12 03:00:00+00:00,1.99220001698,1.99239003658,1.98899996281,1.98924994469,0
2024-12-12 04:00:00+00:00,1.9893399477,1.99084997177,1.98899996281,1.98958003521,0
2024-12-12 05:00:00+00:00,1.98958003521,1.99029004574,1.98816001415,1.98904001713,0
2024-12-12 06:00:00+00:00,1.98905003071,1.98940002918,1.98793005943,1.98870003223,0
2024-12-12 07:00:00+00:00,1.98869001865,1.99080002308,1.98801994324,1.98932003975,0
2024-12-12 08:00:00+00:00,1.98927998543,1.99286997318,1.98820996284,1.9924800396,0
2024-12-12 09:00:00+00:00,1.992380023,1.9930100441,1.98792004585,1.98895001411,0
2024-12-12 10:00:00+00:00,1.98894000053,1.99062001705,1.98810005188,1.98945999146,0
2024-12-12 11:00:00+00:00,1.98944997787,1.99128997326,1.98619997501,1.98961997032,0
2024-12-12 12:00:00+00:00,1.98971998692,1.99100005627,1.9888099432,1.99033999443,0
2024-12-12 13:00:00+00:00,1.99023997784,1.99171996117,1.98897004128,1.98947000504,0
2024-12-12 14:00:00+00:00,1.98935997486,1.99109995365,1.98812997341,1.98993003368,0
2024-12-12 15:00:00+00:00,1.99005997181,1.99131000042,1.98781001568,1.98866999149,0
2024-12-12 16:00:00+00:00,1.9885699749,1.99119997025,1.98786997795,1.99033999443,0
2024-12-12 17:00:00+00:00,1.99035000801,1.99144005775,1.98943996429,1.99099004269,0
2024-12-12 18:00:00+00:00,1.99093997478,1.99154996872,1.99030005932,1.99094998837,0
2024-12-12 19:00:00+00:00,1.99088001251,1.99215996265,1.99018001556,1.99082005024,0
2024-12-12 20:00:00+00:00,1.99096000195,1.99172997475,1.99011003971,1.99072003365,0
2024-12-12 21:00:00+00:00,1.99082005024,1.99099004269,1.98877000809,1.98881995678,0
2024-12-12 22:00:00+00:00,1.98908996582,1.99335002899,1.98413002491,1.99024999142,0
2024-12-12 23:00:00+00:00,1.99013996124,1.99138998985,1.98921000957,1.98956000805,0
2024-12-13 00:00:00+00:00,1.98957002163,1.99100005627,1.98930001259,1.99063003063,0
2024-12-13 01:00:00+00:00,1.99067997932,1.99162995815,1.98918998241,1.99070000648,0
2024-12-13 02:00:00+00:00,1.99063003063,1.99283003807,1.99044001102,1.99145996571,0
2024-12-13 03:00:00+00:00,1.99144995213,1.99154996872,1.98942005634,1.9900200367,0
2024-12-13 04:00:00+00:00,1.9900200367,1.9902100563,1.98819994926,1.98881995678,0
2024-12-13 05:00:00+00:00,1.98882997036,1.99038994312,1.98844003677,1.98988997936,0
2024-12-13 06:00:00+00:00,1.98975002766,1.9918500185,1.98884999752,1.98884999752,0
2024-12-13 07:00:00+00:00,1.98923003674,1.98924005032,1.98180997372,1.98229002953,0
2024-12-13 08:00:00+00:00,1.98243999481,1.98556005955,1.98219001293,1.98366999626,0
2024-12-13 09:00:00+00:00,1.98363995552,1.98565995693,1.98189997673,1.98526000977,0
2024-12-13 10:00:00+00:00,1.98522996902,1.98578000069,1.98252999783,1.98429000378,0
2024-12-13 11:00:00+00:00,1.9843300581,1.98579001427,1.9842799902,1.98466002941,0
2024-12-13 12:00:00+00:00,1.98467004299,1.9853399992,1.98324000835,1.9842300415,0
2024-12-13 13:00:00+00:00,1.98422002792,1.98556995392,1.98336994648,1.98476004601,0
2024-12-13 14:00:00+00:00,1.98477005959,1.98634004593,1.9841799736,1.98500001431,0
2024-12-13 15:00:00+00:00,1.98517000675,1.98714005947,1.98246002197,1.98348999023,0
2024-12-13 16:00:00+00:00,1.98352003098,1.98652005196,1.98337996006,1.986109972,0
2024-12-13 17:00:00+00:00,1.98609995842,1.9866399765,1.98496997356,1.98512995243,0
2024-12-13 18:00:00+00:00,1.98518002033,1.98592996597,1.98420000076,1.9853399992,0
2024-12-13 19:00:00+00:00,1.98545002937,1.98550999165,1.9839400053,1.98461997509,0
2024-12-13 20:00:00+00:00,1.98462998867,1.98526000977,1.98435997963,1.98483002186,0
2024-12-13 21:00:00+00:00,1.98496997356,1.98528003693,1.98092997074,1.98304998875,0
2024-12-13 22:00:00+00:00,1.98320996761,1.98320996761,1.98320996761,1.98320996761,0
2024-12-16 00:00:00+00:00,1.98290002346,1.98408997059,1.98196995258,1.98382997513,0
2024-12-16 01:00:00+00:00,1.98389995098,1.98403000832,1.98214995861,1.98286998272,0
2024-12-16 02:00:00+00:00,1.98283004761,1.9849499464,1.98246002197,1.98429000378,0
2024-12-16 03:00:00+00:00,1.98438000679,1.98493003845,1.98164999485,1.98173999786,0
2024-12-16 04:00:00+00:00,1.98176002502,1.9821100235,1.9796500206,1.98159003258,0
2024-12-16 05:00:00+00:00,1.98144996166,1.98280000687,1.98129999638,1.9820100069,0
2024-12-16 06:00:00+00:00,1.98212003708,1.98415994644,1.98117995262,1.98346996307,0
2024-12-16 07:00:00+00:00,1.98359000683,1.98453998566,1.98275995255,1.98292994499,0
2024-12-16 08:00:00+00:00,1.98293995857,1.98605000973,1.98185002804,1.98492002487,0
2024-12-16 09:00:00+00:00,1.98487997055,1.98915994167,1.98442995548,1.98778998852,0
2024-12-16 10:00:00+00:00,1.98777997494,1.99057996273,1.98728001118,1.99033999443,0
2024-12-16 11:00:00+00:00,1.99037003517,1.99187004566,1.99011003971,1.99065995216,0
2024-12-16 12:00:00+00:00,1.99064004421,1.99109995365,1.98930001259,1.99005997181,0
2024-12-16 13:00:00+00:00,1.98995995522,1.99152994156,1.98931002617,1.99098002911,0
2024-12-16 14:00:00+00:00,1.99105000496,1.99256002903,1.98950004578,1.99100005627,0
2024-12-16 15:00:00+00:00,1.99109995365,1.99540996552,1.99072003365,1.99204003811,0
2024-12-16 16:00:00+00:00,1.99212002754,1.99343001842,1.99117004871,1.99159002304,0
2024-12-16 17:00:00+00:00,1.99159002304,1.99181997776,1.99000000954,1.99021995068,0
2024-12-16 18:00:00+00:00,1.99021995068,1.99213004112,1.98980998993,1.99165999889,0
2024-12-16 19:00:00+00:00,1.99170005322,1.99267995358,1.99117004871,1.99153995514,0
2024-12-16 20:00:00+00:00,1.99159002304,1.99210000038,1.99096000195,1.99144005775,0
2024-12-16 21:00:00+00:00,1.99145996571,1.99175000191,1.98951995373,1.990260005,0
2024-12-16 22:00:00+00:00,1.98952996731,1.9928599596,1.98810994625,1.99040997028,0
2024-12-16 23:00:00+00:00,1.99036002159,1.9910800457,1.98931002617,1.99005997181,0
2024-12-17 00:00:00+00:00,1.98997998238,1.9928599596,1.98961997032,1.99240994453,0
2024-12-17 01:00:00+00:00,1.99240994453,1.9933899641,1.99061000347,1.99090003967,0
2024-12-17 02:00:00+00:00,1.99090003967,1.99360001087,1.9907900095,1.99302005768,0
2024-12-17 03:00:00+00:00,1.99304997921,1.99460995197,1.99247002602,1.99354994297,0
2024-12-17 04:00:00+00:00,1.9935400486,1.99479997158,1.99231994152,1.99477994442,0
2024-12-17 05:00:00+00:00,1.99477005005,1.99608004093,1.99442005157,1.99572002888,0
2024-12-17 06:00:00+00:00,1.99575996399,1.99691998959,1.99480998516,1.99588000774,0
2024-12-17 07:00:00+00:00,1.99588000774,2.0000898838,1.99583005905,1.99951994419,0
2024-12-17 08:00:00+00:00,1.99951994419,2.00133991241,1.99887001514,2.00059008598,0
2024-12-17 09:00:00+00:00,2.00054001808,2.00155997276,1.99884998798,2.00031995773,0
2024-12-17 10:00:00+00:00,2.00025010109,2.00215005875,1.99866998196,2.00188994408,0
2024-12-17 11:00:00+00:00,2.00189995766,2.00286006927,2.00051999092,2.00188994408,0
2024-12-17 12:00:00+00:00,2.00174999237,2.00305008888,2.00078010559,2.00220990181,0
2024-12-17 13:00:00+00:00,2.00215005875,2.00305008888,1.99961996078,1.99995994568,0
2024-12-17 14:00:00+00:00,1.99990999699,2.00143003464,1.99831998348,2.00074005127,0
2024-12-17 15:00:00+00:00,2.00064992905,2.0054500103,2.0000500679,2.00407004356,0
2024-12-17 16:00:00+00:00,2.00411009789,2.00713992119,2.00395011902,2.00654006004,0
2024-12-17 17:00:00+00:00,2.00652003288,2.006939888,2.00568008423,2.00588989258,0
2024-12-17 18:00:00+00:00,2.00576996803,2.0068500042,2.00534009933,2.00580000877,0
2024-12-17 19:00:00+00:00,2.00573992729,2.00659990311,2.0048699379,2.00607991219,0
2024-12-17 20:00:00+00:00,2.00620007515,2.00675010681,2.00540995598,2.00612998009,0
2024-12-17 21:00:00+00:00,2.00604009628,2.00653004646,2.00409007072,2.00409007072,0
2024-12-17 22:00:00+00:00,2.00503993034,2.00670003891,2.00250005722,2.00506997108,0
2024-12-17 23:00:00+00:00,2.00522994995,2.00644993782,2.00422000885,2.00500011444,0
2024-12-18 00:00:00+00:00,2.00494003296,2.00734996796,2.00476002693,2.00697994232,0
2024-12-18 01:00:00+00:00,2.00720000267,2.00904011726,2.00662994385,2.00801992416,0
2024-12-18 02:00:00+00:00,2.00821995735,2.01034998894,2.00714993477,2.0080499649,0
2024-12-18 03:00:00+00:00,2.00813007355,2.010420084,2.00768995285,2.00966000557,0
2024-12-18 04:00:00+00:00,2.00953006744,2.01200008392,2.00940990448,2.01189994812,0
2024-12-18 05:00:00+00:00,2.01174998283,2.01251006126,2.01074004173,2.0118200779,0
2024-12-18 06:00:00+00:00,2.0119099617,2.01270008087,2.01010990143,2.01047992706,0
2024-12-18 07:00:00+00:00,2.01080989838,2.0130200386,2.00710010529,2.00969004631,0
2024-12-18 08:00:00+00:00,2.00947999954,2.01032996178,2.00824999809,2.00974988937,0
2024-12-18 09:00:00+00:00,2.00976991653,2.01213002205,2.00841999054,2.01145005226,0
2024-12-18 10:00:00+00:00,2.01154994965,2.01511001587,2.01036000252,2.01385998726,0
2024-12-18 11:00:00+00:00,2.01381993294,2.0152900219,2.01167988777,2.01219010353,0
2024-12-18 12:00:00+00:00,2.01220011711,2.01315999031,2.01019001007,2.01028990746,0
2024-12-18 13:00:00+00:00,2.01028990746,2.01210999489,2.0069000721,2.00694990158,0
2024-12-18 14:00:00+00:00,2.00701999664,2.00887989998,2.0059800148,2.00769996643,0
2024-12-18 15:00:00+00:00,2.0078599453,2.01267004013,2.00736999512,2.01252007484,0
2024-12-18 16:00:00+00:00,2.01267004013,2.01482009888,2.01191997528,2.0143699646,0
2024-12-18 17:00:00+00:00,2.01435995102,2.01584005356,2.01419997215,2.01566004753,0
2024-12-18 18:00:00+00:00,2.01559996605,2.01701998711,2.01377010345,2.01514005661,0
2024-12-18 19:00:00+00:00,2.01536989212,2.01824998856,2.01254010201,2.0177500248,0
2024-12-18 20:00:00+00:00,2.01795005798,2.0202999115,2.01636004448,2.02002000809,0
2024-12-18 21:00:00+00:00,2.01995992661,2.02424001694,2.01958990097,2.02118992805,0
2024-12-18 22:00:00+00:00,2.02178001404,2.02271008492,2.01882004738,2.0218501091,0
2024-12-18 23:00:00+00:00,2.02173995972,2.02622008324,2.02096009254,2.02560997009,0
2024-12-19 00:00:00+00:00,2.0248401165,2.02839994431,2.02267003059,2.0228600502,0
2024-12-19 01:00:00+00:00,2.02287006378,2.02303004265,2.02109003067,2.02246999741,0
2024-12-19 02:00:00+00:00,2.02242994308,2.02274990082,2.02065992355,2.02099990845,0
2024-12-19 03:00:00+00:00,2.0212700367,2.02173995972,2.01956009865,2.02070999146,0
2024-12-19 04:00:00+00:00,2.02067995071,2.0224199295,2.02011990547,2.02160000801,0
2024-12-19 05:00:00+00:00,2.02160000801,2.02470993996,2.0214099884,2.02425003052,0
2024-12-19 06:00:00+00:00,2.02423000336,2.02490997314,2.02086997032,2.021889925,0
2024-12-19 07:00:00+00:00,2.02182006836,2.02258992195,2.0203499794,2.0224199295,0
2024-12-19 08:00:00+00:00,2.0224199295,2.02644991875,2.02131009102,2.02613997459,0
2024-12-19 09:00:00+00:00,2.0262799263,2.03008008003,2.02595996857,2.02783989906,0
2024-12-19 10:00:00+00:00,2.02784991264,2.02784991264,2.02315998077,2.0233399868,0
2024-12-19 11:00:00+00:00,2.02332997322,2.02348995209,2.02032995224,2.02060008049,0
2024-12-19 12:00:00+00:00,2.02062988281,2.0207901001,2.0133600235,2.01810002327,0
2024-12-19 13:00:00+00:00,2.01811003685,2.01853990555,2.01307010651,2.01368999481,0
2024-12-19 14:00:00+00:00,2.01381993294,2.01384997368,2.00868010521,2.00890994072,0
2024-12-19 15:00:00+00:00,2.0089199543,2.00968003273,2.00514006615,2.00679993629,0
2024-12-19 16:00:00+00:00,2.00678992271,2.00762009621,2.0040500164,2.00424003601,0
2024-12-19 17:00:00+00:00,2.00430011749,2.00485992432,2.00098991394,2.00238990784,0
2024-12-19 18:00:00+00:00,2.00237989426,2.00451993942,2.00211000443,2.00350999832,0
2024-12-19 19:00:00+00:00,2.00344991684,2.00376009941,2.0025498867,2.00314998627,0
2024-12-19 20:00:00+00:00,2.00289988518,2.00370001793,2.00208997726,2.0030400753,0
2024-12-19 21:00:00+00:00,2.00301003456,2.00409007072,2.00252008438,2.00297999382,0
2024-12-19 22:00:00+00:00,2.00297999382,2.00560998917,2.00195002556,2.00534009933,0
2024-12-19 23:00:00+00:00,2.00534009933,2.00609993935,2.00418996811,2.00529003143,0
2024-12-20 00:00:00+00:00,2.0055398941,2.00628995895,2.00436997414,2.00611996651,0
2024-12-20 01:00:00+00:00,2.00609993935,2.00805997849,2.00401997566,2.00476002693,0
2024-12-20 02:00:00+00:00,2.00478005409,2.00641989708,2.00400996208,2.00479006767,0
2024-12-20 03:00:00+00:00,2.00480008125,2.00821995735,2.00382995605,2.00582003593,0
2024-12-20 04:00:00+00:00,2.0059299469,2.00647997856,2.00424003601,2.0050098896,0
2024-12-20 05:00:00+00:00,2.0050098896,2.00635004044,2.00408005714,2.00594997406,0
2024-12-20 06:00:00+00:00,2.00587010384,2.00639009476,2.00202989578,2.00290989876,0
2024-12-20 07:00:00+00:00,2.0030400753,2.00567007065,2.00138998032,2.00155997276,0
2024-12-20 08:00:00+00:00,2.00150990486,2.00575995445,2.00024008751,2.00459003448,0
2024-12-20 09:00:00+00:00,2.00459003448,2.00680994987,2.00359988213,2.00576996803,0
2024-12-20 10:00:00+00:00,2.00580000877,2.00958991051,2.00540995598,2.00765991211,0
2024-12-20 11:00:00+00:00,2.00766992569,2.00859999657,2.00648999214,2.00835990906,0
2024-12-20 12:00:00+00:00,2.00841999054,2.0084400177,2.00524997711,2.00615000725,0
2024-12-20 13:00:00+00:00,2.00623011589,2.01360011101,2.00606989861,2.01301002502,0
2024-12-20 14:00:00+00:00,2.01307010651,2.01400995255,2.01083993912,2.01167988777,0
2024-12-20 15:00:00+00:00,2.01167011261,2.01227998734,2.00525999069,2.00758004189,0
2024-12-20 16:00:00+00:00,2.00748991966,2.01127004623,2.00695991516,2.00871992111,0
2024-12-20 17:00:00+00:00,2.00874996185,2.01171994209,2.00850009918,2.01155996323,0
2024-12-20 18:00:00+00:00,2.01153993607,2.01225996017,2.01030993462,2.01108002663,0
2024-12-20 19:00:00+00:00,2.01121997833,2.01166009903,2.0097899437,2.01019001007,0
2024-12-20 20:00:00+00:00,2.01020002365,2.01089000702,2.00934004784,2.01056003571,0
2024-12-20 21:00:00+00:00,2.01052999496,2.01093006134,2.0088698864,2.00956010818,0
2024-12-20 22:00:00+00:00,2.01080989838,2.01080989838,2.01080989838,2.01080989838,0
2024-12-23 00:00:00+00:00,2.00956010818,2.01237988472,2.00951004028,2.01220011711,0
2024-12-23 01:00:00+00:00,2.01229000092,2.01345992088,2.01051998138,2.01127004623,0
2024-12-23 02:00:00+00:00,2.01121997833,2.01178002357,2.01034998894,2.01102995872,0
2024-12-23 03:00:00+00:00,2.01107001305,2.01251006126,2.0105099678,2.01215004921,0
2024-12-23 04:00:00+00:00,2.01221990585,2.01280999184,2.00990009308,2.01009988785,0
2024-12-23 05:00:00+00:00,2.01009011269,2.01086997986,2.00880002975,2.00892996788,0
2024-12-23 06:00:00+00:00,2.0089199543,2.00899004936,2.00731992722,2.00811004639,0
2024-12-23 07:00:00+00:00,2.00811004639,2.01054000854,2.00769996643,2.00941991806,0
2024-12-23 08:00:00+00:00,2.00957989693,2.01010990143,2.00784993172,2.00969004631,0
2024-12-23 09:00:00+00:00,2.00956988335,2.01020002365,2.00721001625,2.00814008713,0
2024-12-23 10:00:00+00:00,2.00819993019,2.00904989243,2.00630998611,2.00753998756,0
2024-12-23 11:00:00+00:00,2.00753998756,2.00805997849,2.00546002388,2.0069000721,0
2024-12-23 12:00:00+00:00,2.00691008568,2.00839996338,2.00576996803,2.006939888,0
2024-12-23 13:00:00+00:00,2.00689005852,2.01071000099,2.00671005249,2.01051998138,0
2024-12-23 14:00:00+00:00,2.0105099678,2.01203989983,2.00959992409,2.01120996475,0
2024-12-23 15:00:00+00:00,2.01109004021,2.01361989975,2.00840997696,2.00886011124,0
2024-12-23 16:00:00+00:00,2.00886011124,2.01010990143,2.0064098835,2.00679993629,0
2024-12-23 17:00:00+00:00,2.00683999062,2.00683999062,2.00375008583,2.00490999222,0
2024-12-23 18:00:00+00:00,2.00494003296,2.00626993179,2.00472998619,2.00506997108,0
2024-12-23 19:00:00+00:00,2.00518989563,2.00633001328,2.00468993187,2.00605988503,0
2024-12-23 20:00:00+00:00,2.00594997406,2.00642991066,2.00517988205,2.00565004349,0
2024-12-23 21:00:00+00:00,2.00567007065,2.00635004044,2.00412988663,2.00412988663,0
2024-12-23 22:00:00+00:00,2.00503993034,2.0078599453,2.0029900074,2.00673007965,0
2024-12-23 23:00:00+00:00,2.00682997704,2.00752997398,2.0054500103,2.00710010529,0
2024-12-24 00:00:00+00:00,2.00715994835,2.00816011429,2.00652003288,2.00740003586,0
2024-12-24 01:00:00+00:00,2.00740003586,2.01048994064,2.00725007057,2.00922989845,0
2024-12-24 02:00:00+00:00,2.00921010971,2.01160001755,2.00793004036,2.01144003868,0
2024-12-24 03:00:00+00:00,2.01147007942,2.01280999184,2.00863003731,2.0089199543,0
2024-12-24 04:00:00+00:00,2.00892996788,2.01036000252,2.00858998299,2.00949001312,0
2024-12-24 05:00:00+00:00,2.00943994522,2.01006007195,2.00832009315,2.00859999657,0
2024-12-24 06:00:00+00:00,2.00857996941,2.00968003273,2.00606989861,2.00652003288,0
2024-12-24 07:00:00+00:00,2.0065600872,2.00839996338,2.00582003593,2.00800991058,0
2024-12-24 08:00:00+00:00,2.00805997849,2.00994992256,2.00778007507,2.00817990303,0
2024-12-24 09:00:00+00:00,2.00815010071,2.0103700161,2.00726008415,2.00976991653,0
2024-12-24 10:00:00+00:00,2.00979995728,2.01125001907,2.00847005844,2.01083993912,0
2024-12-24 11:00:00+00:00,2.01076006889,2.01160001755,2.00991010666,2.01097011566,0
2024-12-24 12:00:00+00:00,2.0109500885,2.0162498951,2.01062989235,2.01483988762,0
2024-12-24 13:00:00+00:00,2.0148100853,2.01514005661,2.0134999752,2.01449990273,0
2024-12-24 14:00:00+00:00,2.01435995102,2.01539993286,2.01361989975,2.01363992691,0
2024-12-24 15:00:00+00:00,2.01362991333,2.01430010796,2.00975990295,2.01331996918,0
2024-12-24 16:00:00+00:00,2.01328992844,2.01412010193,2.01036000252,2.01097011566,0
2024-12-24 17:00:00+00:00,2.01082992554,2.01109004021,2.00881004333,2.00959992409,0
2024-12-24 18:00:00+00:00,2.01005005836,2.01081991196,2.00869989395,2.00982999802,0
2024-12-24 19:00:00+00:00,2.0098400116,2.01082992554,2.0064599514,2.00756001472,0
2024-12-24 20:00:00+00:00,2.00727009773,2.01215004921,2.00628995895,2.00890994072,0
2024-12-24 21:00:00+00:00,2.00908994675,2.01136994362,2.00522994995,2.01009988785,0
2024-12-24 22:00:00+00:00,2.00858998299,2.01215004921,2.00810003281,2.01215004921,0
2024-12-24 23:00:00+00:00,2.00812005997,2.00812005997,2.00780010223,2.0079600811,0
2024-12-25 00:00:00+00:00,2.00812005997,2.01373004913,2.00731992722,2.01373004913,0
2024-12-25 01:00:00+00:00,2.01373004913,2.01373004913,2.00934004784,2.01214003563,0
2024-12-25 02:00:00+00:00,2.01214003563,2.01278996468,2.01149988174,2.01166009903,0
2024-12-25 03:00:00+00:00,2.01166009903,2.01244997978,2.01164007187,2.01244997978,0
2024-12-25 05:00:00+00:00,2.01166009903,2.01205992699,2.01166009903,2.01205992699,0
2024-12-25 06:00:00+00:00,2.01375007629,2.01407003403,2.01309990883,2.01309990883,0
2024-12-25 07:00:00+00:00,2.01309990883,2.01309990883,2.01309990883,2.01309990883,0
2024-12-25 08:00:00+00:00,2.01309990883,2.01309990883,2.01100993156,2.01100993156,0
2024-12-25 09:00:00+00:00,2.01100993156,2.01100993156,2.01100993156,2.01100993156,0
2024-12-25 10:00:00+00:00,2.01100993156,2.01100993156,2.01100993156,2.01100993156,0
2024-12-25 11:00:00+00:00,2.01100993156,2.01100993156,2.01100993156,2.01100993156,0
2024-12-25 12:00:00+00:00,2.01100993156,2.01100993156,2.01100993156,2.01100993156,0
2024-12-25 13:00:00+00:00,2.01100993156,2.01100993156,2.01100993156,2.01100993156,0
2024-12-25 14:00:00+00:00,2.01100993156,2.01100993156,2.01100993156,2.01100993156,0
2024-12-25 15:00:00+00:00,2.01100993156,2.01100993156,2.01100993156,2.01100993156,0
2024-12-25 16:00:00+00:00,2.01100993156,2.01100993156,2.01100993156,2.01100993156,0
2024-12-25 17:00:00+00:00,2.01100993156,2.01116991043,2.01100993156,2.01116991043,0
2024-12-25 18:00:00+00:00,2.00763010979,2.01100993156,2.00714993477,2.01100993156,0
2024-12-25 21:00:00+00:00,2.01213002205,2.01260995865,2.01067996025,2.01204991341,0
2024-12-25 22:00:00+00:00,2.01046991348,2.01199007034,2.00679993629,2.00787997246,0
2024-12-25 23:00:00+00:00,2.00775003433,2.01221990585,2.00727009773,2.00889992714,0
2024-12-26 00:00:00+00:00,2.00861001015,2.00994992256,2.00808000565,2.00964999199,0
2024-12-26 01:00:00+00:00,2.00961995125,2.01062989235,2.00835990906,2.00869989395,0
2024-12-26 02:00:00+00:00,2.00871992111,2.00900006294,2.00641989708,2.00713992119,0
2024-12-26 03:00:00+00:00,2.00727009773,2.00783991814,2.00587010384,2.00752997398,0
2024-12-26 04:00:00+00:00,2.00756001472,2.00991988182,2.00742006302,2.00947999954,0
2024-12-26 05:00:00+00:00,2.00946998596,2.0113298893,2.00837993622,2.01097011566,0
2024-12-26 06:00:00+00:00,2.01101994514,2.01167988777,2.01016998291,2.01080989838,0
2024-12-26 07:00:00+00:00,2.01083993912,2.01094007492,2.00829005241,2.00892996788,0
2024-12-26 08:00:00+00:00,2.0088698864,2.01206994057,2.00863003731,2.01179003716,0
2024-12-26 09:00:00+00:00,2.01167011261,2.01329994202,2.0114300251,2.0124900341,0
2024-12-26 10:00:00+00:00,2.01252007484,2.01268005371,2.01021003723,2.0109500885,0
2024-12-26 11:00:00+00:00,2.0109500885,2.01134991646,2.00947999954,2.00971007347,0
2024-12-26 12:00:00+00:00,2.00970005989,2.01139998436,2.00956010818,2.01113009453,0
2024-12-26 13:00:00+00:00,2.01111006737,2.01184010506,2.00939011574,2.01149988174,0
2024-12-26 14:00:00+00:00,2.01149988174,2.0119600296,2.00945997238,2.00977993011,0
2024-12-26 15:00:00+00:00,2.00976991653,2.01348996162,2.00956010818,2.01229000092,0
2024-12-26 16:00:00+00:00,2.01237988472,2.01262998581,2.01080989838,2.01146006584,0
2024-12-26 17:00:00+00:00,2.01130008698,2.01242995262,2.01064991951,2.01199007034,0
2024-12-26 18:00:00+00:00,2.01200008392,2.01294994354,2.01135993004,2.01187992096,0
2024-12-26 19:00:00+00:00,2.01187992096,2.0133600235,2.01163005829,2.01305007935,0
2024-12-26 20:00:00+00:00,2.01306009293,2.01408004761,2.012830019,2.01356005669,0
2024-12-26 21:00:00+00:00,2.01332998276,2.01379990578,2.01254010201,2.01254010201,0
2024-12-26 22:00:00+00:00,2.01188993454,2.01498007774,2.00890994072,2.01479005814,0
2024-12-26 23:00:00+00:00,2.01459002495,2.01536989212,2.01245999336,2.01309990883,0
2024-12-27 00:00:00+00:00,2.0127799511,2.01401996613,2.01202988625,2.01308989525,0
2024-12-27 01:00:00+00:00,2.01326990128,2.01443004608,2.01297998428,2.01321005821,0
2024-12-27 02:00:00+00:00,2.01307010651,2.01423001289,2.01223993301,2.01326990128,0
2024-12-27 03:00:00+00:00,2.01325011253,2.01550006866,2.01308989525,2.01464009285,0
2024-12-27 04:00:00+00:00,2.01479005814,2.01662993431,2.01438999176,2.01659011841,0
2024-12-27 05:00:00+00:00,2.01654005051,2.0178899765,2.01606988907,2.01764011383,0
2024-12-27 06:00:00+00:00,2.01760005951,2.01762008667,2.01374006271,2.01409006119,0
2024-12-27 07:00:00+00:00,2.01410007477,2.01578998566,2.01255989075,2.01375007629,0
2024-12-27 08:00:00+00:00,2.01366996765,2.01452994347,2.01237988472,2.01402997971,0
2024-12-27 09:00:00+00:00,2.01402997971,2.01498007774,2.01289010048,2.01426005363,0
2024-12-27 10:00:00+00:00,2.01425004005,2.01849007607,2.01406002045,2.01784992218,0
2024-12-27 11:00:00+00:00,2.01784992218,2.02033996582,2.01608991623,2.01842999458,0
2024-12-27 12:00:00+00:00,2.01842999458,2.02002000809,2.01751995087,2.01810002327,0
2024-12-27 13:00:00+00:00,2.01804995537,2.02182006836,2.01785993576,2.02157998085,0
2024-12-27 14:00:00+00:00,2.02157998085,2.02399992943,2.02003002167,2.0239200592,0
2024-12-27 15:00:00+00:00,2.02377009392,2.02644991875,2.02321004868,2.02421998978,0
2024-12-27 16:00:00+00:00,2.02413988113,2.02596998215,2.02388000488,2.02509999275,0
2024-12-27 17:00:00+00:00,2.02512001991,2.02583003044,2.02283000946,2.02345991135,0
2024-12-27 18:00:00+00:00,2.02337002754,2.02351999283,2.02203989029,2.02230000496,0
2024-12-27 19:00:00+00:00,2.02230000496,2.0232899189,2.02171993256,2.02298998833,0
2024-12-27 20:00:00+00:00,2.02300000191,2.02447009087,2.02284002304,2.02379989624,0
2024-12-27 21:00:00+00:00,2.0237801075,2.02401995659,2.02134990692,2.023250103,0
2024-12-27 22:00:00+00:00,2.02216005325,2.02216005325,2.02216005325,2.02216005325,0
2024-12-30 00:00:00+00:00,2.02030992508,2.02145004272,2.01903009415,2.01994991302,0
2024-12-30 01:00:00+00:00,2.01985001564,2.02120995522,2.01834011078,2.01869010925,0
2024-12-30 02:00:00+00:00,2.01859998703,2.01937007904,2.01729989052,2.01761007309,0
2024-12-30 03:00:00+00:00,2.01760005951,2.01806998253,2.01464009285,2.01503992081,0
2024-12-30 04:00:00+00:00,2.01501989365,2.01662993431,2.01487994194,2.01603007317,0
2024-12-30 05:00:00+00:00,2.01604008675,2.016299963,2.01445007324,2.01535010338,0
2024-12-30 06:00:00+00:00,2.0153799057,2.01676011086,2.01451992989,2.01661992073,0
2024-12-30 07:00:00+00:00,2.01673007011,2.0174100399,2.01441001892,2.01646995544,0
2024-12-30 08:00:00+00:00,2.01644992828,2.01969003677,2.01637005806,2.0193901062,0
2024-12-30 09:00:00+00:00,2.0193901062,2.02090001106,2.0182800293,2.02055001259,0
2024-12-30 10:00:00+00:00,2.02055001259,2.02136993408,2.01951003075,2.01951003075,0
2024-12-30 11:00:00+00:00,2.01950001717,2.01963996887,2.01824998856,2.01849007607,0
2024-12-30 12:00:00+00:00,2.01840996742,2.01954007149,2.0177500248,2.0193400383,0
2024-12-30 13:00:00+00:00,2.0192899704,2.02150011063,2.01893997192,2.01926994324,0
2024-12-30 14:00:00+00:00,2.0192899704,2.02002000809,2.01764988899,2.0179400444,0
2024-12-30 15:00:00+00:00,2.0178899765,2.0188100338,2.01217007637,2.01255011559,0
2024-12-30 16:00:00+00:00,2.01268005371,2.01496005058,2.01200008392,2.01355004311,0
2024-12-30 17:00:00+00:00,2.01339006424,2.01540994644,2.01312994957,2.01462006569,0
2024-12-30 18:00:00+00:00,2.01461005211,2.01569008827,2.01393008232,2.01470994949,0
2024-12-30 19:00:00+00:00,2.01453995705,2.01581001282,2.01441001892,2.01535010338,0
2024-12-30 20:00:00+00:00,2.01541996002,2.01676011086,2.01497006416,2.01672005653,0
2024-12-30 21:00:00+00:00,2.01668000221,2.01740002632,2.01588010788,2.01588010788,0
2024-12-30 22:00:00+00:00,2.0153400898,2.01763010025,2.01354002953,2.01642990112,0
2024-12-30 23:00:00+00:00,2.01584005356,2.01870989799,2.01561999321,2.01767992973,0
2024-12-31 00:00:00+00:00,2.0179400444,2.01887011528,2.01716995239,2.01776003838,0
2024-12-31 01:00:00+00:00,2.0177500248,2.01800990105,2.01499009132,2.01606011391,0
2024-12-31 02:00:00+00:00,2.01608991623,2.01864004135,2.01588010788,2.01811003685,0
2024-12-31 03:00:00+00:00,2.0182800293,2.02088999748,2.01802992821,2.01999998093,0
2024-12-31 04:00:00+00:00,2.02002000809,2.02010011673,2.0178399086,2.01802992821,0
2024-12-31 05:00:00+00:00,2.01803994179,2.01905989647,2.01781010628,2.01887011528,0
2024-12-31 06:00:00+00:00,2.01880002022,2.0207400322,2.01854991913,2.01972007751,0
2024-12-31 07:00:00+00:00,2.01975011826,2.02060008049,2.01795005798,2.01897001266,0
2024-12-31 08:00:00+00:00,2.01885008812,2.02007007599,2.01774001122,2.01977992058,0
2024-12-31 09:00:00+00:00,2.01967000961,2.02105998993,2.01851010323,2.01877999306,0
2024-12-31 10:00:00+00:00,2.01865005493,2.0198700428,2.0169699192,2.01969003677,0
2024-12-31 11:00:00+00:00,2.01970005035,2.01994991302,2.01776003838,2.01869010925,0
2024-12-31 12:00:00+00:00,2.01876997948,2.02148008347,2.0184700489,2.02094006538,0
2024-12-31 13:00:00+00:00,2.02097010612,2.02374005318,2.01963996887,2.02032995224,0
2024-12-31 14:00:00+00:00,2.02041006088,2.02273011208,2.02012991905,2.02069997787,0
2024-12-31 15:00:00+00:00,2.02081990242,2.02455997467,2.01977992058,2.0232000351,0
2024-12-31 16:00:00+00:00,2.02321004868,2.02531003952,2.02166008949,2.02462005615,0
2024-12-31 17:00:00+00:00,2.02461004257,2.02494001389,2.0232899189,2.02390003204,0
2024-12-31 18:00:00+00:00,2.02378988266,2.02414989471,2.02060008049,2.02143001556,0
2024-12-31 19:00:00+00:00,2.02145004272,2.02238988876,2.02072000504,2.02103996277,0
2024-12-31 20:00:00+00:00,2.02104997635,2.02268004417,2.0208799839,2.02255988121,0
2024-12-31 21:00:00+00:00,2.02263998985,2.0228099823,2.0214600563,2.02165007591,0
2024-12-31 22:00:00+00:00,2.02202010155,2.02202010155,2.02202010155,2.02202010155,0
2025-01-01 01:00:00+00:00,2.02361989021,2.02361989021,2.02361989021,2.02361989021,0
2025-01-01 02:00:00+00:00,2.02361989021,2.02361989021,2.02361989021,2.02361989021,0
2025-01-01 03:00:00+00:00,2.02361989021,2.02361989021,2.02361989021,2.02361989021,0
2025-01-01 04:00:00+00:00,2.02361989021,2.02361989021,2.02361989021,2.02361989021,0
2025-01-01 05:00:00+00:00,2.02361989021,2.02361989021,2.02361989021,2.02361989021,0
2025-01-01 06:00:00+00:00,2.02361989021,2.02361989021,2.02361989021,2.02361989021,0
2025-01-01 07:00:00+00:00,2.02361989021,2.02361989021,2.02361989021,2.02361989021,0
2025-01-01 08:00:00+00:00,2.02361989021,2.02361989021,2.02361989021,2.02361989021,0
2025-01-01 09:00:00+00:00,2.02361989021,2.02361989021,2.02361989021,2.02361989021,0
2025-01-01 10:00:00+00:00,2.02361989021,2.02361989021,2.02361989021,2.02361989021,0
2025-01-01 11:00:00+00:00,2.02361989021,2.02361989021,2.02361989021,2.02361989021,0
2025-01-01 12:00:00+00:00,2.02361989021,2.02361989021,2.02361989021,2.02361989021,0
2025-01-01 13:00:00+00:00,2.02361989021,2.02361989021,2.02361989021,2.02361989021,0
2025-01-01 14:00:00+00:00,2.02361989021,2.02361989021,2.02361989021,2.02361989021,0
2025-01-01 15:00:00+00:00,2.02361989021,2.02361989021,2.02361989021,2.02361989021,0
2025-01-01 16:00:00+00:00,2.02361989021,2.02361989021,2.02361989021,2.02361989021,0
2025-01-01 17:00:00+00:00,2.02361989021,2.02361989021,2.02361989021,2.02361989021,0
2025-01-01 18:00:00+00:00,2.02361989021,2.02361989021,2.0212700367,2.02199006081,0
2025-01-01 19:00:00+00:00,2.02183008194,2.02338004112,2.02183008194,2.02322006226,0
2025-01-01 20:00:00+00:00,2.02306008339,2.02306008339,2.01864004135,2.02094006538,0
2025-01-01 21:00:00+00:00,2.02094006538,2.02143001556,2.01929998398,2.02111005783,0
2025-01-01 22:00:00+00:00,2.02181005478,2.0242600441,2.01944994926,2.02128005028,0
2025-01-01 23:00:00+00:00,2.02126002312,2.02284002304,2.02020001411,2.02115011215,0
2025-01-02 00:00:00+00:00,2.02116990089,2.0219399929,2.01789999008,2.01851010323,0
2025-01-02 01:00:00+00:00,2.01849007607,2.01895999908,2.01444005966,2.01550006866,0
2025-01-02 02:00:00+00:00,2.01550006866,2.01660990715,2.01398992538,2.01406002045,0
2025-01-02 03:00:00+00:00,2.01401996613,2.01695990562,2.01399993896,2.01683998108,0
2025-01-02 04:00:00+00:00,2.01683998108,2.01729989052,2.01494002342,2.01604008675,0
2025-01-02 05:00:00+00:00,2.01603007317,2.01714992523,2.01502990723,2.01574993134,0
2025-01-02 06:00:00+00:00,2.01573991776,2.01713991165,2.01547002792,2.0162498951,0
2025-01-02 07:00:00+00:00,2.01600003242,2.01849007607,2.01564002037,2.0179901123,0
2025-01-02 08:00:00+00:00,2.01803994179,2.01820993423,2.01094007492,2.01150989532,0
2025-01-02 09:00:00+00:00,2.01138997078,2.01184010506,2.00711989403,2.00742006302,0
2025-01-02 10:00:00+00:00,2.00736999512,2.00922989845,2.00393009186,2.00437998772,0
2025-01-02 11:00:00+00:00,2.0043399334,2.00479006767,2.00136995316,2.00353002548,0
2025-01-02 12:00:00+00:00,2.00347995758,2.00420999527,1.99978995323,2.00027990341,0
2025-01-02 13:00:00+00:00,2.00025010109,2.00030994415,1.99546003342,1.99566996098,0
2025-01-02 14:00:00+00:00,1.99558997154,1.99628996849,1.99360001087,1.99559998512,0
2025-01-02 15:00:00+00:00,1.99574995041,1.99581003189,1.99142003059,1.99284994602,0
2025-01-02 16:00:00+00:00,1.99277997017,1.99588000774,1.99213004112,1.993729949,0
2025-01-02 17:00:00+00:00,1.99368000031,1.99489998817,1.99184000492,1.99475002289,0
2025-01-02 18:00:00+00:00,1.99472999573,1.99733996391,1.9946000576,1.99601995945,0
2025-01-02 19:00:00+00:00,1.99602997303,1.99712002277,1.99514997005,1.99697005749,0
2025-01-02 20:00:00+00:00,1.99697005749,1.99723005295,1.9953199625,1.99551999569,0
2025-01-02 21:00:00+00:00,1.99548995495,1.99607002735,1.99249005318,1.99249005318,0
2025-01-02 22:00:00+00:00,1.99398005009,1.99723005295,1.99277997017,1.99592995644,0
2025-01-02 23:00:00+00:00,1.99539005756,1.99650001526,1.99452996254,1.99618005753,0
2025-01-03 00:00:00+00:00,1.99618005753,1.99625003338,1.99217998981,1.99239003658,0
2025-01-03 01:00:00+00:00,1.99221003056,1.99509000778,1.99205005169,1.99370002747,0
2025-01-03 02:00:00+00:00,1.99356997013,1.99466001987,1.9926700592,1.9943100214,0
2025-01-03 03:00:00+00:00,1.9943100214,1.99570000172,1.99388003349,1.99504005909,0
2025-01-03 04:00:00+00:00,1.99504995346,1.99583005905,1.99366998672,1.99389004707,0
2025-01-03 05:00:00+00:00,1.99391996861,1.99432003498,1.99215996265,1.99388003349,0
2025-01-03 06:00:00+00:00,1.99389004707,1.99486005306,1.99302005768,1.99472999573,0
2025-01-03 07:00:00+00:00,1.99474000931,1.99723005295,1.99393999577,1.99605000019,0
2025-01-03 08:00:00+00:00,1.99608004093,1.99787998199,1.99459004402,1.99634003639,0
2025-01-03 09:00:00+00:00,1.99620997906,1.9975399971,1.99447000027,1.99649000168,0
2025-01-03 10:00:00+00:00,1.99650001526,1.99689996243,1.9931999445,1.99363994598,0
2025-01-03 11:00:00+00:00,1.99352002144,1.99535000324,1.99331998825,1.99400997162,0
2025-01-03 12:00:00+00:00,1.99398005009,1.99538004398,1.99368000031,1.99427998066,0
2025-01-03 13:00:00+00:00,1.99433004856,1.99579000473,1.99418997765,1.99452996254,0
2025-01-03 14:00:00+00:00,1.99470996857,1.99688005447,1.99339997768,1.9951800108,0
2025-01-03 15:00:00+00:00,1.9951800108,1.99960005283,1.99472999573,1.99899995327,0
2025-01-03 16:00:00+00:00,1.99898004532,2.00078010559,1.99816000462,2.00014996529,0
2025-01-03 17:00:00+00:00,2.00014996529,2.00016999245,1.99811995029,1.99930000305,0
2025-01-03 18:00:00+00:00,1.99930000305,1.99990999699,1.99819004536,1.99881994724,0
2025-01-03 19:00:00+00:00,1.99881005287,1.9992300272,1.99826002121,1.99890995026,0
2025-01-03 20:00:00+00:00,1.99904000759,1.99916994572,1.9981700182,1.9984600544,0
2025-01-03 21:00:00+00:00,1.99847996235,1.99873995781,1.99583005905,1.99790000916,0
2025-01-03 22:00:00+00:00,1.9992300272,1.9992300272,1.9992300272,1.9992300272,0
2025-01-06 00:00:00+00:00,1.99709999561,1.99732995033,1.99416005611,1.99457001686,0
2025-01-06 01:00:00+00:00,1.9945499897,1.99732995033,1.99308001995,1.99676001072,0
2025-01-06 02:00:00+00:00,1.99678003788,1.99741005898,1.99546003342,1.99634003639,0
2025-01-06 03:00:00+00:00,1.99650001526,1.99905002117,1.9960000515,1.99811995029,0
2025-01-06 04:00:00+00:00,1.99811005592,1.99907004833,1.99769997597,1.99866998196,0
2025-01-06 05:00:00+00:00,1.99865996838,1.99918997288,1.99615001678,1.99623000622,0
2025-01-06 06:00:00+00:00,1.99633002281,1.9984600544,1.9961899519,1.99688994884,0
2025-01-06 07:00:00+00:00,1.99690997601,1.99908995628,1.99620997906,1.99846994877,0
2025-01-06 08:00:00+00:00,1.99832999706,2.00008010864,1.99626004696,1.9963799715,0
2025-01-06 09:00:00+00:00,1.99649000168,1.99915003777,1.99605000019,1.99743998051,0
2025-01-06 10:00:00+00:00,1.99732995033,1.9980700016,1.99636995792,1.99725997448,0
2025-01-06 11:00:00+00:00,1.99720001221,1.99802994728,1.99471998215,1.99542999268,0
2025-01-06 12:00:00+00:00,1.99535000324,1.99713003635,1.99303996563,1.99336004257,0
2025-01-06 13:00:00+00:00,1.99331998825,1.99351000786,1.98976004124,1.99257004261,0
2025-01-06 14:00:00+00:00,1.99250996113,1.99761998653,1.99090003967,1.99693000317,0
2025-01-06 15:00:00+00:00,1.99693000317,2.00248003006,1.99609005451,2.00243997574,0
2025-01-06 16:00:00+00:00,2.00226998329,2.00525999069,2.0018799305,2.00435996056,0
2025-01-06 17:00:00+00:00,2.00426006317,2.00602006912,2.00289011002,2.00533008575,0
2025-01-06 18:00:00+00:00,2.00538992882,2.00607991219,2.00409007072,2.0055398941,0
2025-01-06 19:00:00+00:00,2.0055000782,2.00564002991,2.00425004959,2.00457000732,0
2025-01-06 20:00:00+00:00,2.00460004807,2.00617003441,2.00437998772,2.00517988205,0
2025-01-06 21:00:00+00:00,2.00519990921,2.00534009933,2.00076007843,2.00076007843,0
2025-01-06 22:00:00+00:00,2.00296998024,2.00551009178,2.00067996979,2.00475001335,0
2025-01-06 23:00:00+00:00,2.00481009483,2.00568008423,2.00415992737,2.00516009331,0
2025-01-07 00:00:00+00:00,2.00510001183,2.00528001785,2.0015399456,2.00181007385,0
2025-01-07 01:00:00+00:00,2.00170993805,2.00358009338,2.00032997131,2.00287008286,0
2025-01-07 02:00:00+00:00,2.00286006927,2.00360989571,2.0019299984,2.00295996666,0
2025-01-07 03:00:00+00:00,2.00288009644,2.00375008583,2.00090003014,2.00169992447,0
2025-01-07 04:00:00+00:00,2.00162005424,2.00259995461,2.00103998184,2.00226998329,0
2025-01-07 05:00:00+00:00,2.00225996971,2.00237989426,2.00008010864,2.00019001961,0
2025-01-07 06:00:00+00:00,2.00019001961,2.00215005875,2.00001001358,2.00124001503,0
2025-01-07 07:00:00+00:00,2.00118994713,2.00239992142,1.99995994568,2.00018000603,0
2025-01-07 08:00:00+00:00,2.00010991096,2.00054001808,1.99678003788,1.99916005135,0
2025-01-07 09:00:00+00:00,1.99918997288,2.00073003769,1.99871003628,1.99896001816,0
2025-01-07 10:00:00+00:00,1.9991799593,1.99931001663,1.99738001823,1.99804997444,0
2025-01-07 11:00:00+00:00,1.99802994728,1.99886000156,1.99688005447,1.99775004387,0
2025-01-07 12:00:00+00:00,1.99759995937,1.99828004837,1.99577999115,1.99602997303,0
2025-01-07 13:00:00+00:00,1.99615001678,1.99978005886,1.994789958,1.99969995022,0
2025-01-07 14:00:00+00:00,1.99977004528,2.00172996521,1.9984600544,1.99880003929,0
2025-01-07 15:00:00+00:00,1.998939991,2.0024600029,1.99749994278,2.00003004074,0
2025-01-07 16:00:00+00:00,2.00018000603,2.0019800663,1.9997099638,2.00132989883,0
2025-01-07 17:00:00+00:00,2.00131011009,2.00211000443,2.00004005432,2.00144004822,0
2025-01-07 18:00:00+00:00,2.00148010254,2.00259995461,2.00082993507,2.00182008743,0
2025-01-07 19:00:00+00:00,2.00165009499,2.00211000443,2.00125002861,2.00177001953,0
2025-01-07 20:00:00+00:00,2.00173997879,2.00389003754,2.00134992599,2.00272989273,0
2025-01-07 21:00:00+00:00,2.00261998177,2.00277996063,2.00134992599,2.00134992599,0
2025-01-07 22:00:00+00:00,2.0013999939,2.00273990631,2.00069999695,2.00154995918,0
2025-01-07 23:00:00+00:00,2.00151991844,2.00253009796,2.00088000298,2.00104999542,0
2025-01-08 00:00:00+00:00,2.00112009048,2.00577998161,1.9993699789,2.00494003296,0
2025-01-08 01:00:00+00:00,2.0049200058,2.0085299015,2.00460004807,2.00621008873,0
2025-01-08 02:00:00+00:00,2.00624990463,2.00664997101,2.00394010544,2.0044798851,0
2025-01-08 03:00:00+00:00,2.00442004204,2.00480008125,2.0015900135,2.00202989578,0
2025-01-08 04:00:00+00:00,2.00219011307,2.00427007675,2.00161004066,2.00379991531,0
2025-01-08 05:00:00+00:00,2.00379991531,2.00446009636,2.00328993797,2.0035200119,0
2025-01-08 06:00:00+00:00,2.0035200119,2.00445008278,2.00270009041,2.00377011299,0
2025-01-08 07:00:00+00:00,2.00369000435,2.00408005714,2.00190997124,2.00234007835,0
2025-01-08 08:00:00+00:00,2.00235009193,2.00235009193,1.9986000061,2.00098991394,0
2025-01-08 09:00:00+00:00,2.00089001656,2.00184011459,1.99930000305,2.00126004219,0
2025-01-08 10:00:00+00:00,2.0011100769,2.00358009338,2.00088000298,2.00302004814,0
2025-01-08 11:00:00+00:00,2.00310993195,2.00311994553,1.9898699522,1.99511003494,0
2025-01-08 12:00:00+00:00,1.99504005909,1.99558997154,1.99056005478,1.99225997925,0
2025-01-08 13:00:00+00:00,1.99231004715,1.99268996716,1.98808002472,1.99156999588,0
2025-01-08 14:00:00+00:00,1.99137997627,1.99223995209,1.98745000362,1.98842000961,0
2025-01-08 15:00:00+00:00,1.9885699749,1.98957002163,1.98660004139,1.98792004585,0
2025-01-08 16:00:00+00:00,1.98795998096,1.98950004578,1.9872200489,1.98928999901,0
2025-01-08 17:00:00+00:00,1.98924994469,1.98995995522,1.98800003529,1.98908996582,0
2025-01-08 18:00:00+00:00,1.98908996582,1.99046003819,1.98828005791,1.99005997181,0
2025-01-08 19:00:00+00:00,1.99023997784,1.99120998383,1.98872005939,1.98961997032,0
2025-01-08 20:00:00+00:00,1.98966002464,1.99012005329,1.98802995682,1.98863005638,0
2025-01-08 21:00:00+00:00,1.98864996433,1.98933005333,1.98713004589,1.98830997944,0
2025-01-08 22:00:00+00:00,1.98835003376,1.99091994762,1.98678994179,1.98915994167,0
2025-01-08 23:00:00+00:00,1.98921000957,1.99012994766,1.98854994774,1.98969995975,0
2025-01-09 00:00:00+00:00,1.98952996731,1.99217998981,1.98916995525,1.99180996418,0
2025-01-09 01:00:00+00:00,1.99181997776,1.99322998524,1.9916100502,1.99276995659,0
2025-01-09 02:00:00+00:00,1.99287998676,1.99313998222,1.99105000496,1.99279999733,0
2025-01-09 03:00:00+00:00,1.99279999733,1.99318003654,1.98975002766,1.99101996422,0
2025-01-09 04:00:00+00:00,1.99103999138,1.99118995667,1.98917996883,1.98975002766,0
2025-01-09 05:00:00+00:00,1.98976004124,1.99038994312,1.9883300066,1.98889994621,0
2025-01-09 06:00:00+00:00,1.98894000053,1.98998999596,1.9838000536,1.98416996002,0
2025-01-09 07:00:00+00:00,1.98401999474,1.98555004597,1.98160994053,1.98289000988,0
2025-01-09 08:00:00+00:00,1.98302996159,1.98644995689,1.9822499752,1.98355996609,0
2025-01-09 09:00:00+00:00,1.98372995853,1.98566997051,1.98227000237,1.98322999477,0
2025-01-09 10:00:00+00:00,1.98345005512,1.9840400219,1.97863996029,1.98230004311,0
2025-01-09 11:00:00+00:00,1.98212003708,1.98508000374,1.98013997078,1.98203003407,0
2025-01-09 12:00:00+00:00,1.98202002048,1.98424005508,1.98010003567,1.98397994041,0
2025-01-09 13:00:00+00:00,1.98397994041,1.98690998554,1.98373997211,1.98461997509,0
2025-01-09 14:00:00+00:00,1.98450005054,1.98631000519,1.98318004608,1.98625004292,0
2025-01-09 15:00:00+00:00,1.98606002331,1.98736000061,1.98500001431,1.98678004742,0
2025-01-09 16:00:00+00:00,1.98690998554,1.98696994781,1.98468005657,1.9855799675,0
2025-01-09 17:00:00+00:00,1.98574995995,1.98713004589,1.98477995396,1.98552000523,0
2025-01-09 18:00:00+00:00,1.98547005653,1.98646998405,1.98508000374,1.98562002182,0
2025-01-09 19:00:00+00:00,1.98552000523,1.98637998104,1.98502004147,1.98605000973,0
2025-01-09 20:00:00+00:00,1.98599004745,1.98672997952,1.98558998108,1.98608005047,0
2025-01-09 21:00:00+00:00,1.98600995541,1.98690998554,1.98500001431,1.98512995243,0
2025-01-09 22:00:00+00:00,1.98495995998,1.98732995987,1.98254001141,1.98578000069,0
2025-01-09 23:00:00+00:00,1.98583996296,1.98702001572,1.98436999321,1.98679995537,0
2025-01-10 00:00:00+00:00,1.98661994934,1.98741996288,1.98571002483,1.98609995842,0
2025-01-10 01:00:00+00:00,1.98601996899,1.98629999161,1.98230004311,1.98424994946,0
2025-01-10 02:00:00+00:00,1.98435997963,1.98594999313,1.9838000536,1.98519003391,0
2025-01-10 03:00:00+00:00,1.98501002789,1.98592996597,1.98424994946,1.98511004448,0
2025-01-10 04:00:00+00:00,1.98495995998,1.98649001122,1.98461997509,1.98492002487,0
2025-01-10 05:00:00+00:00,1.98485994339,1.98503005505,1.98203003407,1.98225998878,0
2025-01-10 06:00:00+00:00,1.98241996765,1.98389005661,1.98225998878,1.98275005817,0
2025-01-10 07:00:00+00:00,1.98272001743,1.98503005505,1.98214995861,1.98443996906,0
2025-01-10 08:00:00+00:00,1.98444998264,1.98624002934,1.98406004906,1.98585999012,0
2025-01-10 09:00:00+00:00,1.98572003841,1.98998999596,1.98572003841,1.98940002918,0
2025-01-10 10:00:00+00:00,1.98967003822,1.98974001408,1.98684000969,1.987169981,0
2025-01-10 11:00:00+00:00,1.98732995987,1.98859000206,1.98468005657,1.98796999454,0
2025-01-10 12:00:00+00:00,1.98799002171,1.99083995819,1.9875099659,1.98983001709,0
2025-01-10 13:00:00+00:00,1.98969995975,1.99125003815,1.98436999321,1.98757994175,0
2025-01-10 14:00:00+00:00,1.98745000362,1.98816001415,1.98421001434,1.98562002182,0
2025-01-10 15:00:00+00:00,1.98597002029,1.98794996738,1.98497998714,1.98664999008,0
2025-01-10 16:00:00+00:00,1.98653995991,1.98743999004,1.98501002789,1.98722994328,0
2025-01-10 17:00:00+00:00,1.98707997799,1.98811995983,1.98545002937,1.98570001125,0
2025-01-10 18:00:00+00:00,1.98567998409,1.98585999012,1.98348999023,1.98386001587,0
2025-01-10 19:00:00+00:00,1.98386001587,1.98698997498,1.983700037,1.98593997955,0
2025-01-10 20:00:00+00:00,1.98600995541,1.98694002628,1.98567998409,1.98625004292,0
2025-01-10 21:00:00+00:00,1.98626995087,1.98783004284,1.98438000679,1.98620998859,0
2025-01-10 22:00:00+00:00,1.98572003841,1.98572003841,1.98572003841,1.98572003841,0
2025-01-13 00:00:00+00:00,1.98289000988,1.98342001438,1.98159003258,1.98214995861,0
2025-01-13 01:00:00+00:00,1.98199999332,1.98256003857,1.97820997238,1.97941994667,0
2025-01-13 02:00:00+00:00,1.97941994667,1.97941994667,1.97702002525,1.97751998901,0
2025-01-13 03:00:00+00:00,1.97750997543,1.97833001614,1.9752600193,1.97667002678,0
2025-01-13 04:00:00+00:00,1.97658002377,1.97923994064,1.97643995285,1.9790699482,0
2025-01-13 05:00:00+00:00,1.97921001911,1.97974002361,1.97705996037,1.97846996784,0
2025-01-13 06:00:00+00:00,1.97850000858,1.98001003265,1.97662997246,1.97683000565,0
2025-01-13 07:00:00+00:00,1.97671997547,1.9781999588,1.97416996956,1.97478997707,0
2025-01-13 08:00:00+00:00,1.97486996651,1.97698998451,1.97362005711,1.97378003597,0
2025-01-13 09:00:00+00:00,1.97388994694,1.97472000122,1.97142004967,1.97239005566,0
2025-01-13 10:00:00+00:00,1.97233998775,1.97435998917,1.97178995609,1.9739099741,0
2025-01-13 11:00:00+00:00,1.9739099741,1.97508001328,1.97000002861,1.97049999237,0
2025-01-13 12:00:00+00:00,1.97037005424,1.97214996815,1.96923995018,1.9702899456,0
2025-01-13 13:00:00+00:00,1.97020995617,1.97451996803,1.96939003468,1.97423005104,0
2025-01-13 14:00:00+00:00,1.97415995598,1.97558999062,1.97310996056,1.97338998318,0
2025-01-13 15:00:00+00:00,1.97336995602,1.97620999813,1.97334003448,1.97571003437,0
2025-01-13 16:00:00+00:00,1.97584998608,1.97648000717,1.97482001781,1.97491002083,0
2025-01-13 17:00:00+00:00,1.97490000725,1.97697997093,1.97490000725,1.97593998909,0
2025-01-13 18:00:00+00:00,1.97610998154,1.97750997543,1.97545003891,1.97711002827,0
2025-01-13 19:00:00+00:00,1.97720003128,1.97755002975,1.97591996193,1.97669005394,0
2025-01-13 20:00:00+00:00,1.97670996189,1.97774994373,1.97580003738,1.97596001625,0
2025-01-13 21:00:00+00:00,1.97599005699,1.97657001019,1.9728499651,1.973960042,0
2025-01-13 22:00:00+00:00,1.97393000126,1.97788000107,1.97098994255,1.97633004189,0
2025-01-13 23:00:00+00:00,1.97633004189,1.97771000862,1.97394001484,1.97528004646,0
2025-01-14 00:00:00+00:00,1.97545003891,1.97616994381,1.97399997711,1.97411000729,0
2025-01-14 01:00:00+00:00,1.97411000729,1.97537994385,1.97218000889,1.97279000282,0
2025-01-14 02:00:00+00:00,1.97277998924,1.97429001331,1.97210001945,1.97239005566,0
2025-01-14 03:00:00+00:00,1.97229003906,1.97382998466,1.97160995007,1.97324001789,0
2025-01-14 04:00:00+00:00,1.97335004807,1.97364997864,1.97184002399,1.97300004959,0
2025-01-14 05:00:00+00:00,1.97301995754,1.97386002541,1.97219002247,1.97328996658,0
2025-01-14 06:00:00+00:00,1.97334003448,1.97387003899,1.97157001495,1.9722700119,0
2025-01-14 07:00:00+00:00,1.97238004208,1.97434997559,1.96977996826,1.97027003765,0
2025-01-14 08:00:00+00:00,1.97017002106,1.9731400013,1.96958005428,1.97020995617,0
2025-01-14 09:00:00+00:00,1.97026002407,1.97081005573,1.96687996387,1.9673500061,0
2025-01-14 10:00:00+00:00,1.9673500061,1.96992003918,1.96686995029,1.9697599411,0
2025-01-14 11:00:00+00:00,1.96959996223,1.97162997723,1.96873998642,1.97007000446,0
2025-01-14 12:00:00+00:00,1.97002005577,1.97171998024,1.96964001656,1.97028005123,0
2025-01-14 13:00:00+00:00,1.9702899456,1.97087001801,1.96538996696,1.96827995777,0
2025-01-14 14:00:00+00:00,1.96825003624,1.96855998039,1.96657001972,1.96731996536,0
2025-01-14 15:00:00+00:00,1.9673500061,1.96959996223,1.96660995483,1.96893000603,0
2025-01-14 16:00:00+00:00,1.9690400362,1.97140002251,1.96873998642,1.97098004818,0
2025-01-14 17:00:00+00:00,1.97106003761,1.97125005722,1.96931004524,1.97062003613,0
2025-01-14 18:00:00+00:00,1.97053003311,1.97298002243,1.97040998936,1.97181999683,0
2025-01-14 19:00:00+00:00,1.97202003002,1.97248005867,1.97114002705,1.97188997269,0
2025-01-14 20:00:00+00:00,1.97187995911,1.97239005566,1.97131001949,1.97201001644,0
2025-01-14 21:00:00+00:00,1.97195005417,1.9722700119,1.96996998787,1.97055995464,0
2025-01-14 22:00:00+00:00,1.97061002254,1.97242999077,1.96836996078,1.97132003307,0
2025-01-14 23:00:00+00:00,1.97124004364,1.97239005566,1.97042000294,1.97229003906,0
2025-01-15 00:00:00+00:00,1.97229003906,1.97383999825,1.9712100029,1.97381997108,0
2025-01-15 01:00:00+00:00,1.97369003296,1.97403001785,1.9709700346,1.97171998024,0
2025-01-15 02:00:00+00:00,1.97168004513,1.97276997566,1.9705799818,1.97073996067,0
2025-01-15 03:00:00+00:00,1.97072005272,1.97160005569,1.96969997883,1.97011995316,0
2025-01-15 04:00:00+00:00,1.97011005878,1.97071003914,1.96931004524,1.96987998486,0
2025-01-15 05:00:00+00:00,1.9697599411,1.97202003002,1.96932005882,1.97156000137,0
2025-01-15 06:00:00+00:00,1.97158002853,1.97206997871,1.96963000298,1.96969997883,0
2025-01-15 07:00:00+00:00,1.97013998032,1.97291994095,1.96318995953,1.97198998928,0
2025-01-15 08:00:00+00:00,1.97198998928,1.97239995003,1.96819996834,1.96992003918,0
2025-01-15 09:00:00+00:00,1.96984994411,1.97001004219,1.96695995331,1.96846997738,0
2025-01-15 10:00:00+00:00,1.96859002113,1.97132003307,1.96843004227,1.97078001499,0
2025-01-15 11:00:00+00:00,1.97061002254,1.97141003609,1.96912002563,1.97081005573,0
2025-01-15 12:00:00+00:00,1.97081005573,1.97118997574,1.96876001358,1.97063994408,0
2025-01-15 13:00:00+00:00,1.97045004368,1.97561001778,1.96862995625,1.9696700573,0
2025-01-15 14:00:00+00:00,1.96953999996,1.97169005871,1.96635997295,1.96689999104,0
2025-01-15 15:00:00+00:00,1.96697998047,1.97000002861,1.96642005444,1.96870005131,0
2025-01-15 16:00:00+00:00,1.96870994568,1.96877002716,1.96332001686,1.96441996098,0
2025-01-15 17:00:00+00:00,1.96428000927,1.96483004093,1.96298003197,1.96355998516,0
2025-01-15 18:00:00+00:00,1.96337997913,1.96519994736,1.96322000027,1.96460998058,0
2025-01-15 19:00:00+00:00,1.96461999416,1.96484005451,1.96305000782,1.96363997459,0
2025-01-15 20:00:00+00:00,1.96363997459,1.96561002731,1.96349000931,1.96526002884,0
2025-01-15 21:00:00+00:00,1.96525001526,1.96624994278,1.96322000027,1.96346998215,0
2025-01-15 22:00:00+00:00,1.96370005608,1.96765995026,1.96261000633,1.96464002132,0
2025-01-15 23:00:00+00:00,1.96474003792,1.96563994884,1.96300005913,1.96308994293,0
2025-01-16 00:00:00+00:00,1.96326005459,1.96568000317,1.95981001854,1.96284997463,0
2025-01-16 01:00:00+00:00,1.96284997463,1.96563994884,1.96250998974,1.9647500515,0
2025-01-16 02:00:00+00:00,1.96484005451,1.96686005592,1.96381998062,1.96636998653,0
2025-01-16 03:00:00+00:00,1.96633005142,1.96891999245,1.96597003937,1.96849000454,0
2025-01-16 04:00:00+00:00,1.96833002567,1.96943998337,1.96749997139,1.96868002415,0
2025-01-16 05:00:00+00:00,1.96868002415,1.97124004364,1.96855998039,1.96943998337,0
2025-01-16 06:00:00+00:00,1.96944999695,1.96964001656,1.96747994423,1.96817994118,0
2025-01-16 07:00:00+00:00,1.96783995628,1.96838998795,1.9644099474,1.96510994434,0
2025-01-16 08:00:00+00:00,1.96519005299,1.96554994583,1.96212995052,1.96264994144,0
2025-01-16 09:00:00+00:00,1.96256005764,1.96414995193,1.9616600275,1.96283996105,0
2025-01-16 10:00:00+00:00,1.96299004555,1.96473002434,1.9628200531,1.96407997608,0
2025-01-16 11:00:00+00:00,1.96414995193,1.96570003033,1.96396994591,1.96510004997,0
2025-01-16 12:00:00+00:00,1.96510994434,1.96858000755,1.96475994587,1.96740996838,0
2025-01-16 13:00:00+00:00,1.96741998196,1.96757996082,1.96413004398,1.96500003338,0
2025-01-16 14:00:00+00:00,1.9648900032,1.96598005295,1.96300005913,1.96514999866,0
2025-01-16 15:00:00+00:00,1.96527004242,1.96817994118,1.96316003799,1.9669200182,0
2025-01-16 16:00:00+00:00,1.96693003178,1.96826994419,1.96472001076,1.96826994419,0
2025-01-16 17:00:00+00:00,1.96830999851,1.96925997734,1.96731996536,1.96799004078,0
2025-01-16 18:00:00+00:00,1.96810996532,1.96942996979,1.96753001213,1.96861994267,0
2025-01-16 19:00:00+00:00,1.96867001057,1.96988999844,1.96835005283,1.96947002411,0
2025-01-16 20:00:00+00:00,1.96944999695,1.96990001202,1.96853995323,1.9696700573,0
2025-01-16 21:00:00+00:00,1.96966004372,1.9705799818,1.96836996078,1.96919000149,0
2025-01-16 22:00:00+00:00,1.96947002411,1.9709199667,1.9679299593,1.96943998337,0
2025-01-16 23:00:00+00:00,1.96941995621,1.97143995762,1.96919000149,1.97002995014,0
2025-01-17 00:00:00+00:00,1.97007000446,1.9709700346,1.96940994263,1.97008001804,0
2025-01-17 01:00:00+00:00,1.97008001804,1.97072005272,1.96878004074,1.96915996075,0
2025-01-17 02:00:00+00:00,1.96911001205,1.97029995918,1.967689991,1.96917998791,0
2025-01-17 03:00:00+00:00,1.96912002563,1.9702899456,1.96837997437,1.96864998341,0
2025-01-17 04:00:00+00:00,1.96864998341,1.97239995003,1.96863996983,1.97134995461,0
2025-01-17 05:00:00+00:00,1.97128999233,1.97159004211,1.96925997734,1.96960997581,0
2025-01-17 06:00:00+00:00,1.96949005127,1.97002005577,1.96837997437,1.96903002262,0
2025-01-17 07:00:00+00:00,1.96887004375,1.96887004375,1.95996999741,1.96080994606,0
2025-01-17 08:00:00+00:00,1.96095001698,1.96347999573,1.96056997776,1.96309995651,0
2025-01-17 09:00:00+00:00,1.96300005913,1.96644997597,1.9625300169,1.96609997749,0
2025-01-17 10:00:00+00:00,1.96608996391,1.96761000156,1.96587002277,1.9669200182,0
2025-01-17 11:00:00+00:00,1.96675002575,1.9700499773,1.96615004539,1.96762001514,0
2025-01-17 12:00:00+00:00,1.96779000759,1.97090995312,1.96649003029,1.97003996372,0
2025-01-17 13:00:00+00:00,1.97002995014,1.972219944,1.96970999241,1.97190999985,0
2025-01-17 14:00:00+00:00,1.97184002399,1.97293996811,1.96326005459,1.96452999115,0
2025-01-17 15:00:00+00:00,1.96466994286,1.96477997303,1.96027994156,1.96135997772,0
2025-01-17 16:00:00+00:00,1.96122002602,1.96246004105,1.96055996418,1.96158003807,0
2025-01-17 17:00:00+00:00,1.96165001392,1.96222996712,1.96052002907,1.96174001694,0
2025-01-17 18:00:00+00:00,1.96174001694,1.96345996857,1.96129000187,1.96256005764,0
2025-01-17 19:00:00+00:00,1.9625300169,1.96364998817,1.96215999126,1.96273994446,0
2025-01-17 20:00:00+00:00,1.96287000179,1.96451997757,1.96258997917,1.96398997307,0
2025-01-17 21:00:00+00:00,1.9639300108,1.96533000469,1.96301996708,1.9649399519,0
2025-01-17 22:00:00+00:00,1.9647500515,1.9647500515,1.9647500515,1.9647500515,0
2025-01-20 00:00:00+00:00,1.96426999569,1.96500003338,1.96337997913,1.96440005302,0
2025-01-20 01:00:00+00:00,1.96424996853,1.96513998508,1.96338999271,1.96362996101,0
2025-01-20 02:00:00+00:00,1.96371996403,1.96449005604,1.96285998821,1.96352994442,0
2025-01-20 03:00:00+00:00,1.96352994442,1.96484005451,1.96271002293,1.96291005611,0
2025-01-20 04:00:00+00:00,1.96288001537,1.96468997002,1.96246004105,1.96456003189,0
2025-01-20 05:00:00+00:00,1.964599967,1.96720004082,1.96441996098,1.96707999706,0
2025-01-20 06:00:00+00:00,1.96694004536,1.96791994572,1.96554005146,1.96608996391,0
2025-01-20 07:00:00+00:00,1.96607005596,1.96650004387,1.96273005009,1.96317994595,0
2025-01-20 08:00:00+00:00,1.96322000027,1.96428000927,1.96243000031,1.96331000328,0
2025-01-20 09:00:00+00:00,1.96344995499,1.96505999565,1.9622399807,1.96432995796,0
2025-01-20 10:00:00+00:00,1.96414995193,1.96642994881,1.96336996555,1.96601998806,0
2025-01-20 11:00:00+00:00,1.9660500288,1.9675899744,1.96578001976,1.96714997292,0
2025-01-20 12:00:00+00:00,1.96712005138,1.9674500227,1.963539958,1.9646999836,0
2025-01-20 13:00:00+00:00,1.96458995342,1.96592998505,1.95931005478,1.96281003952,0
2025-01-20 14:00:00+00:00,1.96264004707,1.96338999271,1.9592000246,1.96075999737,0
2025-01-20 15:00:00+00:00,1.9606000185,1.96527004242,1.95955002308,1.96432995796,0
2025-01-20 16:00:00+00:00,1.96421003342,1.96538996696,1.96314001083,1.96428000927,0
2025-01-20 17:00:00+00:00,1.96426999569,1.96687996387,1.9622399807,1.96341001987,0
2025-01-20 18:00:00+00:00,1.96340000629,1.9659999609,1.96294999123,1.96477997303,0
2025-01-20 19:00:00+00:00,1.96486997604,1.96642994881,1.96441996098,1.96598005295,0
2025-01-20 20:00:00+00:00,1.96607005596,1.96643996239,1.96405994892,1.96511995792,0
2025-01-20 21:00:00+00:00,1.96516001225,1.96548998356,1.96167004108,1.96194005013,0
2025-01-20 22:00:00+00:00,1.96259999275,1.96665000916,1.96193003654,1.96568000317,0
2025-01-20 23:00:00+00:00,1.96562004089,1.96639001369,1.96271002293,1.96312999725,0
2025-01-21 00:00:00+00:00,1.96337997913,1.97318994999,1.96198999882,1.9701499939,0
2025-01-21 01:00:00+00:00,1.97035002708,1.97267997265,1.96641004086,1.96990001202,0
2025-01-21 02:00:00+00:00,1.96975004673,1.96990001202,1.96617996693,1.96773004532,0
2025-01-21 03:00:00+00:00,1.96756994724,1.96789002419,1.96597003937,1.96756005287,0
2025-01-21 04:00:00+00:00,1.96750998497,1.96860003471,1.96712005138,1.96832001209,0
2025-01-21 05:00:00+00:00,1.9683599472,1.97000002861,1.96707999706,1.96970999241,0
2025-01-21 06:00:00+00:00,1.96973001957,1.97016000748,1.96665000916,1.96712994576,0
2025-01-21 07:00:00+00:00,1.9671599865,1.96876001358,1.96591997147,1.96697998047,0
2025-01-21 08:00:00+00:00,1.96701002121,1.96776998043,1.96441996098,1.96624004841,0
2025-01-21 09:00:00+00:00,1.96604001522,1.9665800333,1.964220047,1.96526002884,0
2025-01-21 10:00:00+00:00,1.9649399519,1.96875,1.96452999115,1.96800005436,0
2025-01-21 11:00:00+00:00,1.96796000004,1.96827995777,1.96634995937,1.96738994122,0
2025-01-21 12:00:00+00:00,1.96736001968,1.96833002567,1.96661996841,1.96706998348,0
2025-01-21 13:00:00+00:00,1.96712005138,1.96834003925,1.96595001221,1.96794998646,0
2025-01-21 14:00:00+00:00,1.96802997589,1.96841001511,1.96569001675,1.96592998505,0
2025-01-21 15:00:00+00:00,1.96593999863,1.96696996689,1.96447002888,1.96510994434,0
2025-01-21 16:00:00+00:00,1.96511995792,1.96688997746,1.9644600153,1.96614003181,0
2025-01-21 17:00:00+00:00,1.96633994579,1.9668200016,1.96539998055,1.96640002728,0
2025-01-21 18:00:00+00:00,1.96641004086,1.96697998047,1.96577000618,1.9669200182,0
2025-01-21 19:00:00+00:00,1.9669200182,1.96763002872,1.96626996994,1.96750998497,0
2025-01-21 20:00:00+00:00,1.96751999855,1.96796000004,1.96700000763,1.96781003475,0
2025-01-21 21:00:00+00:00,1.96776998043,1.96942996979,1.96516001225,1.96590995789,0
2025-01-21 22:00:00+00:00,1.96812999249,1.97151005268,1.96474003792,1.96880996227,0
2025-01-21 23:00:00+00:00,1.96847999096,1.97079002857,1.96786999702,1.97009003162,0
2025-01-22 00:00:00+00:00,1.97005999088,1.97023999691,1.9673500061,1.96809995174,0
2025-01-22 01:00:00+00:00,1.96806001663,1.96940994263,1.9679299593,1.96895003319,0
2025-01-22 02:00:00+00:00,1.96891999245,1.96974003315,1.96748995781,1.96810996532,0
2025-01-22 03:00:00+00:00,1.96812999249,1.96902000904,1.96762001514,1.96837997437,0
2025-01-22 04:00:00+00:00,1.96838998795,1.97037005424,1.96834003925,1.97037005424,0
2025-01-22 05:00:00+00:00,1.97035002708,1.97105002403,1.96911001205,1.97013998032,0
2025-01-22 06:00:00+00:00,1.97005999088,1.97104001045,1.96863996983,1.96939003468,0
2025-01-22 07:00:00+00:00,1.96949005127,1.96984994411,1.96702003479,1.96806001663,0
2025-01-22 08:00:00+00:00,1.96823000908,1.96834003925,1.96456003189,1.96686005592,0
2025-01-22 09:00:00+00:00,1.96679997444,1.96814000607,1.96614003181,1.96720004082,0
2025-01-22 10:00:00+00:00,1.96732997894,1.96775996685,1.96569001675,1.96693003178,0
2025-01-22 11:00:00+00:00,1.96702003479,1.96721994877,1.9646500349,1.96645998955,0
2025-01-22 12:00:00+00:00,1.96642994881,1.96726000309,1.96549999714,1.96572995186,0
2025-01-22 13:00:00+00:00,1.96573996544,1.96651995182,1.96390998363,1.96480000019,0
2025-01-22 14:00:00+00:00,1.96477997303,1.96738994122,1.96408998966,1.96574997902,0
2025-01-22 15:00:00+00:00,1.96574997902,1.96691000462,1.96354997158,1.96387004852,0
2025-01-22 16:00:00+00:00,1.96387994289,1.96545994282,1.96312999725,1.96358001232,0
2025-01-22 17:00:00+00:00,1.96361005306,1.96362996101,1.9620000124,1.9628200531,0
2025-01-22 18:00:00+00:00,1.96273994446,1.96317005157,1.96201002598,1.96298003197,0
2025-01-22 19:00:00+00:00,1.96285998821,1.96358001232,1.96265995502,1.9630099535,0
2025-01-22 20:00:00+00:00,1.96315002441,1.96384000778,1.96250998974,1.96310997009,0
2025-01-22 21:00:00+00:00,1.9630099535,1.96387004852,1.96175003052,1.96187996864,0
2025-01-22 22:00:00+00:00,1.9617099762,1.96473002434,1.9613699913,1.96301996708,0
2025-01-22 23:00:00+00:00,1.96288001537,1.96404004097,1.96185004711,1.96288001537,0
2025-01-23 00:00:00+00:00,1.96279001236,1.96370005608,1.96222996712,1.96289002895,0
2025-01-23 01:00:00+00:00,1.96303999424,1.96343994141,1.96112000942,1.96218001842,0
2025-01-23 02:00:00+00:00,1.96218001842,1.96312999725,1.96038997173,1.9625300169,0
2025-01-23 03:00:00+00:00,1.96254003048,1.96351003647,1.96175003052,1.96292996407,0
2025-01-23 04:00:00+00:00,1.96288001537,1.96356999874,1.96210002899,1.96317005157,0
2025-01-23 05:00:00+00:00,1.96328997612,1.96379995346,1.96215999126,1.9630600214,0
2025-01-23 06:00:00+00:00,1.96296000481,1.9648900032,1.96267998219,1.96426999569,0
2025-01-23 07:00:00+00:00,1.96423995495,1.96467995644,1.96228003502,1.9632999897,0
2025-01-23 08:00:00+00:00,1.96327996254,1.96561002731,1.96243000031,1.96530997753,0
2025-01-23 09:00:00+00:00,1.96529996395,1.96688997746,1.9644099474,1.96617996693,0
2025-01-23 10:00:00+00:00,1.96606004238,1.96698999405,1.96529996395,1.96613001823,0
2025-01-23 11:00:00+00:00,1.96609997749,1.96651995182,1.96421003342,1.96452999115,0
2025-01-23 12:00:00+00:00,1.9644099474,1.96547996998,1.96361005306,1.96425998211,0
2025-01-23 13:00:00+00:00,1.96430003643,1.96603000164,1.96326005459,1.96431005001,0
2025-01-23 14:00:00+00:00,1.96449005604,1.96525001526,1.96297001839,1.96431994438,0
2025-01-23 15:00:00+00:00,1.96431994438,1.96478998661,1.96319997311,1.964599967,0
2025-01-23 16:00:00+00:00,1.96455001831,1.96592998505,1.96255004406,1.96381998062,0
2025-01-23 17:00:00+00:00,1.96380996704,1.96500003338,1.96342003345,1.96437001228,0
2025-01-23 18:00:00+00:00,1.96449005604,1.96562004089,1.96397995949,1.96537005901,0
2025-01-23 19:00:00+00:00,1.96538996696,1.96603000164,1.96491003036,1.96516001225,0
2025-01-23 20:00:00+00:00,1.96528995037,1.96590995789,1.96468997002,1.96561002731,0
2025-01-23 21:00:00+00:00,1.96554005146,1.96589994431,1.96362996101,1.96589994431,0
2025-01-23 22:00:00+00:00,1.96475994587,1.9660500288,1.96341001987,1.96495997906,0
2025-01-23 23:00:00+00:00,1.96500003338,1.96622002125,1.96457004547,1.96597003937,0
2025-01-24 00:00:00+00:00,1.96617996693,1.96668994427,1.96530997753,1.96634995937,0
2025-01-24 01:00:00+00:00,1.96618998051,1.96722996235,1.96613001823,1.96617996693,0
2025-01-24 02:00:00+00:00,1.96630001068,1.96644997597,1.96157002449,1.96221995354,0
2025-01-24 03:00:00+00:00,1.9622399807,1.96378004551,1.96087002754,1.96115994453,0
2025-01-24 04:00:00+00:00,1.96114003658,1.96271002293,1.96002995968,1.96254003048,0
2025-01-24 05:00:00+00:00,1.96243000031,1.96262001991,1.96011996269,1.96053004265,0
2025-01-24 06:00:00+00:00,1.96044003963,1.96243000031,1.96037995815,1.96165001392,0
2025-01-24 07:00:00+00:00,1.96168005466,1.96203994751,1.95950996876,1.96161997318,0
2025-01-24 08:00:00+00:00,1.96161997318,1.96325004101,1.96013998985,1.96204996109,0
2025-01-24 09:00:00+00:00,1.96185004711,1.96753001213,1.96149003506,1.96537995338,0
2025-01-24 10:00:00+00:00,1.96539998055,1.9668200016,1.96476995945,1.96678996086,0
2025-01-24 11:00:00+00:00,1.96677994728,1.96688997746,1.96542000771,1.96617996693,0
2025-01-24 12:00:00+00:00,1.96616005898,1.9672100544,1.96537995338,1.96669995785,0
2025-01-24 13:00:00+00:00,1.96669995785,1.96911001205,1.96561002731,1.96879994869,0
2025-01-24 14:00:00+00:00,1.96879005432,1.97139000893,1.96797001362,1.97093999386,0
2025-01-24 15:00:00+00:00,1.97106003761,1.97477996349,1.97018003464,1.97407996655,0
2025-01-24 16:00:00+00:00,1.97405004501,1.97745001316,1.97368001938,1.97651004791,0
2025-01-24 17:00:00+00:00,1.97648000717,1.97684001923,1.97523999214,1.97607004642,0
2025-01-24 18:00:00+00:00,1.97599995136,1.97732996941,1.97562003136,1.97646999359,0
2025-01-24 19:00:00+00:00,1.97661995888,1.97749996185,1.97627997398,1.97690999508,0
2025-01-24 20:00:00+00:00,1.97678005695,1.97783994675,1.97652995586,1.97748994827,0
2025-01-24 21:00:00+00:00,1.97757005692,1.97791004181,1.97451996803,1.97616004944,0
2025-01-24 22:00:00+00:00,1.97616004944,1.97760999203,1.97616004944,1.97760999203,0
2025-01-27 00:00:00+00:00,1.97926998138,1.97977995872,1.97839999199,1.97876000404,0
2025-01-27 01:00:00+00:00,1.97881996632,1.98029994965,1.97724997997,1.97970998287,0
2025-01-27 02:00:00+00:00,1.97974002361,1.98044002056,1.9788800478,1.98005998135,0
2025-01-27 03:00:00+00:00,1.98019003868,1.98031997681,1.97715997696,1.97816002369,0
2025-01-27 04:00:00+00:00,1.97807002068,1.97967994213,1.9778200388,1.97889995575,0
2025-01-27 05:00:00+00:00,1.97891998291,1.97959005833,1.97836005688,1.97836005688,0
2025-01-27 06:00:00+00:00,1.97846996784,1.98227000237,1.97822999954,1.98106002808,0
2025-01-27 07:00:00+00:00,1.98111999035,1.9817199707,1.97888994217,1.97956001759,0
2025-01-27 08:00:00+00:00,1.97946000099,1.98122000694,1.97898995876,1.9791200161,0
2025-01-27 09:00:00+00:00,1.97923004627,1.9844199419,1.97890996933,1.98410999775,0
2025-01-27 10:00:00+00:00,1.98398995399,1.98532998562,1.98324000835,1.98398995399,0
2025-01-27 11:00:00+00:00,1.98398995399,1.98627996445,1.98308002949,1.98354995251,0
2025-01-27 12:00:00+00:00,1.98368000984,1.98514997959,1.98263001442,1.98491001129,0
2025-01-27 13:00:00+00:00,1.98492002487,1.98810005188,1.98475003242,1.98672997952,0
2025-01-27 14:00:00+00:00,1.98675000668,1.98915994167,1.98623001575,1.98818004131,0
2025-01-27 15:00:00+00:00,1.98845994473,1.98889994621,1.98401999474,1.98462998867,0
2025-01-27 16:00:00+00:00,1.98469996452,1.98731994629,1.98448002338,1.98710000515,0
2025-01-27 17:00:00+00:00,1.98720002174,1.9879399538,1.98617005348,1.98731005192,0
2025-01-27 18:00:00+00:00,1.98738002777,1.98784995079,1.98629999161,1.98736000061,0
2025-01-27 19:00:00+00:00,1.98733997345,1.9878000021,1.98641002178,1.98733997345,0
2025-01-27 20:00:00+00:00,1.98742997646,1.98772001266,1.98527002335,1.98529994488,0
2025-01-27 21:00:00+00:00,1.98530995846,1.98657000065,1.98399996758,1.98553001881,0
2025-01-27 22:00:00+00:00,1.98536002636,1.98644995689,1.98326003551,1.9848099947,0
2025-01-27 23:00:00+00:00,1.98511004448,1.98942995071,1.98439002037,1.98938000202,0
2025-01-28 00:00:00+00:00,1.98905003071,1.99007999897,1.9872200489,1.98802995682,0
2025-01-28 01:00:00+00:00,1.98796999454,1.9906899929,1.98612999916,1.98927998543,0
2025-01-28 02:00:00+00:00,1.98935997486,1.98997998238,1.98732995987,1.98846995831,0
2025-01-28 03:00:00+00:00,1.98836994171,1.99038994312,1.9880399704,1.98984003067,0
2025-01-28 04:00:00+00:00,1.98977005482,1.99135005474,1.98948001862,1.99037003517,0
2025-01-28 05:00:00+00:00,1.99032998085,1.99103999138,1.98993003368,1.99023997784,0
2025-01-28 06:00:00+00:00,1.9901599884,1.99117004871,1.98942005634,1.9901599884,0
2025-01-28 07:00:00+00:00,1.99014997482,1.99048995972,1.98741996288,1.98922002316,0
2025-01-28 08:00:00+00:00,1.98914003372,1.99123001099,1.98899996281,1.98931002617,0
2025-01-28 09:00:00+00:00,1.98913002014,1.99129998684,1.98839998245,1.99053001404,0
2025-01-28 10:00:00+00:00,1.99056994915,1.99126005173,1.98935997486,1.99044001102,0
2025-01-28 11:00:00+00:00,1.99042999744,1.99118995667,1.98873996735,1.98907005787,0
2025-01-28 12:00:00+00:00,1.98899996281,1.99214994907,1.98840999603,1.99091994762,0
2025-01-28 13:00:00+00:00,1.99089002609,1.99175000191,1.98971998692,1.99107003212,0
2025-01-28 14:00:00+00:00,1.99116003513,1.99144005775,1.98896002769,1.99003005028,0
2025-01-28 15:00:00+00:00,1.98994004726,1.99125003815,1.98917996883,1.99085998535,0
2025-01-28 16:00:00+00:00,1.99099004269,1.99158000946,1.9891500473,1.99021995068,0
2025-01-28 17:00:00+00:00,1.99013996124,1.99106001854,1.98874998093,1.98914003372,0
2025-01-28 18:00:00+00:00,1.98912000656,1.9896800518,1.98817002773,1.98932003975,0
2025-01-28 19:00:00+00:00,1.98917996883,1.98963999748,1.98861002922,1.98954999447,0
2025-01-28 20:00:00+00:00,1.98947000504,1.98963999748,1.9885699749,1.98904001713,0
2025-01-28 21:00:00+00:00,1.98915994167,1.99011003971,1.98813998699,1.98936998844,0
2025-01-28 22:00:00+00:00,1.98931002617,1.99048995972,1.98725998402,1.98866999149,0
2025-01-28 23:00:00+00:00,1.98863995075,1.98966002464,1.98799002171,1.98944997787,0
2025-01-29 00:00:00+00:00,1.98991000652,1.99761998653,1.98812997341,1.99523997307,0
2025-01-29 01:00:00+00:00,1.99511003494,1.99731004238,1.99427998066,1.99539005756,0
2025-01-29 02:00:00+00:00,1.9953700304,1.99583995342,1.99399995804,1.99581003189,0
2025-01-29 03:00:00+00:00,1.9956599474,1.99725997448,1.99530994892,1.99659001827,0
2025-01-29 04:00:00+00:00,1.99662995338,1.99725997448,1.99567997456,1.99654996395,0
2025-01-29 05:00:00+00:00,1.9964799881,1.9967199564,1.99365997314,1.99380004406,0
2025-01-29 06:00:00+00:00,1.99377000332,1.99495995045,1.99337995052,1.99440002441,0
2025-01-29 07:00:00+00:00,1.99459004402,1.99703001976,1.99408996105,1.99585998058,0
2025-01-29 08:00:00+00:00,1.99597001076,1.99714004993,1.99383997917,1.99442994595,0
2025-01-29 09:00:00+00:00,1.99442994595,1.99609994888,1.99343001842,1.99486005306,0
2025-01-29 10:00:00+00:00,1.99486005306,1.99539995193,1.99322998524,1.99356997013,0
2025-01-29 11:00:00+00:00,1.99360001087,1.99558997154,1.9931999445,1.99451994896,0
2025-01-29 12:00:00+00:00,1.99441003799,1.99708998203,1.99417996407,1.99644994736,0
2025-01-29 13:00:00+00:00,1.99635994434,1.99662005901,1.99366998672,1.99524998665,0
2025-01-29 14:00:00+00:00,1.9951800108,1.99621999264,1.99370002747,1.99457001686,0
2025-01-29 15:00:00+00:00,1.99468004704,1.99846994877,1.99362003803,1.99670994282,0
2025-01-29 16:00:00+00:00,1.99670004845,1.99767005444,1.99539995193,1.99656999111,0
2025-01-29 17:00:00+00:00,1.99664998055,1.99772000313,1.99574995041,1.99672996998,0
2025-01-29 18:00:00+00:00,1.99682998657,1.99761998653,1.99652004242,1.99687004089,0
2025-01-29 19:00:00+00:00,1.99548995495,1.99857997894,1.99463999271,1.99686002731,0
2025-01-29 20:00:00+00:00,1.9967199564,1.99760997295,1.99566996098,1.99705004692,0
2025-01-29 21:00:00+00:00,1.99717998505,1.99849998951,1.99655997753,1.99793994427,0
2025-01-29 22:00:00+00:00,1.99740004539,1.99934995174,1.99462997913,1.9967700243,0
2025-01-29 23:00:00+00:00,1.99685001373,1.99737000465,1.99505996704,1.99598002434,0
2025-01-30 00:00:00+00:00,1.99589002132,1.99682998657,1.99479997158,1.99625003338,0
2025-01-30 01:00:00+00:00,1.99605000019,1.9967700243,1.99512994289,1.99562001228,0
2025-01-30 02:00:00+00:00,1.99558997154,1.99705004692,1.99486994743,1.99660003185,0
2025-01-30 03:00:00+00:00,1.99635994434,1.99801003933,1.99576997757,1.99800002575,0
2025-01-30 04:00:00+00:00,1.99794995785,1.99981999397,1.99763000011,1.99939000607,0
2025-01-30 05:00:00+00:00,1.99940001965,2.00131988525,1.9991300106,2.00118994713,0
2025-01-30 06:00:00+00:00,2.00109004974,2.00146007538,1.99959003925,2.00012993813,0
2025-01-30 07:00:00+00:00,2.00010991096,2.00114989281,1.99960005283,2.00073003769,0
2025-01-30 08:00:00+00:00,2.00074005127,2.00115990639,1.99761998653,1.99795997143,0
2025-01-30 09:00:00+00:00,1.99795997143,1.99835002422,1.9961899519,1.9981700182,0
2025-01-30 10:00:00+00:00,1.99793994427,1.99875998497,1.9956099987,1.99644994736,0
2025-01-30 11:00:00+00:00,1.99643003941,1.99801003933,1.995470047,1.99579000473,0
2025-01-30 12:00:00+00:00,1.99565005302,1.99749994278,1.99554002285,1.99697005749,0
2025-01-30 13:00:00+00:00,1.99713003635,2.0005300045,1.99565005302,1.99960005283,0
2025-01-30 14:00:00+00:00,1.99939000607,2.00136995316,1.99844002724,2.00076007843,0
2025-01-30 15:00:00+00:00,2.00093007088,2.00157999992,1.99825000763,2.00001001358,0
2025-01-30 16:00:00+00:00,2.00004005432,2.0004799366,1.99755001068,1.99792003632,0
2025-01-30 17:00:00+00:00,1.9979300499,1.99865996838,1.99688994884,1.99751996994,0
2025-01-30 18:00:00+00:00,1.99741005898,1.99782001972,1.99670994282,1.99717998505,0
2025-01-30 19:00:00+00:00,1.99737000465,1.99776005745,1.99665999413,1.99728000164,0
2025-01-30 20:00:00+00:00,1.99717998505,2.00177001953,1.99679005146,1.99987995625,0
2025-01-30 21:00:00+00:00,1.99997997284,2.00118994713,1.99746000767,1.99874997139,0
2025-01-30 22:00:00+00:00,1.99895000458,2.0011100769,1.99635994434,1.99978995323,0
2025-01-30 23:00:00+00:00,1.99978995323,2.00048995018,1.99809002876,1.99881005287,0
2025-01-31 00:00:00+00:00,1.99890005589,2.00090003014,1.99882996082,2.00065994263,0
2025-01-31 01:00:00+00:00,2.00055003166,2.00069999695,1.99769997597,1.99837005138,0
2025-01-31 02:00:00+00:00,1.99837005138,1.99909996986,1.99626004696,1.99655997753,0
2025-01-31 03:00:00+00:00,1.99658000469,1.9973000288,1.99565005302,1.99620997906,0
2025-01-31 04:00:00+00:00,1.9961899519,1.99682998657,1.99511003494,1.99542999268,0
2025-01-31 05:00:00+00:00,1.99544000626,1.99695003033,1.99398994446,1.99565005302,0
2025-01-31 06:00:00+00:00,1.99572002888,1.99591994286,1.99488997459,1.99575996399,0
2025-01-31 07:00:00+00:00,1.99576997757,1.99633002281,1.99356997013,1.99451005459,0
2025-01-31 08:00:00+00:00,1.99432003498,1.99574005604,1.99386000633,1.99504995346,0
2025-01-31 09:00:00+00:00,1.99521994591,1.99610996246,1.99242997169,1.99574995041,0
2025-01-31 10:00:00+00:00,1.99574005604,1.99782001972,1.99538004398,1.99732995033,0
2025-01-31 11:00:00+00:00,1.99740004539,1.99896001816,1.99678003788,1.99735999107,0
2025-01-31 12:00:00+00:00,1.99732995033,1.9986499548,1.9964799881,1.99784004688,0
2025-01-31 13:00:00+00:00,1.99784004688,1.9984099865,1.99443995953,1.9953700304,0
2025-01-31 14:00:00+00:00,1.9953700304,1.99609005451,1.99310994148,1.99329996109,0
2025-01-31 15:00:00+00:00,1.99330997467,1.99374997616,1.98977994919,1.9919500351,0
2025-01-31 16:00:00+00:00,1.99205994606,1.99545001984,1.99115002155,1.99433994293,0
2025-01-31 17:00:00+00:00,1.99433994293,1.99503004551,1.99042999744,1.9906899929,0
2025-01-31 18:00:00+00:00,1.9907399416,1.99476003647,1.9904500246,1.99333000183,0
2025-01-31 19:00:00+00:00,1.99321997166,1.99646997452,1.99302005768,1.99513995647,0
2025-01-31 20:00:00+00:00,1.9951800108,1.99591994286,1.99422001839,1.9953700304,0
2025-01-31 21:00:00+00:00,1.9954199791,1.99644994736,1.9926700592,1.99509000778,0
2025-01-31 22:00:00+00:00,1.99495995045,1.99495995045,1.99495995045,1.99495995045,0
2025-02-03 00:00:00+00:00,2.0005800724,2.00687003136,2.00025010109,2.00635004044,0
2025-02-03 01:00:00+00:00,2.00636005402,2.00954008102,2.00432991982,2.00896000862,0
2025-02-03 02:00:00+00:00,2.00898003578,2.01497006416,2.00868010521,2.0114300251,0
2025-02-03 03:00:00+00:00,2.01134991646,2.01273989677,2.00961995125,2.01080989838,0
2025-02-03 04:00:00+00:00,2.01071000099,2.01107001305,2.00321006775,2.0041000843,0
2025-02-03 05:00:00+00:00,2.00413990021,2.00622010231,2.00349998474,2.00566005707,0
2025-02-03 06:00:00+00:00,2.00572991371,2.00622010231,2.00141000748,2.00194001198,0
2025-02-03 07:00:00+00:00,2.00194001198,2.00325989723,2.0000500679,2.00213003159,0
2025-02-03 08:00:00+00:00,2.0020198822,2.00523996353,1.99988996983,2.00418996811,0
2025-02-03 09:00:00+00:00,2.00419998169,2.00556993484,2.0010099411,2.0015399456,0
2025-02-03 10:00:00+00:00,2.00154995918,2.00350999832,2.00109004974,2.00345993042,0
2025-02-03 11:00:00+00:00,2.00331997871,2.00530004501,2.00294995308,2.00373005867,0
2025-02-03 12:00:00+00:00,2.00369000435,2.00641989708,2.00325989723,2.00573992729,0
2025-02-03 13:00:00+00:00,2.00558996201,2.00811004639,2.00291991234,2.00710010529,0
2025-02-03 14:00:00+00:00,2.00699996948,2.00870990753,2.0050599575,2.0083398819,0
2025-02-03 15:00:00+00:00,2.00794005394,2.00995993614,2.00273990631,2.00344991684,0
2025-02-03 16:00:00+00:00,2.003469944,2.00766992569,2.00317001343,2.00556993484,0
2025-02-03 17:00:00+00:00,2.0054500103,2.00800991058,2.00325989723,2.00586009026,0
2025-02-03 18:00:00+00:00,2.00580000877,2.00660991669,2.00485992432,2.00580000877,0
2025-02-03 19:00:00+00:00,2.00580000877,2.00616002083,2.00408005714,2.004529953,0
2025-02-03 20:00:00+00:00,2.00468993187,2.00556993484,2.00367999077,2.00530004501,0
2025-02-03 21:00:00+00:00,2.00530004501,2.00538992882,1.9962400198,1.99872004986,0
2025-02-03 22:00:00+00:00,1.99818003178,2.00287008286,1.99472999573,1.99696004391,0
2025-02-03 23:00:00+00:00,1.99744999409,2.00061011314,1.99599003792,1.99943995476,0
2025-02-04 00:00:00+00:00,1.99957001209,2.00094008446,1.99808001518,2.00022006035,0
2025-02-04 01:00:00+00:00,2.0000500679,2.00223994255,1.99994003773,2.00061011314,0
2025-02-04 02:00:00+00:00,2.00062990189,2.00136995316,1.99951994419,2.00026988983,0
2025-02-04 03:00:00+00:00,2.00020003319,2.00177001953,1.99977004528,2.00136995316,0
2025-02-04 04:00:00+00:00,2.00136995316,2.00310993195,2.00098991394,2.0029900074,0
2025-02-04 05:00:00+00:00,2.00291991234,2.00675010681,2.00247001648,2.00435996056,0
2025-02-04 06:00:00+00:00,2.00434994698,2.00446009636,2.00161004066,2.00164008141,0
2025-02-04 07:00:00+00:00,2.00165009499,2.00243997574,1.99995994568,2.00023007393,0
2025-02-04 08:00:00+00:00,2.00013995171,2.00312995911,1.99954998493,2.00231003761,0
2025-02-04 09:00:00+00:00,2.00224995613,2.00353002548,2.00114989281,2.00152993202,0
2025-02-04 10:00:00+00:00,2.0015399456,2.00201010704,1.99904000759,1.99916005135,0
2025-02-04 11:00:00+00:00,1.9992300272,1.99978005886,1.99760997295,1.99848997593,0
2025-02-04 12:00:00+00:00,1.99848997593,1.99863004684,1.99680995941,1.99854004383,0
2025-02-04 13:00:00+00:00,1.99855005741,1.99984002113,1.9980700016,1.99919998646,0
2025-02-04 14:00:00+00:00,1.99907004833,2.0003900528,1.99747002125,1.99816000462,0
2025-02-04 15:00:00+00:00,1.99809002876,1.99855005741,1.99516999722,1.99661004543,0
2025-02-04 16:00:00+00:00,1.99659001827,1.9967700243,1.99396002293,1.99574995041,0
2025-02-04 17:00:00+00:00,1.99574005604,1.99773001671,1.9954199791,1.99644994736,0
2025-02-04 18:00:00+00:00,1.99632000923,1.99660003185,1.99479997158,1.99526000023,0
2025-02-04 19:00:00+00:00,1.99526000023,1.99539005756,1.99366998672,1.99382996559,0
2025-02-04 20:00:00+00:00,1.99377000332,1.9949400425,1.99368000031,1.99456000328,0
2025-02-04 21:00:00+00:00,1.99453997612,1.99573004246,1.99384999275,1.99545001984,0
2025-02-04 22:00:00+00:00,1.99398994446,1.99658000469,1.99307000637,1.99504995346,0
2025-02-04 23:00:00+00:00,1.99527001381,1.9961899519,1.99462997913,1.99606001377,0
2025-02-05 00:00:00+00:00,1.99612998962,1.99711000919,1.99450004101,1.99600994587,0
2025-02-05 01:00:00+00:00,1.99609994888,1.99770998955,1.99439001083,1.99729001522,0
2025-02-05 02:00:00+00:00,1.99748003483,1.99837994576,1.99510002136,1.99572002888,0
2025-02-05 03:00:00+00:00,1.99583005905,1.99585998058,1.99419999123,1.99568998814,0
2025-02-05 04:00:00+00:00,1.9957100153,1.99670994282,1.99530994892,1.99575996399,0
2025-02-05 05:00:00+00:00,1.99598002434,1.99603998661,1.99381005764,1.99388003349,0
2025-02-05 06:00:00+00:00,1.99381005764,1.99514997005,1.99346005917,1.99453997612,0
2025-02-05 07:00:00+00:00,1.9945499897,1.99523997307,1.99255001545,1.99379003048,0
2025-02-05 08:00:00+00:00,1.99379003048,1.99433994293,1.99062001705,1.99127995968,0
2025-02-05 09:00:00+00:00,1.99129998684,1.99437999725,1.99082994461,1.99356997013,0
2025-02-05 10:00:00+00:00,1.99345004559,1.99572002888,1.99235999584,1.99463999271,0
2025-02-05 11:00:00+00:00,1.99462997913,1.99623000622,1.99445998669,1.9948400259,0
2025-02-05 12:00:00+00:00,1.99481999874,1.99556005001,1.99393999577,1.99522995949,0
2025-02-05 13:00:00+00:00,1.99535000324,1.9959000349,1.99302995205,1.99347996712,0
2025-02-05 14:00:00+00:00,1.99346005917,1.99468004704,1.99032998085,1.99223005772,0
2025-02-05 15:00:00+00:00,1.99151003361,1.99207997322,1.98784005642,1.98872005939,0
2025-02-05 16:00:00+00:00,1.98881995678,1.99003994465,1.98736000061,1.98804998398,0
2025-02-05 17:00:00+00:00,1.98807001114,1.98903000355,1.98731994629,1.98784995079,0
2025-02-05 18:00:00+00:00,1.98793005943,1.98942995071,1.98766994476,1.98936998844,0
2025-02-05 19:00:00+00:00,1.98922002316,1.9900200367,1.98901998997,1.98952996731,0
2025-02-05 20:00:00+00:00,1.98936998844,1.98969995975,1.98829996586,1.98854994774,0
2025-02-05 21:00:00+00:00,1.98857998848,1.98950004578,1.98829996586,1.98894000053,0
2025-02-05 22:00:00+00:00,1.98917996883,1.99033999443,1.98767995834,1.98997998238,0
2025-02-05 23:00:00+00:00,1.98997998238,1.99017000198,1.98871004581,1.98943996429,0
2025-02-06 00:00:00+00:00,1.98930001259,1.99057996273,1.98866999149,1.99041998386,0
2025-02-06 01:00:00+00:00,1.99047994614,1.99124002457,1.98974001408,1.99004995823,0
2025-02-06 02:00:00+00:00,1.99004995823,1.99226999283,1.99004995823,1.99138998985,0
2025-02-06 03:00:00+00:00,1.99137997627,1.99483001232,1.99103999138,1.99433994293,0
2025-02-06 04:00:00+00:00,1.99442994595,1.99456000328,1.99305999279,1.99404001236,0
2025-02-06 05:00:00+00:00,1.99410998821,1.99435997009,1.99221003056,1.99328994751,0
2025-02-06 06:00:00+00:00,1.99326002598,1.99340999126,1.99118995667,1.99171996117,0
2025-02-06 07:00:00+00:00,1.99191999435,1.99224996567,1.98993003368,1.99144005775,0
2025-02-06 08:00:00+00:00,1.99153995514,1.99186003208,1.98807001114,1.98843002319,0
2025-02-06 09:00:00+00:00,1.9883300066,1.98924994469,1.98361003399,1.98438000679,0
2025-02-06 10:00:00+00:00,1.98420000076,1.98468005657,1.98090004921,1.98222994804,0
2025-02-06 11:00:00+00:00,1.98213994503,1.98373997211,1.9811899662,1.98263001442,0
2025-02-06 12:00:00+00:00,1.98275005817,1.98374998569,1.97295999527,1.97476994991,0
2025-02-06 13:00:00+00:00,1.97465002537,1.97904002666,1.97465002537,1.97672998905,0
2025-02-06 14:00:00+00:00,1.9769500494,1.98028004169,1.97650003433,1.97880005836,0
2025-02-06 15:00:00+00:00,1.97892999649,1.98087000847,1.9766099453,1.97674000263,0
2025-02-06 16:00:00+00:00,1.97671997547,1.98080003262,1.97667002678,1.98052000999,0
2025-02-06 17:00:00+00:00,1.98045003414,1.98074996471,1.97888994217,1.97932994366,0
2025-02-06 18:00:00+00:00,1.97943997383,1.98101997375,1.97927999496,1.98062002659,0
2025-02-06 19:00:00+00:00,1.98073005676,1.98114001751,1.97952997684,1.98002004623,0
2025-02-06 20:00:00+00:00,1.9799400568,1.98047995567,1.9788800478,1.97916996479,0
2025-02-06 21:00:00+00:00,1.97907996178,1.97942996025,1.97756004333,1.97803997993,0
2025-02-06 22:00:00+00:00,1.97828996181,1.98238003254,1.97659003735,1.97851002216,0
2025-02-06 23:00:00+00:00,1.97880005836,1.97996997833,1.97803997993,1.97943997383,0
2025-02-07 00:00:00+00:00,1.97943997383,1.97976005077,1.97695994377,1.9771900177,0
2025-02-07 01:00:00+00:00,1.97712004185,1.97764003277,1.97590994835,1.976369977,0
2025-02-07 02:00:00+00:00,1.976369977,1.97702002525,1.97486996651,1.97684001923,0
2025-02-07 03:00:00+00:00,1.97688996792,1.97730004787,1.97591996193,1.97662997246,0
2025-02-07 04:00:00+00:00,1.97658002377,1.97830998898,1.97623002529,1.97768998146,0
2025-02-07 05:00:00+00:00,1.97783005238,1.97817003727,1.97672998905,1.97783005238,0
2025-02-07 06:00:00+00:00,1.97793996334,1.9785900116,1.97732996941,1.97759997845,0
2025-02-07 07:00:00+00:00,1.97755002975,1.97933995724,1.97685003281,1.97881996632,0
2025-02-07 08:00:00+00:00,1.97873997688,1.98046004772,1.97785997391,1.97975003719,0
2025-02-07 09:00:00+00:00,1.97969996929,1.98020994663,1.97899997234,1.97949004173,0
2025-02-07 10:00:00+00:00,1.97948002815,1.98169004917,1.97891998291,1.98072004318,0
2025-02-07 11:00:00+00:00,1.98074996471,1.98238003254,1.98055994511,1.98213994503,0
2025-02-07 12:00:00+00:00,1.98227000237,1.98278999329,1.98099994659,1.98193001747,0
2025-02-07 13:00:00+00:00,1.98187994957,1.98345005512,1.97746002674,1.98017001152,0
2025-02-07 14:00:00+00:00,1.98029005527,1.98131000996,1.97874999046,1.97978997231,0
2025-02-07 15:00:00+00:00,1.97955000401,1.98138999939,1.97725999355,1.9795999527,0
2025-02-07 16:00:00+00:00,1.9795999527,1.98080003262,1.97843003273,1.97909998894,0
2025-02-07 17:00:00+00:00,1.97906005383,1.97990000248,1.97681999207,1.97852003574,0
2025-02-07 18:00:00+00:00,1.97852003574,1.97894001007,1.97745001316,1.97853004932,0
2025-02-07 19:00:00+00:00,1.97834002972,1.97898995876,1.97778999805,1.97885000706,0
2025-02-07 20:00:00+00:00,1.97877001762,1.97909998894,1.97797000408,1.97853004932,0
2025-02-07 21:00:00+00:00,1.97853004932,1.97904002666,1.975020051,1.97693002224,0
2025-02-07 22:00:00+00:00,1.97693002224,1.97736001015,1.97693002224,1.97736001015,0
2025-02-10 00:00:00+00:00,1.97962999344,1.97982001305,1.97755002975,1.97780001163,0
2025-02-10 01:00:00+00:00,1.97792994976,1.98021996021,1.97698998451,1.97971999645,0
2025-02-10 02:00:00+00:00,1.97971999645,1.98017001152,1.97850000858,1.97864997387,0
2025-02-10 03:00:00+00:00,1.97870004177,1.9787299633,1.97731995583,1.97762000561,0
2025-02-10 04:00:00+00:00,1.97765004635,1.97768998146,1.97651004791,1.97680997849,0
2025-02-10 05:00:00+00:00,1.97684001923,1.97746002674,1.97645998001,1.97714996338,0
2025-02-10 06:00:00+00:00,1.97709000111,1.97775995731,1.97623002529,1.97664999962,0
2025-02-10 07:00:00+00:00,1.9766099453,1.97804999352,1.97640001774,1.97723996639,0
2025-02-10 08:00:00+00:00,1.97723996639,1.97808003426,1.97529995441,1.97627997398,0
2025-02-10 09:00:00+00:00,1.97630000114,1.97732996941,1.97569000721,1.97607004642,0
2025-02-10 10:00:00+00:00,1.9760799408,1.97660005093,1.97518002987,1.97645998001,0
2025-02-10 11:00:00+00:00,1.97645998001,1.97698998451,1.97513997555,1.97681999207,0
2025-02-10 12:00:00+00:00,1.97678995132,1.9768999815,1.97411000729,1.97505998611,0
2025-02-10 13:00:00+00:00,1.97500002384,1.97535002232,1.97178995609,1.97214996815,0
2025-02-10 14:00:00+00:00,1.97219002247,1.97230994701,1.96965003014,1.97072005272,0
2025-02-10 15:00:00+00:00,1.97082996368,1.97215998173,1.96940004826,1.97148001194,0
2025-02-10 16:00:00+00:00,1.97149002552,1.97301995754,1.97084999084,1.97212994099,0
2025-02-10 17:00:00+00:00,1.97200000286,1.97262001038,1.97159004211,1.97242999077,0
2025-02-10 18:00:00+00:00,1.97244000435,1.97248005867,1.96975004673,1.9700499773,0
2025-02-10 19:00:00+00:00,1.96998000145,1.97053003311,1.96879005432,1.96916997433,0
2025-02-10 20:00:00+00:00,1.96919000149,1.96976995468,1.96893000603,1.96949005127,0
2025-02-10 21:00:00+00:00,1.96944999695,1.96999001503,1.9684599638,1.96939003468,0
2025-02-10 22:00:00+00:00,1.96907997131,1.97188997269,1.96604001522,1.96917998791,0
2025-02-10 23:00:00+00:00,1.96897995472,1.97215998173,1.96790003777,1.97124004364,0
2025-02-11 00:00:00+00:00,1.97089004517,1.97183001041,1.96949994564,1.97039997578,0
2025-02-11 01:00:00+00:00,1.97048997879,1.97101998329,1.96964001656,1.97037005424,0
2025-02-11 02:00:00+00:00,1.97035002708,1.97205996513,1.96960997581,1.97135996819,0
2025-02-11 03:00:00+00:00,1.97137999535,1.97210001945,1.97036004066,1.97053003311,0
2025-02-11 04:00:00+00:00,1.9704400301,1.97054004669,1.96941995621,1.97003996372,0
2025-02-11 05:00:00+00:00,1.97005999088,1.97045004368,1.96912002563,1.96959996223,0
2025-02-11 06:00:00+00:00,1.96963000298,1.96984994411,1.96782004833,1.96799004078,0
2025-02-11 07:00:00+00:00,1.96791994572,1.96850001812,1.9647500515,1.96490001678,0
2025-02-11 08:00:00+00:00,1.96492004395,1.96712005138,1.96371996403,1.96707999706,0
2025-02-11 09:00:00+00:00,1.96710002422,1.97039997578,1.96683001518,1.96984004974,0
2025-02-11 10:00:00+00:00,1.96983003616,1.97157001495,1.96800005436,1.97108995914,0
2025-02-11 11:00:00+00:00,1.97125995159,1.97170996666,1.97017002106,1.97102999687,0
2025-02-11 12:00:00+00:00,1.97098004818,1.97181999683,1.96858000755,1.97082996368,0
2025-02-11 13:00:00+00:00,1.97082996368,1.97484004498,1.97046995163,1.97453999519,0
2025-02-11 14:00:00+00:00,1.97441995144,1.97485995293,1.97198998928,1.97391998768,0
2025-02-11 15:00:00+00:00,1.97397994995,1.97538995743,1.97241997719,1.97267997265,0
2025-02-11 16:00:00+00:00,1.97269999981,1.97391998768,1.97242999077,1.97379004955,0
2025-02-11 17:00:00+00:00,1.97378003597,1.97482001781,1.97332000732,1.97453999519,0
2025-02-11 18:00:00+00:00,1.97464001179,1.97584998608,1.97429001331,1.9756000042,0
2025-02-11 19:00:00+00:00,1.97555994987,1.97639000416,1.97537004948,1.97634005547,0
2025-02-11 20:00:00+00:00,1.97619998455,1.97669994831,1.97566998005,1.97618997097,0
2025-02-11 21:00:00+00:00,1.97616004944,1.97773003578,1.9758900404,1.97674000263,0
2025-02-11 22:00:00+00:00,1.97671997547,1.97798001766,1.97327005863,1.97688996792,0
2025-02-11 23:00:00+00:00,1.97692000866,1.97820997238,1.97653996944,1.97707998753,0
2025-02-12 00:00:00+00:00,1.97724997997,1.97773003578,1.97604000568,1.97715997696,0
2025-02-12 01:00:00+00:00,1.97722005844,1.97807002068,1.97552001476,1.97587001324,0
2025-02-12 02:00:00+00:00,1.97587001324,1.97609996796,1.97415995598,1.97448003292,0
2025-02-12 03:00:00+00:00,1.97465002537,1.97694003582,1.9744399786,1.97640001774,0
2025-02-12 04:00:00+00:00,1.97634005547,1.9781999588,1.97556996346,1.97792994976,0
2025-02-12 05:00:00+00:00,1.97791004181,1.97869002819,1.97745001316,1.97783005238,0
2025-02-12 06:00:00+00:00,1.97768998146,1.97867000103,1.97704005241,1.97816002369,0
2025-02-12 07:00:00+00:00,1.97812998295,1.98111999035,1.97765004635,1.98081994057,0
2025-02-12 08:00:00+00:00,1.98084998131,1.9823499918,1.97967994213,1.98090994358,0
2025-02-12 09:00:00+00:00,1.98088002205,1.98265004158,1.98030996323,1.98246002197,0
2025-02-12 10:00:00+00:00,1.98241996765,1.98320996761,1.98140001297,1.98187994957,0
2025-02-12 11:00:00+00:00,1.98183000088,1.98410999775,1.98163998127,1.983700037,0
2025-02-12 12:00:00+00:00,1.98388004303,1.98444998264,1.9828799963,1.98309004307,0
2025-02-12 13:00:00+00:00,1.98304998875,1.98460996151,1.97897005081,1.98415005207,0
2025-02-12 14:00:00+00:00,1.98415005207,1.98547005653,1.98141002655,1.98219001293,0
2025-02-12 15:00:00+00:00,1.98210000992,1.98416996002,1.98089003563,1.981580019,0
2025-02-12 16:00:00+00:00,1.981580019,1.9818700552,1.97923994064,1.97997999191,0
2025-02-12 17:00:00+00:00,1.98010003567,1.98104000092,1.97855997086,1.97955000401,0
2025-02-12 18:00:00+00:00,1.97939002514,1.98030996323,1.97880005836,1.97966003418,0
2025-02-12 19:00:00+00:00,1.97960996628,1.98030996323,1.9788800478,1.97977995872,0
2025-02-12 20:00:00+00:00,1.97994995117,1.98072004318,1.97943997383,1.98015999794,0
2025-02-12 21:00:00+00:00,1.98029994965,1.98240995407,1.98015999794,1.98240995407,0
2025-02-12 22:00:00+00:00,1.97797000408,1.98278999329,1.97797000408,1.98161995411,0
2025-02-12 23:00:00+00:00,1.98170995712,1.98217999935,1.98046004772,1.98173999786,0
2025-02-13 00:00:00+00:00,1.98187994957,1.98263001442,1.98114001751,1.9817700386,0
2025-02-13 01:00:00+00:00,1.98169004917,1.9836499691,1.98160994053,1.98273003101,0
2025-02-13 02:00:00+00:00,1.98274004459,1.98538994789,1.98243999481,1.9851000309,0
2025-02-13 03:00:00+00:00,1.98512995243,1.98553001881,1.98291003704,1.98371005058,0
2025-02-13 04:00:00+00:00,1.9836499691,1.98420000076,1.98274004459,1.98398995399,0
2025-02-13 05:00:00+00:00,1.98406004906,1.9849499464,1.98318004608,1.98372995853,0
2025-02-13 06:00:00+00:00,1.983700037,1.98636996746,1.98361003399,1.98584997654,0
2025-02-13 07:00:00+00:00,1.98573005199,1.99171996117,1.98373997211,1.99073004723,0
2025-02-13 08:00:00+00:00,1.99062001705,1.9916100502,1.98954999447,1.98993003368,0
2025-02-13 09:00:00+00:00,1.98991000652,1.99404001236,1.98977005482,1.99292004108,0
2025-02-13 10:00:00+00:00,1.99290001392,1.99409997463,1.99190998077,1.99310004711,0
2025-02-13 11:00:00+00:00,1.99327003956,1.99451994896,1.9896299839,1.99173998833,0
2025-02-13 12:00:00+00:00,1.99160003662,1.99237000942,1.990260005,1.99123001099,0
2025-02-13 13:00:00+00:00,1.99134004116,1.99169003963,1.98748004436,1.99098002911,0
2025-02-13 14:00:00+00:00,1.99098002911,1.99287998676,1.98984003067,1.99067997932,0
2025-02-13 15:00:00+00:00,1.99054002762,1.99100995064,1.98748004436,1.98854005337,0
2025-02-13 16:00:00+00:00,1.98840999603,1.99142003059,1.9880900383,1.99091005325,0
2025-02-13 17:00:00+00:00,1.99091005325,1.99231994152,1.99042999744,1.99109995365,0
2025-02-13 18:00:00+00:00,1.99099004269,1.99258995056,1.98847997189,1.98914003372,0
2025-02-13 19:00:00+00:00,1.9890999794,1.98968994617,1.98787999153,1.98910999298,0
2025-02-13 20:00:00+00:00,1.98917996883,1.98927998543,1.98719000816,1.9874099493,0
2025-02-13 21:00:00+00:00,1.98740005493,1.98905003071,1.98711001873,1.98818004131,0
2025-02-13 22:00:00+00:00,1.98868000507,1.99001002312,1.98582005501,1.98879003525,0
2025-02-13 23:00:00+00:00,1.98898994923,1.98988997936,1.98813998699,1.98889994621,0
2025-02-14 00:00:00+00:00,1.98896002769,1.98995995522,1.98836994171,1.98936998844,0
2025-02-14 01:00:00+00:00,1.98928999901,1.98936998844,1.98660004139,1.98723995686,0
2025-02-14 02:00:00+00:00,1.98719000816,1.98784995079,1.98509001732,1.98552000523,0
2025-02-14 03:00:00+00:00,1.98548996449,1.98661994934,1.98529005051,1.9861600399,0
2025-02-14 04:00:00+00:00,1.98599994183,1.98721003532,1.98589003086,1.98629999161,0
2025-02-14 05:00:00+00:00,1.98638999462,1.98749005795,1.98584997654,1.98652994633,0
2025-02-14 06:00:00+00:00,1.98653995991,1.98710000515,1.98579001427,1.98680996895,0
2025-02-14 07:00:00+00:00,1.98678004742,1.98728001118,1.98495995998,1.9851000309,0
2025-02-14 08:00:00+00:00,1.98496997356,1.98755002022,1.9842799902,1.98680996895,0
2025-02-14 09:00:00+00:00,1.98696994781,1.98713004589,1.98412001133,1.985049963,0
2025-02-14 10:00:00+00:00,1.98491001129,1.98600995541,1.98448002338,1.98582994938,0
2025-02-14 11:00:00+00:00,1.98583996296,1.98651003838,1.98438000679,1.98456001282,0
2025-02-14 12:00:00+00:00,1.98450005054,1.98524999619,1.98301994801,1.98380994797,0
2025-02-14 13:00:00+00:00,1.98385000229,1.98536002636,1.98225998878,1.98354995251,0
2025-02-14 14:00:00+00:00,1.98350000381,1.98471999168,1.98237001896,1.98353004456,0
2025-02-14 15:00:00+00:00,1.98346996307,1.9844199419,1.98214995861,1.9831199646,0
2025-02-14 16:00:00+00:00,1.98303997517,1.98350000381,1.98168003559,1.98267996311,0
2025-02-14 17:00:00+00:00,1.98266994953,1.98395001888,1.98237001896,1.98275995255,0
2025-02-14 18:00:00+00:00,1.98262000084,1.98296999931,1.9814800024,1.98225998878,0
2025-02-14 19:00:00+00:00,1.98233997822,1.98255002499,1.98053002357,1.98075997829,0
2025-02-14 20:00:00+00:00,1.98061001301,1.98133003712,1.97962999344,1.98009002209,0
2025-02-14 21:00:00+00:00,1.98004996777,1.98144996166,1.9793599844,1.98053002357,0
2025-02-14 22:00:00+00:00,1.98144996166,1.98144996166,1.98144996166,1.98144996166,0
2025-02-17 00:00:00+00:00,1.9796500206,1.98006999493,1.97856998444,1.97999000549,0
2025-02-17 01:00:00+00:00,1.97976994514,1.98036003113,1.97669994831,1.97827005386,0
2025-02-17 02:00:00+00:00,1.97830998898,1.98043000698,1.97818005085,1.9790699482,0
2025-02-17 03:00:00+00:00,1.97920000553,1.97932994366,1.97763001919,1.97809994221,0
2025-02-17 04:00:00+00:00,1.97810995579,1.9787800312,1.97758996487,1.97810995579,0
2025-02-17 05:00:00+00:00,1.97808003426,1.97812998295,1.97563004494,1.97688996792,0
2025-02-17 06:00:00+00:00,1.97684001923,1.97812998295,1.9761300087,1.97785997391,0
2025-02-17 07:00:00+00:00,1.97792994976,1.97976994514,1.97675001621,1.97953999043,0
2025-02-17 08:00:00+00:00,1.97948002815,1.98048996925,1.97880005836,1.97975003719,0
2025-02-17 09:00:00+00:00,1.97982001305,1.9801299572,1.97693002224,1.97745001316,0
2025-02-17 10:00:00+00:00,1.97751998901,1.98000001907,1.97724997997,1.97969996929,0
2025-02-17 11:00:00+00:00,1.97970998287,1.98062002659,1.97853004932,1.97947001457,0
2025-02-17 12:00:00+00:00,1.97933995724,1.98088002205,1.97877001762,1.97916996479,0
2025-02-17 13:00:00+00:00,1.97916996479,1.97980999947,1.9777200222,1.97827994823,0
2025-02-17 14:00:00+00:00,1.97817003727,1.97873997688,1.97723996639,1.97815001011,0
2025-02-17 15:00:00+00:00,1.97827005386,1.98070001602,1.97784996033,1.98045003414,0
2025-02-17 16:00:00+00:00,1.98046994209,1.98129999638,1.97985994816,1.98114001751,0
2025-02-17 17:00:00+00:00,1.98111999035,1.98381996155,1.98085999489,1.98310005665,0
2025-02-17 18:00:00+00:00,1.98308002949,1.98545002937,1.98251998425,1.98528003693,0
2025-02-17 19:00:00+00:00,1.9852399826,1.98819994926,1.98512005806,1.98561000824,0
2025-02-17 20:00:00+00:00,1.98559999466,1.98594999313,1.98475003242,1.9849499464,0
2025-02-17 21:00:00+00:00,1.985049963,1.98642003536,1.98385000229,1.98564994335,0
2025-02-17 22:00:00+00:00,1.98570001125,1.98765003681,1.98312997818,1.98644995689,0
2025-02-17 23:00:00+00:00,1.98646998405,1.98690998554,1.98548996449,1.98559999466,0
2025-02-18 00:00:00+00:00,1.98573005199,1.98705995083,1.98539996147,1.98643004894,0
2025-02-18 01:00:00+00:00,1.98644995689,1.98883998394,1.98618996143,1.98807001114,0
2025-02-18 02:00:00+00:00,1.98802995682,1.98810005188,1.98511004448,1.98627996445,0
2025-02-18 03:00:00+00:00,1.98636996746,1.98969995975,1.98015999794,1.98462998867,0
2025-02-18 04:00:00+00:00,1.98462998867,1.98696005344,1.98015999794,1.98268997669,0
2025-02-18 05:00:00+00:00,1.98276996613,1.98326003551,1.98055994511,1.98180997372,0
2025-02-18 06:00:00+00:00,1.98183000088,1.9834100008,1.98083996773,1.98132002354,0
2025-02-18 07:00:00+00:00,1.98206996918,1.98513996601,1.98145997524,1.9849499464,0
2025-02-18 08:00:00+00:00,1.98492002487,1.9855799675,1.98320996761,1.98400998116,0
2025-02-18 09:00:00+00:00,1.98391997814,1.98452997208,1.98166000843,1.98198997974,0
2025-02-18 10:00:00+00:00,1.98185002804,1.98239004612,1.97947001457,1.98161995411,0
2025-02-18 11:00:00+00:00,1.98173999786,1.98336005211,1.98119997978,1.98193001747,0
2025-02-18 12:00:00+00:00,1.98195004463,1.98375999928,1.98113000393,1.98355996609,0
2025-02-18 13:00:00+00:00,1.98354995251,1.98556005955,1.9824899435,1.98517000675,0
2025-02-18 14:00:00+00:00,1.98517000675,1.98632001877,1.98450005054,1.98570001125,0
2025-02-18 15:00:00+00:00,1.98583996296,1.98635005951,1.9843300581,1.98582005501,0
2025-02-18 16:00:00+00:00,1.98597002029,1.98645997047,1.98473000526,1.98540997505,0
2025-02-18 17:00:00+00:00,1.98541998863,1.98635995388,1.9847099781,1.98548996449,0
2025-02-18 18:00:00+00:00,1.98545002937,1.98555004597,1.98421001434,1.98519003391,0
2025-02-18 19:00:00+00:00,1.98515999317,1.98532998562,1.98365998268,1.98414003849,0
2025-02-18 20:00:00+00:00,1.98409998417,1.98491001129,1.98352003098,1.98460996151,0
2025-02-18 21:00:00+00:00,1.98460996151,1.98593997955,1.98406004906,1.98494005203,0
2025-02-18 22:00:00+00:00,1.98408997059,1.98889994621,1.98362004757,1.98835003376,0
2025-02-18 23:00:00+00:00,1.98802995682,1.98848998547,1.9866900444,1.98725998402,0
2025-02-19 00:00:00+00:00,1.9872699976,1.98819005489,1.98659002781,1.9878000021,0
2025-02-19 01:00:00+00:00,1.98728001118,1.98811995983,1.98568999767,1.98606002331,0
2025-02-19 02:00:00+00:00,1.98593997955,1.98715996742,1.9817700386,1.982640028,0
2025-02-19 03:00:00+00:00,1.98268997669,1.98350000381,1.98155999184,1.98280000687,0
2025-02-19 04:00:00+00:00,1.98282003403,1.9836499691,1.98239994049,1.98256003857,0
2025-02-19 05:00:00+00:00,1.98245000839,1.98286998272,1.98162996769,1.982640028,0
2025-02-19 06:00:00+00:00,1.98265004158,1.98281002045,1.98120999336,1.98175001144,0
2025-02-19 07:00:00+00:00,1.98180997372,1.9849499464,1.98078000546,1.98292994499,0
2025-02-19 08:00:00+00:00,1.98285996914,1.98476004601,1.98185002804,1.9831199646,0
2025-02-19 09:00:00+00:00,1.98310995102,1.98397004604,1.98188996315,1.98246002197,0
2025-02-19 10:00:00+00:00,1.98254001141,1.98304998875,1.98081994057,1.98215997219,0
2025-02-19 11:00:00+00:00,1.98206996918,1.98390996456,1.98152005672,1.98230004311,0
2025-02-19 12:00:00+00:00,1.98225998878,1.98237001896,1.98120999336,1.98169994354,0
2025-02-19 13:00:00+00:00,1.98168003559,1.9831700325,1.98151004314,1.98260998726,0
2025-02-19 14:00:00+00:00,1.98263001442,1.98368000984,1.9820599556,1.98345005512,0
2025-02-19 15:00:00+00:00,1.98334002495,1.98400998116,1.97957003117,1.98271000385,0
2025-02-19 16:00:00+00:00,1.98274004459,1.98327994347,1.98179996014,1.98294997215,0
2025-02-19 17:00:00+00:00,1.9828799963,1.98319995403,1.98161995411,1.98249995708,0
2025-02-19 18:00:00+00:00,1.98263001442,1.98300004005,1.98169994354,1.98217999935,0
2025-02-19 19:00:00+00:00,1.98202002048,1.98260998726,1.98132002354,1.98210000992,0
2025-02-19 20:00:00+00:00,1.98222005367,1.98289000988,1.98192000389,1.98280000687,0
2025-02-19 21:00:00+00:00,1.98278999329,1.98363995552,1.98204004765,1.98245000839,0
2025-02-19 22:00:00+00:00,1.98310995102,1.98397994041,1.97930002213,1.98221004009,0
2025-02-19 23:00:00+00:00,1.98220002651,1.98468995094,1.9821100235,1.98441004753,0
2025-02-20 00:00:00+00:00,1.9843300581,1.98646998405,1.98092997074,1.98230004311,0
2025-02-20 01:00:00+00:00,1.98238003254,1.98810994625,1.98125994205,1.98661005497,0
2025-02-20 02:00:00+00:00,1.98659002781,1.98722994328,1.98196005821,1.98222005367,0
2025-02-20 03:00:00+00:00,1.98229002953,1.98405003548,1.97952997684,1.98013997078,0
2025-02-20 04:00:00+00:00,1.98019003868,1.98050999641,1.97792994976,1.97950005531,0
2025-02-20 05:00:00+00:00,1.97952997684,1.97973001003,1.97855997086,1.97924995422,0
2025-02-20 06:00:00+00:00,1.9792599678,1.97955000401,1.97731995583,1.97818994522,0
2025-02-20 07:00:00+00:00,1.97821998596,1.9799400568,1.97781002522,1.97863996029,0
2025-02-20 08:00:00+00:00,1.97874999046,1.97926998138,1.97644996643,1.97794997692,0
2025-02-20 09:00:00+00:00,1.97794997692,1.97855997086,1.97706997395,1.9782999754,0
2025-02-20 10:00:00+00:00,1.97828996181,1.97881996632,1.97698998451,1.9779599905,0
2025-02-20 11:00:00+00:00,1.97800004482,1.97916996479,1.97659003735,1.97914004326,0
2025-02-20 12:00:00+00:00,1.9791200161,1.97957003117,1.97730004787,1.97748994827,0
2025-02-20 13:00:00+00:00,1.97756004333,1.97862994671,1.97607004642,1.97827994823,0
2025-02-20 14:00:00+00:00,1.97827994823,1.9787299633,1.97441995144,1.97617995739,0
2025-02-20 15:00:00+00:00,1.97597002983,1.97730994225,1.9752099514,1.97653996944,0
2025-02-20 16:00:00+00:00,1.9766099453,1.97776997089,1.97596001625,1.97750997543,0
2025-02-20 17:00:00+00:00,1.97746002674,1.97816002369,1.97653996944,1.97789001465,0
2025-02-20 18:00:00+00:00,1.97791004181,1.97820997238,1.97702002525,1.97730994225,0
2025-02-20 19:00:00+00:00,1.97730004787,1.9787299633,1.9771900177,1.97861003876,0
2025-02-20 20:00:00+00:00,1.97864997387,1.97896003723,1.97830998898,1.9785900116,0
2025-02-20 21:00:00+00:00,1.97856998444,1.97938001156,1.97811996937,1.97899997234,0
2025-02-20 22:00:00+00:00,1.9787299633,1.98143994808,1.97741997242,1.97861003876,0
2025-02-20 23:00:00+00:00,1.9787800312,1.97964000702,1.97696995735,1.97906005383,0
2025-02-21 00:00:00+00:00,1.97869002819,1.97918999195,1.97807002068,1.97838997841,0
2025-02-21 01:00:00+00:00,1.97847998142,1.98011004925,1.97811996937,1.97979998589,0
2025-02-21 02:00:00+00:00,1.97979998589,1.97983002663,1.97737002373,1.97864997387,0
2025-02-21 03:00:00+00:00,1.97861003876,1.97957003117,1.97802996635,1.97914004326,0
2025-02-21 04:00:00+00:00,1.97909998894,1.98002994061,1.97844004631,1.97987997532,0
2025-02-21 05:00:00+00:00,1.9798899889,1.98178994656,1.97891998291,1.98152005672,0
2025-02-21 06:00:00+00:00,1.9815299511,1.98283004761,1.98048996925,1.98260998726,0
2025-02-21 07:00:00+00:00,1.98208999634,1.98418998718,1.98195004463,1.98252999783,0
2025-02-21 08:00:00+00:00,1.98246002197,1.98299002647,1.98064994812,1.98280000687,0
2025-02-21 09:00:00+00:00,1.98281002045,1.98302996159,1.97990000248,1.98079001904,0
2025-02-21 10:00:00+00:00,1.98073995113,1.9811899662,1.97952997684,1.98030996323,0
2025-02-21 11:00:00+00:00,1.98029994965,1.98049998283,1.97887003422,1.97950005531,0
2025-02-21 12:00:00+00:00,1.97959005833,1.98031997681,1.97843003273,1.9798899889,0
2025-02-21 13:00:00+00:00,1.97996997833,1.98216998577,1.97962999344,1.98070001602,0
2025-02-21 14:00:00+00:00,1.9807100296,1.98292994499,1.97990000248,1.98163998127,0
2025-02-21 15:00:00+00:00,1.98142004013,1.98350000381,1.98115003109,1.98239994049,0
2025-02-21 16:00:00+00:00,1.98251998425,1.98381996155,1.98217999935,1.98348999023,0
2025-02-21 17:00:00+00:00,1.98348999023,1.98473000526,1.982640028,1.9845199585,0
2025-02-21 18:00:00+00:00,1.9845199585,1.98661994934,1.98416996002,1.98652994633,0
2025-02-21 19:00:00+00:00,1.98652005196,1.98821997643,1.98614001274,1.98790001869,0
2025-02-21 20:00:00+00:00,1.98778998852,1.98791003227,1.98636996746,1.9865000248,0
2025-02-21 21:00:00+00:00,1.9865000248,1.98751997948,1.98464000225,1.98690998554,0
2025-02-21 22:00:00+00:00,1.98757994175,1.98757994175,1.98757994175,1.98757994175,0
2025-02-24 00:00:00+00:00,1.9858700037,1.98811995983,1.98520994186,1.98801994324,0
2025-02-24 01:00:00+00:00,1.98790001869,1.9904500246,1.9878000021,1.99019002914,0
2025-02-24 02:00:00+00:00,1.99021995068,1.99089002609,1.98532998562,1.98591995239,0
2025-02-24 03:00:00+00:00,1.98584997654,1.98675000668,1.98450005054,1.98645997047,0
2025-02-24 04:00:00+00:00,1.98643994331,1.98725998402,1.98608005047,1.9865000248,0
2025-02-24 05:00:00+00:00,1.98666000366,1.98757994175,1.98596000671,1.98755002022,0
2025-02-24 06:00:00+00:00,1.98755002022,1.98794996738,1.98509001732,1.9853399992,0
2025-02-24 07:00:00+00:00,1.9852399826,1.98594999313,1.98415994644,1.98442995548,0
2025-02-24 08:00:00+00:00,1.9844700098,1.98696994781,1.98405003548,1.98562002182,0
2025-02-24 09:00:00+00:00,1.98545002937,1.98609995842,1.98322999477,1.98526000977,0
2025-02-24 10:00:00+00:00,1.98522996902,1.9862600565,1.9838000536,1.98612999916,0
2025-02-24 11:00:00+00:00,1.98611998558,1.98629999161,1.98430001736,1.98520004749,0
2025-02-24 12:00:00+00:00,1.98515999317,1.98591005802,1.98424994946,1.98430001736,0
2025-02-24 13:00:00+00:00,1.98435997963,1.98566997051,1.98338997364,1.98536002636,0
2025-02-24 14:00:00+00:00,1.98552000523,1.98861002922,1.98495995998,1.98792004585,0
2025-02-24 15:00:00+00:00,1.98787999153,1.98857998848,1.98589003086,1.98600995541,0
2025-02-24 16:00:00+00:00,1.98581004143,1.98749005795,1.98565995693,1.9874600172,0
2025-02-24 17:00:00+00:00,1.98745000362,1.9880900383,1.98670005798,1.98787999153,0
2025-02-24 18:00:00+00:00,1.98784995079,1.98813998699,1.98710000515,1.98747003078,0
2025-02-24 19:00:00+00:00,1.98731994629,1.98808002472,1.98688995838,1.98705995083,0
2025-02-24 20:00:00+00:00,1.9870300293,1.98907005787,1.98696005344,1.98873996735,0
2025-02-24 21:00:00+00:00,1.98872995377,1.98917996883,1.98689997196,1.98790001869,0
2025-02-24 22:00:00+00:00,1.98784005642,1.98994004726,1.98607003689,1.98945999146,0
2025-02-24 23:00:00+00:00,1.98930001259,1.99097001553,1.98828005791,1.99064004421,0
2025-02-25 00:00:00+00:00,1.99037003517,1.99109995365,1.9885699749,1.98993003368,0
2025-02-25 01:00:00+00:00,1.98982000351,1.99050998688,1.98906004429,1.98958003521,0
2025-02-25 02:00:00+00:00,1.98960995674,1.99014997482,1.98819005489,1.98844003677,0
2025-02-25 03:00:00+00:00,1.98846995831,1.98865997791,1.9874600172,1.98852002621,0
2025-02-25 04:00:00+00:00,1.98861002922,1.98965001106,1.98792004585,1.98952996731,0
2025-02-25 05:00:00+00:00,1.98948001862,1.98954999447,1.98813998699,1.98849999905,0
2025-02-25 06:00:00+00:00,1.98845994473,1.98942005634,1.9879399538,1.98894000053,0
2025-02-25 07:00:00+00:00,1.98889994621,1.99044001102,1.98859000206,1.99010002613,0
2025-02-25 08:00:00+00:00,1.99006998539,1.99173998833,1.98942995071,1.99082005024,0
2025-02-25 09:00:00+00:00,1.99084997177,1.99368000031,1.99066996574,1.99337005615,0
2025-02-25 10:00:00+00:00,1.99339997768,1.99577999115,1.99310004711,1.99570000172,0
2025-02-25 11:00:00+00:00,1.99573004246,1.99585998058,1.99274003506,1.99413001537,0
2025-02-25 12:00:00+00:00,1.99405002594,1.99558997154,1.99370002747,1.9953199625,0
2025-02-25 13:00:00+00:00,1.99532997608,1.99667000771,1.99410998821,1.99660003185,0
2025-02-25 14:00:00+00:00,1.99667000771,1.9981700182,1.99580001831,1.99787998199,0
2025-02-25 15:00:00+00:00,1.99785995483,2.00270009041,1.99759995937,1.99793994427,0
2025-02-25 16:00:00+00:00,1.99781000614,1.99925994873,1.9970099926,1.99768996239,0
2025-02-25 17:00:00+00:00,1.99769997597,1.9993699789,1.99737000465,1.99891996384,0
2025-02-25 18:00:00+00:00,1.99890005589,1.99899995327,1.99694001675,1.99732005596,0
2025-02-25 19:00:00+00:00,1.99726998806,1.99784994125,1.99662995338,1.99743998051,0
2025-02-25 20:00:00+00:00,1.99742996693,1.99775004387,1.99664998055,1.99756002426,0
2025-02-25 21:00:00+00:00,1.99744999409,1.99769997597,1.99539995193,1.99546003342,0
2025-02-25 22:00:00+00:00,1.99526000023,1.99743998051,1.99424004555,1.9949400425,0
2025-02-25 23:00:00+00:00,1.99503004551,1.99600994587,1.99432003498,1.99491000175,0
2025-02-26 00:00:00+00:00,1.99500000477,1.9983600378,1.99474000931,1.99829995632,0
2025-02-26 01:00:00+00:00,1.99829995632,2.00080990791,1.99794995785,1.99809002876,0
2025-02-26 02:00:00+00:00,1.99809002876,2.00091004372,1.9973000288,1.9988399744,0
2025-02-26 03:00:00+00:00,1.99887001514,1.99974000454,1.9979300499,1.9992300272,0
2025-02-26 04:00:00+00:00,1.99931001663,1.9997099638,1.99760997295,1.99787998199,0
2025-02-26 05:00:00+00:00,1.99788999557,1.99932003021,1.99726998806,1.99851000309,0
2025-02-26 06:00:00+00:00,1.99855995178,1.99915003777,1.99690997601,1.99809002876,0
2025-02-26 07:00:00+00:00,1.99811005592,1.99940001965,1.99635994434,1.99896001816,0
2025-02-26 08:00:00+00:00,1.99898004532,1.99988996983,1.99758005142,1.9984099865,0
2025-02-26 09:00:00+00:00,1.9984099865,2.00097990036,1.99820995331,2.00077009201,0
2025-02-26 10:00:00+00:00,2.00085997581,2.00147008896,1.99940001965,2.00144004822,0
2025-02-26 11:00:00+00:00,2.00147008896,2.00330996513,2.00131988525,2.00319004059,0
2025-02-26 12:00:00+00:00,2.00325989723,2.00510001183,2.00321006775,2.00464010239,0
2025-02-26 13:00:00+00:00,2.00457000732,2.00717997551,2.00418996811,2.00672006607,0
2025-02-26 14:00:00+00:00,2.00662994385,2.00937008858,2.00653004646,2.00824999809,0
2025-02-26 15:00:00+00:00,2.00831007957,2.01039004326,2.0064599514,2.00981998444,0
2025-02-26 16:00:00+00:00,2.00982999802,2.00982999802,2.00734996796,2.00780010223,0
2025-02-26 17:00:00+00:00,2.00780010223,2.00908994675,2.00640010834,2.00822997093,0
2025-02-26 18:00:00+00:00,2.00816988945,2.01101994514,2.00787997246,2.01041007042,0
2025-02-26 19:00:00+00:00,2.01046991348,2.01107001305,2.00949001312,2.01061010361,0
2025-02-26 20:00:00+00:00,2.01061010361,2.01224994659,2.010420084,2.01149010658,0
2025-02-26 21:00:00+00:00,2.01159000397,2.01233005524,2.00918006897,2.00951004028,0
2025-02-26 22:00:00+00:00,2.0089199543,2.01151990891,2.00682997704,2.00920009613,0
2025-02-26 23:00:00+00:00,2.00929999352,2.01001000404,2.00847005844,2.0095000267,0
2025-02-27 00:00:00+00:00,2.00974988937,2.01078009605,2.00909996033,2.01005005836,0
2025-02-27 01:00:00+00:00,2.0100300312,2.01059007645,2.0075199604,2.00797009468,0
2025-02-27 02:00:00+00:00,2.00798010826,2.0095000267,2.00691008568,2.0090200901,0
2025-02-27 03:00:00+00:00,2.00901007652,2.01157999039,2.00833010674,2.01108002663,0
2025-02-27 04:00:00+00:00,2.01114988327,2.01271009445,2.01075005531,2.01222991943,0
2025-02-27 05:00:00+00:00,2.01233005524,2.0129699707,2.01091003418,2.01114988327,0
2025-02-27 06:00:00+00:00,2.01117992401,2.01154994965,2.01046991348,2.01101994514,0
2025-02-27 07:00:00+00:00,2.01101994514,2.01189994812,2.00940990448,2.01121997833,0
2025-02-27 08:00:00+00:00,2.01124000549,2.01229000092,2.01047992706,2.01135993004,0
2025-02-27 09:00:00+00:00,2.01129007339,2.01232004166,2.0108499527,2.01162004471,0
2025-02-27 10:00:00+00:00,2.01167011261,2.01272010803,2.01080989838,2.01254010201,0
2025-02-27 11:00:00+00:00,2.01265001297,2.01342010498,2.0108499527,2.01167988777,0
2025-02-27 12:00:00+00:00,2.01153993607,2.01343011856,2.01076006889,2.01209998131,0
2025-02-27 13:00:00+00:00,2.01199007034,2.01606011391,2.01159000397,2.0154800415,0
2025-02-27 14:00:00+00:00,2.01563000679,2.01957011223,2.01483988762,2.01904988289,0
2025-02-27 15:00:00+00:00,2.01911997795,2.02065992355,2.01799988747,2.01845002174,0
2025-02-27 16:00:00+00:00,2.01854991913,2.01957011223,2.01769995689,2.0188999176,0
2025-02-27 17:00:00+00:00,2.01876997948,2.01954007149,2.01742005348,2.01898002625,0
2025-02-27 18:00:00+00:00,2.01890993118,2.01940989494,2.01827001572,2.01917004585,0
2025-02-27 19:00:00+00:00,2.01917004585,2.02017998695,2.01858997345,2.0194299221,0
2025-02-27 20:00:00+00:00,2.01941990852,2.02215003967,2.01933002472,2.02206993103,0
2025-02-27 21:00:00+00:00,2.02196002007,2.02211999893,2.01964998245,2.02005004883,0
2025-02-27 22:00:00+00:00,2.01904988289,2.02314996719,2.01856994629,2.0216999054,0
2025-02-27 23:00:00+00:00,2.02143001556,2.02198004723,2.02009010315,2.02142000198,0
2025-02-28 00:00:00+00:00,2.02115988731,2.02341008186,2.0204501152,2.0227599144,0
2025-02-28 01:00:00+00:00,2.02259993553,2.02480006218,2.02115011215,2.02423000336,0
2025-02-28 02:00:00+00:00,2.02423000336,2.02529001236,2.02324008942,2.02501010895,0
2025-02-28 03:00:00+00:00,2.02501988411,2.02640008926,2.0248401165,2.0258500576,0
2025-02-28 04:00:00+00:00,2.02582001686,2.02597999573,2.02471995354,2.02505993843,0
2025-02-28 05:00:00+00:00,2.02505993843,2.02542996407,2.02399992943,2.02529001236,0
2025-02-28 06:00:00+00:00,2.02527999878,2.02546000481,2.0237801075,2.0248401165,0
2025-02-28 07:00:00+00:00,2.02490997314,2.02676010132,2.02452993393,2.02607011795,0
2025-02-28 08:00:00+00:00,2.02604007721,2.02763009071,2.02565002441,2.02677989006,0
2025-02-28 09:00:00+00:00,2.02670001984,2.02775001526,2.02622008324,2.02662992477,0
2025-02-28 10:00:00+00:00,2.02661991119,2.02765989304,2.0257499218,2.02651000023,0
2025-02-28 11:00:00+00:00,2.02647995949,2.02709007263,2.02459001541,2.02537989616,0
2025-02-28 12:00:00+00:00,2.02538990974,2.02720999718,2.02449989319,2.02698993683,0
2025-02-28 13:00:00+00:00,2.02690005302,2.02868008614,2.02606010437,2.02833008766,0
2025-02-28 14:00:00+00:00,2.02823996544,2.03035998344,2.02758002281,2.02934002876,0
2025-02-28 15:00:00+00:00,2.02933001518,2.03087997437,2.02407002449,2.02471995354,0
2025-02-28 16:00:00+00:00,2.0247399807,2.02746009827,2.02466011047,2.02708005905,0
2025-02-28 17:00:00+00:00,2.02712011337,2.0291800499,2.0269100666,2.02866005898,0
2025-02-28 18:00:00+00:00,2.02865004539,2.02874994278,2.02671003342,2.02752995491,0
2025-02-28 19:00:00+00:00,2.02743005753,2.02864003181,2.02710008621,2.0281701088,0
2025-02-28 20:00:00+00:00,2.02830004692,2.02835988998,2.02663993835,2.02716994286,0
2025-02-28 21:00:00+00:00,2.02727007866,2.02770996094,2.02446007729,2.02599000931,0
2025-02-28 22:00:00+00:00,2.02595996857,2.02595996857,2.02595996857,2.02595996857,0
2025-03-03 00:00:00+00:00,2.02592992783,2.02709007263,2.02502989769,2.02641010284,0
2025-03-03 01:00:00+00:00,2.02636003494,2.02640008926,2.02398991585,2.02470993996,0
2025-03-03 02:00:00+00:00,2.02470993996,2.02713990211,2.02385997772,2.026720047,0
2025-03-03 03:00:00+00:00,2.02671003342,2.02855992317,2.02611994743,2.02671003342,0
2025-03-03 04:00:00+00:00,2.02670001984,2.02677989006,2.02531003952,2.02628993988,0
2025-03-03 05:00:00+00:00,2.02628993988,2.02761006355,2.02589011192,2.02736997604,0
2025-03-03 06:00:00+00:00,2.02726006508,2.02920007706,2.02644991875,2.02663993835,0
2025-03-03 07:00:00+00:00,2.02663993835,2.02695989609,2.02480006218,2.02671003342,0
2025-03-03 08:00:00+00:00,2.02670001984,2.02741003036,2.02428007126,2.02474999428,0
2025-03-03 09:00:00+00:00,2.02470993996,2.02892994881,2.02411007881,2.02889990807,0
2025-03-03 10:00:00+00:00,2.02889990807,2.03253006935,2.02875995636,2.03226995468,0
2025-03-03 11:00:00+00:00,2.03228998184,2.03481006622,2.03121995926,2.03450989723,0
2025-03-03 12:00:00+00:00,2.03450989723,2.03773999214,2.03347992897,2.03736996651,0
2025-03-03 13:00:00+00:00,2.0372800827,2.03745007515,2.03382992744,2.03407001495,0
2025-03-03 14:00:00+00:00,2.03402996063,2.03422999382,2.03128004074,2.03244996071,0
2025-03-03 15:00:00+00:00,2.03239011765,2.03509998322,2.03159999847,2.03469991684,0
2025-03-03 16:00:00+00:00,2.03467988968,2.0362200737,2.03359007835,2.03411006927,0
2025-03-03 17:00:00+00:00,2.03407001495,2.03576993942,2.03381991386,2.03515005112,0
2025-03-03 18:00:00+00:00,2.03526997566,2.03821992874,2.03509998322,2.03752994537,0
2025-03-03 19:00:00+00:00,2.03750991821,2.03960990906,2.0367898941,2.03954005241,0
2025-03-03 20:00:00+00:00,2.03946995735,2.04445004463,2.03882002831,2.04110002518,0
2025-03-03 21:00:00+00:00,2.04118990898,2.04126000404,2.03911995888,2.03943991661,0
2025-03-03 22:00:00+00:00,2.03997993469,2.04225993156,2.03748011589,2.04130005836,0
2025-03-03 23:00:00+00:00,2.04150009155,2.04398989677,2.04110002518,2.0432600975,0
2025-03-04 00:00:00+00:00,2.04341006279,2.0447499752,2.04204010963,2.04293990135,0
2025-03-04 01:00:00+00:00,2.04296994209,2.04527997971,2.04246997833,2.04449009895,0
2025-03-04 02:00:00+00:00,2.04438996315,2.04717993736,2.04354000092,2.0460999012,0
2025-03-04 03:00:00+00:00,2.04610991478,2.04713010788,2.04391002655,2.04626011848,0
2025-03-04 04:00:00+00:00,2.04626011848,2.0490000248,2.04592990875,2.0490000248,0
2025-03-04 05:00:00+00:00,2.04896998405,2.05079007149,2.04691004753,2.04709005356,0
2025-03-04 06:00:00+00:00,2.04713988304,2.0471599102,2.04414010048,2.04445004463,0
2025-03-04 07:00:00+00:00,2.04451990128,2.04711008072,2.04414010048,2.04682993889,0
2025-03-04 08:00:00+00:00,2.04678988457,2.05027008057,2.04624009132,2.04817008972,0
2025-03-04 09:00:00+00:00,2.04812002182,2.04814004898,2.04333996773,2.04506993294,0
2025-03-04 10:00:00+00:00,2.04493999481,2.04587006569,2.04250001907,2.04419994354,0
2025-03-04 11:00:00+00:00,2.04419994354,2.04462003708,2.04186010361,2.04274010658,0
2025-03-04 12:00:00+00:00,2.04260993004,2.04328989983,2.0410900116,2.04327988625,0
2025-03-04 13:00:00+00:00,2.04327988625,2.04549002647,2.0426800251,2.04349994659,0
2025-03-04 14:00:00+00:00,2.04345011711,2.0481300354,2.04269003868,2.04798007011,0
2025-03-04 15:00:00+00:00,2.04806995392,2.04987001419,2.04696011543,2.04868006706,0
2025-03-04 16:00:00+00:00,2.04870009422,2.05047011375,2.0476500988,2.0490500927,0
2025-03-04 17:00:00+00:00,2.04906988144,2.05065989494,2.04830002785,2.05020999908,0
2025-03-04 18:00:00+00:00,2.05012989044,2.05141997337,2.04927992821,2.05060005188,0
2025-03-04 19:00:00+00:00,2.05044007301,2.05090999603,2.04679989815,2.04721999168,0
2025-03-04 20:00:00+00:00,2.0471200943,2.04724001884,2.04340004921,2.04534006119,0
2025-03-04 21:00:00+00:00,2.04540991783,2.04683995247,2.03861999512,2.03925991058,0
2025-03-04 22:00:00+00:00,2.03848004341,2.0442700386,2.03825998306,2.03960990906,0
2025-03-04 23:00:00+00:00,2.03987002373,2.04107999802,2.03750991821,2.04102993011,0
2025-03-05 00:00:00+00:00,2.04131007195,2.04403996468,2.04081010818,2.04378008842,0
2025-03-05 01:00:00+00:00,2.04391002655,2.0441300869,2.04074001312,2.04400992393,0
2025-03-05 02:00:00+00:00,2.0440299511,2.04696989059,2.04365992546,2.04694008827,0
2025-03-05 03:00:00+00:00,2.04694008827,2.04820990562,2.045140028,2.04563999176,0
2025-03-05 04:00:00+00:00,2.04559993744,2.04642009735,2.04428005219,2.04630994797,0
2025-03-05 05:00:00+00:00,2.04631996155,2.04724001884,2.04505991936,2.04573988914,0
2025-03-05 06:00:00+00:00,2.04573011398,2.04646992683,2.04252004623,2.04310011864,0
2025-03-05 07:00:00+00:00,2.04310011864,2.04404997826,2.03961992264,2.04378008842,0
2025-03-05 08:00:00+00:00,2.04383993149,2.04803991318,2.04362010956,2.04373002052,0
2025-03-05 09:00:00+00:00,2.04372000694,2.04439997673,2.04113006592,2.04239988327,0
2025-03-05 10:00:00+00:00,2.04239010811,2.04373002052,2.04095005989,2.04203009605,0
2025-03-05 11:00:00+00:00,2.04187011719,2.04345989227,2.04078006744,2.0420999527,0
2025-03-05 12:00:00+00:00,2.04200005531,2.04267001152,2.03994989395,2.04077005386,0
2025-03-05 13:00:00+00:00,2.0408000946,2.04205989838,2.03688001633,2.03691005707,0
2025-03-05 14:00:00+00:00,2.03700995445,2.03973007202,2.03585004807,2.03678011894,0
2025-03-05 15:00:00+00:00,2.03673005104,2.04132008553,2.0348200798,2.04047989845,0
2025-03-05 16:00:00+00:00,2.04040002823,2.04157996178,2.03708004951,2.03797006607,0
2025-03-05 17:00:00+00:00,2.03804993629,2.03855991364,2.03623008728,2.03662991524,0
2025-03-05 18:00:00+00:00,2.03660988808,2.03914999962,2.03614997864,2.03778004646,0
2025-03-05 19:00:00+00:00,2.0378100872,2.03791999817,2.0337600708,2.0343298912,0
2025-03-05 20:00:00+00:00,2.03439998627,2.03536009789,2.03351998329,2.03459000587,0
2025-03-05 21:00:00+00:00,2.03457999229,2.03549003601,2.03325009346,2.03484010696,0
2025-03-05 22:00:00+00:00,2.03475999832,2.03666996956,2.03216004372,2.03513002396,0
2025-03-05 23:00:00+00:00,2.03519010544,2.03568005562,2.03320002556,2.03392004967,0
2025-03-06 00:00:00+00:00,2.03402996063,2.03706002235,2.03363990784,2.03661990166,0
2025-03-06 01:00:00+00:00,2.03644990921,2.03660988808,2.03145003319,2.03171992302,0
2025-03-06 02:00:00+00:00,2.0317299366,2.03397011757,2.03027009964,2.03291988373,0
2025-03-06 03:00:00+00:00,2.03299999237,2.03392004967,2.03169989586,2.03273010254,0
2025-03-06 04:00:00+00:00,2.03275990486,2.03342008591,2.03219008446,2.03248000145,0
2025-03-06 05:00:00+00:00,2.03246998787,2.0361199379,2.03223991394,2.03571009636,0
2025-03-06 06:00:00+00:00,2.03557991982,2.03585004807,2.03412008286,2.03426003456,0
2025-03-06 07:00:00+00:00,2.03430008888,2.0386300087,2.03396010399,2.03843998909,0
2025-03-06 08:00:00+00:00,2.03833007812,2.03859996796,2.03379011154,2.03521990776,0
2025-03-06 09:00:00+00:00,2.0352499485,2.03671002388,2.03309988976,2.0331799984,0
2025-03-06 10:00:00+00:00,2.03315997124,2.03490996361,2.03192996979,2.03427004814,0
2025-03-06 11:00:00+00:00,2.03417992592,2.03602004051,2.03269004822,2.03301000595,0
2025-03-06 12:00:00+00:00,2.03304004669,2.03590989113,2.03202009201,2.03460001945,0
2025-03-06 13:00:00+00:00,2.0346300602,2.03661990166,2.03149008751,2.03644990921,0
2025-03-06 14:00:00+00:00,2.03646993637,2.0367500782,2.03292989731,2.03534007072,0
2025-03-06 15:00:00+00:00,2.03545999527,2.03547000885,2.02871990204,2.02960991859,0
2025-03-06 16:00:00+00:00,2.02963995934,2.03161001205,2.02824997902,2.03147006035,0
2025-03-06 17:00:00+00:00,2.03141999245,2.03408002853,2.03029990196,2.03297996521,0
2025-03-06 18:00:00+00:00,2.03287005424,2.03363990784,2.03153991699,2.03319001198,0
2025-03-06 19:00:00+00:00,2.03321003914,2.03557991982,2.03290009499,2.03499007225,0
2025-03-06 20:00:00+00:00,2.03512001038,2.0353500843,2.03303003311,2.03402996063,0
2025-03-06 21:00:00+00:00,2.03411006927,2.03439998627,2.03263998032,2.03286004066,0
2025-03-06 22:00:00+00:00,2.03310990334,2.03639006615,2.03104996681,2.03328990936,0
2025-03-06 23:00:00+00:00,2.03345990181,2.03515005112,2.0331799984,2.03459000587,0
2025-03-07 00:00:00+00:00,2.03461003304,2.03687000275,2.03334999084,2.03609991074,0
2025-03-07 01:00:00+00:00,2.03609991074,2.03960990906,2.03531002998,2.03859996796,0
2025-03-07 02:00:00+00:00,2.03856992722,2.04059004784,2.03824996948,2.04041004181,0
2025-03-07 03:00:00+00:00,2.04054999352,2.0451900959,2.04035997391,2.0446600914,0
2025-03-07 04:00:00+00:00,2.04468989372,2.04470992088,2.0426800251,2.04337000847,0
2025-03-07 05:00:00+00:00,2.04328989983,2.04492998123,2.04287004471,2.04464006424,0
2025-03-07 06:00:00+00:00,2.04464006424,2.04663991928,2.04391002655,2.04598999023,0
2025-03-07 07:00:00+00:00,2.04580998421,2.04615998268,2.04400992393,2.04516005516,0
2025-03-07 08:00:00+00:00,2.04504990578,2.04664993286,2.04449009895,2.04537010193,0
2025-03-07 09:00:00+00:00,2.04534006119,2.04984998703,2.04414010048,2.0492401123,0
2025-03-07 10:00:00+00:00,2.04920005798,2.05089998245,2.04716992378,2.04784989357,0
2025-03-07 11:00:00+00:00,2.04791998863,2.05253005028,2.04759001732,2.05208992958,0
2025-03-07 12:00:00+00:00,2.05210995674,2.05293011665,2.0495800972,2.05195999146,0
2025-03-07 13:00:00+00:00,2.05190992355,2.05369997025,2.04770994186,2.05247998238,0
2025-03-07 14:00:00+00:00,2.05267000198,2.05414009094,2.04853010178,2.04882001877,0
2025-03-07 15:00:00+00:00,2.04882001877,2.05004000664,2.04575991631,2.04692006111,0
2025-03-07 16:00:00+00:00,2.04706001282,2.05125999451,2.04692006111,2.05029988289,0
2025-03-07 17:00:00+00:00,2.05022001266,2.05235004425,2.0486600399,2.05095005035,0
2025-03-07 18:00:00+00:00,2.05077004433,2.05128002167,2.04869008064,2.0491900444,0
2025-03-07 19:00:00+00:00,2.04921007156,2.04941010475,2.0465400219,2.04794001579,0
2025-03-07 20:00:00+00:00,2.04788994789,2.04837989807,2.04738998413,2.04811000824,0
2025-03-07 21:00:00+00:00,2.04816007614,2.04917001724,2.04613995552,2.04834008217,0
2025-03-07 22:00:00+00:00,2.04713988304,2.0491900444,2.04713988304,2.0491900444,0
2025-03-10 00:00:00+00:00,2.05153989792,2.05270004272,2.04921007156,2.04999995232,0
2025-03-10 01:00:00+00:00,2.04987001419,2.05025005341,2.04586005211,2.04665994644,0
2025-03-10 02:00:00+00:00,2.04664993286,2.04726004601,2.04521989822,2.04691004753,0
2025-03-10 03:00:00+00:00,2.04692006111,2.04894995689,2.04643011093,2.0476000309,0
2025-03-10 04:00:00+00:00,2.04751992226,2.04772996902,2.04604005814,2.04660010338,0
2025-03-10 05:00:00+00:00,2.04657006264,2.04698991776,2.04397010803,2.0441300869,0
2025-03-10 06:00:00+00:00,2.04415988922,2.04501008987,2.04295992851,2.04386997223,0
2025-03-10 07:00:00+00:00,2.04385995865,2.04439997673,2.03872990608,2.03965997696,0
2025-03-10 08:00:00+00:00,2.03961992264,2.04099988937,2.03849005699,2.03978991508,0
2025-03-10 09:00:00+00:00,2.03983998299,2.04072999954,2.03869009018,2.04040002823,0
2025-03-10 10:00:00+00:00,2.04041004181,2.04444003105,2.04004001617,2.04351997375,0
2025-03-10 11:00:00+00:00,2.04339003563,2.04430007935,2.04222011566,2.04310011864,0
2025-03-10 12:00:00+00:00,2.04312992096,2.04545998573,2.04274988174,2.04456996918,0
2025-03-10 13:00:00+00:00,2.04458999634,2.04666996002,2.04387998581,2.04598999023,0
2025-03-10 14:00:00+00:00,2.04594993591,2.0480298996,2.04502010345,2.04755997658,0
2025-03-10 15:00:00+00:00,2.04752993584,2.04758000374,2.04454994202,2.04612994194,0
2025-03-10 16:00:00+00:00,2.04618000984,2.04696011543,2.04517006874,2.04661011696,0
2025-03-10 17:00:00+00:00,2.04674005508,2.04846000671,2.0460999012,2.04819011688,0
2025-03-10 18:00:00+00:00,2.04836010933,2.0530500412,2.04779005051,2.05258011818,0
2025-03-10 19:00:00+00:00,2.05272006989,2.05307006836,2.04871988297,2.049669981,0
2025-03-10 20:00:00+00:00,2.04955005646,2.05115008354,2.04859995842,2.05036997795,0
2025-03-10 21:00:00+00:00,2.05036997795,2.05200004578,2.04870009422,2.05023002625,0
2025-03-10 22:00:00+00:00,2.05029010773,2.05250000954,2.04877996445,2.0524699688,0
2025-03-10 23:00:00+00:00,2.05245995522,2.05306005478,2.04987001419,2.05012989044,0
2025-03-11 00:00:00+00:00,2.0500099659,2.05374002457,2.049669981,2.05269002914,0
2025-03-11 01:00:00+00:00,2.0527100563,2.05720996857,2.05232000351,2.05466008186,0
2025-03-11 02:00:00+00:00,2.05465006828,2.05469989777,2.04988002777,2.05275011063,0
2025-03-11 03:00:00+00:00,2.05275988579,2.05548000336,2.0515499115,2.05437994003,0
2025-03-11 04:00:00+00:00,2.05435991287,2.05521988869,2.05322003365,2.05408000946,0
2025-03-11 05:00:00+00:00,2.05409002304,2.05630993843,2.05351996422,2.05435991287,0
2025-03-11 06:00:00+00:00,2.05434989929,2.0569999218,2.0541601181,2.05681991577,0
2025-03-11 07:00:00+00:00,2.05684995651,2.05703997612,2.0534799099,2.05374002457,0
2025-03-11 08:00:00+00:00,2.05373001099,2.05638003349,2.05346989632,2.05532002449,0
2025-03-11 09:00:00+00:00,2.05521988869,2.05620002747,2.05378007889,2.0559399128,0
2025-03-11 10:00:00+00:00,2.05579996109,2.05786991119,2.05569005013,2.05694007874,0
2025-03-11 11:00:00+00:00,2.05692005157,2.05877995491,2.05451011658,2.05469989777,0
2025-03-11 12:00:00+00:00,2.05452990532,2.05790996552,2.05403995514,2.05759000778,0
2025-03-11 13:00:00+00:00,2.05761003494,2.05773997307,2.05323004723,2.05423998833,0
2025-03-11 14:00:00+00:00,2.05415010452,2.06273007393,2.05380988121,2.06252002716,0
2025-03-11 15:00:00+00:00,2.06251001358,2.06276988983,2.05854988098,2.05996990204,0
2025-03-11 16:00:00+00:00,2.05996990204,2.06011009216,2.05802989006,2.05870008469,0
2025-03-11 17:00:00+00:00,2.05875992775,2.06114006042,2.05862998962,2.05963993073,0
2025-03-11 18:00:00+00:00,2.05980992317,2.05990004539,2.05362010002,2.05471992493,0
2025-03-11 19:00:00+00:00,2.05490994453,2.05648994446,2.05380010605,2.05637001991,0
2025-03-11 20:00:00+00:00,2.05636000633,2.05731010437,2.05394005775,2.0551199913,0
2025-03-11 21:00:00+00:00,2.05462002754,2.05869007111,2.05386996269,2.05585002899,0
2025-03-11 22:00:00+00:00,2.05602002144,2.05672001839,2.05507993698,2.0554599762,0
2025-03-11 23:00:00+00:00,2.0554599762,2.05690002441,2.05519008636,2.05586004257,0
2025-03-12 00:00:00+00:00,2.05602002144,2.05694007874,2.05503988266,2.05532002449,0
2025-03-12 01:00:00+00:00,2.05529999733,2.0565199852,2.05481004715,2.05616998672,0
2025-03-12 02:00:00+00:00,2.05619001389,2.05682992935,2.05485010147,2.05654001236,0
2025-03-12 03:00:00+00:00,2.05654001236,2.05676007271,2.05526995659,2.05637001991,0
2025-03-12 04:00:00+00:00,2.05631995201,2.05676007271,2.05430006981,2.05490994453,0
2025-03-12 05:00:00+00:00,2.05487990379,2.05546998978,2.05392003059,2.05492997169,0
2025-03-12 06:00:00+00:00,2.05483007431,2.05725002289,2.05436992645,2.05691003799,0
2025-03-12 07:00:00+00:00,2.0569999218,2.05792999268,2.0546400547,2.05605006218,0
2025-03-12 08:00:00+00:00,2.05605006218,2.05701994896,2.05343008041,2.05473995209,0
2025-03-12 09:00:00+00:00,2.05468010902,2.05768990517,2.05399990082,2.05666995049,0
2025-03-12 10:00:00+00:00,2.0566599369,2.05849003792,2.05584001541,2.05659008026,0
2025-03-12 11:00:00+00:00,2.05663990974,2.05990004539,2.05619001389,2.05899000168,0
2025-03-12 12:00:00+00:00,2.05894994736,2.06274008751,2.05369997025,2.05925989151,0
2025-03-12 13:00:00+00:00,2.05919003487,2.05955004692,2.05406999588,2.05677008629,0
2025-03-12 14:00:00+00:00,2.05679988861,2.0583999157,2.05394005775,2.05671000481,0
2025-03-12 15:00:00+00:00,2.05666995049,2.05767989159,2.05528998375,2.05659008026,0
2025-03-12 16:00:00+00:00,2.05664992332,2.05707001686,2.05507993698,2.05618000031,0
2025-03-12 17:00:00+00:00,2.05619001389,2.05636000633,2.05281996727,2.05538010597,0
2025-03-12 18:00:00+00:00,2.05538010597,2.05543994904,2.05220007896,2.05333995819,0
2025-03-12 19:00:00+00:00,2.05329990387,2.05383992195,2.05221009254,2.05272006989,0
2025-03-12 20:00:00+00:00,2.05275988579,2.05303001404,2.04959988594,2.05043005943,0
2025-03-12 21:00:00+00:00,2.0495300293,2.05201005936,2.04796004295,2.05051994324,0
2025-03-12 22:00:00+00:00,2.05036997795,2.05114006996,2.04962992668,2.05004000664,0
2025-03-12 23:00:00+00:00,2.05010008812,2.05010008812,2.04836010933,2.04861998558,0
2025-03-13 00:00:00+00:00,2.04841995239,2.0495800972,2.04691004753,2.04934000969,0
2025-03-13 01:00:00+00:00,2.04934000969,2.05102992058,2.04850006104,2.05078005791,0
2025-03-13 02:00:00+00:00,2.05075001717,2.05171990395,2.0500099659,2.05103993416,0
2025-03-13 03:00:00+00:00,2.05088996887,2.052079916,2.04979991913,2.05201005936,0
2025-03-13 04:00:00+00:00,2.05201005936,2.05431008339,2.05127000809,2.0540599823,0
2025-03-13 05:00:00+00:00,2.05410003662,2.05596995354,2.0534799099,2.05486989021,0
2025-03-13 06:00:00+00:00,2.05487990379,2.05799007416,2.05471992493,2.05636000633,0
2025-03-13 07:00:00+00:00,2.05639004707,2.05814003944,2.05572009087,2.05748009682,0
2025-03-13 08:00:00+00:00,2.0575299263,2.05968999863,2.05591988564,2.05790996552,0
2025-03-13 09:00:00+00:00,2.05809998512,2.06034994125,2.05765008926,2.06010007858,0
2025-03-13 10:00:00+00:00,2.06011009216,2.06083011627,2.05876994133,2.06000995636,0
2025-03-13 11:00:00+00:00,2.05985999107,2.06112003326,2.05619001389,2.05694007874,0
2025-03-13 12:00:00+00:00,2.05693006516,2.06209993362,2.05603003502,2.06049990654,0
2025-03-13 13:00:00+00:00,2.0605199337,2.06224989891,2.05927991867,2.0604300499,0
2025-03-13 14:00:00+00:00,2.06046009064,2.06092000008,2.05754995346,2.05808997154,0
2025-03-13 15:00:00+00:00,2.05827999115,2.0595099926,2.05526995659,2.05854988098,0
2025-03-13 16:00:00+00:00,2.0585000515,2.05901002884,2.05689001083,2.05819010735,0
2025-03-13 17:00:00+00:00,2.0581600666,2.06194996834,2.05743002892,2.061439991,0
2025-03-13 18:00:00+00:00,2.0615799427,2.06160998344,2.05930995941,2.06026005745,0
2025-03-13 19:00:00+00:00,2.06024003029,2.06034994125,2.05879998207,2.05995988846,0
2025-03-13 20:00:00+00:00,2.05992007256,2.06128001213,2.05925989151,2.05930995941,0
2025-03-13 21:00:00+00:00,2.05899000168,2.06231999397,2.05860996246,2.06045007706,0
2025-03-13 22:00:00+00:00,2.06031990051,2.06166005135,2.05942988396,2.06035995483,0
2025-03-13 23:00:00+00:00,2.06033992767,2.06099009514,2.05934000015,2.06087994576,0
2025-03-14 00:00:00+00:00,2.06114006042,2.06238007545,2.05895996094,2.05960988998,0
2025-03-14 01:00:00+00:00,2.05966997147,2.05976009369,2.05721998215,2.05809998512,0
2025-03-14 02:00:00+00:00,2.05795001984,2.05990004539,2.05762004852,2.05890989304,0
2025-03-14 03:00:00+00:00,2.05890989304,2.05896997452,2.0566599369,2.05718994141,0
2025-03-14 04:00:00+00:00,2.05716991425,2.05813002586,2.05563998222,2.05609989166,0
2025-03-14 05:00:00+00:00,2.05605006218,2.05736994743,2.05543994904,2.05693006516,0
2025-03-14 06:00:00+00:00,2.05690002441,2.05696988106,2.0541601181,2.05486011505,0
2025-03-14 07:00:00+00:00,2.0549800396,2.0550699234,2.048609972,2.05033993721,0
2025-03-14 08:00:00+00:00,2.05018997192,2.05239009857,2.04924988747,2.04936003685,0
2025-03-14 09:00:00+00:00,2.04925990105,2.05184006691,2.04907989502,2.05146002769,0
2025-03-14 10:00:00+00:00,2.05144000053,2.05355000496,2.05058002472,2.05287003517,0
2025-03-14 11:00:00+00:00,2.05276989937,2.05330991745,2.051019907,2.05187010765,0
2025-03-14 12:00:00+00:00,2.05183005333,2.05219006538,2.04611992836,2.04734992981,0
2025-03-14 13:00:00+00:00,2.04735994339,2.04848003387,2.04623007774,2.0471200943,0
2025-03-14 14:00:00+00:00,2.04698991776,2.0486600399,2.04438996315,2.0446100235,0
2025-03-14 15:00:00+00:00,2.04456996918,2.04579997063,2.04251003265,2.04423999786,0
2025-03-14 16:00:00+00:00,2.04437994957,2.04518008232,2.04352998734,2.04367995262,0
2025-03-14 17:00:00+00:00,2.04366993904,2.04520010948,2.04357004166,2.04478001595,0
2025-03-14 18:00:00+00:00,2.04481005669,2.04537010193,2.04415988922,2.04496002197,0
2025-03-14 19:00:00+00:00,2.04497003555,2.04545998573,2.04410004616,2.04451990128,0
2025-03-14 20:00:00+00:00,2.04453992844,2.04560995102,2.04228997231,2.04465007782,0
2025-03-14 21:00:00+00:00,2.04525995255,2.04525995255,2.04525995255,2.04525995255,0
2025-03-14 22:00:00+00:00,2.04525995255,2.04525995255,2.04525995255,2.04525995255,0
2025-03-17 00:00:00+00:00,2.04346990585,2.04473996162,2.04237008095,2.04270005226,0
2025-03-17 01:00:00+00:00,2.0426800251,2.04356002808,2.04140996933,2.04279994965,0
2025-03-17 02:00:00+00:00,2.04275989532,2.04341006279,2.04221010208,2.04313993454,0
2025-03-17 03:00:00+00:00,2.04319000244,2.04489994049,2.04300999641,2.04397988319,0
2025-03-17 04:00:00+00:00,2.04400992393,2.04548001289,2.04346990585,2.04481005669,0
2025-03-17 05:00:00+00:00,2.04481005669,2.04574990273,2.04340004921,2.04381990433,0
2025-03-17 06:00:00+00:00,2.04370999336,2.04435992241,2.04179000854,2.04201006889,0
2025-03-17 07:00:00+00:00,2.04194998741,2.04265999794,2.04045009613,2.04096007347,0
2025-03-17 08:00:00+00:00,2.04085993767,2.04257011414,2.04015994072,2.04099011421,0
2025-03-17 09:00:00+00:00,2.04098010063,2.04251003265,2.04015994072,2.04076004028,0
2025-03-17 10:00:00+00:00,2.04077005386,2.04329991341,2.03957009315,2.04310011864,0
2025-03-17 11:00:00+00:00,2.04308009148,2.04364991188,2.04161000252,2.04242992401,0
2025-03-17 12:00:00+00:00,2.04242992401,2.04419994354,2.04182004929,2.04380011559,0
2025-03-17 13:00:00+00:00,2.04372000694,2.04383993149,2.04024004936,2.04193997383,0
2025-03-17 14:00:00+00:00,2.04192996025,2.04229998589,2.03900003433,2.04053997993,0
2025-03-17 15:00:00+00:00,2.04051995277,2.04063010216,2.03642010689,2.03732991219,0
2025-03-17 16:00:00+00:00,2.03727006912,2.03768992424,2.03533005714,2.03613996506,0
2025-03-17 17:00:00+00:00,2.03609991074,2.0362598896,2.03342008591,2.03448009491,0
2025-03-17 18:00:00+00:00,2.03449010849,2.03464007378,2.03344988823,2.03345990181,0
2025-03-17 19:00:00+00:00,2.03346991539,2.03467988968,2.0332300663,2.03413009644,0
2025-03-17 20:00:00+00:00,2.03414011002,2.03568005562,2.03311991692,2.03377008438,0
2025-03-17 21:00:00+00:00,2.03358006477,2.03561997414,2.03260993958,2.03377008438,0
2025-03-17 22:00:00+00:00,2.03390002251,2.03460001945,2.03291010857,2.03382992744,0
2025-03-17 23:00:00+00:00,2.03375005722,2.03491997719,2.03343009949,2.03435993195,0
2025-03-18 00:00:00+00:00,2.03464007378,2.0351099968,2.03380990028,2.03454995155,0
2025-03-18 01:00:00+00:00,2.03445005417,2.03484988213,2.03241991997,2.03386998177,0
2025-03-18 02:00:00+00:00,2.03387999535,2.03467988968,2.03328990936,2.03457999229,0
2025-03-18 03:00:00+00:00,2.03454995155,2.03737998009,2.03434991837,2.03667998314,0
2025-03-18 04:00:00+00:00,2.03684997559,2.03711009026,2.0356400013,2.03572010994,0
2025-03-18 05:00:00+00:00,2.03575992584,2.03702998161,2.0351099968,2.03586006165,0
2025-03-18 06:00:00+00:00,2.03589010239,2.03705000877,2.03480005264,2.03543996811,0
2025-03-18 07:00:00+00:00,2.03539991379,2.03562998772,2.03362011909,2.03533005714,0
2025-03-18 08:00:00+00:00,2.03532004356,2.0358300209,2.03402996063,2.0346300602,0
2025-03-18 09:00:00+00:00,2.03452992439,2.03769993782,2.03360009193,2.03755998611,0
2025-03-18 10:00:00+00:00,2.03748011589,2.03913998604,2.03681993484,2.03885006905,0
2025-03-18 11:00:00+00:00,2.03883004189,2.03956007957,2.03561997414,2.03584003448,0
2025-03-18 12:00:00+00:00,2.035779953,2.0377099514,2.03383994102,2.03766989708,0
2025-03-18 13:00:00+00:00,2.03748989105,2.03873991966,2.03576993942,2.03859996796,0
2025-03-18 14:00:00+00:00,2.03840994835,2.04264998436,2.03836011887,2.04237008095,0
2025-03-18 15:00:00+00:00,2.04236006737,2.04454994202,2.04126000404,2.04330992699,0
2025-03-18 16:00:00+00:00,2.04328989983,2.04477000237,2.04230999947,2.04425001144,0
2025-03-18 17:00:00+00:00,2.04419994354,2.04548001289,2.04282999039,2.04397988319,0
2025-03-18 18:00:00+00:00,2.0440299511,2.04565000534,2.04399991035,2.04436993599,0
2025-03-18 19:00:00+00:00,2.04442000389,2.04467010498,2.04354000092,2.04401993752,0
2025-03-18 20:00:00+00:00,2.04411005974,2.04419994354,2.04176998138,2.04247999191,0
2025-03-18 21:00:00+00:00,2.04242992401,2.04448008537,2.04096007347,2.04373002052,0
2025-03-18 22:00:00+00:00,2.04387998581,2.04449009895,2.04274010658,2.04356002808,0
2025-03-18 23:00:00+00:00,2.04356002808,2.04422998428,2.04305005074,2.04354000092,0
2025-03-19 00:00:00+00:00,2.04349994659,2.04392004013,2.04177999496,2.04289007187,0
2025-03-19 01:00:00+00:00,2.04286003113,2.04334998131,2.04217004776,2.042730093,0
2025-03-19 02:00:00+00:00,2.042730093,2.04299998283,2.04192996025,2.04246997833,0
2025-03-19 03:00:00+00:00,2.04246997833,2.04347991943,2.04207992554,2.0431599617,0
2025-03-19 04:00:00+00:00,2.04317998886,2.04377007484,2.04247999191,2.04317998886,0
2025-03-19 05:00:00+00:00,2.04322004318,2.04354000092,2.04150009155,2.04210996628,0
2025-03-19 06:00:00+00:00,2.04210996628,2.04433989525,2.04094004631,2.04381990433,0
2025-03-19 07:00:00+00:00,2.04397988319,2.04903006554,2.04362010956,2.04878997803,0
2025-03-19 08:00:00+00:00,2.04878997803,2.05046010017,2.04554009438,2.05025005341,0
2025-03-19 09:00:00+00:00,2.05034995079,2.05094003677,2.04823994637,2.04865002632,0
2025-03-19 10:00:00+00:00,2.04869008064,2.05029988289,2.04751992226,2.04788994789,0
2025-03-19 11:00:00+00:00,2.04803991318,2.04851007462,2.0466299057,2.04806995392,0
2025-03-19 12:00:00+00:00,2.0480298996,2.04878997803,2.04678010941,2.04699993134,0
2025-03-19 13:00:00+00:00,2.04709005356,2.05001997948,2.04641008377,2.0495800972,0
2025-03-19 14:00:00+00:00,2.0494799614,2.04973006248,2.0470700264,2.04840993881,0
2025-03-19 15:00:00+00:00,2.04840993881,2.04912996292,2.04694008827,2.04833006859,0
2025-03-19 16:00:00+00:00,2.04839992523,2.0490899086,2.04742002487,2.04890990257,0
2025-03-19 17:00:00+00:00,2.04889988899,2.05022001266,2.04862999916,2.04937005043,0
2025-03-19 18:00:00+00:00,2.04911994934,2.04997992516,2.0455300808,2.04568004608,0
2025-03-19 19:00:00+00:00,2.04555988312,2.04690003395,2.04438996315,2.04677009583,0
2025-03-19 20:00:00+00:00,2.04660010338,2.04690003395,2.04384994507,2.04439997673,0
2025-03-19 21:00:00+00:00,2.04443001747,2.04576992989,2.04256010056,2.04468989372,0
2025-03-19 22:00:00+00:00,2.04491996765,2.04578995705,2.04398989677,2.04557991028,0
2025-03-19 23:00:00+00:00,2.04548001289,2.04595994949,2.04407000542,2.04440999031,0
2025-03-20 00:00:00+00:00,2.04451990128,2.05374002457,2.04435992241,2.0505900383,0
2025-03-20 01:00:00+00:00,2.05061006546,2.05440998077,2.05023002625,2.05243992805,0
2025-03-20 02:00:00+00:00,2.05245995522,2.05304002762,2.05068993568,2.05226993561,0
2025-03-20 03:00:00+00:00,2.05219006538,2.05283999443,2.04925990105,2.04997992516,0
2025-03-20 04:00:00+00:00,2.04999995232,2.05107998848,2.04832005501,2.0494799614,0
2025-03-20 05:00:00+00:00,2.04955005646,2.05092000961,2.04873991013,2.05002999306,0
2025-03-20 06:00:00+00:00,2.05004000664,2.05145001411,2.04893994331,2.051019907,0
2025-03-20 07:00:00+00:00,2.05094003677,2.0555100441,2.05084991455,2.05209994316,0
2025-03-20 08:00:00+00:00,2.05209994316,2.05566000938,2.05166006088,2.05532002449,0
2025-03-20 09:00:00+00:00,2.05534005165,2.05880999565,2.05422997475,2.05825996399,0
2025-03-20 10:00:00+00:00,2.05826997757,2.05989003181,2.05756998062,2.05928993225,0
2025-03-20 11:00:00+00:00,2.05925989151,2.06160998344,2.05842995644,2.05963993073,0
2025-03-20 12:00:00+00:00,2.05960988998,2.06491994858,2.05930995941,2.06029009819,0
2025-03-20 13:00:00+00:00,2.06030011177,2.06344008446,2.05960988998,2.06204009056,0
2025-03-20 14:00:00+00:00,2.0621099472,2.06278991699,2.06028008461,2.06116008759,0
2025-03-20 15:00:00+00:00,2.06113004684,2.06137990952,2.05866003036,2.05925989151,0
2025-03-20 16:00:00+00:00,2.05928993225,2.06034994125,2.05778002739,2.06005001068,0
2025-03-20 17:00:00+00:00,2.06006002426,2.06040000916,2.0585899353,2.05887007713,0
2025-03-20 18:00:00+00:00,2.0589799881,2.05915999413,2.05623006821,2.05678009987,0
2025-03-20 19:00:00+00:00,2.05679011345,2.05709004402,2.05537009239,2.05640006065,0
2025-03-20 20:00:00+00:00,2.05642008781,2.05746006966,2.0551700592,2.05596995354,0
2025-03-20 21:00:00+00:00,2.05586004257,2.05902004242,2.05451989174,2.05806994438,0
2025-03-20 22:00:00+00:00,2.0581600666,2.05838990211,2.05594992638,2.05756998062,0
2025-03-20 23:00:00+00:00,2.05751991272,2.05786991119,2.05668997765,2.0570499897,0
2025-03-21 00:00:00+00:00,2.05709004402,2.05785989761,2.05566000938,2.05695009232,0
2025-03-21 01:00:00+00:00,2.05696988106,2.05910992622,2.05673003197,2.05789995193,0
2025-03-21 02:00:00+00:00,2.05786991119,2.05953001976,2.05717992783,2.0595099926,0
2025-03-21 03:00:00+00:00,2.05932998657,2.05964994431,2.0569601059,2.05745005608,0
2025-03-21 04:00:00+00:00,2.05749988556,2.0579199791,2.05637001991,2.05739998817,0
2025-03-21 05:00:00+00:00,2.05738997459,2.05750989914,2.05543994904,2.05577993393,0
2025-03-21 06:00:00+00:00,2.05576992035,2.05591011047,2.05382990837,2.0546400547,0
2025-03-21 07:00:00+00:00,2.05463004112,2.05586004257,2.05359005928,2.05468988419,0
2025-03-21 08:00:00+00:00,2.05466008186,2.0566599369,2.05406999588,2.05652999878,0
2025-03-21 09:00:00+00:00,2.05644989014,2.05862998962,2.05581998825,2.05767989159,0
2025-03-21 10:00:00+00:00,2.05773997307,2.05870008469,2.05667996407,2.05796003342,0
2025-03-21 11:00:00+00:00,2.05795001984,2.05825996399,2.05639004707,2.05718994141,0
2025-03-21 12:00:00+00:00,2.05714988708,2.05851006508,2.05626988411,2.05823993683,0
2025-03-21 13:00:00+00:00,2.05824995041,2.06170988083,2.05759000778,2.06153011322,0
2025-03-21 14:00:00+00:00,2.06153011322,2.06208992004,2.05961990356,2.06050992012,0
2025-03-21 15:00:00+00:00,2.06037998199,2.06284999847,2.0581099987,2.05837011337,0
2025-03-21 16:00:00+00:00,2.05842995644,2.05964994431,2.05772995949,2.05902004242,0
2025-03-21 17:00:00+00:00,2.05902004242,2.05946993828,2.05815005302,2.05926990509,0
2025-03-21 18:00:00+00:00,2.05914998055,2.06019997597,2.05836009979,2.05974006653,0
2025-03-21 19:00:00+00:00,2.05970001221,2.06029009819,2.05827999115,2.0585899353,0
2025-03-21 20:00:00+00:00,2.05871009827,2.05962991714,2.05698990822,2.05909991264,0
2025-03-21 21:00:00+00:00,2.05957007408,2.05957007408,2.05957007408,2.05957007408,0
2025-03-24 00:00:00+00:00,2.05514001846,2.05629992485,2.05414009094,2.0550699234,0
2025-03-24 01:00:00+00:00,2.05505990982,2.05689001083,2.05484008789,2.05652999878,0
2025-03-24 02:00:00+00:00,2.05654001236,2.05814003944,2.05576992035,2.05809998512,0
2025-03-24 03:00:00+00:00,2.0581099987,2.05866003036,2.0564699173,2.05724000931,0
2025-03-24 04:00:00+00:00,2.05727005005,2.05852007866,2.05690002441,2.05712008476,0
2025-03-24 05:00:00+00:00,2.0569601059,2.05795001984,2.05678009987,2.05753993988,0
2025-03-24 06:00:00+00:00,2.05748009682,2.059030056,2.05636000633,2.05837988853,0
2025-03-24 07:00:00+00:00,2.05824995041,2.0585899353,2.05685997009,2.05789995193,0
2025-03-24 08:00:00+00:00,2.05780005455,2.05832004547,2.05577993393,2.05759000778,0
2025-03-24 09:00:00+00:00,2.0576300621,2.05871009827,2.05553007126,2.05814003944,0
2025-03-24 10:00:00+00:00,2.05812001228,2.0585000515,2.0569601059,2.05767989159,0
2025-03-24 11:00:00+00:00,2.05765008926,2.05798006058,2.05555009842,2.05701994896,0
2025-03-24 12:00:00+00:00,2.05703997612,2.06027007103,2.05683994293,2.05923008919,0
2025-03-24 13:00:00+00:00,2.05941009521,2.05977988243,2.05595993996,2.05689001083,0
2025-03-24 14:00:00+00:00,2.05689001083,2.05870008469,2.05478000641,2.05570006371,0
2025-03-24 15:00:00+00:00,2.05571007729,2.05648994446,2.05357003212,2.05629992485,0
2025-03-24 16:00:00+00:00,2.05630993843,2.0580201149,2.05589008331,2.05741000175,0
2025-03-24 17:00:00+00:00,2.05741000175,2.05874991417,2.05709004402,2.0580599308,0
2025-03-24 18:00:00+00:00,2.0579199791,2.05890989304,2.0554599762,2.05709004402,0
2025-03-24 19:00:00+00:00,2.05709004402,2.05728006363,2.05577993393,2.0565199852,0
2025-03-24 20:00:00+00:00,2.05659008026,2.0566599369,2.05408000946,2.05465006828,0
2025-03-24 21:00:00+00:00,2.05523991585,2.05660009384,2.05285000801,2.05571007729,0
2025-03-24 22:00:00+00:00,2.05525994301,2.05650997162,2.05444002151,2.05620002747,0
2025-03-24 23:00:00+00:00,2.05603003502,2.05640006065,2.05541992188,2.05555009842,0
2025-03-25 00:00:00+00:00,2.05550003052,2.05673003197,2.05481004715,2.05535006523,0
2025-03-25 01:00:00+00:00,2.05515003204,2.0555100441,2.05274009705,2.05436992645,0
2025-03-25 02:00:00+00:00,2.05432009697,2.05519008636,2.05387997627,2.0541601181,0
2025-03-25 03:00:00+00:00,2.05418992043,2.05521011353,2.05368995667,2.05515003204,0
2025-03-25 04:00:00+00:00,2.05513000488,2.05627989769,2.05449008942,2.05568003654,0
2025-03-25 05:00:00+00:00,2.0556499958,2.05580997467,2.05373001099,2.0540099144,0
2025-03-25 06:00:00+00:00,2.05398011208,2.0551199913,2.05376005173,2.05431008339,0
2025-03-25 07:00:00+00:00,2.05415010452,2.05574011803,2.05323004723,2.0539700985,0
2025-03-25 08:00:00+00:00,2.05380988121,2.05541992188,2.05349993706,2.05470991135,0
2025-03-25 09:00:00+00:00,2.05461001396,2.05519008636,2.05121994019,2.05300998688,0
2025-03-25 10:00:00+00:00,2.05298995972,2.05367994308,2.04976010323,2.05022001266,0
2025-03-25 11:00:00+00:00,2.05024003983,2.05060005188,2.04836988449,2.04856991768,0
2025-03-25 12:00:00+00:00,2.04854011536,2.04984998703,2.04815006256,2.0497200489,0
2025-03-25 13:00:00+00:00,2.04975008965,2.04975008965,2.04803991318,2.04865002632,0
2025-03-25 14:00:00+00:00,2.04893994331,2.05183005333,2.04789996147,2.05079007149,0
2025-03-25 15:00:00+00:00,2.05077004433,2.05338001251,2.05049991608,2.05272006989,0
2025-03-25 16:00:00+00:00,2.05275011063,2.05516004562,2.05243992805,2.05500006676,0
2025-03-25 17:00:00+00:00,2.05479001999,2.05621004105,2.05443000793,2.05501008034,0
2025-03-25 18:00:00+00:00,2.05488991737,2.055560112,2.05412006378,2.0551700592,0
2025-03-25 19:00:00+00:00,2.05510997772,2.05533003807,2.05408000946,2.054500103,0
2025-03-25 20:00:00+00:00,2.05462002754,2.05473995209,2.05191993713,2.05227994919,0
2025-03-25 21:00:00+00:00,2.05309009552,2.05413007736,2.05012989044,2.0531899929,0
2025-03-25 22:00:00+00:00,2.05317997932,2.05443000793,2.05136990547,2.05335998535,0
2025-03-25 23:00:00+00:00,2.05322003365,2.05359005928,2.05236005783,2.05254006386,0
2025-03-26 00:00:00+00:00,2.05236005783,2.05658006668,2.05146002769,2.05638003349,0
2025-03-26 01:00:00+00:00,2.05637001991,2.05896997452,2.0531899929,2.05385994911,0
2025-03-26 02:00:00+00:00,2.05383992195,2.05489993095,2.05141997337,2.05191993713,0
2025-03-26 03:00:00+00:00,2.05180001259,2.05205988884,2.04977989197,2.05039000511,0
2025-03-26 04:00:00+00:00,2.05037999153,2.05100989342,2.0491399765,2.04964995384,0
2025-03-26 05:00:00+00:00,2.04962992668,2.05058002472,2.04796004295,2.04853010178,0
2025-03-26 06:00:00+00:00,2.04861998558,2.04878997803,2.04690003395,2.04766988754,0
2025-03-26 07:00:00+00:00,2.04815006256,2.04815006256,2.04142999649,2.04330992699,0
2025-03-26 08:00:00+00:00,2.0432600975,2.04339003563,2.03927993774,2.04134011269,0
2025-03-26 09:00:00+00:00,2.04141998291,2.04187989235,2.03895998001,2.04134011269,0
2025-03-26 10:00:00+00:00,2.04120993614,2.04189991951,2.03887009621,2.03988003731,0
2025-03-26 11:00:00+00:00,2.03988003731,2.04140996933,2.0391099453,2.04013991356,0
2025-03-26 12:00:00+00:00,2.04029011726,2.04274010658,2.03958010674,2.04141998291,0
2025-03-26 13:00:00+00:00,2.04137992859,2.04347991943,2.0402700901,2.04271006584,0
2025-03-26 14:00:00+00:00,2.04280996323,2.04452991486,2.04176998138,2.04320001602,0
2025-03-26 15:00:00+00:00,2.0432600975,2.04447007179,2.04155993462,2.04367995262,0
2025-03-26 16:00:00+00:00,2.04369997978,2.04621005058,2.04347991943,2.04554009438,0
2025-03-26 17:00:00+00:00,2.0457201004,2.04851007462,2.04549002647,2.04761004448,0
2025-03-26 18:00:00+00:00,2.04774999619,2.04937005043,2.04677009583,2.04932999611,0
2025-03-26 19:00:00+00:00,2.04930996895,2.04994988441,2.04836010933,2.04882001877,0
2025-03-26 20:00:00+00:00,2.048609972,2.04911994934,2.04409003258,2.04409003258,0
2025-03-26 21:00:00+00:00,2.04480004311,2.04850006104,2.04332995415,2.04535007477,0
2025-03-26 22:00:00+00:00,2.04538011551,2.04941010475,2.04496002197,2.04924988747,0
2025-03-26 23:00:00+00:00,2.0492401123,2.04987001419,2.04778003693,2.04815006256,0
2025-03-27 00:00:00+00:00,2.04832005501,2.04870009422,2.04658007622,2.04847002029,0
2025-03-27 01:00:00+00:00,2.04849004745,2.04969000816,2.04680991173,2.0492401123,0
2025-03-27 02:00:00+00:00,2.04925990105,2.0495300293,2.04555010796,2.04734992981,0
2025-03-27 03:00:00+00:00,2.04751992226,2.0480298996,2.04543995857,2.04644989967,0
2025-03-27 04:00:00+00:00,2.04644989967,2.04735994339,2.04523992538,2.04657006264,0
2025-03-27 05:00:00+00:00,2.04660010338,2.0494799614,2.04566001892,2.04835009575,0
2025-03-27 06:00:00+00:00,2.04849004745,2.04920005798,2.04515004158,2.04596996307,0
2025-03-27 07:00:00+00:00,2.04594993591,2.04803991318,2.04526996613,2.04794001579,0
2025-03-27 08:00:00+00:00,2.04790997505,2.04868006706,2.04590010643,2.04671001434,0
2025-03-27 09:00:00+00:00,2.04672002792,2.0490500927,2.0456199646,2.04836010933,0
2025-03-27 10:00:00+00:00,2.04836010933,2.05033993721,2.04751992226,2.04990005493,0
2025-03-27 11:00:00+00:00,2.04989004135,2.05013990402,2.04753994942,2.04785990715,0
2025-03-27 12:00:00+00:00,2.04784989357,2.05412006378,2.0471599102,2.05156993866,0
2025-03-27 13:00:00+00:00,2.05157995224,2.05441999435,2.05130004883,2.05146002769,0
2025-03-27 14:00:00+00:00,2.05160999298,2.0536699295,2.05097007751,2.05338001251,0
2025-03-27 15:00:00+00:00,2.05338001251,2.05779004097,2.05277991295,2.0551700592,0
2025-03-27 16:00:00+00:00,2.05528998375,2.05596995354,2.0535800457,2.0556499958,0
2025-03-27 17:00:00+00:00,2.05549001694,2.05641007423,2.054500103,2.05528998375,0
2025-03-27 18:00:00+00:00,2.05524992943,2.055560112,2.05447006226,2.05538010597,0
2025-03-27 19:00:00+00:00,2.05536007881,2.05555009842,2.05414009094,2.05484008789,0
2025-03-27 20:00:00+00:00,2.05494999886,2.05514001846,2.05221009254,2.05330991745,0
2025-03-27 21:00:00+00:00,2.05104994774,2.05560994148,2.05012989044,2.05454993248,0
2025-03-27 22:00:00+00:00,2.05461001396,2.05527997017,2.05340003967,2.05508995056,0
2025-03-27 23:00:00+00:00,2.05525994301,2.05615997314,2.05468010902,2.05532002449,0
2025-03-28 00:00:00+00:00,2.05532002449,2.0574901104,2.05504989624,2.05663990974,0
2025-03-28 01:00:00+00:00,2.05648994446,2.05767011642,2.05609989166,2.05741000175,0
2025-03-28 02:00:00+00:00,2.05739998817,2.05836009979,2.0566599369,2.05800008774,0
2025-03-28 03:00:00+00:00,2.05799007416,2.06086993217,2.05750989914,2.06027007103,0
2025-03-28 04:00:00+00:00,2.06027007103,2.06088995934,2.05899000168,2.05977010727,0
2025-03-28 05:00:00+00:00,2.05976009369,2.05976009369,2.05823993683,2.05843997002,0
2025-03-28 06:00:00+00:00,2.05841994286,2.05918002129,2.05707001686,2.05841994286,0
2025-03-28 07:00:00+00:00,2.05890989304,2.06047010422,2.05706000328,2.05777001381,0
2025-03-28 08:00:00+00:00,2.05772995949,2.05809998512,2.05519008636,2.05581998825,0
2025-03-28 09:00:00+00:00,2.05572009087,2.05841994286,2.05475997925,2.05724000931,0
2025-03-28 10:00:00+00:00,2.05725002289,2.05743002892,2.05428004265,2.05541992188,0
2025-03-28 11:00:00+00:00,2.05543994904,2.05566000938,2.05345988274,2.05451011658,0
2025-03-28 12:00:00+00:00,2.05454993248,2.05487990379,2.05298995972,2.05356001854,0
2025-03-28 13:00:00+00:00,2.05363988876,2.05469989777,2.05238008499,2.0534799099,0
2025-03-28 14:00:00+00:00,2.05346989632,2.05934000015,2.05307006836,2.05728006363,0
2025-03-28 15:00:00+00:00,2.05741000175,2.0580201149,2.05419993401,2.05469989777,0
2025-03-28 16:00:00+00:00,2.05446004868,2.0574400425,2.05408000946,2.05706000328,0
2025-03-28 17:00:00+00:00,2.05720996857,2.05823993683,2.05679988861,2.05776000023,0
2025-03-28 18:00:00+00:00,2.05768990517,2.05837988853,2.05711007118,2.05806994438,0
2025-03-28 19:00:00+00:00,2.05820989609,2.05946993828,2.05746006966,2.05865001678,0
2025-03-28 20:00:00+00:00,2.05879998207,2.05920004845,2.05647993088,2.05745005608,0
2025-03-28 21:00:00+00:00,2.05832004547,2.05832004547,2.05832004547,2.05832004547,0
2025-03-28 22:00:00+00:00,2.05832004547,2.05832004547,2.05832004547,2.05832004547,0
2025-03-30 23:00:00+00:00,2.05975008011,2.0624499321,2.0589299202,2.05895996094,0
2025-03-31 00:00:00+00:00,2.05921006203,2.06227993965,2.05859994888,2.06128001213,0
2025-03-31 01:00:00+00:00,2.06123995781,2.06189990044,2.05762004852,2.0605199337,0
2025-03-31 02:00:00+00:00,2.0605199337,2.0624499321,2.05925989151,2.06211996078,0
2025-03-31 03:00:00+00:00,2.0621099472,2.06349992752,2.06190991402,2.06296992302,0
2025-03-31 04:00:00+00:00,2.06295990944,2.06498003006,2.06268000603,2.0633699894,0
2025-03-31 05:00:00+00:00,2.06347990036,2.06371998787,2.06170988083,2.06221008301,0
2025-03-31 06:00:00+00:00,2.06231999397,2.06346011162,2.06066989899,2.06306004524,0
2025-03-31 07:00:00+00:00,2.06307005882,2.06796002388,2.06160998344,2.0666000843,0
2025-03-31 08:00:00+00:00,2.06662988663,2.06928992271,2.06616997719,2.06838989258,0
2025-03-31 09:00:00+00:00,2.06839990616,2.0690100193,2.06659007072,2.06804990768,0
2025-03-31 10:00:00+00:00,2.06817007065,2.07069993019,2.06778001785,2.06977009773,0
2025-03-31 11:00:00+00:00,2.06962990761,2.07279992104,2.06884002686,2.07227993011,0
2025-03-31 12:00:00+00:00,2.07224988937,2.07413005829,2.07206988335,2.07369995117,0
2025-03-31 13:00:00+00:00,2.07357001305,2.07757997513,2.0730099678,2.07550001144,0
2025-03-31 14:00:00+00:00,2.07543992996,2.07565999031,2.07096004486,2.07193994522,0
2025-03-31 15:00:00+00:00,2.07182002068,2.07203006744,2.06709003448,2.06745004654,0
2025-03-31 16:00:00+00:00,2.06765007973,2.06817007065,2.06586003304,2.0680000782,0
2025-03-31 17:00:00+00:00,2.06783008575,2.06825995445,2.06679010391,2.06802010536,0
2025-03-31 18:00:00+00:00,2.06805992126,2.06815004349,2.06503009796,2.06590008736,0
2025-03-31 19:00:00+00:00,2.06574010849,2.06750011444,2.06542992592,2.06711006165,0
2025-03-31 20:00:00+00:00,2.06696009636,2.06802010536,2.06680989265,2.06700992584,0
2025-03-31 21:00:00+00:00,2.06855988503,2.06862998009,2.06471991539,2.06717991829,0
2025-03-31 22:00:00+00:00,2.06717991829,2.06975007057,2.06631994247,2.06975007057,0
2025-03-31 23:00:00+00:00,2.06974005699,2.07082009315,2.06843996048,2.07029008865,0
2025-04-01 00:00:00+00:00,2.07034993172,2.07195997238,2.06900000572,2.0709400177,0
2025-04-01 01:00:00+00:00,2.07076001167,2.0734000206,2.06958007812,2.07002997398,0
2025-04-01 02:00:00+00:00,2.06997990608,2.07012009621,2.06727004051,2.06777000427,0
2025-04-01 03:00:00+00:00,2.06775999069,2.07011008263,2.06435990334,2.06973004341,0
2025-04-01 04:00:00+00:00,2.06963992119,2.07023000717,2.06358003616,2.06376004219,0
2025-04-01 05:00:00+00:00,2.06378006935,2.06571006775,2.06311988831,2.06560993195,0
2025-04-01 06:00:00+00:00,2.0655400753,2.06627988815,2.06423997879,2.06525993347,0
2025-04-01 07:00:00+00:00,2.06520009041,2.06773996353,2.06486010551,2.06594991684,0
2025-04-01 08:00:00+00:00,2.06617999077,2.06665992737,2.06525993347,2.06576991081,0
2025-04-01 09:00:00+00:00,2.06576991081,2.06745004654,2.06472992897,2.06640005112,0
2025-04-01 10:00:00+00:00,2.06628990173,2.06802010536,2.06491994858,2.06520009041,0
2025-04-01 11:00:00+00:00,2.06527996063,2.06643009186,2.06238007545,2.06268000603,0
2025-04-01 12:00:00+00:00,2.0625500679,2.06349992752,2.06052994728,2.06133008003,0
2025-04-01 13:00:00+00:00,2.06132006645,2.06228995323,2.05934000015,2.06019997597,0
2025-04-01 14:00:00+00:00,2.06027007103,2.06190991402,2.05755996704,2.05953001976,0
2025-04-01 15:00:00+00:00,2.05948996544,2.05973005295,2.05742001534,2.05807995796,0
2025-04-01 16:00:00+00:00,2.05806994438,2.06140995026,2.05727005005,2.06094002724,0
2025-04-01 17:00:00+00:00,2.06098008156,2.06181001663,2.05987000465,2.06115007401,0
2025-04-01 18:00:00+00:00,2.06113004684,2.06219005585,2.06064009666,2.06081008911,0
2025-04-01 19:00:00+00:00,2.06083989143,2.06083989143,2.05783009529,2.05807995796,0
2025-04-01 20:00:00+00:00,2.05796003342,2.05888009071,2.05743002892,2.05760002136,0
2025-04-01 21:00:00+00:00,2.0575799942,2.0611000061,2.05649995804,2.05820989609,0
2025-04-01 22:00:00+00:00,2.05823993683,2.05915999413,2.05618000031,2.05650997162,0
2025-04-01 23:00:00+00:00,2.05661010742,2.0574400425,2.05421996117,2.05484008789,0
2025-04-02 00:00:00+00:00,2.05480003357,2.05780005455,2.05455994606,2.05679011345,0
2025-04-02 01:00:00+00:00,2.05677008629,2.05754995346,2.05360007286,2.05377006531,0
2025-04-02 02:00:00+00:00,2.05378007889,2.05417990685,2.05148005486,2.05221009254,0
2025-04-02 03:00:00+00:00,2.05223989487,2.05235004425,2.0505900383,2.05138993263,0
2025-04-02 04:00:00+00:00,2.05135011673,2.0516500473,2.05029010773,2.05083990097,0
2025-04-02 05:00:00+00:00,2.05080008507,2.05208992958,2.05060005188,2.05180001259,0
2025-04-02 06:00:00+00:00,2.05180001259,2.05215001106,2.04787993431,2.05137991905,0
2025-04-02 07:00:00+00:00,2.05149006844,2.0517001152,2.04786992073,2.0485200882,0
2025-04-02 08:00:00+00:00,2.04848003387,2.04951000214,2.04766011238,2.04857993126,0
2025-04-02 09:00:00+00:00,2.04857993126,2.05122995377,2.04811000824,2.05062007904,0
2025-04-02 10:00:00+00:00,2.05071997643,2.05311989784,2.05058002472,2.05258989334,0
2025-04-02 11:00:00+00:00,2.0525701046,2.05341005325,2.05155992508,2.05300998688,0
2025-04-02 12:00:00+00:00,2.05302000046,2.05601000786,2.0516500473,2.05236005783,0
2025-04-02 13:00:00+00:00,2.05230998993,2.05515003204,2.05194997787,2.05292010307,0
2025-04-02 14:00:00+00:00,2.05302000046,2.0574400425,2.05228996277,2.05726003647,0
2025-04-02 15:00:00+00:00,2.05726003647,2.05981993675,2.05672001839,2.05918002129,0
2025-04-02 16:00:00+00:00,2.05915999413,2.06073999405,2.05877995491,2.05971002579,0
2025-04-02 17:00:00+00:00,2.05963993073,2.06076002121,2.05874991417,2.06001996994,0
2025-04-02 18:00:00+00:00,2.06002998352,2.06251001358,2.05963993073,2.0621099472,0
2025-04-02 19:00:00+00:00,2.06223988533,2.06231999397,2.06082010269,2.06147003174,0
2025-04-02 20:00:00+00:00,2.06146001816,2.07290005684,2.05256009102,2.06404995918,0
2025-04-02 21:00:00+00:00,2.06358003616,2.07751011848,2.06170010567,2.07543992996,0
2025-04-02 22:00:00+00:00,2.07564997673,2.08403992653,2.07464003563,2.0799100399,0
2025-04-02 23:00:00+00:00,2.07951998711,2.08452010155,2.07904005051,2.08248996735,0
2025-04-03 00:00:00+00:00,2.08206009865,2.08399009705,2.07803010941,2.08028006554,0
2025-04-03 01:00:00+00:00,2.0802500248,2.08130002022,2.07776999474,2.08037996292,0
2025-04-03 02:00:00+00:00,2.08046007156,2.08182001114,2.07923007011,2.07965993881,0
2025-04-03 03:00:00+00:00,2.07954001427,2.08393001556,2.07922005653,2.08363008499,0
2025-04-03 04:00:00+00:00,2.08354997635,2.08480000496,2.08277010918,2.08416008949,0
2025-04-03 05:00:00+00:00,2.08404994011,2.08417010307,2.07775998116,2.08120989799,0
2025-04-03 06:00:00+00:00,2.08148002625,2.08379006386,2.07746005058,2.07951998711,0
2025-04-03 07:00:00+00:00,2.07945990562,2.08354997635,2.07646989822,2.0828499794,0
2025-04-03 08:00:00+00:00,2.0829000473,2.0834300518,2.07627010345,2.07728004456,0
2025-04-03 09:00:00+00:00,2.07725000381,2.07909011841,2.07593989372,2.07638001442,0
2025-04-03 10:00:00+00:00,2.07643008232,2.0788500309,2.07464003563,2.07475996017,0
2025-04-03 11:00:00+00:00,2.07477998734,2.07563996315,2.07039999962,2.07136011124,0
2025-04-03 12:00:00+00:00,2.0714700222,2.07316994667,2.06758999825,2.0680398941,0
2025-04-03 13:00:00+00:00,2.06818008423,2.06929993629,2.0629799366,2.06373000145,0
2025-04-03 14:00:00+00:00,2.06345009804,2.06673002243,2.06137990952,2.06608009338,0
2025-04-03 15:00:00+00:00,2.06637001038,2.06677007675,2.06287002563,2.06416988373,0
2025-04-03 16:00:00+00:00,2.0645699501,2.06472992897,2.06193995476,2.06377005577,0
2025-04-03 17:00:00+00:00,2.06354999542,2.06576991081,2.0635099411,2.06529998779,0
2025-04-03 18:00:00+00:00,2.06526994705,2.06796002388,2.06475996971,2.06599998474,0
2025-04-03 19:00:00+00:00,2.06584000587,2.07076001167,2.06574010849,2.07038998604,0
2025-04-03 20:00:00+00:00,2.07059001923,2.07108998299,2.06838011742,2.06845998764,0
2025-04-03 21:00:00+00:00,2.06907010078,2.0715200901,2.06670999527,2.07009005547,0
2025-04-03 22:00:00+00:00,2.07012009621,2.07244992256,2.06890010834,2.0713698864,0
2025-04-03 23:00:00+00:00,2.07154011726,2.072920084,2.0688700676,2.06908011436,0
2025-04-04 00:00:00+00:00,2.06908011436,2.07140994072,2.0674700737,2.07135009766,0
2025-04-04 01:00:00+00:00,2.0713300705,2.07605004311,2.07093000412,2.07593989372,0
2025-04-04 02:00:00+00:00,2.0759100914,2.08685994148,2.07556009293,2.08622002602,0
2025-04-04 03:00:00+00:00,2.08617997169,2.0957300663,2.0857000351,2.09513998032,0
2025-04-04 04:00:00+00:00,2.09513998032,2.1021399498,2.09484004974,2.10110998154,0
2025-04-04 05:00:00+00:00,2.10108995438,2.10127997398,2.09543991089,2.09582996368,0
2025-04-04 06:00:00+00:00,2.09602999687,2.09752988815,2.09219002724,2.0926399231,0
2025-04-04 07:00:00+00:00,2.09256005287,2.09669995308,2.09145998955,2.09376001358,0
2025-04-04 08:00:00+00:00,2.09367990494,2.09464001656,2.09133005142,2.0918200016,0
2025-04-04 09:00:00+00:00,2.09186005592,2.09530997276,2.09033989906,2.09452009201,0
2025-04-04 10:00:00+00:00,2.09472990036,2.11879992485,2.09337997437,2.11765003204,0
2025-04-04 11:00:00+00:00,2.11725997925,2.14766001701,2.11441993713,2.12960004807,0
2025-04-04 12:00:00+00:00,2.1298699379,2.13586997986,2.12516999245,2.12564992905,0
2025-04-04 13:00:00+00:00,2.12542009354,2.13814997673,2.11921000481,2.13278007507,0
2025-04-04 14:00:00+00:00,2.13287997246,2.14602994919,2.12529993057,2.13565993309,0
2025-04-04 15:00:00+00:00,2.13576006889,2.15000009537,2.12533998489,2.13910007477,0
2025-04-04 16:00:00+00:00,2.13906002045,2.14696002007,2.13509988785,2.14619994164,0
2025-04-04 17:00:00+00:00,2.14614009857,2.14829993248,2.13577008247,2.13860988617,0
2025-04-04 18:00:00+00:00,2.13914990425,2.14569997787,2.13582992554,2.1394701004,0
2025-04-04 19:00:00+00:00,2.13970994949,2.13987994194,2.12685990334,2.13188004494,0
2025-04-04 20:00:00+00:00,2.13179993629,2.13568997383,2.12955999374,2.13295006752,0
2025-04-04 21:00:00+00:00,2.13347005844,2.13347005844,2.13347005844,2.13347005844,0
2025-04-06 23:00:00+00:00,2.15067005157,2.16071009636,2.14472007751,2.1558599472,0
2025-04-07 00:00:00+00:00,2.15610003471,2.16457009315,2.14797997475,2.15129995346,0
2025-04-07 01:00:00+00:00,2.15102005005,2.15401005745,2.14210009575,2.14298009872,0
2025-04-07 02:00:00+00:00,2.14302992821,2.14404988289,2.13521003723,2.13935995102,0
2025-04-07 03:00:00+00:00,2.1392800808,2.14302992821,2.13616991043,2.13918995857,0
2025-04-07 04:00:00+00:00,2.13916993141,2.14559006691,2.13753008842,2.14493989944,0
2025-04-07 05:00:00+00:00,2.14491009712,2.14956998825,2.1305000782,2.14769005775,0
2025-04-07 06:00:00+00:00,2.14769005775,2.15300011635,2.14215993881,2.14562988281,0
2025-04-07 07:00:00+00:00,2.14560008049,2.14969992638,2.14168000221,2.14586997032,0
2025-04-07 08:00:00+00:00,2.1458799839,2.1482899189,2.13938999176,2.14446997643,0
2025-04-07 09:00:00+00:00,2.14450001717,2.14760994911,2.1333899498,2.13480997086,0
2025-04-07 10:00:00+00:00,2.1349298954,2.13508009911,2.1200799942,2.12329006195,0
2025-04-07 11:00:00+00:00,2.12343001366,2.12621998787,2.11630988121,2.12364006042,0
2025-04-07 12:00:00+00:00,2.12352991104,2.12560009956,2.10980010033,2.11101007462,0
2025-04-07 13:00:00+00:00,2.11125993729,2.11902999878,2.11103010178,2.11319994926,0
2025-04-07 14:00:00+00:00,2.1129899025,2.12562990189,2.0921599865,2.12273001671,0
2025-04-07 15:00:00+00:00,2.12267994881,2.13862991333,2.11817002296,2.12800002098,0
2025-04-07 16:00:00+00:00,2.12789011002,2.14025998116,2.12750005722,2.13960003853,0
2025-04-07 17:00:00+00:00,2.13948011398,2.13970994949,2.12596011162,2.1275498867,0
2025-04-07 18:00:00+00:00,2.12734007835,2.13533997536,2.12578010559,2.13394999504,0
2025-04-07 19:00:00+00:00,2.13409996033,2.13486003876,2.12703990936,2.12729001045,0
2025-04-07 20:00:00+00:00,2.12747001648,2.12787008286,2.12299990654,2.12411999702,0
2025-04-07 21:00:00+00:00,2.12458992004,2.12730002403,2.12087011337,2.1235499382,0
2025-04-07 22:00:00+00:00,2.12349009514,2.12590003014,2.12151002884,2.12475991249,0
2025-04-07 23:00:00+00:00,2.12483000755,2.12520003319,2.1200799942,2.1230199337,0
2025-04-08 00:00:00+00:00,2.12297010422,2.12758994102,2.11865997314,2.12704992294,0
2025-04-08 01:00:00+00:00,2.12704992294,2.13320994377,2.12246990204,2.12370991707,0
2025-04-08 02:00:00+00:00,2.12370991707,2.12395000458,2.11894011497,2.12256002426,0
2025-04-08 03:00:00+00:00,2.12257003784,2.12291002274,2.11834001541,2.1190700531,0
2025-04-08 04:00:00+00:00,2.11893010139,2.11944007874,2.10941004753,2.10985994339,0
2025-04-08 05:00:00+00:00,2.10996007919,2.11277008057,2.10550999641,2.10609006882,0
2025-04-08 06:00:00+00:00,2.1061000824,2.114579916,2.10555005074,2.10946011543,0
2025-04-08 07:00:00+00:00,2.10933995247,2.11022996902,2.10355997086,2.10690999031,0
2025-04-08 08:00:00+00:00,2.10699009895,2.10905003548,2.1016600132,2.10291004181,0
2025-04-08 09:00:00+00:00,2.10290002823,2.11126995087,2.10276007652,2.10963010788,0
2025-04-08 10:00:00+00:00,2.1096599102,2.11174988747,2.10685992241,2.11153006554,0
2025-04-08 11:00:00+00:00,2.11170005798,2.11483001709,2.11038994789,2.1105298996,0
2025-04-08 12:00:00+00:00,2.11045002937,2.1120800972,2.10609006882,2.10858011246,0
2025-04-08 13:00:00+00:00,2.10846996307,2.1097099781,2.10066008568,2.10631990433,0
2025-04-08 14:00:00+00:00,2.10640001297,2.11776995659,2.10309004784,2.11701011658,0
2025-04-08 15:00:00+00:00,2.11719989777,2.12426996231,2.11493992805,2.12284994125,0
2025-04-08 16:00:00+00:00,2.12287998199,2.13514995575,2.12071990967,2.13473010063,0
2025-04-08 17:00:00+00:00,2.13474011421,2.14030003548,2.13224005699,2.13651990891,0
2025-04-08 18:00:00+00:00,2.13646006584,2.14417004585,2.13562989235,2.14370989799,0
2025-04-08 19:00:00+00:00,2.14361000061,2.14788007736,2.14118003845,2.1423099041,0
2025-04-08 20:00:00+00:00,2.1424100399,2.14591002464,2.14059996605,2.14242005348,0
2025-04-08 21:00:00+00:00,2.14242005348,2.14532995224,2.13758993149,2.14449000359,0
2025-04-08 22:00:00+00:00,2.14467000961,2.14925003052,2.14340996742,2.14658999443,0
2025-04-08 23:00:00+00:00,2.14652991295,2.15158009529,2.14617991447,2.1479101181,0
2025-04-09 00:00:00+00:00,2.14774990082,2.16007995605,2.14703011513,2.14965009689,0
2025-04-09 01:00:00+00:00,2.14966011047,2.15116000175,2.14106011391,2.1419301033,0
2025-04-09 02:00:00+00:00,2.14119005203,2.14420008659,2.1374399662,2.14242005348,0
2025-04-09 03:00:00+00:00,2.14252996445,2.14972996712,2.13818001747,2.14885997772,0
2025-04-09 04:00:00+00:00,2.1488199234,2.15612006187,2.14652991295,2.15083003044,0
2025-04-09 05:00:00+00:00,2.15095996857,2.15497994423,2.14864993095,2.14904999733,0
2025-04-09 06:00:00+00:00,2.14902997017,2.14928007126,2.13780999184,2.14126992226,0
2025-04-09 07:00:00+00:00,2.1409599781,2.14334011078,2.12316989899,2.12355995178,0
2025-04-09 08:00:00+00:00,2.12356996536,2.13632011414,2.12197995186,2.13404989243,0
2025-04-09 09:00:00+00:00,2.1339700222,2.13571000099,2.12898993492,2.13170003891,0
2025-04-09 10:00:00+00:00,2.13171005249,2.13388991356,2.11937999725,2.12405991554,0
2025-04-09 11:00:00+00:00,2.12385010719,2.1369600296,2.12303996086,2.12847995758,0
2025-04-09 12:00:00+00:00,2.12832999229,2.12989997864,2.12402009964,2.12422990799,0
2025-04-09 13:00:00+00:00,2.12423992157,2.12815999985,2.11085009575,2.11086010933,0
2025-04-09 14:00:00+00:00,2.10913991928,2.12735009193,2.10683989525,2.12684988976,0
2025-04-09 15:00:00+00:00,2.1268799305,2.12981009483,2.12369990349,2.12726998329,0
2025-04-09 16:00:00+00:00,2.12715005875,2.12797999382,2.11737990379,2.11849999428,0
2025-04-09 17:00:00+00:00,2.1185400486,2.11910009384,2.08147001266,2.08277010918,0
2025-04-09 18:00:00+00:00,2.0829501152,2.08630990982,2.07700991631,2.08441996574,0
2025-04-09 19:00:00+00:00,2.08450007439,2.08691000938,2.07751011848,2.08310008049,0
2025-04-09 20:00:00+00:00,2.08348989487,2.0898399353,2.08077001572,2.08208990097,0
2025-04-09 21:00:00+00:00,2.08307003975,2.08459997177,2.07804989815,2.08258008957,0
2025-04-09 22:00:00+00:00,2.08206009865,2.0862300396,2.07891988754,2.08503007889,0
2025-04-09 23:00:00+00:00,2.08494997025,2.09102010727,2.0843000412,2.09089994431,0
2025-04-10 00:00:00+00:00,2.09101009369,2.0972700119,2.08588004112,2.09594988823,0
2025-04-10 01:00:00+00:00,2.09592008591,2.09788990021,2.09133005142,2.09331989288,0
2025-04-10 02:00:00+00:00,2.09328007698,2.09423995018,2.0852200985,2.08580994606,0
2025-04-10 03:00:00+00:00,2.08585000038,2.08745002747,2.07962989807,2.08019995689,0
2025-04-10 04:00:00+00:00,2.08011007309,2.08277988434,2.07781004906,2.07891011238,0
2025-04-10 05:00:00+00:00,2.07884001732,2.07963991165,2.07254004478,2.07450008392,0
2025-04-10 06:00:00+00:00,2.07447004318,2.08195996284,2.07315993309,2.0773499012,0
2025-04-10 07:00:00+00:00,2.0773499012,2.09394001961,2.07491993904,2.08910989761,0
2025-04-10 08:00:00+00:00,2.08910989761,2.09736990929,2.08839988708,2.09125995636,0
2025-04-10 09:00:00+00:00,2.0912899971,2.09501004219,2.08518004417,2.09373998642,0
2025-04-10 10:00:00+00:00,2.09377002716,2.09377002716,2.08253002167,2.08924007416,0
2025-04-10 11:00:00+00:00,2.08917999268,2.09356999397,2.08839988708,2.09080004692,0
2025-04-10 12:00:00+00:00,2.09082007408,2.09395003319,2.08369994164,2.09064006805,0
2025-04-10 13:00:00+00:00,2.09063005447,2.09179997444,2.08007001877,2.0886900425,0
2025-04-10 14:00:00+00:00,2.08884000778,2.09237003326,2.0748000145,2.07503008842,0
2025-04-10 15:00:00+00:00,2.07515001297,2.09126996994,2.07470011711,2.08940005302,0
2025-04-10 16:00:00+00:00,2.0894100666,2.09606003761,2.08764004707,2.08997011185,0
2025-04-10 17:00:00+00:00,2.08997011185,2.09198999405,2.08358001709,2.08475995064,0
2025-04-10 18:00:00+00:00,2.08505010605,2.08576989174,2.07894992828,2.08267998695,0
2025-04-10 19:00:00+00:00,2.08273005486,2.08887004852,2.08050990105,2.08502006531,0
2025-04-10 20:00:00+00:00,2.08503007889,2.08523011208,2.08050990105,2.08265995979,0
2025-04-10 21:00:00+00:00,2.08359003067,2.08379006386,2.07849001884,2.08206009865,0
2025-04-10 22:00:00+00:00,2.08205008507,2.08679008484,2.08113002777,2.08529996872,0
2025-04-10 23:00:00+00:00,2.08566999435,2.08805990219,2.08449006081,2.0872399807,0
2025-04-11 00:00:00+00:00,2.08727002144,2.09811997414,2.08611011505,2.09438991547,0
2025-04-11 01:00:00+00:00,2.09431004524,2.09507989883,2.08407998085,2.08527994156,0
2025-04-11 02:00:00+00:00,2.08523988724,2.08913993835,2.078799963,2.08271002769,0
2025-04-11 03:00:00+00:00,2.08272004128,2.09046006203,2.08256006241,2.08803009987,0
2025-04-11 04:00:00+00:00,2.08804988861,2.1017999649,2.08622002602,2.10153007507,0
2025-04-11 05:00:00+00:00,2.10161995888,2.10504007339,2.09453010559,2.09772992134,0
2025-04-11 06:00:00+00:00,2.09765005112,2.09977006912,2.09350991249,2.09931993484,0
2025-04-11 07:00:00+00:00,2.09923005104,2.10191011429,2.09725999832,2.09903001785,0
2025-04-11 08:00:00+00:00,2.09903001785,2.1116900444,2.09885001183,2.10800004005,0
2025-04-11 09:00:00+00:00,2.10789990425,2.11104011536,2.1022799015,2.10541009903,0
2025-04-11 10:00:00+00:00,2.10540008545,2.10563993454,2.09629011154,2.09868001938,0
2025-04-11 11:00:00+00:00,2.09858989716,2.10011005402,2.09565997124,2.09746003151,0
2025-04-11 12:00:00+00:00,2.09724998474,2.10269999504,2.09224009514,2.09599995613,0
2025-04-11 13:00:00+00:00,2.09583997726,2.09996008873,2.08037996292,2.09768009186,0
2025-04-11 14:00:00+00:00,2.09791994095,2.1021399498,2.08853006363,2.09398007393,0
2025-04-11 15:00:00+00:00,2.09403991699,2.09714007378,2.08885002136,2.08943009377,0
2025-04-11 16:00:00+00:00,2.08958005905,2.09301996231,2.08615994453,2.08658003807,0
2025-04-11 17:00:00+00:00,2.08653998375,2.08967995644,2.08019995689,2.08108997345,0
2025-04-11 18:00:00+00:00,2.08122992516,2.08217000961,2.07708001137,2.07839989662,0
2025-04-11 19:00:00+00:00,2.07843995094,2.07857990265,2.07522010803,2.07748007774,0
2025-04-11 20:00:00+00:00,2.0775001049,2.08179998398,2.07693004608,2.07891988754,0
2025-04-11 21:00:00+00:00,2.0808699131,2.0808699131,2.0808699131,2.0808699131,0
2025-04-13 23:00:00+00:00,2.08213996887,2.08357000351,2.07610988617,2.07637000084,0
2025-04-14 00:00:00+00:00,2.07630991936,2.08188009262,2.0738799572,2.08149003983,0
2025-04-14 01:00:00+00:00,2.08149003983,2.08351993561,2.07909989357,2.08236002922,0
2025-04-14 02:00:00+00:00,2.08242988586,2.08441996574,2.07918000221,2.07965993881,0
2025-04-14 03:00:00+00:00,2.0797700882,2.08445000648,2.07944011688,2.08384990692,0
2025-04-14 04:00:00+00:00,2.08388996124,2.08437991142,2.08087992668,2.08109998703,0
2025-04-14 05:00:00+00:00,2.08106994629,2.08261990547,2.07891988754,2.08248996735,0
2025-04-14 06:00:00+00:00,2.08247995377,2.08474993706,2.07944011688,2.08000993729,0
2025-04-14 07:00:00+00:00,2.08014011383,2.08327007294,2.07916998863,2.08154988289,0
2025-04-14 08:00:00+00:00,2.08141994476,2.08256006241,2.07630991936,2.07835006714,0
2025-04-14 09:00:00+00:00,2.07835006714,2.08445000648,2.07730007172,2.08418989182,0
2025-04-14 10:00:00+00:00,2.08400988579,2.08960008621,2.08079004288,2.08903002739,0
2025-04-14 11:00:00+00:00,2.08891010284,2.08995008469,2.08593988419,2.0873401165,0
2025-04-14 12:00:00+00:00,2.08734989166,2.08875989914,2.08563995361,2.08774995804,0
2025-04-14 13:00:00+00:00,2.08780002594,2.09185004234,2.08647990227,2.09085011482,0
2025-04-14 14:00:00+00:00,2.09082007408,2.09092998505,2.08152008057,2.08432006836,0
2025-04-14 15:00:00+00:00,2.08432006836,2.08822989464,2.08245992661,2.08754992485,0
2025-04-14 16:00:00+00:00,2.08746004105,2.08812999725,2.08428001404,2.08691000938,0
2025-04-14 17:00:00+00:00,2.08696007729,2.08716011047,2.08342003822,2.0847799778,0
2025-04-14 18:00:00+00:00,2.08470010757,2.08481001854,2.0813999176,2.08175992966,0
2025-04-14 19:00:00+00:00,2.08174991608,2.08326005936,2.08101010323,2.08221006393,0
2025-04-14 20:00:00+00:00,2.08234000206,2.08611011505,2.08210992813,2.08327007294,0
2025-04-14 21:00:00+00:00,2.0833799839,2.08595991135,2.08203005791,2.08410000801,0
2025-04-14 22:00:00+00:00,2.08434009552,2.08712005615,2.08397006989,2.08454990387,0
2025-04-14 23:00:00+00:00,2.08471989632,2.08526992798,2.08334994316,2.08437991142,0
2025-04-15 00:00:00+00:00,2.0844399929,2.08453011513,2.07993006706,2.08170008659,0
2025-04-15 01:00:00+00:00,2.0817899704,2.08225989342,2.07703995705,2.08085989952,0
2025-04-15 02:00:00+00:00,2.08067011833,2.08113002777,2.07766008377,2.07933998108,0
2025-04-15 03:00:00+00:00,2.07930994034,2.07987999916,2.07642006874,2.07715010643,0
2025-04-15 04:00:00+00:00,2.07719993591,2.07747006416,2.07199001312,2.07406997681,0
2025-04-15 05:00:00+00:00,2.07417011261,2.07920002937,2.07371997833,2.07858991623,0
2025-04-15 06:00:00+00:00,2.07861995697,2.07963991165,2.07355999947,2.07476997375,0
2025-04-15 07:00:00+00:00,2.07473993301,2.07856011391,2.07143998146,2.07702994347,0
2025-04-15 08:00:00+00:00,2.07708001137,2.0843501091,2.07682991028,2.08320999146,0
2025-04-15 09:00:00+00:00,2.08320999146,2.08662009239,2.08212995529,2.08555006981,0
2025-04-15 10:00:00+00:00,2.08542990685,2.08566999435,2.08152008057,2.08183002472,0
2025-04-15 11:00:00+00:00,2.08186006546,2.08248996735,2.07796001434,2.08046007156,0
2025-04-15 12:00:00+00:00,2.0803899765,2.08169007301,2.07505989075,2.07525992393,0
2025-04-15 13:00:00+00:00,2.07534003258,2.07551002502,2.07166004181,2.07436990738,0
2025-04-15 14:00:00+00:00,2.07447004318,2.07994008064,2.07299995422,2.07831001282,0
2025-04-15 15:00:00+00:00,2.07823991776,2.08094000816,2.07709002495,2.07971000671,0
2025-04-15 16:00:00+00:00,2.0797700882,2.08070993423,2.07701992989,2.07962989807,0
2025-04-15 17:00:00+00:00,2.07965993881,2.08218002319,2.07951998711,2.08037996292,0
2025-04-15 18:00:00+00:00,2.08042001724,2.08307003975,2.08034992218,2.082269907,0
2025-04-15 19:00:00+00:00,2.08227992058,2.08463001251,2.08213996887,2.08434009552,0
2025-04-15 20:00:00+00:00,2.08440995216,2.08576989174,2.08388996124,2.08405995369,0
2025-04-15 21:00:00+00:00,2.08414006233,2.08710002899,2.07751011848,2.08641004562,0
2025-04-15 22:00:00+00:00,2.08617997169,2.08977007866,2.08566999435,2.08714008331,0
2025-04-15 23:00:00+00:00,2.08686995506,2.09167003632,2.08640003204,2.08747005463,0
2025-04-16 00:00:00+00:00,2.08730006218,2.09226989746,2.08666992188,2.09100008011,0
2025-04-16 01:00:00+00:00,2.09092998505,2.09105992317,2.0873401165,2.08748006821,0
2025-04-16 02:00:00+00:00,2.08747005463,2.091340065,2.08403992653,2.09037995338,0
2025-04-16 03:00:00+00:00,2.09033989906,2.0912399292,2.08808994293,2.08960008621,0
2025-04-16 04:00:00+00:00,2.08961009979,2.09048008919,2.08763003349,2.0878200531,0
2025-04-16 05:00:00+00:00,2.08791995049,2.09122991562,2.08744001389,2.09088993073,0
2025-04-16 06:00:00+00:00,2.09085988998,2.0932199955,2.08764004707,2.08828997612,0
2025-04-16 07:00:00+00:00,2.08825993538,2.09325003624,2.08712005615,2.09178996086,0
2025-04-16 08:00:00+00:00,2.09179997444,2.09326004982,2.08098006248,2.08695006371,0
2025-04-16 09:00:00+00:00,2.08682990074,2.08762001991,2.0817899704,2.08277010918,0
2025-04-16 10:00:00+00:00,2.0829000473,2.08370995522,2.0803000927,2.08176994324,0
2025-04-16 11:00:00+00:00,2.08167004585,2.08277988434,2.08041000366,2.08229994774,0
2025-04-16 12:00:00+00:00,2.0823199749,2.08429002762,2.07936000824,2.08400988579,0
2025-04-16 13:00:00+00:00,2.0841999054,2.08467006683,2.07969999313,2.08043003082,0
2025-04-16 14:00:00+00:00,2.08035993576,2.0817899704,2.07660007477,2.07699990273,0
2025-04-16 15:00:00+00:00,2.07704997063,2.07791996002,2.07119989395,2.07357001305,0
2025-04-16 16:00:00+00:00,2.07350993156,2.07415008545,2.07173991203,2.07293009758,0
2025-04-16 17:00:00+00:00,2.07277989388,2.07896995544,2.07112002373,2.0784599781,0
2025-04-16 18:00:00+00:00,2.07851004601,2.07873988152,2.07578992844,2.07751011848,0
2025-04-16 19:00:00+00:00,2.07746005058,2.08129000664,2.07712006569,2.07822990417,0
2025-04-16 20:00:00+00:00,2.07820010185,2.07870006561,2.07645988464,2.07761001587,0
2025-04-16 21:00:00+00:00,2.07736992836,2.08099007607,2.0758600235,2.0779299736,0
2025-04-16 22:00:00+00:00,2.07806992531,2.07848000526,2.07590007782,2.07649993896,0
2025-04-16 23:00:00+00:00,2.07610011101,2.07763004303,2.07557988167,2.07738995552,0
2025-04-17 00:00:00+00:00,2.07736992836,2.07816004753,2.07463002205,2.07673001289,0
2025-04-17 01:00:00+00:00,2.0767800808,2.07915997505,2.07563996315,2.07834005356,0
2025-04-17 02:00:00+00:00,2.07829999924,2.08133006096,2.07728004456,2.07853007317,0
2025-04-17 03:00:00+00:00,2.07846999168,2.0808699131,2.07786011696,2.07999992371,0
2025-04-17 04:00:00+00:00,2.08007001877,2.08429002762,2.07888007164,2.0838599205,0
2025-04-17 05:00:00+00:00,2.0837199688,2.08541989326,2.08277988434,2.08319997787,0
2025-04-17 06:00:00+00:00,2.08317995071,2.08806991577,2.08234000206,2.08704996109,0
2025-04-17 07:00:00+00:00,2.08704996109,2.08839011192,2.0833799839,2.08517003059,0
2025-04-17 08:00:00+00:00,2.08516001701,2.08543992043,2.08278989792,2.08330988884,0
2025-04-17 09:00:00+00:00,2.08330011368,2.08451008797,2.08257007599,2.08367991447,0
2025-04-17 10:00:00+00:00,2.08376002312,2.08401989937,2.08067989349,2.08113002777,0
2025-04-17 11:00:00+00:00,2.08115005493,2.08137011528,2.07964992523,2.07990002632,0
2025-04-17 12:00:00+00:00,2.079859972,2.07996988297,2.07567000389,2.07603001595,0
2025-04-17 13:00:00+00:00,2.07600998878,2.07748007774,2.0743598938,2.07513999939,0
2025-04-17 14:00:00+00:00,2.07522010803,2.08066010475,2.07483005524,2.07827997208,0
2025-04-17 15:00:00+00:00,2.07833003998,2.07864999771,2.07606005669,2.0775001049,0
2025-04-17 16:00:00+00:00,2.07752990723,2.07909989357,2.07470989227,2.07643008232,0
2025-04-17 17:00:00+00:00,2.07643008232,2.07715988159,2.07500004768,2.07600998878,0
2025-04-17 18:00:00+00:00,2.0759999752,2.07663989067,2.07428002357,2.07602000237,0
2025-04-17 19:00:00+00:00,2.07622003555,2.07677006721,2.07513999939,2.07610988617,0
2025-04-17 20:00:00+00:00,2.07610988617,2.0763399601,2.07454991341,2.07559990883,0
2025-04-17 21:00:00+00:00,2.07553005219,2.08077001572,2.07157993317,2.07597994804,0
2025-04-17 22:00:00+00:00,2.0759100914,2.07907009125,2.07382011414,2.07579994202,0
2025-04-17 23:00:00+00:00,2.07609009743,2.07765007019,2.0734500885,2.07623004913,0
2025-04-18 00:00:00+00:00,2.07622003555,2.07960009575,2.07522988319,2.07894992828,0
2025-04-18 01:00:00+00:00,2.07891988754,2.08061003685,2.07831001282,2.07989001274,0
2025-04-18 02:00:00+00:00,2.07989001274,2.08420991898,2.07789993286,2.08357000351,0
2025-04-18 03:00:00+00:00,2.08376002312,2.0847299099,2.07803010941,2.080919981,0
2025-04-18 04:00:00+00:00,2.08104991913,2.08123993874,2.07700991631,2.07880997658,0
2025-04-18 05:00:00+00:00,2.07889008522,2.08189988136,2.07748007774,2.08036994934,0
2025-04-18 06:00:00+00:00,2.08027005196,2.08090996742,2.07795000076,2.07902002335,0
2025-04-18 07:00:00+00:00,2.07901000977,2.0833799839,2.07875990868,2.08224010468,0
2025-04-18 08:00:00+00:00,2.08235001564,2.08376002312,2.08046007156,2.08350992203,0
2025-04-18 09:00:00+00:00,2.08359003067,2.08380007744,2.08077001572,2.08218002319,0
2025-04-18 10:00:00+00:00,2.0824201107,2.08303999901,2.07997989655,2.08232998848,0
2025-04-18 11:00:00+00:00,2.08225011826,2.08379006386,2.08094000816,2.08224010468,0
2025-04-18 12:00:00+00:00,2.08225011826,2.08370995522,2.08098006248,2.0829501152,0
2025-04-18 13:00:00+00:00,2.08260989189,2.08413004875,2.08147001266,2.08243989944,0
2025-04-18 14:00:00+00:00,2.08242988586,2.08482003212,2.08204007149,2.08416008949,0
2025-04-18 15:00:00+00:00,2.08456993103,2.08456993103,2.08201003075,2.08254003525,0
2025-04-18 16:00:00+00:00,2.08255004883,2.08393001556,2.08215999603,2.08355998993,0
2025-04-18 17:00:00+00:00,2.08357000351,2.08380007744,2.08200001717,2.08275008202,0
2025-04-18 18:00:00+00:00,2.08273005486,2.08351993561,2.08227992058,2.08316993713,0
2025-04-18 19:00:00+00:00,2.08335995674,2.08489990234,2.08277988434,2.08450007439,0
2025-04-18 20:00:00+00:00,2.08439993858,2.08597993851,2.0827600956,2.08473992348,0
2025-04-18 21:00:00+00:00,2.08518004417,2.08518004417,2.08518004417,2.08518004417,0
2025-04-20 23:00:00+00:00,2.08434009552,2.08467006683,2.08224010468,2.08368992805,0
2025-04-21 00:00:00+00:00,2.08361005783,2.09015989304,2.08308005333,2.08980989456,0
2025-04-21 01:00:00+00:00,2.08976006508,2.09113001823,2.08748006821,2.08846998215,0
2025-04-21 02:00:00+00:00,2.08866000175,2.09066009521,2.08794999123,2.0891699791,0
2025-04-21 03:00:00+00:00,2.08912992477,2.08965992928,2.08225989342,2.0827600956,0
2025-04-21 04:00:00+00:00,2.08267998695,2.0864200592,2.08220005035,2.08534002304,0
2025-04-21 05:00:00+00:00,2.08524990082,2.08612990379,2.08294010162,2.0834300518,0
2025-04-21 06:00:00+00:00,2.08333992958,2.08506989479,2.08273005486,2.0839600563,0
2025-04-21 07:00:00+00:00,2.0839600563,2.08617997169,2.08270001411,2.08432006836,0
2025-04-21 08:00:00+00:00,2.08437991142,2.08699989319,2.08403992653,2.08630990982,0
2025-04-21 09:00:00+00:00,2.0862300396,2.08712005615,2.08379006386,2.085750103,0
2025-04-21 10:00:00+00:00,2.08559989929,2.08674001694,2.08334994316,2.08403992653,0
2025-04-21 11:00:00+00:00,2.08404994011,2.0858399868,2.08190989494,2.08521008492,0
2025-04-21 12:00:00+00:00,2.08520007133,2.08700990677,2.08317995071,2.08446002007,0
2025-04-21 13:00:00+00:00,2.0843501091,2.08619999886,2.08302998543,2.08612990379,0
2025-04-21 14:00:00+00:00,2.08613991737,2.08749008179,2.08501005173,2.08611011505,0
2025-04-21 15:00:00+00:00,2.08610010147,2.08862996101,2.08572006226,2.08736991882,0
2025-04-21 16:00:00+00:00,2.0873799324,2.08759999275,2.08554005623,2.08613991737,0
2025-04-21 17:00:00+00:00,2.08606004715,2.08812999725,2.08592009544,2.08789992332,0
2025-04-21 18:00:00+00:00,2.08792996407,2.08846998215,2.08566999435,2.08605003357,0
2025-04-21 19:00:00+00:00,2.08603000641,2.0863699913,2.0832400322,2.08376002312,0
2025-04-21 20:00:00+00:00,2.08379006386,2.08598995209,2.08350992203,2.08403992653,0
2025-04-21 21:00:00+00:00,2.08325004578,2.08678007126,2.08232998848,2.08576011658,0
2025-04-21 22:00:00+00:00,2.08576011658,2.08643007278,2.08293008804,2.0858900547,0
2025-04-21 23:00:00+00:00,2.08577990532,2.08628988266,2.08283996582,2.083329916,0
2025-04-22 00:00:00+00:00,2.08336997032,2.08730006218,2.08328008652,2.08613991737,0
2025-04-22 01:00:00+00:00,2.08621001244,2.08628988266,2.08186006546,2.08451008797,0
2025-04-22 02:00:00+00:00,2.08464002609,2.08580994606,2.083329916,2.08463001251,0
2025-04-22 03:00:00+00:00,2.08466005325,2.08563995361,2.08187007904,2.08346009254,0
2025-04-22 04:00:00+00:00,2.08335995674,2.0848300457,2.08225011826,2.08361005783,0
2025-04-22 05:00:00+00:00,2.08372998238,2.08863997459,2.08347988129,2.08449006081,0
2025-04-22 06:00:00+00:00,2.08441996574,2.08659005165,2.08334994316,2.0847799778,0
2025-04-22 07:00:00+00:00,2.08482003212,2.086810112,2.08283996582,2.08461999893,0
2025-04-22 08:00:00+00:00,2.08461999893,2.08906006813,2.0827600956,2.08876991272,0
2025-04-22 09:00:00+00:00,2.08886003494,2.08937001228,2.08696007729,2.08822989464,0
2025-04-22 10:00:00+00:00,2.08826994896,2.08970999718,2.08754992485,2.0887799263,0
2025-04-22 11:00:00+00:00,2.08886003494,2.0923500061,2.08856010437,2.09165000916,0
2025-04-22 12:00:00+00:00,2.09170007706,2.09250998497,2.08886003494,2.09204006195,0
2025-04-22 13:00:00+00:00,2.09222006798,2.09648990631,2.09203004837,2.0941400528,0
2025-04-22 14:00:00+00:00,2.09411001205,2.09517002106,2.0922100544,2.09404993057,0
2025-04-22 15:00:00+00:00,2.09405994415,2.09608006477,2.09225988388,2.09305000305,0
2025-04-22 16:00:00+00:00,2.09306001663,2.09317994118,2.08504009247,2.08622002602,0
2025-04-22 17:00:00+00:00,2.0863699913,2.09305000305,2.08486008644,2.09097003937,0
2025-04-22 18:00:00+00:00,2.09099006653,2.09243988991,2.08901000023,2.09175992012,0
2025-04-22 19:00:00+00:00,2.09184002876,2.09584999084,2.09093999863,2.09491991997,0
2025-04-22 20:00:00+00:00,2.09489989281,2.09510993958,2.09219002724,2.09219002724,0
2025-04-22 21:00:00+00:00,2.09185004234,2.09419989586,2.08127999306,2.08558988571,0
2025-04-22 22:00:00+00:00,2.08531999588,2.08868002892,2.08148002625,2.08369994164,0
2025-04-22 23:00:00+00:00,2.08348989487,2.08455991745,2.08079004288,2.08141994476,0
2025-04-23 00:00:00+00:00,2.08152008057,2.08273005486,2.07867002487,2.08014988899,0
2025-04-23 01:00:00+00:00,2.08039999008,2.08239006996,2.07743000984,2.08085989952,0
2025-04-23 02:00:00+00:00,2.08079004288,2.08255004883,2.07995009422,2.08239006996,0
2025-04-23 03:00:00+00:00,2.08246994019,2.08373999596,2.07908010483,2.0794699192,0
2025-04-23 04:00:00+00:00,2.07942008972,2.08068990707,2.07856011391,2.08034992218,0
2025-04-23 05:00:00+00:00,2.08036994934,2.08188009262,2.07827997208,2.07855010033,0
2025-04-23 06:00:00+00:00,2.07869005203,2.07920002937,2.07305002213,2.07470989227,0
2025-04-23 07:00:00+00:00,2.07470011711,2.07815003395,2.07422995567,2.07503008842,0
2025-04-23 08:00:00+00:00,2.07511997223,2.07910990715,2.07009005547,2.07712006569,0
2025-04-23 09:00:00+00:00,2.07711005211,2.07899999619,2.0757598877,2.07632994652,0
2025-04-23 10:00:00+00:00,2.07630991936,2.07796001434,2.07484006882,2.07523989677,0
2025-04-23 11:00:00+00:00,2.07535004616,2.07679009438,2.07366991043,2.07434010506,0
2025-04-23 12:00:00+00:00,2.07429003716,2.07662010193,2.0728700161,2.07312989235,0
2025-04-23 13:00:00+00:00,2.07309007645,2.07702994347,2.06796002388,2.07132005692,0
2025-04-23 14:00:00+00:00,2.07132005692,2.07483005524,2.06833004951,2.07079005241,0
2025-04-23 15:00:00+00:00,2.07086992264,2.08165001869,2.06920003891,2.07910990715,0
2025-04-23 16:00:00+00:00,2.07922005653,2.08541989326,2.07878994942,2.0817899704,0
2025-04-23 17:00:00+00:00,2.08172988892,2.08489990234,2.08105993271,2.08345007896,0
2025-04-23 18:00:00+00:00,2.08335995674,2.08473992348,2.08193993568,2.08405995369,0
2025-04-23 19:00:00+00:00,2.08404994011,2.08745002747,2.08353996277,2.08614993095,0
2025-04-23 20:00:00+00:00,2.08601999283,2.08650994301,2.08206009865,2.08206009865,0
2025-04-23 21:00:00+00:00,2.08312010765,2.08450007439,2.07960009575,2.08260011673,0
2025-04-23 22:00:00+00:00,2.08240008354,2.08468008041,2.08190989494,2.08433008194,0
2025-04-23 23:00:00+00:00,2.08461999893,2.0852599144,2.08280992508,2.0842499733,0
2025-04-24 00:00:00+00:00,2.0842499733,2.08733010292,2.08232998848,2.08586001396,0
2025-04-24 01:00:00+00:00,2.08587002754,2.0898900032,2.08535003662,2.08968997002,0
2025-04-24 02:00:00+00:00,2.08959007263,2.09084010124,2.08564996719,2.08574008942,0
2025-04-24 03:00:00+00:00,2.08576011658,2.08832001686,2.08539009094,2.08650994301,0
2025-04-24 04:00:00+00:00,2.08646988869,2.08739995956,2.08494997025,2.08657002449,0
2025-04-24 05:00:00+00:00,2.08657002449,2.09122991562,2.08545994759,2.08997988701,0
2025-04-24 06:00:00+00:00,2.09014010429,2.09025001526,2.08316993713,2.08351993561,0
2025-04-24 07:00:00+00:00,2.08359003067,2.08485007286,2.08185005188,2.08225989342,0
2025-04-24 08:00:00+00:00,2.08225989342,2.08628988266,2.0813999176,2.08574008942,0
2025-04-24 09:00:00+00:00,2.08573007584,2.0864200592,2.08314990997,2.08346009254,0
2025-04-24 10:00:00+00:00,2.08344006538,2.08558988571,2.08232998848,2.08285999298,0
2025-04-24 11:00:00+00:00,2.08291006088,2.08806991577,2.08253002167,2.08747005463,0
2025-04-24 12:00:00+00:00,2.08743000031,2.08755993843,2.08313989639,2.08418011665,0
2025-04-24 13:00:00+00:00,2.08425998688,2.08625006676,2.08362007141,2.08427000046,0
2025-04-24 14:00:00+00:00,2.08433008194,2.08476996422,2.08001995087,2.08014988899,0
2025-04-24 15:00:00+00:00,2.08012008667,2.08175992966,2.07869005203,2.08064007759,0
2025-04-24 16:00:00+00:00,2.08065009117,2.08180999756,2.0798099041,2.08015990257,0
2025-04-24 17:00:00+00:00,2.08007001877,2.08207988739,2.07998991013,2.0813100338,0
2025-04-24 18:00:00+00:00,2.08133006096,2.08165001869,2.08037996292,2.08116006851,0
2025-04-24 19:00:00+00:00,2.08117008209,2.08254003525,2.08069992065,2.08185005188,0
2025-04-24 20:00:00+00:00,2.08188009262,2.08234000206,2.07881999016,2.08034992218,0
2025-04-24 21:00:00+00:00,2.08031010628,2.08320999146,2.07741999626,2.07937002182,0
2025-04-24 22:00:00+00:00,2.07934999466,2.08145999908,2.07808995247,2.08085989952,0
2025-04-24 23:00:00+00:00,2.08065009117,2.08223009109,2.08032989502,2.08222007751,0
2025-04-25 00:00:00+00:00,2.08209991455,2.08222007751,2.07804989815,2.07824993134,0
2025-04-25 01:00:00+00:00,2.07807993889,2.08013010025,2.07687997818,2.07944011688,0
2025-04-25 02:00:00+00:00,2.07945990562,2.08095002174,2.07866001129,2.07909989357,0
2025-04-25 03:00:00+00:00,2.07911992073,2.07915997505,2.07081007957,2.07128000259,0
2025-04-25 04:00:00+00:00,2.07122993469,2.07425999641,2.07066988945,2.07405996323,0
2025-04-25 05:00:00+00:00,2.07410001755,2.07630991936,2.07286000252,2.07609009743,0
2025-04-25 06:00:00+00:00,2.07607007027,2.07959008217,2.07574009895,2.07713007927,0
2025-04-25 07:00:00+00:00,2.07714009285,2.0808300972,2.07477998734,2.07793998718,0
2025-04-25 08:00:00+00:00,2.07791996002,2.08177995682,2.07736992836,2.08162999153,0
2025-04-25 09:00:00+00:00,2.08154988289,2.08611989021,2.08114004135,2.08595991135,0
2025-04-25 10:00:00+00:00,2.08598995209,2.08828997612,2.08240008354,2.08807992935,0
2025-04-25 11:00:00+00:00,2.08804988861,2.08821988106,2.08523011208,2.08562994003,0
2025-04-25 12:00:00+00:00,2.08558988571,2.08866000175,2.0848300457,2.08780002594,0
2025-04-25 13:00:00+00:00,2.0878200531,2.08857989311,2.08291006088,2.08335995674,0
2025-04-25 14:00:00+00:00,2.08330988884,2.08466005325,2.08041000366,2.08246994019,0
2025-04-25 15:00:00+00:00,2.08253002167,2.08440995216,2.08166003227,2.08418989182,0
2025-04-25 16:00:00+00:00,2.08410000801,2.0844399929,2.08219003677,2.08245992661,0
2025-04-25 17:00:00+00:00,2.0824201107,2.08566999435,2.08020997047,2.08435988426,0
2025-04-25 18:00:00+00:00,2.08440995216,2.08467006683,2.08077001572,2.08172011375,0
2025-04-25 19:00:00+00:00,2.08171010017,2.08260989189,2.0808300972,2.08088994026,0
2025-04-25 20:00:00+00:00,2.08087992668,2.0814499855,2.07850003242,2.08042001724,0
2025-04-25 21:00:00+00:00,2.08109998703,2.08179998398,2.08109998703,2.08179998398,0
2025-04-27 23:00:00+00:00,2.08003997803,2.08323001862,2.07962989807,2.08220005035,0
2025-04-28 00:00:00+00:00,2.08225989342,2.08473992348,2.08135008812,2.08221006393,0
2025-04-28 01:00:00+00:00,2.08223009109,2.0829000473,2.08061003685,2.08215999603,0
2025-04-28 02:00:00+00:00,2.08217000961,2.08338999748,2.08092999458,2.08327007294,0
2025-04-28 03:00:00+00:00,2.08330988884,2.08513998985,2.08082008362,2.08183002472,0
2025-04-28 04:00:00+00:00,2.08177995682,2.08196997643,2.07857990265,2.07956004143,0
2025-04-28 05:00:00+00:00,2.07956004143,2.08172011375,2.07891011238,2.0789899826,0
2025-04-28 06:00:00+00:00,2.07902002335,2.08327007294,2.07813000679,2.08249998093,0
2025-04-28 07:00:00+00:00,2.08253002167,2.08854007721,2.08238005638,2.08804988861,0
2025-04-28 08:00:00+00:00,2.08809995651,2.09037995338,2.08767008781,2.08911991119,0
2025-04-28 09:00:00+00:00,2.08909988403,2.09002995491,2.08517003059,2.08592009544,0
2025-04-28 10:00:00+00:00,2.08593988419,2.08632993698,2.08410000801,2.0858900547,0
2025-04-28 11:00:00+00:00,2.08586001396,2.08597993851,2.08414006233,2.08561992645,0
2025-04-28 12:00:00+00:00,2.08555006981,2.08654999733,2.08378005028,2.08626008034,0
2025-04-28 13:00:00+00:00,2.08629989624,2.08765006065,2.08383011818,2.08574008942,0
2025-04-28 14:00:00+00:00,2.085750103,2.08815002441,2.08453989029,2.08495998383,0
2025-04-28 15:00:00+00:00,2.08495998383,2.0892701149,2.08422994614,2.08873009682,0
2025-04-28 16:00:00+00:00,2.08873009682,2.09040999413,2.08793997765,2.08977007866,0
2025-04-28 17:00:00+00:00,2.0897500515,2.09188008308,2.08961009979,2.08992004395,0
2025-04-28 18:00:00+00:00,2.08991003036,2.09000992775,2.08841991425,2.08938002586,0
2025-04-28 19:00:00+00:00,2.0894100666,2.0896499157,2.08786010742,2.08866000175,0
2025-04-28 20:00:00+00:00,2.08862996101,2.09011006355,2.08817005157,2.08889007568,0
2025-04-28 21:00:00+00:00,2.0888800621,2.09159994125,2.0868499279,2.08937001228,0
2025-04-28 22:00:00+00:00,2.08928990364,2.0903699398,2.08805990219,2.08962011337,0
2025-04-28 23:00:00+00:00,2.08942008018,2.090280056,2.08873009682,2.08997011185,0
2025-04-29 00:00:00+00:00,2.08994007111,2.09127998352,2.08826994896,2.08856010437,0
2025-04-29 01:00:00+00:00,2.08859992027,2.08962011337,2.08727002144,2.08767008781,0
2025-04-29 02:00:00+00:00,2.08755993843,2.0898900032,2.08378005028,2.08940005302,0
2025-04-29 03:00:00+00:00,2.08934998512,2.09152007103,2.08914995193,2.09033989906,0
2025-04-29 04:00:00+00:00,2.09039998055,2.09166002274,2.08837008476,2.08892989159,0
2025-04-29 05:00:00+00:00,2.08892011642,2.091340065,2.08858990669,2.09067988396,0
2025-04-29 06:00:00+00:00,2.09069991112,2.09073996544,2.08654999733,2.08858990669,0
2025-04-29 07:00:00+00:00,2.08858990669,2.08933997154,2.08611011505,2.0873401165,0
2025-04-29 08:00:00+00:00,2.08727002144,2.09085011482,2.08673000336,2.0892701149,0
2025-04-29 09:00:00+00:00,2.08924007416,2.09073996544,2.08863997459,2.08933997154,0
2025-04-29 10:00:00+00:00,2.0893099308,2.09138989449,2.0877199173,2.09109997749,0
2025-04-29 11:00:00+00:00,2.09124994278,2.09226989746,2.09011006355,2.09027004242,0
2025-04-29 12:00:00+00:00,2.09025001526,2.09153008461,2.08839011192,2.09138989449,0
2025-04-29 13:00:00+00:00,2.09143996239,2.09759998322,2.09115004539,2.09703993797,0
2025-04-29 14:00:00+00:00,2.09686994553,2.10294008255,2.09646010399,2.09850001335,0
2025-04-29 15:00:00+00:00,2.09848999977,2.09953999519,2.09678006172,2.0983300209,0
2025-04-29 16:00:00+00:00,2.0983300209,2.09980988503,2.09714007378,2.09945011139,0
2025-04-29 17:00:00+00:00,2.09934997559,2.09974002838,2.0967900753,2.09718990326,0
2025-04-29 18:00:00+00:00,2.09717011452,2.0992898941,2.0971300602,2.09854006767,0
2025-04-29 19:00:00+00:00,2.09847998619,2.10050988197,2.09805989265,2.09969997406,0
2025-04-29 20:00:00+00:00,2.0996799469,2.10100007057,2.09724998474,2.09897994995,0
2025-04-29 21:00:00+00:00,2.09810996056,2.10001993179,2.09631991386,2.09857010841,0
2025-04-29 22:00:00+00:00,2.09856009483,2.10086989403,2.09799003601,2.10054993629,0
2025-04-29 23:00:00+00:00,2.10054993629,2.10083007812,2.09943008423,2.09963011742,0
2025-04-30 00:00:00+00:00,2.0995900631,2.10096001625,2.09852004051,2.09947991371,0
2025-04-30 01:00:00+00:00,2.09945988655,2.09998989105,2.09241008759,2.09314990044,0
2025-04-30 02:00:00+00:00,2.09318995476,2.0942800045,2.09147000313,2.09309005737,0
2025-04-30 03:00:00+00:00,2.09314990044,2.09368991852,2.09130001068,2.09174990654,0
2025-04-30 04:00:00+00:00,2.09171009064,2.09177994728,2.08752989769,2.08763003349,0
2025-04-30 05:00:00+00:00,2.08763003349,2.08896994591,2.08700990677,2.08833003044,0
2025-04-30 06:00:00+00:00,2.08837008476,2.0918700695,2.08622002602,2.09052991867,0
2025-04-30 07:00:00+00:00,2.09043002129,2.09448003769,2.09005999565,2.09337997437,0
2025-04-30 08:00:00+00:00,2.09338998795,2.09401988983,2.09104990959,2.09177994728,0
2025-04-30 09:00:00+00:00,2.09174990654,2.09196996689,2.08849000931,2.08891010284,0
2025-04-30 10:00:00+00:00,2.08890008926,2.09043002129,2.08803009987,2.08901000023,0
2025-04-30 11:00:00+00:00,2.08902001381,2.09105992317,2.08885002136,2.08979988098,0
2025-04-30 12:00:00+00:00,2.08977007866,2.09768009186,2.08857011795,2.09509992599,0
2025-04-30 13:00:00+00:00,2.09505009651,2.0962600708,2.09043002129,2.09506988525,0
2025-04-30 14:00:00+00:00,2.09493994713,2.09505009651,2.08653998375,2.08759999275,0
2025-04-30 15:00:00+00:00,2.08758997917,2.08815002441,2.08364009857,2.08523988724,0
2025-04-30 16:00:00+00:00,2.08524990082,2.08789992332,2.08499002457,2.08693003654,0
2025-04-30 17:00:00+00:00,2.08693003654,2.08721995354,2.08494997025,2.08553004265,0
2025-04-30 18:00:00+00:00,2.08553004265,2.08600997925,2.0814499855,2.08294010162,0
2025-04-30 19:00:00+00:00,2.08297991753,2.08342003822,2.08000993729,2.08096003532,0
2025-04-30 20:00:00+00:00,2.0808699131,2.08236002922,2.07962989807,2.08014988899,0
2025-04-30 21:00:00+00:00,2.08175992966,2.08505988121,2.07852005959,2.08119988441,0
2025-04-30 22:00:00+00:00,2.08076000214,2.08133006096,2.07842993736,2.07891988754,0
2025-04-30 23:00:00+00:00,2.07883000374,2.07954001427,2.07708001137,2.0778400898,0
2025-05-01 00:00:00+00:00,2.07780003548,2.07852005959,2.0759499073,2.07646989822,0
2025-05-01 01:00:00+00:00,2.07658004761,2.07754993439,2.07526993752,2.07629990578,0
2025-05-01 02:00:00+00:00,2.07602000237,2.07664990425,2.07119989395,2.07378005981,0
2025-05-01 03:00:00+00:00,2.07394003868,2.07618999481,2.07366991043,2.07575011253,0
2025-05-01 04:00:00+00:00,2.07587003708,2.07827997208,2.07521009445,2.07668995857,0
2025-05-01 05:00:00+00:00,2.07668995857,2.07924008369,2.0754699707,2.0784599781,0
2025-05-01 06:00:00+00:00,2.0783200264,2.078799963,2.07653999329,2.07680010796,0
2025-05-01 07:00:00+00:00,2.07680010796,2.08383011818,2.0757598877,2.08378005028,0
2025-05-01 08:00:00+00:00,2.08369994164,2.08758997917,2.08364009857,2.08606004715,0
2025-05-01 09:00:00+00:00,2.08613991737,2.08862996101,2.08484005928,2.08823990822,0
2025-05-01 10:00:00+00:00,2.08817005157,2.08887004852,2.08555006981,2.08579993248,0
2025-05-01 11:00:00+00:00,2.08579993248,2.08704996109,2.08454990387,2.08482003212,0
2025-05-01 12:00:00+00:00,2.08486008644,2.08745002747,2.08360004425,2.08487010002,0
2025-05-01 13:00:00+00:00,2.08488988876,2.08662009239,2.08394002914,2.08572006226,0
2025-05-01 14:00:00+00:00,2.08591008186,2.08747005463,2.08174991608,2.08244991302,0
2025-05-01 15:00:00+00:00,2.08229994774,2.08365988731,2.08016991615,2.08297991753,0
2025-05-01 16:00:00+00:00,2.08289003372,2.08470988274,2.08223009109,2.08399009705,0
2025-05-01 17:00:00+00:00,2.08386993408,2.08400988579,2.08043003082,2.08115005493,0
2025-05-01 18:00:00+00:00,2.08121991158,2.08143997192,2.07828998566,2.07926011086,0
2025-05-01 19:00:00+00:00,2.07921004295,2.08049988747,2.07873010635,2.08009004593,0
2025-05-01 20:00:00+00:00,2.08008003235,2.08103990555,2.07863998413,2.07881999016,0
2025-05-01 21:00:00+00:00,2.08098006248,2.08548998833,2.07699990273,2.07833003998,0
2025-05-01 22:00:00+00:00,2.07841992378,2.08154010773,2.07790994644,2.08087992668,0
2025-05-01 23:00:00+00:00,2.08081007004,2.08116006851,2.07926011086,2.08042001724,0
2025-05-02 00:00:00+00:00,2.08049988747,2.08117008209,2.07115006447,2.07289004326,0
2025-05-02 01:00:00+00:00,2.0728700161,2.07498002052,2.07226991653,2.07360005379,0
2025-05-02 02:00:00+00:00,2.0734899044,2.07498002052,2.07278990746,2.07421994209,0
2025-05-02 03:00:00+00:00,2.07417988777,2.07695007324,2.07264995575,2.07366991043,0
2025-05-02 04:00:00+00:00,2.07370996475,2.07766008377,2.07361006737,2.07507991791,0
2025-05-02 05:00:00+00:00,2.07502007484,2.07722997665,2.07475996017,2.07685995102,0
2025-05-02 06:00:00+00:00,2.07699990273,2.0787498951,2.07310009003,2.07574009895,0
2025-05-02 07:00:00+00:00,2.07571005821,2.07652997971,2.07155990601,2.07304000854,0
2025-05-02 08:00:00+00:00,2.07294988632,2.07321000099,2.06875991821,2.07017993927,0
2025-05-02 09:00:00+00:00,2.07032990456,2.07063007355,2.06503009796,2.06626009941,0
2025-05-02 10:00:00+00:00,2.06633996964,2.06831002235,2.06517004967,2.06692004204,0
2025-05-02 11:00:00+00:00,2.06692004204,2.06752991676,2.06471991539,2.06634998322,0
2025-05-02 12:00:00+00:00,2.0663599968,2.06667995453,2.05952000618,2.06186008453,0
2025-05-02 13:00:00+00:00,2.06190991402,2.06306004524,2.05867004395,2.06276988983,0
2025-05-02 14:00:00+00:00,2.06281995773,2.06400990486,2.05802989006,2.06010007858,0
2025-05-02 15:00:00+00:00,2.0600399971,2.06321001053,2.06002998352,2.0604801178,0
2025-05-02 16:00:00+00:00,2.06044006348,2.06119990349,2.05694007874,2.05968999863,0
2025-05-02 17:00:00+00:00,2.05968999863,2.06121993065,2.05943989754,2.05954003334,0
2025-05-02 18:00:00+00:00,2.05952000618,2.0609099865,2.05852007866,2.05984997749,0
2025-05-02 19:00:00+00:00,2.05994009972,2.06084990501,2.05848002434,2.05917000771,0
2025-05-02 20:00:00+00:00,2.05914998055,2.05953001976,2.05641007423,2.05727005005,0
2025-05-02 21:00:00+00:00,2.05889010429,2.05889010429,2.05889010429,2.05889010429,0
2025-05-04 23:00:00+00:00,2.05494999886,2.05931997299,2.05473995209,2.05915999413,0
2025-05-05 00:00:00+00:00,2.05921006203,2.061439991,2.05856990814,2.05890989304,0
2025-05-05 01:00:00+00:00,2.05883002281,2.05909991264,2.05080008507,2.05482006073,0
2025-05-05 02:00:00+00:00,2.05484008789,2.05592989922,2.05349993706,2.05549001694,0
2025-05-05 03:00:00+00:00,2.05537009239,2.05644989014,2.05522990227,2.05596995354,0
2025-05-05 04:00:00+00:00,2.05587005615,2.05703997612,2.05486011505,2.05524992943,0
2025-05-05 05:00:00+00:00,2.05531001091,2.05555009842,2.05028009415,2.0521800518,0
2025-05-05 06:00:00+00:00,2.05222988129,2.05446004868,2.05141997337,2.05255007744,0
2025-05-05 07:00:00+00:00,2.05254006386,2.05451011658,2.05162000656,2.05386996269,0
2025-05-05 08:00:00+00:00,2.05390000343,2.05430006981,2.04797005653,2.05016994476,0
2025-05-05 09:00:00+00:00,2.0501999855,2.05020999908,2.04791998863,2.0491900444,0
2025-05-05 10:00:00+00:00,2.0491900444,2.05264997482,2.04888010025,2.05240011215,0
2025-05-05 11:00:00+00:00,2.05240011215,2.05392003059,2.05157995224,2.05360007286,0
2025-05-05 12:00:00+00:00,2.0536699295,2.05508995056,2.05283999443,2.05482006073,0
2025-05-05 13:00:00+00:00,2.05484008789,2.05587005615,2.05334997177,2.05514001846,0
2025-05-05 14:00:00+00:00,2.05532002449,2.05624008179,2.05192995071,2.05302000046,0
2025-05-05 15:00:00+00:00,2.0531001091,2.0551700592,2.05243992805,2.05254006386,0
2025-05-05 16:00:00+00:00,2.05255007744,2.05343008041,2.0517001152,2.05327010155,0
2025-05-05 17:00:00+00:00,2.05325007439,2.05462002754,2.0529499054,2.05394005775,0
2025-05-05 18:00:00+00:00,2.05387997627,2.05476999283,2.05371999741,2.05449008942,0
2025-05-05 19:00:00+00:00,2.05461001396,2.05496001244,2.05401992798,2.05476999283,0
2025-05-05 20:00:00+00:00,2.05476999283,2.05595993996,2.05418992043,2.05440998077,0
2025-05-05 21:00:00+00:00,2.05438995361,2.05686998367,2.05264997482,2.05500006676,0
2025-05-05 22:00:00+00:00,2.05522990227,2.05627989769,2.05404996872,2.05554008484,0
2025-05-05 23:00:00+00:00,2.05556988716,2.05720996857,2.05515003204,2.05695009232,0
2025-05-06 00:00:00+00:00,2.0569999218,2.05875992775,2.05645990372,2.05760002136,0
2025-05-06 01:00:00+00:00,2.05762004852,2.05855989456,2.05519008636,2.05852007866,0
2025-05-06 02:00:00+00:00,2.05838990211,2.05887007713,2.05676007271,2.05819988251,0
2025-05-06 03:00:00+00:00,2.05819010735,2.05957007408,2.05749988556,2.05785989761,0
2025-05-06 04:00:00+00:00,2.05780005455,2.05851006508,2.05558991432,2.05616998672,0
2025-05-06 05:00:00+00:00,2.0561299324,2.05999994278,2.05596995354,2.05919003487,0
2025-05-06 06:00:00+00:00,2.0591199398,2.06227993965,2.0589299202,2.05930995941,0
2025-05-06 07:00:00+00:00,2.05934000015,2.06321001053,2.0589799881,2.06227993965,0
2025-05-06 08:00:00+00:00,2.06227993965,2.06483006477,2.06192994118,2.06357002258,0
2025-05-06 09:00:00+00:00,2.0635099411,2.06720995903,2.06346011162,2.06581997871,0
2025-05-06 10:00:00+00:00,2.06574010849,2.06861996651,2.06480002403,2.06769990921,0
2025-05-06 11:00:00+00:00,2.06771993637,2.0708398819,2.06712007523,2.06855988503,0
2025-05-06 12:00:00+00:00,2.06847000122,2.0714199543,2.06825995445,2.07082009315,0
2025-05-06 13:00:00+00:00,2.07079005241,2.07101988792,2.06704998016,2.06722998619,0
2025-05-06 14:00:00+00:00,2.06719994545,2.06792998314,2.06263995171,2.06385993958,0
2025-05-06 15:00:00+00:00,2.06375002861,2.06427001953,2.05955004692,2.06030011177,0
2025-05-06 16:00:00+00:00,2.06029009819,2.06064009666,2.05684995651,2.05907988548,0
2025-05-06 17:00:00+00:00,2.05905008316,2.06076002121,2.05756998062,2.05974006653,0
2025-05-06 18:00:00+00:00,2.05964994431,2.05981993675,2.0579199791,2.05870008469,0
2025-05-06 19:00:00+00:00,2.05865001678,2.05965995789,2.05819988251,2.05884003639,0
2025-05-06 20:00:00+00:00,2.05883002281,2.05977988243,2.05716991425,2.05738997459,0
2025-05-06 21:00:00+00:00,2.05779004097,2.06080007553,2.05645990372,2.05967998505,0
2025-05-06 22:00:00+00:00,2.05995988846,2.06002998352,2.04823994637,2.05044007301,0
2025-05-06 23:00:00+00:00,2.05094003677,2.053139925,2.05010008812,2.05297994614,0
2025-05-07 00:00:00+00:00,2.05298995972,2.05534005165,2.05240988731,2.05392003059,0
2025-05-07 01:00:00+00:00,2.05398011208,2.05734992027,2.05128002167,2.05519008636,0
2025-05-07 02:00:00+00:00,2.05529999733,2.05953001976,2.05519008636,2.05785989761,0
2025-05-07 03:00:00+00:00,2.05781006813,2.05883002281,2.05620002747,2.057970047,0
2025-05-07 04:00:00+00:00,2.05788993835,2.05988001823,2.05717992783,2.059030056,0
2025-05-07 05:00:00+00:00,2.05890989304,2.06105995178,2.05777001381,2.06045007706,0
2025-05-07 06:00:00+00:00,2.0604300499,2.06102991104,2.0583999157,2.06046009064,0
2025-05-07 07:00:00+00:00,2.0605700016,2.06176996231,2.05890989304,2.05931997299,0
2025-05-07 08:00:00+00:00,2.05930995941,2.06208992004,2.05876994133,2.06041002274,0
2025-05-07 09:00:00+00:00,2.06047010422,2.06203007698,2.05960988998,2.06124997139,0
2025-05-07 10:00:00+00:00,2.06124997139,2.06290006638,2.06006002426,2.06016993523,0
2025-05-07 11:00:00+00:00,2.06016993523,2.0630800724,2.05973005295,2.06201004982,0
2025-05-07 12:00:00+00:00,2.06201004982,2.06621003151,2.06150007248,2.06609010696,0
2025-05-07 13:00:00+00:00,2.06609988213,2.06817007065,2.06351995468,2.0640900135,0
2025-05-07 14:00:00+00:00,2.06400990486,2.06849002838,2.0638999939,2.06616997719,0
2025-05-07 15:00:00+00:00,2.06623005867,2.06783008575,2.06471991539,2.06514000893,0
2025-05-07 16:00:00+00:00,2.06521010399,2.06696009636,2.06484007835,2.0654399395,0
2025-05-07 17:00:00+00:00,2.06539011002,2.06728005409,2.06402993202,2.06656002998,0
2025-05-07 18:00:00+00:00,2.0665500164,2.06777000427,2.06253004074,2.06459999084,0
2025-05-07 19:00:00+00:00,2.06447005272,2.07064008713,2.06440997124,2.06744003296,0
2025-05-07 20:00:00+00:00,2.0675098896,2.06880998611,2.06652998924,2.06875991821,0
2025-05-07 21:00:00+00:00,2.06831002235,2.06968998909,2.06340003014,2.06746006012,0
2025-05-07 22:00:00+00:00,2.06819009781,2.06869006157,2.06621003151,2.0674200058,0
2025-05-07 23:00:00+00:00,2.06738996506,2.06819009781,2.06628990173,2.06652998924,0
2025-05-08 00:00:00+00:00,2.06650996208,2.06734991074,2.06253004074,2.06379008293,0
2025-05-08 01:00:00+00:00,2.0639500618,2.06678009033,2.0620200634,2.06620001793,0
2025-05-08 02:00:00+00:00,2.06620001793,2.06826996803,2.06413006783,2.06722998619,0
2025-05-08 03:00:00+00:00,2.0673699379,2.06803011894,2.06576991081,2.06662011147,0
2025-05-08 04:00:00+00:00,2.0666000843,2.06778001785,2.06551003456,2.06631994247,0
2025-05-08 05:00:00+00:00,2.06616997719,2.06896996498,2.06466007233,2.06753993034,0
2025-05-08 06:00:00+00:00,2.06740999222,2.07259011269,2.06654000282,2.07199001312,0
2025-05-08 07:00:00+00:00,2.07195997238,2.07337999344,2.06878995895,2.06999993324,0
2025-05-08 08:00:00+00:00,2.0699698925,2.07038998604,2.06701993942,2.06831002235,0
2025-05-08 09:00:00+00:00,2.06819009781,2.07061004639,2.06779003143,2.07031011581,0
2025-05-08 10:00:00+00:00,2.0703599453,2.07044005394,2.06627988815,2.06654000282,0
2025-05-08 11:00:00+00:00,2.06651997566,2.07765007019,2.06352996826,2.07674002647,0
2025-05-08 12:00:00+00:00,2.07677006721,2.07859992981,2.07534003258,2.07595992088,0
2025-05-08 13:00:00+00:00,2.0759499073,2.07663011551,2.07364988327,2.07504010201,0
2025-05-08 14:00:00+00:00,2.07506990433,2.07667994499,2.07232999802,2.0758099556,0
2025-05-08 15:00:00+00:00,2.07571005821,2.07612991333,2.0689599514,2.07072997093,0
2025-05-08 16:00:00+00:00,2.07072997093,2.07206010818,2.06867003441,2.06908988953,0
2025-05-08 17:00:00+00:00,2.06909990311,2.0704600811,2.06838011742,2.07024002075,0
2025-05-08 18:00:00+00:00,2.07025003433,2.0718100071,2.06972002983,2.07150006294,0
2025-05-08 19:00:00+00:00,2.07155990601,2.07183003426,2.06784009933,2.06886005402,0
2025-05-08 20:00:00+00:00,2.06907010078,2.06978011131,2.06822991371,2.06851005554,0
2025-05-08 21:00:00+00:00,2.0688700676,2.07059001923,2.06531000137,2.06943011284,0
2025-05-08 22:00:00+00:00,2.0694899559,2.070499897,2.06819009781,2.06975007057,0
2025-05-08 23:00:00+00:00,2.07008004189,2.07100009918,2.0695400238,2.07059001923,0
2025-05-09 00:00:00+00:00,2.07066011429,2.07173991203,2.06862998009,2.07164001465,0
2025-05-09 01:00:00+00:00,2.07172989845,2.07249999046,2.06918001175,2.07032990456,0
2025-05-09 02:00:00+00:00,2.07037997246,2.07368993759,2.06823992729,2.06876993179,0
2025-05-09 03:00:00+00:00,2.06892991066,2.0690600872,2.06521010399,2.0654399395,0
2025-05-09 04:00:00+00:00,2.06541991234,2.06662988663,2.06463003159,2.06504011154,0
2025-05-09 05:00:00+00:00,2.06509995461,2.06735992432,2.06491994858,2.06712007523,0
2025-05-09 06:00:00+00:00,2.06705999374,2.06932997704,2.06608009338,2.06909990311,0
2025-05-09 07:00:00+00:00,2.06916999817,2.07042002678,2.06803011894,2.06874990463,0
2025-05-09 08:00:00+00:00,2.06877994537,2.071860075,2.06872010231,2.07076001167,0
2025-05-09 09:00:00+00:00,2.07077002525,2.0738298893,2.07042002678,2.07326006889,0
2025-05-09 10:00:00+00:00,2.07326006889,2.07573008537,2.07276010513,2.07335996628,0
2025-05-09 11:00:00+00:00,2.0733499527,2.07431006432,2.07222008705,2.07273006439,0
2025-05-09 12:00:00+00:00,2.07276010513,2.07351994514,2.07154989243,2.07291007042,0
2025-05-09 13:00:00+00:00,2.07288002968,2.07290005684,2.06801009178,2.06827998161,0
2025-05-09 14:00:00+00:00,2.06836009026,2.07328009605,2.06783008575,2.0719499588,0
2025-05-09 15:00:00+00:00,2.0720000267,2.07315993309,2.07091999054,2.07290005684,0
2025-05-09 16:00:00+00:00,2.07286000252,2.07471990585,2.07274007797,2.07452011108,0
2025-05-09 17:00:00+00:00,2.07452011108,2.07523989677,2.07361006737,2.07481002808,0
2025-05-09 18:00:00+00:00,2.07470011711,2.07623004913,2.07423996925,2.07614994049,0
2025-05-09 19:00:00+00:00,2.07615995407,2.07646989822,2.07517004013,2.07607007027,0
2025-05-09 20:00:00+00:00,2.07596993446,2.07621002197,2.07306003571,2.07425999641,0
2025-05-09 21:00:00+00:00,2.07447004318,2.07447004318,2.07447004318,2.07447004318,0
2025-05-11 23:00:00+00:00,2.06933999062,2.07024002075,2.06748008728,2.06932997704,0
2025-05-12 00:00:00+00:00,2.06926989555,2.07151007652,2.06822991371,2.06929993629,0
2025-05-12 01:00:00+00:00,2.0693500042,2.06937003136,2.06567001343,2.06719994545,0
2025-05-12 02:00:00+00:00,2.06722998619,2.07077002525,2.06686997414,2.06771993637,0
2025-05-12 03:00:00+00:00,2.06771993637,2.06808996201,2.06620001793,2.06676006317,0
2025-05-12 04:00:00+00:00,2.06672000885,2.067029953,2.06516003609,2.0660700798,0
2025-05-12 05:00:00+00:00,2.06592011452,2.06599998474,2.06276988983,2.06351995468,0
2025-05-12 06:00:00+00:00,2.06351995468,2.06633996964,2.06321001053,2.06614995003,0
2025-05-12 07:00:00+00:00,2.06617999077,2.06648993492,2.0544500351,2.05591011047,0
2025-05-12 08:00:00+00:00,2.05591011047,2.06025004387,2.05322003365,2.05832004547,0
2025-05-12 09:00:00+00:00,2.05835008621,2.06049990654,2.05662989616,2.05958008766,0
2025-05-12 10:00:00+00:00,2.05947995186,2.06228995323,2.05773997307,2.05807995796,0
2025-05-12 11:00:00+00:00,2.05801010132,2.06164002419,2.0575299263,2.06042003632,0
2025-05-12 12:00:00+00:00,2.06089997292,2.06625008583,2.0606200695,2.06590008736,0
2025-05-12 13:00:00+00:00,2.06591010094,2.06721997261,2.06345009804,2.0664100647,0
2025-05-12 14:00:00+00:00,2.06638002396,2.07142996788,2.06608009338,2.07078003883,0
2025-05-12 15:00:00+00:00,2.07079005241,2.07384991646,2.07031989098,2.07156991959,0
2025-05-12 16:00:00+00:00,2.07166004181,2.07395005226,2.07034993172,2.0705499649,0
2025-05-12 17:00:00+00:00,2.07048988342,2.07115006447,2.06961989403,2.07115006447,0
2025-05-12 18:00:00+00:00,2.07101988792,2.07114005089,2.06926989555,2.06968998909,0
2025-05-12 19:00:00+00:00,2.06959009171,2.07020998001,2.0685300827,2.06884002686,0
2025-05-12 20:00:00+00:00,2.06881999969,2.06902003288,2.06630992889,2.06630992889,0
2025-05-12 21:00:00+00:00,2.06670999527,2.07160997391,2.06487011909,2.0668399334,0
2025-05-12 22:00:00+00:00,2.06664991379,2.06839990616,2.06587004662,2.06767010689,0
2025-05-12 23:00:00+00:00,2.06764006615,2.06823992729,2.06627011299,2.06768989563,0
2025-05-13 00:00:00+00:00,2.06763005257,2.07064008713,2.06686997414,2.07048010826,0
2025-05-13 01:00:00+00:00,2.070499897,2.07150006294,2.0683400631,2.06908988953,0
2025-05-13 02:00:00+00:00,2.06916999817,2.06950998306,2.06458997726,2.06558990479,0
2025-05-13 03:00:00+00:00,2.0654900074,2.06574010849,2.06189990044,2.06262993813,0
2025-05-13 04:00:00+00:00,2.06264996529,2.06296992302,2.05735993385,2.0586400032,0
2025-05-13 05:00:00+00:00,2.0586400032,2.06063008308,2.05679988861,2.05957007408,0
2025-05-13 06:00:00+00:00,2.05953001976,2.06107997894,2.05663990974,2.05746006966,0
2025-05-13 07:00:00+00:00,2.05746006966,2.06182003021,2.05694007874,2.06145000458,0
2025-05-13 08:00:00+00:00,2.06145000458,2.06331992149,2.06125998497,2.06227993965,0
2025-05-13 09:00:00+00:00,2.06226992607,2.06343007088,2.05978989601,2.0606200695,0
2025-05-13 10:00:00+00:00,2.06053996086,2.06168007851,2.05832004547,2.05840992928,0
2025-05-13 11:00:00+00:00,2.05840992928,2.06215000153,2.05819988251,2.06204009056,0
2025-05-13 12:00:00+00:00,2.06205010414,2.06317996979,2.05803990364,2.0595099926,0
2025-05-13 13:00:00+00:00,2.05940008163,2.06066989899,2.05737996101,2.05938005447,0
2025-05-13 14:00:00+00:00,2.05927991867,2.05943989754,2.05152010918,2.05258011818,0
2025-05-13 15:00:00+00:00,2.05255007744,2.05476999283,2.05130004883,2.05160999298,0
2025-05-13 16:00:00+00:00,2.0516500473,2.05332994461,2.05098009109,2.05328989029,0
2025-05-13 17:00:00+00:00,2.05328011513,2.05428004265,2.05256009102,2.05403995514,0
2025-05-13 18:00:00+00:00,2.05404996872,2.0545399189,2.05287003517,2.05328011513,0
2025-05-13 19:00:00+00:00,2.05322003365,2.05531001091,2.05298995972,2.05507993698,0
2025-05-13 20:00:00+00:00,2.05523991585,2.05697989464,2.05462002754,2.05504989624,0
2025-05-13 21:00:00+00:00,2.05544996262,2.05825996399,2.05359005928,2.05648994446,0
2025-05-13 22:00:00+00:00,2.05591988564,2.0566599369,2.05412006378,2.05571007729,0
2025-05-13 23:00:00+00:00,2.05587005615,2.05626988411,2.05409002304,2.05536007881,0
2025-05-14 00:00:00+00:00,2.05527997017,2.05750989914,2.05473995209,2.05695009232,0
2025-05-14 01:00:00+00:00,2.05690002441,2.05751991272,2.05157995224,2.05184006691,0
2025-05-14 02:00:00+00:00,2.05187010765,2.05433011055,2.05164003372,2.05278992653,0
2025-05-14 03:00:00+00:00,2.05263996124,2.05499005318,2.05193996429,2.05488991737,0
2025-05-14 04:00:00+00:00,2.05492997169,2.05631995201,2.05378007889,2.0559399128,0
2025-05-14 05:00:00+00:00,2.05594992638,2.05626010895,2.05302000046,2.05558991432,0
2025-05-14 06:00:00+00:00,2.05558991432,2.05601000786,2.05356001854,2.05414009094,0
2025-05-14 07:00:00+00:00,2.05413007736,2.05583000183,2.05350995064,2.05421996117,0
2025-05-14 08:00:00+00:00,2.05421996117,2.05650997162,2.05312991142,2.05611991882,0
2025-05-14 09:00:00+00:00,2.05622005463,2.05978989601,2.05414009094,2.05970001221,0
2025-05-14 10:00:00+00:00,2.05965995789,2.06130003929,2.05807995796,2.06128001213,0
2025-05-14 11:00:00+00:00,2.06125998497,2.06295990944,2.05961990356,2.05988001823,0
2025-05-14 12:00:00+00:00,2.05987000465,2.06113004684,2.05906009674,2.06040000916,0
2025-05-14 13:00:00+00:00,2.06040000916,2.06245994568,2.05997991562,2.06147003174,0
2025-05-14 14:00:00+00:00,2.06146001816,2.06231999397,2.05946993828,2.06044006348,0
2025-05-14 15:00:00+00:00,2.06035995483,2.0645699501,2.06031990051,2.06327009201,0
2025-05-14 16:00:00+00:00,2.06323003769,2.06613993645,2.06294989586,2.06419992447,0
2025-05-14 17:00:00+00:00,2.06415009499,2.06480002403,2.06257009506,2.06268000603,0
2025-05-14 18:00:00+00:00,2.06277990341,2.06436991692,2.06227993965,2.06363010406,0
2025-05-14 19:00:00+00:00,2.06368994713,2.06381011009,2.06243991852,2.06305003166,0
2025-05-14 20:00:00+00:00,2.06293988228,2.06357002258,2.0606200695,2.06190991402,0
2025-05-14 21:00:00+00:00,2.06154990196,2.06477999687,2.05880999565,2.06102991104,0
2025-05-14 22:00:00+00:00,2.06169009209,2.06386995316,2.06150007248,2.06369996071,0
2025-05-14 23:00:00+00:00,2.06345009804,2.06544995308,2.06338000298,2.06349992752,0
2025-05-15 00:00:00+00:00,2.06349992752,2.06380009651,2.06118011475,2.06311988831,0
2025-05-15 01:00:00+00:00,2.06311011314,2.06322002411,2.05641007423,2.05917000771,0
2025-05-15 02:00:00+00:00,2.05924010277,2.06298995018,2.05888009071,2.06119990349,0
2025-05-15 03:00:00+00:00,2.06118988991,2.06225991249,2.06022000313,2.06170010567,0
2025-05-15 04:00:00+00:00,2.06171989441,2.06446003914,2.06108999252,2.0638999939,0
2025-05-15 05:00:00+00:00,2.06381011009,2.06719994545,2.06265997887,2.06514000893,0
2025-05-15 06:00:00+00:00,2.0649600029,2.06659007072,2.06344008446,2.06523990631,0
2025-05-15 07:00:00+00:00,2.06528997421,2.06916999817,2.06467008591,2.06670999527,0
2025-05-15 08:00:00+00:00,2.06665992737,2.07000994682,2.06627988815,2.06947994232,0
2025-05-15 09:00:00+00:00,2.06956005096,2.07039999962,2.06862998009,2.07031989098,0
2025-05-15 10:00:00+00:00,2.07030010223,2.07487010956,2.07006001472,2.07447004318,0
2025-05-15 11:00:00+00:00,2.07448005676,2.07474994659,2.07019996643,2.07060003281,0
2025-05-15 12:00:00+00:00,2.07055997849,2.07470989227,2.07045006752,2.07377004623,0
2025-05-15 13:00:00+00:00,2.07370996475,2.07669997215,2.07224988937,2.07516002655,0
2025-05-15 14:00:00+00:00,2.07518005371,2.07617998123,2.07272005081,2.07397007942,0
2025-05-15 15:00:00+00:00,2.07404994965,2.07797002792,2.07382011414,2.0758099556,0
2025-05-15 16:00:00+00:00,2.07587003708,2.07758998871,2.07491993904,2.07522010803,0
2025-05-15 17:00:00+00:00,2.07520008087,2.07625007629,2.07456994057,2.07582998276,0
2025-05-15 18:00:00+00:00,2.07574009895,2.07738995552,2.07548999786,2.07600998878,0
2025-05-15 19:00:00+00:00,2.07598996162,2.0778400898,2.0758099556,2.07703995705,0
2025-05-15 20:00:00+00:00,2.07712006569,2.07749009132,2.07470011711,2.07569003105,0
2025-05-15 21:00:00+00:00,2.07564997673,2.07948994637,2.07473993301,2.07638001442,0
2025-05-15 22:00:00+00:00,2.07640004158,2.07797002792,2.07522988319,2.0777900219,0
2025-05-15 23:00:00+00:00,2.0777900219,2.07864999771,2.07670998573,2.07703995705,0
2025-05-16 00:00:00+00:00,2.07709002495,2.08168005943,2.0762898922,2.08077001572,0
2025-05-16 01:00:00+00:00,2.08080005646,2.08109998703,2.07729005814,2.07772994041,0
2025-05-16 02:00:00+00:00,2.0777900219,2.07909989357,2.07335996628,2.07388997078,0
2025-05-16 03:00:00+00:00,2.07377004623,2.07508993149,2.07192993164,2.07294011116,0
2025-05-16 04:00:00+00:00,2.072920084,2.07317996025,2.07081007957,2.07265996933,0
2025-05-16 05:00:00+00:00,2.07260990143,2.07316994667,2.07052993774,2.07103991508,0
2025-05-16 06:00:00+00:00,2.07100009918,2.07495999336,2.07029008865,2.07343006134,0
2025-05-16 07:00:00+00:00,2.0734899044,2.07433009148,2.07081007957,2.07119011879,0
2025-05-16 08:00:00+00:00,2.07125997543,2.07311010361,2.06918001175,2.06978011131,0
2025-05-16 09:00:00+00:00,2.06973004341,2.07117009163,2.06915998459,2.0705499649,0
2025-05-16 10:00:00+00:00,2.07048988342,2.07059001923,2.06908011436,2.06998991966,0
2025-05-16 11:00:00+00:00,2.0700199604,2.07189011574,2.06961989403,2.06968998909,0
2025-05-16 12:00:00+00:00,2.06964993477,2.07241010666,2.06949996948,2.07077002525,0
2025-05-16 13:00:00+00:00,2.07079005241,2.07319998741,2.07073998451,2.07146000862,0
2025-05-16 14:00:00+00:00,2.07132005692,2.07379007339,2.0709400177,2.07361006737,0
2025-05-16 15:00:00+00:00,2.07361006737,2.07548999786,2.07319998741,2.0733499527,0
2025-05-16 16:00:00+00:00,2.07328009605,2.07396006584,2.0723400116,2.07337999344,0
2025-05-16 17:00:00+00:00,2.07336997986,2.0739300251,2.0728700161,2.07372999191,0
2025-05-16 18:00:00+00:00,2.07375001907,2.07403993607,2.07264995575,2.072920084,0
2025-05-16 19:00:00+00:00,2.07291007042,2.07357001305,2.07231998444,2.07237005234,0
2025-05-16 20:00:00+00:00,2.07235002518,2.07456994057,2.07195997238,2.07270002365,0
2025-05-16 21:00:00+00:00,2.07418990135,2.07418990135,2.07418990135,2.07418990135,0
2025-05-18 23:00:00+00:00,2.07577991486,2.07600998878,2.07388997078,2.07573008537,0
2025-05-19 00:00:00+00:00,2.0759100914,2.07752990723,2.07447004318,2.0754699707,0
2025-05-19 01:00:00+00:00,2.07540988922,2.0764799118,2.07447004318,2.07579994202,0
2025-05-19 02:00:00+00:00,2.0758099556,2.07613992691,2.07149004936,2.07259988785,0
2025-05-19 03:00:00+00:00,2.0725300312,2.07390999794,2.0720500946,2.07376003265,0
2025-05-19 04:00:00+00:00,2.07374000549,2.07608008385,2.07346010208,2.07582998276,0
2025-05-19 05:00:00+00:00,2.07581996918,2.07786989212,2.07508993149,2.07756996155,0
2025-05-19 06:00:00+00:00,2.07751989365,2.07886004448,2.07560992241,2.077450037,0
2025-05-19 07:00:00+00:00,2.07748007774,2.08069992065,2.07701992989,2.08017992973,0
2025-05-19 08:00:00+00:00,2.08015990257,2.08119988441,2.0773999691,2.07767009735,0
2025-05-19 09:00:00+00:00,2.07758998871,2.07878994942,2.07680988312,2.07815003395,0
2025-05-19 10:00:00+00:00,2.07810997963,2.07944011688,2.07725000381,2.07740998268,0
2025-05-19 11:00:00+00:00,2.07737994194,2.077450037,2.07437992096,2.07489991188,0
2025-05-19 12:00:00+00:00,2.07486009598,2.07660007477,2.07464003563,2.07632994652,0
2025-05-19 13:00:00+00:00,2.07634997368,2.07663989067,2.07235002518,2.07357001305,0
2025-05-19 14:00:00+00:00,2.07359004021,2.07413005829,2.06966996193,2.07017993927,0
2025-05-19 15:00:00+00:00,2.07003998756,2.07033991814,2.06767010689,2.06812000275,0
2025-05-19 16:00:00+00:00,2.06806993484,2.0690600872,2.06718993187,2.06856989861,0
2025-05-19 17:00:00+00:00,2.06847000122,2.06966996193,2.06739997864,2.06944990158,0
2025-05-19 18:00:00+00:00,2.06950998306,2.07024002075,2.06904006004,2.0699300766,0
2025-05-19 19:00:00+00:00,2.06992006302,2.07039999962,2.06856989861,2.06890010834,0
2025-05-19 20:00:00+00:00,2.06889009476,2.06944990158,2.06822991371,2.06854009628,0
2025-05-19 21:00:00+00:00,2.06762003899,2.06964993477,2.06541991234,2.06859993935,0
2025-05-19 22:00:00+00:00,2.06859993935,2.06921005249,2.06758999825,2.06909990311,0
2025-05-19 23:00:00+00:00,2.06883001328,2.06992006302,2.06871008873,2.06968998909,0
2025-05-20 00:00:00+00:00,2.06961989403,2.07190990448,2.06841993332,2.07160997391,0
2025-05-20 01:00:00+00:00,2.07157993317,2.07358002663,2.07148003578,2.0734000206,0
2025-05-20 02:00:00+00:00,2.07330989838,2.07466006279,2.07116007805,2.07144999504,0
2025-05-20 03:00:00+00:00,2.0715200901,2.07347989082,2.07119989395,2.07315993309,0
2025-05-20 04:00:00+00:00,2.07313990593,2.08081007004,2.07299995422,2.07972002029,0
2025-05-20 05:00:00+00:00,2.07972002029,2.08624005318,2.07785010338,2.08494997025,0
2025-05-20 06:00:00+00:00,2.0848801136,2.08571004868,2.08085989952,2.08403992653,0
2025-05-20 07:00:00+00:00,2.08408999443,2.08521008492,2.08256006241,2.08455991745,0
2025-05-20 08:00:00+00:00,2.08450007439,2.08585000038,2.08310008049,2.08351993561,0
2025-05-20 09:00:00+00:00,2.08352994919,2.0849199295,2.08250999451,2.08344006538,0
2025-05-20 10:00:00+00:00,2.08344006538,2.08399009705,2.08225011826,2.08353996277,0
2025-05-20 11:00:00+00:00,2.08357000351,2.08476996422,2.08312010765,2.08365988731,0
2025-05-20 12:00:00+00:00,2.0837199688,2.0871899128,2.08318996429,2.08516001701,0
2025-05-20 13:00:00+00:00,2.08515000343,2.08693003654,2.0837199688,2.08673000336,0
2025-05-20 14:00:00+00:00,2.08669996262,2.09014010429,2.08648991585,2.08774995804,0
2025-05-20 15:00:00+00:00,2.08770990372,2.08915996552,2.08746004105,2.08753991127,0
2025-05-20 16:00:00+00:00,2.08753991127,2.08784008026,2.08323001862,2.08348989487,0
2025-05-20 17:00:00+00:00,2.08351993561,2.08476996422,2.08260011673,2.0838201046,0
2025-05-20 18:00:00+00:00,2.08378005028,2.08630990982,2.08361005783,2.08551001549,0
2025-05-20 19:00:00+00:00,2.08557009697,2.08653998375,2.08510994911,2.08553004265,0
2025-05-20 20:00:00+00:00,2.08558011055,2.08577990532,2.08412003517,2.08422994614,0
2025-05-20 21:00:00+00:00,2.08300995827,2.0852200985,2.08031988144,2.08366990089,0
2025-05-20 22:00:00+00:00,2.08429002762,2.08624005318,2.08298993111,2.08533000946,0
2025-05-20 23:00:00+00:00,2.08557009697,2.08593010902,2.08455991745,2.0847299099,0
2025-05-21 00:00:00+00:00,2.08492994308,2.08565998077,2.08183002472,2.08235001564,0
2025-05-21 01:00:00+00:00,2.08236002922,2.08414006233,2.08156991005,2.08380007744,0
2025-05-21 02:00:00+00:00,2.08379006386,2.0853099823,2.08187007904,2.08395004272,0
2025-05-21 03:00:00+00:00,2.08395004272,2.08412003517,2.08162999153,2.08259010315,0
2025-05-21 04:00:00+00:00,2.08256006241,2.0847799778,2.0814499855,2.08169007301,0
2025-05-21 05:00:00+00:00,2.08170008659,2.08260989189,2.07962989807,2.08249998093,0
2025-05-21 06:00:00+00:00,2.08212995529,2.08645009995,2.08195996284,2.08369994164,0
2025-05-21 07:00:00+00:00,2.08367991447,2.08471989632,2.07957005501,2.07972002029,0
2025-05-21 08:00:00+00:00,2.07979989052,2.08179998398,2.07956004143,2.08054995537,0
2025-05-21 09:00:00+00:00,2.08056998253,2.08301997185,2.07835006714,2.08277010918,0
2025-05-21 10:00:00+00:00,2.08275008202,2.08383989334,2.08041000366,2.08096003532,0
2025-05-21 11:00:00+00:00,2.080919981,2.08156991005,2.0784599781,2.0814499855,0
2025-05-21 12:00:00+00:00,2.0814499855,2.08320999146,2.07876992226,2.08244991302,0
2025-05-21 13:00:00+00:00,2.08247995377,2.08554005623,2.08162999153,2.08369994164,0
2025-05-21 14:00:00+00:00,2.08370995522,2.08370995522,2.07947993279,2.08018994331,0
2025-05-21 15:00:00+00:00,2.08028006554,2.08096003532,2.07852005959,2.07913994789,0
2025-05-21 16:00:00+00:00,2.07911992073,2.0804901123,2.07872009277,2.08019995689,0
2025-05-21 17:00:00+00:00,2.08016991615,2.08508992195,2.07961988449,2.08445000648,0
2025-05-21 18:00:00+00:00,2.0844399929,2.08516001701,2.08315992355,2.08453989029,0
2025-05-21 19:00:00+00:00,2.08458995819,2.08633995056,2.08387994766,2.08573007584,0
2025-05-21 20:00:00+00:00,2.08571004868,2.08612990379,2.08310008049,2.08449006081,0
2025-05-21 21:00:00+00:00,2.08365011215,2.08571004868,2.08132004738,2.08437991142,0
2025-05-21 22:00:00+00:00,2.08432006836,2.08547997475,2.08326005936,2.08431005478,0
2025-05-21 23:00:00+00:00,2.0843501091,2.0862801075,2.08416008949,2.0862801075,0
2025-05-22 00:00:00+00:00,2.08615994453,2.08661007881,2.08341002464,2.08453989029,0
2025-05-22 01:00:00+00:00,2.08455991745,2.08827996254,2.08272004128,2.08806991577,0
2025-05-22 02:00:00+00:00,2.08807992935,2.08849000931,2.08427000046,2.08533000946,0
2025-05-22 03:00:00+00:00,2.0853600502,2.08586001396,2.08315992355,2.08362007141,0
2025-05-22 04:00:00+00:00,2.08360004425,2.08428001404,2.0807299614,2.0813999176,0
2025-05-22 05:00:00+00:00,2.08126997948,2.08327007294,2.08126997948,2.08309006691,0
2025-05-22 06:00:00+00:00,2.08299994469,2.0848300457,2.08162999153,2.08380007744,0
2025-05-22 07:00:00+00:00,2.08387994766,2.08454990387,2.08234000206,2.08278989792,0
2025-05-22 08:00:00+00:00,2.08273005486,2.08313989639,2.0794301033,2.08189988136,0
2025-05-22 09:00:00+00:00,2.08188009262,2.08645009995,2.08188009262,2.08645009995,0
2025-05-22 10:00:00+00:00,2.08634996414,2.08837008476,2.08563995361,2.08805990219,0
2025-05-22 11:00:00+00:00,2.08801007271,2.09043002129,2.08698010445,2.0896999836,0
2025-05-22 12:00:00+00:00,2.08968997002,2.09086990356,2.08833003044,2.08858990669,0
2025-05-22 13:00:00+00:00,2.0886900425,2.09279990196,2.08825993538,2.09233999252,0
2025-05-22 14:00:00+00:00,2.0923500061,2.09330010414,2.09065008163,2.09242010117,0
2025-05-22 15:00:00+00:00,2.09242010117,2.09489011765,2.09165000916,2.0922999382,0
2025-05-22 16:00:00+00:00,2.0922999382,2.09398007393,2.09193992615,2.0931699276,0
2025-05-22 17:00:00+00:00,2.09305000305,2.09348988533,2.09126996994,2.0916800499,0
2025-05-22 18:00:00+00:00,2.09157991409,2.09292006493,2.09127998352,2.09290003777,0
2025-05-22 19:00:00+00:00,2.09280991554,2.0952000618,2.09262990952,2.09352993965,0
2025-05-22 20:00:00+00:00,2.09370994568,2.09377002716,2.0918200016,2.0918200016,0
2025-05-22 21:00:00+00:00,2.09071993828,2.09363007545,2.08880996704,2.09277009964,0
2025-05-22 22:00:00+00:00,2.0928800106,2.09384989738,2.09091997147,2.09348988533,0
2025-05-22 23:00:00+00:00,2.09348011017,2.09420990944,2.09302997589,2.09375,0
2025-05-23 00:00:00+00:00,2.09372997284,2.09423995018,2.09236001968,2.09276008606,0
2025-05-23 01:00:00+00:00,2.09273004532,2.09318995476,2.09012007713,2.09066009521,0
2025-05-23 02:00:00+00:00,2.09073996544,2.09080004692,2.08926010132,2.09002995491,0
2025-05-23 03:00:00+00:00,2.09005999565,2.09015989304,2.08808994293,2.0898900032,0
2025-05-23 04:00:00+00:00,2.08995008469,2.09087991714,2.08896994591,2.09047007561,0
2025-05-23 05:00:00+00:00,2.09051990509,2.09099006653,2.08923006058,2.09038996696,0
2025-05-23 06:00:00+00:00,2.0903699398,2.09189009666,2.09002995491,2.09113001823,0
2025-05-23 07:00:00+00:00,2.09100008011,2.09113001823,2.08807992935,2.08880996704,0
2025-05-23 08:00:00+00:00,2.08879995346,2.09108996391,2.08863997459,2.08986997604,0
2025-05-23 09:00:00+00:00,2.08985996246,2.0906701088,2.08833003044,2.08846998215,0
2025-05-23 10:00:00+00:00,2.08839011192,2.08913993835,2.0872399807,2.08836007118,0
2025-05-23 11:00:00+00:00,2.08844995499,2.09359002113,2.0877199173,2.09332990646,0
2025-05-23 12:00:00+00:00,2.09331011772,2.09671998024,2.09266996384,2.09286999702,0
2025-05-23 13:00:00+00:00,2.09285998344,2.09490990639,2.08952999115,2.08977007866,0
2025-05-23 14:00:00+00:00,2.08985996246,2.09021997452,2.0832400322,2.08474993706,0
2025-05-23 15:00:00+00:00,2.08469009399,2.08643007278,2.08405995369,2.08581995964,0
2025-05-23 16:00:00+00:00,2.08579993248,2.08648991585,2.08341002464,2.08404994011,0
2025-05-23 17:00:00+00:00,2.08410000801,2.08495998383,2.08204007149,2.08245992661,0
2025-05-23 18:00:00+00:00,2.08256006241,2.08378005028,2.08199000359,2.08291006088,0
2025-05-23 19:00:00+00:00,2.08288002014,2.08370995522,2.08230996132,2.08355998993,0
2025-05-23 20:00:00+00:00,2.08359003067,2.08453011513,2.08188009262,2.0828499794,0
2025-05-23 21:00:00+00:00,2.08467006683,2.08467006683,2.08467006683,2.08467006683,0
2025-05-25 23:00:00+00:00,2.08187007904,2.08253002167,2.08018994331,2.08197999001,0
2025-05-26 00:00:00+00:00,2.08206009865,2.08453011513,2.08182001114,2.08451008797,0
2025-05-26 01:00:00+00:00,2.08455991745,2.08498001099,2.07891011238,2.07968997955,0
2025-05-26 02:00:00+00:00,2.07960009575,2.0817399025,2.07824993134,2.08134007454,0
2025-05-26 03:00:00+00:00,2.08133006096,2.08311009407,2.08119988441,2.08202004433,0
2025-05-26 04:00:00+00:00,2.08203005791,2.08320999146,2.08179998398,2.08261990547,0
2025-05-26 05:00:00+00:00,2.08257007599,2.08278989792,2.08119988441,2.082269907,0
2025-05-26 06:00:00+00:00,2.08229994774,2.08261990547,2.08021998405,2.08063006401,0
2025-05-26 07:00:00+00:00,2.08062005043,2.08429002762,2.08053994179,2.08357000351,0
2025-05-26 08:00:00+00:00,2.08357000351,2.08364009857,2.08185005188,2.08277988434,0
2025-05-26 09:00:00+00:00,2.08271002769,2.08545994759,2.08263993263,2.0853099823,0
2025-05-26 10:00:00+00:00,2.08526992798,2.08557009697,2.08270001411,2.08353996277,0
2025-05-26 11:00:00+00:00,2.08348989487,2.08412003517,2.08271002769,2.08287000656,0
2025-05-26 12:00:00+00:00,2.0827999115,2.08454990387,2.08255004883,2.08454990387,0
2025-05-26 13:00:00+00:00,2.0844399929,2.08593988419,2.08348989487,2.08590006828,0
2025-05-26 14:00:00+00:00,2.0857000351,2.08685994148,2.08492994308,2.08630990982,0
2025-05-26 15:00:00+00:00,2.08633995056,2.08838009834,2.08555006981,2.08827996254,0
2025-05-26 16:00:00+00:00,2.0882999897,2.090280056,2.08791995049,2.0898900032,0
2025-05-26 17:00:00+00:00,2.09003996849,2.09120988846,2.0896499157,2.09115004539,0
2025-05-26 18:00:00+00:00,2.09107995033,2.09196996689,2.09085988998,2.09185004234,0
2025-05-26 19:00:00+00:00,2.09173989296,2.09207010269,2.09106993675,2.09151005745,0
2025-05-26 20:00:00+00:00,2.09152007103,2.09159994125,2.08929991722,2.09001994133,0
2025-05-26 21:00:00+00:00,2.0898900032,2.09126996994,2.08726000786,2.0898399353,0
2025-05-26 22:00:00+00:00,2.08984994888,2.09265995026,2.08872008324,2.09218001366,0
2025-05-26 23:00:00+00:00,2.09214997292,2.09329009056,2.09163999557,2.09326004982,0
2025-05-27 00:00:00+00:00,2.09329009056,2.0942800045,2.09159994125,2.09189009666,0
2025-05-27 01:00:00+00:00,2.09189009666,2.09323000908,2.09142994881,2.09291005135,0
2025-05-27 02:00:00+00:00,2.09291005135,2.09576010704,2.09291005135,2.09354996681,0
2025-05-27 03:00:00+00:00,2.09353995323,2.09506988525,2.09267997742,2.09449005127,0
2025-05-27 04:00:00+00:00,2.09448003769,2.09504008293,2.09280991554,2.09442996979,0
2025-05-27 05:00:00+00:00,2.09439992905,2.096159935,2.09202003479,2.09209990501,0
2025-05-27 06:00:00+00:00,2.09218001366,2.09419989586,2.09108996391,2.09405994415,0
2025-05-27 07:00:00+00:00,2.09398007393,2.09805989265,2.09364008904,2.09776997566,0
2025-05-27 08:00:00+00:00,2.09776997566,2.09992003441,2.0967400074,2.09893989563,0
2025-05-27 09:00:00+00:00,2.09886002541,2.10033988953,2.09756994247,2.09990000725,0
2025-05-27 10:00:00+00:00,2.09985995293,2.10155010223,2.09865999222,2.10142993927,0
2025-05-27 11:00:00+00:00,2.10142993927,2.10207009315,2.10039997101,2.10193991661,0
2025-05-27 12:00:00+00:00,2.10198998451,2.10344004631,2.10030007362,2.10066008568,0
2025-05-27 13:00:00+00:00,2.10081005096,2.10092997551,2.09907007217,2.10084009171,0
2025-05-27 14:00:00+00:00,2.10069990158,2.10143995285,2.09865999222,2.09876990318,0
2025-05-27 15:00:00+00:00,2.09873008728,2.09923005104,2.09663009644,2.09791994095,0
2025-05-27 16:00:00+00:00,2.09791994095,2.09897994995,2.09559988976,2.09643006325,0
2025-05-27 17:00:00+00:00,2.09632992744,2.09736990929,2.09600996971,2.0962600708,0
2025-05-27 18:00:00+00:00,2.09628009796,2.09669995308,2.09554004669,2.09605002403,0
2025-05-27 19:00:00+00:00,2.09609007835,2.09670996666,2.09544992447,2.09613990784,0
2025-05-27 20:00:00+00:00,2.09613990784,2.09681010246,2.09503006935,2.09503006935,0
2025-05-27 21:00:00+00:00,2.09530997276,2.09711003304,2.0938000679,2.09526991844,0
2025-05-27 22:00:00+00:00,2.09583997726,2.09656000137,2.09498000145,2.09556007385,0
2025-05-27 23:00:00+00:00,2.09572005272,2.09661006927,2.09539008141,2.09577989578,0
2025-05-28 00:00:00+00:00,2.09587001801,2.09632992744,2.09469008446,2.09571003914,0
2025-05-28 01:00:00+00:00,2.09574007988,2.09892010689,2.09381008148,2.09860992432,0
2025-05-28 02:00:00+00:00,2.09864997864,2.09933996201,2.09373998642,2.09409999847,0
2025-05-28 03:00:00+00:00,2.09415006638,2.09503006935,2.0918200016,2.09212994576,0
2025-05-28 04:00:00+00:00,2.09208989143,2.09637999535,2.0918700695,2.0962600708,0
2025-05-28 05:00:00+00:00,2.09630990028,2.09650993347,2.09315991402,2.09479999542,0
2025-05-28 06:00:00+00:00,2.09482002258,2.09694004059,2.09280991554,2.0962600708,0
2025-05-28 07:00:00+00:00,2.09624004364,2.09703993797,2.09474992752,2.09586000443,0
2025-05-28 08:00:00+00:00,2.09601998329,2.09678006172,2.09359002113,2.09537005424,0
2025-05-28 09:00:00+00:00,2.09532999992,2.09681010246,2.094810009,2.09665989876,0
2025-05-28 10:00:00+00:00,2.09664988518,2.09782004356,2.09465003014,2.09485006332,0
2025-05-28 11:00:00+00:00,2.09484004974,2.0958199501,2.09359002113,2.09394001961,0
2025-05-28 12:00:00+00:00,2.09391999245,2.09751009941,2.09259009361,2.09735989571,0
2025-05-28 13:00:00+00:00,2.09740996361,2.10018992424,2.09693002701,2.0995900631,0
2025-05-28 14:00:00+00:00,2.0996799469,2.10061001778,2.09688997269,2.09702992439,0
2025-05-28 15:00:00+00:00,2.09701991081,2.0981900692,2.09640002251,2.0976600647,0
2025-05-28 16:00:00+00:00,2.09759998322,2.09874010086,2.09712004662,2.09805011749,0
2025-05-28 17:00:00+00:00,2.09806990623,2.09824991226,2.09559988976,2.09594011307,0
2025-05-28 18:00:00+00:00,2.09590005875,2.09678006172,2.09544992447,2.09612989426,0
2025-05-28 19:00:00+00:00,2.09612011909,2.09658002853,2.09524011612,2.09556007385,0
2025-05-28 20:00:00+00:00,2.09561991692,2.09606003761,2.09460997581,2.09463000298,0
2025-05-28 21:00:00+00:00,2.09463000298,2.09719991684,2.09311008453,2.09501004219,0
2025-05-28 22:00:00+00:00,2.09578990936,2.09614992142,2.09296989441,2.0933599472,0
2025-05-28 23:00:00+00:00,2.09372997284,2.09418988228,2.08864998817,2.09073996544,0
2025-05-29 00:00:00+00:00,2.09063005447,2.09260010719,2.08932995796,2.09138989449,0
2025-05-29 01:00:00+00:00,2.09139990807,2.09564995766,2.09068989754,2.09376001358,0
2025-05-29 02:00:00+00:00,2.0938398838,2.09657001495,2.09266996384,2.09301996231,0
2025-05-29 03:00:00+00:00,2.09299993515,2.09405994415,2.09107995033,2.0912899971,0
2025-05-29 04:00:00+00:00,2.09125995636,2.09267997742,2.08943009377,2.08996009827,0
2025-05-29 05:00:00+00:00,2.09003996849,2.09243011475,2.08987998962,2.09155988693,0
2025-05-29 06:00:00+00:00,2.09155011177,2.09277009964,2.08855009079,2.09207010269,0
2025-05-29 07:00:00+00:00,2.09202003479,2.09308004379,2.08767008781,2.08774995804,0
2025-05-29 08:00:00+00:00,2.08784008026,2.09154009819,2.08768010139,2.09107995033,0
2025-05-29 09:00:00+00:00,2.09107995033,2.09224009514,2.08982992172,2.0906701088,0
2025-05-29 10:00:00+00:00,2.09059000015,2.09281992912,2.0903699398,2.09109997749,0
2025-05-29 11:00:00+00:00,2.09108996391,2.09253001213,2.09086990356,2.09205007553,0
2025-05-29 12:00:00+00:00,2.09206008911,2.09239006042,2.08986997604,2.09122991562,0
2025-05-29 13:00:00+00:00,2.09112000465,2.09688997269,2.09032988548,2.09632992744,0
2025-05-29 14:00:00+00:00,2.09637999535,2.09689998627,2.09219002724,2.09255003929,0
2025-05-29 15:00:00+00:00,2.09243988991,2.09469008446,2.09135007858,2.09376001358,0
2025-05-29 16:00:00+00:00,2.09378004074,2.094810009,2.09210991859,2.09230995178,0
2025-05-29 17:00:00+00:00,2.0923500061,2.09388995171,2.09213995934,2.0932700634,0
2025-05-29 18:00:00+00:00,2.09315991402,2.09348011017,2.09230995178,2.09261989594,0
2025-05-29 19:00:00+00:00,2.09259009361,2.09356999397,2.09243011475,2.09276008606,0
2025-05-29 20:00:00+00:00,2.09278011322,2.0946199894,2.09204006195,2.09294009209,0
2025-05-29 21:00:00+00:00,2.09305000305,2.09409999847,2.08912992477,2.09348011017,0
2025-05-29 22:00:00+00:00,2.09301996231,2.09425997734,2.09198999405,2.09420990944,0
2025-05-29 23:00:00+00:00,2.09407997131,2.09489011765,2.09348988533,2.09468007088,0
2025-05-30 00:00:00+00:00,2.0946199894,2.09643006325,2.09301996231,2.09359002113,0
2025-05-30 01:00:00+00:00,2.09345006943,2.09855008125,2.09244990349,2.09730005264,0
2025-05-30 02:00:00+00:00,2.09736990929,2.09851002693,2.09632992744,2.09648990631,0
2025-05-30 03:00:00+00:00,2.09652996063,2.09693002701,2.09545993805,2.09602999687,0
2025-05-30 04:00:00+00:00,2.09612989426,2.09634995461,2.09463000298,2.09491991997,0
2025-05-30 05:00:00+00:00,2.09499001503,2.0957300663,2.09242010117,2.09434008598,0
2025-05-30 06:00:00+00:00,2.09440994263,2.09850001335,2.09340000153,2.09828996658,0
2025-05-30 07:00:00+00:00,2.098279953,2.10051989555,2.09744000435,2.09998989105,0
2025-05-30 08:00:00+00:00,2.09997010231,2.10029006004,2.09865999222,2.09894990921,0
2025-05-30 09:00:00+00:00,2.09892010689,2.09998989105,2.09840011597,2.09895992279,0
2025-05-30 10:00:00+00:00,2.09890007973,2.09940004349,2.09746003151,2.09837007523,0
2025-05-30 11:00:00+00:00,2.09839010239,2.09934997559,2.09792995453,2.09848999977,0
2025-05-30 12:00:00+00:00,2.09835004807,2.10173988342,2.09745001793,2.10069990158,0
2025-05-30 13:00:00+00:00,2.10062003136,2.10132002831,2.0978000164,2.09824991226,0
2025-05-30 14:00:00+00:00,2.09836006165,2.09886002541,2.09404993057,2.09519004822,0
2025-05-30 15:00:00+00:00,2.09519004822,2.09571003914,2.09242010117,2.09345006943,0
2025-05-30 16:00:00+00:00,2.09332990646,2.09572005272,2.09137988091,2.09506011009,0
2025-05-30 17:00:00+00:00,2.09502005577,2.0952000618,2.09169006348,2.09183001518,0
2025-05-30 18:00:00+00:00,2.09186005592,2.09190988541,2.09014010429,2.09078001976,0
2025-05-30 19:00:00+00:00,2.09073996544,2.091340065,2.09004998207,2.09063005447,0
2025-05-30 20:00:00+00:00,2.09067988396,2.09214997292,2.08928990364,2.09099006653,0
2025-05-30 21:00:00+00:00,2.09200000763,2.09200000763,2.09200000763,2.09200000763,0
2025-06-01 23:00:00+00:00,2.08857989311,2.0903699398,2.08803009987,2.09021997452,0
2025-06-02 00:00:00+00:00,2.09010004997,2.09049010277,2.08866000175,2.08913993835,0
2025-06-02 01:00:00+00:00,2.08906006813,2.08949995041,2.08598995209,2.08893990517,0
2025-06-02 02:00:00+00:00,2.08895993233,2.08937001228,2.08633995056,2.08831000328,0
2025-06-02 03:00:00+00:00,2.08828997612,2.09085988998,2.08786988258,2.08978009224,0
2025-06-02 04:00:00+00:00,2.08976006508,2.09064006805,2.08904004097,2.08942008018,0
2025-06-02 05:00:00+00:00,2.08933997154,2.09060001373,2.08899998665,2.09018993378,0
2025-06-02 06:00:00+00:00,2.09016990662,2.09255003929,2.0898900032,2.09214997292,0
2025-06-02 07:00:00+00:00,2.09214997292,2.09225010872,2.08804011345,2.09008002281,0
2025-06-02 08:00:00+00:00,2.08994007111,2.09117007256,2.08929991722,2.09054994583,0
2025-06-02 09:00:00+00:00,2.09053993225,2.09096002579,2.08861994743,2.08864998817,0
2025-06-02 10:00:00+00:00,2.08870005608,2.08947992325,2.08702993393,2.08721995354,0
2025-06-02 11:00:00+00:00,2.0871899128,2.08919000626,2.08648991585,2.08897995949,0
2025-06-02 12:00:00+00:00,2.08894991875,2.08905005455,2.08679008484,2.08714008331,0
2025-06-02 13:00:00+00:00,2.08714008331,2.08924007416,2.08698010445,2.08823990822,0
2025-06-02 14:00:00+00:00,2.08833003044,2.08974003792,2.08487010002,2.08576989174,0
2025-06-02 15:00:00+00:00,2.085750103,2.08750009537,2.08480000496,2.0864200592,0
2025-06-02 16:00:00+00:00,2.08641004562,2.08668994904,2.08439993858,2.08473992348,0
2025-06-02 17:00:00+00:00,2.08460998535,2.08586001396,2.08451008797,2.08523988724,0
2025-06-02 18:00:00+00:00,2.08520007133,2.08618998528,2.08502006531,2.0854101181,0
2025-06-02 19:00:00+00:00,2.08542990685,2.08615994453,2.08494997025,2.08501005173,0
2025-06-02 20:00:00+00:00,2.08499002457,2.0852599144,2.0838599205,2.08398008347,0
2025-06-02 21:00:00+00:00,2.08264994621,2.0868999958,2.08264994621,2.08557009697,0
2025-06-02 22:00:00+00:00,2.08654999733,2.08654999733,2.08467006683,2.08604001999,0
2025-06-02 23:00:00+00:00,2.08627009392,2.08713006973,2.0854101181,2.08603000641,0
2025-06-03 00:00:00+00:00,2.08603000641,2.08814001083,2.08544993401,2.08633995056,0
2025-06-03 01:00:00+00:00,2.08626008034,2.08854007721,2.08555006981,2.08833003044,0
2025-06-03 02:00:00+00:00,2.08836007118,2.09107995033,2.08743000031,2.09077000618,0
2025-06-03 03:00:00+00:00,2.09084010124,2.09143996239,2.08942008018,2.09063005447,0
2025-06-03 04:00:00+00:00,2.09060001373,2.09140992165,2.08979988098,2.09121990204,0
2025-06-03 05:00:00+00:00,2.09126996994,2.09485006332,2.0907599926,2.09233999252,0
2025-06-03 06:00:00+00:00,2.09240007401,2.09652996063,2.09232997894,2.09345006943,0
2025-06-03 07:00:00+00:00,2.09296989441,2.09575009346,2.09212994576,2.09313011169,0
2025-06-03 08:00:00+00:00,2.09311008453,2.09388995171,2.09171009064,2.09360003471,0
2025-06-03 09:00:00+00:00,2.09349989891,2.09401011467,2.09225010872,2.09232997894,0
2025-06-03 10:00:00+00:00,2.09231996536,2.09276008606,2.09089994431,2.09155011177,0
2025-06-03 11:00:00+00:00,2.09151005745,2.09232997894,2.08959007263,2.09108996391,0
2025-06-03 12:00:00+00:00,2.09113001823,2.09298992157,2.09021997452,2.0927400589,0
2025-06-03 13:00:00+00:00,2.09281992912,2.09394001961,2.09098005295,2.09328007698,0
2025-06-03 14:00:00+00:00,2.09308004379,2.09413003922,2.08974003792,2.09162998199,0
2025-06-03 15:00:00+00:00,2.09158992767,2.0932700634,2.09101009369,2.09241008759,0
2025-06-03 16:00:00+00:00,2.09242010117,2.0932700634,2.0918200016,2.092689991,0
2025-06-03 17:00:00+00:00,2.092689991,2.09273004532,2.09052991867,2.09127998352,0
2025-06-03 18:00:00+00:00,2.09126996994,2.09224009514,2.0907099247,2.09087991714,0
2025-06-03 19:00:00+00:00,2.0908100605,2.09125995636,2.09040999413,2.09089994431,0
2025-06-03 20:00:00+00:00,2.09089994431,2.09177994728,2.09025001526,2.09050989151,0
2025-06-03 21:00:00+00:00,2.09085988998,2.09323000908,2.08816003799,2.08956003189,0
2025-06-03 22:00:00+00:00,2.08956003189,2.09186005592,2.08937001228,2.09178996086,0
2025-06-03 23:00:00+00:00,2.09190988541,2.09308004379,2.09159994125,2.09298992157,0
2025-06-04 00:00:00+00:00,2.09291005135,2.09489011765,2.09248995781,2.09360003471,0
2025-06-04 01:00:00+00:00,2.09359002113,2.09653997421,2.09056997299,2.09077000618,0
2025-06-04 02:00:00+00:00,2.09085988998,2.09218001366,2.08884000778,2.09207010269,0
2025-06-04 03:00:00+00:00,2.09207010269,2.09329009056,2.09079003334,2.09103989601,0
2025-06-04 04:00:00+00:00,2.09106993675,2.09298992157,2.09093999863,2.09276008606,0
2025-06-04 05:00:00+00:00,2.09270000458,2.09368991852,2.09077000618,2.09243011475,0
2025-06-04 06:00:00+00:00,2.09254002571,2.09330010414,2.09113001823,2.09302997589,0
2025-06-04 07:00:00+00:00,2.09299993515,2.09377002716,2.0912899971,2.09350991249,0
2025-06-04 08:00:00+00:00,2.09349989891,2.09384989738,2.09097003937,2.09114003181,0
2025-06-04 09:00:00+00:00,2.09108996391,2.09200000763,2.08897995949,2.09034991264,0
2025-06-04 10:00:00+00:00,2.09034991264,2.09046006203,2.08796000481,2.08808994293,0
2025-06-04 11:00:00+00:00,2.08808994293,2.08872008324,2.08353996277,2.08432006836,0
2025-06-04 12:00:00+00:00,2.08433008194,2.08610010147,2.08333992958,2.08582997322,0
2025-06-04 13:00:00+00:00,2.08587002754,2.08699989319,2.08478999138,2.08598995209,0
2025-06-04 14:00:00+00:00,2.08618998528,2.08931994438,2.08555006981,2.08852005005,0
2025-06-04 15:00:00+00:00,2.08851003647,2.09090995789,2.08781003952,2.08806991577,0
2025-06-04 16:00:00+00:00,2.08807992935,2.08823990822,2.0854101181,2.0867099762,0
2025-06-04 17:00:00+00:00,2.08667993546,2.08724999428,2.0853099823,2.08551001549,0
2025-06-04 18:00:00+00:00,2.08553004265,2.08649992943,2.08528995514,2.08621001244,0
2025-06-04 19:00:00+00:00,2.0863199234,2.08644008636,2.08541989326,2.08644008636,0
2025-06-04 20:00:00+00:00,2.08634996414,2.08775997162,2.08601999283,2.08665990829,0
2025-06-04 21:00:00+00:00,2.0872900486,2.08892011642,2.08467006683,2.08738994598,0
2025-06-04 22:00:00+00:00,2.08695006371,2.08786010742,2.0858399868,2.08716988564,0
2025-06-04 23:00:00+00:00,2.08695006371,2.08818006516,2.08653998375,2.08797001839,0
2025-06-05 00:00:00+00:00,2.08794999123,2.08811998367,2.08427000046,2.08547997475,0
2025-06-05 01:00:00+00:00,2.08543992043,2.08563995361,2.08369994164,2.08436989784,0
2025-06-05 02:00:00+00:00,2.08440995216,2.08651995659,2.08414006233,2.08535003662,0
2025-06-05 03:00:00+00:00,2.08535003662,2.08859992027,2.08521008492,2.08763003349,0
2025-06-05 04:00:00+00:00,2.08763003349,2.08804988861,2.08621001244,2.0862801075,0
2025-06-05 05:00:00+00:00,2.08634996414,2.08735990524,2.0857000351,2.086810112,0
2025-06-05 06:00:00+00:00,2.08681988716,2.08787989616,2.08560991287,2.08593010902,0
2025-06-05 07:00:00+00:00,2.08593010902,2.08700990677,2.08406996727,2.08592009544,0
2025-06-05 08:00:00+00:00,2.08591008186,2.08745002747,2.08511996269,2.08556008339,0
2025-06-05 09:00:00+00:00,2.08544993401,2.0857000351,2.08245992661,2.08357000351,0
2025-06-05 10:00:00+00:00,2.08354997635,2.08527994156,2.08322000504,2.08489990234,0
2025-06-05 11:00:00+00:00,2.08488988876,2.08565998077,2.08387994766,2.08478999138,0
2025-06-05 12:00:00+00:00,2.0847799778,2.085750103,2.08208990097,2.08325004578,0
2025-06-05 13:00:00+00:00,2.08325004578,2.08446002007,2.08089995384,2.08412003517,0
2025-06-05 14:00:00+00:00,2.08407998085,2.08611011505,2.08137011528,2.0832400322,0
2025-06-05 15:00:00+00:00,2.08322000504,2.08539009094,2.08299994469,2.08437991142,0
2025-06-05 16:00:00+00:00,2.08429002762,2.08590006828,2.08384990692,2.08551001549,0
2025-06-05 17:00:00+00:00,2.08558988571,2.08597993851,2.08407998085,2.0852200985,0
2025-06-05 18:00:00+00:00,2.08520007133,2.08612990379,2.08465003967,2.08562994003,0
2025-06-05 19:00:00+00:00,2.08582997322,2.0867099762,2.08453011513,2.08588004112,0
2025-06-05 20:00:00+00:00,2.085750103,2.08615994453,2.08475995064,2.08517003059,0
2025-06-05 21:00:00+00:00,2.08436989784,2.08748006821,2.08291006088,2.08691000938,0
2025-06-05 22:00:00+00:00,2.0868999958,2.0868999958,2.08558011055,2.08599996567,0
2025-06-05 23:00:00+00:00,2.08585000038,2.08641004562,2.08531999588,2.08572006226,0
2025-06-06 00:00:00+00:00,2.08563995361,2.08652997017,2.08404994011,2.08585000038,0
2025-06-06 01:00:00+00:00,2.08574008942,2.08740997314,2.08455991745,2.08708000183,0
2025-06-06 02:00:00+00:00,2.08711004257,2.08949995041,2.08700990677,2.08895993233,0
2025-06-06 03:00:00+00:00,2.08893990517,2.08905005455,2.08740997314,2.08765006065,0
2025-06-06 04:00:00+00:00,2.08761000633,2.08793997765,2.0868499279,2.08712005615,0
2025-06-06 05:00:00+00:00,2.08703994751,2.08783006668,2.08645009995,2.08693003654,0
2025-06-06 06:00:00+00:00,2.08694005013,2.08781003952,2.08448004723,2.08574008942,0
2025-06-06 07:00:00+00:00,2.08579993248,2.08579993248,2.08254003525,2.08402991295,0
2025-06-06 08:00:00+00:00,2.08403992653,2.08683991432,2.08395004272,2.08596992493,0
2025-06-06 09:00:00+00:00,2.08598995209,2.08650994301,2.08470010757,2.08541989326,0
2025-06-06 10:00:00+00:00,2.08541989326,2.08687996864,2.08509993553,2.08651995659,0
2025-06-06 11:00:00+00:00,2.08650994301,2.08749008179,2.08515000343,2.08732008934,0
2025-06-06 12:00:00+00:00,2.0873401165,2.08846998215,2.08190989494,2.08470010757,0
2025-06-06 13:00:00+00:00,2.08467006683,2.0852599144,2.08219003677,2.08311009407,0
2025-06-06 14:00:00+00:00,2.08299994469,2.08576989174,2.08275008202,2.08523011208,0
2025-06-06 15:00:00+00:00,2.08513998985,2.08576989174,2.08238005638,2.08293008804,0
2025-06-06 16:00:00+00:00,2.08299994469,2.0838599205,2.082269907,2.08344006538,0
2025-06-06 17:00:00+00:00,2.08346009254,2.08346009254,2.08196997643,2.0827600956,0
2025-06-06 18:00:00+00:00,2.08266997337,2.08301997185,2.08189988136,2.08224010468,0
2025-06-06 19:00:00+00:00,2.08241009712,2.08301997185,2.08197999001,2.08287000656,0
2025-06-06 20:00:00+00:00,2.08289003372,2.08330011368,2.08115005493,2.08271002769,0
2025-06-06 21:00:00+00:00,2.08134007454,2.08312010765,2.08134007454,2.08312010765,0
2025-06-08 23:00:00+00:00,2.08257007599,2.08320999146,2.08208990097,2.08294010162,0
2025-06-09 00:00:00+00:00,2.08281993866,2.08315992355,2.08095002174,2.08200001717,0
2025-06-09 01:00:00+00:00,2.08197999001,2.08241009712,2.08031988144,2.08095002174,0
2025-06-09 02:00:00+00:00,2.0808300972,2.08311009407,2.08019995689,2.082269907,0
2025-06-09 03:00:00+00:00,2.08247995377,2.0829501152,2.08057999611,2.0809700489,0
2025-06-09 04:00:00+00:00,2.08090996742,2.08149003983,2.08032989502,2.08053994179,0
2025-06-09 05:00:00+00:00,2.0804901123,2.08188009262,2.07912993431,2.0813601017,0
2025-06-09 06:00:00+00:00,2.08130002022,2.08247995377,2.08116006851,2.0817899704,0
2025-06-09 07:00:00+00:00,2.0817899704,2.0817899704,2.08026003838,2.08077001572,0
2025-06-09 08:00:00+00:00,2.08069992065,2.08112001419,2.07749009132,2.07944011688,0
2025-06-09 09:00:00+00:00,2.07937002182,2.0799601078,2.07815003395,2.07904005051,0
2025-06-09 10:00:00+00:00,2.07901000977,2.07907009125,2.07790994644,2.07834005356,0
2025-06-09 11:00:00+00:00,2.07828998566,2.08051991463,2.077450037,2.08018994331,0
2025-06-09 12:00:00+00:00,2.08022999763,2.08047008514,2.07799005508,2.07839989662,0
2025-06-09 13:00:00+00:00,2.07833003998,2.0799601078,2.07785010338,2.07940006256,0
2025-06-09 14:00:00+00:00,2.07928991318,2.07940006256,2.07664990425,2.07778000832,0
2025-06-09 15:00:00+00:00,2.07771992683,2.07853007317,2.07733988762,2.07838988304,0
2025-06-09 16:00:00+00:00,2.07858991623,2.07899999619,2.07791996002,2.07859992981,0
2025-06-09 17:00:00+00:00,2.07860994339,2.07891988754,2.07803988457,2.07876992226,0
2025-06-09 18:00:00+00:00,2.07875990868,2.07894992828,2.07793998718,2.07851004601,0
2025-06-09 19:00:00+00:00,2.07846999168,2.07974004745,2.0783700943,2.07964992523,0
2025-06-09 20:00:00+00:00,2.07965993881,2.07992005348,2.0778400898,2.07831001282,0
2025-06-09 21:00:00+00:00,2.07825994492,2.0813100338,2.0758099556,2.07887005806,0
2025-06-09 22:00:00+00:00,2.07876992226,2.08007001877,2.07781004906,2.07972002029,0
2025-06-09 23:00:00+00:00,2.07919001579,2.08016991615,2.07919001579,2.07989001274,0
2025-06-10 00:00:00+00:00,2.07972002029,2.08014988899,2.07911992073,2.07953000069,0
2025-06-10 01:00:00+00:00,2.07944989204,2.07957005501,2.07680010796,2.07783007622,0
2025-06-10 02:00:00+00:00,2.07775998116,2.07956004143,2.0763399601,2.07670998573,0
2025-06-10 03:00:00+00:00,2.07661008835,2.07743000984,2.07389998436,2.07449007034,0
2025-06-10 04:00:00+00:00,2.07449007034,2.0759999752,2.07376003265,2.07587003708,0
2025-06-10 05:00:00+00:00,2.0759100914,2.08124995232,2.07501006126,2.07993006706,0
2025-06-10 06:00:00+00:00,2.07992005348,2.08102989197,2.07294988632,2.07435011864,0
2025-06-10 07:00:00+00:00,2.0743200779,2.07572007179,2.07137989998,2.07236003876,0
2025-06-10 08:00:00+00:00,2.07230997086,2.07304000854,2.07013010979,2.07028007507,0
2025-06-10 09:00:00+00:00,2.07024002075,2.07177996635,2.0699300766,2.07030010223,0
2025-06-10 10:00:00+00:00,2.07027006149,2.07351994514,2.06930994987,2.07331991196,0
2025-06-10 11:00:00+00:00,2.0733499527,2.07366991043,2.0698800087,2.07136011124,0
2025-06-10 12:00:00+00:00,2.07135009766,2.07284998894,2.0705499649,2.07254004478,0
2025-06-10 13:00:00+00:00,2.07277011871,2.0728199482,2.0709900856,2.07185006142,0
2025-06-10 14:00:00+00:00,2.07185006142,2.07259988785,2.07036995888,2.07080006599,0
2025-06-10 15:00:00+00:00,2.07107996941,2.07299995422,2.07082009315,2.07136011124,0
2025-06-10 16:00:00+00:00,2.07129001617,2.07223010063,2.06975007057,2.0698299408,0
2025-06-10 17:00:00+00:00,2.06979990005,2.07117009163,2.06976008415,2.07085990906,0
2025-06-10 18:00:00+00:00,2.07085990906,2.0713698864,2.06964993477,2.06972002983,0
2025-06-10 19:00:00+00:00,2.06968998909,2.07043004036,2.06900000572,2.0694899559,0
2025-06-10 20:00:00+00:00,2.06946992874,2.07029008865,2.06883001328,2.06883001328,0
2025-06-10 21:00:00+00:00,2.06894993782,2.07014989853,2.06645011902,2.06868004799,0
2025-06-10 22:00:00+00:00,2.0684800148,2.06990003586,2.06775999069,2.06886005402,0
2025-06-10 23:00:00+00:00,2.06914997101,2.06955003738,2.06717991829,2.06873989105,0
2025-06-11 00:00:00+00:00,2.06862998009,2.07193994522,2.06859993935,2.07107996941,0
2025-06-11 01:00:00+00:00,2.07113003731,2.07280993462,2.06943011284,2.07225990295,0
2025-06-11 02:00:00+00:00,2.07230997086,2.07273006439,2.07081007957,2.07254004478,0
2025-06-11 03:00:00+00:00,2.0725300312,2.07400989532,2.06929993629,2.06938004494,0
2025-06-11 04:00:00+00:00,2.06931996346,2.07085990906,2.06903004646,2.07064008713,0
2025-06-11 05:00:00+00:00,2.07055997849,2.07061004639,2.06878995895,2.06994009018,0
2025-06-11 06:00:00+00:00,2.07002997398,2.0705499649,2.06740999222,2.06753993034,0
2025-06-11 07:00:00+00:00,2.06760001183,2.07056999207,2.0669400692,2.07045006752,0
2025-06-11 08:00:00+00:00,2.0705499649,2.07312989235,2.06992006302,2.07278990746,0
2025-06-11 09:00:00+00:00,2.0728199482,2.07322001457,2.07086992264,2.07209992409,0
2025-06-11 10:00:00+00:00,2.07208991051,2.07358002663,2.07177996635,2.07335996628,0
2025-06-11 11:00:00+00:00,2.07272005081,2.07462000847,2.07251000404,2.07419991493,0
2025-06-11 12:00:00+00:00,2.07425999641,2.07558989525,2.06894993782,2.07055997849,0
2025-06-11 13:00:00+00:00,2.07047009468,2.07502007484,2.07023000717,2.07375001907,0
2025-06-11 14:00:00+00:00,2.07369995117,2.07673001289,2.07354998589,2.07671999931,0
2025-06-11 15:00:00+00:00,2.07645010948,2.0793800354,2.0759999752,2.07889008522,0
2025-06-11 16:00:00+00:00,2.07877993584,2.07918000221,2.07709002495,2.07740998268,0
2025-06-11 17:00:00+00:00,2.07740998268,2.0804901123,2.07611989975,2.0803399086,0
2025-06-11 18:00:00+00:00,2.0803399086,2.08373999596,2.07998991013,2.08155989647,0
2025-06-11 19:00:00+00:00,2.08154988289,2.08425998688,2.0814499855,2.0827600956,0
2025-06-11 20:00:00+00:00,2.08278989792,2.08405995369,2.08187007904,2.0823700428,0
2025-06-11 21:00:00+00:00,2.08387994766,2.08387994766,2.08064007759,2.08330988884,0
2025-06-11 22:00:00+00:00,2.08318996429,2.08481001854,2.08194994926,2.08464002609,0
2025-06-11 23:00:00+00:00,2.08446002007,2.08531999588,2.08326005936,2.08439993858,0
2025-06-12 00:00:00+00:00,2.0843501091,2.08932995796,2.08383011818,2.08858990669,0
2025-06-12 01:00:00+00:00,2.08849000931,2.09450006485,2.08745002747,2.09203004837,0
2025-06-12 02:00:00+00:00,2.09204006195,2.09318995476,2.09037995338,2.09048008919,0
2025-06-12 03:00:00+00:00,2.09047007561,2.09140992165,2.08716011047,2.08885002136,0
2025-06-12 04:00:00+00:00,2.08885002136,2.09132003784,2.08823990822,2.09126996994,0
2025-06-12 05:00:00+00:00,2.09118008614,2.09169006348,2.08896994591,2.08934998512,0
2025-06-12 06:00:00+00:00,2.0893099308,2.08940005302,2.08473992348,2.08727002144,0
2025-06-12 07:00:00+00:00,2.08731007576,2.0896999836,2.08490991592,2.08920001984,0
2025-06-12 08:00:00+00:00,2.08914995193,2.08926010132,2.08593010902,2.08652997017,0
2025-06-12 09:00:00+00:00,2.08648991585,2.08942008018,2.08524990082,2.08908009529,0
2025-06-12 10:00:00+00:00,2.08908009529,2.08928990364,2.08288002014,2.08528995514,0
2025-06-12 11:00:00+00:00,2.08526992798,2.08657002449,2.08397006989,2.0862300396,0
2025-06-12 12:00:00+00:00,2.08627009392,2.08664989471,2.08274006844,2.08526992798,0
2025-06-12 13:00:00+00:00,2.08523011208,2.08713006973,2.08418989182,2.08553004265,0
2025-06-12 14:00:00+00:00,2.08551001549,2.08598995209,2.082269907,2.08246994019,0
2025-06-12 15:00:00+00:00,2.08252000809,2.08357000351,2.08067989349,2.08262991905,0
2025-06-12 16:00:00+00:00,2.08261990547,2.08270001411,2.08111000061,2.08203005791,0
2025-06-12 17:00:00+00:00,2.08196997643,2.08309006691,2.08150005341,2.08183002472,0
2025-06-12 18:00:00+00:00,2.08191990852,2.0829000473,2.08132004738,2.08224010468,0
2025-06-12 19:00:00+00:00,2.08225989342,2.08404994011,2.08212995529,2.08366990089,0
2025-06-12 20:00:00+00:00,2.08366990089,2.0852200985,2.08194994926,2.08285999298,0
2025-06-12 21:00:00+00:00,2.08156991005,2.08553004265,2.08006000519,2.08428001404,0
2025-06-12 22:00:00+00:00,2.08433008194,2.08495998383,2.08306002617,2.08469009399,0
2025-06-12 23:00:00+00:00,2.08489990234,2.08803009987,2.08420991898,2.08796000481,0
2025-06-13 00:00:00+00:00,2.0877699852,2.09739995003,2.08768010139,2.09489989281,0
2025-06-13 01:00:00+00:00,2.09499001503,2.10009002686,2.09106993675,2.09233999252,0
2025-06-13 02:00:00+00:00,2.09225988388,2.09351992607,2.0877699852,2.09218001366,0
2025-06-13 03:00:00+00:00,2.09213995934,2.09275007248,2.08879995346,2.09101009369,0
2025-06-13 04:00:00+00:00,2.09096002579,2.09243988991,2.09003996849,2.09174990654,0
2025-06-13 05:00:00+00:00,2.09175992012,2.09281992912,2.08901000023,2.09141993523,0
2025-06-13 06:00:00+00:00,2.09136009216,2.0918200016,2.0883500576,2.09066009521,0
2025-06-13 07:00:00+00:00,2.09064006805,2.09346008301,2.08929991722,2.09172010422,0
2025-06-13 08:00:00+00:00,2.09178996086,2.09204006195,2.08773994446,2.0894100666,0
2025-06-13 09:00:00+00:00,2.08943009377,2.09087991714,2.08859992027,2.08931994438,0
2025-06-13 10:00:00+00:00,2.08931994438,2.09331989288,2.08908009529,2.092689991,0
2025-06-13 11:00:00+00:00,2.092689991,2.09273004532,2.08958005905,2.09080004692,0
2025-06-13 12:00:00+00:00,2.09078001976,2.09107995033,2.08797001839,2.08884000778,0
2025-06-13 13:00:00+00:00,2.08885002136,2.09061002731,2.08666992188,2.0883500576,0
2025-06-13 14:00:00+00:00,2.08833003044,2.08866000175,2.08505010605,2.08864998817,0
2025-06-13 15:00:00+00:00,2.08862996101,2.08965992928,2.08668994904,2.08744001389,0
2025-06-13 16:00:00+00:00,2.08739995956,2.0877699852,2.08595991135,2.08716988564,0
2025-06-13 17:00:00+00:00,2.08715009689,2.08942008018,2.08632993698,2.08909988403,0
2025-06-13 18:00:00+00:00,2.08892011642,2.09163999557,2.08841991425,2.08952999115,0
2025-06-13 19:00:00+00:00,2.08956003189,2.09085011482,2.08879995346,2.08974003792,0
2025-06-13 20:00:00+00:00,2.08968997002,2.09220004082,2.08908009529,2.0912001133,0
2025-06-13 21:00:00+00:00,2.09210991859,2.09210991859,2.09210991859,2.09210991859,0
2025-06-15 23:00:00+00:00,2.08896994591,2.08998990059,2.08663988113,2.08693003654,0
2025-06-16 00:00:00+00:00,2.08686995506,2.08762001991,2.0857000351,2.08755993843,0
2025-06-16 01:00:00+00:00,2.08736991882,2.09231996536,2.08727002144,2.09001994133,0
2025-06-16 02:00:00+00:00,2.09002995491,2.09102010727,2.08881998062,2.09053993225,0
2025-06-16 03:00:00+00:00,2.09054994583,2.09318995476,2.0897500515,2.0908100605,0
2025-06-16 04:00:00+00:00,2.09079003334,2.09121990204,2.08899998665,2.09011006355,0
2025-06-16 05:00:00+00:00,2.09015011787,2.09037995338,2.08796000481,2.0882999897,0
2025-06-16 06:00:00+00:00,2.08839011192,2.08962988853,2.08735990524,2.08894991875,0
2025-06-16 07:00:00+00:00,2.0888800621,2.08919000626,2.08610010147,2.08743000031,0
2025-06-16 08:00:00+00:00,2.08745002747,2.08799004555,2.0843000412,2.08496999741,0
2025-06-16 09:00:00+00:00,2.0849199295,2.08628988266,2.08446002007,2.08496999741,0
2025-06-16 10:00:00+00:00,2.08503007889,2.08519005775,2.08319997787,2.08394002914,0
2025-06-16 11:00:00+00:00,2.08400988579,2.08431005478,2.08073997498,2.08098006248,0
2025-06-16 12:00:00+00:00,2.08105993271,2.082269907,2.08015990257,2.08077001572,0
2025-06-16 13:00:00+00:00,2.08077001572,2.08275008202,2.07964992523,2.08031010628,0
2025-06-16 14:00:00+00:00,2.08029007912,2.08089995384,2.07827997208,2.07878994942,0
2025-06-16 15:00:00+00:00,2.07878994942,2.08105993271,2.07786011696,2.08062005043,0
2025-06-16 16:00:00+00:00,2.08063006401,2.08087992668,2.07786989212,2.0789000988,0
2025-06-16 17:00:00+00:00,2.07887005806,2.07965993881,2.07735991478,2.07912993431,0
2025-06-16 18:00:00+00:00,2.07909011841,2.08036994934,2.07886004448,2.07995009422,0
2025-06-16 19:00:00+00:00,2.07999992371,2.08133006096,2.07949995995,2.08107995987,0
2025-06-16 20:00:00+00:00,2.08102989197,2.08194994926,2.07941007614,2.08182001114,0
2025-06-16 21:00:00+00:00,2.08020997047,2.08258008957,2.07719993591,2.0797700882,0
2025-06-16 22:00:00+00:00,2.07978010178,2.08271002769,2.07877993584,2.08246994019,0
2025-06-16 23:00:00+00:00,2.08235001564,2.08449006081,2.08057999611,2.08327007294,0
2025-06-17 00:00:00+00:00,2.08326005936,2.08502006531,2.08246994019,2.0827600956,0
2025-06-17 01:00:00+00:00,2.08275008202,2.0842499733,2.07958006859,2.07958006859,0
2025-06-17 02:00:00+00:00,2.07961988449,2.08107995987,2.07785010338,2.07816004753,0
2025-06-17 03:00:00+00:00,2.07809996605,2.07965993881,2.07743000984,2.07810997963,0
2025-06-17 04:00:00+00:00,2.07806992531,2.07914996147,2.07634997368,2.07685995102,0
2025-06-17 05:00:00+00:00,2.0769200325,2.07823991776,2.07626008987,2.07753992081,0
2025-06-17 06:00:00+00:00,2.07753992081,2.07786989212,2.07425999641,2.07456994057,0
2025-06-17 07:00:00+00:00,2.0745100975,2.07598996162,2.07279992104,2.07470989227,0
2025-06-17 08:00:00+00:00,2.07465004921,2.07489991188,2.07279992104,2.07352995872,0
2025-06-17 09:00:00+00:00,2.07343006134,2.07555007935,2.07191991806,2.07462000847,0
2025-06-17 10:00:00+00:00,2.07462000847,2.07515001297,2.07367992401,2.0743598938,0
2025-06-17 11:00:00+00:00,2.07436990738,2.07526993752,2.07337999344,2.07457995415,0
2025-06-17 12:00:00+00:00,2.07456994057,2.0787498951,2.07417988777,2.07720994949,0
2025-06-17 13:00:00+00:00,2.07722997665,2.07748007774,2.07192993164,2.07259011269,0
2025-06-17 14:00:00+00:00,2.07257008553,2.07614994049,2.07131004333,2.07600998878,0
2025-06-17 15:00:00+00:00,2.07605004311,2.07694005966,2.07455992699,2.07477998734,0
2025-06-17 16:00:00+00:00,2.0748000145,2.0748000145,2.07157993317,2.07450008392,0
2025-06-17 17:00:00+00:00,2.07448005676,2.07626008987,2.07347011566,2.07608008385,0
2025-06-17 18:00:00+00:00,2.07604002953,2.07748007774,2.07470989227,2.07482004166,0
2025-06-17 19:00:00+00:00,2.07483005524,2.07553005219,2.0730099678,2.07363009453,0
2025-06-17 20:00:00+00:00,2.07364988327,2.07410001755,2.07240009308,2.07259011269,0
2025-06-17 21:00:00+00:00,2.07261991501,2.07418990135,2.06956005096,2.07248997688,0
2025-06-17 22:00:00+00:00,2.07226991653,2.07525992393,2.07061004639,2.0748898983,0
2025-06-17 23:00:00+00:00,2.07498002052,2.0753800869,2.07185006142,2.07208991051,0
2025-06-18 00:00:00+00:00,2.0720000267,2.07333993912,2.07069993019,2.0718100071,0
2025-06-18 01:00:00+00:00,2.07176995277,2.07193994522,2.06925988197,2.07169008255,0
2025-06-18 02:00:00+00:00,2.07175993919,2.07256007195,2.06958007812,2.07061004639,0
2025-06-18 03:00:00+00:00,2.07071995735,2.07120990753,2.06926989555,2.07006001472,0
2025-06-18 04:00:00+00:00,2.07002997398,2.07021999359,2.06663990021,2.06693005562,0
2025-06-18 05:00:00+00:00,2.06690001488,2.06804990768,2.06614995003,2.06738996506,0
2025-06-18 06:00:00+00:00,2.06763005257,2.06990003586,2.0668900013,2.06894993782,0
2025-06-18 07:00:00+00:00,2.06894993782,2.07144999504,2.06847000122,2.07115006447,0
2025-06-18 08:00:00+00:00,2.07125997543,2.07153010368,2.07005000114,2.07014989853,0
2025-06-18 09:00:00+00:00,2.07031989098,2.07210993767,2.07013988495,2.0713300705,0
2025-06-18 10:00:00+00:00,2.0713300705,2.07192993164,2.07058000565,2.07155990601,0
2025-06-18 11:00:00+00:00,2.07165002823,2.07165002823,2.06873011589,2.06897997856,0
2025-06-18 12:00:00+00:00,2.06908988953,2.07042002678,2.06799006462,2.06890010834,0
2025-06-18 13:00:00+00:00,2.06890010834,2.06914997101,2.06627011299,2.0679500103,0
2025-06-18 14:00:00+00:00,2.06799006462,2.06820011139,2.06366991997,2.0644800663,0
2025-06-18 15:00:00+00:00,2.06445002556,2.06643009186,2.06378006935,2.06625008583,0
2025-06-18 16:00:00+00:00,2.06627011299,2.06633996964,2.06479001045,2.06552004814,0
2025-06-18 17:00:00+00:00,2.06564998627,2.06585001945,2.06317996979,2.0634200573,0
2025-06-18 18:00:00+00:00,2.06354999542,2.06401991844,2.06040000916,2.06370997429,0
2025-06-18 19:00:00+00:00,2.06375002861,2.06404995918,2.06098008156,2.06147003174,0
2025-06-18 20:00:00+00:00,2.06154990196,2.06332993507,2.06071996689,2.06225991249,0
2025-06-18 21:00:00+00:00,2.06195998192,2.06348991394,2.05890011787,2.06226992607,0
2025-06-18 22:00:00+00:00,2.06176996231,2.06270003319,2.0611000061,2.06236004829,0
2025-06-18 23:00:00+00:00,2.06218004227,2.06229996681,2.0610499382,2.06165003777,0
2025-06-19 00:00:00+00:00,2.06148004532,2.06488990784,2.06084990501,2.06436991692,0
2025-06-19 01:00:00+00:00,2.06447005272,2.06855988503,2.06370997429,2.065969944,0
2025-06-19 02:00:00+00:00,2.06604003906,2.06763005257,2.06463003159,2.06656002998,0
2025-06-19 03:00:00+00:00,2.06646990776,2.06680011749,2.06399011612,2.06506991386,0
2025-06-19 04:00:00+00:00,2.06506991386,2.06701993942,2.06477999687,2.06667995453,0
2025-06-19 05:00:00+00:00,2.06665992737,2.07176995277,2.06645011902,2.07116007805,0
2025-06-19 06:00:00+00:00,2.07114005089,2.07357001305,2.07018995285,2.07163000107,0
2025-06-19 07:00:00+00:00,2.07163000107,2.07456994057,2.07126998901,2.07326006889,0
2025-06-19 08:00:00+00:00,2.07321000099,2.07370996475,2.07185006142,2.07351994514,0
2025-06-19 09:00:00+00:00,2.07358002663,2.07608008385,2.07221007347,2.07573008537,0
2025-06-19 10:00:00+00:00,2.07574009895,2.07824993134,2.07553005219,2.07642006874,0
2025-06-19 11:00:00+00:00,2.0769701004,2.07908010483,2.07424998283,2.0789899826,0
2025-06-19 12:00:00+00:00,2.07892990112,2.08051991463,2.07625007629,2.07981991768,0
2025-06-19 13:00:00+00:00,2.0798099041,2.08021998405,2.07621002197,2.08021998405,0
2025-06-19 14:00:00+00:00,2.08014988899,2.08320999146,2.07915997505,2.08036994934,0
2025-06-19 15:00:00+00:00,2.08028006554,2.08095002174,2.07950997353,2.08069992065,0
2025-06-19 16:00:00+00:00,2.08069992065,2.08099007607,2.07979989052,2.0804400444,0
2025-06-19 17:00:00+00:00,2.08039999008,2.0807299614,2.0783200264,2.07871007919,0
2025-06-19 18:00:00+00:00,2.07872009277,2.07933998108,2.07853007317,2.07894992828,0
2025-06-19 19:00:00+00:00,2.07905006409,2.07966995239,2.07873010635,2.07916998863,0
2025-06-19 20:00:00+00:00,2.07922005653,2.07981991768,2.07500004768,2.07500004768,0
2025-06-19 21:00:00+00:00,2.07708001137,2.08008003235,2.07494997978,2.0782699585,0
2025-06-19 22:00:00+00:00,2.0782699585,2.07855010033,2.0767800808,2.07761001587,0
2025-06-19 23:00:00+00:00,2.07740998268,2.07872009277,2.07698988914,2.07776999474,0
2025-06-20 00:00:00+00:00,2.07771992683,2.07931995392,2.07632994652,2.07905006409,0
2025-06-20 01:00:00+00:00,2.07903003693,2.08202004433,2.07809996605,2.08124995232,0
2025-06-20 02:00:00+00:00,2.08121991158,2.08157992363,2.0793299675,2.07964992523,0
2025-06-20 03:00:00+00:00,2.07961010933,2.07997989655,2.07852005959,2.0789399147,0
2025-06-20 04:00:00+00:00,2.07902002335,2.07959008217,2.07783007622,2.07851004601,0
2025-06-20 05:00:00+00:00,2.07864999771,2.08000993729,2.07816004753,2.07867002487,0
2025-06-20 06:00:00+00:00,2.07856988907,2.08049988747,2.07656002045,2.0794699192,0
2025-06-20 07:00:00+00:00,2.07945990562,2.08017992973,2.07772994041,2.07778000832,0
2025-06-20 08:00:00+00:00,2.0777900219,2.07983994484,2.0767800808,2.07940006256,0
2025-06-20 09:00:00+00:00,2.07936000824,2.07951998711,2.07729005814,2.07817006111,0
2025-06-20 10:00:00+00:00,2.07816004753,2.08026003838,2.0779800415,2.07984995842,0
2025-06-20 11:00:00+00:00,2.07993006706,2.08104991913,2.07803988457,2.08015990257,0
2025-06-20 12:00:00+00:00,2.08014988899,2.08047008514,2.07828998566,2.08035993576,0
2025-06-20 13:00:00+00:00,2.08027005196,2.08480000496,2.07968997955,2.08347988129,0
2025-06-20 14:00:00+00:00,2.0834300518,2.08413004875,2.08223009109,2.08225989342,0
2025-06-20 15:00:00+00:00,2.082269907,2.08659005165,2.08200001717,2.08614993095,0
2025-06-20 16:00:00+00:00,2.08624005318,2.086810112,2.08531999588,2.08559989929,0
2025-06-20 17:00:00+00:00,2.08561992645,2.08727002144,2.08496999741,2.08586001396,0
2025-06-20 18:00:00+00:00,2.08590006828,2.08666992188,2.08533000946,2.08607006073,0
2025-06-20 19:00:00+00:00,2.08611989021,2.08630990982,2.08450007439,2.08485007286,0
2025-06-20 20:00:00+00:00,2.08488988876,2.08526992798,2.08267998695,2.0843501091,0
2025-06-20 21:00:00+00:00,2.08498001099,2.08498001099,2.08498001099,2.08498001099,0
2025-06-22 23:00:00+00:00,2.08487010002,2.08523011208,2.08306002617,2.08418011665,0
2025-06-23 00:00:00+00:00,2.08403992653,2.08669996262,2.08388996124,2.08517003059,0
2025-06-23 01:00:00+00:00,2.08509993553,2.08979988098,2.08361005783,2.08840990067,0
2025-06-23 02:00:00+00:00,2.08841991425,2.09412002563,2.08799004555,2.09352993965,0
2025-06-23 03:00:00+00:00,2.09354996681,2.09704995155,2.09277009964,2.09525990486,0
2025-06-23 04:00:00+00:00,2.09525990486,2.0953400135,2.09328007698,2.09358000755,0
2025-06-23 05:00:00+00:00,2.09341001511,2.09579992294,2.09295010567,2.09450006485,0
2025-06-23 06:00:00+00:00,2.09453010559,2.09551000595,2.09242010117,2.09257006645,0
2025-06-23 07:00:00+00:00,2.09254002571,2.09363007545,2.09103989601,2.09271001816,0
2025-06-23 08:00:00+00:00,2.09266996384,2.09560990334,2.09170007706,2.09513998032,0
2025-06-23 09:00:00+00:00,2.09519004822,2.09809994698,2.09396004677,2.09773993492,0
2025-06-23 10:00:00+00:00,2.09776997566,2.0987598896,2.09625005722,2.09728002548,0
2025-06-23 11:00:00+00:00,2.09728002548,2.09877991676,2.09608006477,2.09689998627,0
2025-06-23 12:00:00+00:00,2.09685993195,2.09690999985,2.09483003616,2.09529995918,0
2025-06-23 13:00:00+00:00,2.09531998634,2.09945988655,2.09471988678,2.09612989426,0
2025-06-23 14:00:00+00:00,2.09614992142,2.09835004807,2.09477996826,2.09745001793,0
2025-06-23 15:00:00+00:00,2.09745001793,2.10075998306,2.09662008286,2.10061001778,0
2025-06-23 16:00:00+00:00,2.1006000042,2.10238003731,2.09883999825,2.10104990005,0
2025-06-23 17:00:00+00:00,2.10146999359,2.10164999962,2.09512996674,2.09593009949,0
2025-06-23 18:00:00+00:00,2.09593009949,2.09646010399,2.0942800045,2.0943300724,0
2025-06-23 19:00:00+00:00,2.09446001053,2.09606003761,2.09396004677,2.09504008293,0
2025-06-23 20:00:00+00:00,2.09506011009,2.09531998634,2.09260988235,2.09285998344,0
2025-06-23 21:00:00+00:00,2.09344005585,2.09477996826,2.09008002281,2.09278988838,0
2025-06-23 22:00:00+00:00,2.09319996834,2.09405994415,2.09001994133,2.09116005898,0
2025-06-23 23:00:00+00:00,2.0912001133,2.09207010269,2.08879995346,2.09115004539,0
2025-06-24 00:00:00+00:00,2.09101009369,2.09210991859,2.08947992325,2.09055995941,0
2025-06-24 01:00:00+00:00,2.09055995941,2.09185004234,2.08910989761,2.089220047,0
2025-06-24 02:00:00+00:00,2.08929991722,2.09015011787,2.08749008179,2.08763003349,0
2025-06-24 03:00:00+00:00,2.08755993843,2.08986997604,2.0873401165,2.08958005905,0
2025-06-24 04:00:00+00:00,2.08959007263,2.09048008919,2.08769011497,2.08815002441,0
2025-06-24 05:00:00+00:00,2.08804988861,2.0893599987,2.08783006668,2.08868002892,0
2025-06-24 06:00:00+00:00,2.08868002892,2.0897500515,2.08595991135,2.08619999886,0
2025-06-24 07:00:00+00:00,2.08622002602,2.09159994125,2.08565998077,2.09125995636,0
2025-06-24 08:00:00+00:00,2.09119009972,2.09233999252,2.08984994888,2.09126996994,0
2025-06-24 09:00:00+00:00,2.09131002426,2.09140992165,2.08921003342,2.09055995941,0
2025-06-24 10:00:00+00:00,2.09055995941,2.09137010574,2.09013009071,2.09084010124,0
2025-06-24 11:00:00+00:00,2.09078001976,2.09224009514,2.0903699398,2.09147000313,0
2025-06-24 12:00:00+00:00,2.09137988091,2.09211993217,2.09033989906,2.09124994278,0
2025-06-24 13:00:00+00:00,2.0912001133,2.0956799984,2.09084010124,2.09510993958,0
2025-06-24 14:00:00+00:00,2.09505009651,2.09535002708,2.09141993523,2.09332990646,0
2025-06-24 15:00:00+00:00,2.09343004227,2.09526991844,2.09159994125,2.09517002106,0
2025-06-24 16:00:00+00:00,2.09509992599,2.09593009949,2.09421992302,2.09440994263,0
2025-06-24 17:00:00+00:00,2.0942800045,2.09543991089,2.0941400528,2.09524989128,0
2025-06-24 18:00:00+00:00,2.09518003464,2.09564995766,2.09458994865,2.09536004066,0
2025-06-24 19:00:00+00:00,2.09539008141,2.0962600708,2.09451007843,2.09602999687,0
2025-06-24 20:00:00+00:00,2.09602999687,2.098279953,2.09553003311,2.09755992889,0
2025-06-24 21:00:00+00:00,2.09752988815,2.0997300148,2.09547996521,2.09699988365,0
2025-06-24 22:00:00+00:00,2.09699010849,2.09809994698,2.09598994255,2.09776997566,0
2025-06-24 23:00:00+00:00,2.09787988663,2.09811997414,2.09582996368,2.09604001045,0
2025-06-25 00:00:00+00:00,2.09595990181,2.09741997719,2.09468007088,2.09546995163,0
2025-06-25 01:00:00+00:00,2.09546995163,2.09600996971,2.09368991852,2.09509992599,0
2025-06-25 02:00:00+00:00,2.09518003464,2.0962100029,2.09336996078,2.09350991249,0
2025-06-25 03:00:00+00:00,2.09348011017,2.09484004974,2.09262990952,2.09471988678,0
2025-06-25 04:00:00+00:00,2.09471988678,2.09596991539,2.0941400528,2.09493994713,0
2025-06-25 05:00:00+00:00,2.09483003616,2.09706997871,2.09483003616,2.09610009193,0
2025-06-25 06:00:00+00:00,2.09612989426,2.0976099968,2.09521007538,2.09722995758,0
2025-06-25 07:00:00+00:00,2.09722995758,2.09741997719,2.09442996979,2.09541010857,0
2025-06-25 08:00:00+00:00,2.09539008141,2.09714007378,2.0953400135,2.09643006325,0
2025-06-25 09:00:00+00:00,2.09636998177,2.09696006775,2.09516000748,2.09572005272,0
2025-06-25 10:00:00+00:00,2.09565997124,2.09632992744,2.09413003922,2.09450006485,0
2025-06-25 11:00:00+00:00,2.09449005127,2.0956299305,2.09399008751,2.09431004524,0
2025-06-25 12:00:00+00:00,2.09431004524,2.09532999992,2.09271001816,2.09437990189,0
2025-06-25 13:00:00+00:00,2.09434008598,2.0983300209,2.09408998489,2.09805011749,0
2025-06-25 14:00:00+00:00,2.0978500843,2.09892988205,2.09634995461,2.0981400013,0
2025-06-25 15:00:00+00:00,2.0981400013,2.09894990921,2.0976600647,2.09891009331,0
2025-06-25 16:00:00+00:00,2.09892988205,2.09944009781,2.09719991684,2.09762001038,0
2025-06-25 17:00:00+00:00,2.09763002396,2.09909009933,2.09745001793,2.09878993034,0
2025-06-25 18:00:00+00:00,2.09882998466,2.09908008575,2.09781002998,2.09864997864,0
2025-06-25 19:00:00+00:00,2.09873008728,2.09927010536,2.09779000282,2.09873008728,0
2025-06-25 20:00:00+00:00,2.0987200737,2.09937000275,2.09653997421,2.09653997421,0
2025-06-25 21:00:00+00:00,2.09592008591,2.09960007668,2.0947599411,2.09765005112,0
2025-06-25 22:00:00+00:00,2.09868001938,2.09917998314,2.09570002556,2.09815001488,0
2025-06-25 23:00:00+00:00,2.09806990623,2.09947991371,2.09777998924,2.09921002388,0
2025-06-26 00:00:00+00:00,2.09921002388,2.09986996651,2.09846997261,2.09955000877,0
2025-06-26 01:00:00+00:00,2.09953999519,2.1012198925,2.09896993637,2.09960007668,0
2025-06-26 02:00:00+00:00,2.09950995445,2.1006000042,2.09777998924,2.09903001785,0
2025-06-26 03:00:00+00:00,2.09903001785,2.09993004799,2.09799003601,2.09863996506,0
2025-06-26 04:00:00+00:00,2.0986199379,2.10071992874,2.09839010239,2.10035991669,0
2025-06-26 05:00:00+00:00,2.1003100872,2.10146999359,2.09968996048,2.10017991066,0
2025-06-26 06:00:00+00:00,2.10010004044,2.10114002228,2.09797000885,2.10013008118,0
2025-06-26 07:00:00+00:00,2.1001598835,2.10257005692,2.10013008118,2.10237002373,0
2025-06-26 08:00:00+00:00,2.10244011879,2.10273003578,2.10039997101,2.10093998909,0
2025-06-26 09:00:00+00:00,2.10084009171,2.10360002518,2.10045003891,2.10189008713,0
2025-06-26 10:00:00+00:00,2.10188007355,2.10255002975,2.09984993935,2.09996008873,0
2025-06-26 11:00:00+00:00,2.09955000877,2.10017991066,2.09728002548,2.09836006165,0
2025-06-26 12:00:00+00:00,2.09832000732,2.09841990471,2.09660005569,2.09714007378,0
2025-06-26 13:00:00+00:00,2.09684991837,2.09907007217,2.09612989426,2.09759998322,0
2025-06-26 14:00:00+00:00,2.09749007225,2.09838008881,2.0953400135,2.0971300602,0
2025-06-26 15:00:00+00:00,2.09719991684,2.0992500782,2.09578990936,2.09828996658,0
2025-06-26 16:00:00+00:00,2.09832000732,2.09924006462,2.09718990326,2.09811997414,0
2025-06-26 17:00:00+00:00,2.09821009636,2.09860992432,2.09608006477,2.09669995308,0
2025-06-26 18:00:00+00:00,2.09671998024,2.09731006622,2.09598994255,2.09614992142,0
2025-06-26 19:00:00+00:00,2.09614992142,2.09678006172,2.09578990936,2.09622001648,0
2025-06-26 20:00:00+00:00,2.09614992142,2.09725999832,2.09612989426,2.09634995461,0
2025-06-26 21:00:00+00:00,2.09702992439,2.09811997414,2.09417009354,2.09696006775,0
2025-06-26 22:00:00+00:00,2.09701991081,2.0972700119,2.09532999992,2.09594011307,0
2025-06-26 23:00:00+00:00,2.09611010551,2.09694004059,2.09556007385,2.09640002251,0
2025-06-27 00:00:00+00:00,2.09625005722,2.09672999382,2.09456992149,2.09484004974,0
2025-06-27 01:00:00+00:00,2.09471988678,2.09706997871,2.09436988831,2.094810009,0
2025-06-27 02:00:00+00:00,2.09490990639,2.09677004814,2.09436011314,2.09658002853,0
2025-06-27 03:00:00+00:00,2.09660005569,2.09816002846,2.09498000145,2.09752988815,0
2025-06-27 04:00:00+00:00,2.09757995605,2.09873008728,2.09677004814,2.09744000435,0
2025-06-27 05:00:00+00:00,2.09752988815,2.09857010841,2.09664988518,2.09770011902,0
2025-06-27 06:00:00+00:00,2.09771990776,2.09844994545,2.09642004967,2.09739995003,0
2025-06-27 07:00:00+00:00,2.09739995003,2.09826993942,2.09522008896,2.09782004356,0
2025-06-27 08:00:00+00:00,2.0978000164,2.09816002846,2.09624004364,2.09770011902,0
2025-06-27 09:00:00+00:00,2.09770011902,2.10034990311,2.09764003754,2.1002099514,0
2025-06-27 10:00:00+00:00,2.10017991066,2.1022799015,2.09996008873,2.10033011436,0
2025-06-27 11:00:00+00:00,2.10032010078,2.10208010674,2.09994006157,2.10096001625,0
2025-06-27 12:00:00+00:00,2.10104990005,2.10184001923,2.09805989265,2.09926009178,0
2025-06-27 13:00:00+00:00,2.09913992882,2.10231995583,2.09855008125,2.10177993774,0
2025-06-27 14:00:00+00:00,2.10185003281,2.10197997093,2.09994006157,2.1011300087,0
2025-06-27 15:00:00+00:00,2.10104990005,2.10144996643,2.09848999977,2.09948992729,0
2025-06-27 16:00:00+00:00,2.09944009781,2.09992003441,2.09694004059,2.09755992889,0
2025-06-27 17:00:00+00:00,2.09755992889,2.10208010674,2.09698009491,2.10014009476,0
2025-06-27 18:00:00+00:00,2.10002994537,2.10259008408,2.09963989258,2.1012699604,0
2025-06-27 19:00:00+00:00,2.10134005547,2.10168004036,2.10015010834,2.10049009323,0
2025-06-27 20:00:00+00:00,2.10061001778,2.1011800766,2.09792995453,2.09837007523,0
2025-06-27 21:00:00+00:00,2.10057997704,2.10057997704,2.10057997704,2.10057997704,0
2025-06-29 23:00:00+00:00,2.1002600193,2.10045003891,2.09916996956,2.09999990463,0
2025-06-30 00:00:00+00:00,2.10010004044,2.10035991669,2.0981900692,2.10006999969,0
2025-06-30 01:00:00+00:00,2.10005998611,2.10051989555,2.09764003754,2.09979009628,0
2025-06-30 02:00:00+00:00,2.09980010986,2.10037994385,2.09850001335,2.09972000122,0
2025-06-30 03:00:00+00:00,2.09977006912,2.09981989861,2.09854006767,2.09907007217,0
2025-06-30 04:00:00+00:00,2.09904003143,2.09923005104,2.09770989418,2.09817004204,0
2025-06-30 05:00:00+00:00,2.09823989868,2.09837007523,2.09559988976,2.09579992294,0
2025-06-30 06:00:00+00:00,2.09577989578,2.09900999069,2.09569001198,2.09795999527,0
2025-06-30 07:00:00+00:00,2.09795999527,2.09893989563,2.09641003609,2.09709000587,0
2025-06-30 08:00:00+00:00,2.09699988365,2.09717011452,2.09485006332,2.09536004066,0
2025-06-30 09:00:00+00:00,2.09524989128,2.09892988205,2.09471011162,2.09874010086,0
2025-06-30 10:00:00+00:00,2.09873008728,2.09897994995,2.097219944,2.09792995453,0
2025-06-30 11:00:00+00:00,2.09792995453,2.09883999825,2.09680008888,2.0982298851,0
2025-06-30 12:00:00+00:00,2.09815001488,2.09835004807,2.09541988373,2.09642004967,0
2025-06-30 13:00:00+00:00,2.09633994102,2.09647011757,2.09038996696,2.09109997749,0
2025-06-30 14:00:00+00:00,2.09110999107,2.09302997589,2.09024000168,2.09109997749,0
2025-06-30 15:00:00+00:00,2.09108996391,2.09186005592,2.08727002144,2.08736991882,0
2025-06-30 16:00:00+00:00,2.08728003502,2.08822989464,2.08557009697,2.08647990227,0
2025-06-30 17:00:00+00:00,2.08638000488,2.08683991432,2.0853600502,2.08654999733,0
2025-06-30 18:00:00+00:00,2.08654999733,2.08669996262,2.08463001251,2.08513998985,0
2025-06-30 19:00:00+00:00,2.08507990837,2.08592009544,2.08476996422,2.08563995361,0
2025-06-30 20:00:00+00:00,2.08571004868,2.08696007729,2.08537006378,2.08545994759,0
2025-06-30 21:00:00+00:00,2.08600997925,2.08817005157,2.08345007896,2.08632993698,0
2025-06-30 22:00:00+00:00,2.08591008186,2.08665990829,2.08505010605,2.08616995811,0
