timestamp,open,high,low,close,volume
2024-11-01 00:00:00+00:00,358.228088379,358.317199707,353.827728271,354.712188721,0
2024-11-01 01:00:00+00:00,354.300079346,354.34954834,351.238037109,351.368286133,0
2024-11-01 02:00:00+00:00,351.291778564,351.812530518,348.373199463,351.721496582,1624832
2024-11-01 03:00:00+00:00,351.725860596,353.230163574,351.40826416,351.530548096,0
2024-11-01 04:00:00+00:00,351.31350708,351.31350708,350.714111328,351.202545166,0
2024-11-01 05:00:00+00:00,351.206390381,351.238525391,349.803497314,349.803497314,0
2024-11-01 06:00:00+00:00,349.790435791,349.790435791,346.178771973,346.178771973,0
2024-11-01 07:00:00+00:00,345.711334229,346.663574219,344.445709229,345.746826172,0
2024-11-01 08:00:00+00:00,345.607330322,347.470733643,345.320831299,347.191619873,0
2024-11-01 09:00:00+00:00,347.145019531,348.537109375,346.946624756,348.233642578,479616
2024-11-01 10:00:00+00:00,348.234100342,350.707061768,347.820037842,350.306884766,0
2024-11-01 11:00:00+00:00,350.586975098,351.397125244,350.586975098,350.785400391,0
2024-11-01 12:00:00+00:00,350.793365479,353.724700928,350.748443604,353.294158936,126240
2024-11-01 13:00:00+00:00,353.505310059,357.221832275,352.557159424,357.221832275,0
2024-11-01 14:00:00+00:00,357.354370117,359.225494385,356.386474609,356.43170166,0
2024-11-01 15:00:00+00:00,356.593597412,357.304718018,346.631622314,347.639678955,7103904
2024-11-01 16:00:00+00:00,347.332855225,351.52355957,346.914672852,351.383911133,7927904
2024-11-01 17:00:00+00:00,351.434875488,351.502593994,349.667449951,350.452362061,0
2024-11-01 18:00:00+00:00,350.383728027,350.383728027,348.4765625,348.4765625,0
2024-11-01 19:00:00+00:00,348.471618652,348.797119141,347.759033203,348.256591797,802720
2024-11-01 20:00:00+00:00,348.327392578,349.031646729,347.928253174,347.94430542,0
2024-11-01 21:00:00+00:00,348.015838623,348.015838623,345.519958496,346.854614258,0
2024-11-01 22:00:00+00:00,347.326446533,348.262054443,347.133178711,348.225921631,0
2024-11-01 23:00:00+00:00,348.231170654,349.699371338,348.13885498,349.599029541,0
2024-11-02 00:00:00+00:00,349.589416504,351.120544434,349.466552734,351.120544434,0
2024-11-02 01:00:00+00:00,351.12991333,351.961608887,350.948913574,351.478424072,0
2024-11-02 02:00:00+00:00,351.491638184,352.499420166,351.359436035,351.359436035,0
2024-11-02 03:00:00+00:00,351.346435547,351.863464355,351.11517334,351.391876221,0
2024-11-02 04:00:00+00:00,351.404724121,351.740203857,349.52557373,349.692382812,0
2024-11-02 05:00:00+00:00,349.735687256,350.43661499,348.572021484,350.206756592,2803520
2024-11-02 06:00:00+00:00,350.202453613,350.237579346,349.667388916,349.985321045,0
2024-11-02 07:00:00+00:00,349.965484619,349.965484619,349.375488281,349.595092773,0
2024-11-02 08:00:00+00:00,349.595031738,349.601409912,348.382110596,348.397247314,0
2024-11-02 09:00:00+00:00,348.416748047,348.422698975,347.765258789,347.765258789,0
2024-11-02 10:00:00+00:00,347.769439697,348.015197754,347.355499268,348.015197754,0
2024-11-02 11:00:00+00:00,348.015197754,348.938354492,348.015197754,348.369110107,0
2024-11-02 12:00:00+00:00,348.371887207,348.439361572,345.719085693,345.719085693,0
2024-11-02 13:00:00+00:00,345.729980469,347.060791016,344.32925415,344.32925415,7431872
2024-11-02 14:00:00+00:00,344.296875,345.181060791,343.695495605,343.965820312,0
2024-11-02 15:00:00+00:00,343.973602295,344.138214111,342.311706543,344.138214111,0
2024-11-02 16:00:00+00:00,344.130950928,346.645935059,343.84286499,346.645935059,0
2024-11-02 17:00:00+00:00,346.640106201,346.797058105,345.839782715,346.227294922,0
2024-11-02 18:00:00+00:00,346.1690979,346.536651611,345.173583984,346.495849609,0
2024-11-02 19:00:00+00:00,346.49017334,347.258605957,346.166534424,346.985137939,0
2024-11-02 20:00:00+00:00,347.099243164,356.304656982,347.099243164,354.733184814,23449104
2024-11-02 21:00:00+00:00,354.733032227,354.89654541,352.558685303,352.687835693,0
2024-11-02 22:00:00+00:00,352.682281494,353.1484375,352.260131836,352.988525391,0
2024-11-02 23:00:00+00:00,352.974639893,353.420532227,351.991882324,353.330291748,3513456
2024-11-03 00:00:00+00:00,353.37210083,353.798126221,352.762237549,353.532531738,0
2024-11-03 01:00:00+00:00,353.482025146,353.482025146,352.348480225,352.348480225,2218336
2024-11-03 02:00:00+00:00,352.17980957,352.17980957,345.334655762,345.907562256,11425120
2024-11-03 03:00:00+00:00,346.00881958,349.114501953,345.409667969,349.110046387,10995120
2024-11-03 04:00:00+00:00,349.112854004,353.180236816,348.752166748,351.305297852,3125472
2024-11-03 05:00:00+00:00,351.228607178,351.228607178,344.221923828,344.221923828,11533424
2024-11-03 06:00:00+00:00,344.192626953,345.111175537,342.089324951,343.944152832,7454992
2024-11-03 07:00:00+00:00,343.965301514,345.417114258,343.763366699,344.481933594,2627872
2024-11-03 08:00:00+00:00,344.481323242,344.794952393,342.563018799,343.003234863,5609024
2024-11-03 09:00:00+00:00,343.01940918,343.228607178,341.87020874,341.87020874,791168
2024-11-03 10:00:00+00:00,341.835235596,344.455444336,341.835235596,344.38168335,5076896
2024-11-03 11:00:00+00:00,344.38885498,345.165374756,341.892486572,341.892486572,4049440
2024-11-03 12:00:00+00:00,341.8046875,341.8046875,340.84072876,340.84072876,780448
2024-11-03 13:00:00+00:00,340.783538818,340.79473877,336.210540771,336.390533447,0
2024-11-03 14:00:00+00:00,336.901275635,337.584960938,335.878479004,336.651153564,1003648
2024-11-03 15:00:00+00:00,336.37210083,337.774414062,335.115966797,337.774414062,8906368
2024-11-03 16:00:00+00:00,338.153900146,340.499755859,337.789398193,337.813934326,5775968
2024-11-03 17:00:00+00:00,337.796936035,339.484375,337.796936035,338.979034424,649280
2024-11-03 18:00:00+00:00,339.132293701,339.414825439,335.050140381,335.555938721,1529120
2024-11-03 19:00:00+00:00,335.809020996,340.027679443,335.762145996,340.027679443,4797664
2024-11-03 20:00:00+00:00,340.038330078,341.868835449,340.038330078,341.576751709,0
2024-11-03 21:00:00+00:00,341.79107666,343.563110352,341.79107666,342.649078369,1856032
2024-11-03 22:00:00+00:00,342.758972168,343.089080811,341.020904541,341.149932861,0
2024-11-03 23:00:00+00:00,341.064971924,341.139343262,340.249359131,340.290893555,211040
2024-11-04 00:00:00+00:00,340.196472168,340.196472168,334.762786865,336.399414062,2661504
2024-11-04 01:00:00+00:00,336.837585449,340.211456299,336.294342041,338.899414062,4616416
2024-11-04 02:00:00+00:00,338.663391113,340.628143311,338.188140869,340.591674805,0
2024-11-04 03:00:00+00:00,340.718170166,341.554779053,339.210144043,339.210144043,0
2024-11-04 04:00:00+00:00,338.838775635,339.514434814,338.479919434,338.738708496,0
2024-11-04 05:00:00+00:00,338.776397705,338.776397705,334.919219971,334.923522949,0
2024-11-04 06:00:00+00:00,334.754608154,336.836090088,334.748626709,336.836090088,0
2024-11-04 07:00:00+00:00,337.087677002,337.087677002,333.768920898,333.772277832,0
2024-11-04 08:00:00+00:00,333.712371826,334.387512207,332.758514404,333.709106445,0
2024-11-04 09:00:00+00:00,334.171264648,336.149047852,333.844818115,334.318267822,1942672
2024-11-04 10:00:00+00:00,334.51953125,336.998046875,334.51953125,336.605163574,0
2024-11-04 11:00:00+00:00,336.821258545,338.8309021,336.758880615,338.395782471,0
2024-11-04 12:00:00+00:00,338.295440674,340.225585938,338.295440674,339.794677734,0
2024-11-04 13:00:00+00:00,339.704711914,340.613769531,338.205413818,338.205413818,0
2024-11-04 14:00:00+00:00,338.120117188,338.124176025,336.290618896,336.290618896,0
2024-11-04 15:00:00+00:00,336.712127686,337.056640625,336.17767334,337.056640625,0
2024-11-04 16:00:00+00:00,336.838348389,337.698303223,334.178497314,334.178497314,0
2024-11-04 17:00:00+00:00,334.112579346,335.812957764,333.533905029,334.949371338,2793248
2024-11-04 18:00:00+00:00,334.252929688,334.81741333,333.098327637,333.098327637,0
2024-11-04 19:00:00+00:00,333.112854004,333.956451416,332.899230957,332.899230957,0
2024-11-04 20:00:00+00:00,332.793273926,333.646759033,327.457855225,327.457855225,20262688
2024-11-04 21:00:00+00:00,327.342132568,328.239196777,323.246063232,323.246063232,18256448
2024-11-04 22:00:00+00:00,322.619873047,329.071777344,322.619873047,329.071777344,10813280
2024-11-04 23:00:00+00:00,328.846191406,329.530456543,328.195953369,329.098114014,0
2024-11-05 00:00:00+00:00,329.097625732,330.677246094,329.097625732,330.23425293,0
2024-11-05 01:00:00+00:00,330.227050781,330.227050781,327.116241455,329.921112061,0
2024-11-05 02:00:00+00:00,329.755859375,329.88671875,329.201202393,329.262817383,0
2024-11-05 03:00:00+00:00,329.501220703,331.483215332,329.501220703,331.483215332,50176
2024-11-05 04:00:00+00:00,331.518737793,335.007995605,331.518737793,334.302764893,1763232
2024-11-05 05:00:00+00:00,334.339324951,335.560211182,333.909240723,335.560211182,0
2024-11-05 06:00:00+00:00,335.690765381,335.690765381,334.456176758,334.811737061,0
2024-11-05 07:00:00+00:00,334.858612061,338.573242188,334.82623291,338.573242188,11202464
2024-11-05 08:00:00+00:00,338.529266357,338.92666626,338.258087158,338.92666626,153984
2024-11-05 09:00:00+00:00,339.875793457,340.102966309,338.701782227,338.748596191,0
2024-11-05 10:00:00+00:00,338.743499756,338.975280762,337.619995117,338.918640137,0
2024-11-05 11:00:00+00:00,338.916992188,339.538543701,338.916992188,339.104003906,0
2024-11-05 12:00:00+00:00,339.100097656,339.372772217,338.562835693,339.226501465,0
2024-11-05 13:00:00+00:00,339.201263428,339.354888916,338.345977783,338.782775879,0
2024-11-05 14:00:00+00:00,338.785552979,344.324310303,338.458068848,343.357269287,11809472
2024-11-05 15:00:00+00:00,343.32244873,343.478546143,340.604522705,341.307128906,10329056
2024-11-05 16:00:00+00:00,341.301361084,344.204711914,341.301361084,344.157958984,2657344
2024-11-05 17:00:00+00:00,344.139862061,344.937591553,342.842346191,342.842346191,0
2024-11-05 18:00:00+00:00,342.804107666,342.804107666,341.560852051,341.981964111,753280
2024-11-05 19:00:00+00:00,341.993469238,342.007202148,338.575653076,338.575653076,311072
2024-11-05 20:00:00+00:00,338.320953369,342.379547119,337.635253906,342.317169189,0
2024-11-05 21:00:00+00:00,342.29989624,343.18737793,341.916381836,342.506500244,0
2024-11-05 22:00:00+00:00,342.384124756,343.513000488,341.279510498,343.513000488,0
2024-11-05 23:00:00+00:00,343.580108643,344.763641357,343.378417969,343.378417969,0
2024-11-06 00:00:00+00:00,343.369537354,349.752502441,343.238372803,349.732696533,19768816
2024-11-06 01:00:00+00:00,349.707183838,350.706665039,348.258392334,349.29699707,11203488
2024-11-06 02:00:00+00:00,349.229187012,361.205718994,348.628662109,361.205718994,40172128
2024-11-06 03:00:00+00:00,361.04473877,367.5887146,361.04473877,363.812713623,72865344
2024-11-06 04:00:00+00:00,363.871154785,379.06854248,363.228149414,378.213745117,73401344
2024-11-06 05:00:00+00:00,378.133453369,378.133453369,373.902587891,377.10534668,33304640
2024-11-06 06:00:00+00:00,377.098968506,383.009124756,375.997192383,375.997192383,40412160
2024-11-06 07:00:00+00:00,375.818664551,376.883331299,371.730621338,371.730621338,15497408
2024-11-06 08:00:00+00:00,371.7449646,371.893554688,365.598815918,370.006347656,30569792
2024-11-06 09:00:00+00:00,370.043395996,373.149414062,370.043395996,372.073455811,14916672
2024-11-06 10:00:00+00:00,372.078887939,372.202941895,370.714019775,371.748565674,5830656
2024-11-06 11:00:00+00:00,371.805023193,373.082244873,370.936523438,373.023345947,7995648
2024-11-06 12:00:00+00:00,373.051544189,374.626037598,372.135223389,372.135223389,4280576
2024-11-06 13:00:00+00:00,372.16192627,372.16192627,364.938049316,367.251281738,14553280
2024-11-06 14:00:00+00:00,367.295257568,367.969818115,361.964019775,361.964019775,0
2024-11-06 15:00:00+00:00,361.987792969,370.104705811,361.98425293,369.023712158,29305856
2024-11-06 16:00:00+00:00,368.950134277,370.443634033,367.991729736,370.443634033,1323904
2024-11-06 17:00:00+00:00,370.497161865,371.589660645,370.393859863,371.173248291,673984
2024-11-06 18:00:00+00:00,371.165466309,372.229553223,371.071472168,372.080444336,1878016
2024-11-06 19:00:00+00:00,372.078918457,373.00012207,371.292358398,373.00012207,961856
2024-11-06 20:00:00+00:00,373.006103516,374.805908203,372.559082031,374.780670166,1659392
2024-11-06 21:00:00+00:00,374.82989502,375.905670166,374.504180908,375.416534424,3162880
2024-11-06 22:00:00+00:00,375.416534424,381.686523438,375.416534424,381.63772583,16456576
2024-11-06 23:00:00+00:00,381.457336426,381.457336426,378.270355225,378.511535645,5328192
2024-11-07 00:00:00+00:00,378.510070801,379.118835449,377.871856689,378.205169678,0
2024-11-07 01:00:00+00:00,378.288726807,385.787139893,378.288726807,382.3984375,12335680
2024-11-07 02:00:00+00:00,382.552856445,384.823669434,382.537384033,384.823669434,0
2024-11-07 03:00:00+00:00,384.904388428,385.145690918,379.602355957,379.657226562,0
2024-11-07 04:00:00+00:00,379.743469238,379.743469238,375.200469971,377.010437012,0
2024-11-07 05:00:00+00:00,376.918243408,376.918243408,375.108734131,376.715423584,0
2024-11-07 06:00:00+00:00,376.682525635,376.682525635,371.480712891,373.475860596,0
2024-11-07 07:00:00+00:00,373.66317749,374.962860107,373.34173584,374.261077881,0
2024-11-07 08:00:00+00:00,374.226318359,377.691986084,374.209136963,377.691986084,0
2024-11-07 09:00:00+00:00,377.917297363,377.917297363,376.357879639,376.511474609,0
2024-11-07 10:00:00+00:00,376.51864624,377.113983154,375.257781982,376.962860107,0
2024-11-07 11:00:00+00:00,377.182678223,377.96661377,375.926177979,375.926177979,0
2024-11-07 12:00:00+00:00,375.733154297,378.339202881,375.733154297,377.509277344,0
2024-11-07 13:00:00+00:00,377.594451904,377.601348877,375.136932373,375.136932373,0
2024-11-07 14:00:00+00:00,374.898010254,377.084594727,374.647796631,375.952575684,0
2024-11-07 15:00:00+00:00,375.921051025,381.757232666,375.66192627,381.757232666,0
2024-11-07 16:00:00+00:00,381.716400146,385.229003906,380.5519104,384.48034668,4846528
2024-11-07 17:00:00+00:00,384.449951172,384.449951172,382.358184814,383.465209961,3097696
2024-11-07 18:00:00+00:00,383.435089111,385.742401123,381.305023193,384.379455566,3395776
2024-11-07 19:00:00+00:00,384.209350586,384.209350586,380.950775146,382.036071777,4679872
2024-11-07 20:00:00+00:00,382.655548096,385.093688965,382.655548096,385.093688965,1263936
2024-11-07 21:00:00+00:00,385.268218994,386.375488281,383.914825439,383.914825439,0
2024-11-07 22:00:00+00:00,383.481140137,383.616729736,380.276947021,380.276947021,0
2024-11-07 23:00:00+00:00,380.43145752,380.523345947,375.905975342,377.692047119,1422848
2024-11-08 00:00:00+00:00,378.699310303,382.293273926,378.699310303,381.238555908,0
2024-11-08 01:00:00+00:00,380.927185059,383.019439697,378.980499268,379.491516113,0
2024-11-08 02:00:00+00:00,379.438049316,379.475952148,376.067596436,376.067596436,0
2024-11-08 03:00:00+00:00,375.873413086,377.235443115,375.71963501,376.726257324,0
2024-11-08 04:00:00+00:00,376.766815186,378.059814453,376.097137451,376.236785889,0
2024-11-08 05:00:00+00:00,376.247283936,378.582397461,376.247283936,378.417236328,696000
2024-11-08 06:00:00+00:00,378.522979736,379.760223389,378.36038208,379.760223389,0
2024-11-08 07:00:00+00:00,380.970947266,380.970947266,369.614837646,372.252471924,39590688
2024-11-08 08:00:00+00:00,372.309997559,372.512939453,371.028656006,371.409301758,7234688
2024-11-08 09:00:00+00:00,371.411834717,373.695526123,371.255432129,372.992248535,3566336
2024-11-08 10:00:00+00:00,372.845092773,375.154968262,371.665679932,375.141021729,667776
2024-11-08 11:00:00+00:00,375.21081543,375.215667725,372.411437988,372.997955322,6470272
2024-11-08 12:00:00+00:00,372.876037598,374.673217773,372.757568359,374.666442871,2564768
2024-11-08 13:00:00+00:00,374.491577148,374.537109375,372.352355957,374.433776855,753568
2024-11-08 14:00:00+00:00,374.769744873,375.866699219,373.101379395,373.171569824,4670080
2024-11-08 15:00:00+00:00,372.161529541,374.530731201,371.046386719,372.997558594,11788256
2024-11-08 16:00:00+00:00,372.930236816,373.924957275,366.85824585,367.778106689,4703136
2024-11-08 17:00:00+00:00,367.72845459,369.654266357,365.732147217,369.654266357,5443360
2024-11-08 18:00:00+00:00,369.586151123,372.205780029,368.996490479,371.474212646,2172160
2024-11-08 19:00:00+00:00,372.034942627,376.037322998,372.034942627,375.848358154,0
2024-11-08 20:00:00+00:00,375.784454346,375.92855835,372.743865967,373.15725708,0
2024-11-08 21:00:00+00:00,373.176544189,375.16104126,372.750671387,375.16104126,0
2024-11-08 22:00:00+00:00,375.177062988,380.341308594,375.177062988,378.334411621,1539584
2024-11-08 23:00:00+00:00,378.293640137,378.750457764,377.27331543,377.428222656,61120
2024-11-09 00:00:00+00:00,377.420135498,377.473358154,376.149353027,376.155883789,0
2024-11-09 01:00:00+00:00,376.151580811,376.451507568,373.134002686,373.219177246,0
2024-11-09 02:00:00+00:00,373.21282959,375.027008057,372.121765137,375.027008057,1137600
2024-11-09 03:00:00+00:00,374.974975586,374.974975586,370.439727783,370.73739624,1921920
2024-11-09 04:00:00+00:00,370.726501465,371.726348877,370.726501465,371.305603027,544096
2024-11-09 05:00:00+00:00,371.348022461,375.682006836,371.348022461,375.682006836,0
2024-11-09 06:00:00+00:00,375.731201172,377.681488037,375.446502686,376.297210693,2382880
2024-11-09 07:00:00+00:00,376.299133301,376.299133301,372.407043457,374.056671143,0
2024-11-09 08:00:00+00:00,374.101898193,378.490020752,373.732452393,377.468994141,0
2024-11-09 09:00:00+00:00,377.474395752,378.213745117,376.522125244,376.76361084,0
2024-11-09 10:00:00+00:00,376.785980225,376.797058105,374.696624756,374.884643555,0
2024-11-09 11:00:00+00:00,374.860778809,376.115844727,374.818908691,376.115844727,0
2024-11-09 12:00:00+00:00,376.095794678,376.938201904,374.629882812,374.629882812,0
2024-11-09 13:00:00+00:00,374.625488281,378.672668457,374.417755127,378.672668457,750400
2024-11-09 14:00:00+00:00,378.630737305,382.491912842,377.826812744,378.857208252,47320480
2024-11-09 15:00:00+00:00,378.850158691,383.511077881,377.874237061,383.511077881,0
2024-11-09 16:00:00+00:00,383.22088623,383.314666748,379.055999756,380.897399902,0
2024-11-09 17:00:00+00:00,380.744506836,380.744506836,375.84173584,379.095550537,0
2024-11-09 18:00:00+00:00,379.217010498,381.447479248,379.138031006,381.306243896,0
2024-11-09 19:00:00+00:00,381.303710938,382.298248291,379.355712891,379.743041992,0
2024-11-09 20:00:00+00:00,379.714477539,382.161529541,379.20904541,382.034545898,0
2024-11-09 21:00:00+00:00,382.153991699,385.365692139,382.153991699,385.365692139,2311168
2024-11-09 22:00:00+00:00,385.394775391,387.688690186,385.394775391,387.688690186,7530624
2024-11-09 23:00:00+00:00,387.714935303,406.598236084,387.714935303,406.350891113,68681408
2024-11-10 00:00:00+00:00,406.258056641,406.258056641,396.967681885,398.47555542,24541632
2024-11-10 01:00:00+00:00,398.410522461,398.410522461,396.391479492,396.993469238,6692352
2024-11-10 02:00:00+00:00,396.94442749,417.642944336,396.94442749,417.642944336,47085088
2024-11-10 03:00:00+00:00,417.538085938,435.145355225,416.615081787,429.424407959,124455776
2024-11-10 04:00:00+00:00,429.489379883,433.324798584,425.669342041,433.324798584,52425024
2024-11-10 05:00:00+00:00,433.364898682,434.166168213,428.887634277,428.887634277,40492864
2024-11-10 06:00:00+00:00,428.058624268,428.693267822,426.94317627,427.091949463,26062336
2024-11-10 07:00:00+00:00,427.089691162,428.541046143,427.089691162,427.605010986,0
2024-11-10 08:00:00+00:00,427.716278076,429.165496826,425.584289551,427.470825195,8643584
2024-11-10 09:00:00+00:00,428.088684082,430.913543701,427.328979492,430.911468506,10856256
2024-11-10 10:00:00+00:00,430.105560303,431.006744385,426.878051758,428.934173584,17221568
2024-11-10 11:00:00+00:00,429.828125,434.320037842,429.813079834,433.142700195,26452352
2024-11-10 12:00:00+00:00,433.43359375,436.228302002,428.986694336,435.635406494,34729280
2024-11-10 13:00:00+00:00,435.484161377,449.49621582,434.8878479,447.850341797,107563520
2024-11-10 14:00:00+00:00,446.947998047,448.751861572,438.49697876,441.548736572,0
2024-11-10 15:00:00+00:00,440.800811768,441.568725586,439.451477051,439.451477051,12901376
2024-11-10 16:00:00+00:00,439.440612793,450.798309326,438.65927124,450.798309326,24811584
2024-11-10 17:00:00+00:00,451.284973145,451.284973145,447.799102783,449.893920898,16521920
2024-11-10 18:00:00+00:00,449.817932129,452.049163818,449.010925293,449.284301758,22251776
2024-11-10 19:00:00+00:00,449.238311768,453.032531738,440.518707275,442.288543701,18935040
2024-11-10 20:00:00+00:00,442.342437744,443.176940918,432.032318115,432.032318115,15522432
2024-11-10 21:00:00+00:00,431.45199585,434.111816406,422.718811035,434.111816406,58348416
2024-11-10 22:00:00+00:00,434.136657715,443.965515137,434.136657715,438.239013672,12470528
2024-11-10 23:00:00+00:00,438.320892334,442.547302246,437.150848389,442.137023926,0
2024-11-11 00:00:00+00:00,442.012237549,451.482910156,441.362365723,447.525390625,15942784
2024-11-11 01:00:00+00:00,447.57800293,451.80065918,446.098236084,449.804870605,16244352
2024-11-11 02:00:00+00:00,449.686401367,450.147491455,445.444915771,445.444915771,0
2024-11-11 03:00:00+00:00,445.395355225,445.395355225,440.537200928,443.629608154,0
2024-11-11 04:00:00+00:00,443.596893311,443.596893311,437.974639893,440.105529785,0
2024-11-11 05:00:00+00:00,440.53237915,441.126464844,425.222137451,425.222137451,0
2024-11-11 06:00:00+00:00,425.630187988,428.76864624,424.089569092,427.981445312,0
2024-11-11 07:00:00+00:00,427.893096924,430.257965088,426.874023438,430.255950928,4631488
2024-11-11 08:00:00+00:00,430.238494873,432.667999268,428.956451416,432.252441406,88499008
2024-11-11 09:00:00+00:00,432.282318115,433.966339111,430.182006836,433.966339111,0
2024-11-11 10:00:00+00:00,434.009399414,437.485107422,433.853759766,435.401702881,0
2024-11-11 11:00:00+00:00,435.405334473,437.63885498,435.405334473,437.617156982,0
2024-11-11 12:00:00+00:00,437.605834961,438.904144287,435.071014404,435.896820068,0
2024-11-11 13:00:00+00:00,435.896820068,435.896820068,431.506713867,433.26751709,0
2024-11-11 14:00:00+00:00,433.254241943,438.861206055,433.254241943,438.269958496,0
2024-11-11 15:00:00+00:00,438.386566162,448.835388184,438.358337402,448.808105469,15962688
2024-11-11 16:00:00+00:00,448.772064209,451.830749512,448.529266357,448.640319824,11219648
2024-11-11 17:00:00+00:00,448.65512085,451.540222168,431.854614258,440.603942871,54439232
2024-11-11 18:00:00+00:00,440.624816895,441.355316162,437.042053223,441.324737549,0
2024-11-11 19:00:00+00:00,441.348480225,444.570068359,440.626708984,444.527496338,0
2024-11-11 20:00:00+00:00,444.591461182,450.858642578,444.591461182,449.243530273,0
2024-11-11 21:00:00+00:00,449.307037354,452.314422607,448.021118164,448.929260254,0
2024-11-11 22:00:00+00:00,449.018463135,468.813476562,445.177398682,468.364471436,65734976
2024-11-11 23:00:00+00:00,469.978515625,477.251861572,469.363677979,473.326721191,92715264
2024-11-12 00:00:00+00:00,473.244781494,473.245727539,459.298065186,465.751525879,4112256
2024-11-12 01:00:00+00:00,466.007324219,467.167053223,461.007781982,461.007781982,3186496
2024-11-12 02:00:00+00:00,461.057098389,462.497406006,454.588165283,455.302947998,0
2024-11-12 03:00:00+00:00,455.512786865,457.865356445,454.697967529,457.691467285,3193728
2024-11-12 04:00:00+00:00,457.800933838,459.697418213,456.986480713,456.986480713,9883520
2024-11-12 05:00:00+00:00,456.967651367,458.35345459,453.627471924,455.536804199,0
2024-11-12 06:00:00+00:00,455.52532959,461.303436279,455.375579834,460.409179688,7722304
2024-11-12 07:00:00+00:00,460.448394775,460.920349121,457.947906494,459.022216797,9817920
2024-11-12 08:00:00+00:00,458.988220215,472.81942749,458.350158691,472.697387695,36056448
2024-11-12 09:00:00+00:00,472.740814209,472.740814209,450.968170166,451.193634033,29629120
2024-11-12 10:00:00+00:00,450.356933594,450.356933594,425.702270508,437.078216553,114417920
2024-11-12 11:00:00+00:00,436.727111816,441.291137695,435.474975586,435.847961426,64359424
2024-11-12 12:00:00+00:00,435.754608154,438.386199951,424.853790283,428.003814697,11613184
2024-11-12 13:00:00+00:00,428.069488525,429.28338623,421.086517334,425.894714355,35948928
2024-11-12 14:00:00+00:00,425.958221436,431.685668945,423.979827881,431.685668945,38092800
2024-11-12 15:00:00+00:00,431.820526123,434.859008789,430.135192871,430.135192871,0
2024-11-12 16:00:00+00:00,430.112792969,433.047851562,424.30355835,432.474182129,0
2024-11-12 17:00:00+00:00,432.399780273,434.98135376,430.984130859,430.984130859,0
2024-11-12 18:00:00+00:00,430.819122314,437.188262939,430.283416748,437.188262939,0
2024-11-12 19:00:00+00:00,437.1953125,440.465240479,437.1953125,437.675079346,0
2024-11-12 20:00:00+00:00,437.668212891,439.836669922,436.645202637,439.373504639,0
2024-11-12 21:00:00+00:00,439.17388916,439.17388916,434.447601318,438.576660156,0
2024-11-12 22:00:00+00:00,438.590576172,444.115905762,437.844726562,444.070281982,0
2024-11-12 23:00:00+00:00,444.101470947,444.101470947,434.289398193,434.289398193,0
2024-11-13 00:00:00+00:00,434.386047363,435.958984375,432.722564697,432.722564697,0
2024-11-13 01:00:00+00:00,432.804901123,434.150726318,425.594329834,429.761901855,0
2024-11-13 02:00:00+00:00,429.867645264,430.10055542,421.219848633,426.926849365,0
2024-11-13 03:00:00+00:00,427.174163818,427.76864624,420.815612793,420.815612793,0
2024-11-13 04:00:00+00:00,420.664154053,424.123077393,409.35635376,413.75692749,8212992
2024-11-13 05:00:00+00:00,413.807434082,415.411560059,407.898010254,407.898010254,2991872
2024-11-13 06:00:00+00:00,407.901641846,412.970733643,404.437164307,408.234985352,0
2024-11-13 07:00:00+00:00,407.937011719,414.218566895,407.866973877,414.157073975,0
2024-11-13 08:00:00+00:00,414.171264648,417.420471191,413.097290039,414.375823975,0
2024-11-13 09:00:00+00:00,414.381835938,415.142028809,411.747161865,412.512145996,0
2024-11-13 10:00:00+00:00,412.467834473,413.079986572,410.636962891,413.079986572,0
2024-11-13 11:00:00+00:00,413.028442383,414.767303467,412.922393799,413.582000732,0
2024-11-13 12:00:00+00:00,413.606933594,414.151000977,410.028320312,412.256530762,0
2024-11-13 13:00:00+00:00,412.247650146,424.167449951,410.131072998,421.140228271,0
2024-11-13 14:00:00+00:00,421.461730957,438.764434814,419.864624023,438.764434814,29446976
2024-11-13 15:00:00+00:00,438.466247559,440.240509033,430.548492432,440.192901611,15066688
2024-11-13 16:00:00+00:00,440.139282227,445.787628174,437.666320801,439.419403076,45016128
2024-11-13 17:00:00+00:00,439.436218262,441.378448486,439.132202148,439.661651611,7156096
2024-11-13 18:00:00+00:00,439.742828369,449.63192749,439.625366211,448.03503418,34136896
2024-11-13 19:00:00+00:00,448.263397217,448.263397217,432.126281738,432.940887451,47227456
2024-11-13 20:00:00+00:00,432.820831299,446.488006592,429.082580566,438.128692627,49882560
2024-11-13 21:00:00+00:00,438.139709473,438.139709473,428.19708252,432.933654785,17634432
2024-11-13 22:00:00+00:00,432.858642578,437.131011963,431.788085938,436.22644043,4195584
2024-11-13 23:00:00+00:00,436.297210693,440.76461792,434.31237793,439.273284912,63104
2024-11-14 00:00:00+00:00,439.28414917,440.235687256,436.610626221,436.908752441,0
2024-11-14 01:00:00+00:00,436.662475586,438.317474365,434.188964844,438.317474365,0
2024-11-14 02:00:00+00:00,438.286376953,440.834869385,434.555267334,435.375061035,0
2024-11-14 03:00:00+00:00,435.545806885,442.574493408,430.016174316,442.519287109,6470912
2024-11-14 04:00:00+00:00,442.50378418,443.612976074,433.230804443,439.02130127,0
2024-11-14 05:00:00+00:00,439.056213379,441.841461182,438.702575684,441.4637146,0
2024-11-14 06:00:00+00:00,441.483673096,444.846405029,435.886260986,435.886260986,0
2024-11-14 07:00:00+00:00,435.635406494,442.158966064,433.758453369,442.145202637,13904768
2024-11-14 08:00:00+00:00,442.116638184,443.381347656,441.460601807,442.52456665,6311232
2024-11-14 09:00:00+00:00,442.467224121,444.237548828,437.525787354,439.743347168,1777024
2024-11-14 10:00:00+00:00,439.751708984,443.75012207,438.283508301,438.283508301,5796864
2024-11-14 11:00:00+00:00,438.207794189,439.783813477,432.748321533,438.080841064,38301952
2024-11-14 12:00:00+00:00,438.069213867,438.069213867,434.048095703,435.032928467,4964864
2024-11-14 13:00:00+00:00,435.066162109,437.086608887,431.644897461,431.714599609,0
2024-11-14 14:00:00+00:00,431.737731934,433.629669189,421.935455322,422.777801514,0
2024-11-14 15:00:00+00:00,422.563751221,424.68862915,419.4815979,420.390350342,0
2024-11-14 16:00:00+00:00,420.149841309,428.18170166,418.976165771,428.014160156,0
2024-11-14 17:00:00+00:00,428.060516357,428.327758789,425.559906006,426.581054688,0
2024-11-14 18:00:00+00:00,426.861419678,428.594543457,425.016113281,425.289733887,0
2024-11-14 19:00:00+00:00,425.308990479,426.857421875,423.996398926,424.443511963,0
2024-11-14 20:00:00+00:00,424.422668457,424.422668457,418.960205078,419.590484619,0
2024-11-14 21:00:00+00:00,419.62487793,423.908508301,419.136108398,423.900054932,0
2024-11-14 22:00:00+00:00,424.010131836,425.453826904,417.931182861,421.653198242,3073472
2024-11-14 23:00:00+00:00,421.616333008,421.616333008,411.198944092,414.575958252,6506432
2024-11-15 00:00:00+00:00,414.617767334,420.009216309,414.617767334,416.579162598,1845504
2024-11-15 01:00:00+00:00,416.518615723,418.559326172,414.268707275,418.559326172,0
2024-11-15 02:00:00+00:00,418.564727783,420.858612061,417.810668945,420.858612061,0
2024-11-15 03:00:00+00:00,420.882598877,421.674865723,419.755462646,420.908782959,0
2024-11-15 04:00:00+00:00,420.891326904,420.891326904,410.963165283,412.363006592,0
2024-11-15 05:00:00+00:00,412.365447998,416.342376709,412.365447998,416.342376709,0
2024-11-15 06:00:00+00:00,416.365478516,420.260742188,416.365478516,420.260742188,0
2024-11-15 07:00:00+00:00,420.255310059,420.34173584,418.099975586,418.099975586,0
2024-11-15 08:00:00+00:00,418.107879639,420.185760498,415.233459473,420.185760498,0
2024-11-15 09:00:00+00:00,420.15411377,424.462646484,420.15411377,423.505310059,0
2024-11-15 10:00:00+00:00,423.479675293,425.581176758,423.032318115,425.168151855,0
2024-11-15 11:00:00+00:00,425.130249023,426.588989258,424.01675415,426.588989258,0
2024-11-15 12:00:00+00:00,426.73348999,429.16192627,426.547790527,427.305999756,0
2024-11-15 13:00:00+00:00,427.406768799,434.416900635,427.406768799,434.282073975,26196576
2024-11-15 14:00:00+00:00,434.263885498,434.932189941,423.947265625,426.859680176,0
2024-11-15 15:00:00+00:00,426.667724609,426.667724609,417.227813721,418.53817749,0
2024-11-15 16:00:00+00:00,418.747253418,425.252349854,418.443389893,424.286529541,11701024
2024-11-15 17:00:00+00:00,424.318817139,425.616210938,423.267333984,423.441040039,0
2024-11-15 18:00:00+00:00,422.879089355,423.447753906,421.473937988,422.009094238,0
2024-11-15 19:00:00+00:00,422.303314209,427.479949951,422.303314209,425.837463379,3007424
2024-11-15 20:00:00+00:00,426.33380127,433.256896973,426.33380127,433.256896973,1770368
2024-11-15 21:00:00+00:00,433.366271973,435.404388428,433.366271973,435.170562744,3227392
2024-11-15 22:00:00+00:00,435.196807861,435.390014648,433.065429688,433.191162109,0
2024-11-15 23:00:00+00:00,433.162536621,433.278106689,430.884735107,431.416442871,0
2024-11-16 00:00:00+00:00,431.435455322,431.484436035,429.30291748,430.298034668,0
2024-11-16 01:00:00+00:00,430.297821045,433.065490723,430.197723389,432.299346924,0
2024-11-16 02:00:00+00:00,432.311065674,434.750213623,431.97265625,432.448791504,0
2024-11-16 03:00:00+00:00,432.421295166,433.515319824,432.232208252,433.515319824,674464
2024-11-16 04:00:00+00:00,433.564483643,434.112884521,432.466949463,432.494689941,0
2024-11-16 05:00:00+00:00,432.513977051,440.93347168,432.481719971,438.519165039,8649376
2024-11-16 06:00:00+00:00,438.623413086,439.469909668,434.525268555,434.525268555,9823168
2024-11-16 07:00:00+00:00,434.550201416,437.674255371,434.518127441,435.018371582,8153536
2024-11-16 08:00:00+00:00,435.035400391,436.132171631,434.416564941,436.132171631,2397248
2024-11-16 09:00:00+00:00,436.391174316,442.629547119,436.377868652,442.629547119,17161504
2024-11-16 10:00:00+00:00,442.371032715,446.241943359,441.411346436,444.703887939,22119232
2024-11-16 11:00:00+00:00,444.68951416,448.374572754,444.018920898,448.325927734,30195840
2024-11-16 12:00:00+00:00,448.304656982,448.392669678,442.681915283,443.340118408,12051072
2024-11-16 13:00:00+00:00,443.304138184,444.491760254,442.049133301,443.580841064,0
2024-11-16 14:00:00+00:00,443.573059082,457.609649658,443.573059082,457.343902588,35180544
2024-11-16 15:00:00+00:00,457.414886475,467.135894775,453.503143311,454.665100098,82683648
2024-11-16 16:00:00+00:00,454.963500977,463.750732422,453.13760376,462.16583252,4113088
2024-11-16 17:00:00+00:00,461.70791626,467.730895996,460.973876953,467.428710938,16507136
2024-11-16 18:00:00+00:00,467.463012695,476.044311523,467.24798584,472.931732178,30748160
2024-11-16 19:00:00+00:00,472.855133057,481.542022705,471.21572876,481.542022705,38892288
2024-11-16 20:00:00+00:00,481.608886719,481.608886719,474.577667236,474.758331299,14311232
2024-11-16 21:00:00+00:00,473.060211182,477.175628662,472.400817871,472.663146973,8018176
2024-11-16 22:00:00+00:00,472.630767822,472.630767822,465.752838135,465.752838135,2929152
2024-11-16 23:00:00+00:00,464.92300415,464.92300415,461.164337158,462.042236328,14949824
2024-11-17 00:00:00+00:00,462.239349365,484.680053711,462.239349365,480.630249023,106686656
2024-11-17 01:00:00+00:00,480.680084229,480.680084229,450.587646484,450.669525146,100986752
2024-11-17 02:00:00+00:00,450.94329834,451.596710205,440.055084229,446.364776611,59269056
2024-11-17 03:00:00+00:00,446.584503174,447.384735107,444.280059814,445.466583252,25307776
2024-11-17 04:00:00+00:00,445.300262451,448.472686768,442.17388916,447.539031982,22626816
2024-11-17 05:00:00+00:00,447.483032227,450.585418701,445.768951416,445.772491455,0
2024-11-17 06:00:00+00:00,445.788604736,453.300720215,444.785430908,452.071472168,5316608
2024-11-17 07:00:00+00:00,451.818084717,451.818084717,448.945159912,448.945159912,0
2024-11-17 08:00:00+00:00,448.940856934,450.138702393,447.335784912,449.892364502,6460544
2024-11-17 09:00:00+00:00,449.736846924,450.891357422,445.44152832,445.724578857,0
2024-11-17 10:00:00+00:00,445.736236572,446.541748047,444.76461792,444.76461792,0
2024-11-17 11:00:00+00:00,444.606750488,444.606750488,440.018798828,440.018798828,0
2024-11-17 12:00:00+00:00,439.985443115,443.074035645,438.754638672,442.652954102,0
2024-11-17 13:00:00+00:00,442.801055908,443.178344727,439.898681641,439.898681641,0
2024-11-17 14:00:00+00:00,439.966278076,441.02923584,437.136169434,437.86895752,0
2024-11-17 15:00:00+00:00,437.892730713,437.914459229,435.494781494,435.967407227,0
2024-11-17 16:00:00+00:00,435.96987915,436.595275879,434.112335205,436.595275879,0
2024-11-17 17:00:00+00:00,436.420959473,438.957122803,434.540863037,438.957122803,0
2024-11-17 18:00:00+00:00,438.945800781,439.103546143,431.192993164,431.192993164,0
2024-11-17 19:00:00+00:00,431.238006592,433.018707275,429.763366699,432.886291504,0
2024-11-17 20:00:00+00:00,432.855072021,434.809906006,432.627929688,432.69430542,0
2024-11-17 21:00:00+00:00,432.743835449,433.052307129,429.029998779,429.029998779,0
2024-11-17 22:00:00+00:00,428.898590088,431.30078125,426.047393799,428.837341309,0
2024-11-17 23:00:00+00:00,428.654205322,432.031311035,427.617797852,432.031311035,195456
2024-11-18 00:00:00+00:00,432.553924561,438.895019531,432.248291016,437.606628418,0
2024-11-18 01:00:00+00:00,437.59664917,444.309020996,437.59664917,444.309020996,0
2024-11-18 02:00:00+00:00,446.211486816,447.458679199,444.283752441,446.681884766,0
2024-11-18 03:00:00+00:00,446.723236084,447.622467041,443.775512695,447.622467041,0
2024-11-18 04:00:00+00:00,447.601593018,448.135284424,445.091339111,445.091339111,0
2024-11-18 05:00:00+00:00,445.077392578,449.321960449,444.800628662,449.321960449,0
2024-11-18 06:00:00+00:00,449.322479248,453.743774414,449.322479248,453.743774414,619456
2024-11-18 07:00:00+00:00,453.897979736,455.209411621,450.992370605,450.992370605,4244992
2024-11-18 08:00:00+00:00,451.037414551,451.432312012,447.192077637,448.152496338,1016736
2024-11-18 09:00:00+00:00,447.986022949,449.954101562,445.941467285,447.425506592,0
2024-11-18 10:00:00+00:00,447.416931152,449.245452881,447.416931152,447.839477539,0
2024-11-18 11:00:00+00:00,447.852264404,447.852264404,438.052581787,438.052581787,0
2024-11-18 12:00:00+00:00,438.363220215,441.987731934,437.175292969,440.771118164,58016
2024-11-18 13:00:00+00:00,440.756439209,440.756439209,433.160583496,434.490264893,5686048
2024-11-18 14:00:00+00:00,434.415466309,440.725189209,433.848327637,436.871246338,406880
2024-11-18 15:00:00+00:00,436.866271973,447.481018066,436.866271973,447.204223633,6216960
2024-11-18 16:00:00+00:00,447.207580566,448.835205078,444.048828125,444.816558838,3849024
2024-11-18 17:00:00+00:00,444.91494751,447.229919434,443.273284912,445.142944336,0
2024-11-18 18:00:00+00:00,445.377197266,446.684906006,440.388122559,440.388122559,0
2024-11-18 19:00:00+00:00,440.894195557,441.316589355,434.737487793,439.796447754,0
2024-11-18 20:00:00+00:00,439.79776001,443.93371582,438.54019165,441.387573242,8679008
2024-11-18 21:00:00+00:00,442.102111816,467.896850586,442.102111816,455.004547119,91354016
2024-11-18 22:00:00+00:00,455.104949951,457.59954834,453.762817383,453.762817383,1136896
2024-11-18 23:00:00+00:00,453.514312744,453.514312744,448.466827393,451.98638916,3802880
2024-11-19 00:00:00+00:00,452.076812744,457.012268066,450.789215088,456.951171875,15795392
2024-11-19 01:00:00+00:00,456.732574463,457.675079346,454.100494385,454.160888672,405696
2024-11-19 02:00:00+00:00,454.126037598,459.017333984,453.595733643,456.278869629,0
2024-11-19 03:00:00+00:00,456.293884277,459.627532959,456.17074585,458.337341309,4108416
2024-11-19 04:00:00+00:00,458.593963623,459.385162354,454.886627197,454.965667725,3168704
2024-11-19 05:00:00+00:00,455.0987854,459.168884277,455.031951904,459.168884277,4607104
2024-11-19 06:00:00+00:00,459.196533203,459.739532471,457.468688965,458.85269165,0
2024-11-19 07:00:00+00:00,458.845306396,459.082519531,454.473144531,454.473144531,0
2024-11-19 08:00:00+00:00,454.444122314,454.444122314,448.765533447,449.556671143,0
2024-11-19 09:00:00+00:00,449.563049316,451.087005615,443.921295166,444.215209961,3256320
2024-11-19 10:00:00+00:00,444.191986084,447.294128418,443.04486084,446.950744629,8691584
2024-11-19 11:00:00+00:00,446.975067139,449.662200928,446.60458374,449.610961914,0
2024-11-19 12:00:00+00:00,449.636657715,453.712982178,449.636657715,453.58770752,1330112
2024-11-19 13:00:00+00:00,453.799591064,453.799591064,443.495025635,443.495025635,0
2024-11-19 14:00:00+00:00,443.293273926,447.370330811,440.768768311,446.507354736,10244544
2024-11-19 15:00:00+00:00,446.527526855,448.188903809,445.670776367,447.804168701,552576
2024-11-19 16:00:00+00:00,447.837432861,450.252258301,447.693359375,448.132537842,0
2024-11-19 17:00:00+00:00,448.10244751,450.440093994,447.417633057,448.340576172,0
2024-11-19 18:00:00+00:00,448.439361572,453.818878174,448.439361572,453.818878174,10854528
2024-11-19 19:00:00+00:00,453.801300049,453.820404053,450.545227051,450.545227051,0
2024-11-19 20:00:00+00:00,450.540252686,451.020141602,444.133331299,444.660308838,0
2024-11-19 21:00:00+00:00,444.82800293,446.142974854,441.272521973,445.031280518,0
2024-11-19 22:00:00+00:00,444.972595215,445.881347656,440.816772461,443.052124023,0
2024-11-19 23:00:00+00:00,443.08392334,447.407318115,443.08392334,447.061798096,0
2024-11-20 00:00:00+00:00,447.207885742,447.207885742,444.228057861,445.250915527,0
2024-11-20 01:00:00+00:00,445.042694092,445.577728271,441.243133545,441.687866211,0
2024-11-20 02:00:00+00:00,441.591247559,441.608978271,436.835144043,437.642120361,0
2024-11-20 03:00:00+00:00,437.55255127,437.55255127,431.184936523,434.918701172,4275424
2024-11-20 04:00:00+00:00,434.978607178,437.378417969,432.799621582,437.378417969,0
2024-11-20 05:00:00+00:00,437.309204102,439.507751465,435.864044189,439.266601562,0
2024-11-20 06:00:00+00:00,439.430206299,440.598876953,438.617736816,438.883544922,0
2024-11-20 07:00:00+00:00,438.881256104,439.866882324,438.117858887,439.626922607,0
2024-11-20 08:00:00+00:00,439.600616455,443.272613525,439.310668945,442.976257324,0
2024-11-20 09:00:00+00:00,442.961730957,444.385955811,441.920806885,442.494140625,0
2024-11-20 10:00:00+00:00,442.540252686,444.376281738,442.439300537,442.964996338,0
2024-11-20 11:00:00+00:00,443.008636475,443.008636475,438.990905762,442.070800781,0
2024-11-20 12:00:00+00:00,442.087127686,442.520141602,439.572174072,441.796691895,0
2024-11-20 13:00:00+00:00,441.886016846,448.408508301,441.701477051,448.408508301,765248
2024-11-20 14:00:00+00:00,448.404449463,453.62902832,448.404449463,451.447753906,12590304
2024-11-20 15:00:00+00:00,451.85055542,451.954223633,448.625732422,450.867919922,0
2024-11-20 16:00:00+00:00,451.030944824,452.023681641,439.746520996,442.876739502,11808608
2024-11-20 17:00:00+00:00,443.021514893,445.790466309,438.129486084,438.129486084,4987968
2024-11-20 18:00:00+00:00,437.725799561,439.011566162,434.35748291,436.338134766,3411296
2024-11-20 19:00:00+00:00,436.249847412,436.249847412,430.156829834,434.814544678,6116448
2024-11-20 20:00:00+00:00,434.862548828,440.223327637,432.631530762,438.880340576,1971072
2024-11-20 21:00:00+00:00,438.841430664,441.684173584,437.848510742,441.677398682,0
2024-11-20 22:00:00+00:00,441.6043396,448.630554199,441.6043396,444.641418457,8327008
2024-11-20 23:00:00+00:00,444.473327637,444.887237549,440.287017822,440.327667236,101952
2024-11-21 00:00:00+00:00,440.330566406,450.16986084,439.822387695,447.191833496,20364768
2024-11-21 01:00:00+00:00,447.145324707,447.854797363,444.482299805,444.482299805,0
2024-11-21 02:00:00+00:00,444.47164917,444.47164917,429.986602783,431.857788086,7314496
2024-11-21 03:00:00+00:00,431.872955322,453.271087646,431.872955322,452.851837158,40344640
2024-11-21 04:00:00+00:00,452.835388184,492.649383545,452.835388184,492.649383545,241266176
2024-11-21 05:00:00+00:00,493.641387939,520.442993164,493.641387939,513.814147949,364454336
2024-11-21 06:00:00+00:00,513.274597168,533.055114746,513.274597168,524.655578613,226036480
2024-11-21 07:00:00+00:00,525.133178711,533.504089355,522.445617676,526.078491211,156134912
2024-11-21 08:00:00+00:00,525.865722656,526.454650879,514.419006348,518.891601562,104374528
2024-11-21 09:00:00+00:00,518.893981934,522.476806641,513.907531738,515.645812988,83251968
2024-11-21 10:00:00+00:00,515.665222168,519.037719727,512.614074707,516.925537109,51545984
2024-11-21 11:00:00+00:00,516.969482422,523.387145996,516.969482422,520.002807617,83473024
2024-11-21 12:00:00+00:00,520.315734863,524.051391602,498.534545898,498.534545898,127936128
2024-11-21 13:00:00+00:00,498.338256836,499.120056152,491.906860352,494.972625732,56265728
2024-11-21 14:00:00+00:00,493.999938965,493.999938965,486.633453369,487.633605957,11270272
2024-11-21 15:00:00+00:00,487.500366211,487.500366211,474.950592041,477.522827148,46519936
2024-11-21 16:00:00+00:00,476.472808838,482.345916748,475.213806152,481.321960449,30616320
2024-11-21 17:00:00+00:00,481.3984375,486.223388672,480.482177734,486.223388672,19578112
2024-11-21 18:00:00+00:00,486.38192749,487.950683594,482.586120605,484.834594727,11397760
2024-11-21 19:00:00+00:00,484.485961914,486.508789062,484.179321289,484.770202637,12804864
2024-11-21 20:00:00+00:00,484.595581055,490.187805176,483.078216553,484.977325439,12660480
2024-11-21 21:00:00+00:00,485.089508057,485.089508057,478.578125,479.365539551,13326080
2024-11-21 22:00:00+00:00,479.345306396,484.013519287,478.534454346,484.013519287,5195264
2024-11-21 23:00:00+00:00,484.544769287,487.004180908,484.544769287,486.048583984,19016960
2024-11-22 00:00:00+00:00,485.017364502,490.909881592,484.343780518,484.343780518,45938688
2024-11-22 01:00:00+00:00,484.373352051,492.281982422,483.295440674,488.117553711,44742144
2024-11-22 02:00:00+00:00,488.28527832,492.831542969,485.872711182,489.3487854,18719232
2024-11-22 03:00:00+00:00,489.209747314,501.137908936,488.312133789,494.57244873,12726016
2024-11-22 04:00:00+00:00,494.570007324,498.189178467,491.907775879,496.479370117,0
2024-11-22 05:00:00+00:00,496.475280762,499.438659668,494.561950684,499.438659668,0
2024-11-22 06:00:00+00:00,499.448120117,500.154571533,492.555908203,495.51852417,0
2024-11-22 07:00:00+00:00,495.560241699,496.376159668,493.652130127,493.652130127,0
2024-11-22 08:00:00+00:00,493.752349854,494.857055664,489.72567749,491.106262207,0
2024-11-22 09:00:00+00:00,491.018432617,491.332366943,487.765197754,489.343231201,0
2024-11-22 10:00:00+00:00,489.289093018,490.048248291,484.447235107,485.971984863,0
2024-11-22 11:00:00+00:00,485.920898438,492.390533447,483.731201172,492.204986572,0
2024-11-22 12:00:00+00:00,492.315307617,492.315307617,489.234954834,489.234954834,0
2024-11-22 13:00:00+00:00,489.166229248,489.166229248,475.066162109,475.859771729,0
2024-11-22 14:00:00+00:00,475.911193848,478.418365479,474.625,474.861694336,0
2024-11-22 15:00:00+00:00,475.01373291,486.028717041,475.01373291,486.028717041,0
2024-11-22 16:00:00+00:00,486.056152344,488.716491699,483.384277344,488.716491699,0
2024-11-22 17:00:00+00:00,488.658691406,489.373535156,485.34753418,487.468688965,0
2024-11-22 18:00:00+00:00,487.427459717,489.542205811,484.647613525,484.785858154,0
2024-11-22 19:00:00+00:00,484.774963379,490.244567871,484.658447266,487.481201172,0
2024-11-22 20:00:00+00:00,487.512359619,491.199707031,487.482910156,491.199707031,0
2024-11-22 21:00:00+00:00,491.272735596,493.402374268,488.656616211,489.255310059,0
2024-11-22 22:00:00+00:00,489.267486572,489.267486572,486.907653809,487.779327393,0
2024-11-22 23:00:00+00:00,487.708831787,490.282867432,486.699615479,490.282867432,392768
2024-11-23 00:00:00+00:00,490.220672607,497.434295654,487.83505249,496.533935547,0
2024-11-23 01:00:00+00:00,496.617797852,539.997741699,496.617797852,539.997741699,160232832
2024-11-23 02:00:00+00:00,540.11138916,563.72869873,537.625610352,537.625610352,385284288
2024-11-23 03:00:00+00:00,538.114868164,546.644470215,537.162658691,538.079650879,24241536
2024-11-23 04:00:00+00:00,538.610168457,539.487609863,529.180480957,533.756103516,32919424
2024-11-23 05:00:00+00:00,533.808959961,539.625854492,533.808959961,539.37322998,30953344
2024-11-23 06:00:00+00:00,539.364990234,539.843566895,536.890563965,538.689453125,0
2024-11-23 07:00:00+00:00,538.675598145,538.719055176,527.295532227,530.379821777,9300608
2024-11-23 08:00:00+00:00,530.300048828,532.476379395,529.469116211,531.848876953,7874048
2024-11-23 09:00:00+00:00,531.864746094,536.666381836,530.653808594,532.667114258,24243584
2024-11-23 10:00:00+00:00,532.659667969,533.767822266,528.704589844,528.862548828,2377856
2024-11-23 11:00:00+00:00,528.8359375,534.061401367,528.823303223,528.823303223,0
2024-11-23 12:00:00+00:00,528.833435059,532.801757812,528.432373047,531.278442383,2086272
2024-11-23 13:00:00+00:00,531.28717041,540.368103027,530.259643555,538.558532715,0
2024-11-23 14:00:00+00:00,538.408813477,541.476806641,537.084716797,537.629333496,84262144
2024-11-23 15:00:00+00:00,537.66809082,539.084411621,523.753845215,523.753845215,28614656
2024-11-23 16:00:00+00:00,523.397460938,525.090698242,508.60723877,509.188812256,82296832
2024-11-23 17:00:00+00:00,509.342193604,513.021728516,503.615264893,512.249572754,20354176
2024-11-23 18:00:00+00:00,512.307556152,512.307556152,508.07989502,510.584655762,0
2024-11-23 19:00:00+00:00,510.645477295,510.969421387,505.395599365,507.322387695,0
2024-11-23 20:00:00+00:00,507.33984375,507.33984375,496.995147705,499.959655762,11083520
2024-11-23 21:00:00+00:00,499.970275879,507.589172363,499.888214111,507.589172363,6433920
2024-11-23 22:00:00+00:00,507.588500977,514.27923584,507.052124023,507.982391357,18359040
2024-11-23 23:00:00+00:00,508.094848633,510.392242432,505.254882812,509.944061279,4072448
2024-11-24 00:00:00+00:00,509.921386719,519.460632324,509.921386719,519.460632324,6311936
2024-11-24 01:00:00+00:00,519.608764648,519.608764648,516.069763184,517.836608887,0
2024-11-24 02:00:00+00:00,517.863098145,525.048156738,517.863098145,523.510620117,0
2024-11-24 03:00:00+00:00,523.365905762,523.365905762,518.09967041,519.643737793,0
2024-11-24 04:00:00+00:00,519.817810059,521.565429688,514.918762207,518.96081543,0
2024-11-24 05:00:00+00:00,519.01574707,519.061767578,508.439025879,512.295471191,0
2024-11-24 06:00:00+00:00,512.368896484,513.981994629,510.110046387,513.467407227,0
2024-11-24 07:00:00+00:00,513.45135498,514.902832031,512.127990723,512.170654297,0
2024-11-24 08:00:00+00:00,512.292175293,513.27166748,505.770568848,506.373901367,0
2024-11-24 09:00:00+00:00,506.340545654,510.003112793,505.06741333,507.840240479,0
2024-11-24 10:00:00+00:00,507.823913574,512.065063477,505.068908691,508.861083984,0
2024-11-24 11:00:00+00:00,508.810852051,508.810852051,498.466827393,498.842224121,25179328
2024-11-24 12:00:00+00:00,498.86706543,502.329345703,483.03717041,487.338134766,69422144
2024-11-24 13:00:00+00:00,487.959899902,498.243927002,487.959899902,495.805603027,22525696
2024-11-24 14:00:00+00:00,495.392547607,495.392547607,486.612823486,491.143188477,0
2024-11-24 15:00:00+00:00,491.135192871,498.291656494,488.207122803,488.207122803,0
2024-11-24 16:00:00+00:00,488.245758057,507.399597168,488.245758057,506.041412354,0
2024-11-24 17:00:00+00:00,505.994415283,505.994415283,498.291320801,500.357086182,0
2024-11-24 18:00:00+00:00,500.432647705,504.904693604,500.049102783,503.937438965,264320
2024-11-24 19:00:00+00:00,503.962921143,503.962921143,500.560668945,503.532989502,1293248
2024-11-24 20:00:00+00:00,503.352264404,508.611541748,502.711547852,508.611541748,0
2024-11-24 21:00:00+00:00,508.664001465,511.037261963,506.406951904,511.037261963,0
2024-11-24 22:00:00+00:00,511.018737793,515.223327637,510.892181396,513.883605957,0
2024-11-24 23:00:00+00:00,513.924682617,518.33581543,513.924682617,514.623291016,5510976
2024-11-25 00:00:00+00:00,514.623291016,515.584960938,508.005554199,510.825683594,0
2024-11-25 01:00:00+00:00,510.695159912,510.695159912,498.948486328,502.129547119,4660672
2024-11-25 02:00:00+00:00,502.186309814,508.325439453,502.186309814,505.183349609,0
2024-11-25 03:00:00+00:00,505.309906006,511.62689209,505.309906006,510.938934326,0
2024-11-25 04:00:00+00:00,511.09262085,514.026733398,510.061798096,510.747009277,0
2024-11-25 05:00:00+00:00,510.621307373,513.543029785,510.309875488,512.003723145,0
2024-11-25 06:00:00+00:00,512.030822754,514.381286621,510.167907715,510.354431152,0
2024-11-25 07:00:00+00:00,510.332489014,512.971252441,509.621124268,512.297851562,1182656
2024-11-25 08:00:00+00:00,512.302490234,514.320861816,511.54574585,514.129577637,0
2024-11-25 09:00:00+00:00,514.135131836,528.975463867,514.135131836,521.00402832,71931456
2024-11-25 10:00:00+00:00,520.92376709,527.009643555,517.630737305,525.67767334,18580608
2024-11-25 11:00:00+00:00,524.841796875,527.848083496,520.55291748,522.754455566,0
2024-11-25 12:00:00+00:00,522.922363281,525.453125,521.003662109,522.18371582,0
2024-11-25 13:00:00+00:00,522.294921875,522.294921875,513.416381836,519.626037598,0
2024-11-25 14:00:00+00:00,519.536315918,529.545288086,510.039550781,510.988708496,39881920
2024-11-25 15:00:00+00:00,510.674591064,516.973144531,503.41204834,516.643615723,26270656
2024-11-25 16:00:00+00:00,516.061279297,518.139709473,510.222076416,512.376708984,0
2024-11-25 17:00:00+00:00,512.396606445,512.396606445,498.973266602,502.901062012,18873984
2024-11-25 18:00:00+00:00,502.915893555,506.295928955,500.585693359,502.149200439,7988160
2024-11-25 19:00:00+00:00,502.113647461,504.262420654,500.614685059,502.896484375,6210112
2024-11-25 20:00:00+00:00,502.935150146,508.541351318,502.418182373,506.510803223,11231232
2024-11-25 21:00:00+00:00,506.616363525,508.118408203,494.375213623,495.58026123,7311872
2024-11-25 22:00:00+00:00,495.899169922,498.415588379,484.76159668,497.281890869,11616000
2024-11-25 23:00:00+00:00,497.57144165,497.899993896,490.743804932,491.650360107,66048
2024-11-26 00:00:00+00:00,491.353546143,499.766845703,489.1121521,496.391143799,7681408
2024-11-26 01:00:00+00:00,495.949707031,502.36730957,494.893707275,502.306915283,0
2024-11-26 02:00:00+00:00,502.336639404,503.857849121,501.890319824,502.811248779,0
2024-11-26 03:00:00+00:00,502.853668213,502.853668213,498.272247314,500.379150391,0
2024-11-26 04:00:00+00:00,500.347076416,500.347076416,496.354614258,498.110534668,0
2024-11-26 05:00:00+00:00,498.106994629,502.03338623,497.899261475,501.631164551,0
2024-11-26 06:00:00+00:00,501.698425293,504.486297607,500.692504883,500.692504883,0
2024-11-26 07:00:00+00:00,500.665771484,500.665771484,494.500366211,494.955780029,3676800
2024-11-26 08:00:00+00:00,494.938934326,495.113739014,483.670227051,485.23828125,24620480
2024-11-26 09:00:00+00:00,485.361053467,495.170532227,485.361053467,495.170532227,0
2024-11-26 10:00:00+00:00,495.162567139,496.139007568,486.128112793,486.128112793,0
2024-11-26 11:00:00+00:00,485.954315186,486.663513184,474.067993164,484.125152588,25478784
2024-11-26 12:00:00+00:00,484.164550781,487.045593262,479.510009766,481.211273193,0
2024-11-26 13:00:00+00:00,481.355651855,486.232757568,480.505310059,483.411682129,0
2024-11-26 14:00:00+00:00,483.305297852,492.142456055,478.738586426,490.774688721,0
2024-11-26 15:00:00+00:00,490.574737549,491.129486084,486.638183594,488.039031982,0
2024-11-26 16:00:00+00:00,487.905029297,496.508422852,486.515655518,493.662261963,0
2024-11-26 17:00:00+00:00,493.742095947,496.212127686,491.891479492,494.498016357,0
2024-11-26 18:00:00+00:00,494.489990234,494.489990234,480.027282715,485.326873779,0
2024-11-26 19:00:00+00:00,484.114074707,484.67098999,479.932556152,483.506896973,620544
2024-11-26 20:00:00+00:00,483.621002197,490.481201172,483.621002197,490.392211914,2741504
2024-11-26 21:00:00+00:00,490.156005859,492.256408691,487.036468506,490.996948242,0
2024-11-26 22:00:00+00:00,490.965240479,495.940979004,490.650543213,493.729522705,0
2024-11-26 23:00:00+00:00,493.600708008,493.600708008,490.65814209,492.551544189,0
2024-11-27 00:00:00+00:00,492.468078613,495.293212891,487.779052734,487.779052734,0
2024-11-27 01:00:00+00:00,487.756317139,493.879455566,486.868011475,493.879455566,376064
2024-11-27 02:00:00+00:00,493.883026123,494.297149658,489.888519287,494.297149658,4162048
2024-11-27 03:00:00+00:00,494.303100586,495.458831787,493.183013916,493.894866943,4598592
2024-11-27 04:00:00+00:00,493.90512085,498.384338379,493.41204834,494.777191162,8654336
2024-11-27 05:00:00+00:00,494.799194336,496.013916016,492.366394043,493.372619629,1537344
2024-11-27 06:00:00+00:00,493.44317627,500.732849121,493.44317627,499.381439209,11321088
2024-11-27 07:00:00+00:00,499.245300293,504.760986328,499.245300293,504.600341797,2812672
2024-11-27 08:00:00+00:00,504.578186035,504.578186035,499.756713867,499.756713867,0
2024-11-27 09:00:00+00:00,499.717834473,499.717834473,496.250671387,499.106231689,0
2024-11-27 10:00:00+00:00,499.089691162,511.237487793,499.047088623,510.472290039,11117504
2024-11-27 11:00:00+00:00,511.112182617,513.09564209,502.945495605,503.745635986,0
2024-11-27 12:00:00+00:00,503.710418701,506.917907715,497.901885986,506.917907715,7192256
2024-11-27 13:00:00+00:00,506.838317871,521.183654785,506.838317871,517.342712402,113415552
2024-11-27 14:00:00+00:00,517.449462891,522.905761719,517.449462891,518.139038086,22080704
2024-11-27 15:00:00+00:00,518.139709473,518.139709473,514.774841309,517.864257812,18407552
2024-11-27 16:00:00+00:00,517.86730957,518.206237793,514.157287598,514.157287598,0
2024-11-27 17:00:00+00:00,514.156433105,517.909484863,514.00769043,516.696044922,598400
2024-11-27 18:00:00+00:00,516.771484375,518.323852539,516.771484375,517.426879883,0
2024-11-27 19:00:00+00:00,517.362365723,518.165527344,515.059631348,518.165527344,0
2024-11-27 20:00:00+00:00,518.086242676,518.540649414,517.105834961,517.105834961,0
2024-11-27 21:00:00+00:00,517.19152832,517.983337402,515.23034668,517.677001953,2672128
2024-11-27 22:00:00+00:00,517.712646484,522.024108887,517.712646484,519.119445801,5372992
2024-11-27 23:00:00+00:00,519.259460449,522.189880371,519.259460449,519.45904541,24935040
2024-11-28 00:00:00+00:00,519.351806641,521.99005127,512.193481445,516.89654541,150085312
2024-11-28 01:00:00+00:00,516.93963623,519.530029297,516.151306152,519.077392578,22056832
2024-11-28 02:00:00+00:00,519.169372559,520.181396484,511.865509033,511.865509033,3539712
2024-11-28 03:00:00+00:00,511.681060791,512.813537598,507.120697021,512.269287109,14110272
2024-11-28 04:00:00+00:00,512.184143066,513.438415527,511.908325195,512.462402344,0
2024-11-28 05:00:00+00:00,512.587585449,513.778930664,510.616149902,512.203552246,0
2024-11-28 06:00:00+00:00,512.186157227,512.186157227,509.057098389,510.117767334,0
2024-11-28 07:00:00+00:00,510.094787598,510.971343994,507.966491699,507.966491699,0
2024-11-28 08:00:00+00:00,507.889221191,508.990753174,506.208435059,508.750183105,6473280
2024-11-28 09:00:00+00:00,508.736602783,508.736602783,503.737640381,503.737640381,0
2024-11-28 10:00:00+00:00,503.630218506,505.195037842,502.285552979,502.899139404,13490176
2024-11-28 11:00:00+00:00,502.702209473,504.90246582,500.294586182,504.735137939,0
2024-11-28 12:00:00+00:00,504.632354736,508.223937988,504.223266602,508.223937988,0
2024-11-28 13:00:00+00:00,508.157165527,508.207122803,505.360778809,507.258178711,0
2024-11-28 14:00:00+00:00,507.367736816,510.083221436,505.392913818,506.898773193,0
2024-11-28 15:00:00+00:00,506.83380127,506.83380127,498.83190918,499.154571533,0
2024-11-28 16:00:00+00:00,499.142272949,502.94418335,499.123138428,500.953430176,0
2024-11-28 17:00:00+00:00,501.124511719,505.530578613,501.124511719,504.521789551,0
2024-11-28 18:00:00+00:00,504.372009277,508.831451416,504.372009277,508.816558838,0
2024-11-28 19:00:00+00:00,508.878997803,509.693267822,508.309356689,508.709259033,0
2024-11-28 20:00:00+00:00,508.752441406,508.929290771,505.969787598,506.649200439,0
2024-11-28 21:00:00+00:00,506.669342041,509.072845459,506.669342041,509.060943604,0
2024-11-28 22:00:00+00:00,509.099212646,511.850585938,508.820678711,511.758911133,0
2024-11-28 23:00:00+00:00,511.906982422,512.76953125,510.989349365,511.924530029,439744
2024-11-29 00:00:00+00:00,511.844512939,511.844512939,508.300018311,508.300018311,0
2024-11-29 01:00:00+00:00,508.29473877,511.37512207,508.29473877,511.37512207,0
2024-11-29 02:00:00+00:00,511.397674561,514.293395996,511.397674561,514.293395996,0
2024-11-29 03:00:00+00:00,514.406555176,515.046813965,512.93170166,512.93170166,0
2024-11-29 04:00:00+00:00,512.839660645,512.839660645,510.296142578,511.72064209,0
2024-11-29 05:00:00+00:00,511.639373779,512.765319824,511.316253662,511.316253662,0
2024-11-29 06:00:00+00:00,511.311065674,511.311065674,505.932250977,505.932250977,0
2024-11-29 07:00:00+00:00,505.897216797,506.691436768,501.096618652,501.096618652,264832
2024-11-29 08:00:00+00:00,501.03805542,502.632843018,500.805206299,501.752807617,0
2024-11-29 09:00:00+00:00,501.709655762,504.826141357,500.724395752,504.826141357,8639936
2024-11-29 10:00:00+00:00,504.856018066,509.960601807,504.856018066,509.433441162,0
2024-11-29 11:00:00+00:00,509.51864624,511.702667236,508.662872314,511.702667236,0
2024-11-29 12:00:00+00:00,511.612548828,513.780639648,509.958099365,510.602874756,0
2024-11-29 13:00:00+00:00,510.793914795,513.438720703,510.467376709,513.368469238,0
2024-11-29 14:00:00+00:00,513.377685547,515.589111328,512.067871094,515.589111328,6148736
2024-11-29 15:00:00+00:00,515.909606934,522.275085449,513.463439941,516.749023438,20772032
2024-11-29 16:00:00+00:00,516.190368652,518.635375977,515.10345459,516.135192871,14073408
2024-11-29 17:00:00+00:00,515.977539062,516.268066406,513.746154785,514.875915527,10370656
2024-11-29 18:00:00+00:00,514.734863281,517.361877441,514.633239746,515.920349121,2444224
2024-11-29 19:00:00+00:00,515.979003906,516.215942383,511.916503906,516.215942383,6903520
2024-11-29 20:00:00+00:00,516.226135254,519.655700684,516.226135254,517.816345215,4690816
2024-11-29 21:00:00+00:00,517.865600586,520.508911133,517.605529785,520.508911133,2152256
2024-11-29 22:00:00+00:00,520.618835449,521.886169434,518.677856445,518.677856445,2929088
2024-11-29 23:00:00+00:00,518.649475098,518.838500977,517.860961914,518.328979492,0
2024-11-30 00:00:00+00:00,518.35144043,524.095458984,515.222717285,515.222717285,24282880
2024-11-30 01:00:00+00:00,515.243164062,515.243164062,511.529815674,512.32635498,17085696
2024-11-30 02:00:00+00:00,512.323852539,512.323852539,507.462036133,509.707702637,4418048
2024-11-30 03:00:00+00:00,509.834228516,513.498168945,509.834228516,513.405883789,0
2024-11-30 04:00:00+00:00,513.539733887,514.870788574,512.748413086,512.748413086,5665088
2024-11-30 05:00:00+00:00,512.662841797,514.406921387,511.956359863,514.406921387,5276672
2024-11-30 06:00:00+00:00,514.500976562,516.158508301,513.190002441,513.190002441,7470016
2024-11-30 07:00:00+00:00,513.18371582,519.424682617,513.091918945,517.628967285,2478720
2024-11-30 08:00:00+00:00,517.454345703,519.952392578,516.613830566,517.096435547,0
2024-11-30 09:00:00+00:00,517.043151855,524.785461426,516.04309082,524.785461426,18331456
2024-11-30 10:00:00+00:00,525.26171875,534.746948242,519.261657715,519.261657715,99419136
2024-11-30 11:00:00+00:00,518.838378906,525.120910645,518.419555664,519.424621582,38891072
2024-11-30 12:00:00+00:00,519.365905762,533.270263672,519.365905762,533.270263672,15648320
2024-11-30 13:00:00+00:00,533.222106934,534.647094727,526.142456055,526.142456055,60262528
2024-11-30 14:00:00+00:00,525.737792969,528.790344238,523.50793457,523.50793457,0
2024-11-30 15:00:00+00:00,523.433898926,531.820556641,522.399414062,530.69708252,0
2024-11-30 16:00:00+00:00,530.604980469,534.371826172,527.561706543,534.371826172,0
2024-11-30 17:00:00+00:00,534.195617676,534.195617676,531.724975586,532.660827637,0
2024-11-30 18:00:00+00:00,532.710693359,535.207580566,532.710693359,532.958435059,4790848
2024-11-30 19:00:00+00:00,532.922607422,533.061340332,531.265380859,531.331604004,0
2024-11-30 20:00:00+00:00,531.190856934,531.190856934,526.12677002,526.697814941,4785088
2024-11-30 21:00:00+00:00,526.800842285,527.899536133,526.108398438,527.772521973,0
2024-11-30 22:00:00+00:00,527.682617188,527.682617188,521.743347168,521.905456543,0
2024-11-30 23:00:00+00:00,521.958984375,526.089538574,521.958984375,525.265197754,0
2024-12-01 00:00:00+00:00,525.778747559,527.181152344,519.750488281,519.750488281,0
2024-12-01 01:00:00+00:00,519.253356934,521.539611816,514.926391602,519.216186523,0
2024-12-01 02:00:00+00:00,519.259765625,519.43359375,511.61730957,511.685150146,9392128
2024-12-01 03:00:00+00:00,511.402648926,518.938842773,511.402648926,518.506652832,15265216
2024-12-01 04:00:00+00:00,518.427246094,518.583984375,516.813232422,518.583984375,0
2024-12-01 05:00:00+00:00,518.669677734,518.669677734,516.919067383,517.009277344,5198080
2024-12-01 06:00:00+00:00,516.882751465,521.314575195,516.445251465,520.600830078,0
2024-12-01 07:00:00+00:00,520.564819336,521.296691895,519.12878418,520.574035645,0
2024-12-01 08:00:00+00:00,520.534973145,524.866760254,519.914855957,524.866760254,914112
2024-12-01 09:00:00+00:00,524.925109863,524.925109863,522.028137207,523.94317627,0
2024-12-01 10:00:00+00:00,523.961364746,523.961364746,519.761352539,521.753112793,0
2024-12-01 11:00:00+00:00,521.763793945,521.763793945,518.44708252,520.710327148,0
2024-12-01 12:00:00+00:00,520.7109375,521.339477539,519.232788086,519.959472656,0
2024-12-01 13:00:00+00:00,519.774780273,523.695678711,519.096130371,522.038757324,0
2024-12-01 14:00:00+00:00,521.987060547,522.600402832,520.467163086,522.600402832,0
2024-12-01 15:00:00+00:00,523.104431152,530.733093262,523.104431152,528.792114258,17479808
2024-12-01 16:00:00+00:00,528.990844727,531.422546387,527.447265625,530.422302246,7675488
2024-12-01 17:00:00+00:00,530.300964355,530.300964355,524.219665527,526.838256836,5799648
2024-12-01 18:00:00+00:00,526.912719727,527.725891113,523.718017578,523.718017578,0
2024-12-01 19:00:00+00:00,523.954711914,526.121643066,522.335449219,523.697143555,13594848
2024-12-01 20:00:00+00:00,524.479064941,524.479064941,514.449035645,518.82635498,28625216
2024-12-01 21:00:00+00:00,519.190368652,526.267211914,519.190368652,525.669067383,17401408
2024-12-01 22:00:00+00:00,525.719543457,531.755554199,525.719543457,531.755554199,19980416
2024-12-01 23:00:00+00:00,531.737854004,535.955627441,530.774230957,532.726806641,27571136
2024-12-02 00:00:00+00:00,532.665771484,555.099853516,531.671020508,555.099853516,118123136
2024-12-02 01:00:00+00:00,555.924926758,558.413818359,548.297973633,555.460693359,99511296
2024-12-02 02:00:00+00:00,557.070007324,557.685913086,547.180847168,548.863037109,21250560
2024-12-02 03:00:00+00:00,548.854431152,552.572021484,534.777770996,535.02923584,24732160
2024-12-02 04:00:00+00:00,534.637207031,536.770080566,525.062866211,530.950317383,84488000
2024-12-02 05:00:00+00:00,531.409790039,537.331420898,530.74005127,532.243896484,16171712
2024-12-02 06:00:00+00:00,532.293762207,532.97668457,525.309509277,530.528625488,17868480
2024-12-02 07:00:00+00:00,530.447021484,531.95501709,523.468017578,526.347290039,20622400
2024-12-02 08:00:00+00:00,526.234558105,528.928894043,506.629608154,508.741668701,65981376
2024-12-02 09:00:00+00:00,508.124572754,513.137817383,507.767181396,512.758483887,34760960
2024-12-02 10:00:00+00:00,512.792724609,513.207580566,496.617858887,496.617858887,72402304
2024-12-02 11:00:00+00:00,496.710357666,500.030517578,496.471557617,498.965332031,27936128
2024-12-02 12:00:00+00:00,498.932037354,504.397064209,498.792114258,501.059753418,39170944
2024-12-02 13:00:00+00:00,501.452423096,511.819152832,501.452423096,510.955963135,44772736
2024-12-02 14:00:00+00:00,510.910125732,519.04699707,507.617370605,515.062438965,38862080
2024-12-02 15:00:00+00:00,516.236877441,533.481323242,515.60925293,529.971984863,101285248
2024-12-02 16:00:00+00:00,529.901733398,529.901733398,513.764465332,517.675170898,27467264
2024-12-02 17:00:00+00:00,517.581970215,518.836486816,506.329284668,506.329284668,14788096
2024-12-02 18:00:00+00:00,506.306243896,516.772155762,505.697814941,515.920227051,22152960
2024-12-02 19:00:00+00:00,516.016113281,518.920898438,509.873352051,518.920898438,10446464
2024-12-02 20:00:00+00:00,518.852416992,530.096801758,518.849914551,530.096801758,13254528
2024-12-02 21:00:00+00:00,530.107666016,536.81652832,526.883666992,535.812072754,53188992
2024-12-02 22:00:00+00:00,535.86706543,535.86706543,530.317260742,532.171691895,1269376
2024-12-02 23:00:00+00:00,532.090270996,538.115539551,531.852844238,537.909484863,476416
2024-12-03 00:00:00+00:00,537.95904541,543.808349609,534.950866699,537.428283691,0
2024-12-03 01:00:00+00:00,537.472167969,538.64276123,532.999023438,532.999023438,0
2024-12-03 02:00:00+00:00,532.981628418,537.712646484,530.021911621,536.719848633,0
2024-12-03 03:00:00+00:00,536.661254883,540.149841309,536.177490234,538.6171875,0
2024-12-03 04:00:00+00:00,538.663635254,544.133361816,537.071960449,543.942382812,0
2024-12-03 05:00:00+00:00,543.922424316,554.764160156,543.477661133,547.599853516,31556480
2024-12-03 06:00:00+00:00,547.490478516,548.653198242,537.413818359,537.413818359,5287680
2024-12-03 07:00:00+00:00,536.688476562,536.688476562,529.939086914,533.135009766,35916160
2024-12-03 08:00:00+00:00,533.173522949,536.096008301,533.173522949,535.303466797,0
2024-12-03 09:00:00+00:00,535.371032715,536.439086914,531.86315918,532.926757812,0
2024-12-03 10:00:00+00:00,533.149414062,537.251220703,527.04284668,527.04284668,0
2024-12-03 11:00:00+00:00,526.779724121,540.312927246,526.779724121,540.312927246,4740096
2024-12-03 12:00:00+00:00,540.154968262,562.957702637,536.353088379,562.494445801,67076096
2024-12-03 13:00:00+00:00,562.494445801,565.266662598,529.873413086,531.209472656,177843840
2024-12-03 14:00:00+00:00,532.023254395,540.065063477,520.17791748,530.472229004,152278272
2024-12-03 15:00:00+00:00,530.041381836,533.484375,529.122924805,529.359375,0
2024-12-03 16:00:00+00:00,529.854553223,539.482116699,529.854553223,531.32019043,4383104
2024-12-03 17:00:00+00:00,531.010375977,536.031066895,525.190490723,536.031066895,1414656
2024-12-03 18:00:00+00:00,535.66229248,538.072631836,535.532348633,537.666809082,0
2024-12-03 19:00:00+00:00,537.680358887,537.680358887,528.754760742,533.084838867,0
2024-12-03 20:00:00+00:00,533.057006836,541.922241211,533.057006836,541.894104004,0
2024-12-03 21:00:00+00:00,541.87322998,546.624816895,541.87322998,544.410766602,0
2024-12-03 22:00:00+00:00,544.218688965,554.677185059,540.850891113,554.458862305,15582848
2024-12-03 23:00:00+00:00,554.534301758,587.754211426,554.534301758,583.979553223,195929728
2024-12-04 00:00:00+00:00,583.833129883,595.504699707,577.695861816,577.695861816,98895232
2024-12-04 01:00:00+00:00,576.420288086,582.225036621,571.226013184,579.469604492,58878720
2024-12-04 02:00:00+00:00,579.515075684,579.515075684,563.180114746,567.199645996,60599296
2024-12-04 03:00:00+00:00,567.007446289,572.874755859,567.007446289,572.854736328,24553344
2024-12-04 04:00:00+00:00,572.751037598,574.562194824,571.697143555,573.945617676,0
2024-12-04 05:00:00+00:00,574.134399414,574.887023926,572.810852051,573.18359375,0
2024-12-04 06:00:00+00:00,572.867370605,574.414611816,569.237670898,574.353271484,0
2024-12-04 07:00:00+00:00,575.242553711,578.478637695,574.167053223,577.550842285,0
2024-12-04 08:00:00+00:00,577.684204102,579.181030273,575.642211914,576.937683105,0
2024-12-04 09:00:00+00:00,577.19732666,582.222961426,577.19732666,577.506652832,12317312
2024-12-04 10:00:00+00:00,577.942443848,578.420410156,571.535217285,571.796325684,0
2024-12-04 11:00:00+00:00,571.857666016,574.941040039,567.386657715,568.88848877,20575616
2024-12-04 12:00:00+00:00,568.855102539,570.440856934,563.133178711,564.278198242,0
2024-12-04 13:00:00+00:00,564.41027832,565.843811035,559.705810547,561.543579102,0
2024-12-04 14:00:00+00:00,561.91796875,570.817871094,557.77142334,564.190002441,0
2024-12-04 15:00:00+00:00,563.790405273,569.089050293,561.227416992,565.364196777,17697024
2024-12-04 16:00:00+00:00,565.706054688,566.789123535,545.973815918,546.87310791,0
2024-12-04 17:00:00+00:00,546.742736816,554.487304688,546.742736816,554.487304688,5831296
2024-12-04 18:00:00+00:00,554.57220459,562.232421875,554.57220459,562.232421875,5954304
2024-12-04 19:00:00+00:00,562.239013672,568.822753906,561.991088867,567.895202637,6103424
2024-12-04 20:00:00+00:00,567.809570312,580.562011719,567.346862793,577.723815918,65355648
2024-12-04 21:00:00+00:00,577.673156738,583.868835449,574.341247559,576.523681641,52268032
2024-12-04 22:00:00+00:00,576.575866699,582.55291748,575.549316406,577.001831055,0
2024-12-04 23:00:00+00:00,576.817810059,584.220214844,575.561950684,584.220214844,0
2024-12-05 00:00:00+00:00,584.300476074,584.300476074,572.921081543,573.437866211,0
2024-12-05 01:00:00+00:00,573.423339844,573.528198242,554.626342773,560.512329102,0
2024-12-05 02:00:00+00:00,560.328063965,606.819641113,559.869140625,593.681091309,85645952
2024-12-05 03:00:00+00:00,593.364746094,600.309875488,584.630249023,584.630249023,124850048
2024-12-05 04:00:00+00:00,584.722839355,593.945373535,584.722839355,592.629699707,19049728
2024-12-05 05:00:00+00:00,592.632263184,592.632263184,577.455627441,579.483703613,21745792
2024-12-05 06:00:00+00:00,579.226379395,609.916503906,576.471252441,598.988342285,126899328
2024-12-05 07:00:00+00:00,598.950500488,625.406433105,597.041809082,620.156616211,143569664
2024-12-05 08:00:00+00:00,620.085571289,622.889282227,609.596069336,611.415222168,70464640
2024-12-05 09:00:00+00:00,611.465820312,617.118286133,607.593383789,607.683227539,35258112
2024-12-05 10:00:00+00:00,607.656799316,609.213745117,603.874206543,604.867675781,0
2024-12-05 11:00:00+00:00,605.055603027,616.984741211,605.055603027,616.170227051,0
2024-12-05 12:00:00+00:00,616.33215332,623.078186035,611.258056641,623.069885254,19726208
2024-12-05 13:00:00+00:00,622.920349121,630.042358398,622.366699219,628.330627441,66968192
2024-12-05 14:00:00+00:00,628.063354492,628.063354492,612.572570801,614.384155273,0
2024-12-05 15:00:00+00:00,615.812805176,616.240722656,608.57989502,611.05859375,469504
2024-12-05 16:00:00+00:00,610.970275879,614.46484375,609.32434082,614.097412109,0
2024-12-05 17:00:00+00:00,613.468078613,614.189819336,607.953308105,614.189819336,0
2024-12-05 18:00:00+00:00,614.164672852,618.434082031,614.164672852,615.702270508,0
2024-12-05 19:00:00+00:00,615.542114258,616.224304199,603.389892578,603.677429199,0
2024-12-05 20:00:00+00:00,603.686157227,604.817565918,596.08605957,602.714416504,0
2024-12-05 21:00:00+00:00,602.74230957,606.960998535,602.368591309,603.769897461,0
2024-12-05 22:00:00+00:00,603.850769043,604.911376953,586.575134277,590.070007324,34295296
2024-12-05 23:00:00+00:00,590.228149414,594.549621582,583.953186035,589.163024902,0
2024-12-06 00:00:00+00:00,589.179626465,594.300598145,585.247924805,594.259521484,0
2024-12-06 01:00:00+00:00,594.149353027,597.634033203,589.453857422,596.082580566,0
2024-12-06 02:00:00+00:00,595.565673828,595.565673828,590.257507324,591.593139648,0
2024-12-06 03:00:00+00:00,591.573791504,594.419250488,588.308837891,594.419250488,0
2024-12-06 04:00:00+00:00,594.868103027,597.759216309,594.868103027,597.065368652,1899904
2024-12-06 05:00:00+00:00,597.000427246,600.280334473,595.813781738,600.046386719,0
2024-12-06 06:00:00+00:00,599.818359375,600.433410645,597.006958008,597.423583984,0
2024-12-06 07:00:00+00:00,597.388061523,597.388061523,594.112304688,596.135192871,0
2024-12-06 08:00:00+00:00,596.13293457,599.078186035,593.888122559,593.888122559,0
2024-12-06 09:00:00+00:00,593.655151367,593.655151367,586.512817383,589.073669434,0
2024-12-06 10:00:00+00:00,588.972900391,589.93182373,581.898193359,589.93182373,0
2024-12-06 11:00:00+00:00,589.999694824,594.031066895,589.999694824,593.726989746,0
2024-12-06 12:00:00+00:00,593.715698242,596.53894043,592.561096191,592.689575195,0
2024-12-06 13:00:00+00:00,592.308166504,605.407592773,591.737121582,603.378356934,0
2024-12-06 14:00:00+00:00,604.697998047,616.080749512,604.14831543,616.080749512,5734016
2024-12-06 15:00:00+00:00,615.906433105,622.127258301,612.075683594,621.771606445,27768576
2024-12-06 16:00:00+00:00,622.159240723,628.692321777,622.159240723,627.087402344,32252032
2024-12-06 17:00:00+00:00,627.076721191,637.919799805,626.521972656,634.970947266,42306176
2024-12-06 18:00:00+00:00,635.226867676,639.408691406,634.741882324,638.219848633,22990720
2024-12-06 19:00:00+00:00,638.124389648,639.545593262,636.015808105,638.315307617,0
2024-12-06 20:00:00+00:00,638.202575684,638.303161621,631.434265137,631.434265137,0
2024-12-06 21:00:00+00:00,631.407165527,632.133789062,623.873168945,624.302734375,955776
2024-12-06 22:00:00+00:00,624.088439941,625.274658203,622.046325684,622.87713623,0
2024-12-06 23:00:00+00:00,622.750305176,623.855163574,617.171630859,619.453186035,0
2024-12-07 00:00:00+00:00,619.571105957,626.117980957,619.571105957,620.242248535,0
2024-12-07 01:00:00+00:00,620.350097656,621.10949707,615.831787109,617.641784668,0
2024-12-07 02:00:00+00:00,617.610168457,618.370239258,615.570068359,616.134155273,0
2024-12-07 03:00:00+00:00,616.843139648,618.690368652,616.02746582,616.02746582,0
2024-12-07 04:00:00+00:00,615.781188965,617.574523926,613.83984375,616.248840332,0
2024-12-07 05:00:00+00:00,615.455505371,617.140380859,612.573303223,612.619812012,0
2024-12-07 06:00:00+00:00,612.383178711,616.131225586,612.383178711,616.127380371,0
2024-12-07 07:00:00+00:00,616.135803223,617.707580566,613.637878418,617.707580566,13995200
2024-12-07 08:00:00+00:00,617.712341309,622.895996094,617.698486328,621.413391113,9656512
2024-12-07 09:00:00+00:00,621.35736084,622.245849609,619.221984863,621.516967773,0
2024-12-07 10:00:00+00:00,621.892822266,622.548400879,613.333312988,613.727905273,0
2024-12-07 11:00:00+00:00,613.715759277,617.401306152,613.715759277,617.401306152,12559552
2024-12-07 12:00:00+00:00,617.041503906,619.376037598,616.887084961,617.439758301,0
2024-12-07 13:00:00+00:00,617.364440918,618.377624512,611.882080078,614.695678711,0
2024-12-07 14:00:00+00:00,614.304016113,617.277954102,611.733764648,616.804626465,0
2024-12-07 15:00:00+00:00,616.757385254,618.805358887,615.815551758,618.805358887,0
2024-12-07 16:00:00+00:00,618.812866211,619.202758789,615.089355469,615.089355469,0
2024-12-07 17:00:00+00:00,615.028259277,615.028259277,605.73626709,605.73626709,0
2024-12-07 18:00:00+00:00,605.713562012,612.942382812,605.486206055,612.03729248,0
2024-12-07 19:00:00+00:00,612.037963867,612.914794922,610.031921387,610.459716797,0
2024-12-07 20:00:00+00:00,609.627807617,614.422607422,609.627807617,614.178894043,0
2024-12-07 21:00:00+00:00,613.991882324,614.451904297,611.581359863,612.668518066,0
2024-12-07 22:00:00+00:00,612.682800293,612.682800293,610.571533203,610.820129395,0
2024-12-07 23:00:00+00:00,610.605957031,613.183776855,608.513122559,608.513122559,261440
2024-12-08 00:00:00+00:00,608.183837891,611.373352051,607.413330078,611.373352051,0
2024-12-08 01:00:00+00:00,611.350097656,615.049804688,611.350097656,613.38092041,0
2024-12-08 02:00:00+00:00,614.047912598,619.951477051,613.118530273,618.614013672,13676992
2024-12-08 03:00:00+00:00,618.622619629,622.595703125,618.622619629,620.282165527,0
2024-12-08 04:00:00+00:00,620.362365723,624.480712891,620.247497559,624.360107422,7402304
2024-12-08 05:00:00+00:00,623.483093262,623.514892578,609.933898926,610.849365234,24673984
2024-12-08 06:00:00+00:00,611.719238281,615.296020508,609.513366699,614.15447998,10965248
2024-12-08 07:00:00+00:00,614.152587891,617.723754883,613.733520508,613.998779297,0
2024-12-08 08:00:00+00:00,614.050354004,614.243347168,606.406311035,606.406311035,11147136
2024-12-08 09:00:00+00:00,605.309753418,610.665222168,604.594116211,604.667358398,17696768
2024-12-08 10:00:00+00:00,604.703186035,615.237854004,604.703186035,614.988037109,0
2024-12-08 11:00:00+00:00,614.972961426,615.956237793,614.563537598,615.698669434,0
2024-12-08 12:00:00+00:00,615.695495605,617.219238281,611.901306152,616.627319336,2782720
2024-12-08 13:00:00+00:00,617.113098145,624.041503906,617.113098145,623.653320312,0
2024-12-08 14:00:00+00:00,623.429199219,623.429199219,616.618164062,616.643493652,0
2024-12-08 15:00:00+00:00,616.508422852,620.154602051,613.078491211,619.488525391,6874496
2024-12-08 16:00:00+00:00,619.479064941,621.891906738,618.511535645,621.778564453,0
2024-12-08 17:00:00+00:00,621.619689941,623.520263672,621.58795166,621.794921875,0
2024-12-08 18:00:00+00:00,621.786132812,622.073181152,616.863525391,618.830078125,0
2024-12-08 19:00:00+00:00,617.737731934,619.066650391,616.279663086,618.135620117,0
2024-12-08 20:00:00+00:00,618.813720703,619.019165039,615.213806152,615.213806152,489728
2024-12-08 21:00:00+00:00,615.215393066,618.671203613,614.28503418,616.635559082,0
2024-12-08 22:00:00+00:00,617.074523926,619.776916504,616.244018555,619.776916504,1300224
2024-12-08 23:00:00+00:00,620.434082031,623.570983887,618.550231934,623.342163086,3876928
2024-12-09 00:00:00+00:00,622.895812988,622.895812988,611.739868164,612.55090332,18718016
2024-12-09 01:00:00+00:00,612.406860352,615.134155273,610.979553223,611.019592285,13621248
2024-12-09 02:00:00+00:00,611.019287109,615.031738281,608.61151123,610.974487305,0
2024-12-09 03:00:00+00:00,611.077880859,613.817382812,603.788024902,606.850830078,3092480
2024-12-09 04:00:00+00:00,607.520751953,612.890319824,606.06060791,610.672363281,3104832
2024-12-09 05:00:00+00:00,610.807312012,613.748413086,609.461425781,610.217224121,0
2024-12-09 06:00:00+00:00,610.137268066,610.137268066,603.61114502,605.205383301,0
2024-12-09 07:00:00+00:00,605.159729004,607.223510742,595.82421875,606.563049316,35905216
2024-12-09 08:00:00+00:00,606.495178223,607.311950684,602.216796875,602.744567871,34807488
2024-12-09 09:00:00+00:00,602.811218262,604.019226074,596.190368652,602.408874512,21553856
2024-12-09 10:00:00+00:00,602.236877441,606.879821777,599.418884277,603.638793945,13329472
2024-12-09 11:00:00+00:00,603.750549316,603.750549316,590.250488281,592.073486328,21695104
2024-12-09 12:00:00+00:00,592.098999023,599.597900391,589.309936523,599.597900391,35706048
2024-12-09 13:00:00+00:00,599.680053711,604.490905762,596.315917969,603.350952148,379328
2024-12-09 14:00:00+00:00,603.280334473,610.874328613,598.337341309,610.874328613,11136064
2024-12-09 15:00:00+00:00,610.437805176,612.102050781,593.603759766,594.729492188,21563520
2024-12-09 16:00:00+00:00,594.593444824,605.175720215,594.593444824,603.225952148,21593728
2024-12-09 17:00:00+00:00,603.146179199,603.861816406,593.85925293,593.85925293,0
2024-12-09 18:00:00+00:00,593.663208008,599.074951172,592.133911133,598.982971191,5124160
2024-12-09 19:00:00+00:00,598.801391602,601.046630859,596.061950684,598.59197998,5486528
2024-12-09 20:00:00+00:00,598.362060547,598.362060547,574.713867188,574.713867188,74723712
2024-12-09 21:00:00+00:00,574.99597168,574.99597168,531.079223633,551.910766602,143718976
2024-12-09 22:00:00+00:00,551.710510254,551.710510254,532.08026123,549.885131836,87062784
2024-12-09 23:00:00+00:00,549.868103027,554.823364258,547.896728516,553.737670898,22175744
2024-12-10 00:00:00+00:00,553.49822998,557.91973877,543.081848145,557.319763184,16455680
2024-12-10 01:00:00+00:00,557.685241699,563.741210938,554.691955566,563.741210938,33923712
2024-12-10 02:00:00+00:00,563.83807373,563.83807373,546.582336426,546.582336426,0
2024-12-10 03:00:00+00:00,544.798583984,544.882629395,527.192382812,543.959716797,39843200
2024-12-10 04:00:00+00:00,544.263549805,544.378356934,534.976623535,544.038269043,19416064
2024-12-10 05:00:00+00:00,544.052246094,546.708374023,539.906005859,543.304748535,9478528
2024-12-10 06:00:00+00:00,543.268920898,548.471984863,542.349365234,546.628173828,2109312
2024-12-10 07:00:00+00:00,546.692199707,546.8125,540.837097168,544.502502441,0
2024-12-10 08:00:00+00:00,544.621337891,546.456726074,541.887634277,546.365844727,0
2024-12-10 09:00:00+00:00,546.34173584,551.055480957,543.42590332,544.103515625,0
2024-12-10 10:00:00+00:00,544.226379395,550.92565918,544.226379395,546.951599121,0
2024-12-10 11:00:00+00:00,546.488952637,546.488952637,540.710449219,542.574645996,0
2024-12-10 12:00:00+00:00,542.18762207,542.2578125,524.205505371,524.205505371,0
2024-12-10 13:00:00+00:00,524.336730957,529.85369873,523.849304199,527.299377441,12031744
2024-12-10 14:00:00+00:00,527.14276123,530.736633301,522.430541992,523.614685059,12930688
2024-12-10 15:00:00+00:00,523.506713867,525.020324707,503.856018066,503.856018066,1447808
2024-12-10 16:00:00+00:00,503.758483887,509.77822876,496.254364014,509.77822876,57580672
2024-12-10 17:00:00+00:00,509.772064209,509.772064209,491.467071533,491.467071533,22377088
2024-12-10 18:00:00+00:00,491.071502686,499.813018799,487.198303223,497.513519287,26491136
2024-12-10 19:00:00+00:00,497.438751221,506.854553223,497.438751221,506.854553223,8373888
2024-12-10 20:00:00+00:00,507.016326904,512.328918457,505.537414551,511.451690674,0
2024-12-10 21:00:00+00:00,511.719940186,519.801940918,511.719940186,516.098449707,0
2024-12-10 22:00:00+00:00,515.97088623,518.423461914,514.574768066,516.988525391,0
2024-12-10 23:00:00+00:00,516.967163086,518.919372559,514.897399902,516.687683105,0
2024-12-11 00:00:00+00:00,516.641174316,518.038391113,509.019897461,513.907348633,0
2024-12-11 01:00:00+00:00,513.927734375,513.927734375,504.454498291,507.793884277,0
2024-12-11 02:00:00+00:00,507.82421875,518.276855469,506.511108398,518.046569824,1555264
2024-12-11 03:00:00+00:00,518.024963379,520.984313965,517.632568359,518.624633789,0
2024-12-11 04:00:00+00:00,518.710083008,522.037658691,518.710083008,520.169677734,0
2024-12-11 05:00:00+00:00,519.911376953,519.99609375,517.614074707,518.948974609,0
2024-12-11 06:00:00+00:00,518.921386719,522.509094238,518.264099121,522.509094238,0
2024-12-11 07:00:00+00:00,522.511047363,523.682189941,519.971069336,520.015258789,0
2024-12-11 08:00:00+00:00,519.753479004,528.980285645,519.304626465,527.643310547,360704
2024-12-11 09:00:00+00:00,527.557067871,528.532531738,525.020751953,528.524169922,0
2024-12-11 10:00:00+00:00,528.510925293,530.178344727,527.505493164,530.178344727,0
2024-12-11 11:00:00+00:00,530.256713867,534.017822266,530.256713867,533.278198242,0
2024-12-11 12:00:00+00:00,533.26965332,537.256408691,533.144836426,535.270812988,0
2024-12-11 13:00:00+00:00,535.17755127,542.422058105,533.97467041,540.342102051,4027456
2024-12-11 14:00:00+00:00,540.139953613,542.715026855,537.283752441,542.715026855,0
2024-12-11 15:00:00+00:00,542.647155762,550.121887207,542.647155762,549.200805664,0
2024-12-11 16:00:00+00:00,549.217468262,549.770629883,543.693054199,546.399597168,0
2024-12-11 17:00:00+00:00,546.559814453,546.991088867,543.772155762,543.772155762,0
2024-12-11 18:00:00+00:00,543.185119629,544.459106445,542.605834961,543.412597656,0
2024-12-11 19:00:00+00:00,543.375244141,544.194152832,542.583862305,544.029846191,0
2024-12-11 20:00:00+00:00,544.036560059,545.408203125,543.59967041,545.294067383,0
2024-12-11 21:00:00+00:00,546.444213867,546.467834473,543.907470703,544.771728516,0
2024-12-11 22:00:00+00:00,544.815307617,549.895812988,544.746826172,549.895812988,2948864
2024-12-11 23:00:00+00:00,549.872375488,550.25592041,547.252258301,547.33807373,0
2024-12-12 00:00:00+00:00,547.313049316,548.83215332,544.491882324,544.852172852,0
2024-12-12 01:00:00+00:00,545.183898926,547.904174805,542.925415039,542.925415039,0
2024-12-12 02:00:00+00:00,543.178039551,552.480407715,543.178039551,552.480407715,0
2024-12-12 03:00:00+00:00,554.451538086,563.234619141,552.139831543,557.334350586,22062464
2024-12-12 04:00:00+00:00,557.260253906,559.120361328,553.677185059,554.206359863,0
2024-12-12 05:00:00+00:00,554.616027832,562.434020996,554.616027832,558.684387207,13385088
2024-12-12 06:00:00+00:00,557.835876465,559.297546387,555.28338623,555.28338623,8665792
2024-12-12 07:00:00+00:00,555.324707031,558.69140625,555.186889648,556.013183594,7376192
2024-12-12 08:00:00+00:00,555.925476074,558.582275391,555.647766113,557.561340332,0
2024-12-12 09:00:00+00:00,557.539245605,558.924438477,554.885009766,555.28527832,0
2024-12-12 10:00:00+00:00,555.278503418,555.278503418,549.126525879,550.501220703,0
2024-12-12 11:00:00+00:00,550.491760254,550.811950684,545.88470459,547.25390625,2706880
2024-12-12 12:00:00+00:00,547.29864502,552.227294922,547.29864502,551.965209961,0
2024-12-12 13:00:00+00:00,551.744873047,556.346984863,548.224182129,548.627258301,3070976
2024-12-12 14:00:00+00:00,548.645568848,553.259338379,547.730773926,553.206420898,0
2024-12-12 15:00:00+00:00,553.343811035,553.930175781,550.284545898,551.677612305,0
2024-12-12 16:00:00+00:00,551.766601562,556.351318359,550.855041504,550.855041504,0
2024-12-12 17:00:00+00:00,550.824829102,553.448913574,550.824829102,552.941650391,0
2024-12-12 18:00:00+00:00,552.921386719,555.080688477,551.977111816,552.667419434,691264
2024-12-12 19:00:00+00:00,552.609436035,554.166748047,539.246459961,540.083984375,10763648
2024-12-12 20:00:00+00:00,540.032958984,546.331359863,540.032958984,545.089233398,6219328
2024-12-12 21:00:00+00:00,544.993530273,547.386108398,542.581604004,543.814147949,0
2024-12-12 22:00:00+00:00,543.778442383,543.778442383,538.273620605,540.984741211,0
2024-12-12 23:00:00+00:00,540.981262207,541.77166748,538.808410645,539.809753418,3782400
2024-12-13 00:00:00+00:00,539.843505859,542.344665527,539.328674316,540.798339844,0
2024-12-13 01:00:00+00:00,540.772949219,540.772949219,529.938049316,534.261474609,7753152
2024-12-13 02:00:00+00:00,534.192199707,540.445617676,533.890808105,537.767150879,1588864
2024-12-13 03:00:00+00:00,537.741027832,539.047302246,537.563110352,537.563110352,0
2024-12-13 04:00:00+00:00,537.565002441,537.565002441,534.482788086,536.151550293,0
2024-12-13 05:00:00+00:00,536.247375488,538.699035645,536.247375488,536.751647949,0
2024-12-13 06:00:00+00:00,536.739624023,537.693786621,532.45098877,532.45098877,0
2024-12-13 07:00:00+00:00,532.29296875,532.366577148,527.375915527,532.009521484,659840
2024-12-13 08:00:00+00:00,531.894348145,533.689758301,531.575500488,532.532409668,2896608
2024-12-13 09:00:00+00:00,532.516662598,532.929382324,527.474121094,529.400878906,0
2024-12-13 10:00:00+00:00,529.323669434,532.049560547,527.15222168,532.049560547,0
2024-12-13 11:00:00+00:00,531.963867188,535.107421875,531.648986816,531.649353027,0
2024-12-13 12:00:00+00:00,531.582336426,534.538696289,530.823913574,534.538696289,0
2024-12-13 13:00:00+00:00,534.65045166,535.160827637,530.465454102,533.212768555,0
2024-12-13 14:00:00+00:00,533.167114258,538.526306152,532.611816406,538.526306152,0
2024-12-13 15:00:00+00:00,538.575622559,543.127441406,530.261657715,530.261657715,10182496
2024-12-13 16:00:00+00:00,530.257629395,535.928894043,528.835632324,533.110961914,10960640
2024-12-13 17:00:00+00:00,532.95690918,535.0546875,531.433044434,532.732910156,8044896
2024-12-13 18:00:00+00:00,532.74786377,533.531799316,529.801391602,532.531555176,3115936
2024-12-13 19:00:00+00:00,532.585327148,538.937866211,532.585327148,538.937866211,0
2024-12-13 20:00:00+00:00,538.93347168,539.026977539,536.536132812,537.04309082,0
2024-12-13 21:00:00+00:00,537.408813477,539.0234375,537.408813477,537.431640625,178368
2024-12-13 22:00:00+00:00,537.411376953,537.411376953,532.27166748,534.639099121,0
2024-12-13 23:00:00+00:00,534.601806641,542.17376709,534.287902832,542.17376709,1137504
2024-12-14 00:00:00+00:00,541.978881836,541.978881836,535.180480957,535.275146484,0
2024-12-14 01:00:00+00:00,535.158996582,550.570556641,535.158996582,550.545654297,16897824
2024-12-14 02:00:00+00:00,550.45501709,550.45501709,541.802429199,541.815551758,1062720
2024-12-14 03:00:00+00:00,541.881652832,544.613342285,541.881652832,544.579040527,0
2024-12-14 04:00:00+00:00,544.6953125,545.581848145,542.621643066,543.074890137,0
2024-12-14 05:00:00+00:00,543.069396973,543.451477051,541.524902344,542.940124512,0
2024-12-14 06:00:00+00:00,542.97833252,545.243041992,542.97833252,544.856445312,0
2024-12-14 07:00:00+00:00,544.866394043,544.866394043,541.655456543,543.016357422,0
2024-12-14 08:00:00+00:00,542.902709961,544.385864258,542.743347168,543.74005127,0
2024-12-14 09:00:00+00:00,543.736755371,543.736755371,542.003234863,542.034057617,0
2024-12-14 10:00:00+00:00,542.05065918,542.05065918,537.523803711,539.01776123,273856
2024-12-14 11:00:00+00:00,538.993469238,540.156982422,537.673156738,537.673156738,0
2024-12-14 12:00:00+00:00,537.703613281,537.764282227,530.599853516,530.599853516,4127232
2024-12-14 13:00:00+00:00,530.521240234,530.521240234,522.661315918,522.981445312,18576256
2024-12-14 14:00:00+00:00,522.924499512,528.571472168,522.924499512,528.571472168,0
2024-12-14 15:00:00+00:00,528.336303711,531.72265625,526.866699219,530.127685547,0
2024-12-14 16:00:00+00:00,530.117858887,532.50177002,526.338256836,532.178466797,0
2024-12-14 17:00:00+00:00,532.215209961,533.059143066,527.143066406,527.207092285,3269984
2024-12-14 18:00:00+00:00,527.205932617,527.573120117,521.364196777,521.364196777,0
2024-12-14 19:00:00+00:00,521.32434082,525.596740723,521.138183594,525.596740723,0
2024-12-14 20:00:00+00:00,525.546081543,528.288818359,520.76348877,520.76348877,0
2024-12-14 21:00:00+00:00,520.761474609,524.684814453,520.761474609,524.198303223,0
2024-12-14 22:00:00+00:00,524.187988281,529.791870117,524.187988281,529.791870117,0
2024-12-14 23:00:00+00:00,529.787414551,534.729614258,528.261474609,534.191467285,0
2024-12-15 00:00:00+00:00,534.061889648,534.064025879,528.167480469,529.950744629,1807424
2024-12-15 01:00:00+00:00,529.947509766,534.457092285,529.947509766,534.453552246,0
2024-12-15 02:00:00+00:00,534.489318848,535.683776855,533.277038574,533.476928711,0
2024-12-15 03:00:00+00:00,533.471801758,533.543823242,531.423706055,531.439575195,0
2024-12-15 04:00:00+00:00,531.35168457,538.599243164,531.093505859,538.599243164,3333952
2024-12-15 05:00:00+00:00,538.629089355,541.354675293,536.418334961,536.418334961,5843584
2024-12-15 06:00:00+00:00,536.416564941,538.356872559,536.116516113,536.116516113,565056
2024-12-15 07:00:00+00:00,536.117492676,536.745239258,528.918640137,531.2734375,2477088
2024-12-15 08:00:00+00:00,531.410827637,531.802734375,529.12512207,530.435546875,8244576
2024-12-15 09:00:00+00:00,530.480834961,536.692626953,529.218505859,536.660949707,4029152
2024-12-15 10:00:00+00:00,536.417419434,539.671386719,535.184631348,535.184631348,3444544
2024-12-15 11:00:00+00:00,535.117553711,538.207824707,532.922912598,538.207824707,3106912
2024-12-15 12:00:00+00:00,538.392211914,546.22454834,538.392211914,546.135620117,13720832
2024-12-15 13:00:00+00:00,545.669067383,545.669067383,541.238708496,543.319030762,0
2024-12-15 14:00:00+00:00,543.198974609,543.874206543,541.760864258,541.776306152,0
2024-12-15 15:00:00+00:00,541.822509766,543.417297363,541.028381348,541.107910156,0
2024-12-15 16:00:00+00:00,541.072143555,543.375671387,540.213317871,540.602478027,0
2024-12-15 17:00:00+00:00,540.584594727,540.584594727,537.863891602,537.863891602,0
2024-12-15 18:00:00+00:00,537.87097168,538.164611816,536.480651855,536.480651855,0
2024-12-15 19:00:00+00:00,536.480102539,538.389587402,536.480102539,537.772460938,0
2024-12-15 20:00:00+00:00,537.762145996,538.25592041,537.175720215,537.662658691,5888
2024-12-15 21:00:00+00:00,537.672790527,537.707092285,527.77532959,527.810302734,7076896
2024-12-15 22:00:00+00:00,527.223205566,532.519897461,525.443664551,532.508728027,9334592
2024-12-15 23:00:00+00:00,532.468139648,549.19354248,532.468139648,546.861083984,26236832
2024-12-16 00:00:00+00:00,546.994995117,555.509216309,545.502685547,553.411621094,33381184
2024-12-16 01:00:00+00:00,553.35949707,553.586486816,551.155944824,553.020874023,13341312
2024-12-16 02:00:00+00:00,552.860046387,552.860046387,540.911621094,540.911621094,8248896
2024-12-16 03:00:00+00:00,540.912780762,541.923706055,535.197387695,535.285583496,7092768
2024-12-16 04:00:00+00:00,535.758544922,537.522521973,535.424438477,537.120910645,2259264
2024-12-16 05:00:00+00:00,537.137390137,541.124572754,536.062011719,540.610107422,1235296
2024-12-16 06:00:00+00:00,540.647705078,543.396728516,540.647705078,541.162597656,90496
2024-12-16 07:00:00+00:00,541.614013672,545.153076172,540.266418457,540.266418457,1115200
2024-12-16 08:00:00+00:00,540.289123535,540.289123535,533.656311035,533.683166504,0
2024-12-16 09:00:00+00:00,533.754211426,535.134338379,533.112487793,533.818908691,236736
2024-12-16 10:00:00+00:00,533.735717773,533.735717773,529.84387207,531.161193848,0
2024-12-16 11:00:00+00:00,531.159912109,531.333374023,523.161132812,523.229858398,6764544
2024-12-16 12:00:00+00:00,523.55645752,527.686035156,523.461242676,524.943237305,0
2024-12-16 13:00:00+00:00,524.919250488,527.862182617,523.940673828,526.079589844,0
2024-12-16 14:00:00+00:00,526.124450684,534.887695312,526.124450684,531.774536133,10145664
2024-12-16 15:00:00+00:00,531.633422852,537.927307129,530.502746582,537.901611328,10096576
2024-12-16 16:00:00+00:00,537.993041992,550.612243652,537.993041992,548.288757324,24938432
2024-12-16 17:00:00+00:00,548.25390625,548.999694824,545.923461914,545.923461914,14180416
2024-12-16 18:00:00+00:00,545.972106934,548.057739258,545.688659668,547.740234375,9618496
2024-12-16 19:00:00+00:00,547.849731445,548.091796875,542.913024902,546.478820801,7609536
2024-12-16 20:00:00+00:00,546.485534668,546.952453613,543.141052246,543.674255371,15982080
2024-12-16 21:00:00+00:00,543.971496582,545.805725098,543.617492676,544.78717041,0
2024-12-16 22:00:00+00:00,544.830810547,545.238220215,542.059082031,542.106933594,0
2024-12-16 23:00:00+00:00,542.098754883,543.226318359,536.854980469,537.910888672,0
2024-12-17 00:00:00+00:00,537.912719727,538.200134277,530.916687012,531.112243652,0
2024-12-17 01:00:00+00:00,530.905395508,534.817504883,529.204772949,534.215270996,0
2024-12-17 02:00:00+00:00,534.223571777,538.760681152,534.223571777,535.301757812,0
2024-12-17 03:00:00+00:00,535.309265137,538.247253418,535.309265137,538.150390625,0
2024-12-17 04:00:00+00:00,538.158508301,538.158508301,532.549438477,535.763000488,59840
2024-12-17 05:00:00+00:00,535.831359863,537.596191406,535.172668457,537.019226074,0
2024-12-17 06:00:00+00:00,537.032653809,537.290588379,532.955200195,534.517089844,0
2024-12-17 07:00:00+00:00,534.518859863,536.992858887,533.148681641,533.276855469,0
2024-12-17 08:00:00+00:00,533.274536133,538.124267578,533.274536133,537.893554688,0
2024-12-17 09:00:00+00:00,537.867248535,542.329772949,536.665466309,542.243591309,1407968
2024-12-17 10:00:00+00:00,542.29296875,542.946594238,540.16015625,541.776306152,5483008
2024-12-17 11:00:00+00:00,541.739990234,542.323608398,539.609191895,539.736816406,0
2024-12-17 12:00:00+00:00,539.733581543,543.921630859,539.101257324,543.586425781,0
2024-12-17 13:00:00+00:00,543.570129395,543.570129395,541.079956055,541.079956055,771936
2024-12-17 14:00:00+00:00,540.934814453,540.940979004,534.529052734,540.940979004,6367104
2024-12-17 15:00:00+00:00,540.923156738,541.232421875,527.752624512,528.487121582,8470624
2024-12-17 16:00:00+00:00,528.530761719,535.82220459,528.530761719,533.257751465,0
2024-12-17 17:00:00+00:00,533.304748535,546.393676758,533.202819824,543.897033691,4450560
2024-12-17 18:00:00+00:00,543.958251953,545.755004883,539.22833252,539.22833252,5281248
2024-12-17 19:00:00+00:00,539.11932373,539.140014648,534.226318359,536.20690918,2020480
2024-12-17 20:00:00+00:00,536.314819336,538.719360352,534.63848877,538.719360352,0
2024-12-17 21:00:00+00:00,538.172424316,538.844238281,534.457763672,536.723815918,1481152
2024-12-17 22:00:00+00:00,536.679504395,536.768859863,528.640563965,529.451049805,2363456
2024-12-17 23:00:00+00:00,529.452331543,530.876342773,525.057312012,529.757263184,14441344
2024-12-18 00:00:00+00:00,529.746337891,535.57623291,529.069396973,534.753967285,0
2024-12-18 01:00:00+00:00,534.764587402,542.840454102,532.883728027,532.883728027,12111264
2024-12-18 02:00:00+00:00,532.984069824,538.547546387,532.803283691,536.092407227,22858688
2024-12-18 03:00:00+00:00,536.085876465,536.085876465,527.58984375,528.422729492,11056768
2024-12-18 04:00:00+00:00,528.343078613,528.343078613,519.07232666,521.40423584,8227520
2024-12-18 05:00:00+00:00,521.456970215,528.26171875,521.456970215,523.15057373,9510656
2024-12-18 06:00:00+00:00,523.145324707,525.132080078,516.890380859,520.453186035,11414912
2024-12-18 07:00:00+00:00,520.459106445,522.484558105,519.595031738,521.472290039,3852096
2024-12-18 08:00:00+00:00,521.459960938,521.905944824,518.504333496,519.533508301,0
2024-12-18 09:00:00+00:00,519.563110352,525.213867188,519.563110352,524.605895996,0
2024-12-18 10:00:00+00:00,524.050048828,525.759094238,522.519104004,525.521484375,0
2024-12-18 11:00:00+00:00,525.536254883,528.883544922,525.536254883,525.989196777,2408768
2024-12-18 12:00:00+00:00,526.026672363,527.230773926,520.114257812,521.363464355,15490944
2024-12-18 13:00:00+00:00,521.726074219,525.036193848,520.935058594,522.083374023,2129280
2024-12-18 14:00:00+00:00,521.442993164,523.257629395,516.004211426,516.004211426,0
2024-12-18 15:00:00+00:00,516.115234375,518.031555176,512.176208496,517.778930664,0
2024-12-18 16:00:00+00:00,517.793029785,519.67791748,513.713317871,519.324279785,0
2024-12-18 17:00:00+00:00,519.342773438,522.645446777,516.071350098,522.133972168,0
2024-12-18 18:00:00+00:00,522.139892578,523.561340332,521.380615234,523.430664062,0
2024-12-18 19:00:00+00:00,525.163635254,525.163635254,514.595031738,514.595031738,2144960
2024-12-18 20:00:00+00:00,514.882080078,514.882080078,483.2628479,488.447052002,124443200
2024-12-18 21:00:00+00:00,488.040100098,491.203338623,482.870666504,488.070526123,24930112
2024-12-18 22:00:00+00:00,487.930297852,489.851470947,483.37802124,487.254882812,3734272
2024-12-18 23:00:00+00:00,487.108917236,487.108917236,479.932647705,480.65826416,260160
2024-12-19 00:00:00+00:00,480.729431152,483.565093994,479.300750732,482.10345459,5128320
2024-12-19 01:00:00+00:00,482.198242188,482.931884766,476.345062256,476.359741211,0
2024-12-19 02:00:00+00:00,476.191772461,476.191772461,461.83190918,473.250518799,45538176
2024-12-19 03:00:00+00:00,473.255523682,482.353424072,473.255523682,482.353424072,5529984
2024-12-19 04:00:00+00:00,482.347106934,482.347106934,479.226196289,479.226196289,0
2024-12-19 05:00:00+00:00,478.224395752,482.786315918,478.224395752,482.786315918,1028288
2024-12-19 06:00:00+00:00,482.766296387,483.192962646,481.126678467,481.545898438,246912
2024-12-19 07:00:00+00:00,481.288391113,483.915679932,481.135406494,482.91305542,0
2024-12-19 08:00:00+00:00,482.681152344,482.740722656,477.913452148,478.780029297,0
2024-12-19 09:00:00+00:00,478.746459961,481.169464111,478.587371826,481.169219971,1858624
2024-12-19 10:00:00+00:00,481.188568115,487.896026611,480.217803955,487.38494873,5758208
2024-12-19 11:00:00+00:00,487.288299561,488.296295166,485.602966309,487.518676758,0
2024-12-19 12:00:00+00:00,487.486602783,487.86505127,481.99420166,482.011352539,0
2024-12-19 13:00:00+00:00,482.006958008,484.53527832,480.608123779,482.052032471,0
2024-12-19 14:00:00+00:00,482.118408203,486.558868408,478.943237305,479.395996094,0
2024-12-19 15:00:00+00:00,479.040740967,479.040740967,466.23828125,471.332794189,7716800
2024-12-19 16:00:00+00:00,471.332794189,475.53012085,468.618713379,474.942504883,9148928
2024-12-19 17:00:00+00:00,475.063659668,475.168945312,448.671173096,448.671173096,33464960
2024-12-19 18:00:00+00:00,448.817962646,448.817962646,433.507049561,442.443664551,101830208
2024-12-19 19:00:00+00:00,442.51739502,443.958343506,427.612579346,428.917114258,9914944
2024-12-19 20:00:00+00:00,431.924530029,435.984191895,424.095123291,433.910705566,0
2024-12-19 21:00:00+00:00,433.889373779,444.103149414,433.733947754,442.713653564,0
2024-12-19 22:00:00+00:00,442.600769043,446.132568359,441.908294678,445.959289551,0
2024-12-19 23:00:00+00:00,445.849182129,445.849182129,440.061096191,440.061096191,0
2024-12-20 00:00:00+00:00,439.983581543,442.734802246,432.766723633,439.771514893,0
2024-12-20 01:00:00+00:00,439.805999756,441.640441895,438.447540283,438.447540283,0
2024-12-20 02:00:00+00:00,438.393981934,448.774963379,438.096588135,448.245269775,0
2024-12-20 03:00:00+00:00,448.194793701,448.194793701,445.503051758,445.523925781,0
2024-12-20 04:00:00+00:00,445.580749512,447.17980957,444.93963623,444.93963623,0
2024-12-20 05:00:00+00:00,444.909698486,445.239685059,440.672576904,440.672576904,0
2024-12-20 06:00:00+00:00,440.590454102,441.918060303,432.164337158,432.193328857,0
2024-12-20 07:00:00+00:00,432.483612061,443.512756348,432.483612061,438.866394043,14923008
2024-12-20 08:00:00+00:00,438.852813721,438.852813721,417.18460083,417.18460083,14707072
2024-12-20 09:00:00+00:00,417.360351562,418.191375732,409.410827637,409.410827637,31586624
2024-12-20 10:00:00+00:00,409.419006348,409.419006348,400.596588135,400.720397949,56546752
2024-12-20 11:00:00+00:00,400.693603516,405.231872559,392.777679443,393.41027832,53820544
2024-12-20 12:00:00+00:00,393.515167236,411.388824463,391.459625244,408.496276855,49523072
2024-12-20 13:00:00+00:00,408.815338135,421.262542725,406.908905029,419.702178955,29800192
2024-12-20 14:00:00+00:00,419.646240234,425.782623291,417.884307861,425.619232178,15874816
2024-12-20 15:00:00+00:00,425.574859619,444.031890869,425.574859619,438.102630615,24296256
2024-12-20 16:00:00+00:00,437.942962646,440.674163818,435.74987793,436.362335205,1614528
2024-12-20 17:00:00+00:00,436.354400635,441.189544678,435.339233398,440.407928467,0
2024-12-20 18:00:00+00:00,440.569610596,440.569610596,437.130645752,439.087585449,0
2024-12-20 19:00:00+00:00,438.902954102,446.619262695,438.290527344,445.08694458,0
2024-12-20 20:00:00+00:00,445.017822266,445.017822266,442.488830566,443.144683838,0
2024-12-20 21:00:00+00:00,442.667297363,443.43927002,437.588592529,442.790161133,0
2024-12-20 22:00:00+00:00,443.183807373,448.187744141,442.737609863,448.185791016,0
2024-12-20 23:00:00+00:00,448.188354492,450.419372559,448.183929443,448.880401611,160448
2024-12-21 00:00:00+00:00,448.892547607,449.199981689,446.391082764,447.191070557,0
2024-12-21 01:00:00+00:00,447.373016357,451.704864502,447.373016357,449.912445068,0
2024-12-21 02:00:00+00:00,449.876403809,453.36831665,448.849914551,452.86428833,0
2024-12-21 03:00:00+00:00,452.469390869,452.774963379,451.268890381,452.02142334,0
2024-12-21 04:00:00+00:00,452.131347656,457.57901001,452.131347656,457.57901001,2004736
2024-12-21 05:00:00+00:00,457.591888428,466.939483643,457.452880859,466.939483643,12147328
2024-12-21 06:00:00+00:00,467.004821777,468.620330811,465.925170898,468.246612549,3220992
2024-12-21 07:00:00+00:00,468.249664307,471.040344238,467.826721191,470.155426025,0
2024-12-21 08:00:00+00:00,469.858642578,471.406799316,468.219055176,469.112731934,0
2024-12-21 09:00:00+00:00,469.024108887,470.161865234,466.36618042,470.161865234,0
2024-12-21 10:00:00+00:00,470.205383301,471.843841553,468.294952393,470.808837891,0
2024-12-21 11:00:00+00:00,471.477386475,471.484832764,467.232696533,469.252471924,0
2024-12-21 12:00:00+00:00,469.19128418,469.19128418,458.506011963,458.506011963,0
2024-12-21 13:00:00+00:00,457.509613037,457.95980835,444.847320557,448.33972168,8186592
2024-12-21 14:00:00+00:00,448.895721436,454.347198486,448.895721436,452.200286865,0
2024-12-21 15:00:00+00:00,452.122344971,455.561767578,451.300048828,454.829589844,0
2024-12-21 16:00:00+00:00,454.806182861,458.760498047,451.042114258,456.087036133,0
2024-12-21 17:00:00+00:00,455.984832764,458.909973145,454.213226318,458.909973145,0
2024-12-21 18:00:00+00:00,458.207366943,459.016479492,454.361297607,454.555541992,0
2024-12-21 19:00:00+00:00,454.579650879,455.075195312,447.767425537,450.312072754,9451360
2024-12-21 20:00:00+00:00,450.28729248,458.5753479,450.28729248,454.658233643,8020736
2024-12-21 21:00:00+00:00,454.798828125,455.114349365,449.618713379,450.248260498,1642976
2024-12-21 22:00:00+00:00,450.355285645,458.402038574,448.726501465,456.644195557,4431616
2024-12-21 23:00:00+00:00,456.775421143,457.023803711,452.887237549,456.048461914,1645344
2024-12-22 00:00:00+00:00,455.942138672,456.644805908,452.290802002,455.219421387,12269024
2024-12-22 01:00:00+00:00,455.353088379,457.730224609,451.494171143,455.360015869,3417696
2024-12-22 02:00:00+00:00,455.405944824,456.155944824,452.874908447,452.874908447,690112
2024-12-22 03:00:00+00:00,452.915588379,454.406188965,448.808380127,453.755340576,5193120
2024-12-22 04:00:00+00:00,453.790466309,456.092407227,448.307159424,448.307159424,1237536
2024-12-22 05:00:00+00:00,448.40246582,448.40246582,442.557525635,447.736053467,700832
2024-12-22 06:00:00+00:00,447.68359375,451.53225708,445.970489502,451.53225708,0
2024-12-22 07:00:00+00:00,451.482788086,453.762908936,448.7862854,449.674560547,0
2024-12-22 08:00:00+00:00,449.661010742,454.184692383,449.661010742,453.863739014,0
2024-12-22 09:00:00+00:00,453.85760498,459.616790771,452.666168213,459.104919434,3076096
2024-12-22 10:00:00+00:00,459.086853027,460.411590576,458.768005371,459.038391113,1164928
2024-12-22 11:00:00+00:00,459.005523682,459.005523682,456.884643555,456.906555176,0
2024-12-22 12:00:00+00:00,456.853637695,458.489318848,455.006347656,456.349731445,0
2024-12-22 13:00:00+00:00,456.328186035,457.771209717,454.671051025,456.408569336,0
2024-12-22 14:00:00+00:00,456.373596191,456.807037354,442.633453369,442.633453369,1293312
2024-12-22 15:00:00+00:00,442.673339844,445.107177734,442.349578857,444.739624023,0
2024-12-22 16:00:00+00:00,444.783111572,449.659851074,443.864990234,449.659851074,0
2024-12-22 17:00:00+00:00,449.750274658,450.886444092,449.306427002,449.306427002,0
2024-12-22 18:00:00+00:00,449.329925537,452.98739624,448.562683105,451.787384033,0
2024-12-22 19:00:00+00:00,451.750061035,451.797821045,441.630737305,441.630737305,0
2024-12-22 20:00:00+00:00,441.618988037,444.409362793,435.866119385,444.409362793,6743616
2024-12-22 21:00:00+00:00,444.582824707,448.583312988,444.582824707,447.114105225,0
2024-12-22 22:00:00+00:00,447.110595703,447.110595703,441.190856934,445.531433105,0
2024-12-22 23:00:00+00:00,445.783569336,449.075042725,444.709381104,445.075653076,0
2024-12-23 00:00:00+00:00,445.076599121,445.526184082,439.189758301,440.524169922,0
2024-12-23 01:00:00+00:00,440.50302124,443.396850586,435.336029053,441.639831543,1026240
2024-12-23 02:00:00+00:00,441.673919678,441.673919678,435.295959473,440.120910645,3494912
2024-12-23 03:00:00+00:00,440.12121582,456.363128662,440.12121582,456.354095459,10755520
2024-12-23 04:00:00+00:00,456.330169678,457.231964111,450.828521729,451.066253662,5259936
2024-12-23 05:00:00+00:00,450.978820801,450.978820801,444.699981689,444.699981689,0
2024-12-23 06:00:00+00:00,444.72467041,444.981506348,437.684234619,438.678497314,5547168
2024-12-23 07:00:00+00:00,438.621276855,441.54888916,438.608184814,440.659484863,8056128
2024-12-23 08:00:00+00:00,440.760253906,443.567749023,440.760253906,443.567749023,0
2024-12-23 09:00:00+00:00,443.953308105,447.948730469,443.953308105,446.253082275,1253760
2024-12-23 10:00:00+00:00,446.221038818,447.803070068,445.407714844,446.760559082,0
2024-12-23 11:00:00+00:00,446.763427734,447.793762207,444.018432617,444.147796631,0
2024-12-23 12:00:00+00:00,444.1668396,446.252441406,443.956512451,445.587463379,0
2024-12-23 13:00:00+00:00,445.545562744,445.545562744,436.606872559,437.167449951,1293408
2024-12-23 14:00:00+00:00,437.178100586,442.039520264,434.012908936,435.779388428,0
2024-12-23 15:00:00+00:00,435.706207275,435.958435059,433.13760376,433.13760376,1669184
2024-12-23 16:00:00+00:00,433.080566406,443.02645874,432.655731201,442.780548096,8369408
2024-12-23 17:00:00+00:00,442.688171387,444.087036133,439.462463379,439.706787109,6871680
2024-12-23 18:00:00+00:00,439.392700195,444.197814941,439.392700195,440.544311523,2517952
2024-12-23 19:00:00+00:00,440.544952393,449.78427124,440.544952393,447.147399902,5555296
2024-12-23 20:00:00+00:00,446.962341309,453.980194092,446.579345703,453.980194092,0
2024-12-23 21:00:00+00:00,454.089202881,464.932250977,454.089202881,459.832733154,15230688
2024-12-23 22:00:00+00:00,459.791107178,463.12399292,458.012359619,463.12399292,979424
2024-12-23 23:00:00+00:00,463.877655029,463.911743164,460.223846436,460.307495117,5135680
2024-12-24 00:00:00+00:00,460.267547607,460.298095703,456.049804688,457.883483887,2627584
2024-12-24 01:00:00+00:00,457.904907227,459.20211792,454.475708008,454.475708008,0
2024-12-24 02:00:00+00:00,454.272918701,455.782592773,451.321899414,453.696350098,0
2024-12-24 03:00:00+00:00,453.773010254,455.85067749,453.762023926,455.801330566,0
2024-12-24 04:00:00+00:00,455.822235107,462.229125977,454.217163086,462.229125977,0
2024-12-24 05:00:00+00:00,462.740631104,462.740631104,459.806243896,459.806243896,4271200
2024-12-24 06:00:00+00:00,459.87487793,460.097564697,455.524291992,455.524291992,0
2024-12-24 07:00:00+00:00,455.098846436,456.612182617,454.087921143,456.609283447,0
2024-12-24 08:00:00+00:00,456.612854004,460.09197998,455.939483643,460.09197998,1669696
2024-12-24 09:00:00+00:00,460.116790771,460.86730957,457.174560547,457.179229736,0
2024-12-24 10:00:00+00:00,457.177734375,458.869812012,456.225982666,458.869812012,0
2024-12-24 11:00:00+00:00,458.812988281,461.420928955,458.439788818,461.420928955,3876032
2024-12-24 12:00:00+00:00,461.434051514,463.484344482,460.5519104,463.228424072,493216
2024-12-24 13:00:00+00:00,463.227264404,471.553710938,463.099395752,471.553710938,2820448
2024-12-24 14:00:00+00:00,471.616455078,473.119384766,470.570098877,473.119384766,477408
2024-12-24 15:00:00+00:00,473.082794189,476.561157227,471.908905029,476.407531738,4857824
2024-12-24 16:00:00+00:00,476.438598633,477.460968018,473.597503662,474.198791504,0
2024-12-24 17:00:00+00:00,474.101104736,475.40637207,473.887817383,474.994567871,0
2024-12-24 18:00:00+00:00,475.09564209,477.698272705,474.814147949,474.942352295,781344
2024-12-24 19:00:00+00:00,474.937286377,474.937286377,468.420806885,468.420806885,0
2024-12-24 20:00:00+00:00,468.365783691,468.365783691,464.79675293,467.038818359,0
2024-12-24 21:00:00+00:00,466.961883545,470.08001709,466.50958252,470.005096436,0
2024-12-24 22:00:00+00:00,470.011138916,470.583709717,468.982177734,469.806274414,0
2024-12-24 23:00:00+00:00,469.799835205,470.953765869,469.699371338,470.274047852,0
2024-12-25 00:00:00+00:00,470.246795654,470.246795654,467.047943115,467.971221924,0
2024-12-25 01:00:00+00:00,468.008850098,468.567169189,467.346923828,467.482574463,0
2024-12-25 02:00:00+00:00,467.455383301,467.455383301,464.729858398,466.23449707,1383328
2024-12-25 03:00:00+00:00,466.170623779,466.170623779,462.161132812,463.38079834,3701600
2024-12-25 04:00:00+00:00,463.411224365,465.171020508,463.065582275,464.765472412,0
2024-12-25 05:00:00+00:00,464.762573242,466.123962402,464.682006836,465.568847656,0
2024-12-25 06:00:00+00:00,465.567565918,465.957244873,463.266815186,463.266815186,0
2024-12-25 07:00:00+00:00,463.278991699,465.475494385,462.904785156,462.904785156,0
2024-12-25 08:00:00+00:00,462.926483154,464.568634033,462.910217285,462.99206543,1899360
2024-12-25 09:00:00+00:00,463.06237793,464.664367676,463.06237793,464.609527588,0
2024-12-25 10:00:00+00:00,464.609619141,470.527099609,464.238220215,465.165466309,4253792
2024-12-25 11:00:00+00:00,465.177215576,468.242584229,464.688293457,464.688293457,0
2024-12-25 12:00:00+00:00,464.670837402,466.271453857,461.822906494,465.187438965,9283488
2024-12-25 13:00:00+00:00,465.176147461,466.59552002,464.762878418,464.952484131,0
2024-12-25 14:00:00+00:00,464.890716553,466.300415039,464.43347168,465.307159424,0
2024-12-25 15:00:00+00:00,465.277130127,465.412994385,462.099151611,462.187194824,0
2024-12-25 16:00:00+00:00,462.174804688,462.571289062,456.155334473,458.204223633,0
2024-12-25 17:00:00+00:00,458.203796387,459.635162354,456.393463135,459.532287598,2419232
2024-12-25 18:00:00+00:00,459.543334961,462.525695801,459.543334961,460.487335205,6793600
2024-12-25 19:00:00+00:00,460.485015869,461.601959229,460.355010986,461.044555664,0
2024-12-25 20:00:00+00:00,461.055786133,462.130065918,460.658447266,460.737609863,0
2024-12-25 21:00:00+00:00,460.819458008,461.93951416,458.499237061,459.888122559,0
2024-12-25 22:00:00+00:00,459.907745361,461.23928833,458.282928467,460.832305908,510496
2024-12-25 23:00:00+00:00,460.824371338,465.418762207,460.77822876,465.418762207,1628192
2024-12-26 00:00:00+00:00,465.274047852,467.153900146,461.39831543,461.655609131,0
2024-12-26 01:00:00+00:00,461.929870605,462.875823975,461.638519287,462.561676025,0
2024-12-26 02:00:00+00:00,462.578460693,463.980194092,459.611358643,459.611358643,0
2024-12-26 03:00:00+00:00,459.569763184,459.605773926,457.008972168,457.485809326,0
2024-12-26 04:00:00+00:00,457.474334717,457.474334717,452.952911377,453.322845459,1454656
2024-12-26 05:00:00+00:00,453.354522705,454.697906494,452.898376465,454.472106934,502464
2024-12-26 06:00:00+00:00,454.426452637,454.543334961,452.299713135,454.543334961,7845376
2024-12-26 07:00:00+00:00,454.486755371,454.486755371,451.677520752,452.294158936,1115008
2024-12-26 08:00:00+00:00,452.260559082,452.260559082,438.202514648,441.90447998,10657344
2024-12-26 09:00:00+00:00,441.90423584,443.45791626,441.041931152,441.041931152,5509216
2024-12-26 10:00:00+00:00,441.038391113,441.164794922,438.737426758,440.805236816,0
2024-12-26 11:00:00+00:00,440.787658691,442.352600098,440.583648682,440.583648682,0
2024-12-26 12:00:00+00:00,440.59854126,440.81338501,439.171356201,439.171356201,0
2024-12-26 13:00:00+00:00,439.19821167,439.19821167,437.33001709,438.319091797,0
2024-12-26 14:00:00+00:00,438.393676758,441.475311279,436.663818359,437.395233154,5652128
2024-12-26 15:00:00+00:00,437.402770996,439.331359863,437.072235107,437.919525146,0
2024-12-26 16:00:00+00:00,437.936920166,441.036956787,437.931243896,440.932128906,0
2024-12-26 17:00:00+00:00,440.948059082,440.948059082,434.430541992,437.238372803,792320
2024-12-26 18:00:00+00:00,437.202453613,438.092712402,435.988739014,438.018737793,0
2024-12-26 19:00:00+00:00,437.813140869,438.103881836,436.205200195,438.103881836,1993792
2024-12-26 20:00:00+00:00,438.103088379,438.103088379,435.148529053,435.148529053,0
2024-12-26 21:00:00+00:00,435.606506348,438.503601074,433.716491699,438.367004395,3781920
2024-12-26 22:00:00+00:00,438.340454102,439.738891602,437.393768311,437.899963379,0
2024-12-26 23:00:00+00:00,437.880310059,437.880310059,435.072479248,437.099945068,140864
2024-12-27 00:00:00+00:00,437.07131958,437.940551758,435.371795654,437.571990967,721248
2024-12-27 01:00:00+00:00,437.817565918,440.396148682,437.195037842,439.727355957,116384
2024-12-27 02:00:00+00:00,439.570495605,441.535003662,439.098602295,439.209533691,5370400
2024-12-27 03:00:00+00:00,439.210327148,441.726898193,439.048980713,441.589477539,0
2024-12-27 04:00:00+00:00,441.597442627,443.015655518,440.715057373,440.715057373,0
2024-12-27 05:00:00+00:00,440.725097656,441.525482178,439.117340088,441.525482178,95008
2024-12-27 06:00:00+00:00,441.551483154,447.081604004,441.551483154,447.081604004,0
2024-12-27 07:00:00+00:00,447.071807861,447.957000732,439.745910645,441.169128418,206112
2024-12-27 08:00:00+00:00,441.163757324,447.992736816,441.163757324,445.637634277,0
2024-12-27 09:00:00+00:00,445.664459229,460.119842529,445.664459229,459.678741455,19748512
2024-12-27 10:00:00+00:00,459.660522461,459.69732666,452.226409912,455.832183838,2557472
2024-12-27 11:00:00+00:00,455.774353027,457.62588501,455.417907715,457.063903809,0
2024-12-27 12:00:00+00:00,457.101104736,458.062164307,456.205413818,456.205413818,0
2024-12-27 13:00:00+00:00,456.206268311,456.35723877,453.809356689,454.876068115,0
2024-12-27 14:00:00+00:00,454.785552979,454.785552979,446.098510742,448.456512451,1433152
2024-12-27 15:00:00+00:00,449.136657715,449.136657715,440.490631104,441.622253418,7862368
2024-12-27 16:00:00+00:00,441.696899414,443.484375,440.215393066,442.649505615,1974880
2024-12-27 17:00:00+00:00,442.657043457,447.49810791,440.537017822,447.075805664,0
2024-12-27 18:00:00+00:00,447.200500488,448.294158936,446.734924316,447.776977539,455232
2024-12-27 19:00:00+00:00,447.761627197,447.761627197,445.076751709,446.227966309,0
2024-12-27 20:00:00+00:00,446.176757812,446.474822998,443.178710938,443.740142822,232192
2024-12-27 21:00:00+00:00,443.866241455,444.502471924,440.99395752,441.00604248,0
2024-12-27 22:00:00+00:00,441.005432129,442.704681396,438.97756958,440.230926514,1522080
2024-12-27 23:00:00+00:00,440.243621826,441.041809082,437.417663574,440.277435303,6032960
2024-12-28 00:00:00+00:00,440.504180908,442.20513916,440.504180908,441.614532471,4230496
2024-12-28 01:00:00+00:00,441.621795654,441.838897705,438.762695312,440.691741943,0
2024-12-28 02:00:00+00:00,440.890319824,442.676757812,440.890319824,441.192382812,0
2024-12-28 03:00:00+00:00,440.718322754,442.976318359,440.718322754,442.618103027,0
2024-12-28 04:00:00+00:00,442.643951416,442.643951416,439.990386963,440.454620361,0
2024-12-28 05:00:00+00:00,440.456298828,442.141815186,440.456298828,441.656066895,0
2024-12-28 06:00:00+00:00,441.629333496,441.629333496,438.416290283,438.792419434,0
2024-12-28 07:00:00+00:00,438.81539917,440.840087891,438.565826416,438.661712646,0
2024-12-28 08:00:00+00:00,438.64654541,441.094970703,438.64654541,441.094970703,0
2024-12-28 09:00:00+00:00,441.088745117,442.007720947,441.088745117,441.850006104,0
2024-12-28 10:00:00+00:00,441.834655762,441.834655762,440.047210693,440.244018555,0
2024-12-28 11:00:00+00:00,440.23348999,441.803100586,439.775115967,441.803100586,0
2024-12-28 12:00:00+00:00,441.840118408,441.972564697,439.831420898,439.831420898,0
2024-12-28 13:00:00+00:00,439.817962646,444.080322266,439.817962646,444.080322266,0
2024-12-28 14:00:00+00:00,444.107971191,448.222717285,444.107971191,444.357055664,0
2024-12-28 15:00:00+00:00,444.886535645,447.057342529,443.565887451,443.565887451,0
2024-12-28 16:00:00+00:00,443.565948486,445.751434326,443.299926758,445.751434326,0
2024-12-28 17:00:00+00:00,445.798980713,449.988189697,445.798980713,448.086456299,0
2024-12-28 18:00:00+00:00,448.075927734,448.342803955,446.071868896,446.420074463,0
2024-12-28 19:00:00+00:00,446.356018066,447.125213623,446.356018066,446.724731445,0
2024-12-28 20:00:00+00:00,446.732940674,446.927429199,445.95904541,446.927429199,0
2024-12-28 21:00:00+00:00,446.91003418,449.586242676,446.705810547,449.586242676,0
2024-12-28 22:00:00+00:00,449.601348877,451.980255127,449.074371338,451.964172363,0
2024-12-28 23:00:00+00:00,451.944854736,451.944854736,450.280609131,451.035675049,0
2024-12-29 00:00:00+00:00,450.942901611,450.942901611,448.587982178,448.772796631,0
2024-12-29 01:00:00+00:00,448.769683838,449.515075684,446.78692627,446.78692627,0
2024-12-29 02:00:00+00:00,446.770111084,450.290496826,446.760772705,450.02645874,0
2024-12-29 03:00:00+00:00,450.025054932,450.025054932,448.596496582,449.580780029,137712
2024-12-29 04:00:00+00:00,449.582489014,449.720062256,448.527984619,448.662017822,0
2024-12-29 05:00:00+00:00,448.585449219,448.989685059,448.113677979,448.803161621,0
2024-12-29 06:00:00+00:00,448.792785645,451.173156738,447.695526123,451.103240967,2743040
2024-12-29 07:00:00+00:00,451.192230225,452.310333252,451.192230225,452.310333252,938528
2024-12-29 08:00:00+00:00,452.346923828,452.4559021,450.909545898,451.170898438,3500832
2024-12-29 09:00:00+00:00,451.183807373,452.695404053,450.949279785,452.695404053,2650736
2024-12-29 10:00:00+00:00,452.736206055,452.764526367,451.619232178,451.619232178,0
2024-12-29 11:00:00+00:00,451.623260498,451.623260498,449.452148438,449.452148438,0
2024-12-29 12:00:00+00:00,449.389648438,449.961608887,447.081451416,447.283416748,1007488
2024-12-29 13:00:00+00:00,447.262939453,449.341705322,446.878143311,449.341705322,1045072
2024-12-29 14:00:00+00:00,449.411804199,451.659667969,444.674743652,446.612609863,845120
2024-12-29 15:00:00+00:00,446.402099609,446.863861084,445.076812744,446.808135986,0
2024-12-29 16:00:00+00:00,446.683349609,446.683349609,441.697631836,442.196411133,2243712
2024-12-29 17:00:00+00:00,442.205230713,442.957519531,441.396148682,442.351348877,0
2024-12-29 18:00:00+00:00,442.354064941,442.711090088,441.490234375,442.33895874,0
2024-12-29 19:00:00+00:00,442.343200684,443.418426514,441.769073486,442.519866943,1700304
2024-12-29 20:00:00+00:00,442.40625,442.40625,439.285797119,442.044494629,4506464
2024-12-29 21:00:00+00:00,442.059173584,443.086883545,439.897888184,440.570861816,1845856
2024-12-29 22:00:00+00:00,440.179260254,440.179260254,436.093231201,437.20413208,4016880
2024-12-29 23:00:00+00:00,437.054840088,438.815155029,435.270751953,438.505432129,5631216
2024-12-30 00:00:00+00:00,438.175262451,440.965789795,437.597808838,440.860992432,3906576
2024-12-30 01:00:00+00:00,440.852142334,448.557922363,440.852142334,445.985809326,6593472
2024-12-30 02:00:00+00:00,446.464996338,446.464996338,442.836853027,444.998504639,3426656
2024-12-30 03:00:00+00:00,444.980194092,446.347320557,443.852294922,443.852294922,2125600
2024-12-30 04:00:00+00:00,444.063995361,446.705413818,444.063995361,444.11920166,1752080
2024-12-30 05:00:00+00:00,444.051177979,445.322692871,443.426208496,445.061187744,3833664
2024-12-30 06:00:00+00:00,445.363800049,450.257141113,445.363800049,449.48928833,0
2024-12-30 07:00:00+00:00,449.551147461,449.990325928,446.59753418,448.089935303,449472
2024-12-30 08:00:00+00:00,448.187286377,449.541870117,446.329956055,447.781219482,0
2024-12-30 09:00:00+00:00,447.893249512,448.278045654,446.605407715,447.583251953,9411616
2024-12-30 10:00:00+00:00,447.582763672,448.019927979,446.029296875,446.981323242,5205952
2024-12-30 11:00:00+00:00,446.962341309,448.274383545,445.003936768,448.213348389,22531136
2024-12-30 12:00:00+00:00,448.193328857,451.79296875,448.133361816,448.838317871,744928
2024-12-30 13:00:00+00:00,448.849639893,448.891296387,437.973754883,437.973754883,1376544
2024-12-30 14:00:00+00:00,437.839599609,439.303619385,433.362548828,434.15802002,7447904
2024-12-30 15:00:00+00:00,434.07220459,434.07220459,428.804962158,433.35760498,12001216
2024-12-30 16:00:00+00:00,433.321472168,433.599365234,431.007751465,432.323730469,1562720
2024-12-30 17:00:00+00:00,432.348449707,446.216339111,432.348449707,443.85546875,11295648
2024-12-30 18:00:00+00:00,444.908111572,448.787017822,443.96987915,448.690368652,6425152
2024-12-30 19:00:00+00:00,448.958862305,448.958862305,447.799133301,448.90838623,0
2024-12-30 20:00:00+00:00,448.913116455,451.961395264,448.913116455,451.030883789,1753472
2024-12-30 21:00:00+00:00,450.973144531,450.973144531,440.335418701,440.53225708,4419968
2024-12-30 22:00:00+00:00,440.30645752,445.316314697,439.934936523,445.261047363,2663168
2024-12-30 23:00:00+00:00,445.10144043,445.10144043,441.842895508,443.347351074,2291200
2024-12-31 00:00:00+00:00,443.349700928,443.349700928,438.501831055,438.501831055,0
2024-12-31 01:00:00+00:00,438.396636963,438.396636963,435.242675781,437.431213379,348064
2024-12-31 02:00:00+00:00,437.411773682,438.721954346,436.843597412,437.863861084,0
2024-12-31 03:00:00+00:00,437.869995117,437.87789917,435.915496826,435.99609375,0
2024-12-31 04:00:00+00:00,435.986175537,437.031280518,433.797271729,433.797271729,0
2024-12-31 05:00:00+00:00,433.797454834,437.561004639,433.517822266,437.535461426,7036512
2024-12-31 06:00:00+00:00,437.57522583,438.591156006,436.191314697,437.953094482,12289472
2024-12-31 07:00:00+00:00,437.979797363,438.69720459,435.377685547,437.866088867,14414912
2024-12-31 08:00:00+00:00,437.833526611,445.152526855,437.63861084,443.925628662,7811360
2024-12-31 09:00:00+00:00,443.91192627,448.65536499,443.652770996,447.264648438,0
2024-12-31 10:00:00+00:00,447.281768799,447.440612793,445.153015137,447.078155518,0
2024-12-31 11:00:00+00:00,447.071380615,447.342559814,446.69934082,447.294708252,0
2024-12-31 12:00:00+00:00,447.291625977,449.470275879,447.036529541,447.036529541,0
2024-12-31 13:00:00+00:00,446.987548828,453.205413818,446.369140625,452.523681641,2674304
2024-12-31 14:00:00+00:00,452.417877197,453.247375488,451.089691162,451.144744873,0
2024-12-31 15:00:00+00:00,451.174346924,451.540008545,449.613891602,449.829772949,0
2024-12-31 16:00:00+00:00,449.802093506,450.052307129,447.74710083,448.082244873,0
2024-12-31 17:00:00+00:00,447.943145752,447.943145752,437.28414917,438.740203857,0
2024-12-31 18:00:00+00:00,438.787200928,440.902587891,438.787200928,439.41418457,0
2024-12-31 19:00:00+00:00,439.386901855,439.386901855,436.092376709,436.184539795,0
2024-12-31 20:00:00+00:00,436.17489624,436.815765381,435.449035645,435.449035645,0
2024-12-31 21:00:00+00:00,435.545928955,437.311706543,435.429046631,437.083374023,0
2024-12-31 22:00:00+00:00,437.064025879,437.064025879,433.477478027,433.477478027,0
2024-12-31 23:00:00+00:00,433.485565186,434.563659668,433.058349609,433.817993164,271840
2025-01-01 00:00:00+00:00,433.802886963,438.373596191,433.745422363,438.373596191,2422112
2025-01-01 01:00:00+00:00,438.487945557,439.458648682,436.206970215,436.206970215,0
2025-01-01 02:00:00+00:00,436.207244873,436.901580811,435.136047363,436.545379639,970304
2025-01-01 03:00:00+00:00,436.530944824,436.530944824,435.005249023,435.093078613,0
2025-01-01 04:00:00+00:00,435.120361328,435.120361328,433.472473145,433.863128662,268832
2025-01-01 05:00:00+00:00,433.765106201,436.020324707,433.367004395,435.364685059,0
2025-01-01 06:00:00+00:00,435.363922119,435.363922119,434.613037109,435.268920898,0
2025-01-01 07:00:00+00:00,435.260253906,435.412628174,434.971343994,435.049713135,0
2025-01-01 08:00:00+00:00,435.052307129,435.052307129,432.966430664,432.966430664,0
2025-01-01 09:00:00+00:00,432.829711914,432.853027344,430.114837646,431.686889648,0
2025-01-01 10:00:00+00:00,431.834442139,432.935882568,431.834442139,432.425262451,0
2025-01-01 11:00:00+00:00,432.428253174,434.797668457,431.830749512,434.263793945,0
2025-01-01 12:00:00+00:00,434.279022217,437.435638428,434.279022217,437.432739258,1352992
2025-01-01 13:00:00+00:00,437.435943604,438.3331604,436.545227051,437.593475342,0
2025-01-01 14:00:00+00:00,437.630584717,439.942657471,437.630584717,439.591369629,0
2025-01-01 15:00:00+00:00,439.578826904,442.719055176,439.097473145,442.719055176,0
2025-01-01 16:00:00+00:00,442.710784912,443.984924316,442.135620117,442.539215088,1362912
2025-01-01 17:00:00+00:00,442.544921875,442.866485596,440.518035889,442.218353271,0
2025-01-01 18:00:00+00:00,442.21697998,446.522644043,441.4375,446.522644043,575136
2025-01-01 19:00:00+00:00,446.529998779,449.886657715,446.529998779,448.845611572,6804736
2025-01-01 20:00:00+00:00,448.901489258,451.292236328,448.901489258,449.655700684,3480864
2025-01-01 21:00:00+00:00,449.613372803,450.938049316,448.032989502,448.032989502,21596208
2025-01-01 22:00:00+00:00,448.07119751,448.895629883,446.483673096,448.895629883,31141312
2025-01-01 23:00:00+00:00,448.837982178,450.389923096,448.837982178,449.375244141,3097760
2025-01-02 00:00:00+00:00,449.587738037,457.506256104,449.587738037,456.840362549,14423296
2025-01-02 01:00:00+00:00,456.747070312,457.179779053,454.538146973,454.538146973,4267296
2025-01-02 02:00:00+00:00,454.543823242,456.957763672,454.519836426,456.957763672,0
2025-01-02 03:00:00+00:00,457.002075195,457.383300781,456.119110107,456.316375732,2222560
2025-01-02 04:00:00+00:00,456.286773682,460.767974854,456.286773682,460.113037109,7250496
2025-01-02 05:00:00+00:00,459.865966797,459.865966797,457.769927979,457.769927979,13457152
2025-01-02 06:00:00+00:00,457.769348145,457.833526611,456.204223633,456.70614624,4004160
2025-01-02 07:00:00+00:00,456.756774902,459.321014404,456.756774902,458.635284424,5102304
2025-01-02 08:00:00+00:00,458.647644043,461.639556885,458.647644043,461.639556885,8666240
2025-01-02 09:00:00+00:00,461.634887695,463.945678711,461.399749756,463.936096191,13189952
2025-01-02 10:00:00+00:00,463.945343018,464.206787109,462.929626465,462.964355469,3641408
2025-01-02 11:00:00+00:00,462.93182373,463.795471191,462.622375488,463.151794434,3109280
2025-01-02 12:00:00+00:00,463.144622803,464.185577393,462.599029541,463.7265625,1258912
2025-01-02 13:00:00+00:00,463.7421875,464.049163818,463.260803223,463.379821777,1899872
2025-01-02 15:00:00+00:00,460.818328857,460.856658936,459.799591064,460.833282471,20931808
2025-01-02 16:00:00+00:00,460.811553955,462.826416016,459.354675293,461.40133667,5140128
2025-01-02 17:00:00+00:00,461.430297852,461.756469727,456.620544434,457.427154541,3219456
2025-01-02 18:00:00+00:00,457.503601074,459.974121094,457.503601074,459.974121094,1214336
2025-01-02 19:00:00+00:00,459.954589844,460.785614014,459.15826416,459.170410156,0
2025-01-02 20:00:00+00:00,459.128570557,460.605529785,458.541809082,458.84487915,0
2025-01-02 21:00:00+00:00,458.789978027,459.682006836,458.396820068,459.601776123,0
2025-01-02 22:00:00+00:00,459.619598389,460.392303467,458.765350342,460.265594482,0
2025-01-02 23:00:00+00:00,460.274353027,462.147399902,460.274353027,461.368804932,460256
2025-01-03 00:00:00+00:00,461.372039795,463.381835938,461.372039795,462.04699707,0
2025-01-03 01:00:00+00:00,462.050262451,462.050262451,458.481567383,460.676269531,0
2025-01-03 02:00:00+00:00,460.663818359,463.935241699,460.432067871,462.824645996,0
2025-01-03 03:00:00+00:00,462.745574951,463.615203857,462.12689209,463.615203857,0
2025-01-03 04:00:00+00:00,463.650299072,464.132080078,461.110534668,461.110534668,0
2025-01-03 05:00:00+00:00,461.100799561,461.388824463,459.861816406,460.812011719,0
2025-01-03 06:00:00+00:00,460.816131592,462.077331543,458.873321533,458.883148193,0
2025-01-03 07:00:00+00:00,458.854614258,458.891601562,456.103759766,456.987182617,0
2025-01-03 08:00:00+00:00,457.011474609,458.433624268,456.871582031,458.114654541,0
2025-01-03 09:00:00+00:00,458.101959229,461.000305176,457.871734619,460.233001709,0
2025-01-03 10:00:00+00:00,460.217102051,460.271728516,458.664031982,459.692504883,0
2025-01-03 11:00:00+00:00,459.696105957,463.663574219,459.696105957,463.642089844,983376
2025-01-03 12:00:00+00:00,463.647216797,464.778442383,463.260040283,463.973022461,2969472
2025-01-03 13:00:00+00:00,463.979370117,465.188446045,463.38482666,464.442779541,5163216
2025-01-03 14:00:00+00:00,464.417877197,468.120178223,464.261627197,467.261138916,1834912
2025-01-03 15:00:00+00:00,467.277252197,471.43145752,467.277252197,471.43145752,5824480
2025-01-03 16:00:00+00:00,471.432525635,475.752380371,471.432525635,474.060760498,6747456
2025-01-03 17:00:00+00:00,474.044525146,475.237365723,473.202362061,473.204467773,3881728
2025-01-03 18:00:00+00:00,473.211029053,475.24887085,472.915618896,474.713165283,4293760
2025-01-03 19:00:00+00:00,474.799957275,476.569580078,474.58203125,475.297576904,4591328
2025-01-03 20:00:00+00:00,475.277770996,475.277770996,472.793457031,474.018127441,3066720
2025-01-03 21:00:00+00:00,474.019470215,474.928161621,473.308135986,473.751861572,1819040
2025-01-03 22:00:00+00:00,473.762268066,474.461578369,472.951538086,473.657958984,3928448
2025-01-03 23:00:00+00:00,473.671173096,474.125946045,472.6043396,473.065490723,768960
2025-01-04 00:00:00+00:00,473.093536377,474.319854736,471.127410889,471.127410889,2135104
2025-01-04 01:00:00+00:00,471.470001221,471.470001221,469.337554932,471.093475342,0
2025-01-04 02:00:00+00:00,471.094696045,472.889007568,470.997894287,472.850738525,3836672
2025-01-04 03:00:00+00:00,472.855621338,474.864379883,472.531921387,474.864379883,2440864
2025-01-04 04:00:00+00:00,475.442962646,475.442962646,472.460418701,474.774719238,4210432
2025-01-04 05:00:00+00:00,474.78793335,480.058532715,474.78793335,480.025878906,12322848
2025-01-04 06:00:00+00:00,480.017974854,480.267730713,476.749908447,477.511535645,8663584
2025-01-04 07:00:00+00:00,477.519348145,479.272094727,477.312805176,478.471679688,4141152
2025-01-04 08:00:00+00:00,478.453613281,478.57409668,472.964904785,472.964904785,4639232
2025-01-04 09:00:00+00:00,472.929626465,473.348052979,471.757507324,472.032684326,0
2025-01-04 10:00:00+00:00,472.052062988,473.509429932,470.700622559,473.191741943,3885664
2025-01-04 11:00:00+00:00,473.167816162,474.10269165,472.597991943,474.054290771,0
2025-01-04 12:00:00+00:00,474.086853027,477.156341553,474.028991699,476.231567383,0
2025-01-04 13:00:00+00:00,476.325897217,478.631347656,476.325897217,478.631347656,0
2025-01-04 14:00:00+00:00,478.59375,482.248260498,478.134307861,481.957092285,1905984
2025-01-04 15:00:00+00:00,481.954406738,482.322143555,474.121734619,475.606689453,11316224
2025-01-04 16:00:00+00:00,475.669189453,481.748443604,475.629516602,477.539306641,3490496
2025-01-04 17:00:00+00:00,477.495819092,478.52722168,477.309875488,478.295684814,0
2025-01-04 18:00:00+00:00,478.301300049,478.402862549,475.505737305,475.505737305,0
2025-01-04 19:00:00+00:00,475.526000977,476.281433105,475.080200195,475.606262207,0
2025-01-04 20:00:00+00:00,475.618499756,477.296264648,475.618499756,477.275085449,0
2025-01-04 21:00:00+00:00,477.277618408,477.44241333,475.75769043,475.767578125,0
2025-01-04 22:00:00+00:00,475.774475098,476.985687256,475.053527832,476.985687256,0
2025-01-04 23:00:00+00:00,477.020690918,478.958679199,476.049194336,478.958679199,952544
2025-01-05 00:00:00+00:00,478.976318359,478.976318359,474.956695557,474.956695557,0
2025-01-05 01:00:00+00:00,474.967895508,474.967895508,472.331848145,472.484039307,0
2025-01-05 02:00:00+00:00,472.506439209,474.939666748,472.506439209,473.861968994,1735680
2025-01-05 03:00:00+00:00,473.871551514,474.006317139,472.692352295,472.702301025,0
2025-01-05 04:00:00+00:00,472.760375977,475.178253174,472.760375977,474.877319336,0
2025-01-05 05:00:00+00:00,474.882904053,474.902160645,472.591339111,472.770111084,0
2025-01-05 06:00:00+00:00,472.761474609,473.924377441,472.395446777,473.924377441,0
2025-01-05 07:00:00+00:00,473.927215576,474.526000977,473.27041626,473.27041626,0
2025-01-05 08:00:00+00:00,473.267120361,473.267120361,467.928619385,468.918884277,324544
2025-01-05 09:00:00+00:00,468.943634033,470.30871582,468.787078857,468.793334961,41632
2025-01-05 10:00:00+00:00,468.798248291,468.798248291,466.806762695,468.45501709,1670752
2025-01-05 11:00:00+00:00,468.454193115,469.408477783,468.129058838,468.499755859,1033536
2025-01-05 12:00:00+00:00,468.495849609,469.952850342,467.41607666,469.498901367,0
2025-01-05 13:00:00+00:00,469.485717773,469.872344971,468.119476318,468.119476318,0
2025-01-05 14:00:00+00:00,467.160095215,468.153289795,463.489532471,468.006103516,0
2025-01-05 15:00:00+00:00,467.782226562,468.422851562,466.696838379,467.966552734,0
2025-01-05 16:00:00+00:00,467.915161133,469.06439209,466.197631836,466.697235107,0
2025-01-05 17:00:00+00:00,466.695892334,468.11541748,465.798278809,465.801940918,0
2025-01-05 18:00:00+00:00,465.852478027,467.22454834,464.643768311,467.22454834,0
2025-01-05 19:00:00+00:00,467.330352783,468.161376953,467.20211792,467.859802246,0
2025-01-05 20:00:00+00:00,468.295837402,470.790863037,468.295837402,470.070373535,4701344
2025-01-05 21:00:00+00:00,470.153625488,471.835906982,470.153625488,471.835906982,0
2025-01-05 22:00:00+00:00,471.898345947,471.898345947,470.210510254,471.565704346,0
2025-01-05 23:00:00+00:00,471.62701416,472.673278809,470.858306885,470.910919189,0
2025-01-06 00:00:00+00:00,470.926361084,471.595733643,467.710510254,467.710510254,0
2025-01-06 01:00:00+00:00,467.611328125,471.645355225,465.206085205,471.645355225,5547888
2025-01-06 02:00:00+00:00,471.163757324,476.119232178,471.163757324,474.788543701,9148800
2025-01-06 03:00:00+00:00,474.428894043,474.98614502,473.672454834,474.982849121,1412832
2025-01-06 04:00:00+00:00,475.322723389,476.372192383,473.164398193,473.883239746,3190720
2025-01-06 05:00:00+00:00,473.917358398,475.700805664,473.608276367,474.760955811,4938240
2025-01-06 06:00:00+00:00,474.630554199,474.846710205,472.80078125,473.520904541,4668192
2025-01-06 07:00:00+00:00,473.541534424,473.541534424,470.345153809,471.777069092,6030304
2025-01-06 08:00:00+00:00,471.777130127,473.538818359,470.158752441,471.050384521,0
2025-01-06 09:00:00+00:00,470.877593994,471.855133057,470.265838623,470.736877441,0
2025-01-06 10:00:00+00:00,470.921356201,470.921356201,468.346008301,468.923431396,0
2025-01-06 11:00:00+00:00,468.956817627,473.117004395,468.956817627,472.803192139,2794240
2025-01-06 12:00:00+00:00,472.807220459,473.314208984,470.97052002,471.014160156,1711904
2025-01-06 13:00:00+00:00,470.783416748,472.064880371,467.739898682,472.064880371,5597216
2025-01-06 14:00:00+00:00,472.059814453,476.816070557,467.867034912,476.620635986,3170784
2025-01-06 15:00:00+00:00,475.457061768,480.121948242,475.457061768,480.085540771,16655392
2025-01-06 16:00:00+00:00,480.114593506,485.573028564,480.114593506,483.37197876,17419296
2025-01-06 17:00:00+00:00,483.356903076,483.356903076,477.972076416,479.666778564,7154720
2025-01-06 18:00:00+00:00,479.869415283,481.538665771,479.173370361,480.769470215,3190176
2025-01-06 19:00:00+00:00,480.405151367,482.30657959,480.046966553,481.805450439,2639392
2025-01-06 20:00:00+00:00,481.774414062,482.271911621,480.237335205,481.028594971,0
2025-01-06 21:00:00+00:00,481.087310791,481.10333252,477.948608398,478.425292969,3346912
2025-01-06 22:00:00+00:00,478.172943115,480.118377686,476.659515381,480.118377686,4551520
2025-01-06 23:00:00+00:00,480.141601562,482.727508545,479.3722229,482.685821533,3373728
2025-01-07 00:00:00+00:00,482.719177246,485.884338379,482.603607178,483.546478271,5353824
2025-01-07 01:00:00+00:00,483.545898438,484.034545898,481.479766846,483.057617188,980672
2025-01-07 02:00:00+00:00,482.950775146,483.265197754,480.647338867,480.647338867,0
2025-01-07 03:00:00+00:00,480.626831055,481.558135986,479.627746582,480.500946045,0
2025-01-07 04:00:00+00:00,480.440307617,480.682678223,478.929992676,478.929992676,0
2025-01-07 05:00:00+00:00,478.78503418,478.78503418,476.589935303,477.631164551,1280096
2025-01-07 06:00:00+00:00,477.614044189,478.772033691,477.294250488,478.772033691,0
2025-01-07 07:00:00+00:00,478.869689941,478.987335205,477.27645874,477.27645874,0
2025-01-07 08:00:00+00:00,477.311859131,478.257507324,477.032867432,478.052368164,0
2025-01-07 09:00:00+00:00,478.067199707,478.067199707,473.405090332,474.501739502,11169376
2025-01-07 10:00:00+00:00,474.492248535,474.492248535,472.713439941,473.588439941,394656
2025-01-07 11:00:00+00:00,473.566864014,473.566864014,467.552276611,468.90536499,0
2025-01-07 12:00:00+00:00,468.96005249,468.986907959,467.359832764,468.535217285,5409824
2025-01-07 13:00:00+00:00,468.512512207,470.22479248,468.28503418,468.705078125,0
2025-01-07 14:00:00+00:00,468.781066895,469.570709229,465.572875977,465.572875977,0
2025-01-07 15:00:00+00:00,463.153320312,463.153320312,443.693389893,448.312713623,65494944
2025-01-07 16:00:00+00:00,448.253540039,449.153564453,445.638305664,447.489227295,0
2025-01-07 17:00:00+00:00,447.26083374,448.894866943,444.928009033,445.324615479,3092000
2025-01-07 18:00:00+00:00,445.355895996,445.991790771,441.758270264,443.172576904,6223200
2025-01-07 19:00:00+00:00,443.142303467,444.187927246,439.954559326,440.601867676,4697888
2025-01-07 20:00:00+00:00,440.653961182,441.362213135,438.785369873,439.501525879,7183840
2025-01-07 21:00:00+00:00,439.683013916,441.513275146,437.76940918,437.76940918,3309728
2025-01-07 22:00:00+00:00,437.766662598,439.643371582,436.497558594,439.643371582,3815200
2025-01-07 23:00:00+00:00,439.668914795,439.668914795,436.790679932,437.474456787,2267808
2025-01-08 00:00:00+00:00,437.421264648,441.079681396,437.145782471,441.079681396,1414496
2025-01-08 01:00:00+00:00,441.126586914,441.265563965,437.060394287,438.535095215,0
2025-01-08 02:00:00+00:00,438.577667236,440.728881836,438.334197998,439.609863281,1140160
2025-01-08 03:00:00+00:00,439.560455322,439.560455322,434.994873047,437.468139648,11801888
2025-01-08 04:00:00+00:00,437.527069092,437.777282715,433.808624268,434.398376465,5068704
2025-01-08 05:00:00+00:00,434.396057129,437.069519043,433.951171875,434.805175781,0
2025-01-08 06:00:00+00:00,434.810913086,435.578277588,427.35244751,427.35244751,6156416
2025-01-08 07:00:00+00:00,427.331176758,434.019805908,427.07522583,433.874206543,6971904
2025-01-08 08:00:00+00:00,433.85760498,438.434539795,433.644195557,437.846252441,8414976
2025-01-08 09:00:00+00:00,437.797149658,437.797149658,435.295684814,435.383300781,0
2025-01-08 10:00:00+00:00,435.33416748,436.275085449,434.833648682,435.635406494,793760
2025-01-08 11:00:00+00:00,435.628326416,435.892608643,431.471313477,433.467315674,0
2025-01-08 12:00:00+00:00,433.193054199,434.631072998,432.464630127,432.464630127,0
2025-01-08 13:00:00+00:00,432.741333008,435.969482422,432.741333008,434.757873535,3751712
2025-01-08 14:00:00+00:00,434.768005371,437.457305908,434.768005371,436.540649414,0
2025-01-08 15:00:00+00:00,436.630645752,440.120239258,435.78024292,437.502624512,0
2025-01-08 16:00:00+00:00,437.526031494,438.047576904,433.688079834,433.722045898,0
2025-01-08 17:00:00+00:00,433.728546143,434.03604126,420.6199646,429.918426514,22410080
2025-01-08 18:00:00+00:00,429.994659424,437.584655762,429.994659424,432.045593262,3359936
2025-01-08 19:00:00+00:00,433.792205811,434.367095947,430.608612061,431.217895508,0
2025-01-08 20:00:00+00:00,431.045715332,431.446411133,429.413391113,430.681030273,0
2025-01-08 21:00:00+00:00,431.231018066,432.182983398,429.830169678,432.170623779,0
2025-01-08 22:00:00+00:00,432.156585693,435.400360107,431.94140625,434.633056641,0
2025-01-08 23:00:00+00:00,434.691741943,435.272247314,433.897491455,434.28338623,156352
2025-01-09 00:00:00+00:00,434.291442871,435.112731934,433.475219727,434.982788086,0
2025-01-09 01:00:00+00:00,435.015960693,436.649810791,434.699157715,434.994506836,0
2025-01-09 02:00:00+00:00,435.201202393,435.43649292,431.132385254,434.004425049,550304
2025-01-09 03:00:00+00:00,434.12020874,434.203552246,432.482940674,433.032073975,0
2025-01-09 04:00:00+00:00,433.044769287,433.286987305,431.954345703,433.120727539,0
2025-01-09 05:00:00+00:00,433.177062988,433.177062988,431.364654541,431.378448486,0
2025-01-09 06:00:00+00:00,431.343505859,431.423034668,429.507476807,429.507476807,0
2025-01-09 07:00:00+00:00,429.553741455,430.207092285,422.809783936,422.878417969,0
2025-01-09 08:00:00+00:00,422.912353516,426.191314697,422.530578613,425.319702148,0
2025-01-09 09:00:00+00:00,425.316833496,427.346374512,425.316833496,426.618408203,0
2025-01-09 10:00:00+00:00,426.598388672,426.669036865,422.924377441,425.542144775,3115072
2025-01-09 11:00:00+00:00,425.532318115,428.163421631,425.004333496,426.739349365,0
2025-01-09 12:00:00+00:00,426.93536377,428.071502686,426.09197998,426.143432617,0
2025-01-09 13:00:00+00:00,426.176208496,426.574066162,415.411407471,415.411407471,478048
2025-01-09 14:00:00+00:00,414.679748535,420.507202148,413.959747314,420.011932373,8976448
2025-01-09 15:00:00+00:00,420.002990723,430.894195557,420.002990723,430.545837402,2027392
2025-01-09 16:00:00+00:00,429.919036865,431.125274658,428.109832764,429.026580811,0
2025-01-09 17:00:00+00:00,428.960845947,428.960845947,421.720672607,421.933990479,0
2025-01-09 18:00:00+00:00,421.935699463,424.955322266,421.935699463,424.927612305,0
2025-01-09 19:00:00+00:00,424.84463501,424.84463501,417.273925781,418.043060303,0
2025-01-09 20:00:00+00:00,417.625701904,417.807006836,412.593292236,416.875213623,10562624
2025-01-09 21:00:00+00:00,416.875213623,419.353942871,416.767364502,418.956848145,526240
2025-01-09 22:00:00+00:00,418.944274902,423.004821777,418.600402832,422.757568359,0
2025-01-09 23:00:00+00:00,422.737304688,422.737304688,421.120269775,421.603973389,1364160
2025-01-10 00:00:00+00:00,421.612518311,422.811157227,421.292114258,421.441894531,2184480
2025-01-10 01:00:00+00:00,421.431274414,422.446105957,421.235198975,421.971801758,0
2025-01-10 02:00:00+00:00,422.177581787,424.651062012,422.177581787,423.833465576,0
2025-01-10 03:00:00+00:00,423.845672607,425.1171875,423.845672607,425.1171875,0
2025-01-10 04:00:00+00:00,425.164794922,427.70111084,425.164794922,427.70111084,0
2025-01-10 05:00:00+00:00,427.718811035,430.158752441,426.886230469,428.591369629,3362528
2025-01-10 06:00:00+00:00,428.601928711,432.51675415,428.514343262,432.51675415,3471136
2025-01-10 07:00:00+00:00,432.533874512,434.662567139,431.475646973,433.030700684,0
2025-01-10 08:00:00+00:00,433.048675537,435.628295898,433.048675537,434.153564453,2446048
2025-01-10 09:00:00+00:00,434.161560059,434.161560059,433.057373047,433.427703857,0
2025-01-10 10:00:00+00:00,433.422485352,433.802124023,432.863525391,433.516235352,0
2025-01-10 11:00:00+00:00,433.500732422,434.15246582,432.452362061,433.058685303,0
2025-01-10 12:00:00+00:00,433.141998291,436.490966797,432.456695557,436.405029297,2759936
2025-01-10 13:00:00+00:00,436.430908203,444.215209961,432.805664062,436.515594482,85366208
2025-01-10 14:00:00+00:00,436.472839355,442.523162842,435.734222412,440.349243164,12893440
2025-01-10 15:00:00+00:00,440.341766357,442.817871094,433.452148438,441.254821777,11846944
2025-01-10 16:00:00+00:00,441.206054688,441.206054688,436.632781982,440.035614014,1911104
2025-01-10 17:00:00+00:00,439.910064697,448.452667236,438.281890869,448.452667236,12635904
2025-01-10 18:00:00+00:00,448.473144531,449.097015381,448.036468506,448.750213623,1479232
2025-01-10 19:00:00+00:00,448.722961426,449.546630859,447.312316895,448.634094238,1406880
2025-01-10 20:00:00+00:00,448.593109131,448.834350586,446.691925049,447.42868042,0
2025-01-10 21:00:00+00:00,447.398864746,447.943115234,446.728790283,446.801849365,0
2025-01-10 22:00:00+00:00,446.870056152,447.22265625,446.385620117,446.413482666,476128
2025-01-10 23:00:00+00:00,446.864532471,450.002044678,446.853240967,449.959136963,2965504
2025-01-11 00:00:00+00:00,449.951934814,450.083099365,444.648742676,444.648742676,7340896
2025-01-11 01:00:00+00:00,444.679595947,445.654144287,443.941009521,444.449462891,259264
2025-01-11 02:00:00+00:00,444.475341797,444.534851074,441.905639648,443.029022217,2105696
2025-01-11 03:00:00+00:00,443.028533936,443.028533936,441.367370605,441.636932373,0
2025-01-11 04:00:00+00:00,441.665130615,442.049224854,439.39050293,440.871307373,976736
2025-01-11 05:00:00+00:00,440.876739502,441.163116455,440.122955322,441.163116455,0
2025-01-11 06:00:00+00:00,441.146820068,441.239562988,439.800018311,439.800018311,0
2025-01-11 07:00:00+00:00,439.796112061,439.796112061,439.078125,439.105255127,0
2025-01-11 08:00:00+00:00,439.110534668,441.402709961,437.947601318,438.054504395,0
2025-01-11 09:00:00+00:00,438.040344238,440.125793457,438.040344238,438.858398438,562848
2025-01-11 10:00:00+00:00,438.873931885,439.98651123,438.873931885,439.756347656,172736
2025-01-11 11:00:00+00:00,439.70916748,439.70916748,439.065948486,439.095153809,0
2025-01-11 12:00:00+00:00,439.109222412,439.587188721,438.843933105,438.858520508,0
2025-01-11 13:00:00+00:00,438.840179443,439.141540527,437.647735596,438.282562256,0
2025-01-11 14:00:00+00:00,438.284484863,438.817077637,437.351623535,438.817077637,0
2025-01-11 15:00:00+00:00,438.818206787,438.980834961,437.180175781,437.180175781,0
2025-01-11 16:00:00+00:00,437.199279785,437.924865723,436.719329834,437.7449646,0
2025-01-11 17:00:00+00:00,437.77923584,437.803070068,436.562438965,437.074890137,0
2025-01-11 18:00:00+00:00,437.104034424,439.33795166,437.104034424,439.33795166,0
2025-01-11 19:00:00+00:00,439.344512939,439.923858643,437.809112549,438.752105713,0
2025-01-11 20:00:00+00:00,438.742736816,441.896026611,438.742736816,441.876983643,0
2025-01-11 21:00:00+00:00,441.901977539,443.97756958,441.901977539,443.97756958,0
2025-01-11 22:00:00+00:00,443.980529785,444.052581787,441.323516846,441.535552979,0
2025-01-11 23:00:00+00:00,441.561065674,441.990905762,440.885131836,440.885131836,0
2025-01-12 00:00:00+00:00,440.806274414,444.074462891,440.309906006,441.907318115,0
2025-01-12 01:00:00+00:00,441.812896729,442.37991333,439.795623779,442.37991333,0
2025-01-12 02:00:00+00:00,442.589172363,442.696350098,440.405334473,441.163421631,0
2025-01-12 03:00:00+00:00,441.313354492,441.313354492,440.01184082,440.710144043,0
2025-01-12 04:00:00+00:00,440.960083008,440.967224121,440.224243164,440.89541626,0
2025-01-12 05:00:00+00:00,441.229614258,441.344329834,440.375793457,440.481781006,0
2025-01-12 06:00:00+00:00,440.810882568,441.269287109,440.577606201,440.997772217,0
2025-01-12 07:00:00+00:00,440.974365234,441.73248291,439.852539062,441.420898438,47936
2025-01-12 08:00:00+00:00,441.42086792,442.159301758,439.69241333,439.69241333,0
2025-01-12 09:00:00+00:00,439.69519043,439.842132568,436.990631104,437.950469971,312832
2025-01-12 10:00:00+00:00,437.936767578,438.597412109,437.281585693,438.500732422,0
2025-01-12 11:00:00+00:00,438.496673584,444.639892578,438.303039551,444.62802124,1304848
2025-01-12 12:00:00+00:00,444.669464111,456.935058594,444.364624023,451.974090576,54296912
2025-01-12 13:00:00+00:00,451.725585938,453.577758789,450.804443359,452.28616333,13574736
2025-01-12 14:00:00+00:00,452.193725586,452.193725586,450.941955566,451.834747314,11386880
2025-01-12 15:00:00+00:00,451.82321167,452.205871582,450.205200195,451.287506104,6530144
2025-01-12 16:00:00+00:00,451.302093506,461.721801758,451.282989502,461.290618896,22094176
2025-01-12 17:00:00+00:00,461.472961426,463.165557861,461.134277344,461.784179688,5112224
2025-01-12 18:00:00+00:00,461.831207275,462.494598389,459.40625,460.023284912,5274464
2025-01-12 19:00:00+00:00,459.894897461,460.012878418,456.67098999,456.800537109,5427968
2025-01-12 20:00:00+00:00,456.816680908,457.428894043,454.236053467,454.379241943,3479968
2025-01-12 21:00:00+00:00,455.173828125,455.343078613,452.107025146,452.107025146,2043072
2025-01-12 22:00:00+00:00,452.09866333,452.09866333,445.584686279,445.727233887,10726368
2025-01-12 23:00:00+00:00,445.752929688,447.842010498,445.752929688,447.842010498,4874592
2025-01-13 00:00:00+00:00,447.827667236,452.697021484,446.396392822,451.376617432,6651232
2025-01-13 01:00:00+00:00,451.25894165,451.381286621,445.915130615,445.915130615,629376
2025-01-13 02:00:00+00:00,445.993927002,446.405395508,435.855621338,436.381500244,12758912
2025-01-13 03:00:00+00:00,436.617645264,437.483673096,433.272369385,434.027435303,9965408
2025-01-13 04:00:00+00:00,434.137390137,438.094818115,434.137390137,436.436767578,4487456
2025-01-13 05:00:00+00:00,436.508300781,436.916320801,434.032928467,434.678649902,1760256
2025-01-13 06:00:00+00:00,434.672027588,434.672027588,428.060546875,428.21987915,5004576
2025-01-13 07:00:00+00:00,428.978271484,431.11630249,428.885681152,429.854522705,3277824
2025-01-13 08:00:00+00:00,429.843017578,429.843017578,425.009490967,425.242095947,2994432
2025-01-13 09:00:00+00:00,425.308502197,425.449554443,420.947143555,421.70489502,6563456
2025-01-13 10:00:00+00:00,421.804504395,421.879058838,415.451324463,416.185119629,9185504
2025-01-13 11:00:00+00:00,416.161499023,416.161499023,408.533966064,409.105743408,7324160
2025-01-13 12:00:00+00:00,409.207733154,412.587188721,407.491088867,411.476135254,0
2025-01-13 13:00:00+00:00,410.774261475,416.651031494,410.686096191,412.328704834,0
2025-01-13 14:00:00+00:00,412.305969238,416.85168457,405.704376221,416.85168457,14315072
2025-01-13 15:00:00+00:00,416.024810791,419.276397705,415.004333496,416.365600586,7354720
2025-01-13 16:00:00+00:00,416.253265381,416.253265381,408.942138672,408.942138672,0
2025-01-13 17:00:00+00:00,408.911590576,412.6902771,408.434051514,409.050964355,0
2025-01-13 18:00:00+00:00,409.070068359,411.320281982,406.555145264,410.498931885,1607680
2025-01-13 19:00:00+00:00,410.536468506,413.518737793,409.411071777,412.513916016,0
2025-01-13 20:00:00+00:00,412.439849854,422.626586914,411.498443604,422.534179688,4681408
2025-01-13 21:00:00+00:00,422.516723633,425.239624023,421.19140625,425.239624023,8137856
2025-01-13 22:00:00+00:00,425.458618164,428.81918335,425.458618164,427.072692871,0
2025-01-13 23:00:00+00:00,427.396179199,428.080108643,427.25189209,428.080108643,115360
2025-01-14 00:00:00+00:00,427.882904053,429.0050354,426.49899292,427.739135742,0
2025-01-14 01:00:00+00:00,427.739868164,430.189239502,427.710174561,427.98538208,0
2025-01-14 02:00:00+00:00,428.059234619,431.199981689,428.059234619,430.21987915,0
2025-01-14 03:00:00+00:00,430.025848389,431.122833252,429.841308594,430.066101074,0
2025-01-14 04:00:00+00:00,429.891265869,431.712554932,429.891265869,431.712554932,0
2025-01-14 05:00:00+00:00,431.696136475,433.430053711,430.353485107,430.353485107,0
2025-01-14 06:00:00+00:00,430.279266357,432.196868896,429.714447021,431.131744385,0
2025-01-14 07:00:00+00:00,431.901977539,433.120361328,429.869415283,429.904876709,0
2025-01-14 08:00:00+00:00,429.914093018,433.028778076,429.911987305,432.27822876,0
2025-01-14 09:00:00+00:00,432.268981934,440.40512085,432.174346924,439.669433594,600672
2025-01-14 10:00:00+00:00,439.657012939,439.657012939,437.293304443,438.139190674,0
2025-01-14 11:00:00+00:00,438.138885498,438.144012451,435.782043457,436.199493408,0
2025-01-14 12:00:00+00:00,436.315643311,436.315643311,433.05569458,433.872253418,0
2025-01-14 13:00:00+00:00,433.728088379,438.072021484,433.159790039,436.736968994,0
2025-01-14 14:00:00+00:00,436.733337402,438.826171875,434.541442871,434.826171875,0
2025-01-14 15:00:00+00:00,434.758972168,437.146850586,434.758972168,435.323272705,0
2025-01-14 16:00:00+00:00,435.300476074,435.300476074,432.097930908,435.098266602,0
2025-01-14 17:00:00+00:00,435.124328613,436.60848999,434.87298584,436.125305176,0
2025-01-14 18:00:00+00:00,436.615722656,439.587860107,436.615722656,439.572723389,9426080
2025-01-14 19:00:00+00:00,439.021575928,439.027801514,436.824737549,436.826568604,0
2025-01-14 20:00:00+00:00,436.82800293,436.892028809,434.828155518,436.608215332,0
2025-01-14 21:00:00+00:00,436.723876953,438.291473389,436.723876953,437.189605713,0
2025-01-14 22:00:00+00:00,437.354644775,439.067657471,437.335327148,439.065887451,0
2025-01-14 23:00:00+00:00,439.009155273,439.009155273,438.074157715,438.074157715,266176
2025-01-15 00:00:00+00:00,437.967712402,439.708312988,437.633300781,438.388793945,0
2025-01-15 01:00:00+00:00,438.40133667,440.453521729,438.108123779,440.188598633,617120
2025-01-15 02:00:00+00:00,440.142608643,440.76574707,437.902740479,439.881439209,1028240
2025-01-15 03:00:00+00:00,439.296142578,440.104553223,438.686553955,440.087554932,2228064
2025-01-15 04:00:00+00:00,440.129730225,441.538238525,439.617370605,439.904205322,0
2025-01-15 05:00:00+00:00,439.890380859,439.890380859,438.683807373,439.227172852,0
2025-01-15 06:00:00+00:00,439.214599609,439.214599609,437.161773682,438.83972168,452256
2025-01-15 07:00:00+00:00,438.839874268,440.929656982,438.768249512,439.509368896,0
2025-01-15 08:00:00+00:00,439.50869751,439.729431152,437.913085938,437.913085938,52208
2025-01-15 09:00:00+00:00,437.908599854,437.908599854,432.444976807,432.444976807,0
2025-01-15 10:00:00+00:00,432.464508057,435.570831299,432.387115479,434.32901001,0
2025-01-15 11:00:00+00:00,434.329772949,434.344543457,431.257232666,433.474304199,188592
2025-01-15 12:00:00+00:00,433.480316162,434.232086182,432.247924805,433.748779297,0
2025-01-15 13:00:00+00:00,433.773132324,445.089141846,433.74911499,444.919769287,17185568
2025-01-15 14:00:00+00:00,444.926330566,446.653930664,443.637664795,446.474578857,7995168
2025-01-15 15:00:00+00:00,446.604034424,449.260894775,446.604034424,446.766174316,10671648
2025-01-15 16:00:00+00:00,446.712005615,448.302246094,445.877044678,445.877044678,3728064
2025-01-15 17:00:00+00:00,445.428497314,445.468566895,439.799926758,439.812164307,3325888
2025-01-15 18:00:00+00:00,439.804595947,445.016723633,439.804595947,445.016723633,0
2025-01-15 19:00:00+00:00,445.045166016,448.557830811,445.045166016,448.557830811,3125216
2025-01-15 20:00:00+00:00,448.513214111,453.847106934,448.276031494,448.920318604,11789024
2025-01-15 21:00:00+00:00,448.963775635,451.026428223,448.922607422,450.729003906,2976992
2025-01-15 22:00:00+00:00,450.712463379,456.337432861,449.603393555,456.337432861,4913216
2025-01-15 23:00:00+00:00,456.328979492,462.716583252,455.837646484,461.200897217,19278944
2025-01-16 00:00:00+00:00,460.967803955,461.962615967,453.875061035,455.933837891,13698240
2025-01-16 01:00:00+00:00,456.147888184,465.358612061,456.147888184,461.604644775,27637984
2025-01-16 02:00:00+00:00,460.624389648,460.624389648,455.55368042,455.68762207,5803328
2025-01-16 03:00:00+00:00,455.688018799,460.038391113,455.688018799,458.317962646,3651680
2025-01-16 04:00:00+00:00,460.152496338,463.383636475,460.057891846,461.748077393,11063904
2025-01-16 05:00:00+00:00,461.714019775,461.714019775,457.326385498,457.326385498,8696064
2025-01-16 06:00:00+00:00,457.30267334,458.957611084,457.284393311,458.916412354,2420672
2025-01-16 07:00:00+00:00,458.947631836,459.107696533,457.471557617,457.649597168,450624
2025-01-16 08:00:00+00:00,457.644134521,458.615692139,452.242248535,453.283355713,4209952
2025-01-16 09:00:00+00:00,453.318756104,454.933319092,452.344177246,454.921691895,3379712
2025-01-16 10:00:00+00:00,454.922851562,456.472412109,454.264526367,456.107177734,1088256
2025-01-16 11:00:00+00:00,456.141296387,456.753417969,453.4972229,456.739440918,5169536
2025-01-16 12:00:00+00:00,456.577911377,461.872436523,455.847747803,460.973937988,11456768
2025-01-16 13:00:00+00:00,461.238128662,462.281066895,457.472625732,457.523712158,0
2025-01-16 14:00:00+00:00,457.532348633,459.076080322,448.3359375,450.62991333,6668736
2025-01-16 15:00:00+00:00,450.518615723,461.139709473,450.243499756,461.139709473,8837600
2025-01-16 16:00:00+00:00,461.37789917,467.932281494,461.37789917,465.596069336,13025504
2025-01-16 17:00:00+00:00,465.59664917,470.473876953,463.650085449,470.434539795,11067232
2025-01-16 18:00:00+00:00,470.334564209,470.800354004,464.727233887,464.770294189,5233216
2025-01-16 19:00:00+00:00,464.767608643,467.638916016,463.974365234,467.638916016,2295872
2025-01-16 20:00:00+00:00,467.687591553,469.573516846,466.446258545,467.501159668,0
2025-01-16 21:00:00+00:00,467.525512695,467.591430664,463.559661865,464.058227539,0
2025-01-16 22:00:00+00:00,464.091217041,464.091217041,459.169311523,460.174530029,0
2025-01-16 23:00:00+00:00,460.305755615,462.198944092,460.113861084,461.876678467,0
2025-01-17 00:00:00+00:00,461.809661865,469.644866943,461.725006104,469.367584229,0
2025-01-17 01:00:00+00:00,469.377105713,474.588134766,467.641448975,474.588134766,0
2025-01-17 02:00:00+00:00,474.5965271,476.305541992,471.531982422,471.537200928,420096
2025-01-17 03:00:00+00:00,471.911804199,476.173980713,471.911804199,476.09588623,20347360
2025-01-17 04:00:00+00:00,476.064971924,479.866546631,476.053131104,479.618530273,1753152
2025-01-17 05:00:00+00:00,479.740020752,482.802825928,478.796569824,480.367797852,6388512
2025-01-17 06:00:00+00:00,480.214172363,481.682281494,479.529998779,479.807037354,2632960
2025-01-17 07:00:00+00:00,479.834625244,480.238677979,478.176300049,478.176300049,3426912
2025-01-17 08:00:00+00:00,478.28326416,479.301452637,477.022491455,479.185119629,5540704
2025-01-17 09:00:00+00:00,479.254608154,482.295410156,478.365234375,482.295410156,5558016
2025-01-17 10:00:00+00:00,482.097930908,483.515045166,481.875579834,482.80267334,122516800
2025-01-17 11:00:00+00:00,482.783721924,482.960601807,481.172729492,481.603637695,0
2025-01-17 12:00:00+00:00,481.050994873,482.513702393,480.310791016,482.409973145,0
2025-01-17 13:00:00+00:00,482.563842773,484.501586914,482.224121094,482.224121094,0
2025-01-17 14:00:00+00:00,482.417297363,483.39263916,480.299102783,481.761291504,0
2025-01-17 15:00:00+00:00,482.416381836,485.378051758,479.350860596,480.827148438,0
2025-01-17 16:00:00+00:00,480.8387146,485.360137939,480.8387146,484.767272949,0
2025-01-17 17:00:00+00:00,484.805969238,488.859893799,484.805969238,488.465515137,0
2025-01-17 18:00:00+00:00,488.91696167,497.443359375,488.91696167,494.791229248,12659392
2025-01-17 19:00:00+00:00,494.987976074,499.475311279,493.638397217,499.475311279,11433600
2025-01-17 20:00:00+00:00,499.139556885,499.429870605,495.588897705,495.588897705,5704768
2025-01-17 21:00:00+00:00,495.623626709,495.8543396,492.506469727,493.008392334,3837824
2025-01-17 22:00:00+00:00,492.97869873,494.110961914,492.256591797,493.799438477,892544
2025-01-17 23:00:00+00:00,493.368347168,493.373443604,489.652069092,489.720733643,871296
2025-01-18 00:00:00+00:00,489.661743164,494.0753479,489.661743164,493.585571289,0
2025-01-18 01:00:00+00:00,493.618713379,493.740203857,488.853149414,489.422119141,0
2025-01-18 02:00:00+00:00,489.307312012,489.573120117,485.946655273,485.946655273,0
2025-01-18 03:00:00+00:00,486.073883057,486.50289917,476.746246338,478.006011963,10743872
2025-01-18 04:00:00+00:00,478.127868652,479.520263672,472.853302002,474.33190918,7672768
2025-01-18 05:00:00+00:00,474.576202393,475.297363281,464.063262939,464.063262939,511232
2025-01-18 06:00:00+00:00,463.822601318,471.04208374,463.822601318,470.572357178,17504576
2025-01-18 07:00:00+00:00,470.332305908,470.332305908,463.297119141,464.448791504,0
2025-01-18 08:00:00+00:00,464.032226562,465.220672607,459.316070557,465.220672607,757056
2025-01-18 09:00:00+00:00,464.972290039,465.346496582,462.485351562,463.94442749,0
2025-01-18 10:00:00+00:00,464.035339355,464.80279541,459.967193604,462.527069092,2833536
2025-01-18 11:00:00+00:00,462.471374512,468.306945801,461.205596924,468.306945801,13397184
2025-01-18 12:00:00+00:00,468.372314453,469.301452637,465.557861328,466.110443115,4594688
2025-01-18 13:00:00+00:00,466.057800293,469.445007324,464.637023926,469.445007324,0
2025-01-18 14:00:00+00:00,470.484558105,470.704742432,465.376312256,465.601318359,0
2025-01-18 15:00:00+00:00,465.594696045,469.51361084,464.235870361,468.000518799,0
2025-01-18 16:00:00+00:00,467.821228027,467.821228027,461.26763916,461.26763916,0
2025-01-18 17:00:00+00:00,460.013214111,464.118408203,460.013214111,463.773925781,0
2025-01-18 18:00:00+00:00,463.714691162,466.248535156,462.528381348,463.923797607,0
2025-01-18 19:00:00+00:00,463.912261963,466.249298096,463.363189697,465.995025635,0
2025-01-18 20:00:00+00:00,465.997741699,466.203094482,461.564971924,461.564971924,0
2025-01-18 21:00:00+00:00,461.611419678,463.268707275,461.504943848,461.504943848,0
2025-01-18 22:00:00+00:00,461.498046875,463.767852783,461.484802246,463.135375977,325760
2025-01-18 23:00:00+00:00,463.038482666,466.495727539,462.602294922,466.136566162,876224
2025-01-19 00:00:00+00:00,466.063171387,466.725708008,465.022918701,465.504882812,178176
2025-01-19 01:00:00+00:00,465.460998535,469.137237549,465.16229248,468.701782227,0
2025-01-19 02:00:00+00:00,468.703979492,470.165893555,467.598602295,469.750457764,2290368
2025-01-19 03:00:00+00:00,469.633026123,469.633026123,463.464263916,464.286529541,0
2025-01-19 04:00:00+00:00,464.155822754,464.155822754,457.247894287,457.267303467,0
2025-01-19 05:00:00+00:00,457.264831543,457.264831543,453.266082764,457.185150146,0
2025-01-19 06:00:00+00:00,457.429443359,459.351623535,457.013031006,458.22543335,0
2025-01-19 07:00:00+00:00,458.130096436,458.130096436,454.139251709,457.356811523,0
2025-01-19 08:00:00+00:00,457.356109619,457.356109619,447.869415283,447.869415283,0
2025-01-19 09:00:00+00:00,447.830383301,450.03338623,439.681762695,450.03338623,26399680
2025-01-19 10:00:00+00:00,450.122253418,450.328491211,446.167785645,447.164001465,0
2025-01-19 11:00:00+00:00,447.142669678,447.142669678,436.895294189,437.169952393,0
2025-01-19 12:00:00+00:00,437.225036621,447.579162598,437.225036621,447.579162598,3636704
2025-01-19 13:00:00+00:00,447.591796875,450.307006836,447.591796875,450.307006836,5859776
2025-01-19 14:00:00+00:00,450.488922119,460.15423584,450.488922119,460.15423584,20981664
2025-01-19 15:00:00+00:00,460.096832275,463.205627441,460.096832275,461.231231689,0
2025-01-19 16:00:00+00:00,460.954315186,462.788787842,457.969604492,457.969604492,0
2025-01-19 17:00:00+00:00,457.982116699,461.894012451,456.395568848,461.893280029,0
2025-01-19 18:00:00+00:00,462.047393799,462.750030518,460.50012207,461.12600708,0
2025-01-19 19:00:00+00:00,461.524932861,461.644561768,460.688201904,461.059509277,12569024
2025-01-19 20:00:00+00:00,461.240753174,464.489746094,458.499145508,458.552978516,1192640
2025-01-19 21:00:00+00:00,458.588623047,458.588623047,440.522857666,440.522857666,20007712
2025-01-19 22:00:00+00:00,440.693939209,444.56640625,431.287384033,434.652191162,30075584
2025-01-19 23:00:00+00:00,435.826202393,435.826202393,423.396728516,426.293762207,37511936
2025-01-20 00:00:00+00:00,426.734313965,426.98260498,418.425262451,418.68371582,34520704
2025-01-20 01:00:00+00:00,417.803741455,424.291290283,417.673034668,420.844848633,29766080
2025-01-20 02:00:00+00:00,421.162200928,434.205566406,421.162200928,429.830535889,16831424
2025-01-20 03:00:00+00:00,430.021514893,431.993408203,428.528961182,431.772857666,0
2025-01-20 04:00:00+00:00,431.866546631,433.885131836,430.37588501,433.370666504,0
2025-01-20 05:00:00+00:00,432.994293213,436.042327881,431.763305664,432.191162109,0
2025-01-20 06:00:00+00:00,432.211700439,454.762908936,432.111236572,454.762908936,29887168
2025-01-20 07:00:00+00:00,454.762908936,471.275177002,454.762908936,463.86706543,104322304
2025-01-20 08:00:00+00:00,462.774658203,465.725280762,460.892974854,461.714935303,0
2025-01-20 09:00:00+00:00,461.756988525,465.360900879,457.819366455,458.462280273,0
2025-01-20 10:00:00+00:00,458.286315918,458.796813965,454.298278809,454.298278809,0
2025-01-20 11:00:00+00:00,454.39239502,455.346435547,453.03302002,454.197692871,0
2025-01-20 12:00:00+00:00,454.245422363,455.211364746,442.574462891,446.795501709,6526016
2025-01-20 13:00:00+00:00,446.158599854,449.991394043,446.158599854,449.507385254,1332928
2025-01-20 14:00:00+00:00,449.596679688,450.037872314,448.426818848,449.226104736,0
2025-01-20 15:00:00+00:00,449.123321533,449.131256104,441.019866943,441.019866943,1431552
2025-01-20 16:00:00+00:00,441.192962646,446.078979492,437.631774902,446.078979492,15035584
2025-01-20 17:00:00+00:00,446.062225342,446.062225342,426.644714355,432.242279053,45897792
2025-01-20 18:00:00+00:00,432.273620605,439.738311768,431.701568604,439.738311768,13846400
2025-01-20 19:00:00+00:00,439.515838623,439.515838623,436.301361084,438.537658691,0
2025-01-20 20:00:00+00:00,438.496276855,438.496276855,435.62878418,436.652679443,0
2025-01-20 21:00:00+00:00,436.631652832,436.631652832,429.904724121,429.904724121,0
2025-01-20 22:00:00+00:00,429.796295166,434.929199219,427.929199219,434.929199219,0
2025-01-20 23:00:00+00:00,434.88961792,435.12399292,430.780395508,431.218933105,669568
2025-01-21 00:00:00+00:00,431.090484619,431.090484619,425.839294434,425.839294434,0
2025-01-21 01:00:00+00:00,425.725250244,427.873809814,422.605194092,426.67364502,0
2025-01-21 02:00:00+00:00,426.675842285,426.76965332,423.734527588,426.76965332,0
2025-01-21 03:00:00+00:00,426.817626953,428.228210449,426.384185791,427.38861084,0
2025-01-21 04:00:00+00:00,427.215148926,427.215148926,420.724517822,423.664611816,0
2025-01-21 05:00:00+00:00,423.915283203,425.084899902,422.316497803,422.423217773,0
2025-01-21 06:00:00+00:00,422.385803223,425.97177124,421.913757324,424.851409912,0
2025-01-21 07:00:00+00:00,424.868377686,430.049072266,424.322601318,428.317687988,0
2025-01-21 08:00:00+00:00,428.302246094,430.823974609,427.854736328,430.577545166,0
2025-01-21 09:00:00+00:00,430.95135498,432.002716064,428.691314697,429.729156494,0
2025-01-21 10:00:00+00:00,429.682556152,433.864318848,429.641967773,433.826660156,0
2025-01-21 11:00:00+00:00,433.905181885,437.832672119,433.647247314,437.832672119,0
2025-01-21 12:00:00+00:00,437.98034668,443.239501953,437.98034668,439.253204346,0
2025-01-21 13:00:00+00:00,439.223876953,439.534698486,437.149932861,439.074035645,0
2025-01-21 14:00:00+00:00,439.07901001,442.246429443,436.944335938,437.293212891,0
2025-01-21 15:00:00+00:00,437.236785889,439.789520264,435.880493164,439.518432617,0
2025-01-21 16:00:00+00:00,439.558837891,447.06842041,439.558837891,443.077667236,0
2025-01-21 17:00:00+00:00,443.53817749,447.81362915,443.528167725,447.81362915,0
2025-01-21 18:00:00+00:00,447.827484131,451.23916626,447.729888916,451.061126709,0
2025-01-21 19:00:00+00:00,451.012756348,453.184295654,449.390014648,453.184295654,0
2025-01-21 20:00:00+00:00,453.20300293,453.622131348,450.990570068,451.170532227,0
2025-01-21 21:00:00+00:00,451.181121826,452.602355957,450.675476074,451.948974609,0
2025-01-21 22:00:00+00:00,451.95010376,451.95010376,449.18359375,449.18359375,0
2025-01-21 23:00:00+00:00,449.149414062,449.149414062,445.816162109,446.288696289,655744
2025-01-22 00:00:00+00:00,446.315460205,449.070007324,446.315460205,449.070007324,0
2025-01-22 01:00:00+00:00,449.153839111,450.41986084,447.40045166,448.204437256,0
2025-01-22 02:00:00+00:00,448.07510376,450.559997559,447.564483643,449.493774414,0
2025-01-22 03:00:00+00:00,449.491790771,450.269714355,449.491790771,449.568908691,0
2025-01-22 04:00:00+00:00,449.562805176,450.128143311,447.242523193,447.727844238,0
2025-01-22 05:00:00+00:00,447.81918335,449.21383667,447.815917969,447.815917969,0
2025-01-22 06:00:00+00:00,447.824768066,449.557800293,447.352966309,449.557800293,0
2025-01-22 07:00:00+00:00,449.520996094,449.520996094,445.781677246,445.801391602,0
2025-01-22 08:00:00+00:00,445.788024902,446.979553223,443.757781982,446.979553223,0
2025-01-22 09:00:00+00:00,447.006164551,447.233825684,444.360321045,444.360321045,0
2025-01-22 10:00:00+00:00,444.368377686,445.185852051,442.929473877,445.185852051,0
2025-01-22 11:00:00+00:00,445.213500977,446.796783447,444.181945801,446.66607666,0
2025-01-22 12:00:00+00:00,446.457336426,446.843902588,444.975067139,445.429992676,0
2025-01-22 13:00:00+00:00,445.416625977,445.416625977,439.302307129,439.436859131,690592
2025-01-22 14:00:00+00:00,439.709472656,441.964202881,437.75793457,441.176177979,740976
2025-01-22 15:00:00+00:00,440.581176758,443.023590088,439.684051514,440.393249512,0
2025-01-22 16:00:00+00:00,440.36428833,441.836212158,438.514923096,441.247009277,0
2025-01-22 17:00:00+00:00,441.187164307,444.302764893,441.17755127,444.228881836,0
2025-01-22 18:00:00+00:00,444.262969971,444.879364014,439.851165771,439.851165771,0
2025-01-22 19:00:00+00:00,439.950805664,442.446563721,439.444763184,440.985046387,0
2025-01-22 20:00:00+00:00,440.930603027,441.051422119,439.146331787,439.311218262,0
2025-01-22 21:00:00+00:00,439.248931885,439.248931885,436.803588867,438.111236572,0
2025-01-22 22:00:00+00:00,438.069732666,438.832885742,435.724609375,436.85723877,0
2025-01-22 23:00:00+00:00,436.614349365,436.614349365,434.526184082,434.749389648,0
2025-01-23 00:00:00+00:00,434.759368896,435.726043701,433.316497803,434.469207764,0
2025-01-23 01:00:00+00:00,434.439422607,434.439422607,430.685791016,430.685791016,0
2025-01-23 02:00:00+00:00,430.725463867,430.783843994,426.721496582,430.381774902,2636896
2025-01-23 03:00:00+00:00,430.561737061,433.74230957,430.561737061,431.196990967,2215312
2025-01-23 04:00:00+00:00,431.235961914,431.733123779,428.777252197,429.468994141,3657856
2025-01-23 05:00:00+00:00,429.468994141,432.050537109,429.344818115,431.656860352,2117520
2025-01-23 06:00:00+00:00,431.75491333,431.906555176,428.987670898,428.987670898,0
2025-01-23 07:00:00+00:00,428.993835449,431.131225586,428.296875,431.131225586,2408864
2025-01-23 08:00:00+00:00,431.140167236,431.867553711,428.834869385,428.834869385,0
2025-01-23 09:00:00+00:00,428.805297852,430.568634033,427.188049316,427.258453369,1168416
2025-01-23 10:00:00+00:00,427.313537598,429.670379639,426.894256592,427.017242432,4293408
2025-01-23 11:00:00+00:00,427.080230713,428.57131958,426.919494629,427.891143799,3898464
2025-01-23 12:00:00+00:00,427.922973633,428.100891113,425.895324707,427.146331787,0
2025-01-23 13:00:00+00:00,427.058624268,431.108551025,426.358459473,431.108551025,0
2025-01-23 14:00:00+00:00,431.365112305,439.27230835,430.424835205,437.748199463,4640736
2025-01-23 15:00:00+00:00,438.267486572,440.218109131,434.62878418,439.093994141,14487968
2025-01-23 16:00:00+00:00,439.128051758,446.35949707,439.128051758,441.85534668,8150848
2025-01-23 17:00:00+00:00,441.79598999,441.906555176,437.42590332,441.862915039,6273280
2025-01-23 18:00:00+00:00,441.879302979,442.364654541,436.88394165,436.88394165,0
2025-01-23 19:00:00+00:00,436.402679443,436.402679443,431.388183594,431.472839355,2372192
2025-01-23 20:00:00+00:00,431.893829346,440.551055908,431.569274902,434.18145752,24068192
2025-01-23 21:00:00+00:00,434.328430176,434.71295166,428.399810791,429.560882568,4916416
2025-01-23 22:00:00+00:00,429.486114502,436.704864502,429.486114502,435.478973389,8137984
2025-01-23 23:00:00+00:00,435.610626221,438.19442749,435.610626221,437.427703857,3617888
2025-01-24 00:00:00+00:00,437.523132324,437.840576172,429.510040283,429.510040283,610400
2025-01-24 01:00:00+00:00,429.46105957,431.747253418,427.585296631,427.601806641,3077888
2025-01-24 02:00:00+00:00,427.632476807,429.47857666,427.033752441,428.194000244,0
2025-01-24 03:00:00+00:00,428.200958252,433.450897217,428.200958252,431.423461914,5849696
2025-01-24 04:00:00+00:00,431.436157227,433.79598999,430.790557861,433.693786621,1397664
2025-01-24 05:00:00+00:00,433.885498047,439.735809326,433.885498047,439.735809326,5785632
2025-01-24 06:00:00+00:00,439.720489502,440.359893799,436.598205566,436.601409912,0
2025-01-24 07:00:00+00:00,436.608032227,437.311523438,434.825134277,436.790435791,0
2025-01-24 08:00:00+00:00,436.75982666,439.833587646,436.429595947,439.833587646,1574528
2025-01-24 09:00:00+00:00,439.835144043,440.641235352,438.529205322,438.808624268,0
2025-01-24 10:00:00+00:00,439.047607422,441.569671631,438.328948975,441.569671631,0
2025-01-24 11:00:00+00:00,441.9921875,442.000091553,440.715911865,440.844299316,0
2025-01-24 12:00:00+00:00,440.827941895,441.071014404,439.926544189,441.071014404,1700832
2025-01-24 13:00:00+00:00,441.097473145,441.79876709,439.805389404,439.806854248,53184
2025-01-24 14:00:00+00:00,439.946624756,441.844299316,438.655761719,440.391204834,0
2025-01-24 15:00:00+00:00,440.357147217,440.357147217,436.800933838,438.470550537,0
2025-01-24 16:00:00+00:00,438.494903564,440.228973389,438.494903564,439.106964111,0
2025-01-24 17:00:00+00:00,438.271087646,440.369049072,437.072021484,439.49206543,0
2025-01-24 18:00:00+00:00,439.495666504,439.8175354,438.554382324,438.554382324,187392
2025-01-24 19:00:00+00:00,438.575897217,439.471405029,437.305786133,437.658935547,0
2025-01-24 20:00:00+00:00,437.667205811,438.161499023,432.730743408,432.883056641,0
2025-01-24 21:00:00+00:00,432.279998779,434.847930908,431.531036377,433.627807617,0
2025-01-24 22:00:00+00:00,433.625823975,433.669464111,431.752716064,431.752716064,0
2025-01-24 23:00:00+00:00,431.69342041,431.72354126,429.059906006,431.72354126,0
2025-01-25 00:00:00+00:00,431.731536865,434.193969727,431.527313232,431.527313232,0
2025-01-25 01:00:00+00:00,431.326873779,436.80657959,431.285675049,436.748596191,1452672
2025-01-25 02:00:00+00:00,436.852905273,441.297943115,436.852905273,441.297943115,2984384
2025-01-25 03:00:00+00:00,441.298431396,442.884857178,440.949035645,442.884857178,0
2025-01-25 04:00:00+00:00,443.335296631,444.561218262,438.18862915,438.18862915,0
2025-01-25 05:00:00+00:00,437.535705566,439.160217285,437.030883789,437.784301758,0
2025-01-25 06:00:00+00:00,437.821105957,438.19430542,434.929260254,435.972747803,0
2025-01-25 07:00:00+00:00,436.35168457,437.351776123,436.173461914,436.597747803,0
2025-01-25 08:00:00+00:00,436.632263184,438.465301514,434.903381348,435.745849609,0
2025-01-25 09:00:00+00:00,435.749145508,435.920196533,434.375701904,434.739379883,0
2025-01-25 10:00:00+00:00,434.708190918,434.879943848,433.981231689,434.879943848,0
2025-01-25 11:00:00+00:00,434.875762939,434.997375488,433.496154785,434.997375488,0
2025-01-25 12:00:00+00:00,435.03994751,436.885620117,434.839172363,436.885620117,0
2025-01-25 13:00:00+00:00,436.900299072,440.29296875,436.900299072,440.221374512,4168768
2025-01-25 14:00:00+00:00,440.169525146,440.359863281,439.583190918,440.314453125,0
2025-01-25 15:00:00+00:00,440.331481934,443.379577637,440.331481934,443.145324707,0
2025-01-25 16:00:00+00:00,443.130249023,453.813934326,443.130249023,453.80947876,17329264
2025-01-25 17:00:00+00:00,453.664215088,453.664215088,443.902984619,445.491760254,11428032
2025-01-25 18:00:00+00:00,445.532684326,448.427886963,445.532684326,447.466156006,1401664
2025-01-25 19:00:00+00:00,447.539886475,451.05456543,447.539886475,450.011108398,1506496
2025-01-25 20:00:00+00:00,450.011108398,451.888824463,449.45211792,449.539215088,0
2025-01-25 21:00:00+00:00,449.541778564,449.541778564,448.430267334,448.747528076,0
2025-01-25 22:00:00+00:00,448.726196289,449.006652832,447.481292725,447.672821045,0
2025-01-25 23:00:00+00:00,447.681488037,447.681488037,445.259765625,445.288909912,0
2025-01-26 00:00:00+00:00,445.291015625,447.65914917,444.916015625,447.033416748,0
2025-01-26 01:00:00+00:00,446.965911865,447.003204346,445.803253174,445.803253174,0
2025-01-26 02:00:00+00:00,445.793670654,445.793670654,443.026824951,443.31918335,0
2025-01-26 03:00:00+00:00,443.326812744,444.094024658,442.94519043,442.94519043,0
2025-01-26 04:00:00+00:00,442.980010986,445.222167969,442.952056885,444.191986084,0
2025-01-26 05:00:00+00:00,444.208374023,444.312866211,442.514099121,442.977050781,0
2025-01-26 06:00:00+00:00,442.968475342,442.968475342,441.760803223,441.994262695,0
2025-01-26 07:00:00+00:00,442.100769043,442.316802979,440.809661865,441.205871582,0
2025-01-26 08:00:00+00:00,441.210876465,441.639770508,439.526306152,440.02432251,114480
2025-01-26 09:00:00+00:00,440.029998779,440.085876465,436.316375732,436.438995361,405568
2025-01-26 10:00:00+00:00,436.446411133,436.959411621,436.14743042,436.521453857,1851648
2025-01-26 11:00:00+00:00,436.55670166,439.021697998,436.55670166,439.021697998,1839120
2025-01-26 12:00:00+00:00,439.004669189,439.004669189,437.206939697,437.921356201,327616
2025-01-26 13:00:00+00:00,437.933563232,438.073822021,436.760162354,437.117279053,0
2025-01-26 14:00:00+00:00,437.117370605,437.550231934,435.369567871,437.37878418,525888
2025-01-26 15:00:00+00:00,437.37487793,437.572937012,436.079101562,436.079101562,0
2025-01-26 16:00:00+00:00,436.102508545,436.314666748,435.093353271,435.338195801,0
2025-01-26 17:00:00+00:00,435.285339355,436.333526611,434.902526855,436.07824707,0
2025-01-26 18:00:00+00:00,436.048675537,437.229003906,435.596954346,436.677886963,0
2025-01-26 19:00:00+00:00,436.710723877,437.773925781,436.710723877,437.730651855,0
2025-01-26 20:00:00+00:00,437.738342285,437.828887939,435.513458252,435.513458252,0
2025-01-26 21:00:00+00:00,435.513366699,435.513366699,433.840881348,433.840881348,1317440
2025-01-26 22:00:00+00:00,433.850219727,434.674133301,431.915130615,433.187683105,0
2025-01-26 23:00:00+00:00,433.177886963,433.177886963,425.595947266,425.595947266,6931072
2025-01-27 00:00:00+00:00,425.166229248,427.154754639,422.608032227,422.608032227,13150544
2025-01-27 01:00:00+00:00,422.630645752,422.630645752,419.446136475,420.630615234,9068160
2025-01-27 02:00:00+00:00,420.582092285,420.582092285,414.866210938,415.463653564,4709872
2025-01-27 03:00:00+00:00,415.465606689,421.262268066,415.227142334,420.772979736,14890000
2025-01-27 04:00:00+00:00,420.746307373,420.746307373,416.253234863,416.255126953,4561328
2025-01-27 05:00:00+00:00,415.985778809,416.094573975,411.661743164,412.346282959,7784128
2025-01-27 06:00:00+00:00,412.420562744,414.743804932,407.281066895,407.520446777,11172928
2025-01-27 07:00:00+00:00,407.302001953,407.99697876,399.955566406,405.688262939,29392704
2025-01-27 08:00:00+00:00,405.003631592,405.003631592,398.65914917,402.198486328,8608800
2025-01-27 09:00:00+00:00,402.205535889,405.695770264,402.181915283,404.808013916,7571232
2025-01-27 10:00:00+00:00,404.652587891,404.652587891,398.162597656,398.442962646,6455520
2025-01-27 11:00:00+00:00,398.424377441,404.040863037,398.424377441,403.031066895,10065504
2025-01-27 12:00:00+00:00,402.971435547,410.919830322,402.220733643,410.89074707,10134720
2025-01-27 13:00:00+00:00,410.841125488,414.790008545,410.12991333,411.53338623,12526272
2025-01-27 14:00:00+00:00,411.354644775,417.80682373,409.203582764,417.80682373,9571968
2025-01-27 15:00:00+00:00,417.727722168,420.225982666,415.794494629,419.319580078,9681056
2025-01-27 16:00:00+00:00,419.123291016,419.302093506,412.533966064,412.770446777,3878912
2025-01-27 17:00:00+00:00,412.7550354,413.422851562,410.013122559,410.78817749,3525728
2025-01-27 18:00:00+00:00,410.218383789,412.008361816,408.159790039,408.427001953,1553728
2025-01-27 19:00:00+00:00,408.390930176,413.480987549,408.390930176,411.83303833,4920832
2025-01-27 20:00:00+00:00,411.866943359,423.940856934,411.866943359,423.940856934,11232768
2025-01-27 21:00:00+00:00,423.801879883,428.226715088,422.170318604,424.410766602,8059680
2025-01-27 22:00:00+00:00,424.346710205,427.576568604,424.280578613,427.098968506,3000256
2025-01-27 23:00:00+00:00,426.934448242,427.234008789,425.593078613,426.977661133,597824
2025-01-28 00:00:00+00:00,426.970031738,430.385955811,426.13067627,426.13067627,0
2025-01-28 01:00:00+00:00,426.106109619,426.106109619,423.961914062,425.303863525,0
2025-01-28 02:00:00+00:00,425.188690186,427.681976318,424.64944458,426.82321167,0
2025-01-28 03:00:00+00:00,427.091308594,428.777893066,426.575012207,428.039794922,0
2025-01-28 04:00:00+00:00,428.002502441,430.406005859,427.750244141,428.780273438,0
2025-01-28 05:00:00+00:00,428.775604248,429.892486572,428.526977539,429.119720459,0
2025-01-28 06:00:00+00:00,428.967407227,429.348358154,427.539886475,427.701263428,0
2025-01-28 07:00:00+00:00,427.682739258,429.066040039,427.059844971,427.699279785,0
2025-01-28 08:00:00+00:00,427.731292725,427.822631836,426.746063232,427.079528809,0
2025-01-28 09:00:00+00:00,427.053955078,427.352661133,425.750671387,426.665893555,0
2025-01-28 10:00:00+00:00,426.663299561,429.540679932,426.268432617,428.548095703,0
2025-01-28 11:00:00+00:00,428.436279297,429.686279297,428.238006592,429.098937988,0
2025-01-28 12:00:00+00:00,429.109588623,429.460693359,426.519805908,427.04284668,0
2025-01-28 13:00:00+00:00,427.110321045,430.495666504,427.110321045,428.466918945,0
2025-01-28 14:00:00+00:00,428.444580078,429.253112793,426.415435791,428.458679199,0
2025-01-28 15:00:00+00:00,428.132965088,430.608520508,428.031066895,428.031066895,0
2025-01-28 16:00:00+00:00,427.961608887,427.961608887,424.686096191,424.751708984,0
2025-01-28 17:00:00+00:00,424.990509033,428.194122314,424.990509033,426.177337646,0
2025-01-28 18:00:00+00:00,426.199279785,427.702026367,422.987609863,422.987609863,0
2025-01-28 19:00:00+00:00,422.986022949,422.986022949,420.771606445,421.423156738,0
2025-01-28 20:00:00+00:00,421.416442871,421.761993408,414.262939453,414.262939453,0
2025-01-28 21:00:00+00:00,414.237579346,415.919677734,408.351959229,408.351959229,0
2025-01-28 22:00:00+00:00,408.320068359,411.324157715,407.506347656,410.208007812,1693120
2025-01-28 23:00:00+00:00,410.247314453,411.168914795,407.747009277,410.590332031,211344
2025-01-29 00:00:00+00:00,410.538024902,415.295043945,410.291015625,415.087554932,0
2025-01-29 01:00:00+00:00,414.730712891,415.859741211,413.679168701,414.310760498,0
2025-01-29 02:00:00+00:00,414.305511475,416.190979004,412.113800049,412.113800049,574000
2025-01-29 03:00:00+00:00,412.118041992,414.546142578,411.842132568,414.546142578,1299776
2025-01-29 04:00:00+00:00,414.560028076,415.011383057,414.092987061,414.405548096,0
2025-01-29 05:00:00+00:00,414.478881836,415.701385498,414.478881836,415.701385498,206688
2025-01-29 06:00:00+00:00,415.754150391,418.734344482,415.754150391,417.86026001,1536544
2025-01-29 07:00:00+00:00,417.910369873,418.22354126,416.477783203,417.289367676,0
2025-01-29 08:00:00+00:00,417.069519043,418.098815918,415.419830322,415.419830322,437312
2025-01-29 09:00:00+00:00,415.437133789,415.566955566,412.013458252,413.595184326,0
2025-01-29 10:00:00+00:00,413.498748779,415.193969727,413.05682373,414.271911621,268832
2025-01-29 11:00:00+00:00,414.309387207,415.26751709,413.995941162,414.569702148,0
2025-01-29 12:00:00+00:00,414.592498779,415.519744873,411.87677002,411.87677002,0
2025-01-29 13:00:00+00:00,411.762481689,411.98135376,408.965454102,409.251281738,289088
2025-01-29 14:00:00+00:00,409.258453369,409.934112549,408.436218262,409.557769775,0
2025-01-29 15:00:00+00:00,409.698638916,411.918731689,409.698638916,410.544158936,0
2025-01-29 16:00:00+00:00,410.68850708,410.851745605,407.649505615,407.649505615,0
2025-01-29 17:00:00+00:00,407.642089844,412.543670654,407.642089844,411.569213867,3278256
2025-01-29 18:00:00+00:00,411.226745605,413.619598389,409.967926025,413.619598389,1268688
2025-01-29 19:00:00+00:00,412.879180908,416.86517334,405.489532471,415.544555664,17851200
2025-01-29 20:00:00+00:00,415.159423828,420.604309082,413.145690918,418.099578857,11172032
2025-01-29 21:00:00+00:00,418.484313965,420.912597656,416.4269104,419.326416016,2455696
2025-01-29 22:00:00+00:00,419.048675537,420.116912842,417.052429199,418.041625977,0
2025-01-29 23:00:00+00:00,417.538787842,419.286895752,414.967346191,414.967346191,5249632
2025-01-30 00:00:00+00:00,415.001342773,416.022674561,413.385650635,416.022674561,2196672
2025-01-30 01:00:00+00:00,416.038391113,424.498565674,416.038391113,424.429779053,10928560
2025-01-30 02:00:00+00:00,424.34942627,424.75604248,423.644256592,424.125488281,2740864
2025-01-30 03:00:00+00:00,424.236785889,427.563354492,424.236785889,427.510009766,2945280
2025-01-30 04:00:00+00:00,427.912200928,431.114746094,427.337585449,431.082122803,7820192
2025-01-30 05:00:00+00:00,431.10446167,431.286437988,428.113586426,429.079559326,2191616
2025-01-30 06:00:00+00:00,429.074310303,430.470031738,429.074310303,430.431884766,940192
2025-01-30 07:00:00+00:00,430.10168457,430.10168457,427.075683594,427.573883057,0
2025-01-30 08:00:00+00:00,427.633087158,428.990081787,427.495330811,428.688842773,1756320
2025-01-30 09:00:00+00:00,428.693481445,430.525604248,428.693481445,430.479309082,4637344
2025-01-30 10:00:00+00:00,430.282836914,430.282836914,428.800292969,428.800292969,0
2025-01-30 11:00:00+00:00,429.050872803,429.386657715,428.167663574,429.155273438,19264
2025-01-30 12:00:00+00:00,429.181762695,429.181762695,427.626708984,428.90234375,0
2025-01-30 13:00:00+00:00,428.805175781,432.595214844,428.197021484,431.76449585,3919648
2025-01-30 14:00:00+00:00,431.75982666,434.173736572,430.999908447,434.051544189,4303136
2025-01-30 15:00:00+00:00,434.008148193,436.432434082,434.008148193,435.460021973,6556032
2025-01-30 16:00:00+00:00,435.453277588,437.342437744,435.453277588,437.342437744,2199424
2025-01-30 17:00:00+00:00,437.333221436,438.614868164,436.997039795,437.812164307,879040
2025-01-30 18:00:00+00:00,437.846923828,438.266265869,435.63192749,436.288635254,0
2025-01-30 19:00:00+00:00,436.596801758,437.201202393,436.285766602,437.201202393,0
2025-01-30 20:00:00+00:00,437.463562012,438.540893555,435.093841553,435.655426025,0
2025-01-30 21:00:00+00:00,435.41885376,435.895812988,434.852020264,435.274902344,0
2025-01-30 22:00:00+00:00,435.2527771,436.852508545,434.605010986,436.525360107,0
2025-01-30 23:00:00+00:00,436.272064209,436.740234375,434.873321533,434.873321533,0
2025-01-31 00:00:00+00:00,434.865753174,436.346466064,433.902160645,434.964599609,67584
2025-01-31 01:00:00+00:00,434.964599609,435.045440674,433.439239502,434.040252686,0
2025-01-31 02:00:00+00:00,434.049102783,434.154937744,430.086730957,430.086730957,0
2025-01-31 03:00:00+00:00,430.024597168,430.024597168,428.457397461,429.934387207,0
2025-01-31 04:00:00+00:00,429.952545166,430.10256958,428.6484375,428.720581055,0
2025-01-31 05:00:00+00:00,428.766815186,430.914611816,428.766815186,429.948486328,0
2025-01-31 06:00:00+00:00,429.901885986,430.981658936,428.829071045,430.981658936,3753600
2025-01-31 07:00:00+00:00,431.123168945,433.13394165,431.091003418,431.124816895,0
2025-01-31 08:00:00+00:00,431.086242676,431.769195557,429.395446777,429.575195312,0
2025-01-31 09:00:00+00:00,429.433624268,431.787231445,429.229187012,431.19732666,0
2025-01-31 10:00:00+00:00,431.189056396,432.649993896,429.837524414,432.296051025,0
2025-01-31 11:00:00+00:00,432.25189209,436.586486816,432.25189209,436.302490234,2742736
2025-01-31 12:00:00+00:00,436.288208008,436.562957764,434.332214355,435.083740234,2450032
2025-01-31 13:00:00+00:00,435.105865479,437.615631104,434.605102539,434.605102539,0
2025-01-31 14:00:00+00:00,434.583679199,438.5831604,434.330444336,438.5831604,920784
2025-01-31 15:00:00+00:00,438.476470947,444.50769043,438.417572021,443.870483398,4791296
2025-01-31 16:00:00+00:00,443.895782471,444.505096436,440.710021973,440.790618896,0
2025-01-31 17:00:00+00:00,440.646850586,440.646850586,437.235290527,437.318969727,1230304
2025-01-31 18:00:00+00:00,437.329315186,437.329315186,427.683105469,428.284057617,4760864
2025-01-31 19:00:00+00:00,428.237792969,429.692504883,427.970794678,429.124206543,1887632
2025-01-31 20:00:00+00:00,429.24621582,429.24621582,421.19644165,421.19644165,19180768
2025-01-31 21:00:00+00:00,421.271697998,424.828430176,420.72088623,424.828430176,10634176
2025-01-31 22:00:00+00:00,424.898223877,425.705749512,423.281219482,424.216033936,2872800
2025-01-31 23:00:00+00:00,424.149261475,424.243408203,422.759429932,424.243408203,0
2025-02-01 00:00:00+00:00,424.227630615,426.905487061,423.298461914,426.905395508,1521792
2025-02-01 01:00:00+00:00,427.00592041,427.686584473,426.93359375,427.178649902,878880
2025-02-01 02:00:00+00:00,427.023162842,430.144622803,426.97946167,430.144622803,0
2025-02-01 03:00:00+00:00,430.324493408,430.324493408,426.933868408,426.933868408,0
2025-02-01 04:00:00+00:00,426.956878662,428.788238525,426.871063232,428.115844727,2488192
2025-02-01 05:00:00+00:00,428.099395752,430.878326416,428.081176758,430.69619751,0
2025-02-01 06:00:00+00:00,430.697906494,430.697906494,428.543060303,428.741149902,0
2025-02-01 07:00:00+00:00,428.771392822,428.944763184,426.282836914,426.282836914,4038592
2025-02-01 08:00:00+00:00,426.270721436,426.803619385,423.499542236,423.95513916,4991904
2025-02-01 09:00:00+00:00,423.952728271,424.523284912,421.213043213,421.316772461,3594432
2025-02-01 10:00:00+00:00,421.435089111,425.813293457,421.435089111,422.512054443,5829696
2025-02-01 11:00:00+00:00,422.468109131,424.906005859,422.226135254,424.057434082,725536
2025-02-01 12:00:00+00:00,424.086364746,425.07598877,423.668701172,423.800415039,494624
2025-02-01 13:00:00+00:00,423.786193848,423.786193848,419.33883667,419.33883667,1697088
2025-02-01 14:00:00+00:00,419.542297363,421.836853027,419.236328125,419.824157715,0
2025-02-01 15:00:00+00:00,419.806610107,419.876525879,417.496002197,418.957489014,0
2025-02-01 16:00:00+00:00,418.971710205,419.686126709,417.075164795,417.075164795,0
2025-02-01 17:00:00+00:00,417.121002197,419.153900146,417.094604492,417.844696045,0
2025-02-01 18:00:00+00:00,417.802398682,417.802398682,413.25567627,413.283966064,0
2025-02-01 19:00:00+00:00,413.283569336,413.283569336,408.670166016,409.173828125,1538432
2025-02-01 20:00:00+00:00,409.160186768,409.16305542,405.699188232,407.435211182,0
2025-02-01 21:00:00+00:00,407.449768066,411.073669434,407.336273193,409.361450195,0
2025-02-01 22:00:00+00:00,408.837158203,409.26272583,405.3565979,405.865600586,839776
2025-02-01 23:00:00+00:00,405.888671875,406.098937988,401.135437012,404.391662598,10160640
2025-02-02 00:00:00+00:00,404.069793701,408.922576904,403.738830566,408.79977417,4389440
2025-02-02 01:00:00+00:00,408.80770874,410.078918457,408.80770874,409.147399902,3622464
2025-02-02 02:00:00+00:00,409.151153564,409.278869629,403.236877441,403.317626953,557920
2025-02-02 03:00:00+00:00,403.268859863,403.975494385,393.740997314,393.769470215,21616672
2025-02-02 04:00:00+00:00,393.773651123,398.332763672,392.54196167,397.323394775,8244896
2025-02-02 05:00:00+00:00,397.295593262,401.792266846,397.240509033,401.588439941,3593216
2025-02-02 06:00:00+00:00,401.4324646,401.73135376,399.576416016,399.576416016,0
2025-02-02 07:00:00+00:00,399.343048096,399.347137451,396.766815186,397.856781006,0
2025-02-02 08:00:00+00:00,397.895111084,402.302947998,397.895111084,401.530273438,0
2025-02-02 09:00:00+00:00,401.516479492,401.710968018,399.476959229,401.431121826,0
2025-02-02 10:00:00+00:00,401.450195312,401.487182617,397.999542236,399.263000488,0
2025-02-02 11:00:00+00:00,399.253570557,399.649993896,393.024993896,394.018676758,1062496
2025-02-02 12:00:00+00:00,393.949523926,395.443725586,390.828643799,390.84866333,3202720
2025-02-02 13:00:00+00:00,390.829223633,396.576660156,390.359222412,396.571807861,2172384
2025-02-02 14:00:00+00:00,396.581298828,398.464691162,396.581298828,397.107299805,0
2025-02-02 15:00:00+00:00,397.07800293,397.07800293,392.172363281,394.05960083,395456
2025-02-02 16:00:00+00:00,394.061126709,394.161346436,382.392425537,382.392425537,9908416
2025-02-02 17:00:00+00:00,382.568328857,384.984558105,369.204071045,369.221038818,34681408
2025-02-02 18:00:00+00:00,368.874664307,373.332977295,363.706085205,363.706085205,33473408
2025-02-02 19:00:00+00:00,362.461914062,372.084350586,360.961151123,369.560058594,39872000
2025-02-02 20:00:00+00:00,369.543212891,373.297088623,366.760162354,366.760162354,4800544
2025-02-02 21:00:00+00:00,366.289245605,367.382904053,364.002502441,364.002502441,12269408
2025-02-02 22:00:00+00:00,364.002502441,368.141082764,348.712554932,352.94708252,27743296
2025-02-02 23:00:00+00:00,356.745300293,359.779602051,348.31036377,359.779602051,39342912
2025-02-03 00:00:00+00:00,359.766876221,360.031646729,341.144256592,348.629333496,46876960
2025-02-03 01:00:00+00:00,348.379882812,348.69744873,312.74786377,312.74786377,73265088
2025-02-03 02:00:00+00:00,305.272094727,308.232818604,295.193786621,295.764770508,103370944
2025-02-03 03:00:00+00:00,296.878173828,307.395874023,296.878173828,300.654602051,16698752
2025-02-03 04:00:00+00:00,299.973602295,301.860137939,289.90637207,290.703735352,11768384
2025-02-03 05:00:00+00:00,290.520721436,305.615478516,289.747650146,305.615478516,31143040
2025-02-03 06:00:00+00:00,306.690979004,313.320861816,304.638305664,313.298339844,18982592
2025-02-03 07:00:00+00:00,313.400054932,319.016418457,313.400054932,319.003845215,29536320
2025-02-03 08:00:00+00:00,319.022583008,319.348571777,310.758575439,313.158843994,6319168
2025-02-03 09:00:00+00:00,313.202453613,317.145263672,313.202453613,314.172027588,18126272
2025-02-03 10:00:00+00:00,314.167663574,322.015625,313.950073242,322.015625,17385792
2025-02-03 11:00:00+00:00,322.065826416,322.393859863,318.698303223,319.167297363,529408
2025-02-03 12:00:00+00:00,320.528167725,326.647369385,320.51348877,321.352783203,14940160
2025-02-03 13:00:00+00:00,321.33706665,321.48651123,314.355224609,314.869110107,0
2025-02-03 14:00:00+00:00,314.883270264,320.749176025,308.076904297,320.749176025,51124480
2025-02-03 15:00:00+00:00,322.541320801,331.963867188,322.477905273,331.82019043,50221696
2025-02-03 16:00:00+00:00,331.830047607,336.973968506,330.57232666,336.116210938,7463872
2025-02-03 17:00:00+00:00,336.150512695,336.150512695,332.315246582,334.922698975,0
2025-02-03 18:00:00+00:00,335.046539307,336.650299072,333.918060303,336.475952148,0
2025-02-03 19:00:00+00:00,336.85723877,344.167205811,336.421630859,344.167205811,0
2025-02-03 20:00:00+00:00,344.469116211,344.469116211,339.480438232,339.803527832,0
2025-02-03 21:00:00+00:00,339.975219727,349.463165283,339.975219727,349.463165283,6510976
2025-02-03 22:00:00+00:00,349.633239746,354.068237305,349.633239746,353.294067383,0
2025-02-03 23:00:00+00:00,352.890563965,354.00793457,351.887786865,353.21105957,0
2025-02-04 00:00:00+00:00,353.216339111,355.326324463,350.073913574,350.073913574,0
2025-02-04 01:00:00+00:00,350.061767578,353.305236816,349.56072998,350.888702393,0
2025-02-04 02:00:00+00:00,351.015319824,352,344.938354492,344.938354492,0
2025-02-04 03:00:00+00:00,344.914703369,344.914703369,341.787841797,343.27633667,0
2025-02-04 04:00:00+00:00,343.305450439,344.247894287,340.964508057,340.964508057,0
2025-02-04 05:00:00+00:00,341.001373291,341.09765625,325.575469971,327.176086426,0
2025-02-04 06:00:00+00:00,327.143280029,331.567077637,326.876739502,330.974395752,0
2025-02-04 07:00:00+00:00,331.054016113,331.108642578,324.125701904,324.373291016,0
2025-02-04 08:00:00+00:00,324.177825928,327.66394043,323.582519531,325.163146973,0
2025-02-04 09:00:00+00:00,325.263824463,327.967163086,325.263824463,326.787261963,0
2025-02-04 10:00:00+00:00,326.723632812,333.138061523,326.723632812,332.64151001,0
2025-02-04 11:00:00+00:00,332.648345947,336.28036499,332.025726318,332.025726318,0
2025-02-04 12:00:00+00:00,331.89956665,337.436126709,330.96295166,335.625671387,0
2025-02-04 13:00:00+00:00,335.637786865,337.621307373,335.152648926,335.152648926,0
2025-02-04 14:00:00+00:00,335.109375,339.293243408,333.072723389,338.590820312,0
2025-02-04 15:00:00+00:00,338.604125977,338.604125977,332.181640625,334.900360107,0
2025-02-04 16:00:00+00:00,334.850494385,336.702148438,333.22833252,334.125518799,0
2025-02-04 17:00:00+00:00,334.183227539,336.984191895,333.60635376,335.152832031,0
2025-02-04 18:00:00+00:00,335.157806396,339.54095459,335.097290039,339.039123535,0
2025-02-04 19:00:00+00:00,339.037078857,344.927032471,337.307128906,338.154724121,0
2025-02-04 20:00:00+00:00,336.166717529,336.797027588,331.631652832,332.686523438,703552
2025-02-04 21:00:00+00:00,332.60848999,332.60848999,322.795776367,322.820251465,0
2025-02-04 22:00:00+00:00,322.726470947,328.064575195,322.122711182,327.651580811,0
2025-02-04 23:00:00+00:00,327.869506836,331.070007324,327.869506836,330.67755127,1100480
2025-02-05 00:00:00+00:00,330.587219238,330.587219238,328.213195801,330.101348877,0
2025-02-05 01:00:00+00:00,330.138397217,333.994873047,330.128936768,330.739746094,0
2025-02-05 02:00:00+00:00,330.758117676,333.526733398,329.53704834,333.518432617,0
2025-02-05 03:00:00+00:00,333.498779297,333.498779297,331.596252441,332.198516846,0
2025-02-05 04:00:00+00:00,332.190093994,332.351165771,330.644104004,332.045776367,0
2025-02-05 05:00:00+00:00,332.046234131,335.622070312,330.418121338,335.622070312,0
2025-02-05 06:00:00+00:00,335.62701416,335.65423584,331.246246338,331.278137207,0
2025-02-05 07:00:00+00:00,331.29901123,333.025177002,330.611755371,332.97076416,0
2025-02-05 08:00:00+00:00,332.942047119,333.447509766,330.703887939,331.844726562,0
2025-02-05 09:00:00+00:00,331.871704102,333.385406494,328.558380127,329.839416504,3788256
2025-02-05 10:00:00+00:00,329.841522217,333.277008057,329.822662354,333.001800537,5077344
2025-02-05 11:00:00+00:00,332.955169678,337.201599121,332.853942871,336.585968018,3594464
2025-02-05 12:00:00+00:00,336.600372314,337.770446777,335.234558105,335.234558105,0
2025-02-05 13:00:00+00:00,335.218536377,336.472900391,334.620544434,336.452880859,0
2025-02-05 14:00:00+00:00,336.47354126,337.429840088,335.188476562,335.563018799,0
2025-02-05 15:00:00+00:00,335.617980957,335.733520508,333.094268799,334.019134521,0
2025-02-05 16:00:00+00:00,333.971221924,334.219207764,329.094970703,332.478179932,3534304
2025-02-05 17:00:00+00:00,332.240325928,332.501464844,326.278717041,326.581756592,376640
2025-02-05 18:00:00+00:00,326.535888672,327.573181152,323.865386963,324.429962158,0
2025-02-05 19:00:00+00:00,324.468292236,330.622619629,324.468292236,330.622619629,0
2025-02-05 20:00:00+00:00,330.547210693,331.290252686,326.591888428,328.622528076,0
2025-02-05 21:00:00+00:00,328.508239746,330.299682617,328.376373291,328.453918457,0
2025-02-05 22:00:00+00:00,328.480865479,329.227294922,325.13760376,325.765441895,0
2025-02-05 23:00:00+00:00,325.717987061,327.993988037,325.717987061,327.993988037,0
2025-02-06 00:00:00+00:00,328.017700195,328.936584473,326.641937256,326.641937256,0
2025-02-06 01:00:00+00:00,326.623504639,329.37588501,325.985870361,327.370819092,1186048
2025-02-06 02:00:00+00:00,327.393737793,329.284515381,327.346954346,328.705535889,0
2025-02-06 03:00:00+00:00,328.722320557,329.4793396,327.125640869,329.153137207,996080
2025-02-06 04:00:00+00:00,329.152801514,331.031280518,328.682128906,330.487945557,692080
2025-02-06 05:00:00+00:00,330.431121826,331.956695557,330.220947266,331.776123047,0
2025-02-06 06:00:00+00:00,331.763153076,334.833099365,331.073791504,334.833099365,0
2025-02-06 07:00:00+00:00,334.835723877,334.917358398,332.543395996,332.717407227,0
2025-02-06 08:00:00+00:00,332.702148438,332.798278809,331.088684082,331.140197754,0
2025-02-06 09:00:00+00:00,331.106445312,333.251617432,330.970275879,332.917449951,0
2025-02-06 10:00:00+00:00,332.896331787,332.987121582,330.619140625,331.432312012,0
2025-02-06 11:00:00+00:00,331.540924072,331.540924072,328.045440674,330.403808594,0
2025-02-06 12:00:00+00:00,330.207824707,330.256256104,326.630187988,326.99887085,0
2025-02-06 13:00:00+00:00,326.968566895,329.868041992,326.850158691,329.519256592,1966864
2025-02-06 14:00:00+00:00,329.482666016,329.647766113,322.300079346,322.449890137,0
2025-02-06 15:00:00+00:00,322.487121582,324.156188965,314.942474365,315.532775879,12683984
2025-02-06 16:00:00+00:00,315.702636719,317.965087891,315.468139648,315.85824585,0
2025-02-06 17:00:00+00:00,315.936126709,321.005493164,315.936126709,318.858734131,2424912
2025-02-06 18:00:00+00:00,318.861572266,318.861572266,317.208679199,317.208679199,0
2025-02-06 19:00:00+00:00,317.123352051,319.224151611,315.212188721,315.212188721,0
2025-02-06 20:00:00+00:00,315.188842773,320.343048096,315.188842773,320.303100586,3833760
2025-02-06 21:00:00+00:00,320.35043335,320.569244385,316.442657471,318.800689697,0
2025-02-06 22:00:00+00:00,318.792175293,318.792175293,315.104248047,318.151733398,1130480
2025-02-06 23:00:00+00:00,318.190216064,318.469360352,314.819458008,315.98449707,23328
2025-02-07 00:00:00+00:00,315.99420166,319.41506958,315.99420166,317.303436279,1271152
2025-02-07 01:00:00+00:00,317.278564453,323.436065674,317.278564453,323.436065674,1083616
2025-02-07 02:00:00+00:00,323.289642334,323.400146484,322.147003174,322.51171875,1267648
2025-02-07 03:00:00+00:00,322.546478271,323.261962891,320.203948975,321.75201416,0
2025-02-07 04:00:00+00:00,322.008056641,323.317077637,321.69354248,321.944488525,0
2025-02-07 05:00:00+00:00,321.9347229,322.135467529,320.71987915,321.682250977,2597792
2025-02-07 06:00:00+00:00,321.724090576,321.872375488,316.939331055,318.966094971,22711536
2025-02-07 07:00:00+00:00,319.393310547,322.480438232,319.364013672,321.123718262,5067712
2025-02-07 08:00:00+00:00,321.108978271,324.502532959,320.827697754,324.054016113,0
2025-02-07 09:00:00+00:00,324.044891357,326.128448486,323.691650391,326.128448486,1779104
2025-02-07 10:00:00+00:00,326.13949585,326.727661133,325.923980713,326.381256104,0
2025-02-07 11:00:00+00:00,326.05645752,327.004608154,325.789520264,326.542999268,1396288
2025-02-07 12:00:00+00:00,326.634063721,327.875183105,325.373779297,327.152984619,0
2025-02-07 13:00:00+00:00,327.148651123,330.557769775,325.729248047,330.465576172,7897424
2025-02-07 14:00:00+00:00,330.570831299,334.90802002,330.519897461,334.27633667,2101472
2025-02-07 15:00:00+00:00,333.40045166,333.40045166,326.904266357,328.03024292,0
2025-02-07 16:00:00+00:00,328.170806885,329.160003662,326.285400391,326.676025391,0
2025-02-07 17:00:00+00:00,326.633575439,326.906005859,323.099304199,325.097747803,0
2025-02-07 18:00:00+00:00,324.99029541,328.398193359,324.472839355,327.509429932,971904
2025-02-07 19:00:00+00:00,327.443054199,327.443054199,324.804779053,324.804779053,0
2025-02-07 20:00:00+00:00,324.783996582,324.783996582,316.275848389,316.275848389,905264
2025-02-07 21:00:00+00:00,316.022003174,318.046051025,313.44229126,313.44229126,4701200
2025-02-07 22:00:00+00:00,313.395568848,313.395568848,309.419708252,311.413818359,5631488
2025-02-07 23:00:00+00:00,311.666320801,318.457855225,311.666320801,318.457855225,4068832
2025-02-08 00:00:00+00:00,318.553131104,320.84072876,318.04498291,320.348205566,0
2025-02-08 01:00:00+00:00,320.380615234,320.425231934,318.732940674,318.945007324,0
2025-02-08 02:00:00+00:00,318.525390625,318.723693848,317.170196533,318.72064209,0
2025-02-08 03:00:00+00:00,318.702819824,319.239929199,317.82208252,318.050689697,0
2025-02-08 04:00:00+00:00,318.024475098,318.041351318,316.859375,316.859375,0
2025-02-08 05:00:00+00:00,316.859588623,317.170562744,315.887451172,317.035400391,1144336
2025-02-08 06:00:00+00:00,317.001281738,318.120727539,316.775146484,317.308166504,0
2025-02-08 07:00:00+00:00,317.175140381,319.79296875,315.706665039,319.375946045,0
2025-02-08 08:00:00+00:00,319.375152588,319.375152588,317.091003418,317.091003418,0
2025-02-08 09:00:00+00:00,317.092102051,317.921447754,316.636260986,317.511383057,0
2025-02-08 10:00:00+00:00,317.529205322,318.687988281,317.529205322,317.54510498,0
2025-02-08 11:00:00+00:00,317.53616333,317.685058594,316.488250732,317.455932617,0
2025-02-08 12:00:00+00:00,317.665649414,317.866607666,316.280273438,316.572540283,0
2025-02-08 13:00:00+00:00,316.566986084,319.406311035,316.566986084,319.012878418,0
2025-02-08 14:00:00+00:00,319.004089355,319.962921143,318.291351318,319.962921143,0
2025-02-08 15:00:00+00:00,319.938446045,320.429901123,317.573486328,318.098754883,0
2025-02-08 16:00:00+00:00,318.100006104,320.439788818,318.100006104,320.439788818,0
2025-02-08 17:00:00+00:00,320.431854248,323.39364624,320.322235107,323.039825439,0
2025-02-08 18:00:00+00:00,323.064575195,323.126586914,321.692718506,323.059051514,0
2025-02-08 19:00:00+00:00,323.056884766,323.818389893,322.556365967,322.891540527,0
2025-02-08 20:00:00+00:00,322.891967773,323.405700684,322.551422119,322.917938232,0
2025-02-08 21:00:00+00:00,322.948913574,323.597259521,322.424926758,323.249755859,0
2025-02-08 22:00:00+00:00,323.241149902,323.333007812,321.256103516,322.328094482,0
2025-02-08 23:00:00+00:00,322.361236572,324.273956299,322.361236572,323.50479126,0
2025-02-09 00:00:00+00:00,323.505859375,323.505859375,322.140594482,323.327026367,0
2025-02-09 01:00:00+00:00,323.085296631,324.283172607,322.596954346,323.147888184,0
2025-02-09 02:00:00+00:00,323.181732178,323.918182373,322.689453125,322.689453125,0
2025-02-09 03:00:00+00:00,322.601654053,327.610351562,322.521972656,327.476104736,0
2025-02-09 04:00:00+00:00,327.980102539,327.980102539,326.38180542,326.802093506,878608
2025-02-09 05:00:00+00:00,326.65435791,326.948638916,325.938293457,325.967895508,0
2025-02-09 06:00:00+00:00,325.838439941,327.63470459,325.190856934,326.356658936,5896480
2025-02-09 07:00:00+00:00,326.369842529,326.833190918,325.919921875,326.406341553,3898784
2025-02-09 08:00:00+00:00,326.396240234,327.563720703,326.396240234,327.563720703,0
2025-02-09 09:00:00+00:00,327.528442383,327.528442383,325.343994141,325.651611328,0
2025-02-09 10:00:00+00:00,325.668945312,326.60534668,325.457244873,325.662841797,0
2025-02-09 11:00:00+00:00,325.632904053,326.278106689,325.387115479,326.079742432,0
2025-02-09 12:00:00+00:00,325.986846924,326.595855713,325.004486084,325.427734375,1382384
2025-02-09 13:00:00+00:00,325.432952881,325.635101318,322.652160645,322.718170166,2932448
2025-02-09 14:00:00+00:00,322.000061035,325.483825684,322.000061035,324.616973877,294368
2025-02-09 15:00:00+00:00,324.900848389,328.070068359,324.900848389,327.545684814,1994656
2025-02-09 16:00:00+00:00,327.450653076,328.856567383,327.27154541,328.332366943,0
2025-02-09 17:00:00+00:00,328.329406738,328.329406738,325.583282471,326.188537598,0
2025-02-09 18:00:00+00:00,326.148986816,326.185455322,325.420776367,325.80960083,0
2025-02-09 19:00:00+00:00,325.775817871,325.961029053,323.750396729,324.586791992,435104
2025-02-09 20:00:00+00:00,324.573791504,327.297393799,324.573791504,326.307067871,2408720
2025-02-09 21:00:00+00:00,326.313018799,326.344268799,315.187469482,315.658233643,1613648
2025-02-09 22:00:00+00:00,315.510528564,323.61050415,313.476776123,322.409484863,12797072
2025-02-09 23:00:00+00:00,322.47668457,324.936553955,322.16619873,324.883880615,4120336
2025-02-10 00:00:00+00:00,324.815338135,329.056396484,324.815338135,326.961547852,2587680
2025-02-10 01:00:00+00:00,326.966308594,326.966308594,318.551330566,318.551330566,3301104
2025-02-10 02:00:00+00:00,318.590148926,318.7315979,317.143127441,318.152313232,6065168
2025-02-10 03:00:00+00:00,318.20880127,326.18258667,318.124145508,324.589569092,8204800
2025-02-10 04:00:00+00:00,324.593597412,326.681732178,324.287261963,325.335510254,595040
2025-02-10 05:00:00+00:00,325.481079102,328.953674316,325.377502441,328.185760498,1363312
2025-02-10 06:00:00+00:00,327.896697998,327.96005249,326.654052734,327.96005249,0
2025-02-10 07:00:00+00:00,327.979766846,330.757873535,327.979766846,330.757873535,0
2025-02-10 08:00:00+00:00,330.781005859,333.893829346,330.106140137,333.87588501,12018736
2025-02-10 09:00:00+00:00,333.815856934,334.1328125,331.716888428,331.991241455,721664
2025-02-10 10:00:00+00:00,331.929046631,333.424072266,331.929046631,332.472259521,3736992
2025-02-10 11:00:00+00:00,332.431884766,333.786529541,332.047546387,332.575927734,1778272
2025-02-10 12:00:00+00:00,332.544830322,332.544830322,330.030334473,330.193359375,0
2025-02-10 13:00:00+00:00,330.181518555,333.473754883,329.877563477,333.473754883,0
2025-02-10 14:00:00+00:00,333.371704102,333.494171143,329.086334229,329.871948242,2722688
2025-02-10 15:00:00+00:00,329.853973389,330.107666016,329.029693604,329.505401611,0
2025-02-10 16:00:00+00:00,329.507354736,331.238647461,329.507354736,331.238647461,554480
2025-02-10 17:00:00+00:00,331.182952881,331.182952881,329.486083984,330.715820312,797744
2025-02-10 18:00:00+00:00,330.702697754,331.971466064,330.702697754,331.971466064,1461296
2025-02-10 19:00:00+00:00,331.967651367,332.164886475,329.878295898,329.878295898,0
2025-02-10 20:00:00+00:00,329.883544922,330.1769104,329.213562012,329.581634521,0
2025-02-10 21:00:00+00:00,329.610778809,329.610778809,328.142700195,328.749847412,0
2025-02-10 22:00:00+00:00,328.604949951,330.318695068,327.904510498,328.771118164,0
2025-02-10 23:00:00+00:00,328.820678711,329.030578613,327.763519287,329.030578613,197648
2025-02-11 00:00:00+00:00,329.032104492,331.953521729,329.032104492,331.743255615,1650592
2025-02-11 01:00:00+00:00,331.776062012,334.141357422,331.776062012,334.123321533,0
2025-02-11 02:00:00+00:00,334.123931885,334.203765869,331.343139648,332.446746826,0
2025-02-11 03:00:00+00:00,332.439056396,333.670623779,331.886993408,333.670623779,0
2025-02-11 04:00:00+00:00,333.669769287,339.879089355,333.669769287,339.624572754,3091088
2025-02-11 05:00:00+00:00,339.629760742,341.086029053,339.226379395,340.474731445,2665248
2025-02-11 06:00:00+00:00,341.290740967,343.787719727,340.288757324,343.591033936,0
2025-02-11 07:00:00+00:00,343.550109863,343.550109863,341.154052734,341.282958984,1730752
2025-02-11 08:00:00+00:00,341.255523682,342.379180908,341.169342041,342.005615234,0
2025-02-11 09:00:00+00:00,342.009490967,342.113800049,339.048919678,339.048919678,0
2025-02-11 10:00:00+00:00,339.007781982,339.254486084,338.220672607,338.790435791,4447664
2025-02-11 11:00:00+00:00,338.740966797,339.947753906,338.452453613,339.928985596,0
2025-02-11 12:00:00+00:00,339.938018799,340.701263428,337.738067627,340.644195557,185936
2025-02-11 13:00:00+00:00,340.605041504,341.206085205,334.987670898,335.092559814,0
2025-02-11 14:00:00+00:00,334.991210938,338.043487549,334.965545654,337.952209473,484720
2025-02-11 15:00:00+00:00,337.938232422,338.947784424,336.622558594,337.419494629,1985424
2025-02-11 16:00:00+00:00,337.374206543,337.704956055,335.063812256,335.063812256,0
2025-02-11 17:00:00+00:00,335.064453125,335.064453125,331.712768555,331.840667725,1511888
2025-02-11 18:00:00+00:00,331.88949585,331.88949585,328.375640869,329.198974609,344272
2025-02-11 19:00:00+00:00,329.203369141,330.159912109,326.279785156,327.364044189,4691872
2025-02-11 20:00:00+00:00,327.364837646,330.636138916,327.214263916,329.265441895,2658752
2025-02-11 21:00:00+00:00,329.278991699,334.278137207,329.278991699,333.400421143,753664
2025-02-11 22:00:00+00:00,333.396209717,334.30078125,331.274078369,331.274078369,0
2025-02-11 23:00:00+00:00,331.338165283,332.229492188,330.366851807,331.397094727,1257904
2025-02-12 00:00:00+00:00,331.382263184,332.573242188,330.843841553,332.573242188,0
2025-02-12 01:00:00+00:00,332.559448242,333.776062012,331.84085083,333.773956299,0
2025-02-12 02:00:00+00:00,333.748748779,333.750244141,329.694274902,329.714874268,0
2025-02-12 03:00:00+00:00,329.74810791,330.695220947,327.912628174,329.574066162,4978560
2025-02-12 04:00:00+00:00,329.078216553,329.311035156,327.458374023,328.114471436,0
2025-02-12 05:00:00+00:00,328.122528076,330.645507812,328.08493042,330.123199463,0
2025-02-12 06:00:00+00:00,330.120727539,330.566558838,328.170288086,328.193389893,0
2025-02-12 07:00:00+00:00,328.195373535,331.255767822,328.195373535,330.291595459,0
2025-02-12 08:00:00+00:00,330.256896973,332.769470215,330.256896973,332.304870605,2177648
2025-02-12 09:00:00+00:00,332.290924072,332.290924072,330.306549072,331.081848145,0
2025-02-12 10:00:00+00:00,331.038391113,331.344207764,329.906433105,330.563110352,1024864
2025-02-12 11:00:00+00:00,330.586761475,333.354156494,330.586761475,332.1824646,1741312
2025-02-12 12:00:00+00:00,332.20501709,334.201477051,332.20501709,333.35446167,29472
2025-02-12 13:00:00+00:00,333.385253906,335.586975098,323.953765869,327.360687256,19768720
2025-02-12 14:00:00+00:00,326.682556152,327.266021729,324.053863525,327.24118042,6195616
2025-02-12 15:00:00+00:00,327.459503174,329.664794922,324.698303223,329.591430664,5363072
2025-02-12 16:00:00+00:00,329.570983887,334.157562256,327.763336182,334.157562256,4856688
2025-02-12 17:00:00+00:00,334.153991699,337.412902832,334.153991699,337.272064209,5219888
2025-02-12 18:00:00+00:00,337.166809082,337.279754639,334.881561279,336.523498535,0
2025-02-12 19:00:00+00:00,336.552062988,339.780548096,336.146514893,339.599456787,2190560
2025-02-12 20:00:00+00:00,339.357971191,341.189666748,339.075073242,339.075073242,1819968
2025-02-12 21:00:00+00:00,339.146911621,340.438171387,338.557403564,339.995697021,0
2025-02-12 22:00:00+00:00,339.959747314,346.359710693,339.959747314,344.244232178,7777120
2025-02-12 23:00:00+00:00,344.255859375,344.806182861,342.587493896,343.041717529,2714912
2025-02-13 00:00:00+00:00,343.085113525,343.150939941,341.450714111,342.138519287,0
2025-02-13 01:00:00+00:00,342.150695801,345.314086914,342.150695801,345.180145264,2713888
2025-02-13 02:00:00+00:00,344.937835693,344.937835693,342.20892334,342.273468018,0
2025-02-13 03:00:00+00:00,342.114440918,342.982910156,341.94631958,342.975402832,0
2025-02-13 04:00:00+00:00,342.942443848,342.942443848,338.65612793,338.65612793,1038496
2025-02-13 05:00:00+00:00,338.717773438,339.079559326,337.564453125,338.646148682,2360224
2025-02-13 06:00:00+00:00,338.647766113,338.647766113,333.955780029,334.313201904,1225984
2025-02-13 07:00:00+00:00,334.319641113,335.79888916,334.179290771,334.179290771,3757792
2025-02-13 08:00:00+00:00,334.157287598,334.648376465,332.095336914,332.095336914,1338144
2025-02-13 09:00:00+00:00,332.097808838,334.201507568,332.097808838,333.822845459,3558048
2025-02-13 10:00:00+00:00,333.829833984,333.9609375,333.07208252,333.283599854,0
2025-02-13 11:00:00+00:00,333.296569824,333.489440918,331.322235107,332.389221191,1557504
2025-02-13 12:00:00+00:00,332.433197021,333.077178955,332.240814209,332.260009766,2164480
2025-02-13 13:00:00+00:00,332.2293396,333.897888184,330.883392334,332.459075928,0
2025-02-13 14:00:00+00:00,332.446563721,332.446563721,328.576599121,330.211456299,0
2025-02-13 15:00:00+00:00,330.263031006,333.449371338,329.159881592,331.875457764,0
2025-02-13 16:00:00+00:00,331.874816895,331.874816895,328.384887695,328.384887695,0
2025-02-13 17:00:00+00:00,328.433868408,331.395233154,328.433868408,330.901275635,0
2025-02-13 18:00:00+00:00,330.927276611,332.448699951,329.021270752,332.448699951,251680
2025-02-13 19:00:00+00:00,332.516693115,335.384429932,332.516693115,333.386352539,1324720
2025-02-13 20:00:00+00:00,333.370880127,335.365692139,333.185943604,334.727600098,0
2025-02-13 21:00:00+00:00,334.920654297,337.165893555,334.886260986,336.514068604,1999776
2025-02-13 22:00:00+00:00,336.551513672,337.565917969,335.197296143,335.246795654,0
2025-02-13 23:00:00+00:00,335.232513428,336.184661865,334.786315918,335.345672607,59968
2025-02-14 00:00:00+00:00,335.301055908,336.225341797,334.886657715,335.731628418,976736
2025-02-14 01:00:00+00:00,335.804168701,336.946594238,335.711151123,336.932189941,20592
2025-02-14 02:00:00+00:00,336.939117432,338.626983643,336.876251221,337.380340576,1242352
2025-02-14 03:00:00+00:00,337.359344482,339.899688721,337.082214355,339.871612549,1380144
2025-02-14 04:00:00+00:00,339.872772217,339.888793945,337.146575928,337.146575928,0
2025-02-14 05:00:00+00:00,337.145202637,337.862670898,336.881561279,337.013885498,0
2025-02-14 06:00:00+00:00,337.016937256,337.651397705,336.782989502,337.407897949,0
2025-02-14 07:00:00+00:00,337.411499023,338.66418457,337.411499023,338.567108154,0
2025-02-14 08:00:00+00:00,338.56439209,340.865203857,338.56439209,339.886474609,0
2025-02-14 09:00:00+00:00,339.877532959,342.470703125,339.877532959,342.470703125,0
2025-02-14 10:00:00+00:00,342.532867432,344.547546387,342.532867432,342.988067627,6593600
2025-02-14 11:00:00+00:00,343.005584717,343.322631836,342.383544922,343.089294434,0
2025-02-14 12:00:00+00:00,343.077941895,343.077941895,341.093048096,341.716552734,0
2025-02-14 13:00:00+00:00,341.7371521,343.715240479,341.651428223,343.655700684,0
2025-02-14 14:00:00+00:00,343.640625,345.7784729,343.134460449,345.503601074,151408
2025-02-14 15:00:00+00:00,345.50894165,345.50894165,341.853363037,345.166778564,0
2025-02-14 16:00:00+00:00,345.163543701,345.163543701,342.173126221,344.81036377,477872
2025-02-14 17:00:00+00:00,344.894500732,349.066436768,344.433166504,349.039978027,3984976
2025-02-14 18:00:00+00:00,348.90322876,350.420837402,346.680145264,346.680145264,1272512
2025-02-14 19:00:00+00:00,346.628845215,347.090637207,344.223419189,344.524475098,0
2025-02-14 20:00:00+00:00,344.4894104,345.364105225,342.71282959,342.71282959,0
2025-02-14 21:00:00+00:00,342.722717285,343.463226318,341.010955811,343.4269104,128768
2025-02-14 22:00:00+00:00,343.433685303,343.780792236,339.169311523,339.648101807,745360
2025-02-14 23:00:00+00:00,339.805175781,341.626281738,339.805175781,341.626281738,0
2025-02-15 00:00:00+00:00,341.613861084,342.158050537,340.859832764,341.844970703,0
2025-02-15 01:00:00+00:00,341.852233887,344.198791504,341.852233887,344.178314209,0
2025-02-15 02:00:00+00:00,344.159393311,345.520874023,344.021240234,345.520874023,0
2025-02-15 03:00:00+00:00,345.58493042,345.58493042,344.317352295,344.53503418,0
2025-02-15 04:00:00+00:00,344.322387695,344.458953857,343.473815918,343.964996338,0
2025-02-15 05:00:00+00:00,344.007629395,344.542633057,343.623077393,343.623077393,672624
2025-02-15 06:00:00+00:00,343.615447998,343.615447998,341.312957764,341.312957764,1167776
2025-02-15 07:00:00+00:00,341.298461914,341.408721924,339.763458252,340.926208496,2518688
2025-02-15 08:00:00+00:00,340.898284912,342.260803223,340.898284912,341.816925049,0
2025-02-15 09:00:00+00:00,341.822601318,342.2059021,340.832977295,341.290039062,0
2025-02-15 10:00:00+00:00,341.296356201,341.887878418,340.887298584,341.798919678,0
2025-02-15 11:00:00+00:00,341.780609131,341.85055542,339.947906494,340.720855713,0
2025-02-15 12:00:00+00:00,340.692687988,341.245910645,340.11605835,340.424987793,0
2025-02-15 13:00:00+00:00,340.482666016,340.597045898,339.240478516,339.240478516,0
2025-02-15 14:00:00+00:00,339.110809326,339.110809326,336.06072998,336.907440186,0
2025-02-15 15:00:00+00:00,336.908081055,337.82611084,336.342315674,336.346618652,0
2025-02-15 16:00:00+00:00,336.373779297,337.180084229,335.24899292,335.24899292,0
2025-02-15 17:00:00+00:00,335.310058594,336.260650635,333.949645996,334.015716553,0
2025-02-15 18:00:00+00:00,334.285400391,335.776611328,334.273773193,335.776611328,0
2025-02-15 19:00:00+00:00,335.749938965,335.749938965,333.576446533,333.576446533,0
2025-02-15 20:00:00+00:00,333.567779541,333.609771729,331.454559326,331.950592041,0
2025-02-15 21:00:00+00:00,331.958404541,333.821502686,331.958404541,333.69342041,0
2025-02-15 22:00:00+00:00,333.705688477,333.705688477,331.636993408,332.052429199,0
2025-02-15 23:00:00+00:00,332.248535156,333.494232178,332.208770752,332.809356689,13008
2025-02-16 00:00:00+00:00,332.968536377,334.23928833,332.874267578,333.862976074,0
2025-02-16 01:00:00+00:00,333.856018066,333.94317627,332.920593262,333.831054688,160864
2025-02-16 02:00:00+00:00,333.673797607,333.712188721,332.649353027,332.861206055,0
2025-02-16 03:00:00+00:00,332.86529541,332.904602051,331.691650391,332.860198975,80560
2025-02-16 04:00:00+00:00,333.071014404,334.064147949,333.071014404,333.875640869,0
2025-02-16 05:00:00+00:00,333.97769165,334.578735352,332.934204102,334.143066406,0
2025-02-16 06:00:00+00:00,333.98526001,334.116577148,333.328613281,333.417877197,0
2025-02-16 07:00:00+00:00,333.437683105,333.437683105,331.284667969,331.284912109,0
2025-02-16 08:00:00+00:00,331.259643555,332.384613037,331.213531494,331.99206543,812544
2025-02-16 09:00:00+00:00,331.999542236,334.727355957,331.619140625,334.536224365,2114096
2025-02-16 10:00:00+00:00,334.543945312,334.578948975,333.802246094,333.802246094,0
2025-02-16 11:00:00+00:00,333.497009277,334.662231445,333.18963623,334.453430176,518432
2025-02-16 12:00:00+00:00,334.454406738,334.554718018,332.871887207,332.871887207,0
2025-02-16 13:00:00+00:00,332.879425049,332.956176758,330.012756348,330.035369873,2402496
2025-02-16 14:00:00+00:00,330.035217285,331.500244141,328.540252686,331.08001709,0
2025-02-16 15:00:00+00:00,331.082580566,331.562896729,330.591949463,331.092956543,477200
2025-02-16 16:00:00+00:00,331.07208252,331.177825928,329.810119629,330.310913086,0
2025-02-16 17:00:00+00:00,330.325256348,330.465667725,328.736022949,328.736022949,0
2025-02-16 18:00:00+00:00,328.761962891,328.761962891,326.436553955,327.574188232,900384
2025-02-16 19:00:00+00:00,327.592010498,328.533050537,327.171966553,328.46661377,1424240
2025-02-16 20:00:00+00:00,328.469085693,328.746185303,327.525238037,327.525238037,0
2025-02-16 21:00:00+00:00,327.523864746,328.996887207,326.699554443,328.813812256,1419200
2025-02-16 22:00:00+00:00,328.815979004,328.871459961,327.049316406,328.221069336,0
2025-02-16 23:00:00+00:00,328.237335205,328.237335205,326.369232178,326.460632324,786192
2025-02-17 00:00:00+00:00,326.490142822,328.509552002,326.422485352,328.509552002,1781296
2025-02-17 01:00:00+00:00,328.53302002,330.119018555,328.53302002,330.119018555,501696
2025-02-17 02:00:00+00:00,330.088745117,330.380401611,328.276367188,328.276367188,0
2025-02-17 03:00:00+00:00,328.241577148,328.241577148,326.90322876,327.741638184,0
2025-02-17 04:00:00+00:00,327.726409912,327.726409912,325.69644165,326.071899414,0
2025-02-17 05:00:00+00:00,326.057983398,326.346893311,324.230224609,326.346893311,5697616
2025-02-17 06:00:00+00:00,326.534606934,328.46194458,326.523895264,328.46194458,5330032
2025-02-17 07:00:00+00:00,328.466339111,328.886016846,325.082763672,325.867156982,526368
2025-02-17 08:00:00+00:00,325.90045166,328.598144531,325.097106934,328.327819824,4902720
2025-02-17 09:00:00+00:00,328.343231201,329.80291748,328.343231201,328.86932373,1218880
2025-02-17 10:00:00+00:00,328.839599609,330.423217773,328.171325684,328.191802979,1954192
2025-02-17 11:00:00+00:00,328.190093994,329.111694336,327.817993164,328.846466064,660768
2025-02-17 12:00:00+00:00,328.838409424,332.402862549,328.678009033,332.122344971,14161344
2025-02-17 13:00:00+00:00,332.106445312,332.955230713,331.723052979,332.738006592,168640
2025-02-17 14:00:00+00:00,332.726837158,336.361877441,332.726837158,333.880462646,3267600
2025-02-17 15:00:00+00:00,333.959564209,334.945465088,327.78012085,327.78012085,5776960
2025-02-17 16:00:00+00:00,327.703369141,328.444213867,320.361114502,321.246002197,26640144
2025-02-17 17:00:00+00:00,321.260864258,323.312957764,321.034698486,321.464111328,3643984
2025-02-17 18:00:00+00:00,321.455413818,321.455413818,318.634124756,318.72555542,1191088
2025-02-17 19:00:00+00:00,318.718841553,321.297912598,317.994018555,321.297912598,3040832
2025-02-17 20:00:00+00:00,321.320770264,323.517486572,321.204620361,323.322479248,2826816
2025-02-17 21:00:00+00:00,323.278137207,326.112518311,322.931243896,326.112518311,1624640
2025-02-17 22:00:00+00:00,326.208587646,327.63873291,325.147125244,325.147125244,1172512
2025-02-17 23:00:00+00:00,325.094360352,325.646759033,323.106414795,323.626220703,0
2025-02-18 00:00:00+00:00,323.635772705,324.766357422,322.281341553,322.756652832,1083840
2025-02-18 01:00:00+00:00,322.749664307,324.246459961,322.412567139,324.246459961,743520
2025-02-18 02:00:00+00:00,324.258605957,324.636688232,323.287536621,323.679840088,1671104
2025-02-18 03:00:00+00:00,323.63482666,324.574768066,323.518280029,323.861358643,1832448
2025-02-18 04:00:00+00:00,323.711730957,324.402069092,321.972564697,321.980377197,0
2025-02-18 05:00:00+00:00,321.972106934,322.191375732,319.031066895,319.031066895,0
2025-02-18 06:00:00+00:00,319.032470703,319.032470703,314.625854492,314.625854492,1274688
2025-02-18 07:00:00+00:00,314.630249023,316.191955566,314.119598389,315.293670654,0
2025-02-18 08:00:00+00:00,315.272918701,316.283569336,312.732513428,312.791107178,338144
2025-02-18 09:00:00+00:00,312.816833496,317.433959961,312.343444824,317.433959961,2278752
2025-02-18 10:00:00+00:00,317.512298584,318.458648682,316.798675537,316.798675537,0
2025-02-18 11:00:00+00:00,316.628662109,317.344665527,316.316131592,316.595245361,0
2025-02-18 12:00:00+00:00,316.584869385,319.961303711,316.57901001,319.138641357,0
2025-02-18 13:00:00+00:00,319.355133057,319.482849121,318.329284668,318.714172363,1353184
2025-02-18 14:00:00+00:00,318.682861328,319.76083374,314.297241211,315.718200684,0
2025-02-18 15:00:00+00:00,315.704284668,315.704284668,311.316040039,312.531341553,0
2025-02-18 16:00:00+00:00,312.781707764,314.192260742,309.94052124,310.804290771,0
2025-02-18 17:00:00+00:00,310.35723877,311.77822876,308.269927979,310.921112061,1791392
2025-02-18 18:00:00+00:00,310.968414307,314.225402832,310.968414307,314.225402832,1739296
2025-02-18 19:00:00+00:00,314.21295166,314.891571045,312.321136475,314.42086792,4336848
2025-02-18 20:00:00+00:00,313.965240479,314.855865479,312.726257324,313.464416504,1712112
2025-02-18 21:00:00+00:00,313.294311523,316.022705078,313.294311523,314.464050293,4617072
2025-02-18 22:00:00+00:00,314.485076904,315.814300537,314.325164795,314.63381958,0
2025-02-18 23:00:00+00:00,314.737213135,316.204559326,314.737213135,315.837036133,0
2025-02-19 00:00:00+00:00,315.859191895,316.615478516,315.277252197,315.277252197,0
2025-02-19 01:00:00+00:00,315.268280029,315.268280029,313.380249023,313.945831299,0
2025-02-19 02:00:00+00:00,313.996826172,316.011383057,313.996826172,315.845336914,1668976
2025-02-19 03:00:00+00:00,315.851776123,315.851776123,314.006866455,314.958648682,394912
2025-02-19 04:00:00+00:00,314.958343506,314.958343506,312.219085693,312.219085693,0
2025-02-19 05:00:00+00:00,312.327789307,314.381072998,312.254241943,314.322509766,0
2025-02-19 06:00:00+00:00,314.331359863,317.246917725,314.283935547,317.246917725,0
2025-02-19 07:00:00+00:00,317.22354126,319.480987549,317.046142578,319.284240723,2369936
2025-02-19 08:00:00+00:00,319.234893799,319.746429443,318.731018066,318.731018066,0
2025-02-19 09:00:00+00:00,318.709625244,320.670196533,318.120483398,320.670196533,0
2025-02-19 10:00:00+00:00,320.480834961,323.008361816,320.326599121,323.008361816,619104
2025-02-19 11:00:00+00:00,323.003479004,323.870544434,322.613006592,323.740661621,1644528
2025-02-19 12:00:00+00:00,323.743164062,323.996917725,322.244384766,322.244384766,0
2025-02-19 13:00:00+00:00,322.195465088,323.727844238,321.925750732,323.498901367,0
2025-02-19 14:00:00+00:00,323.477203369,323.625183105,320.667572021,320.667572021,333184
2025-02-19 15:00:00+00:00,319.941558838,321.445373535,318.909667969,320.361480713,0
2025-02-19 16:00:00+00:00,320.383636475,323.421051025,320.228240967,322.930938721,0
2025-02-19 17:00:00+00:00,322.98034668,323.371398926,321.715881348,322.559753418,0
2025-02-19 18:00:00+00:00,322.21673584,322.21673584,320.609130859,320.609130859,0
2025-02-19 19:00:00+00:00,320.572113037,321.728729248,319.436462402,321.268585205,0
2025-02-19 20:00:00+00:00,321.253051758,322.341094971,321.209594727,321.637908936,0
2025-02-19 21:00:00+00:00,321.417663574,321.800872803,320.251220703,320.252319336,0
2025-02-19 22:00:00+00:00,320.255493164,321.43649292,319.9581604,321.43649292,0
2025-02-19 23:00:00+00:00,321.535705566,322.996368408,321.535705566,322.58984375,0
2025-02-20 00:00:00+00:00,322.596832275,324.770782471,322.452178955,324.770782471,1554656
2025-02-20 01:00:00+00:00,324.771392822,325.198364258,322.271606445,322.713592529,262272
2025-02-20 02:00:00+00:00,322.728729248,326.185119629,322.728729248,326.178070068,393024
2025-02-20 03:00:00+00:00,326.059997559,326.344451904,324.800476074,325.817169189,0
2025-02-20 04:00:00+00:00,325.812927246,326.571594238,324.972961426,324.972961426,810256
2025-02-20 05:00:00+00:00,324.981872559,324.981872559,323.942321777,323.942321777,0
2025-02-20 06:00:00+00:00,323.940856934,323.941162109,323.093017578,323.093017578,0
2025-02-20 07:00:00+00:00,323.100036621,323.395782471,322.342468262,323.105194092,0
2025-02-20 08:00:00+00:00,323.058776855,323.058776855,322.010223389,322.626220703,959872
2025-02-20 09:00:00+00:00,322.601074219,322.601074219,321.777801514,321.89352417,0
2025-02-20 10:00:00+00:00,321.890319824,322.937561035,321.479309082,322.777008057,0
2025-02-20 11:00:00+00:00,322.83605957,323.19317627,322.479644775,322.670440674,0
2025-02-20 12:00:00+00:00,322.66293335,323.15838623,322.076965332,322.076965332,0
2025-02-20 13:00:00+00:00,322.081726074,322.641540527,321.578887939,322.641540527,1265968
2025-02-20 14:00:00+00:00,322.664855957,325.134063721,321.836120605,321.836120605,1586304
2025-02-20 15:00:00+00:00,321.803527832,322.031494141,320.968902588,321.082061768,0
2025-02-20 16:00:00+00:00,320.978607178,323.495025635,320.816345215,321.669189453,1504672
2025-02-20 17:00:00+00:00,321.558227539,323.683959961,321.159423828,323.683959961,533568
2025-02-20 18:00:00+00:00,323.711212158,325.420166016,323.711212158,324.342956543,2024256
2025-02-20 19:00:00+00:00,324.342987061,325.14944458,323.941955566,324.921020508,0
2025-02-20 20:00:00+00:00,324.896514893,325.96194458,324.8934021,324.958129883,952352
2025-02-20 21:00:00+00:00,324.975341797,324.990692139,323.448883057,323.478057861,0
2025-02-20 22:00:00+00:00,323.617095947,325.973510742,323.617095947,325.708587646,987152
2025-02-20 23:00:00+00:00,325.720397949,326.779937744,325.658538818,326.011322021,1724224
2025-02-21 00:00:00+00:00,326.015655518,326.79019165,325.245819092,325.491729736,0
2025-02-21 01:00:00+00:00,325.728759766,325.728759766,324.922210693,325.632873535,0
2025-02-21 02:00:00+00:00,325.595001221,326.683776855,325.128875732,325.454650879,0
2025-02-21 03:00:00+00:00,325.443206787,325.796295166,324.601654053,324.621032715,0
2025-02-21 04:00:00+00:00,324.629119873,326.440155029,324.629119873,325.824005127,507584
2025-02-21 05:00:00+00:00,325.837341309,326.378875732,325.492797852,326.120513916,1135136
2025-02-21 06:00:00+00:00,326.175048828,327.353149414,326.175048828,327.353149414,301344
2025-02-21 07:00:00+00:00,327.454528809,328.74017334,327.454528809,328.203826904,0
2025-02-21 08:00:00+00:00,328.195800781,329.23147583,327.971343994,329.23147583,0
2025-02-21 09:00:00+00:00,329.39239502,333.255584717,329.39239502,331.101348877,6289488
2025-02-21 10:00:00+00:00,331.091918945,331.930541992,330.74307251,331.454101562,179664
2025-02-21 11:00:00+00:00,331.506256104,331.506256104,328.86138916,328.86138916,997680
2025-02-21 12:00:00+00:00,328.819213867,330.355682373,328.634429932,330.355682373,0
2025-02-21 13:00:00+00:00,330.459075928,333.249694824,330.459075928,332.471801758,3664064
2025-02-21 14:00:00+00:00,332.613464355,332.613464355,329.161865234,330.275634766,0
2025-02-21 15:00:00+00:00,330.321044922,331.190429688,322.540985107,324.422363281,8529440
2025-02-21 16:00:00+00:00,324.416412354,328.458435059,323.93347168,326.248596191,6549424
2025-02-21 17:00:00+00:00,326.255767822,327.279052734,320.218566895,320.22845459,6843168
2025-02-21 18:00:00+00:00,320.198120117,320.198120117,318.697937012,319.153411865,11412480
2025-02-21 19:00:00+00:00,319.1590271,319.190826416,311.098907471,312.0105896,10387280
2025-02-21 20:00:00+00:00,311.972503662,314.223907471,311.660980225,311.660980225,8583920
2025-02-21 21:00:00+00:00,311.64666748,312.36050415,310.484985352,312.134094238,8017216
2025-02-21 22:00:00+00:00,312.139831543,314.938903809,312.051025391,314.51651001,3589696
2025-02-21 23:00:00+00:00,314.505950928,314.505950928,312.310791016,313.632598877,3757856
2025-02-22 00:00:00+00:00,313.649291992,315.85055542,312.95513916,315.85055542,4792096
2025-02-22 01:00:00+00:00,316.008239746,317.058685303,315.789581299,316.528808594,2824896
2025-02-22 02:00:00+00:00,316.52645874,316.540893555,315.094055176,315.918701172,643936
2025-02-22 03:00:00+00:00,315.936523438,317.011383057,315.887298584,317.011383057,1809216
2025-02-22 04:00:00+00:00,317.031677246,319.339385986,317.031677246,319.339385986,3082400
2025-02-22 05:00:00+00:00,319.348083496,319.485778809,318.645568848,318.669036865,275488
2025-02-22 06:00:00+00:00,318.642333984,318.642333984,317.643615723,317.872467041,1017600
2025-02-22 07:00:00+00:00,317.860870361,318.109191895,317.535766602,317.535766602,558144
2025-02-22 08:00:00+00:00,317.50869751,317.50869751,316.909301758,317.26385498,349984
2025-02-22 09:00:00+00:00,317.223693848,318.281921387,317.160919189,318.241455078,0
2025-02-22 10:00:00+00:00,318.312744141,319.387023926,318.207244873,318.238952637,3708160
2025-02-22 11:00:00+00:00,318.228057861,319.045349121,317.994720459,319.014404297,771072
2025-02-22 12:00:00+00:00,319.016876221,320.312316895,318.82989502,320.312316895,1469824
2025-02-22 13:00:00+00:00,320.379455566,320.506439209,318.86895752,319.155548096,0
2025-02-22 14:00:00+00:00,319.157623291,319.806549072,318.9246521,319.65737915,0
2025-02-22 15:00:00+00:00,319.629547119,321.340576172,319.525238037,321.323852539,0
2025-02-22 16:00:00+00:00,321.296478271,321.617370605,320.915466309,321.02053833,0
2025-02-22 17:00:00+00:00,321.010864258,321.642364502,320.805877686,321.642364502,0
2025-02-22 18:00:00+00:00,321.643280029,322.222625732,321.433319092,321.433319092,0
2025-02-22 19:00:00+00:00,321.43270874,321.953155518,321.188293457,321.953155518,0
2025-02-22 20:00:00+00:00,321.94644165,322.379608154,321.49407959,322.274139404,0
2025-02-22 21:00:00+00:00,322.281066895,322.442962646,321.329376221,321.335266113,0
2025-02-22 22:00:00+00:00,321.336303711,322.203033447,321.300567627,322.001373291,0
2025-02-22 23:00:00+00:00,322.001831055,322.001831055,320.994049072,320.994049072,409504
2025-02-23 00:00:00+00:00,321.0390625,321.654418945,320.902404785,321.49407959,0
2025-02-23 01:00:00+00:00,321.504669189,321.87890625,321.304595947,321.795196533,0
2025-02-23 02:00:00+00:00,321.833282471,324.066253662,321.717132568,324.045501709,155056
2025-02-23 03:00:00+00:00,324.057678223,325.82434082,324.001342773,325.500213623,4943168
2025-02-23 04:00:00+00:00,325.504150391,328.027923584,325.504150391,326.085968018,1346112
2025-02-23 05:00:00+00:00,326.096893311,327.6328125,326.096893311,327.479400635,1812592
2025-02-23 06:00:00+00:00,327.523071289,329.610198975,327.270935059,329.388000488,3145968
2025-02-23 07:00:00+00:00,329.433898926,332.163543701,329.433898926,331.299041748,5089968
2025-02-23 08:00:00+00:00,331.305267334,332.064575195,331.010467529,331.386901855,1532784
2025-02-23 09:00:00+00:00,331.224884033,332.11605835,329.522644043,330.451751709,3213824
2025-02-23 10:00:00+00:00,330.436950684,330.571472168,328.953308105,329.129089355,0
2025-02-23 11:00:00+00:00,329.139953613,329.357177734,328.160766602,328.194915771,10416
2025-02-23 12:00:00+00:00,328.315216064,328.83807373,326.922943115,326.965789795,580064
2025-02-23 13:00:00+00:00,326.96081543,327.4324646,326.29309082,326.294830322,1704368
2025-02-23 14:00:00+00:00,326.303588867,327.72555542,325.401855469,325.434265137,1318016
2025-02-23 15:00:00+00:00,325.549102783,325.946960449,323.913360596,324.284637451,3312464
2025-02-23 16:00:00+00:00,324.248657227,326.907684326,324.060974121,326.810913086,2744080
2025-02-23 17:00:00+00:00,326.800140381,327.005126953,325.25289917,325.537445068,0
2025-02-23 18:00:00+00:00,325.383270264,325.44921875,324.372192383,324.621704102,1220656
2025-02-23 19:00:00+00:00,324.814361572,325.478851318,324.785980225,325.326141357,0
2025-02-23 20:00:00+00:00,325.322235107,325.458496094,325.108154297,325.43447876,165824
2025-02-23 21:00:00+00:00,325.453552246,325.540252686,325.010925293,325.299560547,0
2025-02-23 22:00:00+00:00,325.303863525,326.896911621,324.954101562,326.795074463,2543360
2025-02-23 23:00:00+00:00,326.744232178,327.987487793,326.744232178,327.884246826,5142640
2025-02-24 00:00:00+00:00,327.892944336,329.015655518,327.213592529,327.970489502,1953248
2025-02-24 01:00:00+00:00,327.953735352,327.953735352,324.102081299,324.131591797,4466176
2025-02-24 02:00:00+00:00,324.130279541,324.673522949,322.9815979,323.244293213,3441536
2025-02-24 03:00:00+00:00,322.990356445,322.993835449,318.662628174,318.790588379,5170848
2025-02-24 04:00:00+00:00,318.762451172,318.762451172,315.716278076,318.036315918,5727040
2025-02-24 05:00:00+00:00,317.932617188,319.528320312,316.970703125,319.244598389,3974016
2025-02-24 06:00:00+00:00,318.808197021,318.853912354,317.713256836,318.673217773,0
2025-02-24 07:00:00+00:00,318.869720459,319.359466553,316.98260498,317.29989624,0
2025-02-24 08:00:00+00:00,317.277862549,317.277862549,313.25982666,314.669342041,3277088
2025-02-24 09:00:00+00:00,314.617218018,317.407562256,314.364349365,315.267578125,3159520
2025-02-24 10:00:00+00:00,315.185424805,315.185424805,310.930908203,312.078125,3730624
2025-02-24 11:00:00+00:00,312.054534912,313.737731934,310.890441895,313.737731934,4064192
2025-02-24 12:00:00+00:00,313.718444824,313.718444824,311.78793335,312.666381836,1501440
2025-02-24 13:00:00+00:00,312.593780518,314.812438965,311.721893311,313.952880859,4124896
2025-02-24 14:00:00+00:00,313.956390381,314.068450928,308.035675049,308.035675049,3118464
2025-02-24 15:00:00+00:00,307.123657227,309.165985107,304.895111084,306.203155518,20998272
2025-02-24 16:00:00+00:00,306.232208252,308.959106445,306.232208252,306.6222229,10741376
2025-02-24 17:00:00+00:00,306.590332031,311.787658691,306.555541992,310.296264648,8880032
2025-02-24 18:00:00+00:00,310.300445557,310.939025879,308.270385742,308.270385742,0
2025-02-24 19:00:00+00:00,308.274993896,308.274993896,303.128387451,304.889984131,11109344
2025-02-24 20:00:00+00:00,304.776000977,308.662963867,304.776000977,307.278442383,8674880
2025-02-24 21:00:00+00:00,307.24041748,307.391296387,304.708129883,304.7840271,7671200
2025-02-24 22:00:00+00:00,304.820831299,304.820831299,294.314147949,294.562072754,50535136
2025-02-24 23:00:00+00:00,293.594451904,295.795501709,291.413208008,291.600402832,15543360
2025-02-25 00:00:00+00:00,291.560974121,294.054870605,287.643096924,292.816436768,30103488
2025-02-25 01:00:00+00:00,292.032073975,294.299041748,289.3828125,291.841156006,13033888
2025-02-25 02:00:00+00:00,291.881835938,296.290679932,290.811859131,296.006347656,8860288
2025-02-25 03:00:00+00:00,295.892883301,296.101837158,292.223876953,294.459106445,0
2025-02-25 04:00:00+00:00,294.4921875,294.4921875,289.131561279,291.282440186,3393216
2025-02-25 05:00:00+00:00,290.574249268,294.39465332,289.943786621,293.68850708,12969088
2025-02-25 06:00:00+00:00,293.697052002,293.974395752,289.281860352,289.281860352,3631392
2025-02-25 07:00:00+00:00,289.229064941,289.229064941,277.819366455,283.640075684,61719424
2025-02-25 08:00:00+00:00,283.433685303,287.311462402,282.777648926,286.013427734,11576256
2025-02-25 09:00:00+00:00,286.017730713,286.35345459,281.279174805,281.292510986,339392
2025-02-25 10:00:00+00:00,281.041229248,282.820159912,277.388580322,282.156707764,18283264
2025-02-25 11:00:00+00:00,282.139648438,286.806396484,277.500640869,286.806396484,19002816
2025-02-25 12:00:00+00:00,286.793029785,287.601837158,285.389190674,286.208770752,9578560
2025-02-25 13:00:00+00:00,287.217529297,287.217529297,284.092773438,284.364959717,3548928
2025-02-25 14:00:00+00:00,283.999420166,284.682861328,279.587982178,279.587982178,876608
2025-02-25 15:00:00+00:00,279.205352783,284.108917236,277.792358398,283.813201904,9523072
2025-02-25 16:00:00+00:00,283.70300293,286.169799805,280.399291992,285.832397461,5469184
2025-02-25 17:00:00+00:00,285.727600098,286.442504883,283.880615234,284.680847168,3244544
2025-02-25 18:00:00+00:00,284.688446045,286.640838623,283.661102295,284.935028076,3011136
2025-02-25 19:00:00+00:00,284.953399658,288.697113037,283.536895752,288.697113037,1543552
2025-02-25 20:00:00+00:00,289.410064697,293.882843018,288.570220947,292.267089844,14751552
2025-02-25 21:00:00+00:00,292.148498535,293.474853516,290.615753174,293.474853516,0
2025-02-25 22:00:00+00:00,293.464385986,295.535247803,292.112335205,292.87020874,0
2025-02-25 23:00:00+00:00,292.858337402,294.31930542,291.609100342,291.609100342,0
2025-02-26 00:00:00+00:00,291.568359375,291.731964111,289.4659729,289.4659729,0
2025-02-26 01:00:00+00:00,289.452941895,292.802947998,289.315246582,292.730560303,0
2025-02-26 02:00:00+00:00,292.696472168,294.786499023,291.592193604,294.786499023,0
2025-02-26 03:00:00+00:00,296.282806396,297.053344727,295.879608154,296.507354736,29728
2025-02-26 04:00:00+00:00,296.394195557,297.680206299,295.855560303,296.43862915,0
2025-02-26 05:00:00+00:00,296.379089355,296.379089355,294.874938965,294.93170166,0
2025-02-26 06:00:00+00:00,294.889282227,296.998840332,294.779663086,296.998840332,4665824
2025-02-26 07:00:00+00:00,296.958618164,296.973571777,293.89074707,294.852539062,0
2025-02-26 08:00:00+00:00,294.866851807,295.143371582,293.275970459,293.70135498,0
2025-02-26 09:00:00+00:00,293.681304932,297.046844482,293.681304932,296.952545166,0
2025-02-26 10:00:00+00:00,297.001098633,297.008880615,296.020019531,296.663787842,0
2025-02-26 11:00:00+00:00,296.63684082,296.995483398,294.257629395,294.318115234,0
2025-02-26 12:00:00+00:00,294.297363281,294.688110352,291.617858887,291.617858887,0
2025-02-26 13:00:00+00:00,291.704986572,293.648895264,291.704986572,292.487579346,0
2025-02-26 14:00:00+00:00,292.517425537,294.49987793,288.91104126,294.455383301,5112736
2025-02-26 15:00:00+00:00,294.548919678,297.839050293,294.548919678,295.773101807,0
2025-02-26 16:00:00+00:00,295.79989624,296.973327637,293.432403564,296.149627686,0
2025-02-26 17:00:00+00:00,296.158691406,296.31161499,290.461669922,290.461669922,0
2025-02-26 18:00:00+00:00,291.00213623,292.751556396,284.613006592,284.613006592,16418752
2025-02-26 19:00:00+00:00,284.809387207,289.999511719,284.809387207,287.849761963,15230944
2025-02-26 20:00:00+00:00,287.792785645,296.056610107,286.940826416,296.055511475,17000512
2025-02-26 21:00:00+00:00,295.723449707,298.560119629,295.15045166,296.997833252,2440256
2025-02-26 22:00:00+00:00,298.040802002,300.43371582,295.756011963,297.134643555,1862464
2025-02-26 23:00:00+00:00,297.073883057,297.073883057,293.385101318,293.385101318,0
2025-02-27 00:00:00+00:00,293.377502441,294.072235107,291.432495117,293.270996094,0
2025-02-27 01:00:00+00:00,293.2371521,295.56161499,291.461364746,294.480438232,4471872
2025-02-27 02:00:00+00:00,294.290588379,295.739196777,293.548187256,293.666992188,0
2025-02-27 03:00:00+00:00,293.681304932,295.621948242,293.681304932,295.621948242,0
2025-02-27 04:00:00+00:00,295.507476807,296.059448242,294.290557861,294.937438965,0
2025-02-27 05:00:00+00:00,294.927337646,297.456329346,294.786773682,297.456329346,1135104
2025-02-27 06:00:00+00:00,297.439086914,300.63861084,297.159332275,299.781921387,0
2025-02-27 07:00:00+00:00,299.863067627,300.470397949,299.104644775,300.280395508,1300000
2025-02-27 08:00:00+00:00,300.284606934,300.667510986,299.382324219,299.647094727,0
2025-02-27 09:00:00+00:00,299.642791748,300.816986084,299.345214844,299.353820801,986656
2025-02-27 10:00:00+00:00,299.358612061,302.881530762,299.358612061,302.33215332,6289376
2025-02-27 11:00:00+00:00,302.351654053,302.737121582,300.871582031,301.257720947,0
2025-02-27 12:00:00+00:00,301.266082764,302.811553955,300.849121094,301.687225342,1090144
2025-02-27 13:00:00+00:00,301.680786133,301.928009033,300.406494141,300.706756592,0
2025-02-27 14:00:00+00:00,300.770904541,301.863677979,298.680297852,298.680297852,0
2025-02-27 15:00:00+00:00,298.639526367,299.970306396,296.427429199,299.194122314,0
2025-02-27 16:00:00+00:00,299.168060303,299.739318848,297.424835205,297.424835205,0
2025-02-27 17:00:00+00:00,297.41418457,298.155578613,296.795898438,298.155578613,0
2025-02-27 18:00:00+00:00,298.140533447,299.368713379,298.003173828,299.232086182,0
2025-02-27 19:00:00+00:00,299.150695801,299.150695801,294.665710449,295.182342529,0
2025-02-27 20:00:00+00:00,295.110198975,295.163024902,290.891418457,291.8253479,0
2025-02-27 21:00:00+00:00,291.853485107,294.992553711,290.605773926,294.992553711,2241376
2025-02-27 22:00:00+00:00,295.050994873,295.743469238,294.057983398,295.743469238,0
2025-02-27 23:00:00+00:00,295.788787842,297.190338135,295.528106689,296.690185547,2084320
2025-02-28 00:00:00+00:00,296.679656982,296.923065186,295.337036133,295.34979248,825312
2025-02-28 01:00:00+00:00,295.337158203,296.517333984,286.762390137,287.208984375,22248256
2025-02-28 02:00:00+00:00,287.125518799,288.582305908,279.030853271,281.617095947,32301184
2025-02-28 03:00:00+00:00,281.622406006,285.509643555,278.201171875,278.540771484,16723392
2025-02-28 04:00:00+00:00,278.253448486,278.253448486,273.986877441,277.011810303,20163488
2025-02-28 05:00:00+00:00,276.94720459,276.94720459,271.679412842,272.249359131,11022944
2025-02-28 06:00:00+00:00,272.28704834,274.677032471,270.618103027,271.903106689,16773152
2025-02-28 07:00:00+00:00,271.952819824,278.447753906,271.93145752,274.307342529,21106752
2025-02-28 08:00:00+00:00,274.356231689,276.956390381,270.856292725,276.956390381,17740256
2025-02-28 09:00:00+00:00,277.074859619,284.572174072,277.074859619,283.418609619,20917056
2025-02-28 10:00:00+00:00,283.446472168,283.573638916,279.532409668,280.301300049,0
2025-02-28 11:00:00+00:00,280.292541504,282.253631592,279.893951416,280.270233154,364544
2025-02-28 12:00:00+00:00,280.672454834,282.877044678,280.510345459,282.877044678,539744
2025-02-28 13:00:00+00:00,283.001037598,289.395446777,282.790893555,289.003723145,15304800
2025-02-28 14:00:00+00:00,289.020294189,296.973358154,289.020294189,295.243621826,20178144
2025-02-28 15:00:00+00:00,295.592041016,305.58782959,295.546203613,304.573425293,15159296
2025-02-28 16:00:00+00:00,304.582824707,312.767547607,304.582824707,309.747192383,18975264
2025-02-28 17:00:00+00:00,309.851898193,311.610931396,309.684082031,310.069122314,2872352
2025-02-28 18:00:00+00:00,310.065460205,314.829650879,309.442504883,313.980316162,8771168
2025-02-28 19:00:00+00:00,313.714111328,317.689544678,312.459228516,316.886627197,9248640
2025-02-28 20:00:00+00:00,316.935974121,318.556915283,314.874481201,318.556915283,0
2025-02-28 21:00:00+00:00,318.764038086,319.41003418,317.00302124,317.199554443,0
2025-02-28 22:00:00+00:00,317.615875244,317.697875977,314.952178955,315.415924072,95552
2025-02-28 23:00:00+00:00,315.317749023,316.501495361,315.317749023,315.614349365,3706176
2025-03-01 00:00:00+00:00,315.451263428,316.636688232,315.395080566,315.395080566,0
2025-03-01 01:00:00+00:00,315.252532959,319.968109131,314.901245117,319.786987305,0
2025-03-01 02:00:00+00:00,319.782287598,322.984558105,318.698791504,322.54510498,0
2025-03-01 03:00:00+00:00,322.547912598,323.294250488,321.552398682,322.88092041,0
2025-03-01 04:00:00+00:00,322.585540771,323.833435059,322.554168701,322.860137939,0
2025-03-01 05:00:00+00:00,322.817260742,322.817260742,318.189453125,318.189453125,0
2025-03-01 06:00:00+00:00,318.159088135,318.902709961,313.420776367,313.560943604,0
2025-03-01 07:00:00+00:00,313.568054199,313.72076416,311.565185547,312.511016846,0
2025-03-01 08:00:00+00:00,312.500488281,313.350799561,311.857513428,312.365600586,0
2025-03-01 09:00:00+00:00,312.345184326,314.021850586,311.947967529,312.506072998,0
2025-03-01 10:00:00+00:00,312.531066895,313.088134766,311.684661865,311.891571045,0
2025-03-01 11:00:00+00:00,312.342834473,312.347045898,310.073974609,310.442657471,1002272
2025-03-01 12:00:00+00:00,310.423034668,311.784301758,310.087310791,311.732269287,0
2025-03-01 13:00:00+00:00,311.322662354,311.476104736,308.657287598,308.7996521,0
2025-03-01 14:00:00+00:00,308.841217041,309.908813477,308.002990723,309.908813477,0
2025-03-01 15:00:00+00:00,309.861938477,310.565185547,308.720947266,309.467346191,0
2025-03-01 16:00:00+00:00,309.461547852,309.685943604,308.473419189,309.685943604,0
2025-03-01 17:00:00+00:00,309.743743896,310.381866455,308.631622314,309.797119141,0
2025-03-01 18:00:00+00:00,309.74810791,309.78125,308.533081055,309.2394104,0
2025-03-01 19:00:00+00:00,309.266448975,310.553009033,309.266448975,309.811828613,0
2025-03-01 20:00:00+00:00,309.790802002,309.959716797,309.146453857,309.689666748,0
2025-03-01 21:00:00+00:00,309.699523926,311.378448486,309.202087402,311.378448486,0
2025-03-01 22:00:00+00:00,311.337615967,313.478912354,311.337615967,312.635650635,0
2025-03-01 23:00:00+00:00,312.566101074,312.566101074,309.85949707,311.227600098,0
2025-03-02 00:00:00+00:00,311.2081604,313.586517334,310.017700195,313.473388672,0
2025-03-02 01:00:00+00:00,313.429138184,316.088928223,313.372894287,314.766967773,0
2025-03-02 02:00:00+00:00,314.754058838,315.688903809,312.648406982,313.258605957,0
2025-03-02 03:00:00+00:00,313.615234375,315.639953613,313.597106934,315.234436035,0
2025-03-02 04:00:00+00:00,315.170257568,317.083648682,314.945465088,315.687835693,91008
2025-03-02 05:00:00+00:00,316.12991333,317.819396973,316.00100708,316.737121582,1040688
2025-03-02 06:00:00+00:00,316.760467529,317.631530762,315.893127441,317.176849365,0
2025-03-02 07:00:00+00:00,316.881103516,318.558105469,316.881103516,317.235687256,2561680
2025-03-02 08:00:00+00:00,317.259765625,317.56149292,315.736358643,315.761383057,3525776
2025-03-02 09:00:00+00:00,315.635772705,318.624664307,315.635772705,316.125488281,8820704
2025-03-02 10:00:00+00:00,315.935974121,316.526031494,315.833618164,315.85760498,8945168
2025-03-02 11:00:00+00:00,315.849578857,319.40423584,315.849578857,318.316467285,21570832
2025-03-02 12:00:00+00:00,318.277862549,319.123291016,318.088928223,318.765106201,767616
2025-03-02 13:00:00+00:00,318.775939941,319.362365723,316.928131104,318.92791748,2376256
2025-03-02 14:00:00+00:00,318.914672852,319.363983154,316.003234863,316.241363525,0
2025-03-02 15:00:00+00:00,316.25402832,330.471069336,315.407867432,326.158752441,33376160
2025-03-02 16:00:00+00:00,325.725860596,340.070800781,324.573913574,338.834777832,56635328
2025-03-02 17:00:00+00:00,339.144714355,340.530731201,336.54776001,338.33782959,25371680
2025-03-02 18:00:00+00:00,338.330871582,339.277648926,332.414916992,335.299499512,13385184
2025-03-02 19:00:00+00:00,335.304962158,336.316070557,334.480316162,336.03326416,6831776
2025-03-02 20:00:00+00:00,336.032562256,336.210083008,334.201843262,334.201843262,5501984
2025-03-02 21:00:00+00:00,334.188751221,334.498840332,332.256317139,333.648468018,4505248
2025-03-02 22:00:00+00:00,333.641052246,334.526184082,332.073028564,334.195495605,3933280
2025-03-02 23:00:00+00:00,334.224609375,334.859039307,333.652282715,333.944274902,6230880
2025-03-03 00:00:00+00:00,333.960021973,334.361633301,332.110870361,333.389343262,3232960
2025-03-03 01:00:00+00:00,333.304840088,333.304840088,329.711914062,329.942871094,0
2025-03-03 02:00:00+00:00,329.775695801,329.775695801,325.567596436,328.350799561,3440064
2025-03-03 03:00:00+00:00,328.405090332,328.836608887,325.735656738,326.361572266,1952544
2025-03-03 04:00:00+00:00,326.4012146,327.107910156,325.793121338,325.793121338,845888
2025-03-03 05:00:00+00:00,325.792114258,326.921569824,325.719451904,326.626373291,8012832
2025-03-03 06:00:00+00:00,326.718719482,326.958343506,315.702178955,315.702178955,3135072
2025-03-03 07:00:00+00:00,316.075683594,318.666168213,315.239776611,318.666168213,2711712
2025-03-03 08:00:00+00:00,318.658905029,318.658905029,312.182952881,312.182952881,0
2025-03-03 09:00:00+00:00,312.537597656,317.996459961,312.060638428,317.996459961,0
2025-03-03 10:00:00+00:00,318.541625977,319.71194458,316.934326172,318.098266602,1812480
2025-03-03 11:00:00+00:00,318.311889648,318.69934082,317.635681152,318.263000488,0
2025-03-03 12:00:00+00:00,318.324432373,322.039398193,318.324432373,320.353424072,20222816
2025-03-03 13:00:00+00:00,320.249023438,346.423187256,318.742950439,346.423187256,56472288
2025-03-03 14:00:00+00:00,347.747833252,347.747833252,332.735076904,334.603759766,106214304
2025-03-03 15:00:00+00:00,334.001342773,348.684143066,333.661010742,346.506134033,30325952
2025-03-03 16:00:00+00:00,344.350280762,349.078948975,340.450012207,345.186065674,0
2025-03-03 17:00:00+00:00,343.964202881,346.546142578,343.456420898,343.456420898,0
2025-03-03 18:00:00+00:00,343.520782471,343.520782471,334.25189209,335.027496338,0
2025-03-03 19:00:00+00:00,336.211090088,336.670013428,325.695068359,325.695068359,12754560
2025-03-03 20:00:00+00:00,325.521087646,325.917510986,321.119262695,323.668151855,6908352
2025-03-03 21:00:00+00:00,323.72164917,326.445526123,319.708343506,319.708343506,1624704
2025-03-03 22:00:00+00:00,319.741455078,323.163360596,316.308532715,323.163360596,7237312
2025-03-03 23:00:00+00:00,323.364105225,325.21987915,320.449188232,320.449188232,4339712
2025-03-04 00:00:00+00:00,320.744232178,328.759033203,319.794525146,328.759033203,25411456
2025-03-04 01:00:00+00:00,328.383972168,328.383972168,308.560455322,308.922912598,27714752
2025-03-04 02:00:00+00:00,308.851013184,308.851013184,302.677581787,306.678253174,10816000
2025-03-04 03:00:00+00:00,306.421051025,306.421051025,302.34475708,305.811584473,5597568
2025-03-04 04:00:00+00:00,305.499725342,306.39276123,302.663757324,305.173065186,7358656
2025-03-04 05:00:00+00:00,305.115844727,310.326293945,304.537231445,310.326293945,2093696
2025-03-04 06:00:00+00:00,310.321105957,310.39465332,306.898986816,306.898986816,0
2025-03-04 07:00:00+00:00,306.692840576,309.046813965,305.772491455,306.539581299,5626688
2025-03-04 08:00:00+00:00,306.558197021,312.646850586,306.558197021,310.608734131,1105792
2025-03-04 09:00:00+00:00,311.984283447,313.354705811,309.102172852,309.380004883,0
2025-03-04 10:00:00+00:00,309.403289795,309.403289795,306.69934082,307.740753174,0
2025-03-04 11:00:00+00:00,307.743377686,307.743377686,305.309173584,305.572845459,0
2025-03-04 12:00:00+00:00,305.571563721,305.571563721,302.091705322,303.172027588,0
2025-03-04 13:00:00+00:00,302.653869629,302.653869629,296.74987793,296.74987793,0
2025-03-04 14:00:00+00:00,296.755981445,315.974945068,296.755981445,310.818450928,0
2025-03-04 15:00:00+00:00,310.898803711,310.898803711,302.588897705,304.356231689,0
2025-03-04 16:00:00+00:00,304.410064697,304.410064697,292.59387207,301.329864502,0
2025-03-04 17:00:00+00:00,301.164337158,311.232849121,300.598815918,310.374023438,0
2025-03-04 18:00:00+00:00,310.3644104,312.632873535,309.475738525,312.632873535,0
2025-03-04 19:00:00+00:00,312.538848877,315.581939697,312.4715271,315.221282959,0
2025-03-04 20:00:00+00:00,315.259063721,315.565612793,313.48538208,313.48538208,0
2025-03-04 21:00:00+00:00,313.482818604,319.221099854,312.161010742,317.808380127,237280
2025-03-04 22:00:00+00:00,317.80090332,322.175598145,317.80090332,320.992004395,0
2025-03-04 23:00:00+00:00,320.867431641,321.084594727,319.405517578,320.149963379,47456
2025-03-05 00:00:00+00:00,320.459777832,328.228729248,320.459777832,325.215576172,731008
2025-03-05 01:00:00+00:00,325.324768066,340.12210083,325.324768066,337.40637207,0
2025-03-05 02:00:00+00:00,336.597839355,348.607635498,332.082946777,347.6612854,20953792
2025-03-05 03:00:00+00:00,346.169128418,354.080352783,345.644042969,346.217346191,50941600
2025-03-05 04:00:00+00:00,344.721191406,346.597930908,343.838562012,345.518280029,6620576
2025-03-05 05:00:00+00:00,345.501586914,346.818939209,342.518585205,343.886810303,0
2025-03-05 06:00:00+00:00,343.881317139,356.414367676,340.201507568,354.924285889,40802144
2025-03-05 07:00:00+00:00,354.923492432,355.915740967,351.113800049,352.749145508,4028480
2025-03-05 08:00:00+00:00,353.159637451,355.39944458,352.606384277,352.606384277,0
2025-03-05 09:00:00+00:00,352.547821045,377.566772461,352.327636719,372.714141846,95117376
2025-03-05 10:00:00+00:00,372.110046387,379.775024414,372.110046387,377.577606201,43542784
2025-03-05 11:00:00+00:00,377.452026367,382.658477783,376.634613037,379.17276001,42138752
2025-03-05 12:00:00+00:00,378.967407227,386.773101807,378.15020752,383.165863037,51473088
2025-03-05 13:00:00+00:00,383.403656006,383.403656006,378.784729004,380.429046631,22853248
2025-03-05 14:00:00+00:00,380.365753174,382.50177002,375.831726074,380.41003418,15838592
2025-03-05 15:00:00+00:00,380.339233398,391.519500732,380.339233398,389.883422852,86425600
2025-03-05 16:00:00+00:00,389.810913086,390.958496094,384.803192139,388.59588623,49301824
2025-03-05 17:00:00+00:00,388.173217773,394.308502197,388.111572266,390.64352417,28174784
2025-03-05 18:00:00+00:00,390.946838379,390.946838379,387.03302002,389.898162842,15591360
2025-03-05 19:00:00+00:00,390.158111572,392.097442627,389.476623535,392.018737793,12872256
2025-03-05 20:00:00+00:00,391.92364502,394.635498047,391.368347168,391.525756836,22378688
2025-03-05 21:00:00+00:00,391.565185547,392.424591064,388.080627441,392.424591064,9321024
2025-03-05 22:00:00+00:00,392.305450439,392.583953857,390.093322754,390.576049805,7206400
2025-03-05 23:00:00+00:00,390.874145508,395.022949219,390.874145508,392.216796875,12471424
2025-03-06 00:00:00+00:00,392.207794189,392.351013184,385.434448242,388.558776855,0
2025-03-06 01:00:00+00:00,388.645843506,399.488769531,388.645843506,395.518127441,13682816
2025-03-06 02:00:00+00:00,395.518280029,400.18963623,394.017791748,395.365966797,0
2025-03-06 03:00:00+00:00,395.393157959,397.583679199,393.956329346,395.469543457,0
2025-03-06 04:00:00+00:00,395.437866211,402.841888428,395.437866211,401.831939697,18687232
2025-03-06 05:00:00+00:00,401.831329346,418.194061279,401.831329346,407.095123291,60855168
2025-03-06 06:00:00+00:00,407.245758057,407.245758057,403.26461792,405.829071045,0
2025-03-06 07:00:00+00:00,405.74822998,405.945770264,403.812225342,403.8465271,0
2025-03-06 08:00:00+00:00,403.856567383,404.173980713,397.6378479,398.475830078,7672064
2025-03-06 09:00:00+00:00,398.461975098,398.81048584,392.034393311,394.836181641,0
2025-03-06 10:00:00+00:00,394.681762695,401.421051025,394.557617188,399.859832764,0
2025-03-06 11:00:00+00:00,399.433197021,399.433197021,395.340667725,395.608947754,0
2025-03-06 12:00:00+00:00,395.648712158,396.253112793,394.109863281,394.426300049,0
2025-03-06 13:00:00+00:00,394.410095215,394.410095215,390.374572754,390.521118164,0
2025-03-06 14:00:00+00:00,390.291748047,391.874450684,385.833496094,388.169189453,0
2025-03-06 15:00:00+00:00,388.229827881,395.42880249,388.229827881,391.124176025,0
2025-03-06 16:00:00+00:00,392.048095703,393.517730713,390.99420166,390.99420166,0
2025-03-06 17:00:00+00:00,391.011932373,391.011932373,385.416778564,389.197174072,0
2025-03-06 18:00:00+00:00,388.978668213,389.281829834,387.762573242,389.281829834,0
2025-03-06 19:00:00+00:00,389.507171631,393.230560303,388.771484375,391.884887695,0
2025-03-06 20:00:00+00:00,391.212921143,393.392120361,391.212921143,393.392120361,0
2025-03-06 21:00:00+00:00,393.453857422,397.992706299,393.299865723,397.992706299,0
2025-03-06 22:00:00+00:00,397.933502197,401.728088379,395.257354736,395.58770752,2586176
2025-03-06 23:00:00+00:00,395.591217041,396.4425354,394.783966064,395.435302734,0
2025-03-07 00:00:00+00:00,395.435241699,397.428955078,385.040435791,386.931945801,21074176
2025-03-07 01:00:00+00:00,386.929595947,406.649017334,385.578369141,404.483917236,22606016
2025-03-07 02:00:00+00:00,405.529388428,407.315490723,401.455963135,403.573394775,0
2025-03-07 03:00:00+00:00,403.640716553,408.333099365,389.721588135,391.09475708,11601152
2025-03-07 04:00:00+00:00,391.271209717,397.329345703,391.271209717,392.752593994,0
2025-03-07 05:00:00+00:00,392.222808838,398.271392822,391.877563477,397.946380615,0
2025-03-07 06:00:00+00:00,397.61932373,401.820465088,397.61932373,401.032592773,0
2025-03-07 07:00:00+00:00,401.071258545,407.950805664,401.071258545,403.854248047,13535296
2025-03-07 08:00:00+00:00,403.90725708,403.915863037,398.725280762,398.725280762,0
2025-03-07 09:00:00+00:00,399.019195557,400.701141357,395.990936279,399.616699219,5197376
2025-03-07 10:00:00+00:00,399.884033203,402.375701904,399.146942139,402.037811279,0
2025-03-07 11:00:00+00:00,402.139556885,402.139556885,399.70904541,399.70904541,0
2025-03-07 12:00:00+00:00,399.532623291,402.317352295,398.178497314,398.971923828,0
2025-03-07 13:00:00+00:00,398.949310303,399.591552734,393.422790527,393.422790527,13217088
2025-03-07 14:00:00+00:00,393.132110596,397.832946777,390.427825928,396.132751465,0
2025-03-07 15:00:00+00:00,396.037597656,396.037597656,388.397491455,390.939910889,2604992
2025-03-07 16:00:00+00:00,390.97088623,390.97088623,384.632873535,385.373901367,7170112
2025-03-07 17:00:00+00:00,386.114196777,393.019714355,384.399810791,391.984680176,2513152
2025-03-07 18:00:00+00:00,391.705566406,395.280487061,391.175537109,395.101928711,2804416
2025-03-07 19:00:00+00:00,395.224243164,397.903961182,394.125701904,395.465698242,0
2025-03-07 20:00:00+00:00,395.496429443,399.572021484,395.334289551,396.10546875,5563776
2025-03-07 21:00:00+00:00,396.1171875,396.1171875,388.831451416,388.891571045,0
2025-03-07 22:00:00+00:00,388.848480225,393.671478271,388.825958252,393.521820068,0
2025-03-07 23:00:00+00:00,393.554901123,393.554901123,388.39642334,388.588226318,881536
2025-03-08 00:00:00+00:00,388.649749756,392.248779297,387.248931885,392.248779297,0
2025-03-08 01:00:00+00:00,392.28427124,392.871826172,381.191650391,383.87802124,0
2025-03-08 02:00:00+00:00,384.241241455,384.920959473,378.389953613,381.052215576,0
2025-03-08 03:00:00+00:00,381.058685303,382.471038818,379.930786133,380.697784424,0
2025-03-08 04:00:00+00:00,380.074676514,383.049102783,377.89352417,383.049102783,0
2025-03-08 05:00:00+00:00,383.037261963,383.984161377,380.419067383,381.356384277,0
2025-03-08 06:00:00+00:00,381.391174316,384.278106689,381.391174316,382.510375977,0
2025-03-08 07:00:00+00:00,382.510437012,383.766784668,381.991699219,382.068084717,0
2025-03-08 08:00:00+00:00,382.068756104,384.1355896,381.219329834,381.219329834,0
2025-03-08 09:00:00+00:00,381.21975708,382.280578613,377.641906738,378.084197998,0
2025-03-08 10:00:00+00:00,377.875244141,383.48324585,377.638885498,383.380737305,0
2025-03-08 11:00:00+00:00,383.345245361,385.776550293,382.874542236,384.717254639,121088
2025-03-08 12:00:00+00:00,384.830535889,387.974365234,384.830535889,387.856781006,0
2025-03-08 13:00:00+00:00,387.84664917,390.181762695,385.741424561,385.741424561,0
2025-03-08 14:00:00+00:00,385.165740967,388.214904785,385.165740967,388.214904785,0
2025-03-08 15:00:00+00:00,388.18536377,388.18536377,386.882537842,388.007629395,0
2025-03-08 16:00:00+00:00,387.997802734,391.401733398,386.90423584,387.223388672,0
2025-03-08 17:00:00+00:00,387.289733887,387.289733887,380.956512451,383.102142334,0
2025-03-08 18:00:00+00:00,383.295928955,385.060852051,382.59262085,385.060852051,0
2025-03-08 19:00:00+00:00,385.034545898,394.949615479,383.927093506,391.725769043,7382560
2025-03-08 20:00:00+00:00,391.740509033,391.740509033,388.161743164,388.289306641,0
2025-03-08 21:00:00+00:00,388.283752441,389.157196045,386.751556396,386.751556396,0
2025-03-08 22:00:00+00:00,386.790679932,388.410675049,386.790679932,388.410675049,0
2025-03-08 23:00:00+00:00,388.553314209,389.165985107,385.052154541,385.401550293,0
2025-03-09 00:00:00+00:00,385.559020996,386.437896729,382.797851562,382.940338135,0
2025-03-09 01:00:00+00:00,382.897338867,383.642181396,381.146148682,381.155487061,0
2025-03-09 02:00:00+00:00,381.16619873,381.248474121,378.96585083,379.784576416,0
2025-03-09 03:00:00+00:00,379.771118164,379.771118164,377.602294922,378.033447266,0
2025-03-09 04:00:00+00:00,377.698883057,379.087310791,377.152801514,378.903869629,0
2025-03-09 05:00:00+00:00,378.890106201,379.271636963,378.558166504,378.804595947,0
2025-03-09 06:00:00+00:00,378.685974121,378.695678711,377.147399902,377.147399902,0
2025-03-09 07:00:00+00:00,377.180023193,381.738311768,376.941986084,380.978790283,2800704
2025-03-09 08:00:00+00:00,380.979522705,381.0105896,377.282073975,377.72644043,0
2025-03-09 09:00:00+00:00,377.744598389,378.685638428,376.587402344,376.995910645,0
2025-03-09 10:00:00+00:00,376.77645874,377.37713623,371.080505371,372.021209717,10182656
2025-03-09 11:00:00+00:00,371.945098877,373.001342773,371.24307251,372.271057129,227392
2025-03-09 12:00:00+00:00,371.984954834,371.984954834,369.453063965,370.692962646,1051232
2025-03-09 13:00:00+00:00,370.706237793,372.448699951,369.314239502,369.600952148,0
2025-03-09 14:00:00+00:00,369.033477783,369.033477783,365.932067871,367.823120117,7113312
2025-03-09 15:00:00+00:00,368.631713867,371.124572754,367.094238281,367.128631592,8475264
2025-03-09 16:00:00+00:00,367.096618652,368.075805664,362.123718262,362.123718262,7863616
2025-03-09 17:00:00+00:00,362.047454834,364.841186523,361.838867188,363.656341553,0
2025-03-09 18:00:00+00:00,363.373413086,366.673706055,362.552429199,363.934814453,6195616
2025-03-09 19:00:00+00:00,363.877410889,367.674499512,363.284240723,366.785003662,0
2025-03-09 20:00:00+00:00,366.786743164,366.786743164,364.682434082,365.551361084,1701856
2025-03-09 21:00:00+00:00,365.578918457,365.942565918,361.968048096,362.274658203,2982688
2025-03-09 22:00:00+00:00,362.294219971,362.604858398,361.576904297,361.620697021,1615168
2025-03-09 23:00:00+00:00,361.532592773,361.800872803,356.660736084,357.231231689,6428224
2025-03-10 00:00:00+00:00,357.377990723,365.038879395,353.829345703,365.038879395,14750880
2025-03-10 01:00:00+00:00,366.087219238,369.475311279,361.754089355,362.815948486,19475648
2025-03-10 02:00:00+00:00,362.83026123,363.218933105,358.512664795,360.766143799,10583904
2025-03-10 03:00:00+00:00,360.78503418,362.045837402,358.349639893,360.98135376,3308928
2025-03-10 04:00:00+00:00,360.988769531,362.76348877,360.550811768,361.088409424,3938272
2025-03-10 05:00:00+00:00,361.00604248,361.708435059,359.481933594,360.185241699,3549344
2025-03-10 06:00:00+00:00,360.160064697,360.505432129,357.804534912,358.365447998,2627424
2025-03-10 07:00:00+00:00,358.34854126,360.116638184,355.971679688,356.272277832,0
2025-03-10 08:00:00+00:00,356.264587402,356.286254883,351.517944336,355.635681152,10019552
2025-03-10 09:00:00+00:00,356.061553955,369.031280518,356.061553955,363.311309814,18733440
2025-03-10 10:00:00+00:00,363.476501465,366.798675537,361.027954102,366.798675537,0
2025-03-10 11:00:00+00:00,366.997406006,369.594299316,365.723815918,369.594299316,722560
2025-03-10 12:00:00+00:00,369.585388184,369.585388184,367.511535645,369.221038818,4407072
2025-03-10 13:00:00+00:00,369.313232422,369.377593994,364.23928833,364.23928833,0
2025-03-10 14:00:00+00:00,364.181304932,364.181304932,351.220947266,351.220947266,3791296
2025-03-10 15:00:00+00:00,351.818481445,359.80960083,351.818481445,356.330718994,3560896
2025-03-10 16:00:00+00:00,356.262207031,356.262207031,348.286315918,349.165893555,0
2025-03-10 17:00:00+00:00,349.152923584,350.287841797,345.43649292,345.755249023,7371104
2025-03-10 18:00:00+00:00,345.645599365,348.259857178,338.985656738,338.985656738,0
2025-03-10 19:00:00+00:00,338.955657959,346.714569092,337.738250732,344.147369385,9512448
2025-03-10 20:00:00+00:00,344.224517822,344.56350708,340.3828125,341.936828613,1439168
2025-03-10 21:00:00+00:00,341.703796387,342.26385498,339.840209961,339.934265137,0
2025-03-10 22:00:00+00:00,339.830474854,340.052062988,335.073364258,335.472076416,0
2025-03-10 23:00:00+00:00,335.644805908,336.285125732,331.658996582,331.658996582,0
2025-03-11 00:00:00+00:00,331.618988037,333.845184326,319.821685791,320.255340576,4304896
2025-03-11 01:00:00+00:00,321.573974609,329.674835205,319.030670166,329.674835205,4142496
2025-03-11 02:00:00+00:00,329.719940186,335.793548584,329.719940186,335.583709717,0
2025-03-11 03:00:00+00:00,335.364013672,336.42980957,333.27633667,333.27633667,0
2025-03-11 04:00:00+00:00,333.23828125,334.350616455,331.639801025,331.94909668,0
2025-03-11 05:00:00+00:00,331.909088135,337.689971924,331.584594727,335.565032959,3748960
2025-03-11 06:00:00+00:00,335.522033691,336.654418945,334.293487549,334.293487549,3953216
2025-03-11 07:00:00+00:00,334.262359619,337.446990967,333.120483398,337.336975098,2363776
2025-03-11 08:00:00+00:00,337.356384277,341.589630127,337.28314209,340.823760986,0
2025-03-11 09:00:00+00:00,340.907562256,342.525970459,340.398773193,340.8777771,0
2025-03-11 10:00:00+00:00,340.827423096,340.827423096,338.025512695,338.025512695,0
2025-03-11 11:00:00+00:00,338.05670166,338.331878662,335.681640625,335.724273682,0
2025-03-11 12:00:00+00:00,335.760131836,335.760131836,333.091247559,333.467102051,0
2025-03-11 13:00:00+00:00,333.450439453,337.240570068,330.782714844,334.910736084,5743072
2025-03-11 14:00:00+00:00,334.912109375,334.912109375,326.373260498,328.936065674,0
2025-03-11 15:00:00+00:00,328.856262207,336.435241699,328.202575684,336.435241699,1091136
2025-03-11 16:00:00+00:00,336.462768555,341.311401367,334.657775879,339.703338623,0
2025-03-11 17:00:00+00:00,339.668884277,339.668884277,333.691589355,336.250793457,0
2025-03-11 18:00:00+00:00,336.18661499,347.822296143,336.18661499,346.714813232,4300288
2025-03-11 19:00:00+00:00,346.501037598,349.09185791,345.523010254,347.576446533,0
2025-03-11 20:00:00+00:00,347.628662109,347.699829102,344.750762939,344.750762939,0
2025-03-11 21:00:00+00:00,344.741119385,345.262023926,342.429260254,343.31137085,0
2025-03-11 22:00:00+00:00,343.258331299,345.016815186,343.258331299,344.597076416,0
2025-03-11 23:00:00+00:00,344.742797852,344.742797852,339.493499756,339.493499756,0
2025-03-12 00:00:00+00:00,339.982269287,339.982269287,335.82635498,336.026184082,0
2025-03-12 01:00:00+00:00,336.131072998,344.48638916,336.131072998,344.157684326,0
2025-03-12 02:00:00+00:00,344.099121094,344.099121094,334.453063965,334.453063965,0
2025-03-12 03:00:00+00:00,334.541412354,336.492340088,334.501464844,335.358978271,0
2025-03-12 04:00:00+00:00,334.295654297,334.827819824,331.361755371,331.779693604,2589984
2025-03-12 05:00:00+00:00,331.895843506,334.40133667,331.895843506,334.026092529,179360
2025-03-12 06:00:00+00:00,334.031463623,335.638519287,332.721832275,332.930603027,0
2025-03-12 07:00:00+00:00,332.945159912,335.726654053,332.945159912,335.703430176,1684128
2025-03-12 08:00:00+00:00,335.675476074,338.992736816,334.058258057,338.222229004,1012928
2025-03-12 09:00:00+00:00,338.191497803,339.34552002,334.228973389,334.65423584,0
2025-03-12 10:00:00+00:00,334.671691895,334.98815918,331.975830078,333.016845703,853280
2025-03-12 11:00:00+00:00,333.012908936,335.112854004,333.012908936,334.709228516,123776
2025-03-12 12:00:00+00:00,334.714141846,338.608154297,333.805480957,337.234558105,12320480
2025-03-12 13:00:00+00:00,338.624847412,351.480743408,338.624847412,342.167480469,44515328
2025-03-12 14:00:00+00:00,342.28994751,342.879760742,336.107025146,336.107025146,0
2025-03-12 15:00:00+00:00,336.248748779,339.187072754,334.255126953,339.187072754,2303424
2025-03-12 16:00:00+00:00,339.287506104,353.663146973,339.287506104,353.069641113,10299328
2025-03-12 17:00:00+00:00,353.064575195,357.727203369,352.048522949,352.048522949,21037120
2025-03-12 18:00:00+00:00,351.63381958,353.665435791,351.476470947,352.485351562,0
2025-03-12 19:00:00+00:00,352.530548096,356.637969971,352.218811035,356.637969971,0
2025-03-12 20:00:00+00:00,356.357727051,357.887390137,355.742553711,355.962493896,1397056
2025-03-12 21:00:00+00:00,356.023284912,358.68927002,355.511566162,356.918670654,5145440
2025-03-12 22:00:00+00:00,357.119018555,360.124816895,357.119018555,360.124816895,4062496
2025-03-12 23:00:00+00:00,360.14151001,360.14151001,351.907287598,353.958007812,12699200
2025-03-13 00:00:00+00:00,353.930358887,354.046051025,352.032745361,353.999603271,400512
2025-03-13 01:00:00+00:00,353.988739014,355.024963379,350.858642578,352.230255127,0
2025-03-13 02:00:00+00:00,352.214294434,353.697845459,348.066802979,348.066802979,0
2025-03-13 03:00:00+00:00,348.029632568,348.169555664,345.430419922,345.430419922,252928
2025-03-13 04:00:00+00:00,345.424804688,345.9112854,341.869750977,341.869750977,0
2025-03-13 05:00:00+00:00,341.740020752,341.825012207,339.083312988,339.1222229,0
2025-03-13 06:00:00+00:00,339.105743408,339.105743408,336.815155029,336.98651123,446496
2025-03-13 07:00:00+00:00,337.332458496,340.339660645,336.649139404,336.847320557,199360
2025-03-13 08:00:00+00:00,336.851654053,337.071228027,332.286499023,332.785644531,3754464
2025-03-13 09:00:00+00:00,332.787536621,336.766540527,332.787536621,336.425079346,7508480
2025-03-13 10:00:00+00:00,336.411193848,336.411193848,332.925018311,334.24407959,2817760
2025-03-13 11:00:00+00:00,334.258422852,334.693054199,333.789703369,334.693054199,3563584
2025-03-13 12:00:00+00:00,334.70223999,336.913299561,332.611114502,332.611114502,0
2025-03-13 13:00:00+00:00,333.007781982,334.57119751,330.378662109,330.378662109,0
2025-03-13 14:00:00+00:00,330.391204834,333.595794678,330.391204834,332.266937256,0
2025-03-13 15:00:00+00:00,332.303253174,332.303253174,330.177490234,330.177490234,0
2025-03-13 16:00:00+00:00,330.228027344,330.97354126,328.801147461,328.801147461,0
2025-03-13 17:00:00+00:00,328.882141113,329.308380127,326.598510742,326.598510742,0
2025-03-13 18:00:00+00:00,326.369934082,329.242736816,326.369934082,327.439819336,1851520
2025-03-13 19:00:00+00:00,327.504455566,328.200958252,325.19732666,325.431304932,0
2025-03-13 20:00:00+00:00,325.343078613,327.271911621,325.194274902,326.092987061,0
2025-03-13 21:00:00+00:00,325.932037354,327.046356201,324.751190186,327.046356201,0
2025-03-13 22:00:00+00:00,327.038085938,329.914581299,327.038085938,329.533325195,0
2025-03-13 23:00:00+00:00,329.540527344,329.540527344,325.950531006,326.129730225,0
2025-03-14 00:00:00+00:00,326.11630249,330.156677246,325.717315674,330.025390625,429632
2025-03-14 01:00:00+00:00,330.008361816,330.008361816,328.035736084,328.035736084,0
2025-03-14 02:00:00+00:00,328.010864258,329.392547607,327.355102539,329.392547607,0
2025-03-14 03:00:00+00:00,329.682617188,329.682617188,326.957824707,327.248779297,0
2025-03-14 04:00:00+00:00,327.418457031,327.742218018,326.290039062,326.697052002,0
2025-03-14 05:00:00+00:00,326.70703125,327.730926514,326.363739014,327.730926514,0
2025-03-14 06:00:00+00:00,327.743469238,327.867279053,326.172790527,326.530029297,0
2025-03-14 07:00:00+00:00,326.532928467,328.435424805,325.831451416,328.257537842,0
2025-03-14 08:00:00+00:00,328.177642822,330.10345459,327.607086182,329.690917969,0
2025-03-14 09:00:00+00:00,329.64074707,333.558044434,329.64074707,332.033447266,6196784
2025-03-14 10:00:00+00:00,332.08505249,333.117156982,330.638000488,333.117156982,0
2025-03-14 11:00:00+00:00,333.353515625,334.125,331.625,331.766937256,0
2025-03-14 12:00:00+00:00,331.766662598,332.708770752,329.21395874,329.8409729,0
2025-03-14 13:00:00+00:00,329.978485107,330.883544922,328.223907471,329.623168945,0
2025-03-14 14:00:00+00:00,329.705688477,330.021453857,327.541168213,329.061462402,4456320
2025-03-14 15:00:00+00:00,329.17565918,334.074401855,329.17565918,330.978057861,9112704
2025-03-14 16:00:00+00:00,331.139373779,331.155090332,329.323913574,330.492889404,531392
2025-03-14 17:00:00+00:00,330.492889404,330.540740967,328.460723877,329.667785645,22528
2025-03-14 18:00:00+00:00,329.64855957,331.235137939,329.545532227,330.382446289,22848
2025-03-14 19:00:00+00:00,330.369506836,330.889678955,328.604858398,328.93737793,0
2025-03-14 20:00:00+00:00,328.939025879,328.939025879,326.13494873,326.628814697,308608
2025-03-14 21:00:00+00:00,326.612091064,327.914733887,326.0625,327.840484619,0
2025-03-14 22:00:00+00:00,327.821350098,331.651672363,327.203430176,331.651672363,16490144
2025-03-14 23:00:00+00:00,331.63885498,331.969299316,329.492492676,330.356567383,6998880
2025-03-15 00:00:00+00:00,330.495147705,335.937072754,330.495147705,332.637390137,12435104
2025-03-15 01:00:00+00:00,332.665802002,332.681427002,328.787628174,329.068115234,2863008
2025-03-15 02:00:00+00:00,329.072967529,329.754425049,328.575500488,329.747253418,0
2025-03-15 03:00:00+00:00,330.028564453,333.391540527,330.028564453,332.64239502,145120
2025-03-15 04:00:00+00:00,332.624725342,336.403198242,332.624725342,335.540557861,2734816
2025-03-15 05:00:00+00:00,335.537628174,335.537628174,332.711883545,332.711883545,0
2025-03-15 06:00:00+00:00,332.702301025,334.373168945,332.441436768,333.43951416,0
2025-03-15 07:00:00+00:00,333.568328857,334.43560791,332.132324219,334.43560791,0
2025-03-15 08:00:00+00:00,334.525665283,341.956298828,334.525665283,341.956298828,43442752
2025-03-15 09:00:00+00:00,341.902862549,351.31817627,341.902862549,349.588134766,134885344
2025-03-15 10:00:00+00:00,349.420654297,349.420654297,341.410766602,343.486236572,28941440
2025-03-15 11:00:00+00:00,343.449829102,344.504455566,343.162475586,343.162475586,6720832
2025-03-15 12:00:00+00:00,343.178955078,343.337432861,340.743286133,340.743286133,1187104
2025-03-15 13:00:00+00:00,340.740936279,340.740936279,338.483276367,338.920440674,3332928
2025-03-15 14:00:00+00:00,338.911804199,338.911804199,336.868469238,338.732055664,0
2025-03-15 15:00:00+00:00,338.716033936,342.087646484,338.203918457,340.832733154,0
2025-03-15 16:00:00+00:00,340.536224365,346.236206055,340.087188721,345.393920898,7710304
2025-03-15 17:00:00+00:00,345.351257324,346.000640869,343.989868164,344.306427002,0
2025-03-15 18:00:00+00:00,344.301696777,346.959014893,344.301696777,346.591766357,0
2025-03-15 19:00:00+00:00,346.581817627,346.581817627,344.738128662,344.807220459,1710336
2025-03-15 20:00:00+00:00,344.823822021,345.01071167,344.435211182,344.905883789,0
2025-03-15 21:00:00+00:00,344.926422119,345.90411377,344.860229492,345.020965576,0
2025-03-15 22:00:00+00:00,344.905029297,344.905029297,343.636657715,343.959472656,0
2025-03-15 23:00:00+00:00,343.964050293,344.025238037,342.64151001,342.820892334,0
2025-03-16 00:00:00+00:00,342.572021484,342.572021484,341.249816895,341.32019043,0
2025-03-16 01:00:00+00:00,341.311798096,341.321380615,338.476989746,338.476989746,0
2025-03-16 02:00:00+00:00,338.420196533,339.006011963,336.945800781,337.952728271,2274528
2025-03-16 03:00:00+00:00,337.9503479,338.667816162,337.617950439,338.658203125,789920
2025-03-16 04:00:00+00:00,338.652130127,340.10836792,338.356750488,339.003662109,0
2025-03-16 05:00:00+00:00,339.010528564,339.539794922,338.714752197,338.75894165,0
2025-03-16 06:00:00+00:00,338.770141602,338.810943604,338.378265381,338.631774902,672064
2025-03-16 07:00:00+00:00,338.635955811,339.631835938,338.541137695,339.254180908,467648
2025-03-16 08:00:00+00:00,339.28729248,339.542572021,337.835510254,337.925384521,0
2025-03-16 09:00:00+00:00,337.979766846,337.979766846,333.338745117,333.963806152,0
2025-03-16 10:00:00+00:00,333.651153564,334.180603027,331.387390137,331.394134521,0
2025-03-16 11:00:00+00:00,331.086517334,331.086517334,325.593811035,325.835906982,0
2025-03-16 12:00:00+00:00,325.76260376,327.286132812,325.76260376,326.041015625,0
2025-03-16 13:00:00+00:00,326.019073486,328.326965332,325.745483398,327.121917725,0
2025-03-16 14:00:00+00:00,327.119445801,330.200286865,327.119445801,330.200286865,1864640
2025-03-16 15:00:00+00:00,330.226013184,330.677276611,329.815093994,330.22442627,0
2025-03-16 16:00:00+00:00,330.043243408,334.197692871,329.836151123,331.913604736,0
2025-03-16 17:00:00+00:00,331.839538574,334.896697998,331.733520508,334.896697998,0
2025-03-16 18:00:00+00:00,334.875488281,337.244750977,334.048065186,336.278442383,2995824
2025-03-16 19:00:00+00:00,335.893035889,335.893035889,332.364868164,333.373565674,2160736
2025-03-16 20:00:00+00:00,333.641937256,335.320159912,333.426330566,334.750030518,2968416
2025-03-16 21:00:00+00:00,334.808227539,335.684234619,333.942474365,334.356628418,283584
2025-03-16 22:00:00+00:00,334.462585449,335.146850586,333.25213623,333.254486084,912336
2025-03-16 23:00:00+00:00,333.057098389,334.148010254,332.829681396,332.961151123,1022704
2025-03-17 00:00:00+00:00,332.987670898,337.261535645,332.987670898,337.224517822,3437696
2025-03-17 01:00:00+00:00,337.25177002,338.464111328,336.088104248,337.903503418,1937552
2025-03-17 02:00:00+00:00,337.927978516,339.200836182,336.983062744,338.585021973,2450320
2025-03-17 03:00:00+00:00,338.583221436,339.304901123,336.923583984,337.07144165,904080
2025-03-17 04:00:00+00:00,337.064086914,338.342071533,336.779205322,337.630615234,2050848
2025-03-17 05:00:00+00:00,337.376922607,337.376922607,334.50302124,334.50302124,2028544
2025-03-17 06:00:00+00:00,334.46887207,334.46887207,331.622039795,332.688598633,963264
2025-03-17 07:00:00+00:00,332.68850708,334.534240723,332.458129883,333.242614746,208096
2025-03-17 08:00:00+00:00,333.234619141,336.129455566,331.865112305,336.101257324,2283520
2025-03-17 09:00:00+00:00,335.939453125,336.638244629,334.06439209,336.422973633,8893408
2025-03-17 10:00:00+00:00,336.435455322,336.849304199,335.708831787,335.991088867,0
2025-03-17 11:00:00+00:00,335.985076904,337.354156494,335.034576416,337.354156494,0
2025-03-17 12:00:00+00:00,338.072265625,338.11126709,336.031005859,336.085632324,5276384
2025-03-17 13:00:00+00:00,336.17678833,338.861328125,335.774169922,338.861328125,0
2025-03-17 14:00:00+00:00,338.856323242,339.689056396,338.240234375,339.154022217,5313504
2025-03-17 15:00:00+00:00,339.127258301,341.826049805,338.007110596,339.071075439,3387136
2025-03-17 16:00:00+00:00,339.092193604,339.796722412,337.072937012,337.571716309,0
2025-03-17 17:00:00+00:00,336.960784912,341.025756836,336.145874023,340.933563232,3752064
2025-03-17 18:00:00+00:00,341.325592041,341.728027344,340.674163818,341.174957275,0
2025-03-17 19:00:00+00:00,341.325531006,341.855407715,340.098144531,340.098144531,0
2025-03-17 20:00:00+00:00,340.082977295,340.117980957,337.622955322,337.622955322,0
2025-03-17 21:00:00+00:00,337.652282715,338.924255371,337.55871582,338.861328125,18784
2025-03-17 22:00:00+00:00,338.826599121,338.826599121,336.699432373,336.699432373,0
2025-03-17 23:00:00+00:00,336.686553955,337.767974854,336.431060791,337.767974854,10592
2025-03-18 00:00:00+00:00,337.704803467,337.704803467,334.734313965,334.809967041,0
2025-03-18 01:00:00+00:00,334.833953857,335.070983887,332.63168335,332.733825684,0
2025-03-18 02:00:00+00:00,332.83972168,334.828643799,332.83972168,334.471893311,0
2025-03-18 03:00:00+00:00,334.416168213,334.458618164,333.223052979,333.441131592,0
2025-03-18 04:00:00+00:00,333.457794189,333.728942871,332.143615723,332.502258301,0
2025-03-18 05:00:00+00:00,332.501037598,333.353942871,332.27154541,332.27154541,0
2025-03-18 06:00:00+00:00,332.273498535,332.32699585,330.022583008,330.302154541,0
2025-03-18 07:00:00+00:00,330.306945801,336.408935547,330.175018311,335.975952148,11507648
2025-03-18 08:00:00+00:00,335.880065918,339.039733887,334.505767822,338.998046875,3815936
2025-03-18 09:00:00+00:00,339.070404053,343.120391846,339.070404053,342.172546387,3604576
2025-03-18 10:00:00+00:00,342.230102539,342.230102539,337.993774414,338.094146729,6168576
2025-03-18 11:00:00+00:00,338.119140625,338.923828125,337.236114502,337.600341797,3011840
2025-03-18 12:00:00+00:00,337.735961914,339.332855225,337.123565674,337.123565674,0
2025-03-18 13:00:00+00:00,337.078155518,337.095275879,331.094360352,331.094360352,3941632
2025-03-18 14:00:00+00:00,331.27923584,334.807983398,331.27923584,334.807983398,0
2025-03-18 15:00:00+00:00,335.423828125,335.423828125,331.58001709,331.58001709,0
2025-03-18 16:00:00+00:00,331.569610596,332.888549805,330.651702881,331.503723145,0
2025-03-18 17:00:00+00:00,331.619659424,332.620941162,330.81741333,332.09576416,0
2025-03-18 18:00:00+00:00,332.055877686,333.22833252,330.487030029,331.003479004,4360256
2025-03-18 19:00:00+00:00,330.925109863,333.110565186,330.925109863,333.110565186,1397792
2025-03-18 20:00:00+00:00,333.041564941,335.064666748,333.041564941,335.00970459,1194720
2025-03-18 21:00:00+00:00,335.049346924,335.250305176,333.103759766,333.921112061,2470240
2025-03-18 22:00:00+00:00,334.109771729,336.088165283,333.811767578,336.088165283,1006608
2025-03-18 23:00:00+00:00,336.140411377,336.526824951,334.964385986,335.148651123,2308720
2025-03-19 00:00:00+00:00,335.157073975,335.943939209,334.97845459,335.379180908,292448
2025-03-19 01:00:00+00:00,335.407348633,336.018188477,334.649505615,334.825317383,0
2025-03-19 02:00:00+00:00,334.792175293,334.792175293,332.703094482,334.055297852,1192672
2025-03-19 03:00:00+00:00,334.067443848,335.083496094,333.267852783,335.083496094,468048
2025-03-19 04:00:00+00:00,335.07409668,335.188140869,332.818786621,333.418609619,455440
2025-03-19 05:00:00+00:00,333.415039062,334.109222412,332.790802002,333.497924805,1669952
2025-03-19 06:00:00+00:00,333.48626709,333.926940918,332.751586914,333.145874023,1241136
2025-03-19 07:00:00+00:00,333.15020752,334.853027344,332.956878662,333.954711914,0
2025-03-19 08:00:00+00:00,333.839904785,336.65322876,333.839904785,335.662017822,2611248
2025-03-19 09:00:00+00:00,335.578186035,335.636627197,333.276123047,333.845611572,0
2025-03-19 10:00:00+00:00,333.866973877,336.311767578,333.782318115,335.47088623,4784
2025-03-19 11:00:00+00:00,335.442810059,340.589996338,335.416656494,340.305297852,7440080
2025-03-19 12:00:00+00:00,340.278564453,340.763061523,337.032958984,338.197265625,4104352
2025-03-19 13:00:00+00:00,338.289245605,342.164306641,338.237091064,340.903930664,8233584
2025-03-19 14:00:00+00:00,340.897155762,343.383148193,340.746856689,341.054992676,3114720
2025-03-19 15:00:00+00:00,341.023376465,341.651000977,337.988494873,339.781799316,7267200
2025-03-19 16:00:00+00:00,339.766357422,339.766357422,338.142120361,339.696014404,0
2025-03-19 17:00:00+00:00,339.844573975,339.844573975,336.824432373,337.580566406,0
2025-03-19 18:00:00+00:00,337.585021973,341.172607422,337.147369385,341.172607422,7506656
2025-03-19 19:00:00+00:00,341.116851807,342.757781982,339.286804199,341.107177734,14233536
2025-03-19 20:00:00+00:00,341.161560059,342.735595703,341.161560059,341.936706543,9262240
2025-03-19 21:00:00+00:00,341.993225098,345.859222412,341.993225098,344.405059814,11384288
2025-03-19 22:00:00+00:00,344.313537598,346.029663086,344.277832031,345.179260254,9560032
2025-03-19 23:00:00+00:00,345.156860352,346.54019165,344.397338867,345.621368408,9361792
2025-03-20 00:00:00+00:00,345.620513916,346.858978271,344.554321289,345.004302979,8119648
2025-03-20 01:00:00+00:00,344.571655273,346.620391846,343.96194458,346.070770264,3064800
2025-03-20 02:00:00+00:00,346.052734375,349.555664062,346.052734375,349.555664062,6649760
2025-03-20 03:00:00+00:00,349.549041748,349.549041748,346.340057373,346.725982666,2358432
2025-03-20 04:00:00+00:00,346.67880249,347.695953369,346.57611084,347.036743164,1069344
2025-03-20 05:00:00+00:00,347.309295654,347.309295654,344.644287109,345.148132324,1256352
2025-03-20 06:00:00+00:00,345.089782715,345.303649902,342.748626709,342.940490723,42048
2025-03-20 07:00:00+00:00,342.91973877,344.00378418,342.655273438,343.863830566,0
2025-03-20 08:00:00+00:00,343.837463379,346.839996338,342.849304199,346.653839111,0
2025-03-20 09:00:00+00:00,346.666412354,347.040710449,345.200164795,345.570159912,124928
2025-03-20 10:00:00+00:00,345.58605957,345.58605957,340.946350098,344.113830566,0
2025-03-20 11:00:00+00:00,343.824462891,344.586029053,343.426269531,344.02633667,0
2025-03-20 12:00:00+00:00,344.141723633,345.079559326,343.952941895,345.045471191,0
2025-03-20 13:00:00+00:00,345.03338623,345.03338623,341.288970947,341.598999023,0
2025-03-20 14:00:00+00:00,342.093414307,343.138763428,341.583251953,342.388305664,0
2025-03-20 15:00:00+00:00,342.579467773,342.579467773,336.24118042,336.550292969,0
2025-03-20 16:00:00+00:00,336.409210205,336.409210205,330.598175049,330.674163818,6299264
2025-03-20 17:00:00+00:00,330.531921387,333.285644531,330.531921387,333.029968262,2215520
2025-03-20 18:00:00+00:00,333.038421631,334.340454102,332.98916626,333.072998047,0
2025-03-20 19:00:00+00:00,333.04498291,333.841217041,332.481903076,333.326538086,0
2025-03-20 20:00:00+00:00,333.317657471,334.748291016,332.034301758,334.695068359,0
2025-03-20 21:00:00+00:00,334.919281006,335.323791504,333.963439941,334.166290283,0
2025-03-20 22:00:00+00:00,334.153778076,334.438293457,333.052124023,333.052124023,0
2025-03-20 23:00:00+00:00,333.020355225,333.601287842,332.748382568,333.601287842,0
2025-03-21 00:00:00+00:00,333.573120117,333.93258667,332.552734375,333.086456299,0
2025-03-21 01:00:00+00:00,333.098937988,333.840240479,332.073577881,333.840240479,0
2025-03-21 02:00:00+00:00,333.790008545,333.790008545,331.717041016,332.116149902,0
2025-03-21 03:00:00+00:00,332.098632812,332.098632812,330.540039062,331.269317627,0
2025-03-21 04:00:00+00:00,331.285491943,333.505981445,331.158966064,333.221801758,0
2025-03-21 05:00:00+00:00,333.25970459,333.546234131,332.164123535,332.167663574,0
2025-03-21 06:00:00+00:00,332.288269043,333.027191162,331.740631104,331.955566406,0
2025-03-21 07:00:00+00:00,331.964691162,333.193115234,331.164367676,332.789337158,740032
2025-03-21 08:00:00+00:00,332.777252197,332.988647461,331.90234375,332.420684814,0
2025-03-21 09:00:00+00:00,332.421844482,334.343353271,332.137420654,333.988494873,0
2025-03-21 10:00:00+00:00,334.112335205,334.939178467,333.132537842,333.272613525,0
2025-03-21 11:00:00+00:00,333.795074463,334.350830078,333.114227295,334.139862061,1756976
2025-03-21 12:00:00+00:00,334.109558105,335.015319824,332.627685547,333.029022217,631024
2025-03-21 13:00:00+00:00,332.476013184,332.476013184,329.373779297,330.897491455,0
2025-03-21 14:00:00+00:00,330.560272217,330.560272217,328.958892822,329.354125977,312368
2025-03-21 15:00:00+00:00,329.665039062,329.665039062,327.156311035,327.496582031,0
2025-03-21 16:00:00+00:00,327.482879639,330.269226074,327.135498047,330.251220703,0
2025-03-21 17:00:00+00:00,330.28918457,330.479797363,328.904815674,329.542785645,1632176
2025-03-21 18:00:00+00:00,329.503662109,330.054321289,328.306518555,329.301300049,0
2025-03-21 19:00:00+00:00,329.280639648,329.280639648,327.229797363,327.772399902,165360
2025-03-21 20:00:00+00:00,327.76953125,328.384857178,327.433990479,328.330718994,167984
2025-03-21 21:00:00+00:00,328.286773682,328.715087891,327.135803223,328.063873291,35312
2025-03-21 22:00:00+00:00,327.529632568,327.529632568,325.136749268,326.060760498,1107776
2025-03-21 23:00:00+00:00,326.151092529,326.226013184,321.953216553,322.55960083,8511248
2025-03-22 00:00:00+00:00,322.650054932,323.530395508,322.226348877,323.530181885,4905824
2025-03-22 01:00:00+00:00,323.55960083,323.981750488,322.857971191,323.50982666,246832
2025-03-22 02:00:00+00:00,323.393859863,325.819030762,323.393859863,325.558532715,1577408
2025-03-22 03:00:00+00:00,325.573028564,325.616699219,324.504669189,325.024047852,0
2025-03-22 04:00:00+00:00,325.026092529,325.481292725,324.592071533,324.818481445,0
2025-03-22 05:00:00+00:00,324.898376465,325.249298096,324.636108398,325.249298096,0
2025-03-22 06:00:00+00:00,325.217529297,325.756774902,324.152435303,324.78112793,0
2025-03-22 07:00:00+00:00,324.717956543,325.312347412,324.701507568,324.942626953,0
2025-03-22 08:00:00+00:00,324.943328857,324.943328857,323.417694092,324.08404541,0
2025-03-22 09:00:00+00:00,324.086547852,325.707489014,323.989044189,325.117279053,0
2025-03-22 10:00:00+00:00,325.111450195,325.50088501,324.38494873,325.476837158,0
2025-03-22 11:00:00+00:00,325.454772949,325.454772949,324.714996338,324.726745605,0
2025-03-22 12:00:00+00:00,324.725585938,324.759155273,323.399383545,323.910125732,0
2025-03-22 13:00:00+00:00,323.899810791,324.221008301,323.194244385,323.541595459,0
2025-03-22 14:00:00+00:00,323.533325195,323.863555908,323.340576172,323.651885986,0
2025-03-22 15:00:00+00:00,323.621795654,324.020568848,322.690704346,322.707580566,0
2025-03-22 16:00:00+00:00,322.251342773,323.960479736,322.239135742,323.960479736,0
2025-03-22 17:00:00+00:00,323.970489502,325.192108154,323.847259521,325.156036377,719952
2025-03-22 18:00:00+00:00,325.142852783,325.557678223,325.016448975,325.076843262,0
2025-03-22 19:00:00+00:00,325.141448975,325.400421143,324.950500488,324.963165283,0
2025-03-22 20:00:00+00:00,325.075500488,325.395263672,324.222717285,324.222717285,0
2025-03-22 21:00:00+00:00,323.838226318,324.461975098,323.016906738,323.016906738,0
2025-03-22 22:00:00+00:00,322.729034424,323.075775146,322.128692627,322.131591797,0
2025-03-22 23:00:00+00:00,322.141235352,322.141235352,321.313446045,322.060211182,0
2025-03-23 00:00:00+00:00,322.077911377,322.837036133,322.077911377,322.350799561,0
2025-03-23 01:00:00+00:00,322.371032715,323.833251953,322.371032715,323.806243896,620336
2025-03-23 02:00:00+00:00,323.837341309,324.445739746,323.374298096,323.728240967,0
2025-03-23 03:00:00+00:00,323.720916748,323.831756592,323.00289917,323.12411499,0
2025-03-23 04:00:00+00:00,323.128875732,323.217987061,321.668609619,322.044372559,609904
2025-03-23 05:00:00+00:00,322.040161133,323.280517578,321.993225098,323.280517578,0
2025-03-23 06:00:00+00:00,323.357971191,323.909301758,322.860931396,323.881103516,0
2025-03-23 07:00:00+00:00,323.853302002,324.904632568,323.763916016,324.904632568,584224
2025-03-23 08:00:00+00:00,324.86026001,324.86026001,322.937744141,322.948150635,481616
2025-03-23 09:00:00+00:00,322.950836182,323.695068359,322.563140869,323.567596436,0
2025-03-23 10:00:00+00:00,323.563964844,324.400970459,323.505737305,323.763000488,1373952
2025-03-23 11:00:00+00:00,323.766937256,325.714630127,323.766937256,323.871673584,2728768
2025-03-23 12:00:00+00:00,324.043060303,324.201263428,323.059204102,323.067657471,0
2025-03-23 13:00:00+00:00,323.089660645,324.524841309,322.767852783,324.504089355,1617680
2025-03-23 14:00:00+00:00,324.67868042,324.879211426,323.73538208,323.84475708,1856400
2025-03-23 15:00:00+00:00,323.834777832,324.687713623,323.66583252,324.180053711,1057792
2025-03-23 16:00:00+00:00,324.186706543,324.504302979,322.003631592,322.014984131,1291360
2025-03-23 17:00:00+00:00,322.024871826,322.571380615,320.901794434,321.205413818,2895632
2025-03-23 18:00:00+00:00,321.209228516,322.169677734,321.006072998,322.154449463,2762960
2025-03-23 19:00:00+00:00,322.060058594,323.091064453,321.853637695,323.091064453,4761280
2025-03-23 20:00:00+00:00,323.07699585,323.195617676,322.876556396,322.876556396,340144
2025-03-23 21:00:00+00:00,322.9637146,323.814849854,322.266571045,323.708435059,312016
2025-03-23 22:00:00+00:00,324.204681396,325.466369629,324.204681396,324.659301758,3597776
2025-03-23 23:00:00+00:00,324.915618896,325.477478027,324.557312012,325.275756836,817056
2025-03-24 00:00:00+00:00,325.319793701,327.641418457,324.775787354,325.748504639,5215584
2025-03-24 01:00:00+00:00,325.751464844,325.751464844,322.093322754,322.093322754,1253840
2025-03-24 02:00:00+00:00,322.069244385,323.972290039,321.778900146,323.886199951,533696
2025-03-24 03:00:00+00:00,323.804046631,328.33190918,323.743865967,328.232727051,4721072
2025-03-24 04:00:00+00:00,328.23223877,330.014556885,326.305480957,327.384857178,9115424
2025-03-24 05:00:00+00:00,327.481048584,328.454345703,327.079620361,328.122039795,3041152
2025-03-24 06:00:00+00:00,328.135406494,330.678314209,328.135406494,330.678314209,2188432
2025-03-24 07:00:00+00:00,330.605438232,330.605438232,329.190948486,329.248596191,32800
2025-03-24 08:00:00+00:00,329.22543335,331.654174805,329.22543335,331.64239502,1297600
2025-03-24 09:00:00+00:00,331.595916748,331.595916748,329.75970459,330.153076172,2150784
2025-03-24 10:00:00+00:00,330.137817383,330.75390625,330.137817383,330.727630615,0
2025-03-24 11:00:00+00:00,330.792541504,330.898834229,329.734832764,330.338348389,0
2025-03-24 12:00:00+00:00,330.305236816,330.624176025,329.587646484,330.234710693,0
2025-03-24 13:00:00+00:00,330.200256348,330.200256348,328.163238525,329.862426758,1342912
2025-03-24 14:00:00+00:00,329.877380371,333.463195801,329.877380371,330.423706055,4222816
2025-03-24 15:00:00+00:00,330.307189941,333.053314209,329.799743652,332.574493408,3309392
2025-03-24 16:00:00+00:00,332.507629395,333.448394775,331.679840088,333.393951416,0
2025-03-24 17:00:00+00:00,333.469665527,335.127380371,333.469665527,334.638702393,0
2025-03-24 18:00:00+00:00,334.629333496,336.196563721,333.090393066,336.194122314,0
2025-03-24 19:00:00+00:00,335.998138428,336.028991699,335.062713623,336.028991699,0
2025-03-24 20:00:00+00:00,336.32522583,336.553192139,334.593475342,334.593475342,1065408
2025-03-24 21:00:00+00:00,334.535614014,334.965423584,332.787536621,333.437072754,4268208
2025-03-24 22:00:00+00:00,333.486480713,333.681304932,332.07824707,332.07824707,0
2025-03-24 23:00:00+00:00,332.102294922,332.245147705,331.026062012,332.109344482,0
2025-03-25 00:00:00+00:00,332.255096436,333.990325928,332.007568359,333.867126465,0
2025-03-25 01:00:00+00:00,333.862182617,333.879760742,329.777557373,330.790618896,0
2025-03-25 02:00:00+00:00,330.78793335,331.334960938,330.374053955,330.442321777,0
2025-03-25 03:00:00+00:00,330.429077148,331.041351318,328.18649292,328.328491211,0
2025-03-25 04:00:00+00:00,328.351135254,328.403259277,327.107177734,327.344787598,0
2025-03-25 05:00:00+00:00,327.632476807,329.102416992,327.632476807,328.848571777,0
2025-03-25 06:00:00+00:00,328.691497803,329.237426758,327.916137695,328.06640625,0
2025-03-25 07:00:00+00:00,328.03012085,329.213104248,328.03012085,328.595672607,0
2025-03-25 08:00:00+00:00,328.60043335,329.284667969,328.476196289,329.224273682,0
2025-03-25 09:00:00+00:00,329.221221924,329.221221924,327.386962891,328.986236572,0
2025-03-25 10:00:00+00:00,328.929443359,329.453155518,327.549133301,329.453155518,522960
2025-03-25 11:00:00+00:00,329.514465332,330.427429199,329.369262695,330.096099854,695344
2025-03-25 12:00:00+00:00,329.980682373,329.994140625,328.641235352,328.641235352,0
2025-03-25 13:00:00+00:00,328.636993408,331.505554199,328.636993408,330.067840576,194064
2025-03-25 14:00:00+00:00,330.11038208,335.621826172,329.515869141,335.117126465,5349440
2025-03-25 15:00:00+00:00,335.563720703,337.641265869,334.422851562,334.711029053,1177600
2025-03-25 16:00:00+00:00,334.684173584,336.912017822,334.684173584,336.894104004,787280
2025-03-25 17:00:00+00:00,336.63079834,338.406921387,336.339111328,338.029876709,2584304
2025-03-25 18:00:00+00:00,338.022216797,338.89730835,333.075622559,336.061950684,5938704
2025-03-25 19:00:00+00:00,336.057281494,336.8253479,334.761199951,335.624053955,3658032
2025-03-25 20:00:00+00:00,335.394134521,336.279754639,335.380157471,335.566650391,0
2025-03-25 21:00:00+00:00,335.460754395,336.382202148,335.460754395,335.970123291,0
2025-03-25 22:00:00+00:00,335.814910889,335.814910889,334.136016846,334.702941895,0
2025-03-25 23:00:00+00:00,334.700042725,336.178192139,333.307495117,335.666717529,8608688
2025-03-26 00:00:00+00:00,336.074188232,337.853729248,335.947113037,337.564086914,1941792
2025-03-26 01:00:00+00:00,337.539123535,340.330108643,337.539123535,338.890472412,920160
2025-03-26 02:00:00+00:00,338.895294189,338.994842529,334.495147705,334.495147705,34889856
2025-03-26 03:00:00+00:00,333.64743042,334.807281494,332.696472168,332.696472168,34629120
2025-03-26 04:00:00+00:00,332.716094971,332.754333496,330.392242432,331.148101807,23633888
2025-03-26 05:00:00+00:00,331.159912109,333.700164795,331.129241943,333.700164795,2374080
2025-03-26 06:00:00+00:00,333.750335693,335.052642822,333.139923096,335.052642822,1365248
2025-03-26 07:00:00+00:00,335.060516357,338.647674561,335.057342529,337.996704102,3170016
2025-03-26 08:00:00+00:00,338.047058105,339.152282715,337.693054199,337.893127441,2486528
2025-03-26 09:00:00+00:00,337.909698486,339.512115479,337.861968994,338.327514648,0
2025-03-26 10:00:00+00:00,338.362976074,339.443145752,338.038970947,338.180786133,43616
2025-03-26 11:00:00+00:00,338.20892334,338.549499512,337.807861328,337.919036865,912544
2025-03-26 12:00:00+00:00,337.901763916,338.143981934,336.516723633,337.208465576,1268736
2025-03-26 13:00:00+00:00,337.214202881,337.214202881,332.821136475,332.821136475,225568
2025-03-26 14:00:00+00:00,332.851806641,333.156921387,329.046417236,331.008026123,1409152
2025-03-26 15:00:00+00:00,330.997436523,332.186798096,330.672058105,331.548583984,0
2025-03-26 16:00:00+00:00,331.569030762,336.157714844,331.414093018,335.332672119,5913952
2025-03-26 17:00:00+00:00,335.342071533,335.938934326,333.348632812,334.789459229,0
2025-03-26 18:00:00+00:00,334.771270752,336.960266113,334.334503174,334.561065674,0
2025-03-26 19:00:00+00:00,334.575653076,334.829101562,330.997344971,334.357727051,752384
2025-03-26 20:00:00+00:00,334.252044678,337.788665771,334.168792725,337.588531494,5510880
2025-03-26 21:00:00+00:00,337.618164062,338.216522217,334.371490479,335.789245605,1694240
2025-03-26 22:00:00+00:00,335.765594482,335.841705322,332.470458984,333.941741943,3931904
2025-03-26 23:00:00+00:00,333.900939941,334.568359375,332.411224365,334.568359375,0
2025-03-27 00:00:00+00:00,334.595977783,337.652526855,334.595977783,337.043823242,6795904
2025-03-27 01:00:00+00:00,337.035125732,337.609619141,335.391937256,336.330566406,3376352
2025-03-27 02:00:00+00:00,336.329162598,337.962127686,336.077178955,337.664031982,0
2025-03-27 03:00:00+00:00,337.662353516,337.851165771,335.79510498,337.825164795,0
2025-03-27 04:00:00+00:00,338.096282959,339.119659424,336.126831055,339.031951904,0
2025-03-27 05:00:00+00:00,339.147460938,339.236541748,337.051818848,337.051818848,7302880
2025-03-27 06:00:00+00:00,337.002624512,338.717895508,336.179260254,336.310119629,278304
2025-03-27 07:00:00+00:00,336.283630371,337.661621094,335.892913818,336.411865234,0
2025-03-27 08:00:00+00:00,336.33795166,337.31729126,335.653900146,335.830200195,0
2025-03-27 09:00:00+00:00,335.809051514,335.809051514,334.277069092,334.518432617,1583776
2025-03-27 10:00:00+00:00,334.513031006,334.919525146,333.201568604,333.201568604,0
2025-03-27 11:00:00+00:00,333.173858643,333.543273926,330.748352051,330.770355225,6270144
2025-03-27 12:00:00+00:00,330.574035645,331.212249756,329.916473389,329.970916748,3266464
2025-03-27 13:00:00+00:00,329.985412598,330.580657959,323.832458496,325.367034912,1278464
2025-03-27 14:00:00+00:00,325.369659424,327.737182617,324.752441406,327.547332764,0
2025-03-27 15:00:00+00:00,327.581451416,327.831207275,324.695343018,325.767883301,0
2025-03-27 16:00:00+00:00,325.38973999,326.175354004,323.614501953,323.614501953,0
2025-03-27 17:00:00+00:00,323.181304932,323.497833252,321.701538086,322.100189209,1454560
2025-03-27 18:00:00+00:00,322.078918457,324.788421631,321.839355469,324.665496826,0
2025-03-27 19:00:00+00:00,324.643463135,324.643463135,322.89541626,322.89541626,0
2025-03-27 20:00:00+00:00,322.843933105,323.037963867,322.019622803,322.836853027,0
2025-03-27 21:00:00+00:00,322.82434082,326.379333496,321.930755615,326.145507812,2754144
2025-03-27 22:00:00+00:00,326.14831543,326.185180664,324.457855225,324.457855225,0
2025-03-27 23:00:00+00:00,324.447021484,324.950531006,323.783477783,324.700805664,0
2025-03-28 00:00:00+00:00,324.696228027,324.696228027,322.809173584,324.569824219,0
2025-03-28 01:00:00+00:00,324.679321289,326.173217773,323.629089355,325.01473999,0
2025-03-28 02:00:00+00:00,325.013031006,326.278259277,324.900970459,325.493438721,0
2025-03-28 03:00:00+00:00,325.490905762,325.490905762,322.52746582,323.593292236,0
2025-03-28 04:00:00+00:00,323.598876953,323.851654053,316.600524902,316.832336426,7568256
2025-03-28 05:00:00+00:00,317.026855469,317.14831543,314.08493042,315.378204346,0
2025-03-28 06:00:00+00:00,315.35824585,316.776000977,314.342987061,314.355834961,2211072
2025-03-28 07:00:00+00:00,314.257507324,314.978149414,313.460418701,313.463439941,1981328
2025-03-28 08:00:00+00:00,313.459869385,314.262542725,312.743041992,313.576019287,2807008
2025-03-28 09:00:00+00:00,313.308288574,313.308288574,311.768341064,311.768341064,0
2025-03-28 10:00:00+00:00,311.55255127,311.55255127,310.221160889,310.221160889,2978160
2025-03-28 11:00:00+00:00,310.113739014,313.638092041,309.504486084,313.638092041,632848
2025-03-28 12:00:00+00:00,313.541870117,313.541870117,310.33416748,310.972442627,0
2025-03-28 13:00:00+00:00,310.954833984,311.670928955,309.069671631,309.069671631,0
2025-03-28 14:00:00+00:00,308.96887207,309.756256104,308.051513672,309.212432861,0
2025-03-28 15:00:00+00:00,309.132629395,309.132629395,307.595306396,307.595306396,0
2025-03-28 16:00:00+00:00,307.314849854,307.931976318,305.264953613,305.264953613,0
2025-03-28 17:00:00+00:00,305.265625,307.11114502,305.101074219,307.11114502,0
2025-03-28 18:00:00+00:00,307.11138916,307.524993896,305.375671387,306.699737549,173504
2025-03-28 19:00:00+00:00,306.805877686,307.152160645,305.198852539,305.602478027,0
2025-03-28 20:00:00+00:00,305.584014893,307.265045166,305.579681396,305.796508789,1484272
2025-03-28 21:00:00+00:00,305.804931641,307.727783203,305.064300537,307.535736084,0
2025-03-28 22:00:00+00:00,307.564697266,308.348907471,307.486755371,308.182495117,0
2025-03-28 23:00:00+00:00,308.178253174,308.365814209,306.80859375,307.460876465,106000
2025-03-29 00:00:00+00:00,307.478759766,308.67276001,307.38369751,307.470123291,0
2025-03-29 01:00:00+00:00,307.478912354,307.478912354,306.332061768,306.755279541,0
2025-03-29 02:00:00+00:00,306.940917969,307.9034729,306.38458252,306.38458252,0
2025-03-29 03:00:00+00:00,306.042999268,306.511871338,302.584747314,306.511871338,1811472
2025-03-29 04:00:00+00:00,306.585968018,307.358337402,306.156829834,306.987457275,0
2025-03-29 05:00:00+00:00,306.994262695,307.589782715,306.556427002,307.506134033,0
2025-03-29 06:00:00+00:00,307.506347656,307.506347656,304.831207275,306.704559326,0
2025-03-29 07:00:00+00:00,306.700836182,307.381896973,305.567901611,306.157043457,0
2025-03-29 08:00:00+00:00,306.585235596,308.240203857,306.585235596,307.409301758,0
2025-03-29 09:00:00+00:00,307.484069824,307.717803955,305.19631958,305.690704346,0
2025-03-29 10:00:00+00:00,305.742523193,306.668029785,305.589630127,305.589630127,0
2025-03-29 11:00:00+00:00,305.191986084,305.232971191,300.939575195,301.677703857,0
2025-03-29 12:00:00+00:00,301.693145752,305.395843506,301.629272461,305.395843506,0
2025-03-29 13:00:00+00:00,305.665008545,308.368347168,305.665008545,307.19317627,0
2025-03-29 14:00:00+00:00,307.196807861,307.196807861,305.600128174,306.363555908,0
2025-03-29 15:00:00+00:00,306.370605469,307.17276001,305.763153076,306.471832275,0
2025-03-29 16:00:00+00:00,306.56048584,307.083129883,304.34954834,304.34954834,0
2025-03-29 17:00:00+00:00,304.346679688,305.019897461,299.927307129,302.250610352,6128784
2025-03-29 18:00:00+00:00,302.298431396,303.339294434,301.914886475,302.233459473,3451168
2025-03-29 19:00:00+00:00,302.031311035,302.160858154,300.363006592,301.568084717,0
2025-03-29 20:00:00+00:00,302.102142334,302.148742676,299.511291504,299.511291504,0
2025-03-29 21:00:00+00:00,299.522766113,301.003479004,299.489227295,301.003479004,519208
2025-03-29 22:00:00+00:00,300.852600098,301.661560059,300.30380249,300.478424072,0
2025-03-29 23:00:00+00:00,300.466522217,303.118896484,300.466522217,303.107391357,137584
2025-03-30 00:00:00+00:00,303.201019287,303.204284668,300.694519043,301.972900391,0
2025-03-30 01:00:00+00:00,301.976898193,304.717285156,301.976898193,303.905212402,0
2025-03-30 02:00:00+00:00,303.903076172,306.049194336,303.903076172,305.734527588,433120
2025-03-30 03:00:00+00:00,305.750549316,306.003631592,304.646057129,304.646057129,0
2025-03-30 04:00:00+00:00,304.576599121,306.466949463,304.576599121,306.312896729,417880
2025-03-30 05:00:00+00:00,306.333282471,307.214752197,306.333282471,306.373809814,0
2025-03-30 06:00:00+00:00,306.296600342,306.990386963,304.919616699,306.722747803,0
2025-03-30 07:00:00+00:00,306.909667969,307.815582275,306.909393311,307.043365479,0
2025-03-30 08:00:00+00:00,307.029571533,307.493499756,306.908782959,307.440032959,0
2025-03-30 09:00:00+00:00,307.547485352,307.578704834,307.14956665,307.253417969,0
2025-03-30 10:00:00+00:00,307.145111084,307.56427002,305.169616699,305.932342529,0
2025-03-30 11:00:00+00:00,305.827209473,307.265991211,305.827209473,306.375976562,0
2025-03-30 12:00:00+00:00,306.381591797,307.233978271,305.828399658,306.818206787,0
2025-03-30 13:00:00+00:00,306.820526123,307.005371094,304.975982666,304.975982666,0
2025-03-30 14:00:00+00:00,304.678955078,305.054138184,304.05178833,304.415863037,3089608
2025-03-30 15:00:00+00:00,304.397094727,305.312347412,303.656677246,303.656677246,0
2025-03-30 16:00:00+00:00,303.640960693,303.823638916,300.704437256,300.704437256,9121032
2025-03-30 17:00:00+00:00,300.72088623,302.147491455,300.325927734,301.271881104,0
2025-03-30 18:00:00+00:00,301.15045166,303.638000488,301.109222412,303.638000488,0
2025-03-30 19:00:00+00:00,303.642150879,304.112518311,302.720458984,302.78213501,4101712
2025-03-30 20:00:00+00:00,302.77130127,302.77130127,300.395172119,300.395172119,327664
2025-03-30 21:00:00+00:00,300.487731934,301.051605225,297.670349121,297.670349121,1575376
2025-03-30 22:00:00+00:00,297.836608887,300.135009766,294.550964355,299.483581543,12880832
2025-03-30 23:00:00+00:00,299.487487793,299.487487793,297.550445557,298.847625732,619176
2025-03-31 00:00:00+00:00,298.864715576,300.462219238,294.722015381,295.888122559,20069640
2025-03-31 01:00:00+00:00,295.981262207,301.670684814,295.981262207,301.096282959,17263824
2025-03-31 02:00:00+00:00,301.552978516,302.054626465,300.449188232,301.320770264,3510736
2025-03-31 03:00:00+00:00,301.015014648,301.38293457,297.456359863,297.5390625,6181648
2025-03-31 04:00:00+00:00,297.746643066,299.807006836,296.087554932,297.909301758,19326720
2025-03-31 05:00:00+00:00,297.906982422,300.231658936,297.906982422,298.903656006,1131024
2025-03-31 06:00:00+00:00,299.037689209,299.094146729,297.438201904,297.635742188,1263248
2025-03-31 07:00:00+00:00,297.655456543,298.640411377,294.528411865,294.843597412,2589072
2025-03-31 08:00:00+00:00,295.560546875,298.038116455,295.560546875,296.466094971,1676032
2025-03-31 09:00:00+00:00,296.386108398,296.386108398,290.239807129,290.363616943,11580784
2025-03-31 10:00:00+00:00,290.788391113,297.599334717,290.788391113,297.563171387,5640400
2025-03-31 11:00:00+00:00,297.557281494,298.998687744,296.765136719,298.716400146,20147056
2025-03-31 12:00:00+00:00,298.671661377,302.168670654,297.518890381,301.724334717,4623728
2025-03-31 13:00:00+00:00,301.690216064,301.706390381,297.437133789,299.627197266,1247072
2025-03-31 14:00:00+00:00,299.5496521,304.179931641,299.341094971,304.179931641,9446224
2025-03-31 15:00:00+00:00,304.2109375,305.4480896,303.675598145,305.227355957,4394048
2025-03-31 16:00:00+00:00,305.226837158,305.422180176,303.992004395,303.992004395,0
2025-03-31 17:00:00+00:00,303.956451416,304.177642822,301.401000977,301.948150635,0
2025-03-31 18:00:00+00:00,302.011871338,305.118682861,302.011871338,304.693939209,166960
2025-03-31 19:00:00+00:00,304.397705078,305.146575928,302.612365723,302.723510742,0
2025-03-31 20:00:00+00:00,302.44430542,304.548797607,302.44430542,303.697570801,809344
2025-03-31 21:00:00+00:00,303.703887939,304.311828613,303.489990234,303.62588501,0
2025-03-31 22:00:00+00:00,303.634399414,303.634399414,301.955871582,302.65838623,0
2025-03-31 23:00:00+00:00,302.671508789,303.50189209,302.671508789,303.323303223,224256
2025-04-01 00:00:00+00:00,303.311279297,304.316589355,303.166381836,303.942199707,0
2025-04-01 01:00:00+00:00,303.939941406,304.050811768,302.757598877,302.887451172,0
2025-04-01 02:00:00+00:00,302.706268311,304.820465088,302.706268311,304.820465088,0
2025-04-01 03:00:00+00:00,305.036682129,306.003570557,304.944732666,304.944732666,0
2025-04-01 04:00:00+00:00,304.937774658,307.13293457,304.873748779,307.13293457,0
2025-04-01 05:00:00+00:00,307.42364502,308.828735352,307.40802002,307.979156494,1501664
2025-04-01 06:00:00+00:00,307.96685791,309.659088135,307.282165527,309.503692627,0
2025-04-01 07:00:00+00:00,309.493774414,309.56137085,308.873046875,309.293792725,0
2025-04-01 08:00:00+00:00,309.500366211,313.499328613,309.500366211,313.499328613,2649616
2025-04-01 09:00:00+00:00,313.507171631,314.820098877,313.507171631,313.69229126,0
2025-04-01 10:00:00+00:00,313.633453369,313.647094727,312.469787598,312.996551514,0
2025-04-01 11:00:00+00:00,312.969421387,313.214752197,311.838562012,311.838562012,0
2025-04-01 12:00:00+00:00,311.890258789,313.221313477,311.155273438,311.155273438,0
2025-04-01 13:00:00+00:00,311.146148682,311.297515869,310.015441895,310.685028076,0
2025-04-01 14:00:00+00:00,310.759979248,311.867218018,307.249145508,311.867218018,0
2025-04-01 15:00:00+00:00,311.977172852,315.914093018,311.977172852,314.795806885,12136832
2025-04-01 16:00:00+00:00,314.786529541,315.113830566,312.245147705,312.838684082,0
2025-04-01 17:00:00+00:00,312.779205322,313.222106934,312.172546387,312.172851562,0
2025-04-01 18:00:00+00:00,312.167785645,312.167785645,308.682983398,309.457427979,5486320
2025-04-01 19:00:00+00:00,309.435791016,310.642822266,309.406982422,310.521606445,275040
2025-04-01 20:00:00+00:00,310.559448242,310.631591797,308.46194458,309.632659912,0
2025-04-01 21:00:00+00:00,309.641082764,310.52545166,309.390167236,309.785766602,284144
2025-04-01 22:00:00+00:00,309.762329102,310.951721191,309.685852051,309.685852051,6392432
2025-04-01 23:00:00+00:00,309.428222656,309.578979492,308.174377441,308.478149414,0
2025-04-02 00:00:00+00:00,308.459411621,308.459411621,306.073913574,306.078826904,0
2025-04-02 01:00:00+00:00,306.059875488,306.609222412,305.041259766,306.496307373,1914656
2025-04-02 02:00:00+00:00,306.482818604,306.580200195,304.183746338,305.436187744,3176080
2025-04-02 03:00:00+00:00,305.431915283,306.376556396,304.985046387,305.285644531,919280
2025-04-02 04:00:00+00:00,305.28427124,305.651550293,304.443481445,304.595031738,0
2025-04-02 05:00:00+00:00,304.663604736,304.842254639,302.908813477,302.926025391,0
2025-04-02 06:00:00+00:00,302.915374756,304.416259766,302.639648438,303.582244873,0
2025-04-02 07:00:00+00:00,303.590332031,309.87979126,303.242645264,304.241271973,19925664
2025-04-02 08:00:00+00:00,304.232116699,305.059570312,303.576751709,304.311584473,4805456
2025-04-02 09:00:00+00:00,304.329711914,306.927185059,304.329711914,305.929046631,617200
2025-04-02 10:00:00+00:00,305.960510254,306.573638916,305.273864746,305.540771484,0
2025-04-02 11:00:00+00:00,305.521728516,306.031341553,305.431610107,305.633361816,0
2025-04-02 12:00:00+00:00,305.645812988,305.85925293,304.229888916,305.85925293,926672
2025-04-02 13:00:00+00:00,305.880371094,307.916107178,303.981018066,307.420166016,2402352
2025-04-02 14:00:00+00:00,307.440368652,307.440368652,305.154815674,306.422119141,0
2025-04-02 15:00:00+00:00,306.422454834,313.551727295,306.422454834,310.641113281,9467664
2025-04-02 16:00:00+00:00,310.578918457,312.51348877,310.578918457,312.197418213,8262656
2025-04-02 17:00:00+00:00,312.133239746,312.133239746,308.076690674,308.846038818,2275760
2025-04-02 18:00:00+00:00,308.86907959,310.603759766,308.569091797,310.459960938,0
2025-04-02 19:00:00+00:00,310.440246582,310.674438477,309.663391113,310.674438477,0
2025-04-02 20:00:00+00:00,310.682922363,315.716033936,303.885528564,305.360229492,24720352
2025-04-02 21:00:00+00:00,305.378692627,305.553710938,301.717559814,302.538757324,3913296
2025-04-02 22:00:00+00:00,302.57989502,302.690216064,291.615600586,293.700164795,12582912
2025-04-02 23:00:00+00:00,293.578826904,295.574127197,291.124481201,293.847808838,11477728
2025-04-03 00:00:00+00:00,293.916656494,297.6378479,292.474212646,297.6378479,7799008
2025-04-03 01:00:00+00:00,297.659423828,301.212158203,297.659423828,301.212158203,7378240
2025-04-03 02:00:00+00:00,301.217376709,303.34576416,301.217376709,303.34576416,0
2025-04-03 03:00:00+00:00,303.596069336,304.920776367,302.528594971,302.855377197,15492256
2025-04-03 04:00:00+00:00,302.703338623,305.395355225,302.436126709,305.395355225,12982976
2025-04-03 05:00:00+00:00,305.485778809,305.505737305,303.651489258,304.223999023,249248
2025-04-03 06:00:00+00:00,304.218109131,304.706604004,303.448883057,303.541564941,2045408
2025-04-03 07:00:00+00:00,303.55456543,304.453887939,303.037872314,304.021972656,0
2025-04-03 08:00:00+00:00,304.011779785,307.259155273,304.011779785,306.720428467,2407936
2025-04-03 09:00:00+00:00,306.709289551,306.960968018,304.872680664,304.872680664,0
2025-04-03 10:00:00+00:00,304.875793457,304.875793457,301.312408447,301.313934326,7231072
2025-04-03 11:00:00+00:00,301.292144775,302.537597656,300.295471191,302.176086426,3043424
2025-04-03 12:00:00+00:00,302.227111816,302.5,296.939025879,297.539978027,2383360
2025-04-03 13:00:00+00:00,297.559661865,301.059753418,297.347106934,299.885467529,12759872
2025-04-03 14:00:00+00:00,299.811431885,299.811431885,293.445922852,293.445922852,6449728
2025-04-03 15:00:00+00:00,293.444793701,296.35748291,293.059448242,296.005401611,0
2025-04-03 16:00:00+00:00,295.988800049,296.688171387,295.259307861,295.269378662,0
2025-04-03 17:00:00+00:00,295.263427734,296.13571167,293.53515625,294.445678711,0
2025-04-03 18:00:00+00:00,294.425567627,295.343597412,293.766906738,294.901367188,2676000
2025-04-03 19:00:00+00:00,294.928466797,296.037811279,294.764862061,295.589477539,9287520
2025-04-03 20:00:00+00:00,295.537719727,296.547271729,293.476959229,296.51965332,0
2025-04-03 21:00:00+00:00,296.496643066,301.048919678,296.229858398,301.048919678,0
2025-04-03 22:00:00+00:00,301.096557617,301.801544189,300.127502441,300.127502441,0
2025-04-03 23:00:00+00:00,300.133514404,300.82824707,298.601928711,300.509338379,0
2025-04-04 00:00:00+00:00,300.538513184,301.882629395,300.538513184,300.703491211,0
2025-04-04 01:00:00+00:00,300.708526611,302.13571167,300.375823975,300.398590088,0
2025-04-04 02:00:00+00:00,300.272003174,302.668212891,299.768127441,301.420318604,0
2025-04-04 03:00:00+00:00,301.430328369,302.93170166,300.043273926,302.930480957,0
2025-04-04 04:00:00+00:00,302.96005249,304.124938965,302.528991699,304.124938965,0
2025-04-04 05:00:00+00:00,304.086975098,307.468444824,303.673919678,307.468444824,0
2025-04-04 06:00:00+00:00,307.492980957,308.868621826,307.492980957,307.904510498,0
2025-04-04 07:00:00+00:00,307.881835938,308.798095703,307.668518066,308.554168701,2104032
2025-04-04 08:00:00+00:00,308.561645508,309.721130371,308.529052734,309.449432373,0
2025-04-04 09:00:00+00:00,309.448669434,309.448669434,308.556365967,309.297454834,0
2025-04-04 10:00:00+00:00,309.275543213,309.275543213,302.146728516,302.146728516,0
2025-04-04 11:00:00+00:00,302.120483398,302.130279541,295.409759521,297.826324463,15200672
2025-04-04 12:00:00+00:00,297.940704346,299.168304443,297.04876709,299.164672852,6371392
2025-04-04 13:00:00+00:00,299.23651123,301.949493408,298.072357178,301.948303223,0
2025-04-04 14:00:00+00:00,301.936401367,302.438262939,296.729431152,298.859313965,0
2025-04-04 15:00:00+00:00,298.83190918,302.215057373,298.83190918,299.379638672,193712
2025-04-04 16:00:00+00:00,299.367584229,299.377349854,296.626098633,297.748931885,2192592
2025-04-04 17:00:00+00:00,297.729248047,303.637298584,296.936248779,303.637298584,7682112
2025-04-04 18:00:00+00:00,303.626922607,304.065643311,299.424835205,299.577148438,92464
2025-04-04 19:00:00+00:00,299.568115234,300.236724854,298.937469482,299.055297852,0
2025-04-04 20:00:00+00:00,299.062774658,300.478759766,298.741546631,300.456542969,0
2025-04-04 21:00:00+00:00,300.422485352,302.927032471,299.9503479,302.18862915,107104
2025-04-04 22:00:00+00:00,302.183013916,302.864807129,301.507141113,301.709381104,0
2025-04-04 23:00:00+00:00,301.710723877,301.710723877,300.480499268,301.255859375,0
2025-04-05 00:00:00+00:00,301.257629395,302.800628662,300.778564453,302.778778076,0
2025-04-05 01:00:00+00:00,302.748901367,303.092559814,302.192016602,302.294952393,0
2025-04-05 02:00:00+00:00,302.292297363,302.315155029,299.983886719,299.985076904,0
2025-04-05 03:00:00+00:00,299.971984863,300.486541748,299.783813477,300.16784668,0
2025-04-05 04:00:00+00:00,300.159820557,300.997161865,299.954315186,300.157348633,172320
2025-04-05 05:00:00+00:00,300.16583252,301.308044434,300.052856445,301.038909912,0
2025-04-05 06:00:00+00:00,301.014465332,301.014465332,299.609558105,299.817504883,0
2025-04-05 07:00:00+00:00,299.829528809,301.386444092,299.829528809,301.386444092,0
2025-04-05 08:00:00+00:00,301.383789062,302.535491943,301.383789062,302.52456665,0
2025-04-05 09:00:00+00:00,302.535095215,303.309387207,302.535095215,303.248382568,0
2025-04-05 10:00:00+00:00,303.251068115,303.911193848,302.975738525,302.975738525,0
2025-04-05 11:00:00+00:00,302.95703125,303.069213867,302.141448975,302.794219971,0
2025-04-05 12:00:00+00:00,302.796844482,303.126708984,301.191070557,301.631713867,0
2025-04-05 13:00:00+00:00,301.622253418,301.632354736,298.375732422,298.501861572,0
2025-04-05 14:00:00+00:00,298.462615967,299.348175049,298.462615967,299.147521973,0
2025-04-05 15:00:00+00:00,299.099395752,299.099395752,297.20098877,297.497528076,0
2025-04-05 16:00:00+00:00,297.500061035,297.91394043,297.304077148,297.448883057,0
2025-04-05 17:00:00+00:00,297.556732178,298.48916626,297.337280273,297.957397461,0
2025-04-05 18:00:00+00:00,297.949188232,299.380340576,297.79675293,299.380340576,0
2025-04-05 19:00:00+00:00,299.362762451,299.497894287,298.689727783,298.869049072,0
2025-04-05 20:00:00+00:00,299.001403809,300.498352051,298.97769165,300.279571533,0
2025-04-05 21:00:00+00:00,300.502685547,300.502685547,299.699829102,299.705627441,0
2025-04-05 22:00:00+00:00,299.705749512,301.011962891,299.610198975,301.011962891,0
2025-04-05 23:00:00+00:00,301.015563965,303.830047607,301.015563965,303.830047607,1367584
2025-04-06 00:00:00+00:00,303.868743896,306.990966797,303.868743896,305.475402832,3982176
2025-04-06 01:00:00+00:00,305.503509521,305.566345215,302.370910645,302.386657715,3922512
2025-04-06 02:00:00+00:00,302.396911621,302.396911621,298.170837402,298.170837402,5455552
2025-04-06 03:00:00+00:00,298.112213135,298.112213135,294.889282227,295.988708496,9196480
2025-04-06 04:00:00+00:00,295.923156738,296.15222168,295.290649414,296.15222168,2757536
2025-04-06 05:00:00+00:00,296.158782959,297.792175293,296.158782959,297.792175293,1310368
2025-04-06 06:00:00+00:00,297.795166016,297.917053223,295.466522217,295.46697998,0
2025-04-06 07:00:00+00:00,295.403839111,295.669006348,294.821136475,295.150970459,1681616
2025-04-06 08:00:00+00:00,295.150177002,295.646942139,294.419799805,295.646942139,2393296
2025-04-06 09:00:00+00:00,295.660339355,295.844909668,294.667694092,294.667694092,0
2025-04-06 10:00:00+00:00,294.664611816,294.664611816,293.469116211,294.130554199,0
2025-04-06 11:00:00+00:00,294.124603271,294.465637207,293.49887085,294.436187744,307376
2025-04-06 12:00:00+00:00,294.438232422,294.480895996,292.23815918,292.242370605,1007264
2025-04-06 13:00:00+00:00,292.229156494,292.731292725,289.496063232,289.525817871,1867136
2025-04-06 14:00:00+00:00,289.534759521,294.6328125,289.521636963,294.6328125,655296
2025-04-06 15:00:00+00:00,294.675964355,295.43572998,293.801635742,295.189025879,0
2025-04-06 16:00:00+00:00,295.176574707,295.781341553,293.907348633,293.907348633,621408
2025-04-06 17:00:00+00:00,293.77243042,293.77243042,290.732452393,291.548248291,4270400
2025-04-06 18:00:00+00:00,291.582244873,291.582244873,275.52053833,276.941589355,18276256
2025-04-06 19:00:00+00:00,276.987823486,277.54473877,273.210906982,275.750762939,11269056
2025-04-06 20:00:00+00:00,275.732513428,276.424194336,270.930755615,270.952331543,6995136
2025-04-06 21:00:00+00:00,270.965148926,274.624084473,270.573699951,273.639770508,8126400
2025-04-06 22:00:00+00:00,273.616333008,274.451934814,269.694976807,269.790527344,6887792
2025-04-06 23:00:00+00:00,269.85949707,272.398406982,266.051208496,271.908477783,12562176
2025-04-07 00:00:00+00:00,272.039794922,272.039794922,267.338409424,268.847259521,7523488
2025-04-07 01:00:00+00:00,268.952453613,276.479034424,268.952453613,275.358825684,4097424
2025-04-07 02:00:00+00:00,275.394683838,276.065216064,273.151611328,273.26953125,0
2025-04-07 03:00:00+00:00,273.286315918,273.655151367,263.314300537,265.359954834,0
2025-04-07 04:00:00+00:00,265.446868896,269.364135742,265.446868896,267.701568604,4411040
2025-04-07 05:00:00+00:00,267.711151123,267.998382568,263.586273193,263.628387451,8456960
2025-04-07 06:00:00+00:00,263.635742188,265.19744873,251.849746704,251.986190796,20034464
2025-04-07 07:00:00+00:00,251.955535889,256.242919922,251.376434326,252.505340576,11813376
2025-04-07 08:00:00+00:00,252.394622803,260.506896973,250.829818726,259.718566895,19222592
2025-04-07 09:00:00+00:00,259.680908203,260.372070312,256.750579834,258.77645874,4400320
2025-04-07 10:00:00+00:00,258.738189697,262.843902588,258.3387146,259.186950684,3803904
2025-04-07 11:00:00+00:00,259.199890137,261.034973145,258.386169434,259.393005371,4275744
2025-04-07 12:00:00+00:00,259.35168457,265.621429443,259.008361816,265.599182129,8559712
2025-04-07 13:00:00+00:00,265.170288086,269.360473633,261.562164307,269.360473633,7752768
2025-04-07 14:00:00+00:00,269.481719971,279.94708252,269.26751709,273.750244141,40130912
2025-04-07 15:00:00+00:00,273.78237915,274.72567749,270.474700928,272.633026123,7312192
2025-04-07 16:00:00+00:00,272.661102295,272.661102295,268.366027832,268.366027832,1926976
2025-04-07 17:00:00+00:00,268.378570557,277.573944092,268.378570557,277.314971924,7007776
2025-04-07 18:00:00+00:00,277.347229004,277.722564697,275.943359375,276.304718018,0
2025-04-07 19:00:00+00:00,276.270996094,278.617858887,276.133148193,277.612915039,0
2025-04-07 20:00:00+00:00,277.515625,279.994018555,277.112426758,278.113433838,0
2025-04-07 21:00:00+00:00,278.161102295,278.161102295,275.958496094,277.227386475,0
2025-04-07 22:00:00+00:00,277.136199951,277.818328857,276.847869873,277.528106689,0
2025-04-07 23:00:00+00:00,277.501068115,277.501068115,275.054107666,275.455688477,43072
2025-04-08 00:00:00+00:00,275.398101807,276.439544678,275.015319824,275.70892334,0
2025-04-08 01:00:00+00:00,275.681488037,280.785003662,274.463165283,280.785003662,1868800
2025-04-08 02:00:00+00:00,280.790649414,282.335784912,280.44744873,280.44744873,0
2025-04-08 03:00:00+00:00,280.456665039,280.809570312,279.004364014,279.022460938,0
2025-04-08 04:00:00+00:00,279.029510498,280.890716553,278.806335449,280.890716553,0
2025-04-08 05:00:00+00:00,280.900817871,280.949829102,278.289367676,278.736541748,0
2025-04-08 06:00:00+00:00,278.740814209,278.740814209,276.525146484,276.525146484,0
2025-04-08 07:00:00+00:00,276.527893066,277.608001709,275.816986084,277.292144775,0
2025-04-08 08:00:00+00:00,277.365875244,279.302490234,277.365875244,278.899871826,0
2025-04-08 09:00:00+00:00,278.86618042,280.068267822,278.608428955,279.687988281,0
2025-04-08 10:00:00+00:00,279.679016113,280.310119629,278.963500977,278.968170166,0
2025-04-08 11:00:00+00:00,278.936187744,282.635345459,278.652679443,282.574981689,401904
2025-04-08 12:00:00+00:00,282.546783447,282.98928833,280.928924561,282.213989258,0
2025-04-08 13:00:00+00:00,282.266998291,284.169555664,282.266998291,282.88949585,0
2025-04-08 14:00:00+00:00,282.873413086,284.037139893,279.667388916,279.667388916,0
2025-04-08 15:00:00+00:00,278.922973633,280.636962891,278.364624023,279.584594727,0
2025-04-08 16:00:00+00:00,279.561065674,281.039398193,273.94317627,273.94317627,0
2025-04-08 17:00:00+00:00,273.993164062,274.005462646,268.805603027,273.659698486,2087856
2025-04-08 18:00:00+00:00,273.636901855,275.034759521,272.303924561,272.306274414,916608
2025-04-08 19:00:00+00:00,272.307373047,272.416015625,269.69128418,270.514465332,0
2025-04-08 20:00:00+00:00,270.494720459,271.804901123,269.894500732,271.636108398,1162944
2025-04-08 21:00:00+00:00,271.642913818,272.215789795,270.074645996,271.724090576,0
2025-04-08 22:00:00+00:00,271.728759766,271.728759766,267.444671631,269.155883789,0
2025-04-08 23:00:00+00:00,269.174468994,269.45513916,268.239807129,268.96673584,2016
2025-04-09 00:00:00+00:00,269.023651123,269.384460449,266.713287354,266.737884521,1694192
2025-04-09 01:00:00+00:00,266.729614258,268.414550781,259.460144043,268.330200195,11344096
2025-04-09 02:00:00+00:00,268.420379639,271.255279541,267.505157471,267.505157471,0
2025-04-09 03:00:00+00:00,267.481933594,267.814178467,265.65802002,266.866119385,2035520
2025-04-09 04:00:00+00:00,266.899017334,271.77255249,266.899017334,270.415710449,8186640
2025-04-09 05:00:00+00:00,270.469726562,272.797454834,270.469726562,272.203369141,0
2025-04-09 06:00:00+00:00,272.40612793,275.260559082,272.40612793,273.690765381,1797552
2025-04-09 07:00:00+00:00,273.532287598,276.011352539,273.357055664,274.644439697,6246080
2025-04-09 08:00:00+00:00,274.631286621,274.677856445,272.766113281,273.422271729,0
2025-04-09 09:00:00+00:00,273.40133667,273.40133667,272.842071533,273.330291748,2087920
2025-04-09 10:00:00+00:00,273.336547852,273.439758301,271.60269165,273.439758301,1563808
2025-04-09 11:00:00+00:00,273.440216064,273.440216064,267.813995361,268.836669922,9732352
2025-04-09 12:00:00+00:00,268.841064453,270.651794434,267.664855957,270.651794434,738640
2025-04-09 13:00:00+00:00,270.535888672,274.134338379,270.434051514,273.951141357,2458384
2025-04-09 14:00:00+00:00,273.92086792,274.98651123,272.568481445,272.977630615,788496
2025-04-09 15:00:00+00:00,272.802185059,274.957702637,272.785125732,273.864471436,0
2025-04-09 16:00:00+00:00,273.824737549,276.230773926,273.669433594,276.229888916,0
2025-04-09 17:00:00+00:00,276.192810059,291.176391602,276.192810059,291.176391602,32788496
2025-04-09 18:00:00+00:00,293.478851318,310.422485352,293.478851318,309.038421631,53734624
2025-04-09 19:00:00+00:00,308.580322266,310.891418457,306.482757568,306.680511475,8669152
2025-04-09 20:00:00+00:00,306.680786133,307.575134277,306.311553955,306.653839111,1057376
2025-04-09 21:00:00+00:00,307.724395752,308.682617188,304.807830811,305.075866699,1505632
2025-04-09 22:00:00+00:00,305.077545166,307.904144287,305.077545166,307.393951416,786848
2025-04-09 23:00:00+00:00,307.385375977,307.385375977,301.092010498,301.190155029,1921888
2025-04-10 00:00:00+00:00,301.410797119,303.395812988,301.343994141,303.395812988,3167232
2025-04-10 01:00:00+00:00,303.610839844,303.610839844,302.54901123,302.792663574,0
2025-04-10 02:00:00+00:00,302.803741455,302.89956665,298.777282715,298.79776001,0
2025-04-10 03:00:00+00:00,298.785919189,298.785919189,295.061187744,296.444366455,0
2025-04-10 04:00:00+00:00,296.518737793,297.872070312,295.363708496,295.991638184,0
2025-04-10 05:00:00+00:00,296.000579834,300.296081543,295.748779297,300.059326172,6821248
2025-04-10 06:00:00+00:00,300.033721924,300.36050415,299.259246826,300.36050415,0
2025-04-10 07:00:00+00:00,300.641387939,300.747589111,296.628417969,296.632537842,0
2025-04-10 08:00:00+00:00,296.593261719,297.472808838,296.474609375,296.56262207,0
2025-04-10 09:00:00+00:00,296.578155518,298.206390381,296.424102783,296.424102783,0
2025-04-10 10:00:00+00:00,296.389282227,296.389282227,293.731628418,294.003570557,0
2025-04-10 11:00:00+00:00,294.016052246,294.196502686,292.922851562,293.499511719,0
2025-04-10 12:00:00+00:00,293.507202148,296.688690186,293.230072021,294.704040527,5027264
2025-04-10 13:00:00+00:00,294.719085693,295.650726318,292.010437012,292.407836914,0
2025-04-10 14:00:00+00:00,292.294311523,295.106384277,291.367248535,293.609069824,0
2025-04-10 15:00:00+00:00,293.61038208,293.61038208,283.239837646,283.992492676,0
2025-04-10 16:00:00+00:00,284.094451904,285.632751465,283.272735596,285.632751465,6405632
2025-04-10 17:00:00+00:00,285.673217773,286.311950684,284.42010498,285.083465576,0
2025-04-10 18:00:00+00:00,285.068054199,287.090362549,284.875305176,287.041992188,0
2025-04-10 19:00:00+00:00,287.0418396,288.765380859,286.892791748,288.759063721,0
2025-04-10 20:00:00+00:00,288.450866699,293.795715332,288.106079102,292.594390869,891744
2025-04-10 21:00:00+00:00,292.599365234,292.90625,291.239440918,291.32119751,0
2025-04-10 22:00:00+00:00,291.306427002,292.213226318,290.519439697,292.213226318,0
2025-04-10 23:00:00+00:00,292.195343018,292.195343018,290.219970703,290.261352539,0
2025-04-11 00:00:00+00:00,290.158294678,292.041503906,289.693634033,291.07723999,0
2025-04-11 01:00:00+00:00,291.073944092,295.723205566,290.812713623,295.723205566,925088
2025-04-11 02:00:00+00:00,295.70413208,295.738311768,294.197479248,294.382232666,0
2025-04-11 03:00:00+00:00,294.380187988,296.836791992,294.325286865,296.800567627,0
2025-04-11 04:00:00+00:00,296.783325195,297.228027344,296.087097168,296.093139648,0
2025-04-11 05:00:00+00:00,296.108062744,296.766448975,295.816375732,296.124267578,0
2025-04-11 06:00:00+00:00,296.11038208,297.830230713,296.11038208,297.280090332,567808
2025-04-11 07:00:00+00:00,297.279541016,299.169403076,296.850952148,299.014678955,0
2025-04-11 08:00:00+00:00,299.019348145,300.057495117,298.18447876,299.758300781,1044640
2025-04-11 09:00:00+00:00,299.805236816,303.252319336,299.805236816,302.613098145,6144224
2025-04-11 10:00:00+00:00,302.566680908,304.585388184,301.599182129,304.535919189,2286144
2025-04-11 11:00:00+00:00,304.551940918,304.551940918,301.977874756,302.238677979,0
2025-04-11 12:00:00+00:00,302.265441895,303.441589355,301.572937012,301.979431152,0
2025-04-11 13:00:00+00:00,301.970611572,303.303863525,301.139038086,302.333099365,135776
2025-04-11 14:00:00+00:00,302.371429443,308.045654297,301.085357666,305.629821777,47181616
2025-04-11 15:00:00+00:00,305.553314209,309.628173828,305.013977051,309.564300537,15869760
2025-04-11 16:00:00+00:00,309.623535156,311.846588135,308.68460083,311.522277832,2830992
2025-04-11 17:00:00+00:00,311.540374756,315.534240723,311.140411377,314.984039307,3417632
2025-04-11 18:00:00+00:00,314.943664551,314.943664551,313.0340271,314.259399414,2262176
2025-04-11 19:00:00+00:00,314.273620605,314.987854004,312.288848877,312.302062988,486208
2025-04-11 20:00:00+00:00,312.285980225,312.285980225,311.508361816,311.723327637,0
2025-04-11 21:00:00+00:00,311.963104248,313.286621094,310.88293457,313.26763916,0
2025-04-11 22:00:00+00:00,313.263458252,313.488983154,312.331542969,313.056915283,1201392
2025-04-11 23:00:00+00:00,313.021514893,313.064727783,311.823638916,312.834289551,1430560
2025-04-12 00:00:00+00:00,312.769317627,312.769317627,311.903289795,312.282684326,0
2025-04-12 01:00:00+00:00,312.297210693,313.917785645,311.727783203,313.114196777,0
2025-04-12 02:00:00+00:00,313.13961792,313.235717773,312.536193848,312.580383301,0
2025-04-12 03:00:00+00:00,312.580566406,312.580566406,311.540374756,311.954956055,1167472
2025-04-12 04:00:00+00:00,311.955627441,314.772918701,311.786132812,314.772918701,1748352
2025-04-12 05:00:00+00:00,314.806610107,316.41986084,314.806610107,315.453613281,3469232
2025-04-12 06:00:00+00:00,315.449768066,316.968444824,315.227264404,316.727874756,0
2025-04-12 07:00:00+00:00,316.742492676,316.905059814,315.115783691,315.12197876,0
2025-04-12 08:00:00+00:00,315.126281738,315.374359131,312.791656494,312.860778809,172176
2025-04-12 09:00:00+00:00,312.861663818,314.235076904,311.961761475,314.235076904,0
2025-04-12 10:00:00+00:00,314.265075684,314.329040527,312.94519043,313.778656006,0
2025-04-12 11:00:00+00:00,313.782989502,315.082122803,313.782989502,314.741760254,0
2025-04-12 12:00:00+00:00,314.737701416,315.745147705,314.082183838,314.304626465,0
2025-04-12 13:00:00+00:00,314.329498291,319.691497803,314.329498291,319.676422119,5011728
2025-04-12 14:00:00+00:00,319.640075684,331.084503174,319.320983887,328.588623047,0
2025-04-12 15:00:00+00:00,328.572753906,349.304504395,328.532592773,346.833251953,38247008
2025-04-12 16:00:00+00:00,347.063598633,351.787811279,347.063598633,350.908294678,13012128
2025-04-12 17:00:00+00:00,350.818603516,350.979522705,344.685424805,347.233306885,3301856
2025-04-12 18:00:00+00:00,347.214538574,351.362701416,347.214538574,351.35925293,3031808
2025-04-12 19:00:00+00:00,351.319000244,352.180084229,350.312316895,351.149230957,1445952
2025-04-12 20:00:00+00:00,351.160339355,352.198822021,349.47076416,349.47076416,4474656
2025-04-12 21:00:00+00:00,349.459686279,349.459686279,345.519927979,346.007049561,1570048
2025-04-12 22:00:00+00:00,346.03994751,346.820037842,343.822692871,343.822692871,1618272
2025-04-12 23:00:00+00:00,343.819610596,346.18939209,343.589569092,344.92868042,2330432
2025-04-13 00:00:00+00:00,344.764007568,344.764007568,342.488616943,342.806549072,282560
2025-04-13 01:00:00+00:00,342.748413086,342.748413086,338.287475586,338.287963867,1382112
2025-04-13 02:00:00+00:00,338.345397949,340.129364014,338.140136719,340.129364014,3470688
2025-04-13 03:00:00+00:00,340.125152588,340.469818115,338.191986084,338.203308105,379712
2025-04-13 04:00:00+00:00,338.175628662,338.480743408,336.686889648,336.686889648,0
2025-04-13 05:00:00+00:00,336.689910889,338.299621582,336.367248535,338.288452148,0
2025-04-13 06:00:00+00:00,338.32119751,338.608795166,337.905700684,337.905700684,0
2025-04-13 07:00:00+00:00,337.867401123,339.423828125,337.706878662,339.223052979,262176
2025-04-13 08:00:00+00:00,339.240722656,341.597076416,338.867828369,341.287567139,722528
2025-04-13 09:00:00+00:00,341.269439697,346.742431641,341.142028809,346.716125488,3378336
2025-04-13 10:00:00+00:00,346.717926025,347.237762451,345.990722656,345.990722656,3239456
2025-04-13 11:00:00+00:00,346.00289917,347.118896484,345.495269775,346.592132568,1810304
2025-04-13 12:00:00+00:00,346.720184326,347.889312744,346.342407227,347.16293335,3885472
2025-04-13 13:00:00+00:00,347.320739746,352.535217285,339.49887085,339.703308105,17957728
2025-04-13 14:00:00+00:00,339.793426514,344.745025635,339.793426514,344.745025635,0
2025-04-13 15:00:00+00:00,344.728210449,344.728210449,341.221008301,343.24810791,0
2025-04-13 16:00:00+00:00,343.314025879,344.547485352,343.26574707,344.547485352,0
2025-04-13 17:00:00+00:00,345.377319336,348.643798828,345.377319336,348.510253906,879568
2025-04-13 18:00:00+00:00,348.460479736,348.460479736,345.750976562,346.683349609,0
2025-04-13 19:00:00+00:00,346.687469482,346.687469482,342.085205078,343.650299072,0
2025-04-13 20:00:00+00:00,343.663543701,345.481872559,341.762664795,341.762664795,0
2025-04-13 21:00:00+00:00,341.771057129,343.966003418,340.058990479,343.936218262,0
2025-04-13 22:00:00+00:00,343.8253479,344.335784912,342.132202148,343.471496582,78544
2025-04-13 23:00:00+00:00,343.503143311,345.484344482,341.9921875,342.372589111,816
2025-04-14 00:00:00+00:00,342.391052246,350.724090576,342.391052246,350.484405518,6902672
2025-04-14 01:00:00+00:00,350.497131348,356.447387695,348.880401611,348.880401611,20953120
2025-04-14 02:00:00+00:00,348.972473145,372.027648926,348.859527588,358.734313965,59576256
2025-04-14 03:00:00+00:00,358.364959717,360.468017578,350.639862061,350.639862061,18014432
2025-04-14 04:00:00+00:00,350.751373291,352.428497314,348.608947754,351.118377686,10886272
2025-04-14 05:00:00+00:00,351.017974854,351.017974854,344.951782227,345.054443359,3582624
2025-04-14 06:00:00+00:00,345.083770752,345.195281982,341.735931396,342.924682617,4794816
2025-04-14 07:00:00+00:00,342.895446777,343.058532715,340.047271729,343.058532715,2319936
2025-04-14 08:00:00+00:00,343.05682373,343.05682373,338.880218506,340.522399902,3623616
2025-04-14 09:00:00+00:00,340.556091309,341.56829834,335.927276611,336.549926758,1544992
2025-04-14 10:00:00+00:00,336.562957764,340.40335083,336.317108154,340.40335083,1757472
2025-04-14 11:00:00+00:00,340.320251465,341.093566895,339.741973877,340.757354736,210240
2025-04-14 12:00:00+00:00,340.762542725,340.889343262,337.394561768,337.406646729,829600
2025-04-14 13:00:00+00:00,337.538635254,338.985565186,335.69342041,337.301635742,0
2025-04-14 14:00:00+00:00,337.315460205,339.841705322,336.897460938,339.296020508,0
2025-04-14 15:00:00+00:00,339.331329346,339.331329346,329.815246582,330.508453369,3463456
2025-04-14 16:00:00+00:00,330.499938965,330.774383545,325.020629883,327.265106201,19527936
2025-04-14 17:00:00+00:00,327.230224609,327.9503479,325.978942871,327.202575684,0
2025-04-14 18:00:00+00:00,327.218902588,328.222869873,326.402954102,326.889923096,0
2025-04-14 19:00:00+00:00,326.915130615,327.262084961,325.903839111,325.927856445,0
2025-04-14 20:00:00+00:00,325.931915283,326.020935059,323.879943848,324.714019775,0
2025-04-14 21:00:00+00:00,324.560546875,326.812194824,324.143676758,326.614349365,1713728
2025-04-14 22:00:00+00:00,326.622802734,326.622802734,323.70425415,324.514801025,0
2025-04-14 23:00:00+00:00,324.512908936,325.156280518,323.528411865,323.528411865,0
2025-04-15 00:00:00+00:00,323.506072998,324.402709961,323.451965332,324.077789307,0
2025-04-15 01:00:00+00:00,324.059783936,324.059783936,321.643676758,322.755859375,0
2025-04-15 02:00:00+00:00,322.754058838,322.809417725,321.567474365,321.939422607,0
2025-04-15 03:00:00+00:00,322.409606934,327.290802002,322.409606934,326.943634033,0
2025-04-15 04:00:00+00:00,326.939117432,333.155609131,326.762390137,331.375427246,4885232
2025-04-15 05:00:00+00:00,331.34262085,333.988800049,330.324890137,332.443328857,0
2025-04-15 06:00:00+00:00,332.418395996,333.982421875,330.762359619,332.70022583,4333920
2025-04-15 07:00:00+00:00,332.61529541,336.830932617,331.340759277,334.939331055,7605408
2025-04-15 08:00:00+00:00,334.952850342,335.7996521,333.30279541,333.30279541,0
2025-04-15 09:00:00+00:00,333.324066162,335.351898193,332.731567383,333.002471924,0
2025-04-15 10:00:00+00:00,333.045318604,333.462890625,331.018127441,331.239013672,0
2025-04-15 11:00:00+00:00,331.239776611,331.407318115,330.017456055,330.722473145,0
2025-04-15 12:00:00+00:00,330.726959229,331.862915039,328.64453125,329.803894043,0
2025-04-15 13:00:00+00:00,329.798706055,331.697967529,329.066894531,329.302124023,0
2025-04-15 14:00:00+00:00,329.255218506,329.296600342,325.919708252,326.68838501,1105504
2025-04-15 15:00:00+00:00,326.652160645,326.652160645,322.64352417,322.753326416,0
2025-04-15 16:00:00+00:00,322.749359131,324.721069336,322.749359131,323.813110352,0
2025-04-15 17:00:00+00:00,323.781311035,324.378356934,322.45614624,322.698242188,0
2025-04-15 18:00:00+00:00,322.714263916,326.688659668,322.266021729,326.600311279,2180848
2025-04-15 19:00:00+00:00,326.634307861,326.634307861,322.953308105,323.535858154,2650768
2025-04-15 20:00:00+00:00,323.55291748,323.770294189,322.421142578,323.111846924,642736
2025-04-15 21:00:00+00:00,323.11706543,325.582244873,323.11706543,324.577789307,0
2025-04-15 22:00:00+00:00,324.595977783,324.595977783,317.705200195,318.227020264,4109776
2025-04-15 23:00:00+00:00,318.212615967,320.060668945,318.081268311,319.14541626,839696
2025-04-16 00:00:00+00:00,319.358917236,321.11895752,319.12789917,319.955047607,470736
2025-04-16 01:00:00+00:00,319.94644165,319.97869873,318.84576416,318.959320068,0
2025-04-16 02:00:00+00:00,318.947540283,319.892089844,318.866516113,319.808349609,0
2025-04-16 03:00:00+00:00,319.809173584,320.869262695,319.645019531,319.789703369,0
2025-04-16 04:00:00+00:00,319.78012085,319.914428711,318.983276367,319.893127441,0
2025-04-16 05:00:00+00:00,319.895690918,321.273468018,319.176147461,321.192840576,0
2025-04-16 06:00:00+00:00,321.176849365,322.107818604,320.404022217,322.090270996,0
2025-04-16 07:00:00+00:00,322.090789795,322.275939941,320.232879639,320.232879639,0
2025-04-16 08:00:00+00:00,320.238586426,322.923309326,319.576263428,321.158843994,1856208
2025-04-16 09:00:00+00:00,321.108917236,321.548583984,319.916870117,319.92767334,0
2025-04-16 10:00:00+00:00,319.744293213,321.284332275,319.32711792,321.263580322,0
2025-04-16 11:00:00+00:00,321.238708496,321.238708496,319.953155518,319.953155518,0
2025-04-16 12:00:00+00:00,319.943786621,320.956604004,317.010864258,317.473724365,0
2025-04-16 13:00:00+00:00,317.47467041,318.370300293,317.010559082,317.010559082,0
2025-04-16 14:00:00+00:00,316.986968994,321.574981689,316.986968994,320.724090576,0
2025-04-16 15:00:00+00:00,320.756164551,322.919921875,320.756164551,322.06237793,104976
2025-04-16 16:00:00+00:00,322.010437012,323.16015625,320.980499268,323.152954102,167456
2025-04-16 17:00:00+00:00,323.24319458,324.072845459,315.870056152,315.870056152,509568
2025-04-16 18:00:00+00:00,315.904571533,320.744873047,315.571258545,318.815612793,2925072
2025-04-16 19:00:00+00:00,318.734436035,322.360107422,317.893920898,322.306884766,0
2025-04-16 20:00:00+00:00,322.261566162,322.261566162,320.428314209,320.428314209,0
2025-04-16 21:00:00+00:00,320.420593262,323.00491333,320.320465088,322.919250488,756640
2025-04-16 22:00:00+00:00,322.890808105,325.299316406,321.071899414,325.23550415,0
2025-04-16 23:00:00+00:00,325.236053467,325.236053467,321.890869141,321.894622803,3460720
2025-04-17 00:00:00+00:00,321.883331299,322.833068848,321.494781494,322.128936768,1018096
2025-04-17 01:00:00+00:00,322.177947998,331.816223145,322.07208252,331.769378662,12866208
2025-04-17 02:00:00+00:00,331.67401123,331.67401123,326.401672363,327.169494629,7665600
2025-04-17 03:00:00+00:00,327.17880249,327.278656006,324.684204102,326.07723999,0
2025-04-17 04:00:00+00:00,326.081542969,327.368438721,325.014099121,327.34552002,2080464
2025-04-17 05:00:00+00:00,327.334503174,336.314331055,327.247619629,335.716888428,2711232
2025-04-17 06:00:00+00:00,335.713226318,338.360107422,335.159667969,335.629943848,5749760
2025-04-17 07:00:00+00:00,335.335327148,335.335327148,332.210144043,333.410827637,2494288
2025-04-17 08:00:00+00:00,333.410217285,333.968139648,330.320037842,330.416015625,0
2025-04-17 09:00:00+00:00,330.35848999,331.222167969,330.227508545,330.757507324,0
2025-04-17 10:00:00+00:00,330.753051758,332.113494873,329.996124268,332.113494873,0
2025-04-17 11:00:00+00:00,332.137878418,333.691619873,331.487365723,333.088195801,2470304
2025-04-17 12:00:00+00:00,333.087677002,334.448272705,332.161193848,332.233093262,741312
2025-04-17 13:00:00+00:00,332.238128662,332.462921143,330.443634033,330.443634033,0
2025-04-17 14:00:00+00:00,330.456481934,330.495758057,327.187347412,329.285308838,2018032
2025-04-17 15:00:00+00:00,329.283294678,334.702880859,329.283294678,334.03692627,1931552
2025-04-17 16:00:00+00:00,334.082763672,336.99810791,334.082763672,335.926300049,6794160
2025-04-17 17:00:00+00:00,335.900421143,335.900421143,332.597503662,335.473999023,0
2025-04-17 18:00:00+00:00,335.462463379,335.462463379,333.352111816,333.352111816,0
2025-04-17 19:00:00+00:00,333.300384521,334.943206787,332.210205078,334.943206787,967632
2025-04-17 20:00:00+00:00,336.016845703,339.893493652,336.016845703,338.23638916,10182768
2025-04-17 21:00:00+00:00,338.333984375,338.733093262,337.242492676,337.40322876,605600
2025-04-17 22:00:00+00:00,337.456726074,338.264953613,334.681243896,334.681243896,0
2025-04-17 23:00:00+00:00,334.714263916,335.974761963,333.12689209,333.253509521,49856
2025-04-18 00:00:00+00:00,333.307617188,333.784057617,331.790588379,331.811676025,0
2025-04-18 01:00:00+00:00,331.78616333,333.074859619,331.335144043,331.628692627,0
2025-04-18 02:00:00+00:00,331.635314941,331.796356201,329.96472168,330.410644531,0
2025-04-18 03:00:00+00:00,330.40524292,330.40524292,328.338317871,329.0496521,0
2025-04-18 04:00:00+00:00,329.064666748,329.921295166,328.024169922,329.411254883,1249680
2025-04-18 05:00:00+00:00,329.45526123,329.655456543,327.801422119,328.216491699,0
2025-04-18 06:00:00+00:00,328.446411133,330.365203857,327.870788574,330.365203857,0
2025-04-18 07:00:00+00:00,330.348632812,331.117492676,329.899749756,329.913421631,0
2025-04-18 08:00:00+00:00,329.908813477,330.574188232,329.325561523,329.579040527,0
2025-04-18 09:00:00+00:00,329.591217041,331.284423828,329.591217041,330.510131836,0
2025-04-18 10:00:00+00:00,330.48651123,330.48651123,329.909362793,329.995147705,0
2025-04-18 11:00:00+00:00,329.992462158,333.374511719,329.992462158,333.116394043,0
2025-04-18 12:00:00+00:00,333.126678467,338.775787354,331.613433838,338.426574707,12141440
2025-04-18 13:00:00+00:00,338.515899658,343.509765625,338.049560547,343.509765625,11553600
2025-04-18 14:00:00+00:00,343.525817871,343.53326416,339.286804199,342.118499756,1164704
2025-04-18 15:00:00+00:00,342.131988525,342.362945557,339.993988037,341.67956543,356128
2025-04-18 16:00:00+00:00,341.63168335,341.63168335,341.049194336,341.21661377,0
2025-04-18 17:00:00+00:00,341.215179443,342.691375732,341.204986572,342.277923584,0
2025-04-18 18:00:00+00:00,342.270874023,342.452026367,340.526641846,342.452026367,0
2025-04-18 19:00:00+00:00,342.436004639,342.513793945,341.605804443,342.324066162,0
2025-04-18 20:00:00+00:00,342.429321289,342.562347412,341.972320557,342.527526855,0
2025-04-18 21:00:00+00:00,342.678375244,344.608001709,342.311920166,344.150421143,0
2025-04-18 22:00:00+00:00,344.270812988,344.450653076,338.728088379,338.728088379,5133840
2025-04-18 23:00:00+00:00,338.65914917,338.65914917,334.972381592,335.343933105,14368
2025-04-19 00:00:00+00:00,335.34387207,337.301391602,335.059509277,337.246917725,1447248
2025-04-19 01:00:00+00:00,337.235412598,338.824768066,337.235412598,337.9034729,0
2025-04-19 02:00:00+00:00,337.866241455,337.866241455,336.818115234,337.203552246,0
2025-04-19 03:00:00+00:00,337.195526123,338.96572876,337.136230469,337.759613037,430688
2025-04-19 04:00:00+00:00,337.76473999,338.822509766,337.464508057,337.984832764,0
2025-04-19 05:00:00+00:00,337.974212646,338.074890137,337.079803467,337.219268799,0
2025-04-19 06:00:00+00:00,337.187591553,337.638519287,336.470062256,336.476196289,0
2025-04-19 07:00:00+00:00,336.47277832,339.022979736,336.468261719,338.498016357,88960
2025-04-19 08:00:00+00:00,338.50769043,338.8828125,338.135650635,338.8828125,0
2025-04-19 09:00:00+00:00,338.848175049,339.796691895,338.848175049,339.525360107,470320
2025-04-19 10:00:00+00:00,339.516815186,339.592926025,338.077789307,338.077789307,0
2025-04-19 11:00:00+00:00,338.091064453,338.173950195,337.391082764,337.391082764,0
2025-04-19 12:00:00+00:00,337.372375488,337.551239014,336.741577148,337.337219238,0
2025-04-19 13:00:00+00:00,337.344268799,338.889312744,337.177612305,338.27255249,0
2025-04-19 14:00:00+00:00,338.232788086,338.232788086,337.50302124,337.784179688,0
2025-04-19 15:00:00+00:00,337.650726318,337.773010254,334.476379395,334.856994629,0
2025-04-19 16:00:00+00:00,334.827789307,335.619354248,333.377746582,333.377746582,0
2025-04-19 17:00:00+00:00,333.327545166,335.192993164,333.0105896,334.905975342,181408
2025-04-19 18:00:00+00:00,334.918457031,335.529815674,334.104919434,334.767211914,0
2025-04-19 19:00:00+00:00,334.715637207,334.715637207,333.693939209,334.36340332,0
2025-04-19 20:00:00+00:00,334.365020752,334.847015381,334.024902344,334.777404785,152080
2025-04-19 21:00:00+00:00,334.751922607,336.044769287,334.509643555,336.037475586,0
2025-04-19 22:00:00+00:00,336.039001465,336.147613525,335.209564209,335.665557861,0
2025-04-19 23:00:00+00:00,335.675964355,335.677703857,335.050048828,335.330963135,0
2025-04-20 00:00:00+00:00,335.327514648,341.643310547,335.327514648,339.299407959,10028976
2025-04-20 01:00:00+00:00,339.305847168,340.276641846,339.133758545,340.267456055,1375440
2025-04-20 02:00:00+00:00,340.261444092,340.346832275,338.121002197,338.278717041,0
2025-04-20 03:00:00+00:00,338.268249512,339.832611084,338.268249512,339.764160156,0
2025-04-20 04:00:00+00:00,339.762939453,341.243499756,339.566314697,341.049377441,221184
2025-04-20 05:00:00+00:00,341.036468506,341.036468506,339.195281982,339.195281982,1357824
2025-04-20 06:00:00+00:00,339.148742676,339.148742676,336.839263916,337.667602539,1565472
2025-04-20 07:00:00+00:00,337.678649902,337.678649902,334.13104248,335.23425293,4759856
2025-04-20 08:00:00+00:00,335.230072021,335.230072021,334.194763184,334.734863281,1765232
2025-04-20 09:00:00+00:00,334.760437012,334.96282959,332.854919434,334.166992188,2492416
2025-04-20 10:00:00+00:00,334.170227051,334.512634277,332.634216309,333.133911133,1428160
2025-04-20 11:00:00+00:00,333.131500244,334.090332031,333.131500244,333.714172363,1814208
2025-04-20 12:00:00+00:00,333.697998047,334.688995361,333.322967529,334.540100098,2121456
2025-04-20 13:00:00+00:00,334.550476074,335.485076904,334.493621826,334.793548584,1976464
2025-04-20 14:00:00+00:00,334.796112061,335.113494873,334.510314941,334.610473633,1410368
2025-04-20 15:00:00+00:00,334.605529785,334.605529785,332.00680542,332.019226074,0
2025-04-20 16:00:00+00:00,332.028656006,333.405456543,332.028656006,333.237792969,0
2025-04-20 17:00:00+00:00,333.24609375,334.000579834,333.047332764,333.982574463,0
2025-04-20 18:00:00+00:00,333.981445312,335.473083496,333.85949707,335.183074951,1178208
2025-04-20 19:00:00+00:00,335.179718018,336.52243042,335.151153564,336.51953125,467584
2025-04-20 20:00:00+00:00,336.522766113,337.601837158,335.811065674,335.811065674,1356848
2025-04-20 21:00:00+00:00,335.823181152,336.654785156,335.485137939,336.65145874,0
2025-04-20 22:00:00+00:00,336.657745361,336.937744141,336.014251709,336.537719727,829056
2025-04-20 23:00:00+00:00,336.496795654,336.621734619,335.826934814,335.938873291,724672
2025-04-21 00:00:00+00:00,335.963470459,341.011444092,335.963470459,340.710174561,0
2025-04-21 01:00:00+00:00,340.643615723,341.202148438,339.377868652,339.377868652,2677088
2025-04-21 02:00:00+00:00,339.390411377,341.046447754,337.058166504,337.1484375,9339296
2025-04-21 03:00:00+00:00,337.148895264,340.133575439,337.148895264,339.860778809,3304944
2025-04-21 04:00:00+00:00,339.893859863,340.202514648,338.164581299,339.474914551,2264576
2025-04-21 05:00:00+00:00,339.496307373,340.091552734,338.612701416,339.652069092,0
2025-04-21 06:00:00+00:00,339.66394043,339.66394043,338.09777832,338.558654785,290224
2025-04-21 07:00:00+00:00,338.561218262,342.771057129,338.395507812,340.895446777,1004752
2025-04-21 08:00:00+00:00,340.875671387,343.011688232,340.868804932,342.645874023,2429264
2025-04-21 09:00:00+00:00,342.625518799,342.929870605,341.577789307,342.330871582,1083984
2025-04-21 10:00:00+00:00,342.294281006,342.487731934,341.099304199,341.497375488,0
2025-04-21 11:00:00+00:00,341.500183105,341.500183105,339.069213867,339.896118164,0
2025-04-21 12:00:00+00:00,339.890106201,340.503967285,338.576690674,338.576690674,296176
2025-04-21 13:00:00+00:00,338.587493896,338.587493896,336.894866943,336.894866943,4563280
2025-04-21 14:00:00+00:00,336.851654053,345.058258057,336.494628906,344.59664917,13678240
2025-04-21 15:00:00+00:00,344.658325195,345.565246582,344.374237061,344.56552124,1284352
2025-04-21 16:00:00+00:00,344.577758789,345.560241699,344.045776367,344.045776367,785520
2025-04-21 17:00:00+00:00,343.931884766,344.423309326,342.207000732,343.396484375,4017056
2025-04-21 18:00:00+00:00,343.40423584,346.036743164,343.247070312,345.977081299,5630208
2025-04-21 19:00:00+00:00,345.912109375,347.8152771,344.942840576,346.115570068,4175984
2025-04-21 20:00:00+00:00,346.135192871,346.135192871,343.826416016,343.826416016,755808
2025-04-21 21:00:00+00:00,343.919128418,344.169952393,342.545440674,344.169952393,1431968
2025-04-21 22:00:00+00:00,344.101348877,344.197540283,343.189056396,344.181396484,142064
2025-04-21 23:00:00+00:00,344.182373047,345.333618164,344.182373047,344.809112549,1940512
2025-04-22 00:00:00+00:00,344.829559326,345.265441895,338.870666504,340.094818115,723712
2025-04-22 01:00:00+00:00,340.227386475,345.856079102,340.227386475,344.813995361,2268448
2025-04-22 02:00:00+00:00,344.858032227,345.293792725,344.144317627,344.996734619,0
2025-04-22 03:00:00+00:00,345.007049561,346.318054199,344.651153564,345.20791626,0
2025-04-22 04:00:00+00:00,345.206512451,345.760894775,344.50970459,344.662017822,0
2025-04-22 05:00:00+00:00,344.64276123,345.263641357,343.783660889,345.263641357,0
2025-04-22 06:00:00+00:00,345.272888184,347.182556152,339.072052002,339.072052002,8996288
2025-04-22 07:00:00+00:00,338.501525879,349.407958984,337.438995361,349.304931641,26536288
2025-04-22 08:00:00+00:00,349.250152588,349.250152588,346.303710938,348.471008301,11551216
2025-04-22 09:00:00+00:00,348.468353271,348.468353271,346.477630615,346.839141846,0
2025-04-22 10:00:00+00:00,346.833435059,347.21762085,345.113098145,347.21762085,3235408
2025-04-22 11:00:00+00:00,347.214569092,348.001220703,346.430847168,346.930206299,4787840
2025-04-22 12:00:00+00:00,346.877166748,348.016906738,346.330047607,347.873046875,2816800
2025-04-22 13:00:00+00:00,347.748291016,353.118835449,347.504669189,351.72567749,18570112
2025-04-22 14:00:00+00:00,351.732391357,352.834655762,350.689666748,352.680603027,8719104
2025-04-22 15:00:00+00:00,352.739990234,361.03137207,352.739990234,359.98638916,19662976
2025-04-22 16:00:00+00:00,360.456207275,361.253875732,357.625396729,357.905548096,3735744
2025-04-22 17:00:00+00:00,357.911010742,358.182403564,355.043395996,357.460784912,910624
2025-04-22 18:00:00+00:00,357.481414795,358.482147217,357.218231201,358.356719971,0
2025-04-22 19:00:00+00:00,358.35848999,358.35848999,355.315795898,356.813659668,0
2025-04-22 20:00:00+00:00,356.82623291,357.180419922,355.140045166,355.140045166,0
2025-04-22 21:00:00+00:00,355.167633057,361.906555176,354.860565186,361.600311279,10149504
2025-04-22 22:00:00+00:00,361.716247559,362.216003418,360.015960693,362.216003418,6682144
2025-04-22 23:00:00+00:00,362.343322754,364.036315918,362.343322754,362.802154541,6022336
2025-04-23 00:00:00+00:00,362.781402588,362.953735352,359.728118896,359.986236572,0
2025-04-23 01:00:00+00:00,359.941925049,362.951873779,356.162384033,356.162384033,5963776
2025-04-23 02:00:00+00:00,356.076202393,357.831604004,355.382171631,356.428588867,13012960
2025-04-23 03:00:00+00:00,356.405212402,357.027191162,354.61050415,357.027191162,1821056
2025-04-23 04:00:00+00:00,356.971099854,361.227630615,356.219818115,361.220092773,10431264
2025-04-23 05:00:00+00:00,361.266235352,362.50479126,360.300201416,361.192108154,6897344
2025-04-23 06:00:00+00:00,361.168151855,362.517272949,359.840667725,359.840667725,0
2025-04-23 07:00:00+00:00,359.846740723,361.744628906,359.553222656,359.553222656,0
2025-04-23 08:00:00+00:00,359.700714111,362.029602051,359.700714111,360.582489014,0
2025-04-23 09:00:00+00:00,360.640808105,361.859588623,360.104553223,360.119720459,4195168
2025-04-23 10:00:00+00:00,360.226196289,360.429840088,357.101348877,360.136138916,4817664
2025-04-23 11:00:00+00:00,360.072540283,360.805114746,358.477630615,358.487731934,0
2025-04-23 12:00:00+00:00,358.485473633,360.027679443,358.45300293,359.701568604,0
2025-04-23 13:00:00+00:00,359.771331787,361.005615234,357.371612549,357.371612549,0
2025-04-23 14:00:00+00:00,354.905548096,357.568389893,354.905548096,356.673980713,0
2025-04-23 15:00:00+00:00,356.632049561,358.261199951,354.467254639,357.28326416,0
2025-04-23 16:00:00+00:00,357.381500244,360.987609863,357.381500244,360.987609863,0
2025-04-23 17:00:00+00:00,361.039581299,362.474609375,361.039581299,362.332519531,0
2025-04-23 18:00:00+00:00,362.296142578,363.720825195,361.361999512,361.362945557,1441216
2025-04-23 19:00:00+00:00,361.351928711,361.351928711,356.819641113,357.126831055,440992
2025-04-23 20:00:00+00:00,357.139129639,359.668060303,357.139129639,359.341278076,418816
2025-04-23 21:00:00+00:00,359.315429688,359.71987915,357.579620361,357.954803467,0
2025-04-23 22:00:00+00:00,358.001586914,358.420227051,357.253479004,358.412750244,0
2025-04-23 23:00:00+00:00,358.770446777,358.812286377,357.614257812,358.217285156,34080
2025-04-24 00:00:00+00:00,358.216705322,360.569671631,358.212677002,360.151763916,0
2025-04-24 01:00:00+00:00,360.142028809,361.644256592,357.864715576,361.104522705,0
2025-04-24 02:00:00+00:00,361.097686768,364.380767822,360.606201172,363.087402344,2985760
2025-04-24 03:00:00+00:00,363.100341797,366.554260254,360.885681152,361.593383789,9963296
2025-04-24 04:00:00+00:00,361.549285889,364.994628906,361.029693604,364.509124756,3507040
2025-04-24 05:00:00+00:00,364.444458008,364.942077637,358.339935303,359.146850586,14974240
2025-04-24 06:00:00+00:00,359.118408203,359.966125488,357.647399902,358.186004639,476128
2025-04-24 07:00:00+00:00,358.273498535,360.700195312,357.756256104,358.214477539,0
2025-04-24 08:00:00+00:00,358.231750488,358.863342285,354.497253418,355.876098633,0
2025-04-24 09:00:00+00:00,355.896911621,359.811035156,355.896911621,359.532073975,7365952
2025-04-24 10:00:00+00:00,359.605407715,360.339874268,355.878295898,355.905212402,1923872
2025-04-24 11:00:00+00:00,355.774505615,355.774505615,347.533111572,348.178253174,27815712
2025-04-24 12:00:00+00:00,348.211517334,348.692321777,344.869171143,348.085876465,13346176
2025-04-24 13:00:00+00:00,348.17880249,348.71496582,347.188110352,347.863067627,0
2025-04-24 14:00:00+00:00,347.887084961,351.554779053,347.121795654,351.448730469,6641728
2025-04-24 15:00:00+00:00,351.460845947,355.283599854,351.020294189,353.507720947,0
2025-04-24 16:00:00+00:00,353.225158691,354.496429443,352.489593506,353.923248291,0
2025-04-24 17:00:00+00:00,353.77355957,354.034973145,348.94241333,349.866638184,0
2025-04-24 18:00:00+00:00,349.848907471,352.363342285,349.663085938,351.627044678,0
2025-04-24 19:00:00+00:00,351.597686768,352.626586914,349.909851074,351.824310303,0
2025-04-24 20:00:00+00:00,351.619903564,352.101196289,350.468231201,350.950378418,600384
2025-04-24 21:00:00+00:00,350.882629395,350.882629395,348.978057861,350.072692871,0
2025-04-24 22:00:00+00:00,350.085601807,352.302001953,349.865142822,351.667694092,0
2025-04-24 23:00:00+00:00,351.662872314,357.955718994,351.65725708,356.445587158,10380704
2025-04-25 00:00:00+00:00,356.546813965,358.627471924,355.585235596,355.585235596,1347648
2025-04-25 01:00:00+00:00,355.511413574,356.912902832,354.335449219,355.080535889,54208
2025-04-25 02:00:00+00:00,355.010406494,355.017547607,349.129547119,349.197845459,0
2025-04-25 03:00:00+00:00,349.254608154,356.891357422,349.254608154,356.891357422,0
2025-04-25 04:00:00+00:00,356.449523926,361.084564209,354.606689453,359.648956299,12134208
2025-04-25 05:00:00+00:00,359.843170166,361.225372314,358.455596924,360.414611816,0
2025-04-25 06:00:00+00:00,360.447143555,363.313415527,360.447143555,361.354827881,5686016
2025-04-25 07:00:00+00:00,361.256500244,361.784088135,359.752716064,360.463897705,0
2025-04-25 08:00:00+00:00,360.482849121,365.576293945,360.118041992,365.472137451,0
2025-04-25 09:00:00+00:00,365.41494751,368.425415039,364.437164307,366.162719727,9120256
2025-04-25 10:00:00+00:00,365.184234619,369.112213135,363.08380127,367.895843506,12697920
2025-04-25 11:00:00+00:00,367.878112793,381.215942383,367.861907959,379.561950684,17581088
2025-04-25 12:00:00+00:00,379.539337158,383.802032471,376.130584717,376.130584717,9229664
2025-04-25 13:00:00+00:00,375.934661865,375.934661865,367.339935303,369.068847656,20065472
2025-04-25 14:00:00+00:00,369.048797607,377.245788574,368.989624023,376.864593506,4648320
2025-04-25 15:00:00+00:00,376.862060547,378.364227295,373.126373291,375.635131836,5078208
2025-04-25 16:00:00+00:00,375.706481934,379.784881592,373.67791748,379.103668213,8502080
2025-04-25 17:00:00+00:00,379.089141846,380.032958984,374.496612549,375.448791504,0
2025-04-25 18:00:00+00:00,375.487884521,378.321685791,375.487884521,376.2315979,2875232
2025-04-25 19:00:00+00:00,376.224212646,376.277404785,374.517333984,375.31552124,758848
2025-04-25 20:00:00+00:00,375.41003418,378.247711182,375.41003418,377.928192139,13984
2025-04-25 21:00:00+00:00,378.050415039,383.143127441,377.09085083,377.09085083,4138656
2025-04-25 22:00:00+00:00,377.130065918,379.212677002,376.710235596,378.192169189,3677056
2025-04-25 23:00:00+00:00,378.169891357,378.169891357,373.324920654,373.329376221,115456
2025-04-26 00:00:00+00:00,373.30960083,375.901275635,373.059143066,375.862243652,2674592
2025-04-26 01:00:00+00:00,375.907653809,376.710449219,374.841918945,375.446044922,514816
2025-04-26 02:00:00+00:00,375.431121826,375.5546875,373.160491943,373.160491943,0
2025-04-26 03:00:00+00:00,373.147979736,374.644042969,372.778289795,374.316192627,0
2025-04-26 04:00:00+00:00,374.2784729,375.032836914,373.300354004,374.246643066,0
2025-04-26 05:00:00+00:00,374.209472656,374.643737793,372.815216064,374.610992432,0
2025-04-26 06:00:00+00:00,374.625610352,374.625610352,369.954162598,371.187744141,6690656
2025-04-26 07:00:00+00:00,371.232177734,371.494506836,369.968566895,370.015411377,0
2025-04-26 08:00:00+00:00,369.962799072,370.026550293,362.918029785,363.254333496,12304992
2025-04-26 09:00:00+00:00,363.518676758,363.998535156,362.540222168,363.927154541,0
2025-04-26 10:00:00+00:00,363.846496582,363.846496582,362.442352295,362.442352295,0
2025-04-26 11:00:00+00:00,362.440338135,363.07421875,358.850891113,359.326171875,0
2025-04-26 12:00:00+00:00,359.259521484,360.547821045,359.112884521,360.486846924,0
2025-04-26 13:00:00+00:00,360.472473145,361.504058838,359.04385376,359.65737915,0
2025-04-26 14:00:00+00:00,359.687347412,361.041259766,358.995422363,360.798583984,0
2025-04-26 15:00:00+00:00,360.800811768,361.885498047,359.867401123,359.867401123,0
2025-04-26 16:00:00+00:00,359.850006104,360.280975342,358.856506348,359.01651001,0
2025-04-26 17:00:00+00:00,359.070159912,360.035522461,359.070159912,359.442138672,0
2025-04-26 18:00:00+00:00,359.436553955,359.436553955,358.582794189,358.601470947,0
2025-04-26 19:00:00+00:00,358.554748535,358.846740723,357.699951172,358.629608154,0
2025-04-26 20:00:00+00:00,358.673522949,358.673522949,356.158752441,356.16696167,286064
2025-04-26 21:00:00+00:00,356.093353271,356.968261719,355.758880615,356.503601074,0
2025-04-26 22:00:00+00:00,356.525665283,358.162902832,356.525665283,356.91809082,3693056
2025-04-26 23:00:00+00:00,356.940216064,356.981964111,355.95916748,355.95916748,5120
2025-04-27 00:00:00+00:00,355.723999023,359.474212646,355.032226562,359.301177979,13312336
2025-04-27 01:00:00+00:00,359.336669922,359.624786377,353.769897461,353.816223145,6862176
2025-04-27 02:00:00+00:00,353.8359375,356.392486572,353.297973633,354.142913818,1115392
2025-04-27 03:00:00+00:00,354.31729126,355.299743652,353.8515625,353.895294189,0
2025-04-27 04:00:00+00:00,353.914520264,354.095794678,352.225097656,352.247283936,0
2025-04-27 05:00:00+00:00,352.24118042,353.402313232,351.072906494,353.293304443,3726464
2025-04-27 06:00:00+00:00,353.314727783,354.269104004,353.244537354,354.062652588,0
2025-04-27 07:00:00+00:00,354.055725098,354.94619751,353.240539551,353.809082031,211072
2025-04-27 08:00:00+00:00,353.803039551,353.803039551,352.781921387,352.781921387,0
2025-04-27 09:00:00+00:00,352.78717041,352.920532227,351.433105469,352.646606445,0
2025-04-27 10:00:00+00:00,352.674072266,352.674072266,351.351898193,351.671508789,0
2025-04-27 11:00:00+00:00,351.722290039,352.468963623,351.491668701,352.457763672,0
2025-04-27 12:00:00+00:00,352.454193115,352.454193115,350.800964355,352.227600098,1128160
2025-04-27 13:00:00+00:00,352.184509277,352.939300537,350.5418396,352.399810791,1045424
2025-04-27 14:00:00+00:00,352.383758545,352.753112793,351.683013916,351.689361572,517632
2025-04-27 15:00:00+00:00,351.645477295,352.0809021,350.359771729,351.271240234,928928
2025-04-27 16:00:00+00:00,351.263031006,351.672637939,350.639648438,350.901672363,0
2025-04-27 17:00:00+00:00,350.92767334,351.992828369,350.440460205,350.636779785,0
2025-04-27 18:00:00+00:00,350.617279053,351.419250488,350.370819092,350.6769104,1423440
2025-04-27 19:00:00+00:00,350.645141602,350.716491699,349.317230225,349.707305908,2675040
2025-04-27 20:00:00+00:00,349.679504395,349.752838135,348.66394043,348.706878662,0
2025-04-27 21:00:00+00:00,348.680175781,350.841888428,347.452819824,350.448486328,0
2025-04-27 22:00:00+00:00,350.385070801,350.385070801,346.200012207,346.565917969,0
2025-04-27 23:00:00+00:00,346.527496338,346.527496338,345.600311279,345.984588623,0
2025-04-28 00:00:00+00:00,345.976745605,346.690002441,343.839233398,345.32913208,0
2025-04-28 01:00:00+00:00,345.337585449,345.337585449,342.688018799,343.439849854,0
2025-04-28 02:00:00+00:00,343.430541992,347.387573242,342.903778076,347.370910645,0
2025-04-28 03:00:00+00:00,347.410064697,349.318359375,347.222198486,348.8671875,4183376
2025-04-28 04:00:00+00:00,348.864929199,350.691833496,348.864929199,350.691833496,0
2025-04-28 05:00:00+00:00,350.725189209,352.24206543,350.725189209,352.24206543,2296896
2025-04-28 06:00:00+00:00,352.251373291,353.813873291,351.369262695,353.735229492,876032
2025-04-28 07:00:00+00:00,353.729248047,354.651062012,353.131347656,354.219329834,1562384
2025-04-28 08:00:00+00:00,354.215606689,355.910583496,351.692077637,351.915740967,6538368
2025-04-28 09:00:00+00:00,351.966522217,352.67956543,351.384124756,352.360046387,641104
2025-04-28 10:00:00+00:00,352.303222656,354.025878906,350.44744873,353.046539307,10552128
2025-04-28 11:00:00+00:00,353.060089111,355.504425049,352.977264404,354.981842041,3215808
2025-04-28 12:00:00+00:00,354.993499756,355.177093506,351.446746826,352.305236816,5069136
2025-04-28 13:00:00+00:00,352.304107666,352.347351074,349.941314697,349.941314697,0
2025-04-28 14:00:00+00:00,349.803070068,350.530212402,348.685577393,349.314422607,3973008
2025-04-28 15:00:00+00:00,349.321533203,349.554901123,345.361938477,345.769012451,0
2025-04-28 16:00:00+00:00,345.831726074,348.847259521,345.623931885,346.526489258,8074880
2025-04-28 17:00:00+00:00,346.519500732,347.987548828,346.509399414,347.954711914,456992
2025-04-28 18:00:00+00:00,347.980072021,348.953918457,346.753417969,348.915710449,0
2025-04-28 19:00:00+00:00,348.895965576,351.988830566,348.891662598,351.484771729,0
2025-04-28 20:00:00+00:00,351.472564697,351.563201904,350.520782471,351.299835205,0
2025-04-28 21:00:00+00:00,351.315948486,352.429443359,351.075439453,352.429443359,0
2025-04-28 22:00:00+00:00,352.449737549,353.659973145,352.449737549,353.328125,0
2025-04-28 23:00:00+00:00,353.358856201,368.056640625,353.153045654,364.212493896,32673568
2025-04-29 00:00:00+00:00,364.240753174,373.160095215,361.224609375,373.160095215,28753856
2025-04-29 01:00:00+00:00,372.93737793,372.971313477,369.386871338,369.693511963,19698912
2025-04-29 02:00:00+00:00,369.659973145,369.659973145,364.856842041,364.916229248,3058048
2025-04-29 03:00:00+00:00,364.934295654,367.427978516,364.492370605,367.416046143,958528
2025-04-29 04:00:00+00:00,367.399597168,376.589172363,367.399597168,369.872009277,25206048
2025-04-29 05:00:00+00:00,369.599273682,369.941070557,367.939971924,368.327453613,0
2025-04-29 06:00:00+00:00,368.281982422,373.226318359,368.281982422,371.839355469,6429504
2025-04-29 07:00:00+00:00,371.764465332,371.952728271,370.333068848,371.581878662,1666656
2025-04-29 08:00:00+00:00,371.597412109,375.526153564,371.597412109,374.588592529,860576
2025-04-29 09:00:00+00:00,374.598022461,374.642425537,372.487731934,374.63369751,0
2025-04-29 10:00:00+00:00,374.641235352,374.658782959,371.330383301,372.043762207,7066400
2025-04-29 11:00:00+00:00,372.063720703,374.191589355,372.063720703,373.658538818,1739936
2025-04-29 12:00:00+00:00,373.778991699,373.778991699,371.661346436,372.047637939,0
2025-04-29 13:00:00+00:00,371.956085205,372.542114258,370.350646973,370.602142334,298176
2025-04-29 14:00:00+00:00,370.570648193,372.261444092,369.976623535,372.171051025,6413248
2025-04-29 15:00:00+00:00,372.117706299,373.62713623,371.701904297,372.976989746,2615680
2025-04-29 16:00:00+00:00,372.989929199,376.842071533,372.989929199,375.012176514,490048
2025-04-29 17:00:00+00:00,374.636230469,375.493103027,372.802246094,372.802246094,6889856
2025-04-29 18:00:00+00:00,372.800384521,373.341125488,370.73614502,371.602478027,4715232
2025-04-29 19:00:00+00:00,371.872406006,371.949798584,370.386688232,370.663726807,0
2025-04-29 20:00:00+00:00,370.438690186,370.486450195,368.621673584,368.629943848,2702816
2025-04-29 21:00:00+00:00,368.613922119,368.613922119,365.611236572,368.131561279,8034752
2025-04-29 22:00:00+00:00,368.110015869,368.110015869,364.045471191,365.843292236,1694240
2025-04-29 23:00:00+00:00,365.60144043,365.637390137,362.350891113,363.636383057,0
2025-04-30 00:00:00+00:00,363.899993896,364.61517334,362.856384277,362.864868164,0
2025-04-30 01:00:00+00:00,362.630432129,362.630432129,359.940185547,361.052581787,0
2025-04-30 02:00:00+00:00,361.008422852,361.008422852,360.026611328,360.283416748,0
2025-04-30 03:00:00+00:00,360.286315918,361.869781494,359.939880371,361.869781494,0
2025-04-30 04:00:00+00:00,361.891204834,368.296112061,361.740325928,368.296112061,776512
2025-04-30 05:00:00+00:00,368.258514404,368.258514404,364.596496582,364.596496582,0
2025-04-30 06:00:00+00:00,364.586547852,364.69430542,363.547271729,364.029022217,0
2025-04-30 07:00:00+00:00,364.037597656,364.183807373,362.60925293,363.157928467,0
2025-04-30 08:00:00+00:00,363.165283203,366.419433594,363.165283203,366.40411377,0
2025-04-30 09:00:00+00:00,366.388397217,366.688049316,364.769836426,366.195709229,0
2025-04-30 10:00:00+00:00,366.207794189,368.131500244,365.956481934,368.131500244,0
2025-04-30 11:00:00+00:00,368.139373779,369.508514404,368.139373779,368.791107178,0
2025-04-30 12:00:00+00:00,368.780853271,368.780853271,363.904815674,364.835388184,0
2025-04-30 13:00:00+00:00,364.770294189,364.770294189,357.31439209,357.369049072,0
2025-04-30 14:00:00+00:00,357.279541016,364.377563477,356.138641357,362.259124756,0
2025-04-30 15:00:00+00:00,362.222320557,363.502502441,361.668701172,362.657226562,0
2025-04-30 16:00:00+00:00,362.656555176,364.456939697,361.528656006,364.248077393,0
2025-04-30 17:00:00+00:00,364.232421875,365.576080322,362.775360107,364.823699951,0
2025-04-30 18:00:00+00:00,364.821716309,366.254760742,363.58706665,363.696502686,0
2025-04-30 19:00:00+00:00,363.692474365,364.550598145,362.686218262,364.550598145,0
2025-04-30 20:00:00+00:00,364.502319336,367.634918213,364.25994873,366.722473145,0
2025-04-30 21:00:00+00:00,366.748840332,366.951385498,365.402984619,365.410461426,0
2025-04-30 22:00:00+00:00,365.40512085,366.258911133,364.31817627,364.656829834,0
2025-04-30 23:00:00+00:00,364.713684082,367.051177979,364.713684082,366.225616455,0
2025-05-01 00:00:00+00:00,366.214904785,369.646575928,366.214904785,369.502563477,0
2025-05-01 01:00:00+00:00,369.490814209,370.529876709,368.247680664,369.232208252,0
2025-05-01 02:00:00+00:00,369.246856689,370.087249756,369.061676025,369.061676025,0
2025-05-01 03:00:00+00:00,369.064971924,369.917633057,367.585662842,367.633483887,0
2025-05-01 04:00:00+00:00,367.63482666,367.957519531,367.548553467,367.771972656,0
2025-05-01 05:00:00+00:00,367.99432373,369.081817627,367.324859619,367.350952148,0
2025-05-01 06:00:00+00:00,367.189849854,367.461029053,366.397521973,366.460784912,0
2025-05-01 07:00:00+00:00,366.456237793,367.127471924,366.115020752,366.313415527,0
2025-05-01 08:00:00+00:00,366.311279297,366.424072266,364.537475586,365.828948975,502736
2025-05-01 09:00:00+00:00,365.84161377,367.448883057,365.545257568,367.448883057,1059824
2025-05-01 10:00:00+00:00,367.440429688,372.56262207,367.313049316,372.55645752,13589808
2025-05-01 11:00:00+00:00,372.569610596,373.537078857,370.434020996,370.957244873,4982672
2025-05-01 12:00:00+00:00,370.953643799,372.164520264,370.953643799,371.630462646,0
2025-05-01 13:00:00+00:00,371.639862061,371.695648193,368.484985352,368.503204346,0
2025-05-01 14:00:00+00:00,368.471191406,371.580963135,368.455688477,371.580963135,0
2025-05-01 15:00:00+00:00,371.683044434,372.804779053,366.153961182,366.192901611,9924896
2025-05-01 16:00:00+00:00,366.16708374,368.409698486,365.699157715,366.578552246,1724304
2025-05-01 17:00:00+00:00,366.420532227,366.811096191,363.578460693,364.206054688,534880
2025-05-01 18:00:00+00:00,364.193634033,364.653076172,363.191589355,364.653076172,0
2025-05-01 19:00:00+00:00,364.665527344,364.66885376,362.692962646,362.692962646,0
2025-05-01 20:00:00+00:00,362.709838867,362.998626709,361.676177979,362.476409912,0
2025-05-01 21:00:00+00:00,362.463897705,363.692443848,362.463897705,363.610168457,540928
2025-05-01 22:00:00+00:00,363.626556396,363.626556396,362.080352783,362.111968994,355104
2025-05-01 23:00:00+00:00,362.112731934,362.225372314,360.422058105,361.12979126,2973712
2025-05-02 00:00:00+00:00,361.119934082,362.585113525,359.692993164,361.780609131,3320960
2025-05-02 01:00:00+00:00,361.797637939,365.477172852,360.402282715,365.477172852,9021888
2025-05-02 02:00:00+00:00,365.291992188,369.737609863,365.291992188,369.453155518,15306560
2025-05-02 03:00:00+00:00,369.422607422,370.188476562,368.905181885,369.111236572,6744464
2025-05-02 04:00:00+00:00,369.08215332,369.775299072,367.619384766,367.626647949,1936816
2025-05-02 05:00:00+00:00,367.631225586,371.209228516,367.601348877,368.014251709,6362448
2025-05-02 06:00:00+00:00,368.054901123,370.592285156,367.955932617,370.577270508,5952608
2025-05-02 07:00:00+00:00,370.569335938,371.386901855,369.038116455,369.125946045,3707552
2025-05-02 08:00:00+00:00,369.129241943,374.352264404,369.079742432,370.183410645,6646016
2025-05-02 09:00:00+00:00,370.216522217,370.691223145,368.324310303,369.221923828,2201248
2025-05-02 10:00:00+00:00,369.183074951,369.96295166,368.723236084,369.455413818,0
2025-05-02 11:00:00+00:00,369.486572266,370.012939453,368.876403809,368.876434326,0
2025-05-02 12:00:00+00:00,368.858154297,371.364807129,368.328979492,370.88961792,3819776
2025-05-02 13:00:00+00:00,370.865783691,372.903747559,369.998779297,372.360778809,0
2025-05-02 14:00:00+00:00,372.415313721,384.729858398,372.361541748,384.729858398,33073856
2025-05-02 15:00:00+00:00,384.555450439,385.428741455,379.183166504,379.188598633,14174304
2025-05-02 16:00:00+00:00,379.189971924,382.581420898,379.064819336,381.605926514,1919008
2025-05-02 17:00:00+00:00,381.583068848,381.974334717,380.063964844,380.296173096,0
2025-05-02 18:00:00+00:00,380.255737305,381.725280762,378.461120605,378.461120605,6218368
2025-05-02 19:00:00+00:00,378.477600098,378.986968994,377.471221924,377.98449707,2460128
2025-05-02 20:00:00+00:00,377.938720703,379.221069336,377.545074463,379.152191162,0
2025-05-02 21:00:00+00:00,379.175231934,379.905487061,377.885314941,378.064880371,929696
2025-05-02 22:00:00+00:00,378.051208496,381.003601074,378.051208496,379.139892578,0
2025-05-02 23:00:00+00:00,379.149780273,382.960266113,378.592803955,382.87512207,6210272
2025-05-03 00:00:00+00:00,382.88168335,383.358856201,372.547943115,372.669433594,9172512
2025-05-03 01:00:00+00:00,372.720092773,374.849761963,367.834136963,368.067169189,7968896
2025-05-03 02:00:00+00:00,368.194885254,369.716094971,368.029541016,369.316833496,0
2025-05-03 03:00:00+00:00,369.35256958,371.555358887,368.927001953,371.513244629,2646624
2025-05-03 04:00:00+00:00,371.52456665,371.52456665,369.626831055,370.353179932,0
2025-05-03 05:00:00+00:00,370.355712891,371.125701904,369.668640137,369.686889648,0
2025-05-03 06:00:00+00:00,369.674957275,369.674957275,368.585510254,368.963684082,0
2025-05-03 07:00:00+00:00,368.964050293,369.440368652,368.175292969,369.3465271,0
2025-05-03 08:00:00+00:00,369.361358643,370.044555664,368.942321777,369.024230957,0
2025-05-03 09:00:00+00:00,368.963470459,368.963470459,367.650756836,367.669250488,0
2025-05-03 10:00:00+00:00,367.729644775,368.81072998,367.607086182,367.87387085,0
2025-05-03 11:00:00+00:00,367.841888428,368.295135498,366.00970459,366.537475586,2555040
2025-05-03 12:00:00+00:00,366.54510498,367.601959229,366.434265137,367.314758301,0
2025-05-03 13:00:00+00:00,367.312530518,367.795501709,366.696258545,366.723510742,0
2025-05-03 14:00:00+00:00,366.748168945,369.51260376,366.115844727,369.219604492,0
2025-05-03 15:00:00+00:00,369.247619629,370.323760986,367.519378662,367.53704834,0
2025-05-03 16:00:00+00:00,367.510345459,367.510345459,365.061004639,365.332611084,0
2025-05-03 17:00:00+00:00,365.357788086,367.150695801,364.759460449,367.015411377,1141056
2025-05-03 18:00:00+00:00,367.029907227,367.934387207,365.168029785,365.181365967,0
2025-05-03 19:00:00+00:00,365.18057251,366.349487305,364.989654541,365.884307861,0
2025-05-03 20:00:00+00:00,365.915039062,366.53125,365.540222168,365.572021484,0
2025-05-03 21:00:00+00:00,365.610809326,365.825256348,364.694061279,364.694061279,426544
2025-05-03 22:00:00+00:00,364.666656494,364.719696045,363.589996338,364.32635498,671744
2025-05-03 23:00:00+00:00,364.331939697,364.331939697,363.119689941,363.119689941,40240
2025-05-04 00:00:00+00:00,362.875823975,362.875823975,361.499328613,362.688446045,0
2025-05-04 01:00:00+00:00,362.700805664,363.836975098,362.183288574,363.4715271,0
2025-05-04 02:00:00+00:00,363.473297119,368.465454102,363.464660645,365.609893799,4603408
2025-05-04 03:00:00+00:00,365.659759521,365.756164551,363.936889648,364.408538818,0
2025-05-04 04:00:00+00:00,364.323822021,364.323822021,362.883911133,363.413452148,0
2025-05-04 05:00:00+00:00,363.412994385,365.640380859,363.352508545,365.640380859,358544
2025-05-04 06:00:00+00:00,365.665985107,365.665985107,361.968322754,361.968322754,4792656
2025-05-04 07:00:00+00:00,361.942352295,361.942352295,359.388244629,359.887481689,5419168
2025-05-04 08:00:00+00:00,359.898193359,359.994598389,357.847167969,357.977783203,5400000
2025-05-04 09:00:00+00:00,357.977752686,358.20413208,357.473236084,357.596405029,1627664
2025-05-04 10:00:00+00:00,357.583007812,358.644500732,357.469238281,358.495147705,0
2025-05-04 11:00:00+00:00,358.476165771,358.945648193,357.878753662,357.878753662,0
2025-05-04 12:00:00+00:00,357.892303467,358.351013184,357.66015625,358.186401367,0
2025-05-04 13:00:00+00:00,358.183502197,358.183502197,355.943206787,357.141815186,1551696
2025-05-04 14:00:00+00:00,357.154602051,358.785888672,356.837646484,358.722412109,140848
2025-05-04 15:00:00+00:00,358.738616943,358.738616943,356.38671875,356.734130859,0
2025-05-04 16:00:00+00:00,356.754058838,356.795837402,353.797515869,353.855957031,0
2025-05-04 17:00:00+00:00,353.894073486,355.984039307,353.468048096,355.817657471,0
2025-05-04 18:00:00+00:00,355.815612793,356.599700928,354.863647461,354.923431396,29728
2025-05-04 19:00:00+00:00,354.886047363,356.397857666,354.764221191,355.924530029,138096
2025-05-04 20:00:00+00:00,355.934204102,357.367370605,355.635040283,357.301757812,0
2025-05-04 21:00:00+00:00,357.332122803,359.105285645,357.332122803,359.102600098,0
2025-05-04 22:00:00+00:00,359.123016357,359.123016357,356.050933838,357.04977417,0
2025-05-04 23:00:00+00:00,357.042633057,357.083618164,355.619110107,356.132629395,601872
2025-05-05 00:00:00+00:00,356.130645752,358.687561035,356.044250488,358.220825195,0
2025-05-05 01:00:00+00:00,358.214569092,358.214569092,351.966125488,352.774658203,5020768
2025-05-05 02:00:00+00:00,352.779205322,356.033325195,352.083251953,355.217712402,0
2025-05-05 03:00:00+00:00,355.234863281,356.426574707,355.034698486,356.151611328,0
2025-05-05 04:00:00+00:00,356.138305664,358.57333374,356.138305664,358.205291748,209056
2025-05-05 05:00:00+00:00,358.19418335,360.077056885,358.19418335,360.077056885,0
2025-05-05 06:00:00+00:00,360.132110596,360.66897583,359.77166748,360.60144043,0
2025-05-05 07:00:00+00:00,360.603668213,360.740386963,359.633911133,360.039093018,0
2025-05-05 08:00:00+00:00,360.042694092,360.457946777,358.699066162,358.897613525,0
2025-05-05 09:00:00+00:00,359.063873291,359.139373779,358.143859863,358.143859863,0
2025-05-05 10:00:00+00:00,358.159637451,358.159637451,353.565460205,354.130249023,904496
2025-05-05 11:00:00+00:00,354.152496338,355.168914795,352.606414795,353.424713135,964336
2025-05-05 12:00:00+00:00,353.394897461,354.813873291,352.932983398,353.322662354,2665984
2025-05-05 13:00:00+00:00,353.326416016,353.851409912,351.567565918,352.682159424,0
2025-05-05 14:00:00+00:00,352.730682373,354.167785645,352.051086426,352.53918457,0
2025-05-05 15:00:00+00:00,352.548095703,352.548095703,349.963439941,350.393890381,935552
2025-05-05 16:00:00+00:00,350.493927002,353.890350342,350.493927002,352.964202881,0
2025-05-05 17:00:00+00:00,352.89743042,354.491973877,352.393554688,353.994415283,0
2025-05-05 18:00:00+00:00,353.996856689,356.683868408,353.996856689,356.141418457,236224
2025-05-05 19:00:00+00:00,356.141906738,356.762298584,353.647491455,353.647491455,441408
2025-05-05 20:00:00+00:00,353.589447021,353.589447021,350.286956787,351.275726318,828800
2025-05-05 21:00:00+00:00,351.290222168,353.693084717,351.290222168,353.132781982,543136
2025-05-05 22:00:00+00:00,353.088562012,354.247253418,352.866271973,353.84173584,236368
2025-05-05 23:00:00+00:00,353.84375,354.819763184,353.4871521,353.4871521,0
2025-05-06 00:00:00+00:00,353.486236572,353.784790039,351.889587402,352.018859863,0
2025-05-06 01:00:00+00:00,352.065704346,355.978179932,351.626556396,352.884857178,0
2025-05-06 02:00:00+00:00,352.859069824,353.53024292,350.640716553,353.528289795,467232
2025-05-06 03:00:00+00:00,353.811401367,354.988250732,353.079101562,354.940826416,139472
2025-05-06 04:00:00+00:00,355.116577148,359.043029785,355.113494873,358.039672852,17872800
2025-05-06 05:00:00+00:00,358.052215576,361.075897217,358.052215576,358.692901611,12425232
2025-05-06 06:00:00+00:00,358.63973999,360.613372803,358.563415527,359.041381836,3723776
2025-05-06 07:00:00+00:00,359.067382812,360.979125977,358.919311523,359.940216064,3459824
2025-05-06 08:00:00+00:00,359.911590576,359.911590576,357.819854736,359.895141602,1819280
2025-05-06 09:00:00+00:00,359.98626709,360.643798828,358.871765137,359.820465088,3343552
2025-05-06 10:00:00+00:00,359.785339355,360.705657959,357.715545654,357.890014648,224944
2025-05-06 11:00:00+00:00,357.844390869,357.844390869,352.77255249,352.82131958,7709152
2025-05-06 12:00:00+00:00,352.943725586,355.385192871,351.37689209,355.372802734,11698592
2025-05-06 13:00:00+00:00,355.353088379,355.353088379,351.731689453,352.736724854,2055696
2025-05-06 14:00:00+00:00,352.757598877,356.204223633,352.757598877,355.756591797,3182448
2025-05-06 15:00:00+00:00,356.440093994,358.53302002,355.728607178,356.41885376,4079936
2025-05-06 16:00:00+00:00,356.389587402,357.17678833,354.652496338,354.652496338,0
2025-05-06 17:00:00+00:00,354.478118896,356.435516357,353.87387085,354.627075195,2499648
2025-05-06 18:00:00+00:00,354.640563965,359.849975586,354.616638184,359.849975586,5145520
2025-05-06 19:00:00+00:00,359.923675537,362.555328369,359.923675537,360.259552002,9683984
2025-05-06 20:00:00+00:00,360.082489014,360.082489014,357.400482178,357.918945312,266432
2025-05-06 21:00:00+00:00,358.327972412,358.72744751,354.331878662,356.442718506,3412992
2025-05-06 22:00:00+00:00,356.555603027,367.367248535,356.555603027,367.2918396,15930880
2025-05-06 23:00:00+00:00,367.328643799,373.325714111,366.955200195,373.104248047,13164192
2025-05-07 00:00:00+00:00,374.624328613,379.166229248,374.624328613,377.267578125,17113408
2025-05-07 01:00:00+00:00,377.481811523,379.569519043,376.5574646,376.5574646,502016
2025-05-07 02:00:00+00:00,376.001098633,376.840026855,375.197296143,375.262115479,1280992
2025-05-07 03:00:00+00:00,375.239318848,377.299682617,374.860107422,377.182006836,3398688
2025-05-07 04:00:00+00:00,377.197479248,377.285583496,376.406463623,376.845672607,0
2025-05-07 05:00:00+00:00,376.850799561,377.027832031,369.885192871,370.152313232,0
2025-05-07 06:00:00+00:00,370.13494873,371.2890625,368.823181152,369.409851074,0
2025-05-07 07:00:00+00:00,369.397918701,373.445373535,369.308807373,373.119781494,0
2025-05-07 08:00:00+00:00,373.141052246,373.541473389,371.95501709,373.541473389,0
2025-05-07 09:00:00+00:00,373.578918457,375.500549316,373.578918457,375.129333496,722752
2025-05-07 10:00:00+00:00,375.037872314,375.210754395,372.198455811,372.198455811,2565376
2025-05-07 11:00:00+00:00,371.852355957,371.852355957,366.767913818,366.996368408,0
2025-05-07 12:00:00+00:00,367.384796143,367.386444092,364.472259521,365.436248779,0
2025-05-07 13:00:00+00:00,365.486846924,366.951568604,364.534423828,365.515533447,0
2025-05-07 14:00:00+00:00,365.504547119,367.585479736,363.902008057,364.186950684,14194048
2025-05-07 15:00:00+00:00,364.468292236,365.549102783,363.559082031,363.559082031,3503168
2025-05-07 16:00:00+00:00,363.53894043,363.53894043,359.888000488,361.466156006,5913792
2025-05-07 17:00:00+00:00,361.42767334,361.42767334,357.642028809,357.660827637,3896992
2025-05-07 18:00:00+00:00,357.425384521,359.738739014,355.982971191,357.748291016,19438240
2025-05-07 19:00:00+00:00,357.704803467,358.692810059,355.77432251,357.866363525,1702368
2025-05-07 20:00:00+00:00,357.659301758,358.321807861,357.031707764,357.752838135,0
2025-05-07 21:00:00+00:00,357.778625488,362.132507324,357.778625488,361.192504883,3356704
2025-05-07 22:00:00+00:00,361.054962158,369.499328613,361.054962158,367.288208008,4337056
2025-05-07 23:00:00+00:00,367.283325195,385.34072876,367.283325195,383.26348877,44178688
2025-05-08 00:00:00+00:00,383.460571289,386.507568359,382.407501221,383.213867188,5934496
2025-05-08 01:00:00+00:00,383.387420654,411.274597168,383.387420654,406.00994873,110424544
2025-05-08 02:00:00+00:00,407.466125488,407.771057129,400.353393555,401.081848145,28016512
2025-05-08 03:00:00+00:00,401.333404541,407.141021729,400.257659912,407.064758301,17956256
2025-05-08 04:00:00+00:00,407.851654053,425.681274414,407.851654053,414.613128662,109728256
2025-05-08 05:00:00+00:00,414.65612793,417.018890381,414.384094238,415.33215332,5243072
2025-05-08 06:00:00+00:00,416.07522583,418.470977783,415.559692383,418.423828125,10390784
2025-05-08 07:00:00+00:00,418.462890625,421.007354736,415.775848389,417.645843506,17740416
2025-05-08 08:00:00+00:00,417.645965576,419.860351562,417.645965576,419.319671631,7836096
2025-05-08 09:00:00+00:00,419.285949707,419.285949707,413.332305908,415.984893799,8603648
2025-05-08 10:00:00+00:00,415.973388672,418.113433838,414.654998779,418.113433838,1552448
2025-05-08 11:00:00+00:00,418.111022949,418.111022949,414.12097168,414.12097168,0
2025-05-08 12:00:00+00:00,414.026611328,414.051300049,409.974609375,411.439605713,6985536
2025-05-08 13:00:00+00:00,411.452392578,420.372680664,411.452392578,418.571533203,29899072
2025-05-08 14:00:00+00:00,418.464080811,418.625701904,415.883972168,415.895019531,0
2025-05-08 15:00:00+00:00,415.874908447,423.062011719,415.570953369,420.075805664,15903808
2025-05-08 16:00:00+00:00,420.17779541,422.25769043,418.536804199,422.020050049,0
2025-05-08 17:00:00+00:00,421.70123291,421.70123291,417.458831787,417.594573975,0
2025-05-08 18:00:00+00:00,417.583587646,418.578216553,417.375030518,417.375030518,0
2025-05-08 19:00:00+00:00,417.308227539,419.450866699,416.839691162,418.653503418,0
2025-05-08 20:00:00+00:00,418.608734131,422.458892822,417.438964844,422.241577148,9478336
2025-05-08 21:00:00+00:00,422.023773193,423.935974121,419.345275879,422.425292969,7116608
2025-05-08 22:00:00+00:00,422.487854004,423.173553467,420.236206055,421.701599121,0
2025-05-08 23:00:00+00:00,421.708679199,422.79498291,421.174804688,421.630981445,142080
2025-05-09 00:00:00+00:00,421.747802734,421.747802734,416.520263672,417.851104736,2540992
2025-05-09 01:00:00+00:00,417.885345459,419.594604492,417.054992676,419.277191162,0
2025-05-09 02:00:00+00:00,419.309814453,420.404724121,418.104156494,419.189056396,0
2025-05-09 03:00:00+00:00,419.148010254,420.578216553,415.230285645,415.230285645,0
2025-05-09 04:00:00+00:00,415.318603516,417.02041626,415.304931641,416.864318848,0
2025-05-09 05:00:00+00:00,416.850097656,417.163299561,416.227905273,417.136505127,0
2025-05-09 06:00:00+00:00,417.22833252,420.746337891,416.919891357,420.504882812,0
2025-05-09 07:00:00+00:00,420.470489502,423.768096924,420.470489502,421.549560547,0
2025-05-09 08:00:00+00:00,420.665679932,428.348388672,418.999420166,421.145721436,22903872
2025-05-09 09:00:00+00:00,421.371276855,424.505126953,406.90625,407.388000488,29782176
2025-05-09 10:00:00+00:00,408.668518066,413.995361328,408.668518066,413.397338867,23333344
2025-05-09 11:00:00+00:00,413.399291992,416.838439941,413.187225342,415.769958496,24483456
2025-05-09 12:00:00+00:00,415.800323486,415.897277832,414.243041992,415.187591553,384896
2025-05-09 13:00:00+00:00,415.104797363,416.793457031,413.687835693,416.793457031,0
2025-05-09 14:00:00+00:00,415.651245117,415.651245117,404.519348145,407.227264404,20639936
2025-05-09 15:00:00+00:00,407.234313965,408.136993408,406.379241943,407.103271484,0
2025-05-09 16:00:00+00:00,407.151153564,407.342803955,405.128601074,405.395690918,0
2025-05-09 17:00:00+00:00,405.289428711,409.897399902,404.610839844,408.889129639,190144
2025-05-09 18:00:00+00:00,408.936584473,409.143005371,408.22088623,408.80569458,0
2025-05-09 19:00:00+00:00,408.756011963,409.498840332,407.928741455,408.147064209,0
2025-05-09 20:00:00+00:00,408.182037354,409.5206604,407.862976074,407.988525391,0
2025-05-09 21:00:00+00:00,408.034942627,409.239685059,407.757843018,408.158111572,0
2025-05-09 22:00:00+00:00,408.145721436,409.394805908,408.104705811,408.555847168,0
2025-05-09 23:00:00+00:00,408.561767578,412.381866455,408.035247803,412.381866455,1993504
2025-05-10 00:00:00+00:00,413.466674805,416.495941162,410.786224365,410.82131958,0
2025-05-10 01:00:00+00:00,410.807495117,415.227874756,410.807495117,413.04675293,0
2025-05-10 02:00:00+00:00,412.955841064,416.520629883,412.557647705,415.166992188,0
2025-05-10 03:00:00+00:00,415.217193604,415.592315674,414.470245361,415.336700439,0
2025-05-10 04:00:00+00:00,415.380157471,415.756622314,414.209869385,415.62512207,0
2025-05-10 05:00:00+00:00,415.595428467,416.547485352,414.182189941,415.634552002,614528
2025-05-10 06:00:00+00:00,415.671020508,417.362548828,415.671020508,416.353637695,1351616
2025-05-10 07:00:00+00:00,416.416748047,422.937042236,416.416748047,420.177001953,6223616
2025-05-10 08:00:00+00:00,420.031860352,422.536895752,419.120330811,419.575714111,0
2025-05-10 09:00:00+00:00,419.787017822,423.639465332,418.664978027,423.494689941,0
2025-05-10 10:00:00+00:00,422.939971924,423.700408936,419.840393066,419.844177246,0
2025-05-10 11:00:00+00:00,419.804443359,419.804443359,415.013702393,415.061645508,0
2025-05-10 12:00:00+00:00,414.993713379,418.321014404,414.852081299,417.747314453,0
2025-05-10 13:00:00+00:00,417.768280029,419.776275635,417.217468262,419.733062744,0
2025-05-10 14:00:00+00:00,419.72454834,421.643890381,419.533050537,421.132263184,0
2025-05-10 15:00:00+00:00,421.133666992,421.161590576,418.911651611,419.614501953,0
2025-05-10 16:00:00+00:00,419.587188721,422.447662354,419.292053223,421.637634277,3751872
2025-05-10 17:00:00+00:00,421.616851807,423.771942139,421.493865967,421.634216309,3738176
2025-05-10 18:00:00+00:00,421.593902588,422.059356689,419.703826904,421.271606445,2467680
2025-05-10 19:00:00+00:00,421.356567383,421.356567383,419.335632324,419.512145996,0
2025-05-10 20:00:00+00:00,419.5105896,421.408813477,418.823059082,421.256713867,1451008
2025-05-10 21:00:00+00:00,421.261230469,422.891326904,421.003692627,422.877563477,2955872
2025-05-10 22:00:00+00:00,422.790039062,428.258636475,422.305969238,428.063873291,11403392
2025-05-10 23:00:00+00:00,427.903167725,431.889465332,427.134338379,430.875732422,14632928
2025-05-11 00:00:00+00:00,430.819091797,431.279022217,420.600128174,425.265625,4881952
2025-05-11 01:00:00+00:00,425.258026123,428.417419434,423.051330566,423.127532959,3872576
2025-05-11 02:00:00+00:00,423.20413208,428.341339111,423.20413208,423.363525391,3235232
2025-05-11 03:00:00+00:00,423.521331787,424.646453857,416.885864258,417.563110352,16491072
2025-05-11 04:00:00+00:00,417.546386719,419.630279541,417.546386719,418.389038086,5300832
2025-05-11 05:00:00+00:00,418.428131104,418.500946045,417.048858643,417.048858643,0
2025-05-11 06:00:00+00:00,417.025665283,417.025665283,411.655914307,413.295776367,2301760
2025-05-11 07:00:00+00:00,413.294342041,413.352355957,407.776885986,410.201263428,0
2025-05-11 08:00:00+00:00,410.174713135,413.116729736,410.107940674,410.394836426,0
2025-05-11 09:00:00+00:00,410.387634277,414.126495361,410.210693359,413.471252441,2462144
2025-05-11 10:00:00+00:00,413.449829102,413.825653076,411.938079834,413.182159424,0
2025-05-11 11:00:00+00:00,413.229522705,414.118774414,413.229522705,413.707397461,0
2025-05-11 12:00:00+00:00,413.699432373,414.045135498,411.999511719,412.171508789,0
2025-05-11 13:00:00+00:00,412.179748535,413.189361572,408.081573486,408.109771729,876960
2025-05-11 14:00:00+00:00,407.995635986,410.421173096,407.316253662,410.211761475,0
2025-05-11 15:00:00+00:00,410.168334961,411.536590576,405.937774658,406.256652832,0
2025-05-11 16:00:00+00:00,406.197357178,407.547027588,403.489562988,406.659881592,1394656
2025-05-11 17:00:00+00:00,406.678833008,409.677215576,406.678833008,409.677215576,0
2025-05-11 18:00:00+00:00,409.673370361,411.06451416,407.943969727,410.778045654,0
2025-05-11 19:00:00+00:00,410.786743164,411.139404297,410.213195801,410.213195801,895776
2025-05-11 20:00:00+00:00,410.234161377,410.623046875,409.520751953,409.82522583,0
2025-05-11 21:00:00+00:00,409.794952393,410.293670654,408.49597168,410.293670654,0
2025-05-11 22:00:00+00:00,410.362335205,411.100585938,406.922515869,407.552886963,0
2025-05-11 23:00:00+00:00,407.562042236,409.593261719,407.562042236,408.046173096,0
2025-05-12 00:00:00+00:00,408.076690674,411.196990967,408.065002441,410.245025635,0
2025-05-12 01:00:00+00:00,410.255859375,412.576599121,404.425170898,407.309783936,0
2025-05-12 02:00:00+00:00,407.347503662,410.01159668,407.176727295,408.31463623,0
2025-05-12 03:00:00+00:00,408.732849121,409.870178223,406.385925293,409.870178223,0
2025-05-12 04:00:00+00:00,409.911712646,410.512268066,407.799407959,410.317687988,0
2025-05-12 05:00:00+00:00,410.291534424,410.291534424,406.646575928,407.807769775,0
2025-05-12 06:00:00+00:00,407.824615479,410.491973877,407.403808594,410.336151123,0
2025-05-12 07:00:00+00:00,410.336364746,418.289581299,410.336364746,412.611877441,18494656
2025-05-12 08:00:00+00:00,412.765686035,415.24105835,410.487976074,415.139648438,2669504
2025-05-12 09:00:00+00:00,415.194580078,415.736114502,414.062255859,415.127563477,1781024
2025-05-12 10:00:00+00:00,415.12197876,416.082366943,413.611358643,416.082366943,4354976
2025-05-12 11:00:00+00:00,416.291137695,417.145019531,411.320739746,411.331420898,2891200
2025-05-12 12:00:00+00:00,411.334442139,416.872039795,411.334442139,416.872039795,6212544
2025-05-12 13:00:00+00:00,416.703857422,417.783691406,413.23739624,415.609588623,1876960
2025-05-12 14:00:00+00:00,415.623901367,416.613830566,408.483612061,411.472473145,10004672
2025-05-12 15:00:00+00:00,411.303649902,411.303649902,406.311065674,408.670806885,5855392
2025-05-12 16:00:00+00:00,408.590332031,415.196655273,408.002258301,414.64743042,3800192
2025-05-12 17:00:00+00:00,414.554443359,414.554443359,410.786956787,410.887145996,4331200
2025-05-12 18:00:00+00:00,410.930358887,411.962982178,399.725830078,402.20098877,20081824
2025-05-12 19:00:00+00:00,401.99029541,408.635284424,401.221618652,406.846832275,7628864
2025-05-12 20:00:00+00:00,406.927520752,412.451477051,404.989837646,412.451477051,5980544
2025-05-12 21:00:00+00:00,411.82321167,412.081939697,409.617126465,410.604492188,1087648
2025-05-12 22:00:00+00:00,410.563446045,411.137481689,409.605804443,409.851135254,0
2025-05-12 23:00:00+00:00,409.830474854,411.948822021,409.567932129,410.668243408,57344
2025-05-13 00:00:00+00:00,410.658782959,410.705047607,405.784423828,406.423828125,0
2025-05-13 01:00:00+00:00,406.4296875,406.4296875,401.540283203,403.705963135,0
2025-05-13 02:00:00+00:00,403.566070557,403.566070557,396.051971436,398.0027771,4209152
2025-05-13 03:00:00+00:00,397.947265625,398.075164795,392.517822266,392.93157959,0
2025-05-13 04:00:00+00:00,392.48550415,398.437011719,392.347351074,398.437011719,4861088
2025-05-13 05:00:00+00:00,398.439117432,398.738098145,395.441314697,396.35345459,0
2025-05-13 06:00:00+00:00,396.347503662,398.368743896,396.347503662,396.722381592,0
2025-05-13 07:00:00+00:00,396.720550537,399.543884277,396.422241211,398.667388916,0
2025-05-13 08:00:00+00:00,398.681884766,399.031616211,396.950408936,397.706237793,0
2025-05-13 09:00:00+00:00,397.68157959,403.023010254,397.478790283,402.183227539,0
2025-05-13 10:00:00+00:00,401.996154785,401.996154785,398.558990479,401.198150635,0
2025-05-13 11:00:00+00:00,401.161468506,402.881286621,400.889282227,401.655792236,0
2025-05-13 12:00:00+00:00,401.652618408,403.674743652,399.688262939,403.048675537,0
2025-05-13 13:00:00+00:00,402.941192627,404.417236328,402.003082275,402.894958496,0
2025-05-13 14:00:00+00:00,402.867828369,402.867828369,400.500946045,400.810760498,0
2025-05-13 15:00:00+00:00,400.825408936,404.279571533,400.825408936,403.989013672,0
2025-05-13 16:00:00+00:00,404.007751465,407.360931396,403.741760254,406.272766113,0
2025-05-13 17:00:00+00:00,406.249908447,408.633850098,406.178344727,407.979431152,0
2025-05-13 18:00:00+00:00,407.976287842,410.940826416,407.976287842,410.940826416,0
2025-05-13 19:00:00+00:00,410.896118164,415.576080322,410.467956543,414.010986328,2089376
2025-05-13 20:00:00+00:00,414.086120605,415.348571777,412.76449585,414.231262207,0
2025-05-13 21:00:00+00:00,414.09072876,414.09072876,412.644012451,412.784454346,12352
2025-05-13 22:00:00+00:00,412.794677734,412.857910156,411.446350098,411.46774292,0
2025-05-13 23:00:00+00:00,411.431182861,411.47857666,409.844390869,411.306243896,1716000
2025-05-14 00:00:00+00:00,411.292327881,413.093353271,410.412139893,410.669830322,7128288
2025-05-14 01:00:00+00:00,410.680328369,413.178070068,410.039123535,410.039123535,2372256
2025-05-14 02:00:00+00:00,410.036102295,410.077697754,406.607116699,407.571655273,0
2025-05-14 03:00:00+00:00,407.556182861,408.399780273,406.842254639,408.243743896,0
2025-05-14 04:00:00+00:00,408.395904541,408.934020996,407.465881348,408.668334961,0
2025-05-14 05:00:00+00:00,408.738647461,410.141479492,408.466644287,409.990783691,600640
2025-05-14 06:00:00+00:00,409.954071045,410.416412354,409.293273926,409.309844971,338272
2025-05-14 07:00:00+00:00,409.323272705,409.551971436,406.990447998,408.135314941,219968
2025-05-14 08:00:00+00:00,408.042633057,408.042633057,403.531036377,403.531036377,4457696
2025-05-14 09:00:00+00:00,403.320648193,405.745910645,400.639099121,405.49432373,2798816
2025-05-14 10:00:00+00:00,405.507019043,407.966430664,404.927612305,407.288726807,0
2025-05-14 11:00:00+00:00,407.277801514,408.797454834,407.277801514,408.21295166,0
2025-05-14 12:00:00+00:00,408.205078125,409.070983887,406.476928711,406.476928711,0
2025-05-14 13:00:00+00:00,406.491699219,407.534790039,403.807495117,404.65020752,0
2025-05-14 14:00:00+00:00,404.827758789,405.631072998,401.306732178,403.076324463,0
2025-05-14 15:00:00+00:00,403.060150146,404.208312988,401.702423096,404.208312988,0
2025-05-14 16:00:00+00:00,404.199615479,405.760620117,402.986816406,403.430450439,0
2025-05-14 17:00:00+00:00,403.403900146,403.785980225,399.61605835,403.169006348,559680
2025-05-14 18:00:00+00:00,403.171569824,404.237579346,402.711456299,403.694488525,757344
2025-05-14 19:00:00+00:00,404.022125244,404.183288574,403.54006958,403.85244751,0
2025-05-14 20:00:00+00:00,404.046905518,405.908569336,404.046905518,405.800018311,0
2025-05-14 21:00:00+00:00,405.7578125,405.7578125,402.972076416,404.645751953,0
2025-05-14 22:00:00+00:00,404.974212646,405.227813721,401.554412842,401.776000977,0
2025-05-14 23:00:00+00:00,401.77545166,402.735351562,400.959381104,402.681243896,0
2025-05-15 00:00:00+00:00,402.776855469,404.697631836,402.557922363,404.396331787,0
2025-05-15 01:00:00+00:00,404.406829834,404.494445801,397.684509277,397.696472168,0
2025-05-15 02:00:00+00:00,397.873474121,401.465789795,397.796875,400.969451904,339088
2025-05-15 03:00:00+00:00,400.975982666,401.071258545,399.033966064,399.033966064,0
2025-05-15 04:00:00+00:00,398.771942139,400.241729736,398.367126465,399.005432129,561120
2025-05-15 05:00:00+00:00,399.101745605,399.140289307,393.663818359,393.663818359,0
2025-05-15 06:00:00+00:00,393.294158936,394.84677124,392.157470703,393.373168945,4854624
2025-05-15 07:00:00+00:00,393.381652832,394.612670898,389.865966797,390.637207031,4343216
2025-05-15 08:00:00+00:00,390.317108154,395.491577148,390.317108154,395.491577148,0
2025-05-15 09:00:00+00:00,395.503112793,395.503112793,390.777587891,392.735046387,0
2025-05-15 10:00:00+00:00,392.634887695,392.634887695,388.785644531,389.350006104,1344576
2025-05-15 11:00:00+00:00,390.144226074,392.519622803,390.144226074,391.316955566,4090864
2025-05-15 12:00:00+00:00,391.315612793,393.570220947,390.928497314,392.103179932,5654992
2025-05-15 13:00:00+00:00,392.115112305,392.892822266,386.732818604,388.455108643,819024
2025-05-15 14:00:00+00:00,388.452636719,389.277038574,383.910919189,385.8956604,1228272
2025-05-15 15:00:00+00:00,385.901031494,393.356262207,385.901031494,393.356262207,6550752
2025-05-15 16:00:00+00:00,393.383544922,396.483642578,392.351959229,396.483642578,2293872
2025-05-15 17:00:00+00:00,396.499725342,398.178192139,395.807617188,397.399200439,0
2025-05-15 18:00:00+00:00,397.366424561,397.366424561,390.40435791,390.40435791,4457264
2025-05-15 19:00:00+00:00,390.39239502,393.885955811,390.39239502,393.885955811,3581344
2025-05-15 20:00:00+00:00,393.83480835,397.690979004,393.595214844,394.967071533,8473568
2025-05-15 21:00:00+00:00,395.061584473,395.103851318,391.189147949,395.103851318,1816224
2025-05-15 22:00:00+00:00,395.106750488,397.400848389,394.934326172,394.934326172,648640
2025-05-15 23:00:00+00:00,394.859161377,396.151123047,391.150238037,395.700836182,4143008
2025-05-16 00:00:00+00:00,395.982910156,400.64050293,395.795654297,397.576141357,2495264
2025-05-16 01:00:00+00:00,397.507476807,400.156341553,395.792449951,400.151062012,0
2025-05-16 02:00:00+00:00,400.156280518,403.449920654,400.156280518,402.617340088,2713856
2025-05-16 03:00:00+00:00,402.562896729,402.799163818,401.452880859,401.452880859,663744
2025-05-16 04:00:00+00:00,401.446624756,402.011779785,399.121795654,399.280548096,0
2025-05-16 05:00:00+00:00,399.278594971,401.591339111,399.278594971,399.433197021,0
2025-05-16 06:00:00+00:00,399.00680542,400.582000732,398.994049072,400.378387451,0
2025-05-16 07:00:00+00:00,400.401824951,401.376708984,399.470153809,400.60067749,0
2025-05-16 08:00:00+00:00,400.597747803,400.597747803,395.617034912,395.789337158,44576
2025-05-16 09:00:00+00:00,395.869720459,399.07131958,395.869720459,398.403137207,0
2025-05-16 10:00:00+00:00,398.413543701,399.330291748,397.649963379,399.321594238,0
2025-05-16 11:00:00+00:00,399.316040039,400.381347656,399.187591553,399.260803223,5888384
2025-05-16 12:00:00+00:00,399.217987061,400.551605225,399.047241211,399.047241211,0
2025-05-16 13:00:00+00:00,399.030761719,399.030761719,397.331481934,398.89175415,0
2025-05-16 14:00:00+00:00,398.820983887,398.828155518,395.98248291,396.948883057,0
2025-05-16 15:00:00+00:00,396.966796875,399.79989624,396.966796875,399.617156982,0
2025-05-16 16:00:00+00:00,399.667175293,401.255706787,399.152618408,400.14855957,0
2025-05-16 17:00:00+00:00,400.150177002,401.681243896,399.170501709,399.171142578,0
2025-05-16 18:00:00+00:00,399.203765869,401.127746582,399.168304443,400.542022705,0
2025-05-16 19:00:00+00:00,400.523223877,401.275268555,399.994720459,400.797851562,0
2025-05-16 20:00:00+00:00,400.837982178,400.988525391,396.42401123,397.115356445,0
2025-05-16 21:00:00+00:00,397.425109863,399.904968262,397.425109863,398.729980469,242656
2025-05-16 22:00:00+00:00,398.762390137,398.7684021,393.823486328,393.881744385,1203760
2025-05-16 23:00:00+00:00,393.953918457,398.063537598,393.953918457,395.881195068,13486032
2025-05-17 00:00:00+00:00,395.884338379,396.413238525,392.61517334,393.946594238,346064
2025-05-17 01:00:00+00:00,393.934906006,394.064544678,388.947174072,390.313751221,8743632
2025-05-17 02:00:00+00:00,390.326904297,394.566040039,389.565734863,393.919403076,980112
2025-05-17 03:00:00+00:00,393.927459717,397.554351807,393.281555176,397.554351807,1542736
2025-05-17 04:00:00+00:00,397.536956787,401.285186768,396.928131104,399.873046875,2325792
2025-05-17 05:00:00+00:00,399.906036377,400.395263672,398.387084961,398.387084961,0
2025-05-17 06:00:00+00:00,398.386962891,399.373809814,397.728546143,397.728546143,465808
2025-05-17 07:00:00+00:00,397.754272461,398.185058594,394.156829834,394.799102783,0
2025-05-17 08:00:00+00:00,394.800933838,396.79107666,394.55581665,395.207977295,0
2025-05-17 09:00:00+00:00,395.20690918,395.306121826,392.629943848,395.306121826,0
2025-05-17 10:00:00+00:00,395.290679932,397.941558838,395.261352539,396.293792725,0
2025-05-17 11:00:00+00:00,396.347900391,397.196594238,395.779693604,396.892150879,0
2025-05-17 12:00:00+00:00,396.874542236,396.874542236,394.487487793,394.487487793,859376
2025-05-17 13:00:00+00:00,394.465576172,394.495269775,390.118652344,390.478118896,506000
2025-05-17 14:00:00+00:00,390.540283203,392.909362793,390.540283203,392.794525146,0
2025-05-17 15:00:00+00:00,392.833404541,393.322845459,391.101898193,391.101898193,0
2025-05-17 16:00:00+00:00,391.031677246,391.031677246,386.763031006,387.584350586,5835104
2025-05-17 17:00:00+00:00,388.130065918,392.309204102,388.130065918,391.197631836,2612608
2025-05-17 18:00:00+00:00,391.293365479,393.409973145,389.583282471,389.59362793,5773184
2025-05-17 19:00:00+00:00,389.528625488,391.086120605,389.168151855,390.522155762,270848
2025-05-17 20:00:00+00:00,390.510284424,394.10647583,389.976470947,394.10647583,1440336
2025-05-17 21:00:00+00:00,394.156890869,394.238739014,391.837432861,392.747528076,0
2025-05-17 22:00:00+00:00,392.759521484,392.815063477,388.16519165,389.938079834,0
2025-05-17 23:00:00+00:00,389.928222656,391.980621338,389.928222656,391.980621338,338544
2025-05-18 00:00:00+00:00,391.989624023,393.837646484,391.534515381,393.837646484,0
2025-05-18 01:00:00+00:00,393.859375,396.223480225,393.859375,396.223480225,0
2025-05-18 02:00:00+00:00,396.192138672,396.612243652,395.583618164,396.609008789,0
2025-05-18 03:00:00+00:00,396.596954346,397.28225708,395.450286865,396.600280762,1365040
2025-05-18 04:00:00+00:00,396.434967041,398.459503174,396.29901123,397.539550781,0
2025-05-18 05:00:00+00:00,397.553924561,399.805389404,397.553924561,399.805389404,2940624
2025-05-18 06:00:00+00:00,399.805908203,400.262268066,399.132781982,399.269805908,2144272
2025-05-18 07:00:00+00:00,399.305053711,399.634490967,397.888183594,398.780059814,2645648
2025-05-18 08:00:00+00:00,398.785125732,401.475860596,398.785125732,400.980072021,1101840
2025-05-18 09:00:00+00:00,400.918365479,401.146606445,399.554138184,399.735687256,0
2025-05-18 10:00:00+00:00,399.742675781,400.337860107,398.795654297,399.1121521,0
2025-05-18 11:00:00+00:00,399.161376953,400.568634033,398.440246582,398.440246582,557232
2025-05-18 12:00:00+00:00,398.425140381,398.825958252,397.80456543,398.534301758,3240896
2025-05-18 13:00:00+00:00,398.676361084,400.229217529,398.274414062,400.003814697,0
2025-05-18 14:00:00+00:00,399.990783691,404.816894531,399.990783691,404.16973877,7215264
2025-05-18 15:00:00+00:00,404.07711792,407.854553223,402.759643555,406.69128418,7003360
2025-05-18 16:00:00+00:00,406.732971191,407.266845703,405.575408936,406.659118652,0
2025-05-18 17:00:00+00:00,406.770233154,406.894500732,403.465545654,403.89743042,1595600
2025-05-18 18:00:00+00:00,403.905273438,403.905273438,397.06930542,400.241760254,4916240
2025-05-18 19:00:00+00:00,400.319274902,402.433685303,397.962677002,397.962677002,0
2025-05-18 20:00:00+00:00,397.081054688,397.345245361,393.451568604,396.356872559,9017536
2025-05-18 21:00:00+00:00,396.552734375,399.233703613,396.552734375,398.106384277,1924544
2025-05-18 22:00:00+00:00,397.74420166,404.185577393,395.474731445,404.185577393,3764624
2025-05-18 23:00:00+00:00,404.284729004,406.818084717,403.785614014,406.818084717,4809152
2025-05-19 00:00:00+00:00,406.722686768,408.121459961,400.376159668,400.376159668,5727552
2025-05-19 01:00:00+00:00,400.385650635,400.73840332,397.798736572,399.730377197,0
2025-05-19 02:00:00+00:00,399.677215576,399.677215576,396.172668457,397.72177124,938144
2025-05-19 03:00:00+00:00,397.132843018,397.132843018,392.33001709,392.332336426,0
2025-05-19 04:00:00+00:00,391.897094727,393.52230835,386.409362793,386.409362793,4560384
2025-05-19 05:00:00+00:00,386.349243164,386.349243164,382.910400391,382.96685791,8476512
2025-05-19 06:00:00+00:00,383.292724609,384.020172119,377.556060791,377.556060791,7909920
2025-05-19 07:00:00+00:00,376.322692871,383.433197021,376.322692871,382.840301514,3988352
2025-05-19 08:00:00+00:00,382.869384766,382.940856934,380.751525879,381.935791016,0
2025-05-19 09:00:00+00:00,381.958465576,384.036102295,381.417419434,382.809631348,9252064
2025-05-19 10:00:00+00:00,382.828277588,384.514801025,382.201202393,384.490905762,330976
2025-05-19 11:00:00+00:00,384.470611572,384.557312012,383.814910889,384.136138916,0
2025-05-19 12:00:00+00:00,384.122497559,384.122497559,379.31930542,379.394775391,0
2025-05-19 13:00:00+00:00,380.076049805,384.537994385,380.076049805,384.400299072,4254976
2025-05-19 14:00:00+00:00,384.375823975,387.513000488,383.90335083,387.434204102,0
2025-05-19 15:00:00+00:00,387.263305664,387.62020874,385.231079102,386.121185303,0
2025-05-19 16:00:00+00:00,386.326690674,389.029846191,384.78527832,389.029846191,0
2025-05-19 17:00:00+00:00,389.048919678,390.846557617,389.048919678,390.649719238,0
2025-05-19 18:00:00+00:00,390.616027832,390.969055176,388.039611816,388.461914062,0
2025-05-19 19:00:00+00:00,388.454315186,391.567504883,388.38168335,390.979156494,0
2025-05-19 20:00:00+00:00,391.342071533,392.92578125,391.007324219,391.728363037,0
2025-05-19 21:00:00+00:00,391.860992432,392.339050293,390.963928223,392.10067749,0
2025-05-19 22:00:00+00:00,392.101409912,392.345672607,390.562408447,390.951477051,0
2025-05-19 23:00:00+00:00,390.967315674,393.244537354,390.967315674,392.894500732,318368
2025-05-20 00:00:00+00:00,392.892242432,394.681976318,392.892242432,393.485961914,0
2025-05-20 01:00:00+00:00,393.475708008,397.439147949,393.253631592,397.439147949,0
2025-05-20 02:00:00+00:00,397.263183594,397.920715332,396.796783447,397.030487061,987264
2025-05-20 03:00:00+00:00,397.032806396,397.032806396,394.778106689,394.933624268,0
2025-05-20 04:00:00+00:00,395.110687256,395.43057251,393.8125,395.43057251,0
2025-05-20 05:00:00+00:00,395.44128418,396.451171875,394.222198486,394.222198486,0
2025-05-20 06:00:00+00:00,394.209442139,394.209442139,391.889556885,393.325805664,0
2025-05-20 07:00:00+00:00,393.321075439,393.698669434,390.611663818,391.02444458,0
2025-05-20 08:00:00+00:00,391.050048828,391.188812256,388.939971924,388.971679688,0
2025-05-20 09:00:00+00:00,389.044891357,390.38772583,388.983276367,388.983276367,0
2025-05-20 10:00:00+00:00,388.998962402,389.059387207,387.717376709,388.219909668,0
2025-05-20 11:00:00+00:00,388.23840332,389.285217285,387.42074585,388.973907471,2221792
2025-05-20 12:00:00+00:00,388.987640381,389.120513916,385.446899414,386.134002686,383792
2025-05-20 13:00:00+00:00,386.166137695,387.614868164,385.837432861,386.777893066,254320
2025-05-20 14:00:00+00:00,386.684631348,386.684631348,384.710083008,386.108184814,0
2025-05-20 15:00:00+00:00,386.073028564,387.030487061,385.589355469,387.020172119,0
2025-05-20 16:00:00+00:00,387.01449585,387.082214355,385.264892578,385.669464111,0
2025-05-20 17:00:00+00:00,385.686096191,390.167449951,385.527862549,390.092712402,0
2025-05-20 18:00:00+00:00,390.077453613,390.773284912,385.502807617,385.502807617,0
2025-05-20 19:00:00+00:00,385.473419189,391.122924805,385.416564941,391.114349365,3608992
2025-05-20 20:00:00+00:00,391.074371338,392.904418945,390.469329834,392.098175049,898240
2025-05-20 21:00:00+00:00,392.098175049,393.984222412,392.098175049,393.984222412,1195936
2025-05-20 22:00:00+00:00,393.9503479,393.957092285,391.8253479,393.680236816,0
2025-05-20 23:00:00+00:00,393.750213623,395.530944824,393.43270874,394.087036133,56448
2025-05-21 00:00:00+00:00,394.08114624,394.273376465,392.805908203,393.047424316,0
2025-05-21 01:00:00+00:00,393.038574219,394.74307251,393.038574219,393.591125488,2469504
2025-05-21 02:00:00+00:00,393.562927246,394.777862549,391.177154541,394.777862549,716176
2025-05-21 03:00:00+00:00,394.763885498,395.837585449,394.624694824,395.146453857,1488160
2025-05-21 04:00:00+00:00,395.144348145,397.535247803,394.936401367,396.73840332,4205184
2025-05-21 05:00:00+00:00,396.744445801,399.282470703,396.744445801,399.282470703,4253264
2025-05-21 06:00:00+00:00,399.327575684,401.478820801,398.614044189,400.49899292,7454048
2025-05-21 07:00:00+00:00,400.506988525,401.566253662,397.995147705,398.960388184,4361072
2025-05-21 08:00:00+00:00,398.994873047,399.802490234,397.253875732,397.406585693,1654496
2025-05-21 09:00:00+00:00,397.385314941,397.729553223,395.12298584,395.33883667,439936
2025-05-21 10:00:00+00:00,395.328613281,396.834442139,394.892303467,396.587524414,0
2025-05-21 11:00:00+00:00,396.584991455,398.38671875,396.584991455,397.843322754,0
2025-05-21 12:00:00+00:00,397.832336426,398.320251465,397.08807373,397.624420166,0
2025-05-21 13:00:00+00:00,397.609863281,402.688323975,397.609863281,402.639404297,2089200
2025-05-21 14:00:00+00:00,402.516174316,404.550598145,400.873260498,404.550598145,2236560
2025-05-21 15:00:00+00:00,404.99899292,410.301361084,404.993469238,407.327575684,21843744
2025-05-21 16:00:00+00:00,407.353881836,411.530700684,406.726165771,410.119506836,9384480
2025-05-21 17:00:00+00:00,410.073028564,410.073028564,397.688446045,398.245422363,11740064
2025-05-21 18:00:00+00:00,398.484985352,402.59387207,398.484985352,400.670288086,8185632
2025-05-21 19:00:00+00:00,400.646850586,405.24786377,399.003112793,405.227111816,3197536
2025-05-21 20:00:00+00:00,405.479431152,406.147216797,403.109954834,404.135314941,0
2025-05-21 21:00:00+00:00,404.818145752,405.596954346,403.311706543,403.311706543,0
2025-05-21 22:00:00+00:00,403.075714111,404.808685303,402.460540771,404.808685303,1093760
2025-05-21 23:00:00+00:00,404.807739258,408.9168396,404.380065918,407.549926758,7216384
2025-05-22 00:00:00+00:00,407.553405762,414.531341553,407.553405762,413.413513184,19825376
2025-05-22 01:00:00+00:00,413.518951416,415.826934814,413.232330322,413.232330322,10299776
2025-05-22 02:00:00+00:00,413.228393555,424.285308838,412.794403076,420.312835693,27919936
2025-05-22 03:00:00+00:00,420.037384033,421.989532471,418.542449951,420.937774658,17325504
2025-05-22 04:00:00+00:00,420.888824463,420.888824463,417.942687988,417.993041992,11304384
2025-05-22 05:00:00+00:00,417.957397461,417.957397461,415.679321289,415.799285889,585568
2025-05-22 06:00:00+00:00,415.748901367,415.818450928,414.197235107,414.197235107,0
2025-05-22 07:00:00+00:00,414.191375732,415.2734375,413.953948975,415.2734375,0
2025-05-22 08:00:00+00:00,415.272766113,420.793334961,415.272766113,416.976470947,11797664
2025-05-22 09:00:00+00:00,417.857208252,438.02935791,417.769348145,432.669799805,69011456
2025-05-22 10:00:00+00:00,432.586456299,436.556091309,428.822875977,436.556091309,23844928
2025-05-22 11:00:00+00:00,436.507873535,436.507873535,433.249603271,434.598999023,17195456
2025-05-22 12:00:00+00:00,434.087432861,434.58480835,430.600982666,433.544128418,9918496
2025-05-22 13:00:00+00:00,432.898803711,432.898803711,427.363769531,427.363769531,5200224
2025-05-22 14:00:00+00:00,427.33694458,431.308166504,427.023193359,429.762939453,11065472
2025-05-22 15:00:00+00:00,429.901611328,435.2472229,429.850921631,435.2472229,0
2025-05-22 16:00:00+00:00,435.162719727,437.032745361,434.3777771,435.840911865,3468160
2025-05-22 17:00:00+00:00,435.842254639,437.866485596,435.05255127,437.614654541,0
2025-05-22 18:00:00+00:00,437.635681152,438.514648438,437.290130615,438.499938965,0
2025-05-22 19:00:00+00:00,438.406707764,438.406707764,435.18371582,436.321929932,107296
2025-05-22 20:00:00+00:00,436.317962646,436.573608398,435.092987061,435.777740479,1622560
2025-05-22 21:00:00+00:00,436.368255615,439.62890625,435.152648926,439.610931396,9282976
2025-05-22 22:00:00+00:00,439.599151611,443.405914307,439.599151611,442.75,20682400
2025-05-22 23:00:00+00:00,442.144897461,445.235839844,442.144897461,443.92199707,11286656
2025-05-23 00:00:00+00:00,443.946136475,448.314453125,443.743774414,446.837432861,0
2025-05-23 01:00:00+00:00,446.757965088,446.757965088,443.198120117,444.601928711,0
2025-05-23 02:00:00+00:00,444.615081787,454.77053833,443.747894287,450.845916748,8968448
2025-05-23 03:00:00+00:00,450.865325928,454.207489014,450.865325928,452.397796631,0
2025-05-23 04:00:00+00:00,452.349639893,452.349639893,445.383453369,450.242034912,948160
2025-05-23 05:00:00+00:00,450.246002197,450.816680908,449.431427002,449.568206787,426944
2025-05-23 06:00:00+00:00,449.476013184,449.476013184,436.696594238,436.696594238,12812480
2025-05-23 07:00:00+00:00,436.777618408,438.406494141,435.335083008,435.363067627,12782016
2025-05-23 08:00:00+00:00,435.338195801,438.196166992,435.338195801,437.812988281,0
2025-05-23 09:00:00+00:00,437.795135498,442.729644775,436.879638672,442.344299316,0
2025-05-23 10:00:00+00:00,442.099609375,442.099609375,439.527587891,441.579589844,0
2025-05-23 11:00:00+00:00,441.568054199,441.568054199,430.928985596,431.074951172,0
2025-05-23 12:00:00+00:00,431.438659668,432.172393799,427.602874756,432.172393799,26988704
2025-05-23 13:00:00+00:00,432.220062256,438.597900391,432.220062256,437.908721924,7291520
2025-05-23 14:00:00+00:00,437.907867432,444.878540039,437.907867432,443.1121521,0
2025-05-23 15:00:00+00:00,443.021575928,444.704284668,442.123352051,443.777130127,1741440
2025-05-23 16:00:00+00:00,443.748748779,444.554992676,440.491424561,444.386169434,3670464
2025-05-23 17:00:00+00:00,444.392364502,445.197113037,443.635375977,444.051269531,3688352
2025-05-23 18:00:00+00:00,444.022003174,444.022003174,441.75958252,442.213104248,4879168
2025-05-23 19:00:00+00:00,442.187988281,443.811035156,439.841125488,440.3543396,368000
2025-05-23 20:00:00+00:00,440.266296387,440.266296387,434.174804688,434.174804688,1455616
2025-05-23 21:00:00+00:00,433.972198486,436.517913818,433.246246338,434.742736816,2577088
2025-05-23 22:00:00+00:00,434.529174805,436.74508667,431.931213379,431.931213379,0
2025-05-23 23:00:00+00:00,431.904327393,431.904327393,425.469268799,425.587097168,640256
2025-05-24 00:00:00+00:00,425.59274292,428.730834961,425.486114502,425.486114502,0
2025-05-24 01:00:00+00:00,425.503173828,431.556854248,424.856628418,430.10748291,753376
2025-05-24 02:00:00+00:00,430.138366699,430.154815674,428.33190918,429.263397217,0
2025-05-24 03:00:00+00:00,429.258239746,431.253143311,429.258239746,429.53704834,0
2025-05-24 04:00:00+00:00,429.554504395,430.729888916,428.617279053,430.729888916,0
2025-05-24 05:00:00+00:00,430.71862793,430.71862793,428.42376709,429.295043945,0
2025-05-24 06:00:00+00:00,429.33883667,430.470336914,427.329620361,428.003631592,0
2025-05-24 07:00:00+00:00,428.034667969,429.504272461,427.589782715,427.777618408,0
2025-05-24 08:00:00+00:00,427.756500244,430.317443848,426.976165771,430.31729126,0
2025-05-24 09:00:00+00:00,430.271820068,430.374359131,428.235900879,428.481536865,0
2025-05-24 10:00:00+00:00,428.299835205,431.055084229,428.10055542,430.821472168,0
2025-05-24 11:00:00+00:00,430.774078369,431.184936523,429.122070312,429.17956543,0
2025-05-24 12:00:00+00:00,429.046386719,429.046386719,427.671722412,428.256591797,0
2025-05-24 13:00:00+00:00,428.268035889,428.268035889,427.458892822,427.478057861,0
2025-05-24 14:00:00+00:00,427.324310303,428.323486328,426.865020752,428.062316895,0
2025-05-24 15:00:00+00:00,428.227722168,429.567138672,426.919769287,427.318847656,0
2025-05-24 16:00:00+00:00,427.315673828,429.380737305,427.140655518,428.907989502,0
2025-05-24 17:00:00+00:00,428.908782959,429.594421387,426.971710205,426.971710205,0
2025-05-24 18:00:00+00:00,426.590057373,428.392913818,425.20791626,425.20791626,0
2025-05-24 19:00:00+00:00,425.20413208,426.10043335,424.914276123,424.919128418,0
2025-05-24 20:00:00+00:00,424.821289062,426.952453613,424.480163574,426.506256104,0
2025-05-24 21:00:00+00:00,426.502075195,426.621765137,423.92779541,424.915130615,0
2025-05-24 22:00:00+00:00,424.917236328,424.95300293,421.8309021,421.8309021,0
2025-05-24 23:00:00+00:00,421.824615479,422.244140625,420.046386719,421.896209717,0
2025-05-25 00:00:00+00:00,421.8621521,422.492980957,417.492492676,417.492492676,0
2025-05-25 01:00:00+00:00,417.656433105,420.70135498,417.238037109,420.66015625,0
2025-05-25 02:00:00+00:00,420.652679443,420.938110352,418.656921387,420.06161499,0
2025-05-25 03:00:00+00:00,420.061737061,422.695007324,420.006286621,422.5078125,0
2025-05-25 04:00:00+00:00,422.48034668,425.891571045,421.755462646,425.891571045,1149760
2025-05-25 05:00:00+00:00,425.889953613,426.912200928,424.519195557,424.635772705,1292208
2025-05-25 06:00:00+00:00,424.527313232,424.528167725,423.898712158,424.4949646,0
2025-05-25 07:00:00+00:00,424.461669922,424.639892578,421.20199585,421.489624023,81312
2025-05-25 08:00:00+00:00,421.489746094,421.489746094,416.727844238,416.814849854,10237872
2025-05-25 09:00:00+00:00,416.81072998,416.81072998,414.636230469,415.682922363,3998656
2025-05-25 10:00:00+00:00,415.676300049,415.778564453,412.971984863,413.024597168,267776
2025-05-25 11:00:00+00:00,413.038299561,413.131500244,411.081970215,413.131500244,2420480
2025-05-25 12:00:00+00:00,413.120361328,414.647460938,412.524230957,414.579467773,1856016
2025-05-25 13:00:00+00:00,414.612762451,415.409240723,413.586730957,415.358062744,1730288
2025-05-25 14:00:00+00:00,414.81036377,414.81036377,411.459320068,412.160919189,0
2025-05-25 15:00:00+00:00,412.139770508,412.484100342,408.364898682,412.484100342,3551952
2025-05-25 16:00:00+00:00,412.468109131,412.710723877,409.057250977,411.444854736,0
2025-05-25 17:00:00+00:00,411.424987793,412.827789307,410.934753418,412.174987793,0
2025-05-25 18:00:00+00:00,412.131195068,413.60043335,411.896697998,412.673492432,0
2025-05-25 19:00:00+00:00,412.580291748,416.313598633,412.526611328,416.236938477,0
2025-05-25 20:00:00+00:00,416.186218262,416.186218262,413.286590576,413.286590576,0
2025-05-25 21:00:00+00:00,413.283905029,413.638336182,411.369689941,412.261108398,0
2025-05-25 22:00:00+00:00,412.062896729,420.281402588,411.485321045,420.281402588,5881744
2025-05-25 23:00:00+00:00,420.298583984,422.934112549,420.29296875,422.859527588,0
2025-05-26 00:00:00+00:00,422.835601807,425.281158447,422.216125488,425.281158447,598576
2025-05-26 01:00:00+00:00,425.318725586,427.007781982,425.264984131,425.264984131,1051776
2025-05-26 02:00:00+00:00,424.906677246,424.906677246,423.282104492,423.477355957,219792
2025-05-26 03:00:00+00:00,423.485595703,425.290252686,423.023712158,425.290252686,1536192
2025-05-26 04:00:00+00:00,425.294433594,425.384185791,424.82208252,424.830932617,0
2025-05-26 05:00:00+00:00,424.834655762,425.95803833,424.193450928,425.186737061,0
2025-05-26 06:00:00+00:00,425.223175049,425.223175049,423.886993408,424.769775391,1735808
2025-05-26 07:00:00+00:00,424.803375244,427.052825928,424.803375244,424.849853516,0
2025-05-26 08:00:00+00:00,424.87008667,424.988922119,421.99520874,422.001068115,0
2025-05-26 09:00:00+00:00,422.000396729,422.768066406,419.52545166,419.654174805,13632
2025-05-26 10:00:00+00:00,419.671722412,420.029785156,418.344512939,418.352752686,0
2025-05-26 11:00:00+00:00,418.401702881,421.196472168,418.205871582,420.599914551,198736
2025-05-26 12:00:00+00:00,420.407806396,421.18182373,419.658294678,421.18182373,468672
2025-05-26 13:00:00+00:00,421.162597656,421.241088867,418.124908447,418.124908447,3831424
2025-05-26 14:00:00+00:00,417.552734375,417.707214355,415.152404785,415.631286621,3548384
2025-05-26 15:00:00+00:00,415.722229004,418.802185059,414.395721436,417.900360107,2829552
2025-05-26 16:00:00+00:00,417.927337646,418.751556396,414.387237549,416.348358154,774464
2025-05-26 17:00:00+00:00,416.28604126,416.9894104,414.263427734,414.484558105,739968
2025-05-26 18:00:00+00:00,414.539428711,416.241119385,414.228240967,414.551635742,1982208
2025-05-26 19:00:00+00:00,414.501739502,414.773895264,413.656616211,414.760162354,1200960
2025-05-26 20:00:00+00:00,414.825836182,416.879180908,414.503356934,416.879180908,1314688
2025-05-26 21:00:00+00:00,416.896362305,417.123565674,415.189880371,416.414154053,0
2025-05-26 22:00:00+00:00,416.40524292,417.680084229,414.922058105,414.922058105,0
2025-05-26 23:00:00+00:00,414.914215088,415.646759033,414.430664062,415.639007568,190208
2025-05-27 00:00:00+00:00,415.516082764,416.022735596,414.161468506,414.419036865,0
2025-05-27 01:00:00+00:00,414.435119629,414.435119629,409.508026123,410.034912109,0
2025-05-27 02:00:00+00:00,410.033843994,412.96572876,410.033843994,411.559570312,579824
2025-05-27 03:00:00+00:00,411.478546143,415.053497314,411.478546143,413.352233887,3871360
2025-05-27 04:00:00+00:00,413.408203125,416.254180908,413.408203125,415.147613525,1245504
2025-05-27 05:00:00+00:00,415.184143066,415.801116943,413.342498779,415.801116943,237008
2025-05-27 06:00:00+00:00,416.214355469,418.753143311,416.214355469,416.641540527,6237984
2025-05-27 07:00:00+00:00,416.474182129,419.881378174,416.398651123,419.463439941,0
2025-05-27 08:00:00+00:00,419.455871582,420.281677246,419.439544678,419.439544678,4082656
2025-05-27 09:00:00+00:00,419.454467773,420.62979126,418.801177979,420.62979126,0
2025-05-27 10:00:00+00:00,420.631103516,421.047119141,420.328430176,420.40637207,2249776
2025-05-27 11:00:00+00:00,420.410552979,420.410552979,419.254608154,419.898132324,0
2025-05-27 12:00:00+00:00,419.923156738,420.052185059,419.031280518,419.318450928,0
2025-05-27 13:00:00+00:00,419.420074463,423.952941895,419.420074463,421.734283447,4415584
2025-05-27 14:00:00+00:00,421.730834961,422.037322998,417.266815186,417.819976807,2702080
2025-05-27 15:00:00+00:00,417.824951172,420.66293335,417.618743896,420.146697998,1743296
2025-05-27 16:00:00+00:00,420.188659668,421.4765625,419.810028076,420.381896973,1054368
2025-05-27 17:00:00+00:00,420.347717285,421.364227295,419.62298584,420.945159912,0
2025-05-27 18:00:00+00:00,420.925262451,420.925262451,419.186279297,419.186279297,0
2025-05-27 19:00:00+00:00,419.177642822,419.177642822,417.750915527,418.364685059,0
2025-05-27 20:00:00+00:00,418.360137939,419.355712891,417.864959717,417.866607666,491392
2025-05-27 21:00:00+00:00,417.781494141,418.519195557,415.985687256,416.683013916,393600
2025-05-27 22:00:00+00:00,416.682128906,416.682128906,414.097808838,415.406433105,0
2025-05-27 23:00:00+00:00,415.416381836,415.643585205,413.718322754,414.814849854,527664
2025-05-28 00:00:00+00:00,414.810699463,415.524780273,412.938751221,415.524780273,1025280
2025-05-28 01:00:00+00:00,415.506500244,416.158569336,415.169891357,415.871459961,0
2025-05-28 02:00:00+00:00,415.688690186,415.688690186,413.636566162,414.588378906,0
2025-05-28 03:00:00+00:00,414.585723877,416.028076172,414.210235596,416.028076172,0
2025-05-28 04:00:00+00:00,416.043731689,417.833831787,415.328735352,417.696746826,0
2025-05-28 05:00:00+00:00,417.701812744,418.465515137,416.954925537,418.096862793,0
2025-05-28 06:00:00+00:00,418.090484619,418.090484619,415.082733154,415.163208008,0
2025-05-28 07:00:00+00:00,415.153259277,418.228210449,415.021575928,418.020996094,0
2025-05-28 08:00:00+00:00,418.039459229,420.661071777,417.87979126,419.75213623,0
2025-05-28 09:00:00+00:00,419.742980957,419.742980957,416.156494141,416.721740723,0
2025-05-28 10:00:00+00:00,416.729095459,419.203216553,415.720397949,419.183105469,0
2025-05-28 11:00:00+00:00,419.18447876,419.951507568,419.022186279,419.035491943,0
2025-05-28 12:00:00+00:00,419.038757324,419.824707031,418.544281006,418.551116943,480704
2025-05-28 13:00:00+00:00,418.546173096,418.546173096,413.684875488,413.693481445,0
2025-05-28 14:00:00+00:00,413.672607422,413.672607422,409.058166504,409.342956543,0
2025-05-28 15:00:00+00:00,409.361297607,409.361297607,405.016235352,407.166809082,3519664
2025-05-28 16:00:00+00:00,407.147033691,408.914703369,406.765319824,408.656433105,0
2025-05-28 17:00:00+00:00,408.655212402,410.292663574,407.482421875,408.298522949,1034512
2025-05-28 18:00:00+00:00,408.304046631,409.347351074,407.056976318,407.056976318,0
2025-05-28 19:00:00+00:00,407.046142578,408.430145264,405.376220703,405.759429932,0
2025-05-28 20:00:00+00:00,405.720275879,408.904693604,405.293884277,408.904693604,2886736
2025-05-28 21:00:00+00:00,408.985443115,411.765808105,408.333251953,411.282775879,2023568
2025-05-28 22:00:00+00:00,411.2940979,412.324798584,411.216094971,412.324798584,0
2025-05-28 23:00:00+00:00,412.314971924,423.840454102,412.314971924,419.685028076,21955840
2025-05-29 00:00:00+00:00,420.427825928,424.765655518,419.895324707,422.198486328,22608352
2025-05-29 01:00:00+00:00,422.340698242,423.662322998,422.238616943,423.662322998,6503488
2025-05-29 02:00:00+00:00,423.548187256,427.722015381,423.261077881,426.796112061,7195712
2025-05-29 03:00:00+00:00,426.821289062,426.901824951,424.508178711,424.917358398,2752736
2025-05-29 04:00:00+00:00,424.911804199,424.975616455,420.480163574,422.41217041,2654976
2025-05-29 05:00:00+00:00,422.412811279,422.958374023,420.978729248,420.990722656,897792
2025-05-29 06:00:00+00:00,420.986938477,423.585571289,420.76473999,422.575927734,3935680
2025-05-29 07:00:00+00:00,422.853851318,423.347045898,422.401062012,422.798980713,1529600
2025-05-29 08:00:00+00:00,422.911010742,423.909240723,422.5050354,423.826385498,864608
2025-05-29 09:00:00+00:00,423.87008667,423.903625488,422.775390625,422.852905273,0
2025-05-29 10:00:00+00:00,422.862762451,422.865539551,421.852905273,421.990142822,0
2025-05-29 11:00:00+00:00,422.006866455,422.212188721,419.13760376,419.1456604,0
2025-05-29 12:00:00+00:00,419.131256104,419.131256104,416.767364502,416.975524902,2178880
2025-05-29 13:00:00+00:00,416.900421143,417.483276367,413.048339844,413.048339844,0
2025-05-29 14:00:00+00:00,413.032287598,414.848449707,409.379486084,414.848449707,285536
2025-05-29 15:00:00+00:00,414.460296631,415.006591797,412.674957275,413.325531006,0
2025-05-29 16:00:00+00:00,413.334625244,413.334625244,411.131866455,411.183074951,0
2025-05-29 17:00:00+00:00,411.155883789,411.620758057,409.95690918,410.534729004,2804832
2025-05-29 18:00:00+00:00,410.581939697,411.902099609,407.804901123,408.540496826,2747936
2025-05-29 19:00:00+00:00,408.499633789,408.614013672,405.787231445,408.225891113,4386528
2025-05-29 20:00:00+00:00,408.218719482,410.484649658,408.138000488,409.772644043,2795296
2025-05-29 21:00:00+00:00,409.765533447,411.824035645,409.400177002,411.824035645,308864
2025-05-29 22:00:00+00:00,411.911254883,412.264801025,411.060638428,411.219177246,963968
2025-05-29 23:00:00+00:00,411.213226318,411.71081543,408.80456543,409.219421387,0
2025-05-30 00:00:00+00:00,409.250976562,412.618835449,404.143096924,404.143096924,0
2025-05-30 01:00:00+00:00,403.988037109,407.675415039,401.084503174,406.828979492,11565760
2025-05-30 02:00:00+00:00,406.829620361,411.286437988,406.829620361,410.909698486,0
2025-05-30 03:00:00+00:00,410.94317627,414.132751465,410.832244873,411.238800049,0
2025-05-30 04:00:00+00:00,411.246948242,411.890869141,410.983734131,411.299163818,0
2025-05-30 05:00:00+00:00,411.292694092,411.508605957,409.8671875,409.994354248,0
2025-05-30 06:00:00+00:00,410.097137451,410.528930664,406.01272583,406.251159668,0
2025-05-30 07:00:00+00:00,406.314117432,406.621826172,405.07711792,405.289367676,0
2025-05-30 08:00:00+00:00,405.281341553,405.684143066,404.052612305,405.004943848,0
2025-05-30 09:00:00+00:00,404.997192383,405.500030518,402.366119385,405.059204102,3732128
2025-05-30 10:00:00+00:00,405.099731445,406.747070312,403.544647217,406.747070312,340288
2025-05-30 11:00:00+00:00,406.804779053,410.393493652,406.804779053,408.815155029,0
2025-05-30 12:00:00+00:00,408.798400879,413.036193848,405.864715576,411.626800537,3496416
2025-05-30 13:00:00+00:00,411.568084717,411.568084717,406.013885498,406.013885498,0
2025-05-30 14:00:00+00:00,405.981018066,409.051574707,405.712158203,408.847015381,0
2025-05-30 15:00:00+00:00,408.774597168,409.712432861,407.871276855,407.871276855,1635040
2025-05-30 16:00:00+00:00,407.822875977,407.822875977,397.298126221,398.255340576,13675584
2025-05-30 17:00:00+00:00,398.261199951,401.821014404,397.218719482,401.821014404,320224
2025-05-30 18:00:00+00:00,401.829467773,406.299041748,401.829467773,405.202026367,0
2025-05-30 19:00:00+00:00,405.206695557,407.484710693,404.894378662,407.484710693,0
2025-05-30 20:00:00+00:00,407.46496582,408.726287842,405.935424805,407.780303955,0
2025-05-30 21:00:00+00:00,407.185058594,409.293121338,406.668273926,407.19644165,1181248
2025-05-30 22:00:00+00:00,407.355377197,407.731079102,402.731719971,402.731719971,2170336
2025-05-30 23:00:00+00:00,402.755828857,402.755828857,399.139099121,399.139099121,4103328
2025-05-31 00:00:00+00:00,399.143615723,400.94619751,393.734130859,396.18371582,8861472
2025-05-31 01:00:00+00:00,396.074523926,397.966766357,392.706817627,392.829925537,0
2025-05-31 02:00:00+00:00,392.948455811,398.341522217,392.948455811,393.928375244,9888
2025-05-31 03:00:00+00:00,393.915679932,398.465301514,391.782928467,397.861541748,7258752
2025-05-31 04:00:00+00:00,397.861541748,402.339233398,393.042449951,402.339233398,11823744
2025-05-31 05:00:00+00:00,402.314544678,402.314544678,400.377044678,400.585021973,1439424
2025-05-31 06:00:00+00:00,400.554443359,402.709625244,400.554443359,401.290863037,987616
2025-05-31 07:00:00+00:00,401.29598999,402.067626953,400.958892822,401.976837158,0
2025-05-31 08:00:00+00:00,401.95602417,403.279815674,401.339935303,402.880859375,279264
2025-05-31 09:00:00+00:00,402.841461182,403.355621338,400.375549316,403.355621338,0
2025-05-31 10:00:00+00:00,403.371337891,405.950805664,402.887786865,404.077362061,3390400
2025-05-31 11:00:00+00:00,404.062103271,406.398529053,403.877563477,406.398529053,0
2025-05-31 12:00:00+00:00,406.419006348,409.257843018,406.419006348,409.257843018,588096
2025-05-31 13:00:00+00:00,409.270751953,415.953094482,409.270751953,412.505279541,5715072
2025-05-31 14:00:00+00:00,412.565368652,414.973571777,412.163269043,414.924468994,0
2025-05-31 15:00:00+00:00,414.982757568,418.098724365,414.982757568,416.937530518,8582016
2025-05-31 16:00:00+00:00,417.29284668,422.310333252,417.1144104,420.96673584,0
2025-05-31 17:00:00+00:00,420.953674316,421.032714844,418.393066406,418.494445801,1761728
2025-05-31 18:00:00+00:00,418.497528076,420.636169434,416.065948486,416.685882568,1328608
2025-05-31 19:00:00+00:00,416.668670654,417.335357666,416.553710938,417.241729736,0
2025-05-31 20:00:00+00:00,417.271331787,417.803344727,416.635528564,417.489685059,0
2025-05-31 21:00:00+00:00,417.580047607,417.701049805,416.154541016,416.728668213,2974080
2025-05-31 22:00:00+00:00,416.69619751,416.773254395,414.200561523,414.200561523,0
2025-05-31 23:00:00+00:00,414.145141602,415.033782959,413.377502441,414.53302002,0
2025-06-01 00:00:00+00:00,415.027282715,415.093902588,414.274993896,414.368927002,0
2025-06-01 01:00:00+00:00,414.370605469,414.649414062,412.950592041,412.993377686,0
2025-06-01 02:00:00+00:00,412.996429443,413.928771973,410.636962891,412.965270996,0
2025-06-01 03:00:00+00:00,412.51449585,412.51449585,408.989471436,409.383789062,0
2025-06-01 04:00:00+00:00,409.370422363,411.046569824,409.08505249,410.26751709,0
2025-06-01 05:00:00+00:00,410.263793945,410.476409912,405.912902832,406.160919189,0
2025-06-01 06:00:00+00:00,406.158569336,406.158569336,403.934295654,403.934295654,0
2025-06-01 07:00:00+00:00,403.938476562,404.206512451,402.822540283,403.518188477,0
2025-06-01 08:00:00+00:00,403.524627686,403.524627686,401.438964844,401.503845215,0
2025-06-01 09:00:00+00:00,401.595703125,402.495727539,398.880462646,399.058502197,0
2025-06-01 10:00:00+00:00,398.970977783,398.991821289,397.541168213,398.101959229,0
2025-06-01 11:00:00+00:00,398.101928711,402.363922119,398.101928711,402.301147461,0
2025-06-01 12:00:00+00:00,402.297821045,402.299865723,399.206237793,400.060455322,0
2025-06-01 13:00:00+00:00,400.061462402,401.082092285,399.926879883,401.038970947,0
2025-06-01 14:00:00+00:00,401.028564453,404.099578857,401.028564453,402.251983643,0
2025-06-01 15:00:00+00:00,402.25378418,402.314300537,401.27053833,402.050994873,0
2025-06-01 16:00:00+00:00,402.088439941,405.726287842,402.088439941,405.192962646,0
2025-06-01 17:00:00+00:00,405.043579102,405.764160156,404.659637451,405.226196289,0
2025-06-01 18:00:00+00:00,405.223052979,405.282073975,400.549865723,401.804290771,0
2025-06-01 19:00:00+00:00,401.864776611,405.851135254,401.864776611,405.828521729,932656
2025-06-01 20:00:00+00:00,405.83190918,405.92477417,404.920074463,404.920074463,0
2025-06-01 21:00:00+00:00,404.932678223,405.202880859,404.551422119,404.655914307,0
2025-06-01 22:00:00+00:00,404.657836914,405.774108887,404.442047119,404.499206543,0
2025-06-01 23:00:00+00:00,404.514587402,405.836791992,403.699890137,403.699890137,0
2025-06-02 00:00:00+00:00,403.684295654,403.684295654,401.968994141,401.968994141,0
2025-06-02 01:00:00+00:00,401.977233887,403.095855713,401.767242432,402.265716553,0
2025-06-02 02:00:00+00:00,402.260925293,402.305541992,401.253936768,401.253936768,0
2025-06-02 03:00:00+00:00,401.254180908,401.254180908,398.585601807,399.05859375,1767024
2025-06-02 04:00:00+00:00,399.053863525,401.373046875,399.053863525,400.934082031,801504
2025-06-02 05:00:00+00:00,400.933502197,402.688232422,400.877838135,402.688232422,0
2025-06-02 06:00:00+00:00,402.669830322,404.988067627,402.669830322,404.988067627,453280
2025-06-02 07:00:00+00:00,404.996276855,405.821563721,404.765533447,404.837799072,269248
2025-06-02 08:00:00+00:00,404.850494385,406.799926758,404.850494385,405.859039307,191152
2025-06-02 09:00:00+00:00,405.853302002,406.094543457,402.665649414,402.791534424,0
2025-06-02 10:00:00+00:00,402.780517578,403.961303711,402.631378174,402.705352783,39584
2025-06-02 11:00:00+00:00,402.70526123,402.70526123,400.467285156,400.467285156,0
2025-06-02 12:00:00+00:00,400.459838867,402.171569824,400.459838867,402.000976562,1657936
2025-06-02 13:00:00+00:00,402.051513672,402.417266846,400.22164917,400.22253418,343952
2025-06-02 14:00:00+00:00,400.203430176,400.853912354,399.221496582,399.340118408,1592944
2025-06-02 15:00:00+00:00,399.375244141,400.421539307,398.319061279,400.082244873,2715328
2025-06-02 16:00:00+00:00,400.106323242,400.246429443,398.256866455,399.463409424,0
2025-06-02 17:00:00+00:00,399.456359863,400.21395874,399.063262939,399.943267822,0
2025-06-02 18:00:00+00:00,399.928649902,402.318725586,398.974731445,398.974731445,0
2025-06-02 19:00:00+00:00,398.981567383,400.172424316,397.740325928,398.648834229,0
2025-06-02 20:00:00+00:00,398.627319336,400.765960693,398.627319336,399.184265137,307024
2025-06-02 21:00:00+00:00,399.193664551,401.119110107,399.193664551,400.868041992,0
2025-06-02 22:00:00+00:00,400.853881836,404.190704346,400.853881836,402.605682373,3430432
2025-06-02 23:00:00+00:00,402.604125977,404.360595703,402.604125977,403.916564941,809152
2025-06-03 00:00:00+00:00,403.898681641,405.277709961,402.861694336,402.861694336,515568
2025-06-03 01:00:00+00:00,402.901733398,406.054260254,402.901733398,406.054260254,1073136
2025-06-03 02:00:00+00:00,406.060638428,406.960418701,405.757293701,405.945831299,1538112
2025-06-03 03:00:00+00:00,405.936798096,405.936798096,403.076782227,403.079986572,1529488
2025-06-03 04:00:00+00:00,403.087005615,404.557250977,403.087005615,403.604949951,0
2025-06-03 05:00:00+00:00,403.591491699,405.444580078,403.591491699,405.248565674,1035920
2025-06-03 06:00:00+00:00,405.224639893,405.427520752,404.317932129,404.53729248,0
2025-06-03 07:00:00+00:00,404.541412354,404.954650879,403.143157959,403.570892334,685696
2025-06-03 08:00:00+00:00,403.564910889,403.624603271,400.352294922,401.232971191,0
2025-06-03 09:00:00+00:00,401.328704834,402.804260254,400.600128174,402.785369873,179474560
2025-06-03 10:00:00+00:00,402.788299561,403.253051758,401.954406738,403.253051758,0
2025-06-03 11:00:00+00:00,403.270599365,403.85949707,402.623626709,402.628570557,0
2025-06-03 12:00:00+00:00,402.619018555,404.703521729,402.323455811,404.370666504,80754944
2025-06-03 13:00:00+00:00,404.336883545,405.483825684,403.756103516,404.358001709,0
2025-06-03 14:00:00+00:00,404.375793457,406.81729126,403.29119873,406.81729126,36609904
2025-06-03 15:00:00+00:00,406.867553711,408.798095703,406.802642822,407.924468994,3488480
2025-06-03 16:00:00+00:00,407.932189941,408.071502686,406.418609619,406.418609619,4720464
2025-06-03 17:00:00+00:00,406.421783447,406.958129883,406.419586182,406.688293457,1198672
2025-06-03 18:00:00+00:00,406.688995361,406.688995361,404.716247559,405.17489624,0
2025-06-03 19:00:00+00:00,405.204284668,406.640930176,405.204284668,405.564819336,0
2025-06-03 20:00:00+00:00,405.564727783,405.581848145,401.8878479,403.30090332,1599184
2025-06-03 21:00:00+00:00,403.30380249,403.645812988,401.523834229,401.555755615,392240
2025-06-03 22:00:00+00:00,401.670471191,404.577270508,401.670471191,404.244903564,657696
2025-06-03 23:00:00+00:00,404.245422363,404.245422363,400.876495361,400.927124023,8464
2025-06-04 00:00:00+00:00,400.912414551,402.838134766,400.912414551,402.838134766,0
2025-06-04 01:00:00+00:00,402.839508057,404.579040527,402.839508057,403.792388916,0
2025-06-04 02:00:00+00:00,403.795532227,404.636962891,403.435119629,403.435119629,0
2025-06-04 03:00:00+00:00,403.434387207,404.605407715,403.264984131,404.432220459,0
2025-06-04 04:00:00+00:00,404.356292725,404.863891602,404.356292725,404.437561035,0
2025-06-04 05:00:00+00:00,404.446716309,405.203826904,403.50177002,403.745697021,0
2025-06-04 06:00:00+00:00,403.713867188,404.003173828,403.291259766,403.700897217,0
2025-06-04 07:00:00+00:00,403.696472168,404.287658691,403.311950684,403.826538086,0
2025-06-04 08:00:00+00:00,403.85848999,406.089782715,403.851837158,405.772918701,117376
2025-06-04 09:00:00+00:00,405.749572754,408.520935059,405.686004639,408.520935059,1750480
2025-06-04 10:00:00+00:00,408.524658203,410.460784912,408.524658203,409.719787598,5102416
2025-06-04 11:00:00+00:00,409.68649292,409.787902832,406.227416992,406.29473877,0
2025-06-04 12:00:00+00:00,406.293151855,406.497924805,404.393432617,404.393432617,0
2025-06-04 13:00:00+00:00,404.370178223,405.582885742,403.212585449,403.225585938,258800
2025-06-04 14:00:00+00:00,403.227996826,405.189300537,401.807525635,405.189300537,0
2025-06-04 15:00:00+00:00,405.194396973,407.057617188,405.194396973,406.208862305,0
2025-06-04 16:00:00+00:00,406.214202881,406.943847656,405.628082275,406.943847656,0
2025-06-04 17:00:00+00:00,407.012817383,408.216369629,407.012817383,408.204101562,0
2025-06-04 18:00:00+00:00,408.199829102,409.031463623,407.527984619,407.527984619,1556496
2025-06-04 19:00:00+00:00,407.534698486,408.11340332,406.490264893,406.495849609,0
2025-06-04 20:00:00+00:00,406.432006836,406.432006836,400.966369629,400.968078613,2521904
2025-06-04 21:00:00+00:00,400.965209961,402.52545166,398.314086914,401.941925049,5262112
2025-06-04 22:00:00+00:00,401.937438965,402.541809082,400.543487549,401.286895752,1290912
2025-06-04 23:00:00+00:00,401.369537354,401.957977295,400.089355469,401.026275635,0
2025-06-05 00:00:00+00:00,401.027191162,402.470123291,400.362182617,402.288330078,694656
2025-06-05 01:00:00+00:00,402.307617188,402.513885498,399.013824463,399.013824463,1285328
2025-06-05 02:00:00+00:00,399.0440979,402.718353271,399.0440979,402.071563721,3378896
2025-06-05 03:00:00+00:00,402.076263428,402.109130859,401.082397461,401.985626221,261152
2025-06-05 04:00:00+00:00,402.019500732,404.796447754,402.019500732,403.869232178,2187824
2025-06-05 05:00:00+00:00,404.071075439,404.530059814,400.875366211,400.974517822,110624
2025-06-05 06:00:00+00:00,400.991577148,403.786773682,400.991577148,402.03729248,5259024
2025-06-05 07:00:00+00:00,402.029571533,403.774139404,401.058502197,401.210083008,4957008
2025-06-05 08:00:00+00:00,401.190063477,401.395385742,399.449493408,399.9324646,786688
2025-06-05 09:00:00+00:00,399.948791504,400.84161377,399.124267578,400.36807251,0
2025-06-05 10:00:00+00:00,400.394714355,401.20526123,397.352172852,398.45413208,0
2025-06-05 11:00:00+00:00,398.624847412,400.77822876,398.274169922,400.77822876,344672
2025-06-05 12:00:00+00:00,400.808410645,404.450927734,400.552276611,404.396972656,2709056
2025-06-05 13:00:00+00:00,404.35559082,404.664031982,399.33493042,399.343109131,5246128
2025-06-05 14:00:00+00:00,399.296966553,401.982513428,397.711791992,401.193481445,2319440
2025-06-05 15:00:00+00:00,401.192901611,404.00692749,400.873199463,403.830566406,4370784
2025-06-05 16:00:00+00:00,403.843566895,403.843566895,398.599609375,398.86895752,4520912
2025-06-05 17:00:00+00:00,398.872497559,400.056640625,398.433410645,399.715057373,954240
2025-06-05 18:00:00+00:00,399.747955322,400.46206665,397.098144531,400.246704102,3470896
2025-06-05 19:00:00+00:00,400.227264404,400.227264404,391.967193604,393.155487061,12797824
2025-06-05 20:00:00+00:00,393.090057373,393.090057373,380.467987061,380.467987061,13222432
2025-06-05 21:00:00+00:00,380.376464844,385.116760254,379.264221191,384.622283936,13409824
2025-06-05 22:00:00+00:00,384.646026611,384.74887085,381.938964844,384.280181885,4715328
2025-06-05 23:00:00+00:00,384.255065918,387.292541504,384.255065918,385.587036133,2808256
2025-06-06 00:00:00+00:00,385.54888916,386.43649292,383.727508545,384.084381104,10133056
2025-06-06 01:00:00+00:00,384.092803955,384.234985352,382.922454834,382.983734131,7195712
2025-06-06 02:00:00+00:00,382.990356445,383.767669678,381.15637207,383.746612549,2199232
2025-06-06 03:00:00+00:00,383.759185791,384.314147949,381.776275635,384.314147949,7717312
2025-06-06 04:00:00+00:00,384.311401367,386.193054199,383.658905029,385.638336182,1642080
2025-06-06 05:00:00+00:00,385.635253906,387.124267578,385.428527832,387.124267578,2574016
2025-06-06 06:00:00+00:00,387.16104126,387.817077637,386.731628418,386.731628418,0
2025-06-06 07:00:00+00:00,386.742645264,386.852722168,385.712127686,386.570892334,0
2025-06-06 08:00:00+00:00,386.553344727,387.77053833,386.365631104,387.050994873,703360
2025-06-06 09:00:00+00:00,387.063354492,387.515411377,386.200500488,386.200500488,1013504
2025-06-06 10:00:00+00:00,386.1328125,386.629852295,384.160766602,384.21383667,1326400
2025-06-06 11:00:00+00:00,384.216888428,386.024169922,384.216888428,385.864044189,601376
2025-06-06 12:00:00+00:00,385.877960205,388.500061035,385.877960205,387.217803955,4086400
2025-06-06 13:00:00+00:00,387.208892822,390.332275391,387.2059021,389.522644043,43968
2025-06-06 14:00:00+00:00,389.53918457,393.754241943,389.53918457,393.754241943,2365504
2025-06-06 15:00:00+00:00,393.86895752,394.909057617,392.781311035,394.559906006,4363872
2025-06-06 16:00:00+00:00,394.622802734,394.953613281,392.816986084,392.851165771,0
2025-06-06 17:00:00+00:00,392.829925537,397.457946777,392.687866211,397.457946777,2495616
2025-06-06 18:00:00+00:00,397.524505615,399.071289062,394.569458008,395.645629883,899744
2025-06-06 19:00:00+00:00,395.636871338,397.08883667,395.636871338,396.853271484,0
2025-06-06 20:00:00+00:00,396.871002197,398.609863281,396.559631348,398.411254883,0
2025-06-06 21:00:00+00:00,398.436462402,398.553955078,395.648773193,396.994171143,0
2025-06-06 22:00:00+00:00,397.230010986,398.188598633,396.516296387,398.188598633,0
2025-06-06 23:00:00+00:00,398.19519043,398.402740479,396.130462646,396.130462646,0
2025-06-07 00:00:00+00:00,396.13293457,396.13293457,394.511260986,395.895690918,0
2025-06-07 01:00:00+00:00,395.889099121,396.124633789,394.970397949,395.127075195,0
2025-06-07 02:00:00+00:00,395.111236572,396.637207031,394.819091797,396.637207031,0
2025-06-07 03:00:00+00:00,396.699005127,399.195617676,396.699005127,396.731109619,0
2025-06-07 04:00:00+00:00,396.738891602,396.738891602,394.959411621,395.004119873,0
2025-06-07 05:00:00+00:00,395.014404297,398.764434814,394.864929199,398.624145508,737568
2025-06-07 06:00:00+00:00,398.554138184,399.73324585,396.823181152,399.73324585,22003840
2025-06-07 07:00:00+00:00,399.723815918,407.290161133,399.613464355,407.290161133,10829312
2025-06-07 08:00:00+00:00,407.265869141,408.45211792,404.520019531,405.924438477,8144064
2025-06-07 09:00:00+00:00,406.00592041,408.28012085,406.00592041,407.428100586,1875168
2025-06-07 10:00:00+00:00,407.427520752,408.711883545,406.897460938,408.360534668,0
2025-06-07 11:00:00+00:00,408.344848633,409.026123047,407.046295166,409.025512695,1293696
2025-06-07 12:00:00+00:00,409.093902588,411.29095459,408.93951416,409.192901611,484064
2025-06-07 13:00:00+00:00,409.472686768,410.006713867,406.971618652,409.547637939,2428896
2025-06-07 14:00:00+00:00,409.578918457,409.578918457,408.799163818,408.801361084,0
2025-06-07 15:00:00+00:00,408.815704346,410.583709717,408.047393799,408.905853271,0
2025-06-07 16:00:00+00:00,409.14666748,411.365600586,409.14666748,410.179992676,776128
2025-06-07 17:00:00+00:00,410.156005859,410.156005859,408.90524292,408.905273438,0
2025-06-07 18:00:00+00:00,408.89666748,409.451477051,406.851013184,407.079040527,0
2025-06-07 19:00:00+00:00,407.100189209,408.059906006,407.100189209,407.492614746,0
2025-06-07 20:00:00+00:00,407.471557617,407.806396484,406.774230957,407.169067383,1623936
2025-06-07 21:00:00+00:00,407.181182861,409.25112915,406.875610352,409.25112915,968000
2025-06-07 22:00:00+00:00,409.222351074,409.875244141,409.222351074,409.27532959,3408192
2025-06-07 23:00:00+00:00,409.266326904,409.901275635,408.971893311,409.37121582,0
2025-06-08 00:00:00+00:00,409.400604248,411.073150635,409.400604248,410.308532715,2449600
2025-06-08 01:00:00+00:00,410.310852051,410.492919922,409.621185303,410.084381104,438624
2025-06-08 02:00:00+00:00,410.112304688,411.408081055,410.106719971,411.016998291,0
2025-06-08 03:00:00+00:00,410.985687256,410.985687256,408.576538086,408.839691162,0
2025-06-08 04:00:00+00:00,408.838409424,408.838409424,407.724945068,407.755371094,1569856
2025-06-08 05:00:00+00:00,407.733215332,408.180480957,406.806274414,406.806274414,0
2025-06-08 06:00:00+00:00,406.805877686,408.164703369,406.785430908,408.127197266,0
2025-06-08 07:00:00+00:00,408.129150391,410.166503906,408.107147217,409.222351074,0
2025-06-08 08:00:00+00:00,409.219848633,410.397399902,409.203735352,410.094787598,0
2025-06-08 09:00:00+00:00,410.089874268,410.089874268,409.289672852,409.988952637,0
2025-06-08 10:00:00+00:00,410.004272461,412.652313232,409.577423096,412.189575195,2421440
2025-06-08 11:00:00+00:00,412.16116333,415.407867432,411.955444336,415.164428711,2914704
2025-06-08 12:00:00+00:00,415.171875,416.252868652,414.220916748,416.23046875,0
2025-06-08 13:00:00+00:00,416.222259521,416.592681885,413.306274414,416.043884277,8769664
2025-06-08 14:00:00+00:00,415.763092041,417.445922852,414.652374268,417.445922852,2501312
2025-06-08 15:00:00+00:00,417.460662842,418.003326416,416.890258789,417.52935791,0
2025-06-08 16:00:00+00:00,417.523345947,419.031036377,417.482269287,418.605041504,0
2025-06-08 17:00:00+00:00,418.527679443,418.527679443,416.277069092,416.351715088,488928
2025-06-08 18:00:00+00:00,416.326141357,416.43850708,415.435089111,415.435089111,0
2025-06-08 19:00:00+00:00,415.039123535,416.299926758,414.972442627,415.983062744,564624
2025-06-08 20:00:00+00:00,415.970275879,415.970275879,415.43145752,415.43145752,0
2025-06-08 21:00:00+00:00,415.433959961,415.433959961,414.428192139,414.540679932,0
2025-06-08 22:00:00+00:00,414.549316406,414.549316406,412.8125,412.8125,0
2025-06-08 23:00:00+00:00,412.823913574,412.890594482,411.231079102,411.231079102,1957904
2025-06-09 00:00:00+00:00,411.225921631,413.330810547,411.225921631,411.396728516,941952
2025-06-09 01:00:00+00:00,411.493103027,414.46496582,411.493103027,414.080291748,1913280
2025-06-09 02:00:00+00:00,414.086639404,416.485229492,414.006072998,416.13168335,2659408
2025-06-09 03:00:00+00:00,416.092010498,416.200775146,413.478515625,414.663726807,33440
2025-06-09 04:00:00+00:00,414.695648193,414.695648193,413.82043457,414.416412354,0
2025-06-09 05:00:00+00:00,414.318115234,414.898468018,413.179382324,414.252319336,1421360
2025-06-09 06:00:00+00:00,414.224365234,417.766265869,413.474243164,417.766265869,5838704
2025-06-09 07:00:00+00:00,417.690856934,417.690856934,415.674438477,415.942626953,289696
2025-06-09 08:00:00+00:00,415.937011719,419.484954834,415.762237549,417.429992676,8192288
2025-06-09 09:00:00+00:00,417.459503174,419.39730835,417.30355835,418.728637695,4363680
2025-06-09 10:00:00+00:00,418.673919678,424.282226562,418.634521484,421.35369873,14745312
2025-06-09 11:00:00+00:00,421.295135498,421.295135498,419.609100342,419.609100342,0
2025-06-09 12:00:00+00:00,419.582275391,420.969421387,418.718688965,420.400665283,2493024
2025-06-09 13:00:00+00:00,420.398712158,420.398712158,417.370697021,417.478973389,0
2025-06-09 14:00:00+00:00,417.484893799,419.055053711,417.484893799,418.577941895,0
2025-06-09 15:00:00+00:00,418.564666748,419.771453857,417.483734131,418.161254883,0
2025-06-09 16:00:00+00:00,418.165863037,421.046264648,418.165863037,421.015930176,1870368
2025-06-09 17:00:00+00:00,421.008026123,426.215637207,420.87487793,425.844940186,4097920
2025-06-09 18:00:00+00:00,425.845458984,425.845458984,422.451477051,422.626312256,1970208
2025-06-09 19:00:00+00:00,422.627746582,423.084259033,421.842529297,421.867370605,3325920
2025-06-09 20:00:00+00:00,421.861450195,422.44418335,421.508392334,421.976257324,1404256
2025-06-09 21:00:00+00:00,421.971038818,426.101745605,421.900848389,425.122619629,6512960
2025-06-09 22:00:00+00:00,425.128173828,429.440948486,425.128173828,428.093475342,6323200
2025-06-09 23:00:00+00:00,428.103729248,428.184082031,425.535522461,425.535522461,1087616
2025-06-10 00:00:00+00:00,425.528656006,427.709075928,422.267211914,427.603302002,35210176
2025-06-10 01:00:00+00:00,427.513061523,427.513061523,425.803161621,426.479278564,2050048
2025-06-10 02:00:00+00:00,426.462432861,426.90814209,425.081695557,426.398651123,0
2025-06-10 03:00:00+00:00,426.40625,426.635192871,424.56729126,425.487304688,16867296
2025-06-10 04:00:00+00:00,425.490112305,425.490112305,424.038604736,424.17565918,4384576
2025-06-10 05:00:00+00:00,424.179992676,424.22958374,421.750244141,423.072845459,3365376
2025-06-10 06:00:00+00:00,423.120147705,423.221496582,419.972930908,419.972930908,6430016
2025-06-10 07:00:00+00:00,420.029327393,420.134185791,418.623413086,419.747039795,4545824
2025-06-10 08:00:00+00:00,419.745025635,422.648468018,418.861358643,422.648468018,0
2025-06-10 09:00:00+00:00,422.649047852,422.714599609,421.639648438,422.557037354,0
2025-06-10 10:00:00+00:00,422.54486084,424.357299805,422.144256592,424.357299805,0
2025-06-10 11:00:00+00:00,424.467224121,431.125732422,424.033905029,430.376861572,10736096
2025-06-10 12:00:00+00:00,430.520629883,433.530975342,430.158935547,433.382781982,14579008
2025-06-10 13:00:00+00:00,433.389434814,434.586761475,429.247436523,433.711730957,30016
2025-06-10 14:00:00+00:00,433.765899658,434.203948975,429.714324951,429.714324951,7397120
2025-06-10 15:00:00+00:00,429.697021484,431.571380615,427.483947754,429.230895996,6179776
2025-06-10 16:00:00+00:00,429.21585083,430.04119873,428.599029541,429.46383667,3086720
2025-06-10 17:00:00+00:00,429.460113525,434.212738037,429.312805176,431.591217041,2145792
2025-06-10 18:00:00+00:00,431.604675293,433.569976807,430.618255615,433.569976807,1091136
2025-06-10 19:00:00+00:00,433.576904297,437.630157471,433.576904297,434.885375977,7998080
2025-06-10 20:00:00+00:00,435.191070557,437.453521729,435.191070557,437.453521729,6946112
2025-06-10 21:00:00+00:00,437.487701416,442.422454834,435.638366699,440.729614258,11671072
2025-06-10 22:00:00+00:00,440.669769287,442.547393799,437.479827881,438.928466797,320192
2025-06-10 23:00:00+00:00,438.907318115,438.907318115,437.773498535,437.977203369,2115552
2025-06-11 00:00:00+00:00,438.068572998,442.250061035,437.016235352,440.999359131,4930080
2025-06-11 01:00:00+00:00,442.275726318,445.637542725,438.890167236,440.067260742,68094176
2025-06-11 02:00:00+00:00,440.054473877,441.109619141,438.427093506,440.892883301,1702528
2025-06-11 03:00:00+00:00,440.893707275,442.430206299,439.966522217,439.977539062,0
2025-06-11 04:00:00+00:00,439.974182129,442.876647949,439.418457031,442.814758301,0
2025-06-11 05:00:00+00:00,442.691253662,442.691253662,441.330596924,441.666381836,311072
2025-06-11 06:00:00+00:00,441.372772217,444.956604004,441.372772217,444.740020752,0
2025-06-11 07:00:00+00:00,444.734649658,444.910858154,443.590911865,444.736846924,0
2025-06-11 08:00:00+00:00,444.660583496,445.031616211,443.490570068,443.779937744,470880
2025-06-11 09:00:00+00:00,443.777008057,443.777008057,441.419586182,441.485839844,5007136
2025-06-11 10:00:00+00:00,441.493103027,444.702850342,439.77432251,444.702850342,13514784
2025-06-11 11:00:00+00:00,444.761169434,444.826538086,442.95211792,443.044952393,13984
2025-06-11 12:00:00+00:00,443.057739258,445.074951172,442.4453125,443.982971191,0
2025-06-11 13:00:00+00:00,443.966156006,444.284820557,441.617492676,441.627380371,0
2025-06-11 14:00:00+00:00,441.615875244,444.89440918,441.316131592,444.182189941,0
2025-06-11 15:00:00+00:00,444.16104126,444.824890137,443.758605957,444.523895264,0
2025-06-11 16:00:00+00:00,444.531890869,444.913482666,443.041412354,444.911315918,0
2025-06-11 17:00:00+00:00,444.918701172,445.152862549,443.823425293,444.15914917,0
2025-06-11 18:00:00+00:00,443.632873535,444.02734375,442.399597168,442.399597168,23808
2025-06-11 19:00:00+00:00,442.380157471,442.380157471,429.404083252,429.404083252,52525216
2025-06-11 20:00:00+00:00,429.489807129,431.380706787,426.972503662,427.470092773,1472384
2025-06-11 21:00:00+00:00,427.454498291,428.027832031,423.201690674,424.733276367,0
2025-06-11 22:00:00+00:00,424.689331055,426.516113281,423.139831543,425.996582031,55232
2025-06-11 23:00:00+00:00,426.335510254,429.586791992,426.335510254,428.98236084,143232
2025-06-12 00:00:00+00:00,428.977081299,429.444000244,427.474639893,428.888519287,0
2025-06-12 01:00:00+00:00,428.826934814,428.826934814,425.978179932,427.072509766,0
2025-06-12 02:00:00+00:00,427.082336426,428.571777344,426.867126465,428.407226562,0
2025-06-12 03:00:00+00:00,428.386657715,431.231719971,426.952697754,430.184753418,4411168
2025-06-12 04:00:00+00:00,430.160430908,430.160430908,428.204986572,429.374755859,88352
2025-06-12 05:00:00+00:00,429.366546631,432.388977051,428.932373047,431.734191895,0
2025-06-12 06:00:00+00:00,431.735046387,432.273254395,431.011810303,431.847442627,0
2025-06-12 07:00:00+00:00,431.864257812,431.864257812,429.302062988,429.483947754,0
2025-06-12 08:00:00+00:00,429.47845459,432.439971924,428.849365234,431.469848633,0
2025-06-12 09:00:00+00:00,431.477386475,433.750823975,426.60357666,426.615020752,5949152
2025-06-12 10:00:00+00:00,426.698242188,427.843383789,426.450836182,427.646148682,0
2025-06-12 11:00:00+00:00,427.651184082,428.283843994,426.896850586,427.859863281,0
2025-06-12 12:00:00+00:00,427.860900879,430.679840088,427.299987793,430.102935791,0
2025-06-12 13:00:00+00:00,430.104187012,433.284332275,430.063415527,432.991699219,1840384
2025-06-12 14:00:00+00:00,433.006408691,433.935516357,432.9480896,433.481719971,0
2025-06-12 15:00:00+00:00,433.42364502,434.720184326,432.711730957,432.721374512,0
2025-06-12 16:00:00+00:00,432.666534424,438.070556641,432.666534424,438.063659668,1689120
2025-06-12 17:00:00+00:00,438.14239502,441.108306885,438.14239502,441.040557861,2605152
2025-06-12 18:00:00+00:00,441.066802979,441.066802979,436.766693115,437.115386963,0
2025-06-12 19:00:00+00:00,437.04586792,437.471618652,431.934234619,431.934234619,0
2025-06-12 20:00:00+00:00,431.917144775,431.917144775,424.395446777,424.395446777,0
2025-06-12 21:00:00+00:00,424.48638916,431.169952393,424.48638916,428.472351074,1097856
2025-06-12 22:00:00+00:00,428.380187988,428.89666748,426.498840332,427.069335938,0
2025-06-12 23:00:00+00:00,427.023620605,427.333587646,424.707580566,425.622314453,20352
2025-06-13 00:00:00+00:00,425.303405762,425.303405762,407.861358643,409.035705566,19694368
2025-06-13 01:00:00+00:00,408.985229492,408.985229492,400.539520264,404.004547119,21755392
2025-06-13 02:00:00+00:00,403.342712402,403.342712402,398.779876709,400.022064209,8016608
2025-06-13 03:00:00+00:00,400.033477783,404.6171875,400.033477783,404.6171875,2993120
2025-06-13 04:00:00+00:00,404.464172363,404.464172363,400.259338379,401.936157227,858176
2025-06-13 05:00:00+00:00,401.912902832,410.449829102,401.912902832,410.437835693,16657952
2025-06-13 06:00:00+00:00,410.272705078,417.226531982,405.87890625,417.226531982,19537184
2025-06-13 07:00:00+00:00,421.055541992,421.055541992,413.768493652,416.156982422,18983744
2025-06-13 08:00:00+00:00,416.105041504,416.878234863,413.040710449,414.360076904,6955488
2025-06-13 09:00:00+00:00,414.38494873,415.286651611,414.38494873,415.168609619,0
2025-06-13 10:00:00+00:00,415.145874023,416.468231201,414.518280029,415.852081299,0
2025-06-13 11:00:00+00:00,415.850006104,419.999572754,414.266418457,419.653106689,8517024
2025-06-13 12:00:00+00:00,420.847381592,420.847381592,418.622467041,418.984558105,5528352
2025-06-13 13:00:00+00:00,418.972503662,420.689025879,417.9815979,420.312408447,0
2025-06-13 14:00:00+00:00,420.313232422,421.557525635,417.331604004,421.557525635,4306784
2025-06-13 15:00:00+00:00,421.598632812,425.665893555,421.598632812,424.337799072,10000064
2025-06-13 16:00:00+00:00,424.343933105,433.208251953,423.705596924,432.946350098,18534592
2025-06-13 17:00:00+00:00,433.195251465,433.637298584,429.97845459,431.816436768,11759200
2025-06-13 18:00:00+00:00,431.819488525,432.778320312,429.318145752,429.848388672,4799712
2025-06-13 19:00:00+00:00,429.883728027,435.004302979,429.835205078,434.367523193,6586976
2025-06-13 20:00:00+00:00,434.35043335,439.235534668,434.347106934,439.235534668,0
2025-06-13 21:00:00+00:00,439.304595947,439.765533447,437.781219482,438.272460938,0
2025-06-13 22:00:00+00:00,438.262939453,438.904083252,437.761901855,437.761901855,838208
2025-06-13 23:00:00+00:00,437.758392334,453.343383789,437.750061035,448.71282959,36326368
2025-06-14 00:00:00+00:00,448.779388428,449.098754883,446.752197266,446.892364502,0
2025-06-14 01:00:00+00:00,446.820770264,446.820770264,443.593536377,446.156036377,0
2025-06-14 02:00:00+00:00,446.179840088,446.24319458,444.395812988,445.623779297,0
2025-06-14 03:00:00+00:00,445.616760254,445.655700684,444.046386719,444.046386719,0
2025-06-14 04:00:00+00:00,444.01739502,444.01739502,441.007049561,441.337158203,0
2025-06-14 05:00:00+00:00,441.38394165,441.547058105,434.769989014,435.569519043,0
2025-06-14 06:00:00+00:00,435.748748779,435.906677246,434.585876465,435.027496338,0
2025-06-14 07:00:00+00:00,435.022979736,435.022979736,433.165313721,434.52835083,0
2025-06-14 08:00:00+00:00,434.514953613,436.778686523,432.272094727,432.288482666,0
2025-06-14 09:00:00+00:00,432.296508789,433.560546875,431.961853027,432.542205811,0
2025-06-14 10:00:00+00:00,432.55859375,433.551269531,431.929046631,433.551269531,644928
2025-06-14 11:00:00+00:00,433.564605713,436.476257324,433.564605713,436.036590576,0
2025-06-14 12:00:00+00:00,436.030029297,437.905395508,434.970275879,437.905395508,0
2025-06-14 13:00:00+00:00,437.919311523,438.274414062,435.280517578,435.280517578,0
2025-06-14 14:00:00+00:00,435.115905762,435.652404785,433.675537109,433.675537109,0
2025-06-14 15:00:00+00:00,433.689422607,433.689422607,432.060577393,432.429107666,0
2025-06-14 16:00:00+00:00,432.395568848,432.395568848,426.85760498,427.443634033,0
2025-06-14 17:00:00+00:00,427.429077148,427.429077148,423.733306885,424.18145752,0
2025-06-14 18:00:00+00:00,424.171875,427.212615967,424.171875,425.141571045,0
2025-06-14 19:00:00+00:00,425.1277771,426.854370117,424.41708374,424.716949463,0
2025-06-14 20:00:00+00:00,424.722259521,425.05178833,421.781036377,423.910400391,0
2025-06-14 21:00:00+00:00,423.933776855,430.49710083,423.603820801,430.457336426,5214976
2025-06-14 22:00:00+00:00,430.477478027,434.458190918,430.398345947,432.152252197,1433472
2025-06-14 23:00:00+00:00,432.23324585,432.357727051,430.375030518,430.80758667,0
2025-06-15 00:00:00+00:00,431.07723999,435.159973145,431.07723999,434.988525391,0
2025-06-15 01:00:00+00:00,435.121429443,435.814727783,434.155456543,435.584442139,0
2025-06-15 02:00:00+00:00,435.925231934,437.471405029,435.607727051,435.808258057,0
2025-06-15 03:00:00+00:00,435.829833984,437.543121338,435.829833984,437.542663574,0
2025-06-15 04:00:00+00:00,437.515167236,439.917877197,437.339233398,439.917877197,0
2025-06-15 05:00:00+00:00,440.135955811,450.168029785,440.135955811,450.168029785,16795584
2025-06-15 06:00:00+00:00,450.287353516,451.039672852,442.976654053,443.297851562,6228032
2025-06-15 07:00:00+00:00,443.288970947,443.450958252,441.793792725,442.40423584,0
2025-06-15 08:00:00+00:00,442.398803711,442.398803711,438.388000488,438.388000488,0
2025-06-15 09:00:00+00:00,438.392730713,439.014190674,437.642578125,437.687744141,1277600
2025-06-15 10:00:00+00:00,437.678161621,443.96194458,437.678161621,442.615081787,5150848
2025-06-15 11:00:00+00:00,442.73638916,446.465362549,442.651245117,444.223846436,4434336
2025-06-15 12:00:00+00:00,444.235961914,450.702758789,443.00479126,450.649993896,14041760
2025-06-15 13:00:00+00:00,450.66229248,456.135406494,450.032348633,454.384796143,32049408
2025-06-15 14:00:00+00:00,454.506500244,459.658294678,452.783752441,459.658294678,24363168
2025-06-15 15:00:00+00:00,459.668640137,459.668640137,456.020599365,458.599975586,19597984
2025-06-15 16:00:00+00:00,458.628112793,461.034881592,458.590362549,461.034881592,16266496
2025-06-15 17:00:00+00:00,461.338348389,463.263122559,460.447052002,463.262268066,6205728
2025-06-15 18:00:00+00:00,463.223602295,463.687744141,460.067443848,463.649963379,9642304
2025-06-15 19:00:00+00:00,463.611419678,467.072113037,460.811981201,460.85534668,17245376
2025-06-15 20:00:00+00:00,461.308532715,462.57510376,459.229187012,460.528533936,11112288
2025-06-15 21:00:00+00:00,460.569091797,462.998291016,459.752746582,460.456451416,5650240
2025-06-15 22:00:00+00:00,460.48336792,465.437408447,460.48336792,461.70602417,6821824
2025-06-15 23:00:00+00:00,461.697662354,462.379821777,460.865692139,460.865692139,3843552
2025-06-16 00:00:00+00:00,460.909912109,462.559356689,459.127593994,459.866821289,14056768
2025-06-16 01:00:00+00:00,459.870330811,460.257232666,455.0574646,459.848815918,13223072
2025-06-16 02:00:00+00:00,459.827880859,461.510284424,456.825561523,456.825561523,7992224
2025-06-16 03:00:00+00:00,457.356689453,458.61618042,452.857147217,454.241546631,13509728
2025-06-16 04:00:00+00:00,454.328125,458.291503906,453.872497559,454.119812012,10943872
2025-06-16 05:00:00+00:00,454.118988037,456.399627686,453.959564209,455.274139404,0
2025-06-16 06:00:00+00:00,455.347167969,458.037811279,455.347167969,457.004425049,0
2025-06-16 07:00:00+00:00,457.039520264,457.32611084,455.764556885,456.445343018,0
2025-06-16 08:00:00+00:00,456.512512207,457.818634033,456.512512207,456.799438477,0
2025-06-16 09:00:00+00:00,456.803710938,456.803710938,453.686645508,454.632598877,0
2025-06-16 10:00:00+00:00,454.255096436,455.381317139,453.78503418,455.381317139,2319008
2025-06-16 11:00:00+00:00,455.388702393,455.500427246,453.335906982,453.426971436,0
2025-06-16 12:00:00+00:00,453.314788818,453.781555176,452.390197754,452.390197754,0
2025-06-16 13:00:00+00:00,452.369171143,471.253997803,452.054779053,466.863250732,26274848
2025-06-16 14:00:00+00:00,466.757568359,472.290893555,466.746612549,466.746612549,24107392
2025-06-16 15:00:00+00:00,466.641876221,468.176635742,466.402252197,467.10144043,0
2025-06-16 16:00:00+00:00,467.08001709,468.775939941,465.557037354,465.557037354,0
2025-06-16 17:00:00+00:00,465.502044678,467.763671875,464.955047607,467.494171143,0
2025-06-16 18:00:00+00:00,467.46282959,468.133148193,466.315704346,466.626953125,0
2025-06-16 19:00:00+00:00,466.687225342,475.407318115,466.687225342,474.631591797,908064
2025-06-16 20:00:00+00:00,474.653198242,474.943145752,470.119384766,470.165008545,0
2025-06-16 21:00:00+00:00,470.147521973,472.692474365,468.315063477,472.229827881,0
2025-06-16 22:00:00+00:00,472.256591797,473.567474365,467.846160889,469.470855713,2487680
2025-06-16 23:00:00+00:00,469.374908447,471.229644775,466.266082764,466.327575684,4269856
2025-06-17 00:00:00+00:00,466.375091553,470.391418457,462.686950684,470.3409729,17266336
2025-06-17 01:00:00+00:00,470.394165039,474.787689209,468.182403564,473.546264648,5353696
2025-06-17 02:00:00+00:00,473.534881592,476.344421387,470.353088379,476.344421387,3448256
2025-06-17 03:00:00+00:00,476.339569092,479.226654053,475.695251465,479.072601318,7830848
2025-06-17 04:00:00+00:00,478.763214111,480.292724609,477.785491943,479.434173584,5403328
2025-06-17 05:00:00+00:00,479.382385254,479.382385254,476.127349854,477.33114624,6264192
2025-06-17 06:00:00+00:00,477.343475342,478.293395996,475.569946289,475.86529541,4972352
2025-06-17 07:00:00+00:00,475.863616943,476.318664551,475.040039062,476.318664551,4273728
2025-06-17 08:00:00+00:00,476.321258545,478.10144043,472.176879883,472.564178467,8938944
2025-06-17 09:00:00+00:00,472.570068359,472.714538574,469.503204346,469.503204346,5217600
2025-06-17 10:00:00+00:00,469.493469238,470.099761963,466.947387695,468.197662354,1745216
2025-06-17 11:00:00+00:00,468.224273682,468.440917969,464.944702148,465.537078857,9880896
2025-06-17 12:00:00+00:00,465.554138184,466.542999268,463.568572998,463.568572998,4624448
2025-06-17 13:00:00+00:00,462.881256104,463.211364746,461.00177002,461.905212402,0
2025-06-17 14:00:00+00:00,461.922119141,471.710784912,461.758087158,469.03225708,0
2025-06-17 15:00:00+00:00,468.907836914,468.907836914,463.644775391,464.166870117,11416000
2025-06-17 16:00:00+00:00,463.755096436,464.139038086,461.289398193,461.289398193,7133568
2025-06-17 17:00:00+00:00,461.30166626,467.546051025,458.51385498,464.716186523,24609152
2025-06-17 18:00:00+00:00,464.120422363,466.704956055,464.091461182,466.704956055,1247168
2025-06-17 19:00:00+00:00,467.679199219,474.173919678,467.679199219,473.58026123,0
2025-06-17 20:00:00+00:00,473.569915771,473.99118042,471.382232666,471.59072876,0
2025-06-17 21:00:00+00:00,471.503967285,472.397705078,469.530059814,469.530059814,5211328
2025-06-17 22:00:00+00:00,469.468811035,469.468811035,464.946868896,464.946868896,0
2025-06-17 23:00:00+00:00,465.020782471,466.996124268,463.836334229,463.836334229,0
2025-06-18 00:00:00+00:00,463.800140381,465.333190918,462.967559814,464.128387451,0
2025-06-18 01:00:00+00:00,464.101379395,478.612182617,463.654937744,473.667663574,18303424
2025-06-18 02:00:00+00:00,473.70425415,476.39364624,472.796142578,474.835754395,0
2025-06-18 03:00:00+00:00,474.768432617,477.556182861,473.769317627,476.353485107,0
2025-06-18 04:00:00+00:00,476.309051514,477.796630859,475.749023438,477.101776123,0
2025-06-18 05:00:00+00:00,477.092041016,477.092041016,473.959899902,476.580749512,0
2025-06-18 06:00:00+00:00,476.558807373,476.558807373,471.393493652,471.429992676,0
2025-06-18 07:00:00+00:00,471.328369141,471.643249512,469.843139648,470.938140869,0
2025-06-18 08:00:00+00:00,470.920440674,472.200164795,468.416870117,468.616699219,0
2025-06-18 09:00:00+00:00,468.656707764,471.289093018,468.399139404,468.597869873,0
2025-06-18 10:00:00+00:00,468.641937256,468.8565979,465.247741699,465.247741699,0
2025-06-18 11:00:00+00:00,465.177886963,469.351959229,464.989868164,468.532684326,0
2025-06-18 12:00:00+00:00,468.557861328,469.056640625,464.71282959,464.71282959,0
2025-06-18 13:00:00+00:00,464.704284668,464.704284668,460.742004395,463.266540527,3798656
2025-06-18 14:00:00+00:00,463.283477783,466.702728271,461.991851807,463.106689453,0
2025-06-18 15:00:00+00:00,463.238830566,465.732269287,462.602081299,465.673706055,0
2025-06-18 16:00:00+00:00,465.65725708,465.65725708,458.454467773,460.43359375,0
2025-06-18 17:00:00+00:00,460.401123047,460.832702637,457.697601318,460.832702637,0
2025-06-18 18:00:00+00:00,461.044921875,462.404449463,458.756256104,458.756256104,0
2025-06-18 19:00:00+00:00,458.72253418,461.900054932,457.693145752,459.364868164,0
2025-06-18 20:00:00+00:00,459.415252686,463.566467285,458.140197754,463.351135254,0
2025-06-18 21:00:00+00:00,463.284759521,468.755096436,460.814727783,468.603210449,0
2025-06-18 22:00:00+00:00,468.538818359,468.538818359,460.723083496,461.213684082,0
2025-06-18 23:00:00+00:00,461.223114014,461.678894043,458.204467773,459.449279785,418688
2025-06-19 00:00:00+00:00,459.443634033,459.590789795,454.21484375,458.387634277,13921376
2025-06-19 01:00:00+00:00,458.337768555,458.337768555,455.263397217,457.778411865,0
2025-06-19 02:00:00+00:00,457.797119141,461.524536133,457.491363525,459.422088623,31520
2025-06-19 03:00:00+00:00,459.040405273,459.465423584,458.055450439,458.656677246,0
2025-06-19 04:00:00+00:00,458.655059814,461.579772949,458.461547852,461.579772949,0
2025-06-19 05:00:00+00:00,461.593658447,462.494140625,461.026733398,462.33706665,0
2025-06-19 06:00:00+00:00,462.35534668,464.133209229,461.346893311,461.661743164,0
2025-06-19 07:00:00+00:00,461.569702148,462.986938477,460.230682373,460.230682373,0
2025-06-19 08:00:00+00:00,460.121063232,460.544433594,458.815887451,459.747375488,18599040
2025-06-19 09:00:00+00:00,459.762023926,465.267059326,459.762023926,464.113769531,6707040
2025-06-19 10:00:00+00:00,464.085754395,466.291870117,460.195404053,461.467834473,17673952
2025-06-19 11:00:00+00:00,461.465942383,465.051330566,461.099822998,465.051330566,0
2025-06-19 12:00:00+00:00,465.055908203,471.729125977,465.055908203,469.851501465,11095040
2025-06-19 13:00:00+00:00,469.903381348,483.698120117,469.597717285,479.6769104,68199264
2025-06-19 14:00:00+00:00,479.70703125,487.520141602,479.70703125,484.329406738,33712544
2025-06-19 15:00:00+00:00,484.268371582,485.417877197,483.006774902,484.995574951,19252416
2025-06-19 16:00:00+00:00,484.943908691,486.729858398,483.449798584,483.538818359,14461312
2025-06-19 17:00:00+00:00,483.518981934,494.331085205,483.054077148,493.750427246,26983424
2025-06-19 18:00:00+00:00,493.743774414,494.203582764,492.605163574,493.175842285,7571392
2025-06-19 19:00:00+00:00,493.239715576,496.306274414,493.239715576,495.99798584,20164032
2025-06-19 20:00:00+00:00,495.89730835,496.468994141,493.946533203,494.849853516,10690304
2025-06-19 21:00:00+00:00,494.77746582,495.131713867,491.192626953,491.192626953,13433536
2025-06-19 22:00:00+00:00,491.214874268,499.304107666,491.214874268,498.407104492,48021440
2025-06-19 23:00:00+00:00,498.416900635,500.09854126,498.333404541,498.566986084,14751360
2025-06-20 00:00:00+00:00,498.438049316,498.438049316,495.39855957,496.776275635,0
2025-06-20 01:00:00+00:00,496.873840332,500.084838867,494.395904541,499.762115479,16505792
2025-06-20 02:00:00+00:00,499.772003174,499.772003174,494.240753174,494.862060547,1627776
2025-06-20 03:00:00+00:00,494.869598389,494.869598389,490.777526855,490.914581299,5452608
2025-06-20 04:00:00+00:00,490.94921875,493.460021973,490.94921875,491.12689209,12998080
2025-06-20 05:00:00+00:00,491.119110107,492.556365967,490.445007324,492.556365967,12682112
2025-06-20 06:00:00+00:00,492.607391357,492.607391357,490.17767334,491.787963867,7725440
2025-06-20 07:00:00+00:00,491.807373047,492.5831604,487.912231445,490.283874512,11414912
2025-06-20 08:00:00+00:00,490.237487793,492.913360596,490.199676514,492.913360596,0
2025-06-20 09:00:00+00:00,492.903533936,494.087371826,489.563293457,489.563293457,6626048
2025-06-20 10:00:00+00:00,489.541137695,489.541137695,486.792999268,486.924987793,0
2025-06-20 11:00:00+00:00,486.971557617,486.971557617,485.23135376,485.882019043,0
2025-06-20 12:00:00+00:00,485.845794678,488.759246826,485.845794678,487.707550049,0
2025-06-20 13:00:00+00:00,487.713439941,487.713439941,485.697387695,486.348266602,0
2025-06-20 14:00:00+00:00,486.298309326,486.961547852,482.173187256,482.192718506,0
2025-06-20 15:00:00+00:00,482.433990479,483.615234375,482.290222168,482.47354126,0
2025-06-20 16:00:00+00:00,482.415496826,487.21182251,482.045166016,486.7918396,0
2025-06-20 17:00:00+00:00,486.738830566,486.738830566,477.228088379,480.604400635,15595968
2025-06-20 18:00:00+00:00,482.672576904,483.187591553,477.801574707,478.163726807,3589056
2025-06-20 19:00:00+00:00,478.16506958,480.292205811,477.794616699,480.292205811,0
2025-06-20 20:00:00+00:00,480.339691162,482.961883545,479.499969482,480.412811279,0
2025-06-20 21:00:00+00:00,480.36605835,480.923583984,478.797637939,478.797637939,0
2025-06-20 22:00:00+00:00,478.7784729,478.7784729,473.278991699,473.278991699,0
2025-06-20 23:00:00+00:00,473.285797119,475.156585693,473.167724609,473.858764648,2912
2025-06-21 00:00:00+00:00,473.854370117,473.854370117,470.106445312,470.60836792,0
2025-06-21 01:00:00+00:00,470.599334717,470.599334717,468.528137207,468.528137207,0
2025-06-21 02:00:00+00:00,468.538604736,468.538604736,465.452545166,465.79196167,0
2025-06-21 03:00:00+00:00,465.761230469,470.812957764,465.522369385,470.320404053,0
2025-06-21 04:00:00+00:00,470.295928955,470.675689697,469.325500488,470.675689697,0
2025-06-21 05:00:00+00:00,470.837280273,472.686920166,470.537109375,470.569976807,0
2025-06-21 06:00:00+00:00,470.663848877,474.763916016,470.663848877,473.698699951,0
2025-06-21 07:00:00+00:00,473.688903809,473.688903809,469.86920166,469.86920166,0
2025-06-21 08:00:00+00:00,469.882873535,469.890533447,467.023742676,467.341918945,0
2025-06-21 09:00:00+00:00,467.254150391,468.813446045,466.710449219,467.941650391,0
2025-06-21 10:00:00+00:00,467.927734375,472.420166016,467.927734375,472.420166016,0
2025-06-21 11:00:00+00:00,472.74105835,473.067138672,471.528686523,471.921844482,0
2025-06-21 12:00:00+00:00,471.931030273,472.870056152,471.21194458,472.870056152,0
2025-06-21 13:00:00+00:00,472.874969482,475.269195557,470.339782715,470.606506348,0
2025-06-21 14:00:00+00:00,470.618591309,473.347869873,470.526306152,472.5262146,0
2025-06-21 15:00:00+00:00,472.414886475,472.830657959,469.271331787,470.611358643,0
2025-06-21 16:00:00+00:00,470.560882568,474.90423584,470.415679932,474.90423584,0
2025-06-21 17:00:00+00:00,474.975494385,476.652954102,474.888549805,475.038238525,0
2025-06-21 18:00:00+00:00,475.166534424,477.003845215,473.24005127,473.24005127,0
2025-06-21 19:00:00+00:00,473.248199463,473.248199463,469.400115967,469.597625732,7214944
2025-06-21 20:00:00+00:00,469.647155762,476.708648682,469.647155762,476.692779541,3890752
2025-06-21 21:00:00+00:00,476.710357666,477.0362854,465.237579346,465.237579346,9802656
2025-06-21 22:00:00+00:00,463.125793457,468.237243652,463.125793457,464.872924805,1561408
2025-06-21 23:00:00+00:00,464.819763184,466.203643799,459.622528076,466.203643799,10750400
2025-06-22 00:00:00+00:00,467.463989258,469.580383301,464.477874756,469.097137451,9378272
2025-06-22 01:00:00+00:00,469.058135986,469.058135986,462.263092041,462.263092041,10722112
2025-06-22 02:00:00+00:00,462.212524414,467.19418335,460.192169189,466.495544434,5166624
2025-06-22 03:00:00+00:00,466.489990234,467.777984619,461.188568115,461.712249756,0
2025-06-22 04:00:00+00:00,461.722351074,467.060119629,461.722351074,467.000762939,4402752
2025-06-22 05:00:00+00:00,466.860076904,467.38067627,462.480499268,462.608795166,0
2025-06-22 06:00:00+00:00,462.62789917,463.979309082,459.377197266,459.607055664,0
2025-06-22 07:00:00+00:00,460.203369141,461.174835205,459.30355835,459.673736572,0
2025-06-22 08:00:00+00:00,459.795898438,463.29977417,459.463531494,463.29977417,9836512
2025-06-22 09:00:00+00:00,463.475830078,468.506286621,463.475830078,464.133972168,18273408
2025-06-22 10:00:00+00:00,464.158782959,465.812591553,463.512145996,465.137451172,2930720
2025-06-22 11:00:00+00:00,465.100952148,467.233428955,464.616027832,465.111114502,1124320
2025-06-22 12:00:00+00:00,465.149047852,465.742431641,461.504119873,464.875091553,5765248
2025-06-22 13:00:00+00:00,464.861022949,464.893035889,453.515350342,453.540893555,20258656
2025-06-22 14:00:00+00:00,453.622894287,455.786529541,448.605285645,455.734130859,178160992
2025-06-22 15:00:00+00:00,455.983673096,455.983673096,445.723480225,445.723480225,30917952
2025-06-22 16:00:00+00:00,445.845245361,451.906768799,443.710754395,451.86920166,19808192
2025-06-22 17:00:00+00:00,452.988525391,454.48739624,451.247619629,452.813354492,1881664
2025-06-22 18:00:00+00:00,452.788818359,452.788818359,447.415740967,447.415740967,0
2025-06-22 19:00:00+00:00,447.385314941,447.385314941,444.243438721,445.36895752,0
2025-06-22 20:00:00+00:00,445.35244751,445.35244751,438.008880615,444.646148682,17415424
2025-06-22 21:00:00+00:00,444.576416016,448.225128174,443.922393799,447.167419434,0
2025-06-22 22:00:00+00:00,446.989501953,458.511383057,446.611480713,457.85925293,13962880
2025-06-22 23:00:00+00:00,457.907958984,458.248504639,453.586151123,455.078125,0
2025-06-23 00:00:00+00:00,455.094482422,455.094482422,452.536773682,452.852844238,0
2025-06-23 01:00:00+00:00,452.716522217,452.820770264,450.539031982,452.820770264,0
2025-06-23 02:00:00+00:00,452.788696289,453.204467773,448.806518555,448.806518555,0
2025-06-23 03:00:00+00:00,448.813140869,448.813140869,446.594055176,448.484008789,0
2025-06-23 04:00:00+00:00,448.534545898,452.639831543,448.534545898,450.854217529,684928
2025-06-23 05:00:00+00:00,450.909362793,456.923400879,450.909362793,456.53414917,17461888
2025-06-23 06:00:00+00:00,456.476531982,456.589050293,453.780548096,453.854919434,15810880
2025-06-23 07:00:00+00:00,453.869018555,455.218048096,452.803894043,454.335266113,6447488
2025-06-23 08:00:00+00:00,454.332458496,455.731536865,453.751556396,454.238861084,0
2025-06-23 09:00:00+00:00,454.266540527,454.302307129,452.474243164,453.137939453,0
2025-06-23 10:00:00+00:00,453.137237549,453.514678955,452.421691895,452.819885254,0
2025-06-23 11:00:00+00:00,452.795562744,453.533782959,452.08215332,453.277069092,1172352
2025-06-23 12:00:00+00:00,453.284484863,457.967834473,452.899597168,456.048919678,2941184
2025-06-23 13:00:00+00:00,456.076171875,456.076171875,450.58770752,454.791534424,0
2025-06-23 14:00:00+00:00,454.907196045,456.10333252,449.753723145,449.753723145,0
2025-06-23 15:00:00+00:00,449.680938721,450.486572266,443.483276367,444.573974609,0
2025-06-23 16:00:00+00:00,444.59777832,445.362243652,438.881103516,440.656860352,0
2025-06-23 17:00:00+00:00,440.705932617,449.852294922,440.705932617,449.686218262,11670912
2025-06-23 18:00:00+00:00,449.757873535,454.944244385,449.757873535,453.948028564,716192
2025-06-23 19:00:00+00:00,453.884063721,455.303833008,453.261047363,455.205078125,0
2025-06-23 20:00:00+00:00,455.022979736,459.090942383,453.50994873,454.295532227,0
2025-06-23 21:00:00+00:00,454.126678467,456.671478271,454.126678467,454.283477783,0
2025-06-23 22:00:00+00:00,454.289550781,469.193267822,454.289550781,464.996307373,21507584
2025-06-23 23:00:00+00:00,465.068664551,465.853607178,462.766021729,463.453796387,102080
2025-06-24 00:00:00+00:00,463.311157227,463.311157227,460.657287598,462.236816406,1859520
2025-06-24 01:00:00+00:00,462.324829102,462.324829102,459.062774658,460.333435059,22560
2025-06-24 02:00:00+00:00,460.403625488,461.062835693,456.868347168,458.336486816,3554688
2025-06-24 03:00:00+00:00,458.337036133,459.611938477,457.175689697,458.578521729,4751520
2025-06-24 04:00:00+00:00,458.56149292,459.010314941,457.293426514,458.977325439,0
2025-06-24 05:00:00+00:00,458.966949463,461.708099365,457.845306396,461.708099365,0
2025-06-24 06:00:00+00:00,461.721160889,462.148864746,460.190979004,461.664672852,0
2025-06-24 07:00:00+00:00,461.664672852,461.664672852,454.801635742,454.820922852,252448
2025-06-24 08:00:00+00:00,454.843658447,458.804290771,454.390686035,458.720916748,2227616
2025-06-24 09:00:00+00:00,458.723022461,462.031555176,458.684173584,462.002624512,1827776
2025-06-24 10:00:00+00:00,462.046264648,466.020568848,462.046264648,463.830780029,10358560
2025-06-24 11:00:00+00:00,464.040710449,466.195007324,464.005126953,465.617004395,4129056
2025-06-24 12:00:00+00:00,465.664733887,465.832580566,463.12399292,463.78918457,0
2025-06-24 13:00:00+00:00,463.796203613,463.796203613,461.553955078,461.553955078,0
2025-06-24 14:00:00+00:00,461.426055908,461.61026001,458.178466797,458.323181152,0
2025-06-24 15:00:00+00:00,458.258636475,458.320861816,451.062774658,451.062774658,0
2025-06-24 16:00:00+00:00,451.102203369,453.077362061,449.778015137,452.78427124,0
2025-06-24 17:00:00+00:00,452.951171875,454.016174316,450.958740234,452.570648193,0
2025-06-24 18:00:00+00:00,452.456268311,452.470336914,450.068969727,451.915618896,0
2025-06-24 19:00:00+00:00,451.910369873,453.405487061,450.986816406,451.686187744,0
2025-06-24 20:00:00+00:00,451.687286377,456.776092529,451.625427246,455.680603027,0
2025-06-24 21:00:00+00:00,455.795532227,456.16607666,454.072509766,454.530914307,0
2025-06-24 22:00:00+00:00,454.51751709,454.51751709,452.683563232,452.821533203,0
2025-06-24 23:00:00+00:00,452.811431885,454.026489258,452.811431885,453.833007812,0
2025-06-25 00:00:00+00:00,453.837768555,464.097106934,453.837768555,464.097106934,3053920
2025-06-25 01:00:00+00:00,464.310333252,492.574005127,464.310333252,477.965759277,94595712
2025-06-25 02:00:00+00:00,477.901245117,478.418823242,473.470245361,473.639099121,8833952
2025-06-25 03:00:00+00:00,473.619445801,474.018096924,470.995025635,471.610168457,1272064
2025-06-25 04:00:00+00:00,471.68371582,474.007598877,471.68371582,473.669830322,7835392
2025-06-25 05:00:00+00:00,473.445617676,474.47265625,470.581573486,473.393585205,2121248
2025-06-25 06:00:00+00:00,473.382659912,480.152801514,473.382659912,479.032012939,18141696
2025-06-25 07:00:00+00:00,479.054077148,482.00668335,479.054077148,481.206207275,8061888
2025-06-25 08:00:00+00:00,481.47869873,482.238708496,477.681884766,479.185974121,8865728
2025-06-25 09:00:00+00:00,479.195739746,481.093414307,476.828521729,476.981292725,7748224
2025-06-25 10:00:00+00:00,476.968475342,480.230316162,476.803527832,479.403289795,0
2025-06-25 11:00:00+00:00,479.487823486,480.513519287,477.011474609,478.66506958,26579392
2025-06-25 12:00:00+00:00,478.707366943,481.732788086,478.150482178,478.16192627,14320320
2025-06-25 13:00:00+00:00,478.145843506,481.789611816,478.022674561,481.333648682,33848512
2025-06-25 14:00:00+00:00,481.125030518,482.041473389,476.9012146,481.427947998,18385920
2025-06-25 15:00:00+00:00,481.539703369,481.818389893,480.026641846,480.497497559,0
2025-06-25 16:00:00+00:00,480.674407959,485.027923584,480.674407959,482.901184082,2455872
2025-06-25 17:00:00+00:00,482.904815674,484.818054199,481.608673096,481.822601318,4154752
2025-06-25 18:00:00+00:00,481.847381592,482.574951172,480.672668457,482.064971924,9615616
2025-06-25 19:00:00+00:00,482.118835449,486.872375488,482.118835449,486.497009277,7202752
2025-06-25 20:00:00+00:00,486.566162109,489.129821777,485.981445312,488.211639404,8550080
2025-06-25 21:00:00+00:00,488.287109375,494.406311035,485.107543945,485.107543945,13920192
2025-06-25 22:00:00+00:00,484.810089111,486.003997803,483.10534668,483.10534668,6606144
2025-06-25 23:00:00+00:00,483.087463379,483.540100098,481.485046387,482.221252441,6782848
2025-06-26 00:00:00+00:00,482.314208984,487.130126953,482.314208984,484.867401123,0
2025-06-26 01:00:00+00:00,484.842529297,485.900695801,482.700042725,483.861877441,0
2025-06-26 02:00:00+00:00,483.886383057,485.107086182,482.649200439,485.089782715,0
2025-06-26 03:00:00+00:00,485.156005859,487.746795654,485.156005859,487.746795654,0
2025-06-26 04:00:00+00:00,488.234741211,494.313995361,488.234741211,494.313995361,16878016
2025-06-26 05:00:00+00:00,494.278533936,499.746459961,494.278533936,499.497894287,24700480
2025-06-26 06:00:00+00:00,499.476806641,503.074890137,499.074615479,499.316070557,2397760
2025-06-26 07:00:00+00:00,499.454833984,504.258026123,499.454833984,500.242034912,435200
2025-06-26 08:00:00+00:00,500.268554688,505.21987915,500.077423096,502.897094727,0
2025-06-26 09:00:00+00:00,502.892456055,502.892456055,496.610229492,497.035705566,0
2025-06-26 10:00:00+00:00,497.001373291,498.479675293,496.566070557,497.790130615,41216
2025-06-26 11:00:00+00:00,497.734924316,497.734924316,494.331298828,494.680084229,0
2025-06-26 12:00:00+00:00,494.621673584,496.803466797,494.479064941,495.314697266,0
2025-06-26 13:00:00+00:00,495.357971191,495.941650391,491.507415771,491.507415771,0
2025-06-26 14:00:00+00:00,491.593139648,494.339324951,490.802520752,492.667236328,0
2025-06-26 15:00:00+00:00,492.664245605,493.137664795,490.485076904,491.603973389,707456
2025-06-26 16:00:00+00:00,491.604156494,492.678527832,491.282806396,491.837768555,0
2025-06-26 17:00:00+00:00,491.83416748,493.684234619,491.83416748,492.790283203,0
2025-06-26 18:00:00+00:00,492.820922852,493.587005615,490.851287842,492.123199463,0
2025-06-26 19:00:00+00:00,492.348052979,493.475097656,491.390319824,492.197998047,0
2025-06-26 20:00:00+00:00,492.173339844,494.523681641,491.949188232,494.09463501,0
2025-06-26 21:00:00+00:00,494.109344482,494.481445312,489.304748535,489.373657227,0
2025-06-26 22:00:00+00:00,489.398193359,490.228729248,488.713287354,489.060119629,0
2025-06-26 23:00:00+00:00,489.12713623,489.737792969,488.353973389,489.632354736,0
2025-06-27 00:00:00+00:00,489.276611328,492.73135376,485.753631592,485.753631592,622528
2025-06-27 01:00:00+00:00,485.757843018,491.206054688,485.65411377,491.206054688,4995136
2025-06-27 02:00:00+00:00,491.205627441,492.914093018,491.205627441,492.212738037,0
2025-06-27 03:00:00+00:00,492.258636475,498.008056641,492.258636475,495.546539307,5371392
2025-06-27 04:00:00+00:00,495.582489014,495.980316162,495.047729492,495.069549561,0
2025-06-27 05:00:00+00:00,495.094512939,495.094512939,492.408569336,493.288665771,0
2025-06-27 06:00:00+00:00,493.295471191,497.754394531,493.295471191,497.701904297,0
2025-06-27 07:00:00+00:00,498.413818359,504.640472412,498.413818359,498.623840332,22840320
2025-06-27 08:00:00+00:00,498.589630127,499.382141113,497.5625,498.163085938,0
2025-06-27 09:00:00+00:00,498.134552002,498.300201416,496.929840088,497.152923584,0
2025-06-27 10:00:00+00:00,497.133026123,497.928497314,496.112426758,496.839141846,1113760
2025-06-27 11:00:00+00:00,496.833709717,497.403381348,495.126647949,495.395812988,0
2025-06-27 12:00:00+00:00,495.397827148,495.803253174,490.969329834,491.100006104,0
2025-06-27 13:00:00+00:00,491.12802124,491.838500977,490.444854736,491.032043457,0
2025-06-27 14:00:00+00:00,490.964019775,492.265350342,490.314483643,491.996002197,0
2025-06-27 15:00:00+00:00,492.04296875,500.49005127,492.04296875,499.744720459,5582464
2025-06-27 16:00:00+00:00,499.956512451,506.800872803,499.330871582,506.800872803,22213248
2025-06-27 17:00:00+00:00,507.049682617,507.822235107,502.407012939,502.83001709,9202752
2025-06-27 18:00:00+00:00,502.93637085,504.038299561,501.577545166,502.184692383,0
2025-06-27 19:00:00+00:00,502.171569824,504.212219238,501.783233643,502.050811768,0
2025-06-27 20:00:00+00:00,502.018249512,506.354370117,501.466674805,505.522094727,4566656
2025-06-27 21:00:00+00:00,505.587005615,506.158935547,503.208770752,504.255096436,4924448
2025-06-27 22:00:00+00:00,504.257537842,508.09274292,504.054962158,506.354431152,7640320
2025-06-27 23:00:00+00:00,506.347717285,506.39654541,504.721710205,505.187835693,0
2025-06-28 00:00:00+00:00,505.157897949,505.157897949,501.450012207,503.248413086,0
2025-06-28 01:00:00+00:00,503.128204346,503.437225342,501.793212891,502.525726318,0
2025-06-28 02:00:00+00:00,502.470275879,502.470275879,500.584197998,501.6769104,0
2025-06-28 03:00:00+00:00,501.663299561,502.399932861,500.884399414,501.568878174,0
2025-06-28 04:00:00+00:00,501.570739746,501.664733887,498.294769287,498.568450928,1016288
2025-06-28 05:00:00+00:00,498.562927246,500.29006958,498.562927246,499.861663818,0
2025-06-28 06:00:00+00:00,499.881469727,500.71673584,498.361480713,498.691436768,0
2025-06-28 07:00:00+00:00,498.460388184,498.72857666,497.325134277,497.478546143,0
2025-06-28 08:00:00+00:00,497.348297119,497.729187012,497.111450195,497.453186035,0
2025-06-28 09:00:00+00:00,497.443054199,499.055236816,497.141937256,497.187103271,0
2025-06-28 10:00:00+00:00,497.190185547,497.190185547,495.808654785,495.997039795,0
2025-06-28 11:00:00+00:00,496.021484375,496.021484375,494.956573486,495.184051514,0
2025-06-28 12:00:00+00:00,495.165771484,495.219299316,494.070556641,494.14553833,0
2025-06-28 13:00:00+00:00,494.154785156,494.369018555,492.143859863,492.245452881,0
2025-06-28 14:00:00+00:00,492.237091064,492.941833496,489.43762207,490.267059326,965280
2025-06-28 15:00:00+00:00,490.265319824,490.741699219,489.313873291,489.505310059,0
2025-06-28 16:00:00+00:00,489.459991455,491.472625732,487.524261475,490.593505859,0
2025-06-28 17:00:00+00:00,490.562316895,492.7421875,489.94909668,491.300872803,0
2025-06-28 18:00:00+00:00,491.281738281,491.281738281,488.960784912,489.813964844,0
2025-06-28 19:00:00+00:00,489.904754639,491.107025146,489.482757568,491.015716553,0
2025-06-28 20:00:00+00:00,491.010437012,492.389648438,490.827667236,492.194366455,0
2025-06-28 21:00:00+00:00,492.206665039,492.48449707,491.102081299,491.102081299,0
2025-06-28 22:00:00+00:00,491.085327148,492.552215576,490.927032471,492.312042236,0
2025-06-28 23:00:00+00:00,492.341552734,492.909210205,491.988189697,491.988189697,39936
2025-06-29 00:00:00+00:00,491.962188721,491.962188721,488.86907959,488.883666992,0
2025-06-29 01:00:00+00:00,488.892822266,492.807800293,488.892822266,492.422180176,279392
2025-06-29 02:00:00+00:00,492.453460693,494.750274658,492.253417969,492.867614746,1290560
2025-06-29 03:00:00+00:00,493.111206055,493.111206055,490.819061279,492.132080078,0
2025-06-29 04:00:00+00:00,492.125701904,492.287719727,490.466308594,492.080841064,0
2025-06-29 05:00:00+00:00,492.07623291,494.520141602,492.07623291,493.598388672,283584
2025-06-29 06:00:00+00:00,493.599243164,493.599243164,491.473968506,491.604827881,0
2025-06-29 07:00:00+00:00,491.568054199,491.568054199,489.363525391,489.560272217,0
2025-06-29 08:00:00+00:00,489.580291748,491.607086182,489.580291748,491.401306152,0
2025-06-29 09:00:00+00:00,491.402282715,493.322174072,491.23815918,493.322174072,552992
2025-06-29 10:00:00+00:00,493.316986084,495.598327637,493.316986084,493.802429199,7314112
2025-06-29 11:00:00+00:00,493.818145752,495.178619385,492.818145752,495.178619385,1071456
2025-06-29 12:00:00+00:00,495.202667236,495.438537598,492.960296631,493.047088623,692896
2025-06-29 13:00:00+00:00,493.046264648,493.046264648,490.280395508,490.62097168,0
2025-06-29 14:00:00+00:00,490.60458374,495.370849609,490.508239746,494.975463867,0
2025-06-29 15:00:00+00:00,494.954071045,494.954071045,490.712921143,490.720489502,1613056
2025-06-29 16:00:00+00:00,490.706298828,492.048278809,489.936096191,491.977294922,0
2025-06-29 17:00:00+00:00,491.968841553,492.214202881,490.390930176,490.795806885,0
2025-06-29 18:00:00+00:00,490.83883667,491.618225098,490.692779541,490.996673584,0
2025-06-29 19:00:00+00:00,490.739624023,490.739624023,489.671844482,489.81439209,0
2025-06-29 20:00:00+00:00,489.791442871,494.874176025,489.722442627,494.874176025,285088
2025-06-29 21:00:00+00:00,495.25289917,495.295135498,492.775299072,492.91494751,3428928
2025-06-29 22:00:00+00:00,492.907409668,506.10269165,492.678710938,505.999755859,37396384
2025-06-29 23:00:00+00:00,505.788208008,505.788208008,503.061523438,503.785125732,15395680
2025-06-30 00:00:00+00:00,504.204498291,504.204498291,499.675750732,499.675750732,7895072
2025-06-30 01:00:00+00:00,499.650695801,500.810913086,499.222900391,500.810913086,810624
2025-06-30 02:00:00+00:00,500.543487549,502.051971436,500.108428955,501.012268066,0
2025-06-30 03:00:00+00:00,500.972473145,503.511688232,500.894073486,501.564819336,0
2025-06-30 04:00:00+00:00,501.579498291,502.138763428,500.27935791,500.817718506,567104
2025-06-30 05:00:00+00:00,500.838775635,500.947387695,499.529602051,499.900512695,485216
2025-06-30 06:00:00+00:00,499.906311035,500.245239258,497.977355957,498.993408203,3291712
2025-06-30 07:00:00+00:00,498.993041992,499.692260742,498.159332275,498.685089111,0
2025-06-30 08:00:00+00:00,498.650543213,498.650543213,495.770324707,495.770324707,0
2025-06-30 09:00:00+00:00,495.390014648,495.390014648,489.18850708,489.18850708,5325024
2025-06-30 10:00:00+00:00,489.21383667,490.09362793,488.930969238,489.177124023,0
2025-06-30 11:00:00+00:00,489.173736572,490.918731689,489.173736572,490.073822021,6984960
2025-06-30 12:00:00+00:00,490.382537842,491.956420898,490.382537842,491.243621826,0
2025-06-30 13:00:00+00:00,491.082519531,503.508728027,490.455505371,501.736724854,31268960
2025-06-30 14:00:00+00:00,501.697357178,504.32522583,501.554199219,503.636932373,6534368
2025-06-30 15:00:00+00:00,503.684814453,517.391784668,503.684814453,513.824768066,51719104
2025-06-30 16:00:00+00:00,513.750671387,517.882141113,513.522033691,517.34753418,21611232
2025-06-30 17:00:00+00:00,517.450439453,520.108764648,517.450439453,518.568725586,16099296
2025-06-30 18:00:00+00:00,518.573364258,519.430053711,515.9921875,516.279296875,0
2025-06-30 19:00:00+00:00,516.39831543,517.774169922,516.39831543,517.063293457,6691904
2025-06-30 20:00:00+00:00,517.38494873,517.418518066,514.754211426,514.796875,0
2025-06-30 21:00:00+00:00,514.681884766,514.681884766,513.258972168,513.398803711,0
2025-06-30 22:00:00+00:00,513.145019531,513.145019531,503.280151367,504.208618164,0
2025-06-30 23:00:00+00:00,504.211791992,507.459350586,503.970245361,506.030944824,0
