timestamp,open,high,low,close,volume
2024-11-01 00:00:00+00:00,196.001998901,196.152999878,195.867996216,196.039993286,0
2024-11-01 01:00:00+00:00,196.029998779,196.335998535,195.945999146,196.169998169,0
2024-11-01 02:00:00+00:00,196.169998169,196.38999939,196.132003784,196.360992432,0
2024-11-01 03:00:00+00:00,196.36000061,196.606002808,196.274002075,196.593002319,0
2024-11-01 04:00:00+00:00,196.598007202,196.783996582,196.585006714,196.664993286,0
2024-11-01 05:00:00+00:00,196.664001465,196.777999878,196.550003052,196.60899353,0
2024-11-01 06:00:00+00:00,196.61000061,196.792007446,196.453994751,196.54699707,0
2024-11-01 07:00:00+00:00,196.54699707,196.800003052,196.300994873,196.757003784,0
2024-11-01 08:00:00+00:00,196.74899292,197.145996094,196.70199585,196.970993042,0
2024-11-01 09:00:00+00:00,196.964996338,197.36000061,196.932006836,197.220993042,0
2024-11-01 10:00:00+00:00,197.225997925,197.337997437,197.11000061,197.149002075,0
2024-11-01 11:00:00+00:00,197.149002075,197.328994751,197.009002686,197.24899292,0
2024-11-01 12:00:00+00:00,197.253005981,197.49899292,196.74899292,196.942993164,0
2024-11-01 13:00:00+00:00,196.93800354,197.899002075,196.858001709,197.580993652,0
2024-11-01 14:00:00+00:00,197.580993652,198.313995361,197.455993652,198.255996704,0
2024-11-01 15:00:00+00:00,198.248001099,198.37600708,198.035003662,198.195999146,0
2024-11-01 16:00:00+00:00,198.197998047,198.259002686,197.925994873,198.089996338,0
2024-11-01 17:00:00+00:00,198.089996338,198.128005981,197.656997681,197.67300415,0
2024-11-01 18:00:00+00:00,197.67300415,197.764007568,197.570999146,197.716995239,0
2024-11-01 19:00:00+00:00,197.716995239,197.809005737,197.617996216,197.63999939,0
2024-11-01 20:00:00+00:00,197.636993408,197.759994507,197.509994507,197.602996826,0
2024-11-01 21:00:00+00:00,197.664993286,197.776992798,197.664993286,197.776992798,0
2024-11-04 00:00:00+00:00,197.244003296,197.270004272,197.009002686,197.104003906,0
2024-11-04 01:00:00+00:00,197.104003906,197.190002441,196.869995117,196.938995361,0
2024-11-04 02:00:00+00:00,196.936004639,197.179000854,196.908004761,197.054992676,0
2024-11-04 03:00:00+00:00,197.050994873,197.175994873,196.934005737,197.152999878,0
2024-11-04 04:00:00+00:00,197.154006958,197.259994507,197.085006714,197.190002441,0
2024-11-04 05:00:00+00:00,197.190994263,197.356002808,197.173995972,197.294006348,0
2024-11-04 06:00:00+00:00,197.296005249,197.619995117,197.240997314,197.61000061,0
2024-11-04 07:00:00+00:00,197.60899353,197.729003906,197.348999023,197.367004395,0
2024-11-04 08:00:00+00:00,197.365005493,197.494003296,196.990005493,197.145004272,0
2024-11-04 09:00:00+00:00,197.14100647,197.179992676,196.777999878,197.013000488,0
2024-11-04 10:00:00+00:00,197.014007568,197.18699646,196.716995239,196.781997681,0
2024-11-04 11:00:00+00:00,196.774002075,196.789993286,196.488006592,196.667007446,0
2024-11-04 12:00:00+00:00,196.664993286,196.893997192,196.567993164,196.880996704,0
2024-11-04 13:00:00+00:00,196.882003784,197.17199707,196.832992554,196.919998169,0
2024-11-04 14:00:00+00:00,196.914001465,197.179000854,196.677993774,197.005004883,0
2024-11-04 15:00:00+00:00,196.990997314,197.477996826,196.975006104,197.289993286,0
2024-11-04 16:00:00+00:00,197.287002563,197.324996948,196.621002197,196.731994629,0
2024-11-04 17:00:00+00:00,196.733001709,197.050994873,196.632003784,196.949996948,0
2024-11-04 18:00:00+00:00,196.942001343,197.147994995,196.865997314,196.986999512,0
2024-11-04 19:00:00+00:00,196.988006592,197.151992798,196.981002808,197.089996338,0
2024-11-04 20:00:00+00:00,197.078994751,197.117004395,197.018005371,197.072998047,0
2024-11-04 21:00:00+00:00,197.070999146,197.162002563,197.050003052,197.095993042,0
2024-11-04 22:00:00+00:00,197.093002319,197.199996948,196.947006226,197.054000854,0
2024-11-04 23:00:00+00:00,197.067993164,197.231002808,197.003997803,197.220993042,0
2024-11-05 00:00:00+00:00,197.255004883,197.401000977,196.996002197,197.274993896,0
2024-11-05 01:00:00+00:00,197.266998291,197.457000732,197.171005249,197.279006958,0
2024-11-05 02:00:00+00:00,197.268005371,197.341003418,197.18699646,197.276992798,0
2024-11-05 03:00:00+00:00,197.268005371,197.460998535,197.251998901,197.386993408,0
2024-11-05 04:00:00+00:00,197.384002686,197.628005981,197.378005981,197.531005859,0
2024-11-05 05:00:00+00:00,197.522994995,197.701004028,197.458999634,197.544006348,0
2024-11-05 06:00:00+00:00,197.542999268,197.585006714,197.320007324,197.537994385,0
2024-11-05 07:00:00+00:00,197.533004761,197.64100647,197.496994019,197.595001221,0
2024-11-05 08:00:00+00:00,197.595001221,197.720001221,197.524002075,197.554000854,0
2024-11-05 09:00:00+00:00,197.554000854,197.656997681,197.393997192,197.567993164,0
2024-11-05 10:00:00+00:00,197.569000244,197.692993164,197.477996826,197.656005859,0
2024-11-05 11:00:00+00:00,197.662994385,197.757995605,197.591995239,197.664001465,0
2024-11-05 12:00:00+00:00,197.664993286,197.843002319,197.5,197.768997192,0
2024-11-05 13:00:00+00:00,197.770004272,197.770004272,197.26600647,197.39100647,0
2024-11-05 14:00:00+00:00,197.391998291,197.712997437,197.332000732,197.520996094,0
2024-11-05 15:00:00+00:00,197.473007202,197.815002441,197.371994019,197.688995361,0
2024-11-05 16:00:00+00:00,197.677993774,197.875,197.587005615,197.763000488,0
2024-11-05 17:00:00+00:00,197.763000488,197.768005371,197.494995117,197.686004639,0
2024-11-05 18:00:00+00:00,197.684997559,197.710006714,197.283004761,197.399993896,0
2024-11-05 19:00:00+00:00,197.397994995,197.503997803,197.097000122,197.199005127,0
2024-11-05 20:00:00+00:00,197.20300293,197.414993286,197.13999939,197.401000977,0
2024-11-05 21:00:00+00:00,197.402999878,197.768005371,197.343002319,197.716003418,0
2024-11-05 22:00:00+00:00,197.699005127,197.722000122,197.354995728,197.5,0
2024-11-05 23:00:00+00:00,197.477005005,197.863998413,197.460006714,197.503997803,0
2024-11-06 00:00:00+00:00,197.503005981,198.236999512,197.320007324,198.151000977,0
2024-11-06 01:00:00+00:00,198.151000977,198.375,198.024993896,198.289001465,0
2024-11-06 02:00:00+00:00,198.279998779,199.052001953,198.192001343,198.815002441,0
2024-11-06 03:00:00+00:00,198.815002441,199.04699707,198.223007202,198.397003174,0
2024-11-06 04:00:00+00:00,198.386993408,198.537994385,198.123001099,198.26499939,0
2024-11-06 05:00:00+00:00,198.257995605,198.277999878,197.880996704,198.139007568,0
2024-11-06 06:00:00+00:00,198.14100647,198.434997559,197.863998413,198.138000488,0
2024-11-06 07:00:00+00:00,198.139007568,198.352996826,197.858001709,198.054992676,0
2024-11-06 08:00:00+00:00,198.052993774,198.878997803,198.027999878,198.815994263,0
2024-11-06 09:00:00+00:00,198.817993164,198.899002075,198.442001343,198.662994385,0
2024-11-06 10:00:00+00:00,198.662994385,198.822998047,198.475006104,198.486999512,0
2024-11-06 11:00:00+00:00,198.494003296,198.54800415,198.151000977,198.263000488,0
2024-11-06 12:00:00+00:00,198.261001587,198.561004639,198.205993652,198.464996338,0
2024-11-06 13:00:00+00:00,198.466995239,198.565994263,198.147003174,198.494995117,0
2024-11-06 14:00:00+00:00,198.503005981,198.608001709,198.188995361,198.371994019,0
2024-11-06 15:00:00+00:00,198.369003296,198.957000732,198.259002686,198.955001831,0
2024-11-06 16:00:00+00:00,198.955001831,199.395996094,198.720001221,199.339004517,0
2024-11-06 17:00:00+00:00,199.347000122,199.522003174,199.214004517,199.354003906,0
2024-11-06 18:00:00+00:00,199.350006104,199.50100708,199.242996216,199.302001953,0
2024-11-06 19:00:00+00:00,199.300994873,199.319000244,198.998001099,199.072998047,0
2024-11-06 20:00:00+00:00,199.078994751,199.261001587,199.070007324,199.179992676,0
2024-11-06 21:00:00+00:00,199.180999756,199.274002075,199.123001099,199.126998901,0
2024-11-06 22:00:00+00:00,199.087997437,199.162002563,198.921005249,198.949996948,0
2024-11-06 23:00:00+00:00,198.945999146,199.016998291,198.68699646,198.785003662,0
2024-11-07 00:00:00+00:00,198.779998779,199.305999756,198.75,199.098999023,0
2024-11-07 01:00:00+00:00,199.095993042,199.276992798,198.921005249,199.151000977,0
2024-11-07 02:00:00+00:00,199.145996094,199.447998047,198.988006592,199.397003174,0
2024-11-07 03:00:00+00:00,199.393005371,199.557998657,199.339996338,199.406997681,0
2024-11-07 04:00:00+00:00,199.412994385,199.468002319,198.95199585,199.190002441,0
2024-11-07 05:00:00+00:00,199.197006226,199.419998169,199.113006592,199.134994507,0
2024-11-07 06:00:00+00:00,199.134002686,199.365005493,199.06300354,199.069000244,0
2024-11-07 07:00:00+00:00,199.061004639,199.156005859,198.88999939,199.117004395,0
2024-11-07 08:00:00+00:00,199.12600708,199.240005493,198.966003418,199.132995605,0
2024-11-07 09:00:00+00:00,199.132995605,199.156005859,198.690994263,198.699005127,0
2024-11-07 10:00:00+00:00,198.70199585,198.837005615,198.569000244,198.75100708,0
2024-11-07 11:00:00+00:00,198.746994019,198.87600708,198.68800354,198.805999756,0
2024-11-07 12:00:00+00:00,198.805999756,199.37600708,198.658004761,199.214996338,0
2024-11-07 13:00:00+00:00,199.205001831,199.376998901,198.990997314,199.121002197,0
2024-11-07 14:00:00+00:00,199.121002197,199.225006104,198.901992798,199.06199646,0
2024-11-07 15:00:00+00:00,199.057006836,199.108001709,198.606002808,198.781997681,0
2024-11-07 16:00:00+00:00,198.781005859,198.944000244,198.611999512,198.830993652,0
2024-11-07 17:00:00+00:00,198.819000244,198.841003418,198.654998779,198.757003784,0
2024-11-07 18:00:00+00:00,198.753997803,198.770004272,198.337005615,198.442001343,0
2024-11-07 19:00:00+00:00,198.38999939,198.74899292,198.294006348,198.464004517,0
2024-11-07 20:00:00+00:00,198.458999634,198.669998169,198.315002441,198.432006836,0
2024-11-07 21:00:00+00:00,198.434005737,198.634002686,198.333999634,198.572006226,0
2024-11-07 22:00:00+00:00,198.583999634,198.652999878,198.464004517,198.585998535,0
2024-11-07 23:00:00+00:00,198.619003296,198.884002686,198.554992676,198.845001221,0
2024-11-08 00:00:00+00:00,198.856994629,198.919006348,198.542007446,198.723999023,0
2024-11-08 01:00:00+00:00,198.725006104,198.876998901,198.54800415,198.604003906,0
2024-11-08 02:00:00+00:00,198.606002808,198.630004883,198.419998169,198.526992798,0
2024-11-08 03:00:00+00:00,198.522994995,198.54800415,198.069000244,198.10899353,0
2024-11-08 04:00:00+00:00,198.104003906,198.113998413,197.820999146,198.052001953,0
2024-11-08 05:00:00+00:00,198.057998657,198.332992554,198.031997681,198.182006836,0
2024-11-08 06:00:00+00:00,198.173995972,198.304992676,197.998001099,198.115997314,0
2024-11-08 07:00:00+00:00,198.115005493,198.317001343,197.86000061,197.895004272,0
2024-11-08 08:00:00+00:00,197.895996094,197.942001343,197.289001465,197.391998291,0
2024-11-08 09:00:00+00:00,197.388000488,197.667007446,197.309005737,197.354003906,0
2024-11-08 10:00:00+00:00,197.352996826,197.473999023,197.10899353,197.251998901,0
2024-11-08 11:00:00+00:00,197.251998901,197.710006714,197.223007202,197.654998779,0
2024-11-08 12:00:00+00:00,197.654998779,197.699996948,197.222000122,197.23500061,0
2024-11-08 13:00:00+00:00,197.235992432,197.677993774,197.158996582,197.662002563,0
2024-11-08 14:00:00+00:00,197.667999268,197.824005127,197.337005615,197.561004639,0
2024-11-08 15:00:00+00:00,197.526000977,197.63999939,197.039001465,197.205993652,0
2024-11-08 16:00:00+00:00,197.199005127,197.361999512,196.841003418,196.876998901,0
2024-11-08 17:00:00+00:00,196.875,196.998001099,196.731002808,196.871002197,0
2024-11-08 18:00:00+00:00,196.884002686,197.141998291,196.87399292,197.059997559,0
2024-11-08 19:00:00+00:00,197.052993774,197.235992432,197.031997681,197.132995605,0
2024-11-08 20:00:00+00:00,197.138000488,197.236999512,197.033004761,197.044998169,0
2024-11-08 21:00:00+00:00,197.057006836,197.220001221,196.994995117,197.158004761,0
2024-11-08 22:00:00+00:00,197.173995972,197.251998901,197.173995972,197.251998901,0
2024-11-11 00:00:00+00:00,197.479003906,197.766998291,197.427001953,197.764007568,0
2024-11-11 01:00:00+00:00,197.763000488,197.932998657,197.716003418,197.92199707,0
2024-11-11 02:00:00+00:00,197.923995972,198.188995361,197.830993652,198.141998291,0
2024-11-11 03:00:00+00:00,198.14100647,198.197006226,198.054992676,198.164001465,0
2024-11-11 04:00:00+00:00,198.154998779,198.31199646,198.054992676,198.289993286,0
2024-11-11 05:00:00+00:00,198.298995972,198.425003052,198.194000244,198.279006958,0
2024-11-11 06:00:00+00:00,198.281005859,198.320007324,198.12600708,198.151992798,0
2024-11-11 07:00:00+00:00,198.145004272,198.231994629,197.833999634,198.113998413,0
2024-11-11 08:00:00+00:00,198.110992432,198.462005615,198.074996948,198.337005615,0
2024-11-11 09:00:00+00:00,198.343002319,198.429992676,197.919998169,198.171005249,0
2024-11-11 10:00:00+00:00,198.17199707,198.36000061,197.98500061,198.003005981,0
2024-11-11 11:00:00+00:00,197.99899292,198.167007446,197.921005249,198.117996216,0
2024-11-11 12:00:00+00:00,198.11000061,198.244003296,198.009994507,198.098999023,0
2024-11-11 13:00:00+00:00,198.102996826,198.182006836,197.841003418,197.845993042,0
2024-11-11 14:00:00+00:00,197.850997925,198.052001953,197.720001221,197.951004028,0
2024-11-11 15:00:00+00:00,197.949005127,198.098007202,197.867996216,197.99899292,0
2024-11-11 16:00:00+00:00,198.001998901,198.070999146,197.904006958,197.962997437,0
2024-11-11 17:00:00+00:00,197.970993042,198.07699585,197.886001587,197.947006226,0
2024-11-11 18:00:00+00:00,197.947998047,197.947998047,197.699996948,197.873001099,0
2024-11-11 19:00:00+00:00,197.867004395,197.882995605,197.742996216,197.770004272,0
2024-11-11 20:00:00+00:00,197.770996094,197.822006226,197.656005859,197.684997559,0
2024-11-11 21:00:00+00:00,197.68699646,197.865005493,197.658996582,197.766998291,0
2024-11-11 22:00:00+00:00,197.776000977,197.882003784,197.658996582,197.815994263,0
2024-11-11 23:00:00+00:00,197.819000244,197.850997925,197.548995972,197.565002441,0
2024-11-12 00:00:00+00:00,197.628997803,197.914001465,197.552993774,197.847000122,0
2024-11-12 01:00:00+00:00,197.845993042,198.059005737,197.81199646,198.011993408,0
2024-11-12 02:00:00+00:00,198.01600647,198.016998291,197.580993652,197.647994995,0
2024-11-12 03:00:00+00:00,197.649002075,197.654998779,197.307998657,197.322006226,0
2024-11-12 04:00:00+00:00,197.317993164,197.319000244,197.07699585,197.160995483,0
2024-11-12 05:00:00+00:00,197.156005859,197.164001465,196.945007324,197.132003784,0
2024-11-12 06:00:00+00:00,197.132995605,197.25,197.050994873,197.205993652,0
2024-11-12 07:00:00+00:00,197.192001343,197.300994873,196.92300415,197.104995728,0
2024-11-12 08:00:00+00:00,197.100997925,197.423995972,196.878005981,197.419006348,0
2024-11-12 09:00:00+00:00,197.417999268,197.634002686,197.231002808,197.613006592,0
2024-11-12 10:00:00+00:00,197.610992432,197.643997192,197.292007446,197.464004517,0
2024-11-12 11:00:00+00:00,197.462997437,197.64100647,197.393997192,197.533004761,0
2024-11-12 12:00:00+00:00,197.533004761,197.76499939,197.393005371,197.533004761,0
2024-11-12 13:00:00+00:00,197.531005859,197.792999268,197.481002808,197.757003784,0
2024-11-12 14:00:00+00:00,197.757003784,197.826004028,197.343994141,197.490997314,0
2024-11-12 15:00:00+00:00,197.494003296,197.505004883,197.01600647,197.207000732,0
2024-11-12 16:00:00+00:00,197.205993652,197.25100708,196.929992676,197.01600647,0
2024-11-12 17:00:00+00:00,197.024002075,197.208999634,196.95300293,197.082992554,0
2024-11-12 18:00:00+00:00,197.082992554,197.246002197,197.067001343,197.184005737,0
2024-11-12 19:00:00+00:00,197.175994873,197.223007202,197.067993164,197.091995239,0
2024-11-12 20:00:00+00:00,197.091995239,197.167007446,196.977996826,197.014007568,0
2024-11-12 21:00:00+00:00,197.014007568,197.194000244,196.973007202,197.063995361,0
2024-11-12 22:00:00+00:00,197.054000854,197.207000732,196.932006836,196.964004517,0
2024-11-12 23:00:00+00:00,196.962997437,197.035003662,196.845001221,196.981994629,0
2024-11-13 00:00:00+00:00,196.977996826,197.335998535,196.968994141,197.31300354,0
2024-11-13 01:00:00+00:00,197.315002441,197.438995361,197.083999634,197.119003296,0
2024-11-13 02:00:00+00:00,197.119995117,197.343994141,197.018997192,197.335998535,0
2024-11-13 03:00:00+00:00,197.335998535,197.393005371,197.231002808,197.281005859,0
2024-11-13 04:00:00+00:00,197.279998779,197.386993408,197.184005737,197.356994629,0
2024-11-13 05:00:00+00:00,197.350006104,197.449996948,197.201004028,197.408996582,0
2024-11-13 06:00:00+00:00,197.408996582,197.623001099,197.397003174,197.563995361,0
2024-11-13 07:00:00+00:00,197.559005737,197.62600708,197.289993286,197.548995972,0
2024-11-13 08:00:00+00:00,197.539001465,197.718994141,197.475006104,197.559997559,0
2024-11-13 09:00:00+00:00,197.561004639,197.645004272,197.371002197,197.509994507,0
2024-11-13 10:00:00+00:00,197.505004883,197.574005127,197.311004639,197.462005615,0
2024-11-13 11:00:00+00:00,197.460006714,197.550003052,197.333999634,197.462005615,0
2024-11-13 12:00:00+00:00,197.455001831,197.526992798,197.337997437,197.449996948,0
2024-11-13 13:00:00+00:00,197.447006226,197.572998047,196.914001465,197.057998657,0
2024-11-13 14:00:00+00:00,197.067993164,197.089004517,196.652999878,196.779006958,0
2024-11-13 15:00:00+00:00,196.779006958,197.231002808,196.647994995,197.20199585,0
2024-11-13 16:00:00+00:00,197.199996948,197.455993652,197.151992798,197.32800293,0
2024-11-13 17:00:00+00:00,197.335998535,197.60899353,197.309997559,197.529006958,0
2024-11-13 18:00:00+00:00,197.527999878,197.692001343,197.449996948,197.682006836,0
2024-11-13 19:00:00+00:00,197.680999756,197.81300354,197.552001953,197.60899353,0
2024-11-13 20:00:00+00:00,197.617004395,197.712005615,197.570999146,197.656005859,0
2024-11-13 21:00:00+00:00,197.656005859,197.725997925,197.445999146,197.524993896,0
2024-11-13 22:00:00+00:00,197.51499939,197.677993774,197.251998901,197.475006104,0
2024-11-13 23:00:00+00:00,197.470001221,197.610992432,197.37399292,197.492996216,0
2024-11-14 00:00:00+00:00,197.488006592,197.940002441,197.475997925,197.847000122,0
2024-11-14 01:00:00+00:00,197.848007202,197.988998413,197.744003296,197.856002808,0
2024-11-14 02:00:00+00:00,197.852996826,197.973007202,197.768005371,197.878997803,0
2024-11-14 03:00:00+00:00,197.888000488,197.88999939,197.675994873,197.79699707,0
2024-11-14 04:00:00+00:00,197.794998169,197.988006592,197.74899292,197.917999268,0
2024-11-14 05:00:00+00:00,197.92300415,197.966003418,197.774993896,197.942993164,0
2024-11-14 06:00:00+00:00,197.947998047,197.975997925,197.73399353,197.785003662,0
2024-11-14 07:00:00+00:00,197.789001465,197.835006714,197.619003296,197.703994751,0
2024-11-14 08:00:00+00:00,197.703994751,197.794006348,197.432006836,197.574005127,0
2024-11-14 09:00:00+00:00,197.570999146,197.697998047,197.477005005,197.574996948,0
2024-11-14 10:00:00+00:00,197.57800293,197.621002197,197.281997681,197.285003662,0
2024-11-14 11:00:00+00:00,197.283996582,197.391998291,197.069000244,197.369003296,0
2024-11-14 12:00:00+00:00,197.37399292,197.593002319,197.218994141,197.56199646,0
2024-11-14 13:00:00+00:00,197.565994263,197.64100647,197.391998291,197.481994629,0
2024-11-14 14:00:00+00:00,197.468002319,197.820999146,197.434005737,197.716003418,0
2024-11-14 15:00:00+00:00,197.714996338,198.242004395,197.649002075,198.175994873,0
2024-11-14 16:00:00+00:00,198.177001953,198.218002319,197.977005005,198.158996582,0
2024-11-14 17:00:00+00:00,198.156997681,198.223999023,197.753005981,197.843994141,0
2024-11-14 18:00:00+00:00,197.837997437,197.908004761,197.725997925,197.76499939,0
2024-11-14 19:00:00+00:00,197.761993408,197.888000488,197.727996826,197.817001343,0
2024-11-14 20:00:00+00:00,197.817001343,197.979003906,197.690994263,197.81199646,0
2024-11-14 21:00:00+00:00,197.817001343,198.007003784,197.768005371,197.895996094,0
2024-11-14 22:00:00+00:00,197.895996094,197.964996338,197.742996216,197.87600708,0
2024-11-14 23:00:00+00:00,197.897994995,198.236999512,197.839004517,198.203994751,0
2024-11-15 00:00:00+00:00,198.20199585,198.445007324,198.136993408,198.317993164,0
2024-11-15 01:00:00+00:00,198.317001343,198.335006714,198.007995605,198.26499939,0
2024-11-15 02:00:00+00:00,198.264007568,198.341995239,198.093002319,198.233001709,0
2024-11-15 03:00:00+00:00,198.231994629,198.384994507,198.14100647,198.369003296,0
2024-11-15 04:00:00+00:00,198.371994019,198.417999268,198.108001709,198.207992554,0
2024-11-15 05:00:00+00:00,198.218994141,198.309997559,198.13999939,198.304992676,0
2024-11-15 06:00:00+00:00,198.304992676,198.365005493,197.908004761,197.966003418,0
2024-11-15 07:00:00+00:00,197.970993042,198.057006836,197.309997559,197.309997559,0
2024-11-15 08:00:00+00:00,197.311004639,197.337997437,196.733001709,196.925994873,0
2024-11-15 09:00:00+00:00,196.923995972,197.23399353,196.455001831,196.569000244,0
2024-11-15 10:00:00+00:00,196.567001343,196.925994873,196.477996826,196.848007202,0
2024-11-15 11:00:00+00:00,196.847000122,197.373001099,196.707992554,197.313995361,0
2024-11-15 12:00:00+00:00,197.317993164,197.345993042,196.957992554,196.996994019,0
2024-11-15 13:00:00+00:00,196.986999512,197.013000488,196.472000122,196.494995117,0
2024-11-15 14:00:00+00:00,196.485992432,196.820999146,196.210006714,196.541000366,0
2024-11-15 15:00:00+00:00,196.537994385,196.576004028,195.440994263,195.67199707,0
2024-11-15 16:00:00+00:00,195.67300415,195.757003784,195.044998169,195.210006714,0
2024-11-15 17:00:00+00:00,195.210006714,195.300994873,194.669998169,194.809005737,0
2024-11-15 18:00:00+00:00,194.807998657,194.830001831,194.285003662,194.401000977,0
2024-11-15 19:00:00+00:00,194.414001465,194.76600647,194.371994019,194.48399353,0
2024-11-15 20:00:00+00:00,194.492004395,194.574005127,194.382003784,194.509002686,0
2024-11-15 21:00:00+00:00,194.507003784,194.87600708,194.492004395,194.764007568,0
2024-11-15 22:00:00+00:00,194.764007568,194.777999878,194.764007568,194.777999878,0
2024-11-18 00:00:00+00:00,195.141998291,195.154998779,194.352005005,194.972000122,0
2024-11-18 01:00:00+00:00,194.973999023,195.98399353,194.757995605,195.32800293,0
2024-11-18 02:00:00+00:00,195.32699585,195.712997437,195.309005737,195.494995117,0
2024-11-18 03:00:00+00:00,195.496002197,195.598999023,195.216003418,195.248001099,0
2024-11-18 04:00:00+00:00,195.242996216,195.367996216,194.998001099,195.367004395,0
2024-11-18 05:00:00+00:00,195.367996216,195.453994751,195.050003052,195.25100708,0
2024-11-18 06:00:00+00:00,195.25100708,195.371002197,195.00100708,195.369003296,0
2024-11-18 07:00:00+00:00,195.367996216,195.486999512,195.020996094,195.151000977,0
2024-11-18 08:00:00+00:00,195.156997681,195.537994385,195.074005127,195.529998779,0
2024-11-18 09:00:00+00:00,195.527999878,195.54800415,195.158996582,195.473999023,0
2024-11-18 10:00:00+00:00,195.473999023,195.759994507,195.419006348,195.757003784,0
2024-11-18 11:00:00+00:00,195.753005981,195.804000854,195.526992798,195.658004761,0
2024-11-18 12:00:00+00:00,195.649993896,196.07699585,195.625,196.022003174,0
2024-11-18 13:00:00+00:00,196.031005859,196.141998291,195.544006348,195.563995361,0
2024-11-18 14:00:00+00:00,195.567993164,195.677993774,195.32800293,195.526992798,0
2024-11-18 15:00:00+00:00,195.531005859,195.934005737,195.490005493,195.897994995,0
2024-11-18 16:00:00+00:00,195.897003174,196.149002075,195.841003418,195.988998413,0
2024-11-18 17:00:00+00:00,195.988006592,196.102005005,195.867004395,195.929992676,0
2024-11-18 18:00:00+00:00,195.934005737,196.091995239,195.919006348,196.072998047,0
2024-11-18 19:00:00+00:00,196.074005127,196.147994995,195.912994385,196.070007324,0
2024-11-18 20:00:00+00:00,196.072998047,196.091003418,195.934005737,195.957000732,0
2024-11-18 21:00:00+00:00,195.951004028,196.111999512,195.906997681,196.065994263,0
2024-11-18 22:00:00+00:00,196.039001465,196.136993408,195.873001099,196.042007446,0
2024-11-18 23:00:00+00:00,196.026992798,196.082000732,195.740997314,196.020004272,0
2024-11-19 00:00:00+00:00,196.022994995,196.026992798,195.485992432,195.561004639,0
2024-11-19 01:00:00+00:00,195.569000244,195.580993652,195.212997437,195.365005493,0
2024-11-19 02:00:00+00:00,195.363998413,195.490997314,195.205993652,195.421005249,0
2024-11-19 03:00:00+00:00,195.425003052,195.578994751,195.220001221,195.569000244,0
2024-11-19 04:00:00+00:00,195.570007324,195.820999146,195.526992798,195.707992554,0
2024-11-19 05:00:00+00:00,195.716003418,195.755004883,195.505996704,195.639007568,0
2024-11-19 06:00:00+00:00,195.639007568,195.916000366,195.569000244,195.867996216,0
2024-11-19 07:00:00+00:00,195.867996216,196,195.716003418,195.830001831,0
2024-11-19 08:00:00+00:00,195.835998535,195.878005981,193.95199585,194.567993164,0
2024-11-19 09:00:00+00:00,194.569000244,194.992996216,193.557006836,194.156005859,0
2024-11-19 10:00:00+00:00,194.156005859,194.427001953,193.917007446,194.298995972,0
2024-11-19 11:00:00+00:00,194.304992676,194.792007446,194.128997803,194.692001343,0
2024-11-19 12:00:00+00:00,194.67300415,194.888000488,194.54699707,194.686004639,0
2024-11-19 13:00:00+00:00,194.688995361,194.79699707,193.82800293,193.916000366,0
2024-11-19 14:00:00+00:00,193.925003052,194.996002197,193.85899353,194.703994751,0
2024-11-19 15:00:00+00:00,194.70300293,195.171005249,194.552001953,194.973007202,0
2024-11-19 16:00:00+00:00,194.983001709,195.671005249,194.919006348,195.492004395,0
2024-11-19 17:00:00+00:00,195.496002197,196.110992432,195.440002441,196.046005249,0
2024-11-19 18:00:00+00:00,196.048995972,196.085006714,195.878997803,195.975997925,0
2024-11-19 19:00:00+00:00,195.979003906,196.102996826,195.957000732,196.087997437,0
2024-11-19 20:00:00+00:00,196.087005615,196.20300293,196.044998169,196.104003906,0
2024-11-19 21:00:00+00:00,196.104003906,196.214996338,196.076004028,196.108001709,0
2024-11-19 22:00:00+00:00,196.039993286,196.184005737,195.871002197,195.962005615,0
2024-11-19 23:00:00+00:00,195.960998535,196.412002563,195.901992798,196.39100647,0
2024-11-20 00:00:00+00:00,196.39100647,196.619995117,196.223999023,196.535003662,0
2024-11-20 01:00:00+00:00,196.542999268,196.625,196.283996582,196.401992798,0
2024-11-20 02:00:00+00:00,196.391998291,196.604995728,196.335006714,196.507003784,0
2024-11-20 03:00:00+00:00,196.507003784,196.56300354,196.440994263,196.511993408,0
2024-11-20 04:00:00+00:00,196.505004883,196.757003784,196.485992432,196.718002319,0
2024-11-20 05:00:00+00:00,196.718994141,196.841003418,196.647994995,196.835006714,0
2024-11-20 06:00:00+00:00,196.839996338,197.25,196.781005859,197.065994263,0
2024-11-20 07:00:00+00:00,197.074005127,197.783004761,196.856994629,197.604995728,0
2024-11-20 08:00:00+00:00,197.61000061,197.694000244,197.251998901,197.281005859,0
2024-11-20 09:00:00+00:00,197.279998779,197.595993042,197.188995361,197.328994751,0
2024-11-20 10:00:00+00:00,197.326004028,197.37600708,197.158996582,197.177001953,0
2024-11-20 11:00:00+00:00,197.171005249,197.328994751,197.063995361,197.324005127,0
2024-11-20 12:00:00+00:00,197.32800293,197.48500061,197.203994751,197.207000732,0
2024-11-20 13:00:00+00:00,197.208999634,197.401992798,197.134994507,197.369995117,0
2024-11-20 14:00:00+00:00,197.365997314,197.382995605,196.444000244,196.714004517,0
2024-11-20 15:00:00+00:00,196.705993652,196.886993408,196.197006226,196.792999268,0
2024-11-20 16:00:00+00:00,196.792999268,196.93800354,196.113998413,196.356994629,0
2024-11-20 17:00:00+00:00,196.358001709,196.593994141,196.188995361,196.414001465,0
2024-11-20 18:00:00+00:00,196.414993286,196.582992554,196.345993042,196.488998413,0
2024-11-20 19:00:00+00:00,196.490005493,196.531005859,196.341995239,196.501998901,0
2024-11-20 20:00:00+00:00,196.494003296,196.662994385,196.475997925,196.613998413,0
2024-11-20 21:00:00+00:00,196.613998413,196.718994141,196.513000488,196.527999878,0
2024-11-20 22:00:00+00:00,196.518005371,196.673995972,196.419998169,196.511993408,0
2024-11-20 23:00:00+00:00,196.501998901,196.563995361,196.386001587,196.514007568,0
2024-11-21 00:00:00+00:00,196.49899292,196.544998169,196.044006348,196.242004395,0
2024-11-21 01:00:00+00:00,196.240997314,196.285003662,196.014007568,196.199996948,0
2024-11-21 02:00:00+00:00,196.20199585,196.285003662,195.957992554,196.098007202,0
2024-11-21 03:00:00+00:00,196.093994141,196.195999146,196.011993408,196.115005493,0
2024-11-21 04:00:00+00:00,196.111999512,196.257995605,196.046005249,196.218002319,0
2024-11-21 05:00:00+00:00,196.218002319,196.419998169,196.169006348,196.309005737,0
2024-11-21 06:00:00+00:00,196.307998657,196.311004639,195.574005127,195.81199646,0
2024-11-21 07:00:00+00:00,195.809997559,196.037994385,195.417999268,195.925994873,0
2024-11-21 08:00:00+00:00,195.927993774,196.111999512,195.115005493,195.214996338,0
2024-11-21 09:00:00+00:00,195.225006104,195.225006104,194.524002075,195.033004761,0
2024-11-21 10:00:00+00:00,195.039993286,195.108001709,194.716995239,195.033996582,0
2024-11-21 11:00:00+00:00,195.029998779,195.427001953,194.988998413,195.292999268,0
2024-11-21 12:00:00+00:00,195.294998169,195.535003662,195.050003052,195.205993652,0
2024-11-21 13:00:00+00:00,195.207000732,195.43800354,194.901000977,195.080001831,0
2024-11-21 14:00:00+00:00,195.080993652,195.294998169,194.363998413,194.720993042,0
2024-11-21 15:00:00+00:00,194.727005005,194.996994019,194.529006958,194.710006714,0
2024-11-21 16:00:00+00:00,194.710998535,194.880004883,194.552993774,194.643005371,0
2024-11-21 17:00:00+00:00,194.636993408,194.70300293,194.417007446,194.595001221,0
2024-11-21 18:00:00+00:00,194.593994141,194.949005127,194.587997437,194.753005981,0
2024-11-21 19:00:00+00:00,194.753005981,194.791000366,194.613006592,194.697006226,0
2024-11-21 20:00:00+00:00,194.697998047,194.748001099,194.593994141,194.606994629,0
2024-11-21 21:00:00+00:00,194.604995728,194.632995605,194.466003418,194.51600647,0
2024-11-21 22:00:00+00:00,194.520004272,194.611999512,194.397994995,194.470001221,0
2024-11-21 23:00:00+00:00,194.453994751,194.541000366,193.973007202,193.977005005,0
2024-11-22 00:00:00+00:00,193.996002197,194.414001465,193.779006958,194.305999756,0
2024-11-22 01:00:00+00:00,194.300994873,194.432998657,194.180999756,194.371002197,0
2024-11-22 02:00:00+00:00,194.37600708,194.468002319,194.227996826,194.330001831,0
2024-11-22 03:00:00+00:00,194.32800293,194.48500061,194.052001953,194.12399292,0
2024-11-22 04:00:00+00:00,194.117004395,194.37600708,194.117004395,194.333999634,0
2024-11-22 05:00:00+00:00,194.337005615,194.481002808,194.199996948,194.440994263,0
2024-11-22 06:00:00+00:00,194.440002441,194.807998657,194.376998901,194.694000244,0
2024-11-22 07:00:00+00:00,194.695007324,194.712997437,194.311004639,194.524002075,0
2024-11-22 08:00:00+00:00,194.522994995,194.79699707,193.945999146,193.962005615,0
2024-11-22 09:00:00+00:00,193.960998535,193.973007202,192.932998657,193.311004639,0
2024-11-22 10:00:00+00:00,193.307998657,193.496994019,192.843994141,193.429992676,0
2024-11-22 11:00:00+00:00,193.425994873,193.511001587,193.003997803,193.080001831,0
2024-11-22 12:00:00+00:00,193.082000732,193.335998535,193.067001343,193.304000854,0
2024-11-22 13:00:00+00:00,193.309005737,193.388000488,193.014007568,193.145996094,0
2024-11-22 14:00:00+00:00,193.145996094,194.044006348,193.145996094,193.867996216,0
2024-11-22 15:00:00+00:00,193.860992432,194.106002808,193.598999023,194.024002075,0
2024-11-22 16:00:00+00:00,194.026000977,194.07699585,193.619003296,193.645004272,0
2024-11-22 17:00:00+00:00,193.651000977,193.977005005,193.61000061,193.906997681,0
2024-11-22 18:00:00+00:00,193.906005859,193.986999512,193.804000854,193.820999146,0
2024-11-22 19:00:00+00:00,193.824005127,193.949996948,193.712005615,193.895004272,0
2024-11-22 20:00:00+00:00,193.893005371,194.044998169,193.815994263,194.007995605,0
2024-11-22 21:00:00+00:00,194.013000488,194.04699707,193.781997681,193.947998047,0
2024-11-22 22:00:00+00:00,193.951004028,193.951004028,193.951004028,193.951004028,0
2024-11-25 00:00:00+00:00,194.115997314,194.24899292,193.76600647,194.212997437,0
2024-11-25 01:00:00+00:00,194.222000122,194.300003052,193.54800415,193.654006958,0
2024-11-25 02:00:00+00:00,193.645996094,193.804000854,193.488006592,193.755996704,0
2024-11-25 03:00:00+00:00,193.75,193.908004761,193.593002319,193.863006592,0
2024-11-25 04:00:00+00:00,193.861999512,194.145004272,193.854003906,194.087005615,0
2024-11-25 05:00:00+00:00,194.085998535,194.382995605,194.076004028,194.279998779,0
2024-11-25 06:00:00+00:00,194.291000366,194.62600708,194.177001953,194.425003052,0
2024-11-25 07:00:00+00:00,194.423995972,194.423995972,193.973007202,194.274002075,0
2024-11-25 08:00:00+00:00,194.274002075,194.416000366,193.960998535,194.304000854,0
2024-11-25 09:00:00+00:00,194.304000854,194.449996948,194.12600708,194.167007446,0
2024-11-25 10:00:00+00:00,194.162994385,194.270996094,194.102005005,194.236999512,0
2024-11-25 11:00:00+00:00,194.235992432,194.276992798,194.048995972,194.126998901,0
2024-11-25 12:00:00+00:00,194.128005981,194.179992676,193.763000488,193.845993042,0
2024-11-25 13:00:00+00:00,193.847000122,194.20199585,193.567993164,194.121994019,0
2024-11-25 14:00:00+00:00,194.121002197,194.160003662,193.444000244,193.496002197,0
2024-11-25 15:00:00+00:00,193.496994019,193.787994385,193.263000488,193.746994019,0
2024-11-25 16:00:00+00:00,193.753005981,194.009002686,193.585998535,193.643997192,0
2024-11-25 17:00:00+00:00,193.64100647,193.76499939,193.570007324,193.731994629,0
2024-11-25 18:00:00+00:00,193.731994629,193.804992676,193.63999939,193.783004761,0
2024-11-25 19:00:00+00:00,193.785003662,193.843994141,193.638000488,193.807998657,0
2024-11-25 20:00:00+00:00,193.805999756,193.87399292,193.658004761,193.703994751,0
2024-11-25 21:00:00+00:00,193.70300293,193.835006714,193.701004028,193.76600647,0
2024-11-25 22:00:00+00:00,193.744995117,193.968994141,193.57699585,193.658996582,0
2024-11-25 23:00:00+00:00,193.675003052,193.720001221,193.251998901,193.514007568,0
2024-11-26 00:00:00+00:00,193.464004517,193.503005981,192.667999268,192.712997437,0
2024-11-26 01:00:00+00:00,192.70300293,193.091995239,192.518005371,192.972000122,0
2024-11-26 02:00:00+00:00,192.972000122,193.182006836,192.774993896,192.968002319,0
2024-11-26 03:00:00+00:00,192.966995239,193.067993164,192.802993774,192.923995972,0
2024-11-26 04:00:00+00:00,192.919006348,193.257995605,192.87399292,193.095993042,0
2024-11-26 05:00:00+00:00,193.093994141,193.130004883,192.679000854,192.878997803,0
2024-11-26 06:00:00+00:00,192.878997803,193.276992798,192.768997192,193.272994995,0
2024-11-26 07:00:00+00:00,193.270004272,193.554000854,193.208999634,193.214004517,0
2024-11-26 08:00:00+00:00,193.212997437,193.272994995,192.899002075,193.268997192,0
2024-11-26 09:00:00+00:00,193.268005371,193.725997925,193.264007568,193.509994507,0
2024-11-26 10:00:00+00:00,193.49899292,193.654998779,193.475997925,193.570007324,0
2024-11-26 11:00:00+00:00,193.572006226,193.604995728,193.406997681,193.511993408,0
2024-11-26 12:00:00+00:00,193.507003784,193.511001587,192.850997925,193.199005127,0
2024-11-26 13:00:00+00:00,193.192001343,193.263000488,192.820007324,193.044998169,0
2024-11-26 14:00:00+00:00,193.04800415,193.287002563,192.988006592,193.009994507,0
2024-11-26 15:00:00+00:00,193.024993896,193.12600708,192.777999878,192.798995972,0
2024-11-26 16:00:00+00:00,192.79699707,192.957992554,192.39100647,192.533004761,0
2024-11-26 17:00:00+00:00,192.531997681,192.554000854,192.11000061,192.222000122,0
2024-11-26 18:00:00+00:00,192.229003906,192.386993408,192.100997925,192.244003296,0
2024-11-26 19:00:00+00:00,192.240997314,192.300003052,192.067993164,192.087997437,0
2024-11-26 20:00:00+00:00,192.082992554,192.263000488,192.029998779,192.20300293,0
2024-11-26 21:00:00+00:00,192.199005127,192.481994629,192.199005127,192.367996216,0
2024-11-26 22:00:00+00:00,192.367996216,192.494995117,192.287002563,192.341003418,0
2024-11-26 23:00:00+00:00,192.324005127,192.619003296,192.307998657,192.332000732,0
2024-11-27 00:00:00+00:00,192.281997681,192.402999878,192.074005127,192.242996216,0
2024-11-27 01:00:00+00:00,192.242996216,192.386993408,191.776000977,191.820007324,0
2024-11-27 02:00:00+00:00,191.820999146,192.042999268,191.792999268,191.932998657,0
2024-11-27 03:00:00+00:00,191.929000854,191.932998657,191.574005127,191.651992798,0
2024-11-27 04:00:00+00:00,191.651000977,191.67300415,191.380996704,191.490997314,0
2024-11-27 05:00:00+00:00,191.48500061,191.654006958,191.360992432,191.576004028,0
2024-11-27 06:00:00+00:00,191.57699585,191.617004395,191.20300293,191.216003418,0
2024-11-27 07:00:00+00:00,191.216003418,191.475006104,191.177001953,191.341003418,0
2024-11-27 08:00:00+00:00,191.333999634,191.343994141,190.923995972,191.279006958,0
2024-11-27 09:00:00+00:00,191.277999878,191.341003418,190.731002808,190.916000366,0
2024-11-27 10:00:00+00:00,190.910003662,191.048995972,190.682006836,190.972000122,0
2024-11-27 11:00:00+00:00,190.973007202,191.113006592,190.914001465,191.01600647,0
2024-11-27 12:00:00+00:00,191.016998291,191.455001831,190.833999634,191.285003662,0
2024-11-27 13:00:00+00:00,191.285995483,191.63999939,191.25,191.619995117,0
2024-11-27 14:00:00+00:00,191.613998413,191.684005737,191.138000488,191.483001709,0
2024-11-27 15:00:00+00:00,191.48399353,191.854003906,191.444000244,191.552001953,0
2024-11-27 16:00:00+00:00,191.546005249,191.884002686,190.934005737,191.033996582,0
2024-11-27 17:00:00+00:00,191.033004761,191.240997314,190.880996704,191.087005615,0
2024-11-27 18:00:00+00:00,191.07699585,191.263000488,190.98399353,191.223007202,0
2024-11-27 19:00:00+00:00,191.220993042,191.417999268,191.207000732,191.384002686,0
2024-11-27 20:00:00+00:00,191.382003784,191.613998413,191.380004883,191.559005737,0
2024-11-27 21:00:00+00:00,191.56300354,191.68800354,191.54800415,191.554992676,0
2024-11-27 22:00:00+00:00,191.457992554,191.654006958,191.300994873,191.348007202,0
2024-11-27 23:00:00+00:00,191.343002319,191.897994995,191.309005737,191.884994507,0
2024-11-28 00:00:00+00:00,191.845993042,192.242004395,191.723999023,192.182998657,0
2024-11-28 01:00:00+00:00,192.182998657,192.244003296,191.884002686,191.893997192,0
2024-11-28 02:00:00+00:00,191.897994995,192.042007446,191.787994385,191.875,0
2024-11-28 03:00:00+00:00,191.869003296,192.119995117,191.837997437,192.00100708,0
2024-11-28 04:00:00+00:00,192.001998901,192.06300354,191.871002197,192.054000854,0
2024-11-28 05:00:00+00:00,192.054992676,192.136993408,191.843002319,191.916000366,0
2024-11-28 06:00:00+00:00,191.912002563,192.020004272,191.593002319,191.869003296,0
2024-11-28 07:00:00+00:00,191.865997314,192.042999268,191.807998657,191.990005493,0
2024-11-28 08:00:00+00:00,191.990997314,192.195999146,191.893997192,192.057998657,0
2024-11-28 09:00:00+00:00,192.057998657,192.268005371,191.992004395,192.156005859,0
2024-11-28 10:00:00+00:00,192.151992798,192.434997559,192.104003906,192.32800293,0
2024-11-28 11:00:00+00:00,192.324996948,192.470001221,192.23500061,192.315994263,0
2024-11-28 12:00:00+00:00,192.315002441,192.322006226,192.072006226,192.225997925,0
2024-11-28 13:00:00+00:00,192.218994141,192.240005493,191.904006958,191.938995361,0
2024-11-28 14:00:00+00:00,191.936004639,192.115005493,191.815994263,192.069000244,0
2024-11-28 15:00:00+00:00,192.067993164,192.184005737,191.975997925,192.154006958,0
2024-11-28 16:00:00+00:00,192.158004761,192.25,192.055999756,192.188995361,0
2024-11-28 17:00:00+00:00,192.184005737,192.255004883,192.154998779,192.195007324,0
2024-11-28 18:00:00+00:00,192.20199585,192.263000488,192.147994995,192.248001099,0
2024-11-28 19:00:00+00:00,192.246994019,192.285995483,192.205001831,192.227996826,0
2024-11-28 20:00:00+00:00,192.235992432,192.26600647,192.179000854,192.182998657,0
2024-11-28 21:00:00+00:00,192.180999756,192.287994385,192.12399292,192.220993042,0
2024-11-28 22:00:00+00:00,192.175003052,192.343994141,192.104003906,192.233001709,0
2024-11-28 23:00:00+00:00,192.25,192.29800415,191.632003784,191.958999634,0
2024-11-29 00:00:00+00:00,191.934005737,191.955001831,191.190994263,191.255996704,0
2024-11-29 01:00:00+00:00,191.257995605,191.264007568,190.324005127,190.444000244,0
2024-11-29 02:00:00+00:00,190.442993164,191.093994141,190.440002441,190.824005127,0
2024-11-29 03:00:00+00:00,190.824005127,191.083999634,190.755004883,190.815994263,0
2024-11-29 04:00:00+00:00,190.813995361,190.82800293,190.436004639,190.647994995,0
2024-11-29 05:00:00+00:00,190.643997192,190.957992554,190.567993164,190.727005005,0
2024-11-29 06:00:00+00:00,190.714996338,190.955001831,190.675003052,190.856002808,0
2024-11-29 07:00:00+00:00,190.86000061,190.947998047,190.542007446,190.822998047,0
2024-11-29 08:00:00+00:00,190.815002441,190.979003906,190.667999268,190.794006348,0
2024-11-29 09:00:00+00:00,190.794006348,190.824996948,190.531005859,190.600997925,0
2024-11-29 10:00:00+00:00,190.582992554,190.804992676,190.253997803,190.371994019,0
2024-11-29 11:00:00+00:00,190.373001099,190.524993896,190.151000977,190.509002686,0
2024-11-29 12:00:00+00:00,190.509002686,190.682998657,190.393997192,190.662994385,0
2024-11-29 13:00:00+00:00,190.662994385,190.720993042,190.145004272,190.229995728,0
2024-11-29 14:00:00+00:00,190.231002808,190.37600708,190.17300415,190.24899292,0
2024-11-29 15:00:00+00:00,190.244995117,190.970993042,190.203994751,190.856994629,0
2024-11-29 16:00:00+00:00,190.852996826,191.253997803,190.772994995,190.972000122,0
2024-11-29 17:00:00+00:00,190.98500061,191.04699707,190.283004761,190.343002319,0
2024-11-29 18:00:00+00:00,190.343994141,190.580001831,190.304000854,190.449996948,0
2024-11-29 19:00:00+00:00,190.449996948,190.606002808,190.287002563,190.582000732,0
2024-11-29 20:00:00+00:00,190.582992554,190.729995728,190.518997192,190.720001221,0
2024-11-29 21:00:00+00:00,190.714004517,190.75,190.511993408,190.572998047,0
2024-11-29 22:00:00+00:00,190.779998779,190.779998779,190.779998779,190.779998779,0
2024-12-02 00:00:00+00:00,190.337005615,190.774993896,190.29800415,190.656997681,0
2024-12-02 01:00:00+00:00,190.656005859,191.057998657,190.60899353,191.024993896,0
2024-12-02 02:00:00+00:00,191.029998779,191.149993896,190.932006836,191.074005127,0
2024-12-02 03:00:00+00:00,191.07800293,191.227005005,190.962005615,191.003997803,0
2024-12-02 04:00:00+00:00,191.003997803,191.18699646,190.951004028,191.098007202,0
2024-12-02 05:00:00+00:00,191.097000122,191.287002563,191.027999878,191.207992554,0
2024-12-02 06:00:00+00:00,191.203994751,191.214004517,190.852005005,190.98399353,0
2024-12-02 07:00:00+00:00,190.975997925,191.078994751,190.268005371,190.552993774,0
2024-12-02 08:00:00+00:00,190.554000854,190.798995972,190.43800354,190.692001343,0
2024-12-02 09:00:00+00:00,190.697006226,191.085006714,190.533996582,190.98500061,0
2024-12-02 10:00:00+00:00,190.979995728,191.102005005,190.785995483,190.796005249,0
2024-12-02 11:00:00+00:00,190.794998169,191.04800415,190.768997192,190.848999023,0
2024-12-02 12:00:00+00:00,190.850006104,190.865997314,190.070007324,190.145004272,0
2024-12-02 13:00:00+00:00,190.147003174,190.559997559,190.14100647,190.371994019,0
2024-12-02 14:00:00+00:00,190.371002197,190.410003662,189.457000732,189.486999512,0
2024-12-02 15:00:00+00:00,189.496994019,189.669006348,189.147994995,189.259994507,0
2024-12-02 16:00:00+00:00,189.24899292,189.382995605,188.468002319,188.602996826,0
2024-12-02 17:00:00+00:00,188.600006104,189.17199707,188.582000732,189.147003174,0
2024-12-02 18:00:00+00:00,189.145996094,189.39100647,189.121994019,189.242996216,0
2024-12-02 19:00:00+00:00,189.235992432,189.285003662,189.100006104,189.143005371,0
2024-12-02 20:00:00+00:00,189.143997192,189.281997681,189.022003174,189.229003906,0
2024-12-02 21:00:00+00:00,189.229995728,189.302001953,189.201004028,189.238006592,0
2024-12-02 22:00:00+00:00,189.23500061,189.408996582,189.152999878,189.175994873,0
2024-12-02 23:00:00+00:00,189.175994873,189.587997437,189.162002563,189.257003784,0
2024-12-03 00:00:00+00:00,189.253005981,189.697998047,189.235992432,189.591995239,0
2024-12-03 01:00:00+00:00,189.60899353,189.621994019,189.319000244,189.533004761,0
2024-12-03 02:00:00+00:00,189.531997681,189.621994019,189.393005371,189.466003418,0
2024-12-03 03:00:00+00:00,189.457992554,189.884994507,189.429992676,189.811004639,0
2024-12-03 04:00:00+00:00,189.805999756,189.927993774,189.770004272,189.843002319,0
2024-12-03 05:00:00+00:00,189.845001221,189.908004761,189.688995361,189.742996216,0
2024-12-03 06:00:00+00:00,189.742004395,189.932006836,189.647994995,189.880004883,0
2024-12-03 07:00:00+00:00,189.880004883,190.020004272,189.738006592,189.944000244,0
2024-12-03 08:00:00+00:00,189.947998047,190.378005981,189.837997437,190.248001099,0
2024-12-03 09:00:00+00:00,190.246002197,190.264007568,189.888000488,189.919998169,0
2024-12-03 10:00:00+00:00,189.925994873,190.242004395,189.865997314,190.046005249,0
2024-12-03 11:00:00+00:00,190.042007446,190.119003296,189.548995972,189.598999023,0
2024-12-03 12:00:00+00:00,189.600006104,189.615997314,189.242004395,189.276000977,0
2024-12-03 13:00:00+00:00,189.272003174,189.300003052,188.548995972,188.591003418,0
2024-12-03 14:00:00+00:00,188.591003418,188.852005005,188.195999146,188.460006714,0
2024-12-03 15:00:00+00:00,188.427001953,188.990997314,188.076004028,188.854003906,0
2024-12-03 16:00:00+00:00,188.848007202,189.304992676,188.804000854,188.998001099,0
2024-12-03 17:00:00+00:00,189.005004883,189.42300415,188.970001221,189.360992432,0
2024-12-03 18:00:00+00:00,189.36000061,189.402999878,189.063995361,189.238006592,0
2024-12-03 19:00:00+00:00,189.238006592,189.429000854,189.054992676,189.391998291,0
2024-12-03 20:00:00+00:00,189.393005371,189.455993652,189.31199646,189.380996704,0
2024-12-03 21:00:00+00:00,189.397994995,189.604995728,189.371994019,189.550994873,0
2024-12-03 22:00:00+00:00,189.542007446,189.628997803,189.455993652,189.542007446,0
2024-12-03 23:00:00+00:00,189.533996582,189.669998169,189.481994629,189.654006958,0
2024-12-04 00:00:00+00:00,189.611999512,189.845993042,189.544998169,189.783004761,0
2024-12-04 01:00:00+00:00,189.774993896,190.009002686,189.660003662,189.906997681,0
2024-12-04 02:00:00+00:00,189.910003662,189.955993652,189.557998657,189.667999268,0
2024-12-04 03:00:00+00:00,189.667999268,189.768005371,189.348999023,189.742004395,0
2024-12-04 04:00:00+00:00,189.740005493,190.173995972,189.740005493,190.149993896,0
2024-12-04 05:00:00+00:00,190.151000977,190.492996216,190.063995361,190.483001709,0
2024-12-04 06:00:00+00:00,190.481994629,190.544998169,190.18800354,190.458999634,0
2024-12-04 07:00:00+00:00,190.460006714,190.779998779,190.421005249,190.701004028,0
2024-12-04 08:00:00+00:00,190.699005127,191.083999634,190.412994385,190.630004883,0
2024-12-04 09:00:00+00:00,190.628997803,190.988998413,190.059005737,190.927993774,0
2024-12-04 10:00:00+00:00,190.934005737,191.20300293,190.910995483,191.087997437,0
2024-12-04 11:00:00+00:00,191.089004517,191.430999756,191.037002563,191.322006226,0
2024-12-04 12:00:00+00:00,191.320007324,191.529998779,191.277999878,191.460998535,0
2024-12-04 13:00:00+00:00,191.460998535,191.520004272,191.180999756,191.410995483,0
2024-12-04 14:00:00+00:00,191.408996582,191.473999023,191.070999146,191.154998779,0
2024-12-04 15:00:00+00:00,191.143997192,191.229995728,190.897003174,191.132003784,0
2024-12-04 16:00:00+00:00,191.115997314,191.173995972,190.736999512,190.880004883,0
2024-12-04 17:00:00+00:00,190.87399292,191.013000488,190.73399353,190.957992554,0
2024-12-04 18:00:00+00:00,190.958999634,191.026992798,190.677993774,190.917007446,0
2024-12-04 19:00:00+00:00,190.917999268,191.097000122,190.804000854,191.057998657,0
2024-12-04 20:00:00+00:00,191.055999756,191.360992432,191.050994873,191.205993652,0
2024-12-04 21:00:00+00:00,191.20300293,191.31199646,191.134994507,191.223007202,0
2024-12-04 22:00:00+00:00,191.195999146,191.32699585,191.07699585,191.186004639,0
2024-12-04 23:00:00+00:00,191.188995361,191.505004883,191.158004761,191.225997925,0
2024-12-05 00:00:00+00:00,191.197998047,191.212005615,190.699005127,190.744003296,0
2024-12-05 01:00:00+00:00,190.740997314,191.320007324,190.690994263,191.125,0
2024-12-05 02:00:00+00:00,191.134002686,191.136993408,190.869995117,191.003005981,0
2024-12-05 03:00:00+00:00,190.998001099,191.029006958,190.82800293,191.001998901,0
2024-12-05 04:00:00+00:00,190.990997314,191.132995605,190.960998535,191.035995483,0
2024-12-05 05:00:00+00:00,191.031997681,191.046005249,190.414001465,190.621994019,0
2024-12-05 06:00:00+00:00,190.625,190.643997192,190.333999634,190.447998047,0
2024-12-05 07:00:00+00:00,190.45300293,190.824005127,190.444000244,190.666000366,0
2024-12-05 08:00:00+00:00,190.723999023,191.201004028,190.630004883,191.158996582,0
2024-12-05 09:00:00+00:00,191.167999268,191.220001221,190.990005493,191.212997437,0
2024-12-05 10:00:00+00:00,191.207992554,191.294006348,190.919006348,190.942001343,0
2024-12-05 11:00:00+00:00,190.938995361,191.207992554,190.910003662,191.175994873,0
2024-12-05 12:00:00+00:00,191.177001953,191.488998413,191.125,191.408996582,0
2024-12-05 13:00:00+00:00,191.404998779,192.074005127,191.324005127,192.037994385,0
2024-12-05 14:00:00+00:00,192.04800415,192.212997437,191.819000244,192.005996704,0
2024-12-05 15:00:00+00:00,192,192.007003784,191.518005371,191.662002563,0
2024-12-05 16:00:00+00:00,191.671005249,191.692001343,191.369995117,191.557998657,0
2024-12-05 17:00:00+00:00,191.56300354,191.589996338,191.192001343,191.356002808,0
2024-12-05 18:00:00+00:00,191.356994629,191.488006592,191.29800415,191.304000854,0
2024-12-05 19:00:00+00:00,191.305999756,191.399993896,191.154006958,191.37600708,0
2024-12-05 20:00:00+00:00,191.371994019,191.462005615,191.270996094,191.365997314,0
2024-12-05 21:00:00+00:00,191.363006592,191.544006348,191.315994263,191.429992676,0
2024-12-05 22:00:00+00:00,191.384002686,191.527999878,191.322998047,191.442993164,0
2024-12-05 23:00:00+00:00,191.444000244,191.68800354,191.395996094,191.636001587,0
2024-12-06 00:00:00+00:00,191.548995972,191.679000854,191.154998779,191.399002075,0
2024-12-06 01:00:00+00:00,191.397003174,191.449996948,191.192001343,191.212005615,0
2024-12-06 02:00:00+00:00,191.210998535,191.294006348,190.99899292,191.020004272,0
2024-12-06 03:00:00+00:00,191.020996094,191.121002197,190.914993286,191.106002808,0
2024-12-06 04:00:00+00:00,191.106002808,191.236999512,191.033996582,191.184005737,0
2024-12-06 05:00:00+00:00,191.18800354,191.238998413,191.013000488,191.087997437,0
2024-12-06 06:00:00+00:00,191.087997437,191.169998169,190.914001465,191.007995605,0
2024-12-06 07:00:00+00:00,191.007003784,191.600006104,190.932998657,191.567001343,0
2024-12-06 08:00:00+00:00,191.567993164,191.98500061,191.56300354,191.880004883,0
2024-12-06 09:00:00+00:00,191.880004883,192.195999146,191.85899353,192.115997314,0
2024-12-06 10:00:00+00:00,192.115997314,192.287002563,191.998001099,192.154006958,0
2024-12-06 11:00:00+00:00,192.149993896,192.23500061,192.042999268,192.197998047,0
2024-12-06 12:00:00+00:00,192.197998047,192.369995117,192.031997681,192.048995972,0
2024-12-06 13:00:00+00:00,192.046005249,192.305999756,191.477996826,191.48399353,0
2024-12-06 14:00:00+00:00,191.496002197,191.570007324,190.759994507,190.957992554,0
2024-12-06 15:00:00+00:00,190.945999146,191.121002197,190.714004517,190.98399353,0
2024-12-06 16:00:00+00:00,190.98500061,191.158004761,190.817993164,190.852005005,0
2024-12-06 17:00:00+00:00,190.847000122,190.960998535,190.759002686,190.863998413,0
2024-12-06 18:00:00+00:00,190.86000061,191.130996704,190.854995728,190.927993774,0
2024-12-06 19:00:00+00:00,190.927993774,191.078994751,190.89100647,190.988006592,0
2024-12-06 20:00:00+00:00,190.990997314,191.136001587,190.970001221,191.035995483,0
2024-12-06 21:00:00+00:00,191.033004761,191.220001221,191.007003784,191.080993652,0
2024-12-06 22:00:00+00:00,191.164001465,191.164001465,191.151000977,191.151000977,0
2024-12-09 00:00:00+00:00,191.080001831,191.130996704,190.707992554,190.921005249,0
2024-12-09 01:00:00+00:00,190.914001465,191.154998779,190.800994873,190.957992554,0
2024-12-09 02:00:00+00:00,190.966003418,191.117004395,190.904006958,190.975006104,0
2024-12-09 03:00:00+00:00,190.972000122,191.033004761,190.800003052,190.820007324,0
2024-12-09 04:00:00+00:00,190.817993164,190.839996338,190.591003418,190.63999939,0
2024-12-09 05:00:00+00:00,190.63999939,190.79800415,190.62399292,190.746002197,0
2024-12-09 06:00:00+00:00,190.751998901,191.154998779,190.746002197,191.14100647,0
2024-12-09 07:00:00+00:00,191.136993408,191.880996704,191.12399292,191.876998901,0
2024-12-09 08:00:00+00:00,191.876998901,192.10899353,191.744003296,192.067001343,0
2024-12-09 09:00:00+00:00,192.067001343,192.223007202,191.992996216,192.057006836,0
2024-12-09 10:00:00+00:00,192.055999756,192.341003418,192.037994385,192.18800354,0
2024-12-09 11:00:00+00:00,192.18699646,192.315002441,192.06300354,192.104003906,0
2024-12-09 12:00:00+00:00,192.098999023,192.393005371,192.042999268,192.352005005,0
2024-12-09 13:00:00+00:00,192.352996826,192.906997681,192.330993652,192.792999268,0
2024-12-09 14:00:00+00:00,192.792999268,192.899002075,192.434005737,192.850006104,0
2024-12-09 15:00:00+00:00,192.848999023,193.406997681,192.815002441,193.227005005,0
2024-12-09 16:00:00+00:00,193.227996826,193.330993652,193.076004028,193.279006958,0
2024-12-09 17:00:00+00:00,193.279998779,193.371002197,193.207992554,193.251998901,0
2024-12-09 18:00:00+00:00,193.25100708,193.253005981,193.063995361,193.119995117,0
2024-12-09 19:00:00+00:00,193.115997314,193.125,192.82800293,192.878005981,0
2024-12-09 20:00:00+00:00,192.876998901,192.908996582,192.64100647,192.774002075,0
2024-12-09 21:00:00+00:00,192.776000977,192.826004028,192.667999268,192.781005859,0
2024-12-09 22:00:00+00:00,192.697998047,192.921005249,192.570007324,192.75,0
2024-12-09 23:00:00+00:00,192.779006958,193.052993774,192.699005127,193.035003662,0
2024-12-10 00:00:00+00:00,192.998001099,193.11000061,192.779998779,193.063995361,0
2024-12-10 01:00:00+00:00,193.063995361,193.147994995,192.81300354,192.882003784,0
2024-12-10 02:00:00+00:00,192.878997803,192.888000488,192.539001465,192.679000854,0
2024-12-10 03:00:00+00:00,192.677993774,192.75,192.50100708,192.567993164,0
2024-12-10 04:00:00+00:00,192.567993164,192.699005127,192.468994141,192.651992798,0
2024-12-10 05:00:00+00:00,192.658004761,192.837005615,192.447006226,192.503997803,0
2024-12-10 06:00:00+00:00,192.505004883,193.011993408,192.457000732,192.942001343,0
2024-12-10 07:00:00+00:00,192.93800354,193.147003174,192.82699585,193.093002319,0
2024-12-10 08:00:00+00:00,193.093002319,193.408004761,193.07800293,193.190994263,0
2024-12-10 09:00:00+00:00,193.188995361,193.363006592,192.945999146,193.352996826,0
2024-12-10 10:00:00+00:00,193.352005005,193.488998413,193.229003906,193.399993896,0
2024-12-10 11:00:00+00:00,193.401000977,193.606994629,193.348007202,193.561004639,0
2024-12-10 12:00:00+00:00,193.56199646,193.632995605,193.190002441,193.600997925,0
2024-12-10 13:00:00+00:00,193.600997925,193.669998169,193.264007568,193.397994995,0
2024-12-10 14:00:00+00:00,193.393997192,193.671005249,193.289993286,193.473007202,0
2024-12-10 15:00:00+00:00,193.473999023,193.811004639,193.292007446,193.785995483,0
2024-12-10 16:00:00+00:00,193.774002075,193.988998413,193.679992676,193.940002441,0
2024-12-10 17:00:00+00:00,193.938995361,194.005004883,193.837005615,193.865997314,0
2024-12-10 18:00:00+00:00,193.869003296,193.957992554,193.804000854,193.923995972,0
2024-12-10 19:00:00+00:00,193.92300415,194.095993042,193.886993408,194.063995361,0
2024-12-10 20:00:00+00:00,194.065002441,194.076004028,193.934997559,194.031005859,0
2024-12-10 21:00:00+00:00,194.035003662,194.111999512,193.95300293,193.955001831,0
2024-12-10 22:00:00+00:00,193.990997314,194.082992554,193.884994507,193.998001099,0
2024-12-10 23:00:00+00:00,193.99899292,194.083999634,193.942001343,194.018005371,0
2024-12-11 00:00:00+00:00,194.037994385,194.061004639,193.800003052,193.830993652,0
2024-12-11 01:00:00+00:00,193.835006714,193.945007324,193.817993164,193.848007202,0
2024-12-11 02:00:00+00:00,193.847000122,193.873001099,193.509002686,193.522003174,0
2024-12-11 03:00:00+00:00,193.513000488,193.723999023,193.488006592,193.576004028,0
2024-12-11 04:00:00+00:00,193.57699585,193.580993652,193.419998169,193.473007202,0
2024-12-11 05:00:00+00:00,193.481994629,193.759002686,193.440994263,193.723007202,0
2024-12-11 06:00:00+00:00,193.714996338,193.792999268,193.574005127,193.755004883,0
2024-12-11 07:00:00+00:00,193.753997803,193.837005615,192.934997559,193.102996826,0
2024-12-11 08:00:00+00:00,193.100997925,193.373001099,193.085006714,193.29699707,0
2024-12-11 09:00:00+00:00,193.29800415,194.503005981,192.511993408,194.35899353,0
2024-12-11 10:00:00+00:00,194.356994629,194.37399292,194.001998901,194.143997192,0
2024-12-11 11:00:00+00:00,194.143005371,194.352996826,194.078994751,194.289001465,0
2024-12-11 12:00:00+00:00,194.287994385,194.567001343,194.270004272,194.481002808,0
2024-12-11 13:00:00+00:00,194.488006592,194.791000366,194.138000488,194.485992432,0
2024-12-11 14:00:00+00:00,194.486999512,194.537994385,193.848007202,194.061004639,0
2024-12-11 15:00:00+00:00,194.072998047,194.522003174,193.934005737,194.287994385,0
2024-12-11 16:00:00+00:00,194.277999878,194.453994751,194.276992798,194.406005859,0
2024-12-11 17:00:00+00:00,194.402999878,194.526000977,194.324005127,194.330993652,0
2024-12-11 18:00:00+00:00,194.330001831,194.483001709,194.246994019,194.427001953,0
2024-12-11 19:00:00+00:00,194.429992676,194.546005249,194.371002197,194.544998169,0
2024-12-11 20:00:00+00:00,194.542007446,194.554000854,194.442001343,194.492004395,0
2024-12-11 21:00:00+00:00,194.492004395,194.529006958,194.279998779,194.320999146,0
2024-12-11 22:00:00+00:00,194.37399292,194.414993286,194.223007202,194.309005737,0
2024-12-11 23:00:00+00:00,194.320999146,194.406997681,194.20199585,194.358001709,0
2024-12-12 00:00:00+00:00,194.356994629,194.479003906,194.130004883,194.285003662,0
2024-12-12 01:00:00+00:00,194.291000366,194.320999146,194.014007568,194.042007446,0
2024-12-12 02:00:00+00:00,194.037994385,194.412994385,194.01499939,194.412994385,0
2024-12-12 03:00:00+00:00,194.406005859,194.565994263,194.332000732,194.486999512,0
2024-12-12 04:00:00+00:00,194.494995117,194.526992798,194.259002686,194.279998779,0
2024-12-12 05:00:00+00:00,194.279998779,194.768005371,194.270996094,194.645996094,0
2024-12-12 06:00:00+00:00,194.64100647,194.99899292,194.64100647,194.720993042,0
2024-12-12 07:00:00+00:00,194.714004517,194.85899353,194.632003784,194.722000122,0
2024-12-12 08:00:00+00:00,194.714996338,194.832000732,194.45199585,194.604003906,0
2024-12-12 09:00:00+00:00,194.602005005,194.755004883,194.475997925,194.600997925,0
2024-12-12 10:00:00+00:00,194.600006104,194.666000366,194.020004272,194.098007202,0
2024-12-12 11:00:00+00:00,194.100006104,194.164993286,193.87600708,193.886001587,0
2024-12-12 12:00:00+00:00,193.884994507,193.95300293,193.68699646,193.798995972,0
2024-12-12 13:00:00+00:00,193.79800415,193.824005127,193.363006592,193.520996094,0
2024-12-12 14:00:00+00:00,193.516998291,193.968994141,193.093994141,193.832000732,0
2024-12-12 15:00:00+00:00,193.832000732,193.968994141,192.921005249,193.235992432,0
2024-12-12 16:00:00+00:00,193.23500061,193.544006348,193.141998291,193.322998047,0
2024-12-12 17:00:00+00:00,193.320007324,193.513000488,193.294006348,193.419006348,0
2024-12-12 18:00:00+00:00,193.412994385,193.574996948,193.378997803,193.429992676,0
2024-12-12 19:00:00+00:00,193.430999756,193.468994141,193.23399353,193.268997192,0
2024-12-12 20:00:00+00:00,193.268005371,193.425994873,193.263000488,193.393997192,0
2024-12-12 21:00:00+00:00,193.39100647,193.483001709,193.330993652,193.389007568,0
2024-12-12 22:00:00+00:00,193.343994141,193.494003296,193.285003662,193.332992554,0
2024-12-12 23:00:00+00:00,193.350006104,193.470001221,193.272994995,193.425994873,0
2024-12-13 00:00:00+00:00,193.440994263,193.863006592,193.367996216,193.722000122,0
2024-12-13 01:00:00+00:00,193.716995239,193.776000977,193.425003052,193.49899292,0
2024-12-13 02:00:00+00:00,193.496994019,193.679000854,193.307006836,193.613006592,0
2024-12-13 03:00:00+00:00,193.615005493,193.779006958,193.567993164,193.593002319,0
2024-12-13 04:00:00+00:00,193.593994141,193.777999878,193.565002441,193.692001343,0
2024-12-13 05:00:00+00:00,193.68699646,193.770004272,193.56199646,193.617004395,0
2024-12-13 06:00:00+00:00,193.617004395,193.690002441,193.352005005,193.380996704,0
2024-12-13 07:00:00+00:00,193.410995483,193.410995483,192.848999023,192.929992676,0
2024-12-13 08:00:00+00:00,192.92300415,193.404998779,192.914993286,193.399993896,0
2024-12-13 09:00:00+00:00,193.401000977,193.988006592,193.350006104,193.901000977,0
2024-12-13 10:00:00+00:00,193.902999878,194.085998535,193.852005005,194.033004761,0
2024-12-13 11:00:00+00:00,194.033996582,194.324005127,194.031997681,194.248001099,0
2024-12-13 12:00:00+00:00,194.24899292,194.352005005,194.013000488,194.309005737,0
2024-12-13 13:00:00+00:00,194.305999756,194.457992554,194.065002441,194.147994995,0
2024-12-13 14:00:00+00:00,194.151992798,194.29800415,193.992996216,194.097000122,0
2024-12-13 15:00:00+00:00,194.095993042,194.100997925,193.636001587,193.82699585,0
2024-12-13 16:00:00+00:00,193.82699585,194.220993042,193.789993286,194.138000488,0
2024-12-13 17:00:00+00:00,194.132003784,194.14100647,193.962005615,193.964004517,0
2024-12-13 18:00:00+00:00,193.970993042,194.104995728,193.876998901,194.024993896,0
2024-12-13 19:00:00+00:00,194.022994995,194.091003418,193.880996704,193.895004272,0
2024-12-13 20:00:00+00:00,193.899002075,193.940002441,193.861999512,193.89100647,0
2024-12-13 21:00:00+00:00,193.895004272,193.979995728,193.712005615,193.930999756,0
2024-12-13 22:00:00+00:00,193.964004517,194.039001465,193.964004517,194.039001465,0
2024-12-16 00:00:00+00:00,193.753005981,194.386993408,193.64100647,194.227996826,0
2024-12-16 01:00:00+00:00,194.227996826,194.481002808,194.167999268,194.457000732,0
2024-12-16 02:00:00+00:00,194.455993652,194.565002441,194.31300354,194.348999023,0
2024-12-16 03:00:00+00:00,194.350997925,194.382003784,194.210998535,194.307006836,0
2024-12-16 04:00:00+00:00,194.300994873,194.434005737,194.238998413,194.26600647,0
2024-12-16 05:00:00+00:00,194.259002686,194.332992554,194.115005493,194.162002563,0
2024-12-16 06:00:00+00:00,194.166000366,194.279006958,194.024993896,194.117004395,0
2024-12-16 07:00:00+00:00,194.117996216,194.236999512,193.910003662,193.947006226,0
2024-12-16 08:00:00+00:00,193.940002441,194.37399292,193.828994751,194.253997803,0
2024-12-16 09:00:00+00:00,194.253005981,194.74899292,194.231002808,194.610992432,0
2024-12-16 10:00:00+00:00,194.610992432,194.710006714,194.369995117,194.509994507,0
2024-12-16 11:00:00+00:00,194.511993408,194.593002319,194.442001343,194.531005859,0
2024-12-16 12:00:00+00:00,194.526992798,195.031997681,194.516998291,194.936004639,0
2024-12-16 13:00:00+00:00,194.93800354,195.136993408,194.889007568,195.050003052,0
2024-12-16 14:00:00+00:00,195.054000854,195.220001221,194.87600708,195.169998169,0
2024-12-16 15:00:00+00:00,195.17300415,195.884994507,195.113006592,195.725997925,0
2024-12-16 16:00:00+00:00,195.727005005,195.81199646,195.591995239,195.613998413,0
2024-12-16 17:00:00+00:00,195.61000061,195.667999268,195.490005493,195.501998901,0
2024-12-16 18:00:00+00:00,195.50100708,195.656005859,195.468994141,195.600997925,0
2024-12-16 19:00:00+00:00,195.600006104,195.619995117,195.37399292,195.485992432,0
2024-12-16 20:00:00+00:00,195.488006592,195.531997681,195.401992798,195.503005981,0
2024-12-16 21:00:00+00:00,195.505996704,195.589996338,195.386001587,195.429992676,0
2024-12-16 22:00:00+00:00,195.330993652,195.524002075,195.330993652,195.436004639,0
2024-12-16 23:00:00+00:00,195.438995361,195.707992554,195.397003174,195.531997681,0
2024-12-17 00:00:00+00:00,195.535995483,195.891998291,195.490005493,195.673995972,0
2024-12-17 01:00:00+00:00,195.654998779,195.740005493,195.382995605,195.529006958,0
2024-12-17 02:00:00+00:00,195.533004761,195.550994873,195.268005371,195.401992798,0
2024-12-17 03:00:00+00:00,195.404006958,195.449996948,195.20199585,195.371994019,0
2024-12-17 04:00:00+00:00,195.367004395,195.589004517,195.29699707,195.332992554,0
2024-12-17 05:00:00+00:00,195.332000732,195.529006958,195.268005371,195.348007202,0
2024-12-17 06:00:00+00:00,195.350006104,195.432006836,195.12399292,195.29699707,0
2024-12-17 07:00:00+00:00,195.302001953,195.792999268,195.291000366,195.63999939,0
2024-12-17 08:00:00+00:00,195.638000488,195.792999268,195.134994507,195.287002563,0
2024-12-17 09:00:00+00:00,195.294006348,195.315994263,195.009002686,195.10899353,0
2024-12-17 10:00:00+00:00,195.104995728,195.328994751,194.824005127,195.274002075,0
2024-12-17 11:00:00+00:00,195.283996582,195.498001099,195.085998535,195.451004028,0
2024-12-17 12:00:00+00:00,195.447006226,195.51499939,195.304000854,195.440002441,0
2024-12-17 13:00:00+00:00,195.445999146,195.576004028,195.242996216,195.324005127,0
2024-12-17 14:00:00+00:00,195.324996948,195.341995239,194.841003418,194.893005371,0
2024-12-17 15:00:00+00:00,194.893005371,195.160995483,194.647994995,195.110992432,0
2024-12-17 16:00:00+00:00,195.10899353,195.257003784,195.041000366,195.089004517,0
2024-12-17 17:00:00+00:00,195.087997437,195.108001709,194.888000488,194.957992554,0
2024-12-17 18:00:00+00:00,194.957000732,195.085998535,194.843002319,194.899002075,0
2024-12-17 19:00:00+00:00,194.901992798,194.990997314,194.826004028,194.899993896,0
2024-12-17 20:00:00+00:00,194.897994995,195.130996704,194.867004395,195.097000122,0
2024-12-17 21:00:00+00:00,195.087005615,195.190002441,195.009994507,195.065002441,0
2024-12-17 22:00:00+00:00,194.902999878,195.192993164,194.87399292,194.99899292,0
2024-12-17 23:00:00+00:00,195.003005981,195.272003174,194.960998535,195.197006226,0
2024-12-18 00:00:00+00:00,195.186004639,195.477996826,195.128997803,195.350997925,0
2024-12-18 01:00:00+00:00,195.350997925,195.425003052,195.156997681,195.225006104,0
2024-12-18 02:00:00+00:00,195.216995239,195.315994263,195.100006104,195.240005493,0
2024-12-18 03:00:00+00:00,195.240997314,195.268005371,195.026992798,195.04699707,0
2024-12-18 04:00:00+00:00,195.04800415,195.089996338,194.802001953,194.899993896,0
2024-12-18 05:00:00+00:00,194.897994995,194.932998657,194.753997803,194.787002563,0
2024-12-18 06:00:00+00:00,194.785995483,195.126998901,194.779006958,195.093994141,0
2024-12-18 07:00:00+00:00,195.095993042,195.304992676,194.697006226,194.904998779,0
2024-12-18 08:00:00+00:00,194.910003662,194.940994263,194.708999634,194.835006714,0
2024-12-18 09:00:00+00:00,194.82699585,195.104003906,194.794998169,194.925003052,0
2024-12-18 10:00:00+00:00,194.919998169,195.352996826,194.908996582,195.302993774,0
2024-12-18 11:00:00+00:00,195.302993774,195.43699646,195.242996216,195.253005981,0
2024-12-18 12:00:00+00:00,195.253997803,195.481002808,195.225997925,195.464004517,0
2024-12-18 13:00:00+00:00,195.460006714,195.768997192,195.242004395,195.242996216,0
2024-12-18 14:00:00+00:00,195.251998901,195.42300415,195.020996094,195.305999756,0
2024-12-18 15:00:00+00:00,195.307006836,195.602996826,195.106002808,195.486999512,0
2024-12-18 16:00:00+00:00,195.486999512,195.56199646,195.36000061,195.470001221,0
2024-12-18 17:00:00+00:00,195.472000122,195.589004517,195.35899353,195.432998657,0
2024-12-18 18:00:00+00:00,195.432006836,195.585006714,195.296005249,195.429992676,0
2024-12-18 19:00:00+00:00,195.481002808,195.703994751,194.664001465,194.763000488,0
2024-12-18 20:00:00+00:00,194.761001587,194.770004272,194.069000244,194.527999878,0
2024-12-18 21:00:00+00:00,194.527999878,194.76600647,194.462997437,194.654006958,0
2024-12-18 22:00:00+00:00,194.569000244,194.675994873,194.352996826,194.445007324,0
2024-12-18 23:00:00+00:00,194.444000244,194.587997437,194.052993774,194.388000488,0
2024-12-19 00:00:00+00:00,194.365005493,194.923995972,194.315994263,194.789993286,0
2024-12-19 01:00:00+00:00,194.791000366,194.899993896,194.574996948,194.692001343,0
2024-12-19 02:00:00+00:00,194.684005737,195.462005615,194.432998657,195.343994141,0
2024-12-19 03:00:00+00:00,195.32800293,195.714004517,195.104995728,195.434005737,0
2024-12-19 04:00:00+00:00,195.421005249,195.51600647,195.272003174,195.457992554,0
2024-12-19 05:00:00+00:00,195.455993652,195.686004639,195.309005737,195.354003906,0
2024-12-19 06:00:00+00:00,195.345001221,196.714004517,195.115997314,196.652999878,0
2024-12-19 07:00:00+00:00,196.649993896,197.628997803,196.647994995,197.361999512,0
2024-12-19 08:00:00+00:00,197.367996216,198.49899292,197.324005127,198.404998779,0
2024-12-19 09:00:00+00:00,198.404998779,198.919998169,198.401000977,198.826004028,0
2024-12-19 10:00:00+00:00,198.820007324,198.82800293,198.274993896,198.356002808,0
2024-12-19 11:00:00+00:00,198.356994629,198.546005249,197.848007202,197.889007568,0
2024-12-19 12:00:00+00:00,197.884994507,198.04800415,197.192001343,197.951004028,0
2024-12-19 13:00:00+00:00,197.949996948,197.955993652,197.24899292,197.570999146,0
2024-12-19 14:00:00+00:00,197.570999146,198.093994141,197.567993164,197.723999023,0
2024-12-19 15:00:00+00:00,197.722000122,198.061004639,197.634994507,197.927001953,0
2024-12-19 16:00:00+00:00,197.927001953,198.100006104,197.54800415,197.598999023,0
2024-12-19 17:00:00+00:00,197.597000122,197.667007446,197.134994507,197.276000977,0
2024-12-19 18:00:00+00:00,197.281005859,197.416000366,197.147994995,197.354003906,0
2024-12-19 19:00:00+00:00,197.350997925,197.412994385,196.802001953,196.837005615,0
2024-12-19 20:00:00+00:00,196.848999023,196.957992554,196.690002441,196.695007324,0
2024-12-19 21:00:00+00:00,196.705993652,196.848999023,196.602996826,196.759002686,0
2024-12-19 22:00:00+00:00,196.759002686,196.921005249,196.695999146,196.847000122,0
2024-12-19 23:00:00+00:00,196.847000122,197.04699707,196.751998901,197.011993408,0
2024-12-20 00:00:00+00:00,196.996994019,197.291000366,196.977996826,197.011993408,0
2024-12-20 01:00:00+00:00,197.007003784,197.037002563,196.300994873,196.43699646,0
2024-12-20 02:00:00+00:00,196.429000854,196.48500061,195.897003174,196.005004883,0
2024-12-20 03:00:00+00:00,196.005004883,196.175994873,195.764007568,196.011993408,0
2024-12-20 04:00:00+00:00,196.014007568,196.363006592,196.011001587,196.341995239,0
2024-12-20 05:00:00+00:00,196.341003418,196.363998413,195.981002808,196.080001831,0
2024-12-20 06:00:00+00:00,196.085006714,196.429000854,195.82699585,196.287994385,0
2024-12-20 07:00:00+00:00,196.305999756,196.328994751,195.949996948,196.074996948,0
2024-12-20 08:00:00+00:00,196.07800293,196.423995972,195.841003418,196.195007324,0
2024-12-20 09:00:00+00:00,196.194000244,196.229003906,195.742004395,195.945999146,0
2024-12-20 10:00:00+00:00,195.947006226,196.203994751,195.895004272,196.070007324,0
2024-12-20 11:00:00+00:00,196.070999146,196.104003906,195.858001709,196.052001953,0
2024-12-20 12:00:00+00:00,196.059997559,196.207000732,195.957992554,196.031005859,0
2024-12-20 13:00:00+00:00,196.033004761,196.621002197,196.016998291,196.488998413,0
2024-12-20 14:00:00+00:00,196.488006592,196.550994873,196.18800354,196.466003418,0
2024-12-20 15:00:00+00:00,196.451004028,196.770996094,196.229995728,196.264007568,0
2024-12-20 16:00:00+00:00,196.26499939,196.690994263,196.220001221,196.458999634,0
2024-12-20 17:00:00+00:00,196.460998535,196.781997681,196.457992554,196.695999146,0
2024-12-20 18:00:00+00:00,196.694000244,196.759994507,196.550003052,196.57800293,0
2024-12-20 19:00:00+00:00,196.572998047,196.789993286,196.485992432,196.537002563,0
2024-12-20 20:00:00+00:00,196.542007446,196.669006348,196.468994141,196.598999023,0
2024-12-20 21:00:00+00:00,196.598999023,196.654006958,196.466995239,196.518005371,0
2024-12-20 22:00:00+00:00,196.63999939,196.63999939,196.63999939,196.63999939,0
2024-12-23 00:00:00+00:00,196.759002686,196.949005127,196.67199707,196.86000061,0
2024-12-23 01:00:00+00:00,196.863998413,197.007003784,196.654006958,196.809997559,0
2024-12-23 02:00:00+00:00,196.807998657,197.037994385,196.705993652,197.011001587,0
2024-12-23 03:00:00+00:00,197.011001587,197.097000122,196.824005127,196.843994141,0
2024-12-23 04:00:00+00:00,196.845993042,197.044006348,196.804000854,196.962005615,0
2024-12-23 05:00:00+00:00,196.968002319,197.085006714,196.947998047,196.996994019,0
2024-12-23 06:00:00+00:00,196.998001099,197.005004883,196.789993286,196.802001953,0
2024-12-23 07:00:00+00:00,196.79699707,197.037994385,196.785995483,196.882995605,0
2024-12-23 08:00:00+00:00,196.878005981,196.901000977,196.570999146,196.852996826,0
2024-12-23 09:00:00+00:00,196.843002319,197.070999146,196.761001587,196.929000854,0
2024-12-23 10:00:00+00:00,196.927993774,196.973007202,196.593002319,196.710998535,0
2024-12-23 11:00:00+00:00,196.710006714,196.798995972,196.492004395,196.550003052,0
2024-12-23 12:00:00+00:00,196.548995972,196.824005127,196.438995361,196.789001465,0
2024-12-23 13:00:00+00:00,196.779006958,196.951004028,196.76499939,196.893005371,0
2024-12-23 14:00:00+00:00,196.886993408,197.035995483,196.669998169,196.828994751,0
2024-12-23 15:00:00+00:00,196.87399292,197.018005371,196.649993896,196.667007446,0
2024-12-23 16:00:00+00:00,196.664993286,196.817993164,196.608001709,196.697006226,0
2024-12-23 17:00:00+00:00,196.705993652,196.824996948,196.647994995,196.742996216,0
2024-12-23 18:00:00+00:00,196.746002197,196.990997314,196.742996216,196.843994141,0
2024-12-23 19:00:00+00:00,196.850006104,196.955001831,196.725997925,196.908004761,0
2024-12-23 20:00:00+00:00,196.897003174,197.022003174,196.798995972,196.95199585,0
2024-12-23 21:00:00+00:00,196.951004028,197.046005249,196.858001709,196.863006592,0
2024-12-23 22:00:00+00:00,196.848999023,197.074996948,196.757003784,196.904006958,0
2024-12-23 23:00:00+00:00,196.89100647,197.095993042,196.76600647,196.878997803,0
2024-12-24 00:00:00+00:00,196.893005371,197.145004272,196.850006104,196.979995728,0
2024-12-24 01:00:00+00:00,196.983001709,197.07699585,196.716003418,196.807006836,0
2024-12-24 02:00:00+00:00,196.807006836,197.076004028,196.776992798,196.835998535,0
2024-12-24 03:00:00+00:00,196.832992554,196.95300293,196.697006226,196.744003296,0
2024-12-24 04:00:00+00:00,196.755996704,196.899002075,196.613006592,196.783004761,0
2024-12-24 05:00:00+00:00,196.794006348,196.923995972,196.600006104,196.748001099,0
2024-12-24 06:00:00+00:00,196.75,196.949996948,196.636993408,196.802001953,0
2024-12-24 07:00:00+00:00,196.807006836,196.927993774,196.723007202,196.830001831,0
2024-12-24 08:00:00+00:00,196.826004028,197,196.723999023,196.772994995,0
2024-12-24 09:00:00+00:00,196.770996094,196.942001343,196.625,196.794006348,0
2024-12-24 10:00:00+00:00,196.794006348,196.957000732,196.660995483,196.848999023,0
2024-12-24 11:00:00+00:00,196.841003418,197.018005371,196.794998169,196.867004395,0
2024-12-24 12:00:00+00:00,196.865997314,197.348007202,196.768005371,197.113998413,0
2024-12-24 13:00:00+00:00,197.10899353,197.526000977,197.074996948,197.419006348,0
2024-12-24 14:00:00+00:00,197.417999268,197.703994751,197.358001709,197.488006592,0
2024-12-24 15:00:00+00:00,197.488006592,197.64100647,197.085006714,197.199005127,0
2024-12-24 16:00:00+00:00,197.192001343,197.352996826,196.895996094,196.901992798,0
2024-12-24 17:00:00+00:00,196.901000977,197.076004028,196.832000732,196.835998535,0
2024-12-24 18:00:00+00:00,196.843994141,197.212997437,196.79699707,197.037002563,0
2024-12-24 19:00:00+00:00,197.035995483,197.225997925,196.910003662,196.940994263,0
2024-12-24 20:00:00+00:00,196.955993652,197.18699646,196.770996094,197.052993774,0
2024-12-24 21:00:00+00:00,197.003997803,197.29800415,196.779998779,196.98399353,0
2024-12-24 22:00:00+00:00,196.998001099,197.029006958,196.968002319,196.981994629,0
2024-12-24 23:00:00+00:00,196.901992798,196.93800354,196.891998291,196.917999268,0
2024-12-25 00:00:00+00:00,196.901992798,197.395996094,196.888000488,197.37600708,0
2024-12-25 01:00:00+00:00,196.985992432,197.414001465,196.796005249,197.067001343,0
2024-12-25 02:00:00+00:00,197.042007446,197.061004639,196.785003662,197.020004272,0
2024-12-25 03:00:00+00:00,197.020004272,197.091995239,196.891998291,197.020004272,0
2024-12-25 04:00:00+00:00,196.796005249,197.184005737,196.738006592,197.149002075,0
2024-12-25 05:00:00+00:00,197.149002075,197.333999634,197.13999939,197.31300354,0
2024-12-25 06:00:00+00:00,197.313995361,197.425003052,197.304992676,197.425003052,0
2024-12-25 07:00:00+00:00,197.158996582,197.171005249,197.046005249,197.070999146,0
2024-12-25 08:00:00+00:00,197.070999146,197.070999146,197.070999146,197.070999146,0
2024-12-25 18:00:00+00:00,197.412994385,197.432998657,197.348007202,197.358001709,0
2024-12-25 21:00:00+00:00,197.397003174,197.481994629,197.229995728,197.417999268,0
2024-12-25 22:00:00+00:00,197.419006348,197.419006348,196.975997925,197.242004395,0
2024-12-25 23:00:00+00:00,197.238006592,197.281005859,197.070007324,197.098999023,0
2024-12-26 00:00:00+00:00,197.076004028,197.421005249,197.00100708,197.348999023,0
2024-12-26 01:00:00+00:00,197.345993042,197.496002197,197.244003296,197.414001465,0
2024-12-26 02:00:00+00:00,197.412002563,197.520004272,197.378005981,197.460998535,0
2024-12-26 03:00:00+00:00,197.460006714,197.509002686,197.371994019,197.438995361,0
2024-12-26 04:00:00+00:00,197.427993774,197.559997559,197.365997314,197.382003784,0
2024-12-26 05:00:00+00:00,197.371994019,197.464996338,197.324996948,197.388000488,0
2024-12-26 06:00:00+00:00,197.378005981,197.477996826,197.324996948,197.335006714,0
2024-12-26 07:00:00+00:00,197.339004517,197.376998901,197.076004028,197.194000244,0
2024-12-26 08:00:00+00:00,197.190002441,197.220993042,197.104003906,197.115997314,0
2024-12-26 09:00:00+00:00,197.102996826,197.292007446,197.014007568,197.264007568,0
2024-12-26 10:00:00+00:00,197.26600647,197.343002319,197.227996826,197.322998047,0
2024-12-26 11:00:00+00:00,197.319000244,197.475006104,197.291000366,197.460998535,0
2024-12-26 12:00:00+00:00,197.458999634,197.494995117,197.276992798,197.37600708,0
2024-12-26 13:00:00+00:00,197.37600708,197.675003052,197.332000732,197.664993286,0
2024-12-26 14:00:00+00:00,197.666000366,197.70199585,197.447998047,197.524002075,0
2024-12-26 15:00:00+00:00,197.522994995,197.850006104,197.434997559,197.744003296,0
2024-12-26 16:00:00+00:00,197.744995117,197.865005493,197.662994385,197.843994141,0
2024-12-26 17:00:00+00:00,197.856994629,197.880996704,197.692001343,197.791000366,0
2024-12-26 18:00:00+00:00,197.789993286,198.007003784,197.774002075,197.800994873,0
2024-12-26 19:00:00+00:00,197.792007446,197.951004028,197.74899292,197.871002197,0
2024-12-26 20:00:00+00:00,197.871994019,197.910995483,197.770996094,197.899993896,0
2024-12-26 21:00:00+00:00,197.910995483,197.960998535,197.802001953,197.828994751,0
2024-12-26 22:00:00+00:00,197.832000732,197.87399292,197.559997559,197.714996338,0
2024-12-26 23:00:00+00:00,197.723999023,197.746994019,197.516998291,197.602996826,0
2024-12-27 00:00:00+00:00,197.632003784,197.865997314,197.481994629,197.82800293,0
2024-12-27 01:00:00+00:00,197.82699585,197.869995117,197.50100708,197.520004272,0
2024-12-27 02:00:00+00:00,197.520004272,197.539001465,197.20199585,197.317001343,0
2024-12-27 03:00:00+00:00,197.31199646,197.492004395,197.307006836,197.45199585,0
2024-12-27 04:00:00+00:00,197.460998535,197.520996094,197.296005249,197.309997559,0
2024-12-27 05:00:00+00:00,197.307006836,197.56300354,197.285995483,197.49899292,0
2024-12-27 06:00:00+00:00,197.50100708,197.634994507,197.37399292,197.565002441,0
2024-12-27 07:00:00+00:00,197.557998657,197.805999756,197.501998901,197.727996826,0
2024-12-27 08:00:00+00:00,197.73399353,197.824996948,197.625,197.675003052,0
2024-12-27 09:00:00+00:00,197.686004639,197.716003418,197.339996338,197.475006104,0
2024-12-27 10:00:00+00:00,197.470001221,197.770004272,197.37399292,197.70199585,0
2024-12-27 11:00:00+00:00,197.70300293,197.932998657,197.520996094,197.867996216,0
2024-12-27 12:00:00+00:00,197.878997803,198.143005371,197.817001343,198.083999634,0
2024-12-27 13:00:00+00:00,198.085006714,198.395004272,198.037002563,198.393997192,0
2024-12-27 14:00:00+00:00,198.395996094,198.50100708,198.082992554,198.360992432,0
2024-12-27 15:00:00+00:00,198.365005493,198.503997803,198.039001465,198.164993286,0
2024-12-27 16:00:00+00:00,198.160995483,198.397994995,198.054000854,198.264007568,0
2024-12-27 17:00:00+00:00,198.257003784,198.270004272,198.009994507,198.227005005,0
2024-12-27 18:00:00+00:00,198.218002319,198.393005371,198.182998657,198.365997314,0
2024-12-27 19:00:00+00:00,198.354003906,198.712005615,198.302993774,198.712005615,0
2024-12-27 20:00:00+00:00,198.695999146,198.716003418,198.51499939,198.632995605,0
2024-12-27 21:00:00+00:00,198.645004272,198.660995483,198.369995117,198.416000366,0
2024-12-27 22:00:00+00:00,198.466995239,198.466995239,198.466995239,198.466995239,0
2024-12-30 00:00:00+00:00,198.589004517,198.720993042,198.343994141,198.662994385,0
2024-12-30 01:00:00+00:00,198.654006958,198.68699646,198.449996948,198.503997803,0
2024-12-30 02:00:00+00:00,198.496002197,198.544998169,198.363998413,198.492996216,0
2024-12-30 03:00:00+00:00,198.492004395,198.533996582,198.429992676,198.505996704,0
2024-12-30 04:00:00+00:00,198.507003784,198.537994385,198.434997559,198.505004883,0
2024-12-30 05:00:00+00:00,198.507003784,198.729995728,198.488998413,198.593002319,0
2024-12-30 06:00:00+00:00,198.600997925,198.955001831,198.585998535,198.679000854,0
2024-12-30 07:00:00+00:00,198.690002441,198.707992554,198.39100647,198.613998413,0
2024-12-30 08:00:00+00:00,198.613006592,198.70300293,198.289001465,198.382995605,0
2024-12-30 09:00:00+00:00,198.38999939,198.61000061,198.371994019,198.557998657,0
2024-12-30 10:00:00+00:00,198.54699707,198.753005981,198.48500061,198.639007568,0
2024-12-30 11:00:00+00:00,198.639007568,198.712997437,198.565002441,198.593994141,0
2024-12-30 12:00:00+00:00,198.580001831,198.669006348,198.289001465,198.447998047,0
2024-12-30 13:00:00+00:00,198.43800354,198.505996704,197.643005371,197.662994385,0
2024-12-30 14:00:00+00:00,197.677001953,197.964996338,197.166000366,197.222000122,0
2024-12-30 15:00:00+00:00,197.210998535,197.225997925,196.315002441,196.63999939,0
2024-12-30 16:00:00+00:00,196.649002075,196.92300415,196.451004028,196.865997314,0
2024-12-30 17:00:00+00:00,196.858001709,197.167007446,196.858001709,197.12399292,0
2024-12-30 18:00:00+00:00,197.123001099,197.285003662,196.958999634,197.065002441,0
2024-12-30 19:00:00+00:00,197.06199646,197.108001709,196.901992798,197.050003052,0
2024-12-30 20:00:00+00:00,197.037994385,197.070007324,196.718002319,196.740005493,0
2024-12-30 21:00:00+00:00,196.740005493,196.901992798,196.67199707,196.800003052,0
2024-12-30 22:00:00+00:00,196.658004761,196.934005737,196.587005615,196.707000732,0
2024-12-30 23:00:00+00:00,196.70300293,197.04800415,196.658004761,196.990997314,0
2024-12-31 00:00:00+00:00,197,197.044006348,196.580993652,196.583999634,0
2024-12-31 01:00:00+00:00,196.593994141,196.712997437,196.320999146,196.447006226,0
2024-12-31 02:00:00+00:00,196.449996948,196.492996216,196.32699585,196.35899353,0
2024-12-31 03:00:00+00:00,196.358001709,196.442001343,196.298995972,196.354003906,0
2024-12-31 04:00:00+00:00,196.341003418,196.352996826,195.901000977,195.977005005,0
2024-12-31 05:00:00+00:00,195.981994629,196.091003418,195.869003296,196.074005127,0
2024-12-31 06:00:00+00:00,196.082992554,196.257995605,195.947006226,196.192993164,0
2024-12-31 07:00:00+00:00,196.199996948,196.26600647,195.93699646,196.201004028,0
2024-12-31 08:00:00+00:00,196.199005127,196.248001099,195.731994629,196.016998291,0
2024-12-31 09:00:00+00:00,196.016998291,196.75100708,195.912994385,196.645004272,0
2024-12-31 10:00:00+00:00,196.645996094,196.847000122,196.475997925,196.839004517,0
2024-12-31 11:00:00+00:00,196.833999634,196.848007202,196.425994873,196.606994629,0
2024-12-31 12:00:00+00:00,196.602005005,196.731994629,196.367996216,196.587997437,0
2024-12-31 13:00:00+00:00,196.598999023,196.766998291,196.520004272,196.707992554,0
2024-12-31 14:00:00+00:00,196.707000732,196.787994385,196.335006714,196.393005371,0
2024-12-31 15:00:00+00:00,196.391998291,196.882003784,196.302001953,196.87600708,0
2024-12-31 16:00:00+00:00,196.873001099,197.119995117,196.695999146,197.016998291,0
2024-12-31 17:00:00+00:00,197.014007568,197.195007324,196.82800293,197,0
2024-12-31 18:00:00+00:00,196.994003296,197.003997803,196.675994873,196.774993896,0
2024-12-31 19:00:00+00:00,196.774002075,196.914993286,196.682006836,196.779006958,0
2024-12-31 20:00:00+00:00,196.776992798,197.12600708,196.761001587,196.977996826,0
2024-12-31 21:00:00+00:00,196.973999023,196.992004395,196.585998535,196.658996582,0
2024-12-31 22:00:00+00:00,196.636001587,196.636001587,196.636001587,196.636001587,0
2025-01-01 18:00:00+00:00,196.884002686,196.932006836,196.710998535,196.916000366,0
2025-01-01 19:00:00+00:00,196.916000366,196.940002441,196.908996582,196.917007446,0
2025-01-01 20:00:00+00:00,196.917007446,196.917007446,196.630996704,196.645996094,0
2025-01-01 21:00:00+00:00,196.643997192,196.835006714,196.63999939,196.776000977,0
2025-01-01 22:00:00+00:00,196.776992798,196.878997803,196.630996704,196.748001099,0
2025-01-01 23:00:00+00:00,196.746994019,197.48500061,196.630996704,197.472000122,0
2025-01-02 00:00:00+00:00,197.430999756,197.475997925,196.908996582,197.031005859,0
2025-01-02 01:00:00+00:00,197.037002563,197.313995361,197.005996704,197.201004028,0
2025-01-02 02:00:00+00:00,197.192001343,197.201004028,197.059997559,197.123001099,0
2025-01-02 03:00:00+00:00,197.128005981,197.145004272,196.934005737,197.007995605,0
2025-01-02 04:00:00+00:00,197.009002686,197.022003174,196.770996094,196.805999756,0
2025-01-02 05:00:00+00:00,196.807998657,197.020004272,196.75,197.005996704,0
2025-01-02 06:00:00+00:00,197.014007568,197.014007568,196.276000977,196.276000977,0
2025-01-02 07:00:00+00:00,196.270996094,196.440002441,195.983001709,196.166000366,0
2025-01-02 08:00:00+00:00,196.167007446,196.341003418,195.550003052,195.934997559,0
2025-01-02 09:00:00+00:00,195.934005737,196.039001465,195.669998169,195.712005615,0
2025-01-02 10:00:00+00:00,195.710006714,196.052001953,195.544006348,195.57800293,0
2025-01-02 11:00:00+00:00,195.57699585,195.776000977,195.460998535,195.768997192,0
2025-01-02 12:00:00+00:00,195.772003174,195.809997559,195.037002563,195.091995239,0
2025-01-02 13:00:00+00:00,195.089004517,195.102005005,194.358001709,194.520996094,0
2025-01-02 14:00:00+00:00,194.526000977,194.87399292,194.223007202,194.70300293,0
2025-01-02 15:00:00+00:00,194.697006226,194.802001953,194.18800354,194.466995239,0
2025-01-02 16:00:00+00:00,194.466003418,195.126998901,194.37600708,195.093002319,0
2025-01-02 17:00:00+00:00,195.093994141,195.322006226,194.73399353,194.929992676,0
2025-01-02 18:00:00+00:00,194.934005737,195.057006836,194.79800415,194.807998657,0
2025-01-02 19:00:00+00:00,194.81300354,195.098999023,194.779998779,194.957992554,0
2025-01-02 20:00:00+00:00,194.947998047,195.184997559,194.947998047,195.115005493,0
2025-01-02 21:00:00+00:00,195.108001709,195.12600708,194.850997925,194.916000366,0
2025-01-02 22:00:00+00:00,194.917007446,195.014007568,194.718994141,194.92300415,0
2025-01-02 23:00:00+00:00,194.927001953,195.022003174,194.779006958,194.787002563,0
2025-01-03 00:00:00+00:00,194.802993774,194.902999878,194.67300415,194.727005005,0
2025-01-03 01:00:00+00:00,194.729995728,194.932006836,194.690994263,194.800003052,0
2025-01-03 02:00:00+00:00,194.789001465,194.953994751,194.746994019,194.92199707,0
2025-01-03 03:00:00+00:00,194.914001465,195.152999878,194.820007324,194.962997437,0
2025-01-03 04:00:00+00:00,194.962005615,195.059997559,194.884994507,194.93800354,0
2025-01-03 05:00:00+00:00,194.930999756,195.007995605,194.860992432,194.973999023,0
2025-01-03 06:00:00+00:00,194.970001221,195.035995483,194.886993408,194.942993164,0
2025-01-03 07:00:00+00:00,194.95199585,194.966003418,194.634994507,194.833999634,0
2025-01-03 08:00:00+00:00,194.837005615,195.130004883,194.835998535,194.988998413,0
2025-01-03 09:00:00+00:00,194.983001709,195.177001953,194.908004761,195.080993652,0
2025-01-03 10:00:00+00:00,195.080001831,195.102996826,194.718002319,195.01600647,0
2025-01-03 11:00:00+00:00,195.016998291,195.251998901,195.011993408,195.095001221,0
2025-01-03 12:00:00+00:00,195.087997437,195.143997192,194.87600708,194.979995728,0
2025-01-03 13:00:00+00:00,194.981002808,195.067993164,194.822998047,194.934997559,0
2025-01-03 14:00:00+00:00,194.927001953,195.242996216,194.830993652,194.949996948,0
2025-01-03 15:00:00+00:00,194.988006592,195.304992676,194.947998047,195.244995117,0
2025-01-03 16:00:00+00:00,195.235992432,195.363006592,195.117004395,195.210998535,0
2025-01-03 17:00:00+00:00,195.210006714,195.236999512,194.92300415,195.167999268,0
2025-01-03 18:00:00+00:00,195.167007446,195.276992798,195.139007568,195.199996948,0
2025-01-03 19:00:00+00:00,195.194000244,195.378005981,195.179992676,195.371002197,0
2025-01-03 20:00:00+00:00,195.369995117,195.524002075,195.309005737,195.51600647,0
2025-01-03 21:00:00+00:00,195.509002686,195.539001465,195.210998535,195.399993896,0
2025-01-03 22:00:00+00:00,195.436004639,195.436004639,195.436004639,195.436004639,0
2025-01-06 00:00:00+00:00,195.682006836,196.01600647,195.673995972,195.869995117,0
2025-01-06 01:00:00+00:00,195.878005981,196.074005127,195.768997192,195.992004395,0
2025-01-06 02:00:00+00:00,195.990997314,196.25,195.95300293,196.184997559,0
2025-01-06 03:00:00+00:00,196.182006836,196.23399353,196.00100708,196.119003296,0
2025-01-06 04:00:00+00:00,196.119995117,196.192993164,196.026992798,196.160003662,0
2025-01-06 05:00:00+00:00,196.156005859,196.348999023,196.10899353,196.212997437,0
2025-01-06 06:00:00+00:00,196.214004517,196.268997192,196.123001099,196.156997681,0
2025-01-06 07:00:00+00:00,196.156997681,196.408004761,196.026992798,196.330001831,0
2025-01-06 08:00:00+00:00,196.330993652,196.802001953,196.32699585,196.76600647,0
2025-01-06 09:00:00+00:00,196.76499939,197.009002686,196.600006104,196.787994385,0
2025-01-06 10:00:00+00:00,196.783004761,196.977996826,196.582000732,196.792999268,0
2025-01-06 11:00:00+00:00,196.792007446,197.412002563,196.699996948,197.182006836,0
2025-01-06 12:00:00+00:00,197.175003052,197.244003296,196.345993042,196.529006958,0
2025-01-06 13:00:00+00:00,196.529998779,196.585006714,195.940994263,196.29699707,0
2025-01-06 14:00:00+00:00,196.294998169,196.884994507,195.820007324,196.787994385,0
2025-01-06 15:00:00+00:00,196.794006348,197.115997314,196.727005005,197.037002563,0
2025-01-06 16:00:00+00:00,197.037002563,197.397003174,196.936004639,197.343994141,0
2025-01-06 17:00:00+00:00,197.335998535,197.343002319,196.972000122,197.164993286,0
2025-01-06 18:00:00+00:00,197.162994385,197.253005981,197.005004883,197.042999268,0
2025-01-06 19:00:00+00:00,197.037994385,197.190002441,196.942993164,197.123001099,0
2025-01-06 20:00:00+00:00,197.130004883,197.341003418,197.089004517,197.328994751,0
2025-01-06 21:00:00+00:00,197.333999634,197.410003662,197.195007324,197.199005127,0
2025-01-06 22:00:00+00:00,197.205001831,197.369003296,197.093002319,197.259002686,0
2025-01-06 23:00:00+00:00,197.270004272,197.440994263,197.242996216,197.332000732,0
2025-01-07 00:00:00+00:00,197.324996948,197.919998169,197.322006226,197.830001831,0
2025-01-07 01:00:00+00:00,197.820007324,198.210998535,197.727005005,198.197998047,0
2025-01-07 02:00:00+00:00,198.199005127,198.207992554,198.031997681,198.158996582,0
2025-01-07 03:00:00+00:00,198.162002563,198.255996704,198.055999756,198.173995972,0
2025-01-07 04:00:00+00:00,198.175003052,198.20199585,198.024002075,198.097000122,0
2025-01-07 05:00:00+00:00,198.089996338,198.175003052,197.869003296,197.919006348,0
2025-01-07 06:00:00+00:00,197.925994873,197.936004639,197.714004517,197.785995483,0
2025-01-07 07:00:00+00:00,197.783004761,197.945999146,197.636993408,197.692001343,0
2025-01-07 08:00:00+00:00,197.686004639,197.82800293,197.317993164,197.742996216,0
2025-01-07 09:00:00+00:00,197.740997314,198.20199585,197.682998657,197.99899292,0
2025-01-07 10:00:00+00:00,197.99899292,198.160003662,197.841995239,198.104003906,0
2025-01-07 11:00:00+00:00,198.10899353,198.12600708,197.729995728,197.768005371,0
2025-01-07 12:00:00+00:00,197.759994507,197.936004639,197.54699707,197.587005615,0
2025-01-07 13:00:00+00:00,197.591995239,197.848999023,197.507003784,197.742996216,0
2025-01-07 14:00:00+00:00,197.742996216,197.850006104,197.533004761,197.593994141,0
2025-01-07 15:00:00+00:00,197.658996582,197.970001221,197.192993164,197.369995117,0
2025-01-07 16:00:00+00:00,197.380004883,197.45199585,196.998001099,197.231002808,0
2025-01-07 17:00:00+00:00,197.225997925,197.307998657,196.979003906,197.115997314,0
2025-01-07 18:00:00+00:00,197.110992432,197.18699646,196.99899292,197.117996216,0
2025-01-07 19:00:00+00:00,197.119003296,197.169998169,197.048995972,197.067993164,0
2025-01-07 20:00:00+00:00,197.06300354,197.069000244,196.867996216,197.024993896,0
2025-01-07 21:00:00+00:00,197.018005371,197.268997192,197.007003784,197.17199707,0
2025-01-07 22:00:00+00:00,197.091003418,197.214004517,197.054000854,197.141998291,0
2025-01-07 23:00:00+00:00,197.156997681,197.440994263,197.121994019,197.412002563,0
2025-01-08 00:00:00+00:00,197.39100647,197.412002563,197.039001465,197.363006592,0
2025-01-08 01:00:00+00:00,197.361999512,197.371994019,197.10899353,197.227996826,0
2025-01-08 02:00:00+00:00,197.225997925,197.470993042,197.182006836,197.408996582,0
2025-01-08 03:00:00+00:00,197.402999878,197.531997681,197.363006592,197.412002563,0
2025-01-08 04:00:00+00:00,197.408996582,197.537002563,197.37600708,197.50100708,0
2025-01-08 05:00:00+00:00,197.5,197.535995483,197.380996704,197.527999878,0
2025-01-08 06:00:00+00:00,197.529006958,197.54800415,197.32699585,197.399993896,0
2025-01-08 07:00:00+00:00,197.399002075,197.399002075,196.942001343,197.134994507,0
2025-01-08 08:00:00+00:00,197.136993408,197.227005005,196.856002808,196.878005981,0
2025-01-08 09:00:00+00:00,196.875,196.957000732,196.718002319,196.914001465,0
2025-01-08 10:00:00+00:00,196.910995483,197.097000122,196.805999756,197.069000244,0
2025-01-08 11:00:00+00:00,197.070007324,197.072006226,195.382003784,195.945007324,0
2025-01-08 12:00:00+00:00,195.940002441,195.962005615,195.257003784,195.54800415,0
2025-01-08 13:00:00+00:00,195.546005249,195.606002808,195.130004883,195.496994019,0
2025-01-08 14:00:00+00:00,195.498001099,195.598999023,195.10899353,195.190994263,0
2025-01-08 15:00:00+00:00,195.190994263,195.539001465,195.121994019,195.468994141,0
2025-01-08 16:00:00+00:00,195.473007202,195.826004028,195.384002686,195.770004272,0
2025-01-08 17:00:00+00:00,195.770996094,195.813995361,195.479003906,195.552001953,0
2025-01-08 18:00:00+00:00,195.552993774,195.917007446,195.537994385,195.768005371,0
2025-01-08 19:00:00+00:00,195.820007324,196.013000488,195.753997803,195.81300354,0
2025-01-08 20:00:00+00:00,195.81300354,195.820007324,195.682006836,195.761001587,0
2025-01-08 21:00:00+00:00,195.772003174,195.880996704,195.70300293,195.757003784,0
2025-01-08 22:00:00+00:00,195.753997803,195.766998291,195.542999268,195.688995361,0
2025-01-08 23:00:00+00:00,195.694000244,195.81199646,195.485992432,195.488006592,0
2025-01-09 00:00:00+00:00,195.488998413,195.604995728,195.348007202,195.548995972,0
2025-01-09 01:00:00+00:00,195.544998169,195.604995728,195.333999634,195.399002075,0
2025-01-09 02:00:00+00:00,195.397994995,195.445999146,195.319000244,195.402999878,0
2025-01-09 03:00:00+00:00,195.393997192,195.408996582,194.964004517,194.990005493,0
2025-01-09 04:00:00+00:00,195.005004883,195.005004883,194.585998535,194.785995483,0
2025-01-09 05:00:00+00:00,194.787002563,195.085998535,194.729003906,194.912994385,0
2025-01-09 06:00:00+00:00,194.910995483,194.944000244,194.373001099,194.42300415,0
2025-01-09 07:00:00+00:00,194.42199707,194.695007324,193.738998413,193.916000366,0
2025-01-09 08:00:00+00:00,193.914001465,194.425994873,193.679000854,194.298995972,0
2025-01-09 09:00:00+00:00,194.302993774,194.494003296,194.07800293,194.147003174,0
2025-01-09 10:00:00+00:00,194.145996094,194.182998657,193.628997803,194.083999634,0
2025-01-09 11:00:00+00:00,194.091995239,194.223007202,193.86000061,194.042999268,0
2025-01-09 12:00:00+00:00,194.039993286,194.074005127,193.473999023,193.910003662,0
2025-01-09 13:00:00+00:00,193.914001465,194.300003052,193.776992798,193.919998169,0
2025-01-09 14:00:00+00:00,193.92199707,194.348999023,193.912002563,194.337997437,0
2025-01-09 15:00:00+00:00,194.322006226,194.412994385,194.167007446,194.343994141,0
2025-01-09 16:00:00+00:00,194.347000122,194.369995117,194.080993652,194.361999512,0
2025-01-09 17:00:00+00:00,194.361999512,194.598007202,194.356002808,194.485992432,0
2025-01-09 18:00:00+00:00,194.481002808,194.600006104,194.429000854,194.522994995,0
2025-01-09 19:00:00+00:00,194.522994995,194.675994873,194.49899292,194.61000061,0
2025-01-09 20:00:00+00:00,194.615005493,194.708999634,194.561004639,194.652999878,0
2025-01-09 21:00:00+00:00,194.651000977,194.658996582,194.535995483,194.595001221,0
2025-01-09 22:00:00+00:00,194.472000122,194.744003296,194.466995239,194.649002075,0
2025-01-09 23:00:00+00:00,194.647003174,194.652999878,194.326004028,194.361999512,0
2025-01-10 00:00:00+00:00,194.363006592,194.64100647,194.229003906,194.285003662,0
2025-01-10 01:00:00+00:00,194.298995972,194.647003174,194.223999023,194.539993286,0
2025-01-10 02:00:00+00:00,194.550003052,194.772003174,194.526992798,194.742004395,0
2025-01-10 03:00:00+00:00,194.738998413,194.75100708,194.613998413,194.630004883,0
2025-01-10 04:00:00+00:00,194.626998901,194.766998291,194.62600708,194.712997437,0
2025-01-10 05:00:00+00:00,194.699996948,194.772003174,194.417007446,194.466995239,0
2025-01-10 06:00:00+00:00,194.468994141,194.539993286,194.220993042,194.233001709,0
2025-01-10 07:00:00+00:00,194.227005005,194.736999512,194.214996338,194.669998169,0
2025-01-10 08:00:00+00:00,194.671005249,194.736999512,193.828994751,193.93800354,0
2025-01-10 09:00:00+00:00,193.93800354,194.337005615,193.680999756,194.291000366,0
2025-01-10 10:00:00+00:00,194.287994385,194.438995361,194.039993286,194.358001709,0
2025-01-10 11:00:00+00:00,194.35899353,194.615005493,194.208999634,194.365005493,0
2025-01-10 12:00:00+00:00,194.367996216,194.602005005,194.304000854,194.57699585,0
2025-01-10 13:00:00+00:00,194.572998047,194.694000244,193.662994385,193.930999756,0
2025-01-10 14:00:00+00:00,193.92300415,193.988998413,193.18800354,193.386001587,0
2025-01-10 15:00:00+00:00,193.365005493,193.535995483,192.669998169,192.675003052,0
2025-01-10 16:00:00+00:00,192.677001953,192.757995605,192.197006226,192.563995361,0
2025-01-10 17:00:00+00:00,192.56300354,192.776000977,192.51499939,192.705001831,0
2025-01-10 18:00:00+00:00,192.703994751,192.875,192.643005371,192.833999634,0
2025-01-10 19:00:00+00:00,192.841995239,192.908996582,192.682006836,192.755996704,0
2025-01-10 20:00:00+00:00,192.764007568,192.79800415,192.57699585,192.666000366,0
2025-01-10 21:00:00+00:00,192.675994873,192.684005737,192.402999878,192.434997559,0
2025-01-10 22:00:00+00:00,192.503005981,192.520996094,192.503005981,192.520996094,0
2025-01-13 00:00:00+00:00,192.697006226,192.75100708,192.505996704,192.516998291,0
2025-01-13 01:00:00+00:00,192.520004272,192.606994629,191.70199585,191.945007324,0
2025-01-13 02:00:00+00:00,191.945007324,192.136001587,191.863998413,191.869003296,0
2025-01-13 03:00:00+00:00,191.87399292,191.914001465,191.106994629,191.132995605,0
2025-01-13 04:00:00+00:00,191.134002686,191.447006226,190.960006714,191.242996216,0
2025-01-13 05:00:00+00:00,191.244003296,191.266998291,190.832992554,191.195999146,0
2025-01-13 06:00:00+00:00,191.194000244,191.524002075,191.067993164,191.289001465,0
2025-01-13 07:00:00+00:00,191.302993774,191.457992554,190.791000366,191.132003784,0
2025-01-13 08:00:00+00:00,191.121002197,191.733001709,191.100997925,191.257003784,0
2025-01-13 09:00:00+00:00,191.268997192,191.29800415,190.067001343,190.195007324,0
2025-01-13 10:00:00+00:00,190.195007324,191.018997192,190.13999939,190.979995728,0
2025-01-13 11:00:00+00:00,190.979995728,191.10899353,190.490005493,190.501998901,0
2025-01-13 12:00:00+00:00,190.505996704,190.785995483,190.283996582,190.365997314,0
2025-01-13 13:00:00+00:00,190.35899353,190.934997559,190.291000366,190.86000061,0
2025-01-13 14:00:00+00:00,190.863998413,191.292007446,190.639007568,191.190002441,0
2025-01-13 15:00:00+00:00,191.18699646,191.542999268,191.044006348,191.404998779,0
2025-01-13 16:00:00+00:00,191.399002075,191.764007568,191.296005249,191.457000732,0
2025-01-13 17:00:00+00:00,191.460998535,191.626998901,191.42199707,191.520996094,0
2025-01-13 18:00:00+00:00,191.529998779,191.882003784,191.393005371,191.805999756,0
2025-01-13 19:00:00+00:00,191.796005249,192.01600647,191.654006958,192.011001587,0
2025-01-13 20:00:00+00:00,192.003997803,192.06300354,191.830001831,191.947998047,0
2025-01-13 21:00:00+00:00,191.947998047,192.207000732,191.841995239,192.06199646,0
2025-01-13 22:00:00+00:00,192.059997559,192.710006714,191.998001099,192.417007446,0
2025-01-13 23:00:00+00:00,192.417999268,192.570999146,192.289001465,192.45300293,0
2025-01-14 00:00:00+00:00,192.408996582,192.434997559,192.095993042,192.365005493,0
2025-01-14 01:00:00+00:00,192.365997314,192.908004761,191.755996704,192.240997314,0
2025-01-14 02:00:00+00:00,192.244003296,192.455993652,192.093002319,192.412002563,0
2025-01-14 03:00:00+00:00,192.408004761,192.667007446,192.320007324,192.358001709,0
2025-01-14 04:00:00+00:00,192.354003906,192.45199585,192.188995361,192.281997681,0
2025-01-14 05:00:00+00:00,192.291000366,192.442001343,192.054992676,192.289001465,0
2025-01-14 06:00:00+00:00,192.291000366,192.522003174,192.244003296,192.337997437,0
2025-01-14 07:00:00+00:00,192.337005615,192.477996826,192.136993408,192.333999634,0
2025-01-14 08:00:00+00:00,192.335998535,192.787994385,192.175003052,192.589004517,0
2025-01-14 09:00:00+00:00,192.598007202,192.772003174,192.287002563,192.335006714,0
2025-01-14 10:00:00+00:00,192.332992554,192.518005371,192.24899292,192.345993042,0
2025-01-14 11:00:00+00:00,192.350997925,192.537994385,192.197998047,192.319000244,0
2025-01-14 12:00:00+00:00,192.317993164,192.5,191.973007202,192.018997192,0
2025-01-14 13:00:00+00:00,192.018997192,192.026992798,191.473999023,191.744003296,0
2025-01-14 14:00:00+00:00,191.73399353,192.050994873,191.654998779,191.824005127,0
2025-01-14 15:00:00+00:00,191.830001831,192.824996948,191.822006226,192.714004517,0
2025-01-14 16:00:00+00:00,192.716995239,192.852005005,192.324996948,192.460998535,0
2025-01-14 17:00:00+00:00,192.460006714,192.729995728,192.281997681,192.690002441,0
2025-01-14 18:00:00+00:00,192.688995361,192.93699646,192.654998779,192.86000061,0
2025-01-14 19:00:00+00:00,192.865997314,192.981994629,192.634002686,192.677001953,0
2025-01-14 20:00:00+00:00,192.67199707,192.835006714,192.54800415,192.81199646,0
2025-01-14 21:00:00+00:00,192.809997559,192.992996216,192.774993896,192.92199707,0
2025-01-14 22:00:00+00:00,192.92300415,193.018997192,192.781005859,192.895996094,0
2025-01-14 23:00:00+00:00,192.895996094,192.996002197,192.781997681,192.979995728,0
2025-01-15 00:00:00+00:00,192.981002808,192.996002197,192.695007324,192.761993408,0
2025-01-15 01:00:00+00:00,192.764007568,192.942993164,192.570007324,192.626998901,0
2025-01-15 02:00:00+00:00,192.628005981,192.680999756,192.54800415,192.62600708,0
2025-01-15 03:00:00+00:00,192.626998901,192.712997437,192.555999756,192.677001953,0
2025-01-15 04:00:00+00:00,192.677993774,192.707000732,192.26600647,192.339996338,0
2025-01-15 05:00:00+00:00,192.332000732,192.337997437,191.847000122,191.912002563,0
2025-01-15 06:00:00+00:00,191.927001953,192.130996704,191.833999634,191.908996582,0
2025-01-15 07:00:00+00:00,191.906005859,192.154998779,191.210006714,191.916000366,0
2025-01-15 08:00:00+00:00,191.917007446,191.992004395,191.595993042,191.776000977,0
2025-01-15 09:00:00+00:00,191.776992798,191.817001343,191.335998535,191.652999878,0
2025-01-15 10:00:00+00:00,191.664001465,191.848999023,191.626998901,191.710006714,0
2025-01-15 11:00:00+00:00,191.705993652,192.007995605,191.639007568,191.932006836,0
2025-01-15 12:00:00+00:00,191.93800354,191.958999634,191.537994385,191.722000122,0
2025-01-15 13:00:00+00:00,191.723007202,192.391998291,191.686004639,192.322998047,0
2025-01-15 14:00:00+00:00,192.330001831,192.393997192,191.675003052,191.712997437,0
2025-01-15 15:00:00+00:00,191.720993042,191.863006592,191.430999756,191.576004028,0
2025-01-15 16:00:00+00:00,191.574005127,191.757003784,191.082992554,191.231002808,0
2025-01-15 17:00:00+00:00,191.227005005,191.373001099,191.147003174,191.210006714,0
2025-01-15 18:00:00+00:00,191.216003418,191.412002563,191.173995972,191.373001099,0
2025-01-15 19:00:00+00:00,191.375,191.442993164,191.317001343,191.36000061,0
2025-01-15 20:00:00+00:00,191.360992432,191.591995239,191.343002319,191.56199646,0
2025-01-15 21:00:00+00:00,191.544998169,191.613998413,191.37399292,191.464996338,0
2025-01-15 22:00:00+00:00,191.455993652,191.490005493,191.25100708,191.367996216,0
2025-01-15 23:00:00+00:00,191.356994629,191.417999268,191.246994019,191.261993408,0
2025-01-16 00:00:00+00:00,191.24899292,191.537002563,191.222000122,191.251998901,0
2025-01-16 01:00:00+00:00,191.25,191.253005981,190.125,190.210998535,0
2025-01-16 02:00:00+00:00,190.216995239,190.401992798,189.815994263,190.337997437,0
2025-01-16 03:00:00+00:00,190.341003418,190.550003052,190.307006836,190.440002441,0
2025-01-16 04:00:00+00:00,190.440002441,190.54800415,190.302993774,190.541000366,0
2025-01-16 05:00:00+00:00,190.542007446,190.63999939,190.475997925,190.589004517,0
2025-01-16 06:00:00+00:00,190.595001221,190.934005737,190.522994995,190.746994019,0
2025-01-16 07:00:00+00:00,190.75,190.901992798,190.445007324,190.835006714,0
2025-01-16 08:00:00+00:00,190.833999634,190.917999268,190.24899292,190.274002075,0
2025-01-16 09:00:00+00:00,190.270004272,190.371002197,189.783996582,189.889007568,0
2025-01-16 10:00:00+00:00,189.886993408,190.134994507,189.772003174,189.947006226,0
2025-01-16 11:00:00+00:00,189.947998047,190.339996338,189.929000854,190.199005127,0
2025-01-16 12:00:00+00:00,190.208999634,190.535995483,190.169006348,190.408996582,0
2025-01-16 13:00:00+00:00,190.410003662,190.505996704,190.057006836,190.151992798,0
2025-01-16 14:00:00+00:00,190.156997681,190.51499939,189.979995728,190.43800354,0
2025-01-16 15:00:00+00:00,190.438995361,190.440994263,190.029998779,190.147994995,0
2025-01-16 16:00:00+00:00,190.149993896,190.324996948,189.871994019,190.294998169,0
2025-01-16 17:00:00+00:00,190.29699707,190.494003296,189.949996948,189.99899292,0
2025-01-16 18:00:00+00:00,189.996002197,190.091003418,189.884994507,190.029006958,0
2025-01-16 19:00:00+00:00,190.029998779,190.067001343,189.837005615,189.996994019,0
2025-01-16 20:00:00+00:00,190.001998901,190.01600647,189.774002075,189.824996948,0
2025-01-16 21:00:00+00:00,189.826004028,189.901992798,189.761001587,189.832992554,0
2025-01-16 22:00:00+00:00,189.89100647,189.988006592,189.787002563,189.843002319,0
2025-01-16 23:00:00+00:00,189.869995117,190.091003418,189.847000122,190.080993652,0
2025-01-17 00:00:00+00:00,190.074005127,190.205993652,189.606994629,189.882995605,0
2025-01-17 01:00:00+00:00,189.873001099,190.080001831,189.776992798,189.861999512,0
2025-01-17 02:00:00+00:00,189.856002808,190.223999023,189.843002319,190.147994995,0
2025-01-17 03:00:00+00:00,190.147003174,190.205001831,190.009002686,190.147994995,0
2025-01-17 04:00:00+00:00,190.149002075,190.212997437,189.843994141,189.878997803,0
2025-01-17 05:00:00+00:00,189.878005981,190.17199707,189.858001709,190.04699707,0
2025-01-17 06:00:00+00:00,190.044998169,190.156005859,189.904998779,190.126998901,0
2025-01-17 07:00:00+00:00,190.11000061,190.128005981,189.324996948,189.436004639,0
2025-01-17 08:00:00+00:00,189.43800354,189.839004517,189.324996948,189.800994873,0
2025-01-17 09:00:00+00:00,189.800003052,190.082000732,189.544998169,189.92199707,0
2025-01-17 10:00:00+00:00,189.929992676,190.151000977,189.847000122,190.039001465,0
2025-01-17 11:00:00+00:00,190.029006958,190.175003052,189.850006104,189.88999939,0
2025-01-17 12:00:00+00:00,189.889007568,189.902999878,189.652999878,189.76600647,0
2025-01-17 13:00:00+00:00,189.772003174,189.824996948,189.481002808,189.641998291,0
2025-01-17 14:00:00+00:00,189.649993896,190.352996826,189.414001465,190.266998291,0
2025-01-17 15:00:00+00:00,190.259994507,190.602996826,190.182006836,190.408996582,0
2025-01-17 16:00:00+00:00,190.410995483,190.585006714,190.272994995,190.350006104,0
2025-01-17 17:00:00+00:00,190.373001099,190.373001099,190.138000488,190.212005615,0
2025-01-17 18:00:00+00:00,190.210998535,190.272003174,190.033996582,190.136993408,0
2025-01-17 19:00:00+00:00,190.143005371,190.180999756,189.981994629,189.996994019,0
2025-01-17 20:00:00+00:00,189.996002197,190.085006714,189.957000732,190.026992798,0
2025-01-17 21:00:00+00:00,190.042007446,190.251998901,189.99899292,190.091995239,0
2025-01-17 22:00:00+00:00,190.179992676,190.179992676,190.179992676,190.179992676,0
2025-01-20 00:00:00+00:00,190.29699707,190.438995361,190.055999756,190.059005737,0
2025-01-20 01:00:00+00:00,190.067001343,190.167007446,189.876998901,190.106002808,0
2025-01-20 02:00:00+00:00,190.104995728,190.244003296,190.042999268,190.134994507,0
2025-01-20 03:00:00+00:00,190.130004883,190.192001343,189.977996826,190.076004028,0
2025-01-20 04:00:00+00:00,190.07699585,190.432998657,190.039993286,190.395004272,0
2025-01-20 05:00:00+00:00,190.395996094,190.561004639,190.298995972,190.554992676,0
2025-01-20 06:00:00+00:00,190.554000854,190.863006592,190.445007324,190.79800415,0
2025-01-20 07:00:00+00:00,190.804992676,190.876998901,190.483001709,190.54699707,0
2025-01-20 08:00:00+00:00,190.542999268,190.68699646,190.302993774,190.399002075,0
2025-01-20 09:00:00+00:00,190.397003174,190.48399353,190.12399292,190.317993164,0
2025-01-20 10:00:00+00:00,190.313995361,190.675994873,190.304000854,190.611999512,0
2025-01-20 11:00:00+00:00,190.613998413,190.901992798,190.604995728,190.830001831,0
2025-01-20 12:00:00+00:00,190.824005127,190.841995239,190.578994751,190.742004395,0
2025-01-20 13:00:00+00:00,190.746002197,191.658996582,190.544006348,191.518997192,0
2025-01-20 14:00:00+00:00,191.520004272,191.589004517,191.177993774,191.429992676,0
2025-01-20 15:00:00+00:00,191.425003052,191.652999878,191.285003662,191.369995117,0
2025-01-20 16:00:00+00:00,191.376998901,191.514007568,191.264007568,191.410995483,0
2025-01-20 17:00:00+00:00,191.410003662,191.524993896,191.138000488,191.380004883,0
2025-01-20 18:00:00+00:00,191.380996704,191.634994507,191.309005737,191.574005127,0
2025-01-20 19:00:00+00:00,191.574005127,191.986999512,191.569000244,191.975006104,0
2025-01-20 20:00:00+00:00,191.977005005,192.01499939,191.766998291,191.843002319,0
2025-01-20 21:00:00+00:00,191.837997437,191.891998291,191.714996338,191.74899292,0
2025-01-20 22:00:00+00:00,191.828994751,191.886001587,191.623001099,191.807998657,0
2025-01-20 23:00:00+00:00,191.79800415,191.871994019,191.350006104,191.445007324,0
2025-01-21 00:00:00+00:00,191.481002808,191.593994141,190.970001221,191.257003784,0
2025-01-21 01:00:00+00:00,191.26600647,191.611999512,190.850006104,190.934005737,0
2025-01-21 02:00:00+00:00,190.92300415,190.994995117,190.460006714,190.660003662,0
2025-01-21 03:00:00+00:00,190.652999878,190.81199646,190.507995605,190.789993286,0
2025-01-21 04:00:00+00:00,190.792999268,190.822006226,190.617996216,190.697006226,0
2025-01-21 05:00:00+00:00,190.695999146,190.772994995,190.591003418,190.662994385,0
2025-01-21 06:00:00+00:00,190.654998779,190.856002808,190.626998901,190.70199585,0
2025-01-21 07:00:00+00:00,190.70199585,191.13999939,190.570007324,190.968002319,0
2025-01-21 08:00:00+00:00,190.968994141,190.992996216,190.67300415,190.895996094,0
2025-01-21 09:00:00+00:00,190.893997192,191.027999878,190.768005371,190.944000244,0
2025-01-21 10:00:00+00:00,190.938995361,191.106002808,190.822998047,191.052001953,0
2025-01-21 11:00:00+00:00,191.050994873,191.074996948,190.70300293,190.763000488,0
2025-01-21 12:00:00+00:00,190.764007568,190.884994507,190.701004028,190.794006348,0
2025-01-21 13:00:00+00:00,190.800003052,190.964004517,190.645004272,190.914001465,0
2025-01-21 14:00:00+00:00,190.912994385,191.246002197,190.822998047,191.061004639,0
2025-01-21 15:00:00+00:00,191.063995361,191.281997681,190.990997314,191.048995972,0
2025-01-21 16:00:00+00:00,191.050003052,191.759994507,191.007003784,191.718994141,0
2025-01-21 17:00:00+00:00,191.718002319,191.820999146,191.67199707,191.757995605,0
2025-01-21 18:00:00+00:00,191.757995605,191.897994995,191.712997437,191.830993652,0
2025-01-21 19:00:00+00:00,191.830001831,191.830993652,191.697998047,191.755996704,0
2025-01-21 20:00:00+00:00,191.757995605,191.912994385,191.746994019,191.893997192,0
2025-01-21 21:00:00+00:00,191.893005371,192.18699646,191.878997803,192.01600647,0
2025-01-21 22:00:00+00:00,192.080993652,192.132003784,191.813995361,192.01600647,0
2025-01-21 23:00:00+00:00,192.01600647,192.296005249,191.895004272,192.180999756,0
2025-01-22 00:00:00+00:00,192.154998779,192.220993042,191.86000061,191.957000732,0
2025-01-22 01:00:00+00:00,191.957992554,192.115005493,191.865005493,191.996002197,0
2025-01-22 02:00:00+00:00,191.994003296,192.156997681,191.947998047,192.123001099,0
2025-01-22 03:00:00+00:00,192.121994019,192.335006714,192.005004883,192.289001465,0
2025-01-22 04:00:00+00:00,192.279006958,192.341003418,192.154998779,192.309997559,0
2025-01-22 05:00:00+00:00,192.311004639,192.419006348,192.263000488,192.345001221,0
2025-01-22 06:00:00+00:00,192.352996826,192.373001099,191.955001831,192.076004028,0
2025-01-22 07:00:00+00:00,192.067001343,192.270004272,191.893005371,192.223999023,0
2025-01-22 08:00:00+00:00,192.225006104,192.324996948,191.690994263,192.136993408,0
2025-01-22 09:00:00+00:00,192.141998291,192.48500061,192.11000061,192.473007202,0
2025-01-22 10:00:00+00:00,192.475997925,192.744995117,192.410003662,192.643997192,0
2025-01-22 11:00:00+00:00,192.645996094,192.735992432,192.501998901,192.600006104,0
2025-01-22 12:00:00+00:00,192.600997925,192.744995117,192.494003296,192.51499939,0
2025-01-22 13:00:00+00:00,192.520004272,192.755996704,192.382003784,192.45199585,0
2025-01-22 14:00:00+00:00,192.440994263,192.684005737,192.259002686,192.625,0
2025-01-22 15:00:00+00:00,192.628997803,192.686004639,192.401992798,192.654006958,0
2025-01-22 16:00:00+00:00,192.651992798,193.007995605,192.555999756,192.983001709,0
2025-01-22 17:00:00+00:00,192.979995728,193.007995605,192.830993652,192.972000122,0
2025-01-22 18:00:00+00:00,192.970001221,193.003997803,192.837997437,192.957000732,0
2025-01-22 19:00:00+00:00,192.957992554,193.00100708,192.832992554,192.912994385,0
2025-01-22 20:00:00+00:00,192.919998169,192.932998657,192.781997681,192.807006836,0
2025-01-22 21:00:00+00:00,192.809997559,192.854995728,192.669998169,192.675003052,0
2025-01-22 22:00:00+00:00,192.753997803,192.850997925,192.518005371,192.589004517,0
2025-01-22 23:00:00+00:00,192.589996338,192.669998169,192.505996704,192.621994019,0
2025-01-23 00:00:00+00:00,192.617004395,192.667999268,192.514007568,192.591995239,0
2025-01-23 01:00:00+00:00,192.593002319,192.742996216,192.522003174,192.712005615,0
2025-01-23 02:00:00+00:00,192.716995239,192.723007202,192.542999268,192.632995605,0
2025-01-23 03:00:00+00:00,192.632995605,192.757995605,192.600997925,192.723999023,0
2025-01-23 04:00:00+00:00,192.731002808,192.932998657,192.705001831,192.906005859,0
2025-01-23 05:00:00+00:00,192.910995483,193.003005981,192.906005859,192.919998169,0
2025-01-23 06:00:00+00:00,192.921005249,192.981002808,192.705993652,192.764007568,0
2025-01-23 07:00:00+00:00,192.766998291,192.820007324,192.550003052,192.705993652,0
2025-01-23 08:00:00+00:00,192.70199585,192.720993042,192.38999939,192.414001465,0
2025-01-23 09:00:00+00:00,192.414993286,192.669998169,192.406997681,192.610992432,0
2025-01-23 10:00:00+00:00,192.604995728,192.75,192.382003784,192.68699646,0
2025-01-23 11:00:00+00:00,192.68699646,192.886001587,192.587997437,192.684005737,0
2025-01-23 12:00:00+00:00,192.673995972,192.716003418,192.477005005,192.604003906,0
2025-01-23 13:00:00+00:00,192.610992432,192.630004883,192.37399292,192.496002197,0
2025-01-23 14:00:00+00:00,192.494995117,192.753005981,192.43699646,192.634994507,0
2025-01-23 15:00:00+00:00,192.639007568,192.720993042,192.389007568,192.445007324,0
2025-01-23 16:00:00+00:00,192.445007324,192.667007446,192.261993408,192.606994629,0
2025-01-23 17:00:00+00:00,192.606002808,192.934005737,192.593002319,192.901992798,0
2025-01-23 18:00:00+00:00,192.895004272,192.902999878,192.70199585,192.785995483,0
2025-01-23 19:00:00+00:00,192.789993286,192.832992554,192.51600647,192.565002441,0
2025-01-23 20:00:00+00:00,192.565002441,192.720001221,192.518997192,192.688995361,0
2025-01-23 21:00:00+00:00,192.68800354,192.779006958,192.623001099,192.751998901,0
2025-01-23 22:00:00+00:00,192.675994873,192.912002563,192.632003784,192.686004639,0
2025-01-23 23:00:00+00:00,192.699005127,192.92199707,192.600997925,192.886001587,0
2025-01-24 00:00:00+00:00,192.880004883,193.059005737,192.718002319,193.04699707,0
2025-01-24 01:00:00+00:00,193.04800415,193.121002197,192.910003662,193.106002808,0
2025-01-24 02:00:00+00:00,193.113006592,193.51600647,193.093002319,193.380996704,0
2025-01-24 03:00:00+00:00,193.37399292,193.697998047,192.522003174,192.682006836,0
2025-01-24 04:00:00+00:00,192.679000854,192.705993652,192.06199646,192.367996216,0
2025-01-24 05:00:00+00:00,192.367004395,192.705993652,192.240005493,192.628005981,0
2025-01-24 06:00:00+00:00,192.62600708,193.281997681,192.23399353,192.621002197,0
2025-01-24 07:00:00+00:00,192.62600708,192.774993896,192.319000244,192.477005005,0
2025-01-24 08:00:00+00:00,192.479003906,192.820999146,192.076004028,192.731002808,0
2025-01-24 09:00:00+00:00,192.729995728,193.42199707,192.51600647,193.348007202,0
2025-01-24 10:00:00+00:00,193.350997925,193.863998413,193.311004639,193.794998169,0
2025-01-24 11:00:00+00:00,193.789993286,193.975997925,193.552993774,193.794998169,0
2025-01-24 12:00:00+00:00,193.791000366,194.158996582,193.755996704,194.149993896,0
2025-01-24 13:00:00+00:00,194.147003174,194.259002686,193.938995361,194.055999756,0
2025-01-24 14:00:00+00:00,194.059005737,194.513000488,193.93699646,194.412002563,0
2025-01-24 15:00:00+00:00,194.412002563,194.511001587,194.110992432,194.395004272,0
2025-01-24 16:00:00+00:00,194.397003174,194.572998047,194.332992554,194.38999939,0
2025-01-24 17:00:00+00:00,194.388000488,194.593994141,194.339004517,194.488998413,0
2025-01-24 18:00:00+00:00,194.48500061,194.748001099,194.470993042,194.615997314,0
2025-01-24 19:00:00+00:00,194.615997314,194.656997681,194.434997559,194.50100708,0
2025-01-24 20:00:00+00:00,194.5,194.662002563,194.457992554,194.651992798,0
2025-01-24 21:00:00+00:00,194.651992798,194.729995728,194.57699585,194.649002075,0
2025-01-24 22:00:00+00:00,194.667999268,194.667999268,194.652999878,194.652999878,0
2025-01-27 00:00:00+00:00,193.994003296,194.087005615,193.613006592,193.718994141,0
2025-01-27 01:00:00+00:00,193.722000122,193.798995972,193.462005615,193.554992676,0
2025-01-27 02:00:00+00:00,193.554000854,193.817001343,193.458999634,193.770996094,0
2025-01-27 03:00:00+00:00,193.776000977,194.095001221,193.727996826,194.046005249,0
2025-01-27 04:00:00+00:00,194.046005249,194.309997559,194.035003662,194.253005981,0
2025-01-27 05:00:00+00:00,194.244003296,194.263000488,194.070999146,194.244003296,0
2025-01-27 06:00:00+00:00,194.242004395,194.645996094,194.218994141,194.238998413,0
2025-01-27 07:00:00+00:00,194.240005493,194.246002197,193.73399353,193.740997314,0
2025-01-27 08:00:00+00:00,193.746994019,193.777999878,193.151992798,193.253005981,0
2025-01-27 09:00:00+00:00,193.255996704,193.32800293,192.589996338,193.033996582,0
2025-01-27 10:00:00+00:00,193.029998779,193.039993286,192.147994995,192.395004272,0
2025-01-27 11:00:00+00:00,192.391998291,192.684005737,192.205001831,192.414001465,0
2025-01-27 12:00:00+00:00,192.397994995,192.880996704,192.352996826,192.74899292,0
2025-01-27 13:00:00+00:00,192.746002197,193.14100647,192.606002808,192.787994385,0
2025-01-27 14:00:00+00:00,192.796005249,193.026000977,192.513000488,192.960006714,0
2025-01-27 15:00:00+00:00,192.968002319,193.070007324,192.470001221,192.511993408,0
2025-01-27 16:00:00+00:00,192.516998291,192.621994019,192.166000366,192.410995483,0
2025-01-27 17:00:00+00:00,192.414001465,192.63999939,192.384002686,192.470993042,0
2025-01-27 18:00:00+00:00,192.472000122,192.817993164,192.410995483,192.684997559,0
2025-01-27 19:00:00+00:00,192.690002441,193.156005859,192.686004639,193.027999878,0
2025-01-27 20:00:00+00:00,193.026992798,193.274993896,192.977996826,193.07800293,0
2025-01-27 21:00:00+00:00,193.082992554,193.225997925,193.044006348,193.087997437,0
2025-01-27 22:00:00+00:00,193.020996094,193.173995972,192.882995605,193.052993774,0
2025-01-27 23:00:00+00:00,193.067001343,193.128997803,192.697006226,192.940002441,0
2025-01-28 00:00:00+00:00,192.884002686,193.257003784,192.815002441,193.257003784,0
2025-01-28 01:00:00+00:00,193.24899292,193.755004883,193.24899292,193.574996948,0
2025-01-28 02:00:00+00:00,193.574996948,193.742004395,193.498001099,193.589004517,0
2025-01-28 03:00:00+00:00,193.587997437,193.847000122,193.511993408,193.740997314,0
2025-01-28 04:00:00+00:00,193.740005493,193.964004517,193.723999023,193.867004395,0
2025-01-28 05:00:00+00:00,193.867004395,193.932998657,193.733001709,193.770004272,0
2025-01-28 06:00:00+00:00,193.770996094,193.871994019,193.593994141,193.79699707,0
2025-01-28 07:00:00+00:00,193.789993286,193.869995117,193.656005859,193.845001221,0
2025-01-28 08:00:00+00:00,193.843994141,193.977005005,193.442001343,193.613998413,0
2025-01-28 09:00:00+00:00,193.606002808,194.024993896,193.326004028,193.496994019,0
2025-01-28 10:00:00+00:00,193.494995117,193.567993164,193.17300415,193.345993042,0
2025-01-28 11:00:00+00:00,193.347000122,193.419006348,192.990005493,193.13999939,0
2025-01-28 12:00:00+00:00,193.14100647,193.18699646,192.929992676,192.958999634,0
2025-01-28 13:00:00+00:00,192.95199585,193.175003052,192.925994873,193.173995972,0
2025-01-28 14:00:00+00:00,193.17199707,193.408004761,192.764007568,192.992004395,0
2025-01-28 15:00:00+00:00,192.992004395,193.617996216,192.906997681,193.595001221,0
2025-01-28 16:00:00+00:00,193.589004517,193.774002075,193.339996338,193.468994141,0
2025-01-28 17:00:00+00:00,193.470001221,193.563995361,193.371002197,193.39100647,0
2025-01-28 18:00:00+00:00,193.38999939,193.516998291,193.300003052,193.503005981,0
2025-01-28 19:00:00+00:00,193.503997803,193.602996826,193.36000061,193.535995483,0
2025-01-28 20:00:00+00:00,193.541000366,193.582992554,193.417007446,193.481002808,0
2025-01-28 21:00:00+00:00,193.481002808,193.522003174,193.42199707,193.477005005,0
2025-01-28 22:00:00+00:00,193.522994995,193.585998535,193.343994141,193.470001221,0
2025-01-28 23:00:00+00:00,193.466003418,193.554000854,193.376998901,193.537994385,0
2025-01-29 00:00:00+00:00,193.522003174,193.649993896,193.414001465,193.557998657,0
2025-01-29 01:00:00+00:00,193.554000854,193.746994019,193.501998901,193.63999939,0
2025-01-29 02:00:00+00:00,193.636993408,193.757995605,193.569000244,193.677001953,0
2025-01-29 03:00:00+00:00,193.68800354,193.68800354,193.354995728,193.470001221,0
2025-01-29 04:00:00+00:00,193.466003418,193.494995117,193.289993286,193.389007568,0
2025-01-29 05:00:00+00:00,193.38999939,193.393997192,193.031997681,193.054000854,0
2025-01-29 06:00:00+00:00,193.054992676,193.511001587,193.052993774,193.343994141,0
2025-01-29 07:00:00+00:00,193.348007202,193.511993408,193.238998413,193.302001953,0
2025-01-29 08:00:00+00:00,193.302001953,193.462005615,192.942993164,192.979995728,0
2025-01-29 09:00:00+00:00,192.988998413,193.074005127,192.876998901,192.940002441,0
2025-01-29 10:00:00+00:00,192.949996948,193.029998779,192.81199646,192.917999268,0
2025-01-29 11:00:00+00:00,192.912002563,193.113998413,192.854003906,193.020996094,0
2025-01-29 12:00:00+00:00,193.009002686,193.091995239,192.880004883,193.039993286,0
2025-01-29 13:00:00+00:00,193.039001465,193.044006348,192.477005005,192.684997559,0
2025-01-29 14:00:00+00:00,192.699996948,192.899993896,192.505996704,192.548995972,0
2025-01-29 15:00:00+00:00,192.546005249,192.977996826,192.541000366,192.729003906,0
2025-01-29 16:00:00+00:00,192.736999512,193.005996704,192.690002441,192.966003418,0
2025-01-29 17:00:00+00:00,192.964996338,193.186004639,192.904006958,192.916000366,0
2025-01-29 18:00:00+00:00,192.92199707,193.152999878,192.847000122,193.085998535,0
2025-01-29 19:00:00+00:00,193.069000244,193.352005005,192.904006958,193.18699646,0
2025-01-29 20:00:00+00:00,193.190002441,193.322998047,193.117004395,193.240997314,0
2025-01-29 21:00:00+00:00,193.240005493,193.324005127,193.121002197,193.203994751,0
2025-01-29 22:00:00+00:00,193.136001587,193.292999268,192.929000854,193.182998657,0
2025-01-29 23:00:00+00:00,193.182998657,193.279998779,193.093994141,193.263000488,0
2025-01-30 00:00:00+00:00,193.259002686,193.289001465,192.598999023,192.684997559,0
2025-01-30 01:00:00+00:00,192.680999756,192.68699646,192.291000366,192.516998291,0
2025-01-30 02:00:00+00:00,192.513000488,192.542999268,192.115005493,192.173995972,0
2025-01-30 03:00:00+00:00,192.179000854,192.440002441,192.113006592,192.416000366,0
2025-01-30 04:00:00+00:00,192.406997681,192.526000977,192.375,192.404006958,0
2025-01-30 05:00:00+00:00,192.408996582,192.438995361,192.160003662,192.302001953,0
2025-01-30 06:00:00+00:00,192.302001953,192.442001343,192.009002686,192.117004395,0
2025-01-30 07:00:00+00:00,192.123001099,192.468002319,191.988998413,192.373001099,0
2025-01-30 08:00:00+00:00,192.369995117,192.589004517,192.313995361,192.402999878,0
2025-01-30 09:00:00+00:00,192.406005859,192.417007446,192.050003052,192.17300415,0
2025-01-30 10:00:00+00:00,192.173995972,192.270004272,191.92199707,192.039001465,0
2025-01-30 11:00:00+00:00,192.044998169,192.167999268,191.996002197,192.113006592,0
2025-01-30 12:00:00+00:00,192.119003296,192.160003662,191.628005981,191.725997925,0
2025-01-30 13:00:00+00:00,191.725997925,191.912994385,191.395996094,191.875,0
2025-01-30 14:00:00+00:00,191.87399292,192.244003296,191.845001221,192.007003784,0
2025-01-30 15:00:00+00:00,192.007003784,192.171005249,191.746002197,192.151000977,0
2025-01-30 16:00:00+00:00,192.151992798,192.430999756,192.037994385,192.263000488,0
2025-01-30 17:00:00+00:00,192.253997803,192.276992798,191.93699646,192.009994507,0
2025-01-30 18:00:00+00:00,192.007995605,192.356994629,192.005004883,192.277999878,0
2025-01-30 19:00:00+00:00,192.276000977,192.287002563,191.985992432,192.003997803,0
2025-01-30 20:00:00+00:00,192.003997803,192.044998169,191.552993774,191.809005737,0
2025-01-30 21:00:00+00:00,191.817993164,191.871994019,191.473999023,191.544998169,0
2025-01-30 22:00:00+00:00,191.410995483,191.569000244,191.324996948,191.434997559,0
2025-01-30 23:00:00+00:00,191.43699646,191.817001343,191.376998901,191.408004761,0
2025-01-31 00:00:00+00:00,191.404006958,191.684005737,191.397003174,191.598007202,0
2025-01-31 01:00:00+00:00,191.604995728,191.604995728,191.180999756,191.350997925,0
2025-01-31 02:00:00+00:00,191.352005005,191.574005127,191.220001221,191.507003784,0
2025-01-31 03:00:00+00:00,191.505004883,191.742996216,191.464004517,191.669006348,0
2025-01-31 04:00:00+00:00,191.662002563,191.841003418,191.608001709,191.819000244,0
2025-01-31 05:00:00+00:00,191.817993164,192.31199646,191.817993164,192.160995483,0
2025-01-31 06:00:00+00:00,192.162002563,192.43699646,192.082992554,192.272994995,0
2025-01-31 07:00:00+00:00,192.277999878,192.382003784,192.154998779,192.304992676,0
2025-01-31 08:00:00+00:00,192.304992676,192.464996338,191.871994019,191.901000977,0
2025-01-31 09:00:00+00:00,191.919006348,192.179000854,191.606002808,192.179000854,0
2025-01-31 10:00:00+00:00,192.179000854,192.266998291,192.039993286,192.048995972,0
2025-01-31 11:00:00+00:00,192.039993286,192.166000366,191.839004517,192.145004272,0
2025-01-31 12:00:00+00:00,192.143997192,192.384002686,192.095001221,192.300003052,0
2025-01-31 13:00:00+00:00,192.300003052,192.554992676,192.076004028,192.151992798,0
2025-01-31 14:00:00+00:00,192.149993896,192.162994385,191.606002808,191.634002686,0
2025-01-31 15:00:00+00:00,191.634002686,192.442001343,191.587005615,192.358001709,0
2025-01-31 16:00:00+00:00,192.375,193.027999878,192.264007568,192.805999756,0
2025-01-31 17:00:00+00:00,192.804000854,193.022994995,192.636993408,192.73399353,0
2025-01-31 18:00:00+00:00,192.73399353,192.93800354,192.20199585,192.319000244,0
2025-01-31 19:00:00+00:00,192.313995361,192.509002686,192.050003052,192.371994019,0
2025-01-31 20:00:00+00:00,192.369995117,192.533004761,192.238998413,192.302001953,0
2025-01-31 21:00:00+00:00,192.307006836,192.404998779,192.054000854,192.276000977,0
2025-01-31 22:00:00+00:00,192.333999634,192.333999634,192.333999634,192.333999634,0
2025-02-03 00:00:00+00:00,190.921005249,191.462997437,190.852005005,191.14100647,0
2025-02-03 01:00:00+00:00,191.147003174,191.660995483,191.037994385,191.322006226,0
2025-02-03 02:00:00+00:00,191.322006226,191.378997803,190.656997681,190.714004517,0
2025-02-03 03:00:00+00:00,190.720001221,190.916000366,190.598007202,190.861999512,0
2025-02-03 04:00:00+00:00,190.861999512,191.121002197,190.682006836,190.871994019,0
2025-02-03 05:00:00+00:00,190.871994019,191.018997192,190.770004272,190.998001099,0
2025-02-03 06:00:00+00:00,190.992996216,191.115005493,190.770004272,190.919998169,0
2025-02-03 07:00:00+00:00,190.923995972,191.425994873,190.923995972,191.164993286,0
2025-02-03 08:00:00+00:00,191.167999268,191.570999146,191.035003662,191.29699707,0
2025-02-03 09:00:00+00:00,191.296005249,191.363998413,190.50100708,190.535995483,0
2025-02-03 10:00:00+00:00,190.537002563,190.934005737,190.526000977,190.768005371,0
2025-02-03 11:00:00+00:00,190.757995605,190.819000244,190.240005493,190.462997437,0
2025-02-03 12:00:00+00:00,190.457000732,190.817993164,190.395004272,190.800994873,0
2025-02-03 13:00:00+00:00,190.802001953,191.333999634,190.785995483,191.225006104,0
2025-02-03 14:00:00+00:00,191.223007202,191.231994629,190.714996338,190.893005371,0
2025-02-03 15:00:00+00:00,190.86000061,192.263000488,190.016998291,192.039993286,0
2025-02-03 16:00:00+00:00,192.044998169,192.311004639,191.570007324,191.589004517,0
2025-02-03 17:00:00+00:00,191.587997437,191.88999939,191.32800293,191.669998169,0
2025-02-03 18:00:00+00:00,191.669006348,192.091995239,191.455001831,192.01499939,0
2025-02-03 19:00:00+00:00,192.01600647,192.259994507,191.891998291,191.981994629,0
2025-02-03 20:00:00+00:00,191.981994629,192.01600647,191.800994873,191.871994019,0
2025-02-03 21:00:00+00:00,191.871994019,192.832992554,191.789993286,192.608001709,0
2025-02-03 22:00:00+00:00,192.611999512,192.751998901,192.350006104,192.505004883,0
2025-02-03 23:00:00+00:00,192.511001587,193.158996582,192.470993042,193.06199646,0
2025-02-04 00:00:00+00:00,193.035995483,193.100006104,192.824005127,192.947998047,0
2025-02-04 01:00:00+00:00,192.949005127,192.977996826,192.572006226,192.666000366,0
2025-02-04 02:00:00+00:00,192.656997681,192.85899353,192.613998413,192.777999878,0
2025-02-04 03:00:00+00:00,192.777999878,192.781005859,192.645004272,192.677001953,0
2025-02-04 04:00:00+00:00,192.677001953,192.720001221,192.613998413,192.669006348,0
2025-02-04 05:00:00+00:00,192.669998169,192.67300415,191.759002686,192.470001221,0
2025-02-04 06:00:00+00:00,192.468994141,192.645996094,192.384994507,192.619003296,0
2025-02-04 07:00:00+00:00,192.617996216,192.884002686,192.544998169,192.837005615,0
2025-02-04 08:00:00+00:00,192.835006714,193.167999268,192.466995239,192.813995361,0
2025-02-04 09:00:00+00:00,192.815994263,193.041000366,192.766998291,193.005004883,0
2025-02-04 10:00:00+00:00,193.003005981,193.128005981,192.807998657,192.940002441,0
2025-02-04 11:00:00+00:00,192.932006836,192.957000732,192.613998413,192.654998779,0
2025-02-04 12:00:00+00:00,192.649993896,192.794998169,192.54800415,192.763000488,0
2025-02-04 13:00:00+00:00,192.764007568,193.078994751,192.755004883,192.964996338,0
2025-02-04 14:00:00+00:00,192.960006714,193.104995728,192.787002563,192.942993164,0
2025-02-04 15:00:00+00:00,192.945999146,193.093002319,192.589996338,192.977996826,0
2025-02-04 16:00:00+00:00,192.970001221,193.104003906,192.740997314,192.942993164,0
2025-02-04 17:00:00+00:00,192.942001343,192.992996216,192.466995239,192.561004639,0
2025-02-04 18:00:00+00:00,192.565994263,192.68699646,192.445007324,192.613998413,0
2025-02-04 19:00:00+00:00,192.611999512,192.645004272,192.460998535,192.576004028,0
2025-02-04 20:00:00+00:00,192.576004028,192.654998779,192.501998901,192.641998291,0
2025-02-04 21:00:00+00:00,192.63999939,192.684005737,192.531997681,192.554000854,0
2025-02-04 22:00:00+00:00,192.541000366,192.703994751,192.462997437,192.61000061,0
2025-02-04 23:00:00+00:00,192.611999512,192.770996094,192.235992432,192.31199646,0
2025-02-05 00:00:00+00:00,192.276992798,192.570007324,192,192.029998779,0
2025-02-05 01:00:00+00:00,192.04699707,192.04699707,191.473999023,191.550994873,0
2025-02-05 02:00:00+00:00,191.552001953,191.580993652,191.121002197,191.417007446,0
2025-02-05 03:00:00+00:00,191.416000366,191.462005615,191.035995483,191.132995605,0
2025-02-05 04:00:00+00:00,191.128005981,191.294998169,190.986999512,191.266998291,0
2025-02-05 05:00:00+00:00,191.266998291,191.462005615,191.214004517,191.279006958,0
2025-02-05 06:00:00+00:00,191.283996582,191.447006226,191.095001221,191.115997314,0
2025-02-05 07:00:00+00:00,191.121002197,191.662002563,191.020004272,191.643005371,0
2025-02-05 08:00:00+00:00,191.643005371,191.73399353,191.222000122,191.401992798,0
2025-02-05 09:00:00+00:00,191.399002075,191.598007202,191.067001343,191.320999146,0
2025-02-05 10:00:00+00:00,191.31300354,191.554992676,191.104003906,191.412002563,0
2025-02-05 11:00:00+00:00,191.416000366,191.641998291,191.365997314,191.572998047,0
2025-02-05 12:00:00+00:00,191.569000244,191.70300293,191.371002197,191.636001587,0
2025-02-05 13:00:00+00:00,191.634002686,191.820007324,191.475006104,191.526992798,0
2025-02-05 14:00:00+00:00,191.533004761,191.835998535,191.151992798,191.229995728,0
2025-02-05 15:00:00+00:00,191.240005493,191.240005493,190.285003662,190.43699646,0
2025-02-05 16:00:00+00:00,190.438995361,190.649993896,190.380996704,190.608001709,0
2025-02-05 17:00:00+00:00,190.606994629,190.740005493,190.393997192,190.492996216,0
2025-02-05 18:00:00+00:00,190.492004395,190.62399292,190.445007324,190.554992676,0
2025-02-05 19:00:00+00:00,190.552993774,190.76499939,190.544998169,190.740005493,0
2025-02-05 20:00:00+00:00,190.731994629,190.977005005,190.727996826,190.897003174,0
2025-02-05 21:00:00+00:00,190.88999939,190.944000244,190.761993408,190.794006348,0
2025-02-05 22:00:00+00:00,190.807998657,190.848999023,190.617004395,190.736999512,0
2025-02-05 23:00:00+00:00,190.738998413,190.958999634,190.56300354,190.820999146,0
2025-02-06 00:00:00+00:00,190.824996948,190.899993896,190.447006226,190.481994629,0
2025-02-06 01:00:00+00:00,190.479003906,190.527999878,189.889007568,190.13999939,0
2025-02-06 02:00:00+00:00,190.134002686,190.285003662,190.020004272,190.227005005,0
2025-02-06 03:00:00+00:00,190.220001221,190.259002686,189.962005615,190.201004028,0
2025-02-06 04:00:00+00:00,190.201004028,190.285995483,190.069000244,190.253005981,0
2025-02-06 05:00:00+00:00,190.255996704,190.468002319,190.059005737,190.274002075,0
2025-02-06 06:00:00+00:00,190.266998291,190.498001099,190.253997803,190.479003906,0
2025-02-06 07:00:00+00:00,190.479003906,190.595001221,190.205993652,190.320999146,0
2025-02-06 08:00:00+00:00,190.317993164,190.337005615,189.893005371,189.992004395,0
2025-02-06 09:00:00+00:00,189.990997314,190.279006958,189.591995239,189.679992676,0
2025-02-06 10:00:00+00:00,189.684005737,189.755004883,189.233001709,189.401000977,0
2025-02-06 11:00:00+00:00,189.406997681,189.496994019,189.218994141,189.339996338,0
2025-02-06 12:00:00+00:00,189.339996338,189.468002319,188.348999023,188.552001953,0
2025-02-06 13:00:00+00:00,188.563995361,188.843002319,188.238998413,188.320007324,0
2025-02-06 14:00:00+00:00,188.322006226,188.649993896,188.287994385,188.492996216,0
2025-02-06 15:00:00+00:00,188.496002197,188.727005005,188.270004272,188.294006348,0
2025-02-06 16:00:00+00:00,188.29800415,189.059997559,188.294006348,189.013000488,0
2025-02-06 17:00:00+00:00,189.007995605,189.106002808,188.833999634,188.942001343,0
2025-02-06 18:00:00+00:00,188.949005127,189.027999878,188.373001099,188.404006958,0
2025-02-06 19:00:00+00:00,188.393005371,188.429992676,188.061004639,188.257003784,0
2025-02-06 20:00:00+00:00,188.270004272,188.511993408,188.240997314,188.511993408,0
2025-02-06 21:00:00+00:00,188.503005981,188.509002686,188.225006104,188.225006104,0
2025-02-06 22:00:00+00:00,188.225997925,188.341003418,188.130004883,188.251998901,0
2025-02-06 23:00:00+00:00,188.253997803,188.287994385,187.98500061,188.001998901,0
2025-02-07 00:00:00+00:00,187.962005615,188.139007568,187.63999939,187.871002197,0
2025-02-07 01:00:00+00:00,187.871994019,188.468002319,187.865005493,188.417007446,0
2025-02-07 02:00:00+00:00,188.417007446,188.688995361,188.404998779,188.585006714,0
2025-02-07 03:00:00+00:00,188.576004028,188.591995239,188.339004517,188.386993408,0
2025-02-07 04:00:00+00:00,188.382003784,188.522994995,188.322998047,188.5,0
2025-02-07 05:00:00+00:00,188.503005981,188.578994751,188.356002808,188.45199585,0
2025-02-07 06:00:00+00:00,188.449005127,188.67300415,188.300994873,188.664993286,0
2025-02-07 07:00:00+00:00,188.664001465,188.949996948,188.604995728,188.886993408,0
2025-02-07 08:00:00+00:00,188.884994507,189.231994629,188.783996582,189.149993896,0
2025-02-07 09:00:00+00:00,189.143997192,189.274993896,189.057006836,189.152999878,0
2025-02-07 10:00:00+00:00,189.154998779,189.580993652,189.136993408,189.397994995,0
2025-02-07 11:00:00+00:00,189.399002075,189.524002075,189.356994629,189.479995728,0
2025-02-07 12:00:00+00:00,189.479995728,189.557998657,189.12399292,189.20300293,0
2025-02-07 13:00:00+00:00,189.20199585,189.529998779,188.669006348,188.873001099,0
2025-02-07 14:00:00+00:00,188.875,189.164001465,188.73399353,188.809005737,0
2025-02-07 15:00:00+00:00,188.789993286,188.867004395,187.705993652,188.082000732,0
2025-02-07 16:00:00+00:00,188.078994751,188.108001709,187.042007446,187.50100708,0
2025-02-07 17:00:00+00:00,187.50100708,188.145996094,187.429992676,188.100006104,0
2025-02-07 18:00:00+00:00,188.098007202,188.300994873,187.694000244,187.779998779,0
2025-02-07 19:00:00+00:00,187.781997681,188.106002808,187.671005249,187.914001465,0
2025-02-07 20:00:00+00:00,187.914001465,187.927001953,187.68800354,187.716003418,0
2025-02-07 21:00:00+00:00,187.723999023,187.867004395,187.639007568,187.682006836,0
2025-02-07 22:00:00+00:00,187.716995239,187.763000488,187.716995239,187.763000488,0
2025-02-10 00:00:00+00:00,188.158004761,188.259002686,187.973007202,188.192001343,0
2025-02-10 01:00:00+00:00,188.188995361,188.453994751,188.180999756,188.227005005,0
2025-02-10 02:00:00+00:00,188.223999023,188.45199585,188.175994873,188.375,0
2025-02-10 03:00:00+00:00,188.37399292,188.436004639,188.201004028,188.320007324,0
2025-02-10 04:00:00+00:00,188.322998047,188.406005859,188.233001709,188.322006226,0
2025-02-10 05:00:00+00:00,188.322998047,188.63999939,188.320007324,188.427001953,0
2025-02-10 06:00:00+00:00,188.423995972,188.490997314,188.244995117,188.48399353,0
2025-02-10 07:00:00+00:00,188.481002808,188.785003662,188.470993042,188.74899292,0
2025-02-10 08:00:00+00:00,188.751998901,189.104003906,188.70199585,188.923995972,0
2025-02-10 09:00:00+00:00,188.923995972,189.145004272,188.779998779,188.843002319,0
2025-02-10 10:00:00+00:00,188.843994141,188.986999512,188.768005371,188.776992798,0
2025-02-10 11:00:00+00:00,188.770996094,188.910003662,188.608001709,188.654998779,0
2025-02-10 12:00:00+00:00,188.654006958,188.677001953,188.343002319,188.382995605,0
2025-02-10 13:00:00+00:00,188.380996704,188.444000244,188.121994019,188.166000366,0
2025-02-10 14:00:00+00:00,188.160995483,188.171005249,187.610992432,187.716003418,0
2025-02-10 15:00:00+00:00,187.714996338,187.979995728,187.679992676,187.830001831,0
2025-02-10 16:00:00+00:00,187.822006226,187.955993652,187.759994507,187.847000122,0
2025-02-10 17:00:00+00:00,187.848007202,188.01499939,187.841995239,188.014007568,0
2025-02-10 18:00:00+00:00,188.013000488,188.089996338,187.92199707,188.011993408,0
2025-02-10 19:00:00+00:00,188.011001587,188.089004517,187.925994873,187.934005737,0
2025-02-10 20:00:00+00:00,187.940002441,188.033004761,187.893005371,187.893997192,0
2025-02-10 21:00:00+00:00,187.893997192,187.977005005,187.86000061,187.925994873,0
2025-02-10 22:00:00+00:00,187.955993652,188.022994995,187.804992676,187.847000122,0
2025-02-10 23:00:00+00:00,187.847000122,187.93800354,187.522994995,187.598007202,0
2025-02-11 00:00:00+00:00,187.602005005,187.695999146,187.406005859,187.649002075,0
2025-02-11 01:00:00+00:00,187.649993896,187.914993286,187.638000488,187.882995605,0
2025-02-11 02:00:00+00:00,187.880004883,187.886993408,187.595993042,187.638000488,0
2025-02-11 03:00:00+00:00,187.634994507,187.809005737,187.569000244,187.753997803,0
2025-02-11 04:00:00+00:00,187.753997803,187.869995117,187.742004395,187.854003906,0
2025-02-11 05:00:00+00:00,187.852005005,187.897003174,187.796005249,187.832000732,0
2025-02-11 06:00:00+00:00,187.833999634,187.910003662,187.701004028,187.740005493,0
2025-02-11 07:00:00+00:00,187.736999512,187.774993896,187.481994629,187.496994019,0
2025-02-11 08:00:00+00:00,187.496002197,187.74899292,187.242996216,187.67199707,0
2025-02-11 09:00:00+00:00,187.660003662,188.04800415,187.628997803,187.878997803,0
2025-02-11 10:00:00+00:00,187.878997803,188.110992432,187.850997925,188.042999268,0
2025-02-11 11:00:00+00:00,188.042007446,188.444000244,188.031997681,188.386001587,0
2025-02-11 12:00:00+00:00,188.386993408,188.662994385,188.190994263,188.654006958,0
2025-02-11 13:00:00+00:00,188.652999878,188.929000854,188.552993774,188.822006226,0
2025-02-11 14:00:00+00:00,188.830001831,189.121994019,188.759002686,188.945007324,0
2025-02-11 15:00:00+00:00,188.944000244,189.457992554,188.87399292,189.164993286,0
2025-02-11 16:00:00+00:00,189.173995972,189.289993286,189.072006226,189.26600647,0
2025-02-11 17:00:00+00:00,189.259994507,189.335998535,189.194000244,189.287994385,0
2025-02-11 18:00:00+00:00,189.283996582,189.473007202,189.20199585,189.389007568,0
2025-02-11 19:00:00+00:00,189.384002686,189.722000122,189.371994019,189.675003052,0
2025-02-11 20:00:00+00:00,189.667007446,189.92300415,189.630996704,189.850006104,0
2025-02-11 21:00:00+00:00,189.850006104,189.856994629,189.725006104,189.751998901,0
2025-02-11 22:00:00+00:00,189.645996094,189.76600647,189.363006592,189.654006958,0
2025-02-11 23:00:00+00:00,189.658996582,190.195999146,189.658996582,190.17300415,0
2025-02-12 00:00:00+00:00,190.20300293,190.667999268,190.138000488,190.643997192,0
2025-02-12 01:00:00+00:00,190.63999939,191.072998047,190.399002075,191.070007324,0
2025-02-12 02:00:00+00:00,191.070007324,191.223999023,190.977005005,191.065994263,0
2025-02-12 03:00:00+00:00,191.06300354,191.343994141,191.059005737,191.279006958,0
2025-02-12 04:00:00+00:00,191.276000977,191.382003784,191.132995605,191.210006714,0
2025-02-12 05:00:00+00:00,191.205001831,191.242004395,191.065994263,191.076004028,0
2025-02-12 06:00:00+00:00,191.07699585,191.261001587,191.050994873,191.100006104,0
2025-02-12 07:00:00+00:00,191.100006104,191.457000732,190.910995483,191.434997559,0
2025-02-12 08:00:00+00:00,191.432006836,191.729003906,190.98399353,191.048995972,0
2025-02-12 09:00:00+00:00,191.04800415,191.141998291,190.837997437,191.074996948,0
2025-02-12 10:00:00+00:00,191.074005127,191.281005859,190.968002319,191.082000732,0
2025-02-12 11:00:00+00:00,191.074996948,191.320007324,191.022003174,191.268997192,0
2025-02-12 12:00:00+00:00,191.270004272,191.369995117,191.035003662,191.199996948,0
2025-02-12 13:00:00+00:00,191.197998047,191.404006958,190.669006348,191.29800415,0
2025-02-12 14:00:00+00:00,191.309005737,191.559997559,191.054992676,191.544998169,0
2025-02-12 15:00:00+00:00,191.544006348,192.294006348,191.412002563,192.031997681,0
2025-02-12 16:00:00+00:00,192.029998779,192.402999878,191.789993286,192.397003174,0
2025-02-12 17:00:00+00:00,192.397003174,192.679000854,192.347000122,192.598007202,0
2025-02-12 18:00:00+00:00,192.589996338,192.658004761,192.054000854,192.095993042,0
2025-02-12 19:00:00+00:00,192.093994141,192.270004272,192.055999756,192.207000732,0
2025-02-12 20:00:00+00:00,192.207992554,192.244003296,192.121994019,192.186004639,0
2025-02-12 21:00:00+00:00,192.192001343,192.238998413,192.011001587,192.115005493,0
2025-02-12 22:00:00+00:00,192.115005493,192.223007202,191.895004272,192.074005127,0
2025-02-12 23:00:00+00:00,192.074996948,192.242004395,191.942001343,192.04800415,0
2025-02-13 00:00:00+00:00,192.022994995,192.335998535,191.912994385,192.313995361,0
2025-02-13 01:00:00+00:00,192.315002441,192.455001831,192.095001221,192.143005371,0
2025-02-13 02:00:00+00:00,192.149993896,192.231002808,192.070007324,192.18800354,0
2025-02-13 03:00:00+00:00,192.192001343,192.45300293,192.190994263,192.449005127,0
2025-02-13 04:00:00+00:00,192.445007324,192.951004028,192.429000854,192.759994507,0
2025-02-13 05:00:00+00:00,192.766998291,192.893997192,192.531997681,192.567993164,0
2025-02-13 06:00:00+00:00,192.570007324,192.690002441,192.352996826,192.367996216,0
2025-02-13 07:00:00+00:00,192.343994141,193.052993774,192.337005615,192.996002197,0
2025-02-13 08:00:00+00:00,192.990005493,193.011001587,192.126998901,192.151000977,0
2025-02-13 09:00:00+00:00,192.151992798,192.466003418,192.024993896,192.335006714,0
2025-02-13 10:00:00+00:00,192.335998535,192.535003662,192.087997437,192.134002686,0
2025-02-13 11:00:00+00:00,192.132003784,192.332992554,191.716003418,191.925994873,0
2025-02-13 12:00:00+00:00,191.919998169,191.929992676,191.602005005,191.800003052,0
2025-02-13 13:00:00+00:00,191.798995972,191.861999512,191.279998779,191.449996948,0
2025-02-13 14:00:00+00:00,191.445007324,191.630004883,191.167007446,191.621994019,0
2025-02-13 15:00:00+00:00,191.62399292,192.25100708,191.498001099,191.770004272,0
2025-02-13 16:00:00+00:00,191.768997192,191.914993286,191.682006836,191.863006592,0
2025-02-13 17:00:00+00:00,191.867996216,192.00100708,191.772994995,191.783996582,0
2025-02-13 18:00:00+00:00,191.785003662,191.964004517,191.251998901,191.708999634,0
2025-02-13 19:00:00+00:00,191.708999634,191.832992554,191.559005737,191.723999023,0
2025-02-13 20:00:00+00:00,191.727005005,191.934005737,191.682998657,191.845001221,0
2025-02-13 21:00:00+00:00,191.841995239,192.026992798,191.809997559,191.962997437,0
2025-02-13 22:00:00+00:00,191.962005615,192.100997925,191.716995239,192.014007568,0
2025-02-13 23:00:00+00:00,192.029998779,192.345001221,191.940002441,192.18800354,0
2025-02-14 00:00:00+00:00,192.214996338,192.277999878,191.60899353,191.727005005,0
2025-02-14 01:00:00+00:00,191.727005005,191.789993286,191.522003174,191.677001953,0
2025-02-14 02:00:00+00:00,191.677993774,192.031997681,191.625,191.945007324,0
2025-02-14 03:00:00+00:00,191.938995361,192.11000061,191.908004761,191.93800354,0
2025-02-14 04:00:00+00:00,191.936004639,192.042007446,191.613998413,191.634002686,0
2025-02-14 05:00:00+00:00,191.630996704,191.703994751,191.470993042,191.583999634,0
2025-02-14 06:00:00+00:00,191.580993652,191.763000488,191.488006592,191.541000366,0
2025-02-14 07:00:00+00:00,191.542007446,191.98500061,191.481002808,191.863998413,0
2025-02-14 08:00:00+00:00,191.861999512,192.333999634,191.81300354,192.227996826,0
2025-02-14 09:00:00+00:00,192.23500061,192.393997192,191.942001343,191.972000122,0
2025-02-14 10:00:00+00:00,191.973999023,192.024002075,191.781997681,191.848999023,0
2025-02-14 11:00:00+00:00,191.854003906,192.18800354,191.75100708,192.119003296,0
2025-02-14 12:00:00+00:00,192.117004395,192.223999023,191.977005005,192.216995239,0
2025-02-14 13:00:00+00:00,192.216995239,192.503005981,191.686004639,191.781997681,0
2025-02-14 14:00:00+00:00,191.791000366,192.25,191.725006104,192.227996826,0
2025-02-14 15:00:00+00:00,192.229995728,192.261001587,191.845001221,191.957992554,0
2025-02-14 16:00:00+00:00,191.958999634,192.024002075,191.625,191.921005249,0
2025-02-14 17:00:00+00:00,191.916000366,192.078994751,191.863006592,192.031005859,0
2025-02-14 18:00:00+00:00,192.022994995,192.089996338,191.850006104,191.923995972,0
2025-02-14 19:00:00+00:00,191.927001953,191.949996948,191.667999268,191.707000732,0
2025-02-14 20:00:00+00:00,191.708999634,191.787002563,191.68800354,191.722000122,0
2025-02-14 21:00:00+00:00,191.718994141,191.746002197,191.585006714,191.617996216,0
2025-02-14 22:00:00+00:00,191.669006348,191.669006348,191.669006348,191.669006348,0
2025-02-17 00:00:00+00:00,191.279006958,191.397994995,191.031997681,191.147994995,0
2025-02-17 01:00:00+00:00,191.149002075,191.395996094,190.93800354,191.378005981,0
2025-02-17 02:00:00+00:00,191.373001099,191.397994995,190.785003662,190.87399292,0
2025-02-17 03:00:00+00:00,190.873001099,191.007995605,190.843994141,190.908004761,0
2025-02-17 04:00:00+00:00,190.906997681,191.126998901,190.882003784,191.054000854,0
2025-02-17 05:00:00+00:00,191.054000854,191.061004639,190.701004028,190.738998413,0
2025-02-17 06:00:00+00:00,190.738006592,191.199996948,190.697998047,191.115005493,0
2025-02-17 07:00:00+00:00,191.113998413,191.309997559,190.861999512,191.274993896,0
2025-02-17 08:00:00+00:00,191.272003174,191.367996216,191.041000366,191.07699585,0
2025-02-17 09:00:00+00:00,191.07800293,191.31300354,191.018005371,191.136001587,0
2025-02-17 10:00:00+00:00,191.143005371,191.201004028,190.944000244,191.063995361,0
2025-02-17 11:00:00+00:00,191.06199646,191.212997437,190.824005127,190.927001953,0
2025-02-17 12:00:00+00:00,190.925994873,190.99899292,190.677993774,190.804000854,0
2025-02-17 13:00:00+00:00,190.804000854,190.906997681,190.714004517,190.755004883,0
2025-02-17 14:00:00+00:00,190.75100708,190.79699707,190.62399292,190.779006958,0
2025-02-17 15:00:00+00:00,190.781005859,190.863998413,190.677001953,190.813995361,0
2025-02-17 16:00:00+00:00,190.811004639,190.990005493,190.766998291,190.95199585,0
2025-02-17 17:00:00+00:00,190.95300293,191.190002441,190.942993164,191.085998535,0
2025-02-17 18:00:00+00:00,191.07699585,191.152999878,191.041000366,191.147994995,0
2025-02-17 19:00:00+00:00,191.136001587,191.283996582,191.110992432,191.179000854,0
2025-02-17 20:00:00+00:00,191.175003052,191.212997437,191.143005371,191.177001953,0
2025-02-17 21:00:00+00:00,191.167007446,191.307006836,191.162994385,191.242004395,0
2025-02-17 22:00:00+00:00,191.218002319,191.350006104,191.082992554,191.199996948,0
2025-02-17 23:00:00+00:00,191.195999146,191.32699585,190.824005127,191.097000122,0
2025-02-18 00:00:00+00:00,191.121994019,191.37600708,191.093002319,191.268997192,0
2025-02-18 01:00:00+00:00,191.274002075,191.330001831,191.132995605,191.259994507,0
2025-02-18 02:00:00+00:00,191.253997803,191.460998535,191.210006714,191.408996582,0
2025-02-18 03:00:00+00:00,191.408996582,191.680999756,191.369003296,191.656997681,0
2025-02-18 04:00:00+00:00,191.662994385,191.746002197,191.537994385,191.660003662,0
2025-02-18 05:00:00+00:00,191.664001465,191.725997925,191.445007324,191.486999512,0
2025-02-18 06:00:00+00:00,191.486999512,191.591995239,191.32800293,191.449005127,0
2025-02-18 07:00:00+00:00,191.460006714,191.81199646,191.378997803,191.807006836,0
2025-02-18 08:00:00+00:00,191.802001953,191.945007324,191.570007324,191.598007202,0
2025-02-18 09:00:00+00:00,191.591995239,191.68699646,191.348007202,191.425994873,0
2025-02-18 10:00:00+00:00,191.423995972,191.449996948,191.057998657,191.151000977,0
2025-02-18 11:00:00+00:00,191.151992798,191.341003418,191.11000061,191.24899292,0
2025-02-18 12:00:00+00:00,191.24899292,191.421005249,190.957000732,190.996002197,0
2025-02-18 13:00:00+00:00,190.998001099,191.132003784,190.92199707,191.01499939,0
2025-02-18 14:00:00+00:00,191.018997192,191.416000366,190.923995972,191.369995117,0
2025-02-18 15:00:00+00:00,191.373001099,191.399993896,191.145996094,191.31199646,0
2025-02-18 16:00:00+00:00,191.317001343,191.507995605,191.279998779,191.42300415,0
2025-02-18 17:00:00+00:00,191.423995972,191.518005371,191.333999634,191.434005737,0
2025-02-18 18:00:00+00:00,191.438995361,191.511993408,191.324005127,191.511001587,0
2025-02-18 19:00:00+00:00,191.505996704,191.518005371,191.37399292,191.382995605,0
2025-02-18 20:00:00+00:00,191.384002686,191.675003052,191.354995728,191.641998291,0
2025-02-18 21:00:00+00:00,191.638000488,191.82699585,191.625,191.755996704,0
2025-02-18 22:00:00+00:00,191.716003418,192.156005859,191.554992676,192.033996582,0
2025-02-18 23:00:00+00:00,192.059997559,192.106994629,191.777999878,191.802993774,0
2025-02-19 00:00:00+00:00,191.789001465,191.92199707,191.621994019,191.865005493,0
2025-02-19 01:00:00+00:00,191.861999512,191.914001465,191.333999634,191.891998291,0
2025-02-19 02:00:00+00:00,191.897994995,192.110992432,191.697006226,191.794006348,0
2025-02-19 03:00:00+00:00,191.796005249,191.843994141,191.578994751,191.628005981,0
2025-02-19 04:00:00+00:00,191.62399292,191.660003662,191.419006348,191.468002319,0
2025-02-19 05:00:00+00:00,191.466003418,191.589004517,191.406005859,191.580001831,0
2025-02-19 06:00:00+00:00,191.57800293,191.587997437,191.283004761,191.296005249,0
2025-02-19 07:00:00+00:00,191.304000854,191.62600708,191.214004517,191.369995117,0
2025-02-19 08:00:00+00:00,191.363998413,191.731002808,191.257995605,191.358001709,0
2025-02-19 09:00:00+00:00,191.356002808,191.507995605,191.059997559,191.147003174,0
2025-02-19 10:00:00+00:00,191.147994995,191.29699707,190.930999756,191.059997559,0
2025-02-19 11:00:00+00:00,191.06199646,191.276992798,191.024002075,191.080001831,0
2025-02-19 12:00:00+00:00,191.082000732,191.285003662,190.897003174,191.190002441,0
2025-02-19 13:00:00+00:00,191.192001343,191.240005493,190.977996826,190.992996216,0
2025-02-19 14:00:00+00:00,190.996994019,191.04699707,190.50100708,190.555999756,0
2025-02-19 15:00:00+00:00,190.555999756,190.902999878,190.447006226,190.62399292,0
2025-02-19 16:00:00+00:00,190.62600708,190.822006226,190.524993896,190.667999268,0
2025-02-19 17:00:00+00:00,190.660995483,190.815002441,190.531005859,190.738998413,0
2025-02-19 18:00:00+00:00,190.73500061,190.82699585,190.660003662,190.679992676,0
2025-02-19 19:00:00+00:00,190.671005249,190.720001221,190.513000488,190.679000854,0
2025-02-19 20:00:00+00:00,190.67199707,190.712997437,190.572006226,190.666000366,0
2025-02-19 21:00:00+00:00,190.675003052,190.714996338,190.61000061,190.611999512,0
2025-02-19 22:00:00+00:00,190.606002808,190.611999512,190.397003174,190.444000244,0
2025-02-19 23:00:00+00:00,190.444000244,190.518005371,190.085006714,190.274002075,0
2025-02-20 00:00:00+00:00,190.272994995,190.317993164,189.912994385,190.111999512,0
2025-02-20 01:00:00+00:00,190.111999512,190.132995605,189.486999512,189.539993286,0
2025-02-20 02:00:00+00:00,189.539993286,189.865997314,189.358001709,189.787994385,0
2025-02-20 03:00:00+00:00,189.789001465,189.81199646,189.39100647,189.42199707,0
2025-02-20 04:00:00+00:00,189.419006348,189.470001221,189.162002563,189.218002319,0
2025-02-20 05:00:00+00:00,189.223007202,189.414001465,189.151992798,189.408996582,0
2025-02-20 06:00:00+00:00,189.406005859,189.423995972,188.863006592,188.906005859,0
2025-02-20 07:00:00+00:00,188.904998779,189.246994019,188.787994385,189.141998291,0
2025-02-20 08:00:00+00:00,189.14100647,189.660995483,189.125,189.54699707,0
2025-02-20 09:00:00+00:00,189.552001953,189.735992432,189.39100647,189.598999023,0
2025-02-20 10:00:00+00:00,189.593994141,189.600006104,189.31300354,189.347000122,0
2025-02-20 11:00:00+00:00,189.345993042,189.408004761,189.18699646,189.404006958,0
2025-02-20 12:00:00+00:00,189.404998779,189.447006226,189.063995361,189.100006104,0
2025-02-20 13:00:00+00:00,189.097000122,189.375,188.921005249,189.29800415,0
2025-02-20 14:00:00+00:00,189.304000854,189.457000732,188.944000244,188.981002808,0
2025-02-20 15:00:00+00:00,188.960998535,189.238006592,188.675994873,188.981002808,0
2025-02-20 16:00:00+00:00,188.981002808,189.251998901,188.925003052,189.156997681,0
2025-02-20 17:00:00+00:00,189.156997681,189.244003296,189.057998657,189.110992432,0
2025-02-20 18:00:00+00:00,189.113998413,189.462005615,189.097000122,189.442001343,0
2025-02-20 19:00:00+00:00,189.43699646,189.785995483,189.434005737,189.759002686,0
2025-02-20 20:00:00+00:00,189.757995605,189.787002563,189.567001343,189.615997314,0
2025-02-20 21:00:00+00:00,189.615005493,189.615997314,189.51600647,189.544998169,0
2025-02-20 22:00:00+00:00,189.544998169,189.602996826,189.222000122,189.382003784,0
2025-02-20 23:00:00+00:00,189.408004761,189.598007202,189.173995972,189.337005615,0
2025-02-21 00:00:00+00:00,189.371002197,189.807006836,189.354003906,189.671005249,0
2025-02-21 01:00:00+00:00,189.669998169,190.397003174,189.62399292,190.268005371,0
2025-02-21 02:00:00+00:00,190.264007568,190.921005249,190.151000977,190.701004028,0
2025-02-21 03:00:00+00:00,190.70199585,190.718002319,190.311004639,190.440002441,0
2025-02-21 04:00:00+00:00,190.442993164,190.455001831,190.182998657,190.380004883,0
2025-02-21 05:00:00+00:00,190.378005981,190.479003906,190.300003052,190.350006104,0
2025-02-21 06:00:00+00:00,190.350006104,190.623001099,190.274002075,190.542999268,0
2025-02-21 07:00:00+00:00,190.533996582,190.93699646,190.531005859,190.723999023,0
2025-02-21 08:00:00+00:00,190.729003906,190.787002563,190.289001465,190.42300415,0
2025-02-21 09:00:00+00:00,190.425003052,190.481994629,190.009002686,190.347000122,0
2025-02-21 10:00:00+00:00,190.339004517,190.401992798,190.158996582,190.177993774,0
2025-02-21 11:00:00+00:00,190.171005249,190.242004395,189.934005737,190.018005371,0
2025-02-21 12:00:00+00:00,190.013000488,190.235992432,189.975997925,190.188995361,0
2025-02-21 13:00:00+00:00,190.190002441,190.367004395,190.055999756,190.229003906,0
2025-02-21 14:00:00+00:00,190.227996826,190.292999268,189.49899292,189.574005127,0
2025-02-21 15:00:00+00:00,189.557998657,189.598999023,188.897994995,189.003997803,0
2025-02-21 16:00:00+00:00,189.005004883,189.20199585,188.843994141,189.022003174,0
2025-02-21 17:00:00+00:00,189.020004272,189.091003418,188.630004883,188.677993774,0
2025-02-21 18:00:00+00:00,188.677993774,188.679000854,188.229995728,188.404998779,0
2025-02-21 19:00:00+00:00,188.402999878,188.414001465,188.139007568,188.287994385,0
2025-02-21 20:00:00+00:00,188.289001465,188.457992554,188.242996216,188.36000061,0
2025-02-21 21:00:00+00:00,188.354995728,188.634002686,188.32800293,188.531997681,0
2025-02-21 22:00:00+00:00,188.656997681,188.656997681,188.656997681,188.656997681,0
2025-02-24 00:00:00+00:00,188.973999023,188.973999023,188.598999023,188.636001587,0
2025-02-24 01:00:00+00:00,188.636001587,189.233001709,188.630996704,189.20199585,0
2025-02-24 02:00:00+00:00,189.210998535,189.580001831,189.20199585,189.287994385,0
2025-02-24 03:00:00+00:00,189.291000366,189.462005615,189.067001343,189.143997192,0
2025-02-24 04:00:00+00:00,189.149993896,189.259994507,189.111999512,189.151000977,0
2025-02-24 05:00:00+00:00,189.154998779,189.445999146,189.074996948,189.354003906,0
2025-02-24 06:00:00+00:00,189.348999023,189.432998657,189.205001831,189.304992676,0
2025-02-24 07:00:00+00:00,189.289993286,189.389007568,188.725997925,188.973999023,0
2025-02-24 08:00:00+00:00,188.970001221,189.063995361,188.464004517,188.990005493,0
2025-02-24 09:00:00+00:00,188.990997314,189.259002686,188.804000854,189.014007568,0
2025-02-24 10:00:00+00:00,189.007995605,189.190002441,188.873001099,189.166000366,0
2025-02-24 11:00:00+00:00,189.17300415,189.350997925,189.089996338,189.253997803,0
2025-02-24 12:00:00+00:00,189.248001099,189.348999023,189.087005615,189.257995605,0
2025-02-24 13:00:00+00:00,189.272003174,189.51600647,189.108001709,189.378005981,0
2025-02-24 14:00:00+00:00,189.375,189.468994141,188.350997925,188.410003662,0
2025-02-24 15:00:00+00:00,188.410995483,188.727005005,188.218994141,188.414001465,0
2025-02-24 16:00:00+00:00,188.412002563,189.205001831,188.410003662,189.044998169,0
2025-02-24 17:00:00+00:00,189.037002563,189.294998169,189.01600647,189.070999146,0
2025-02-24 18:00:00+00:00,189.065994263,189.151992798,188.945007324,189.125,0
2025-02-24 19:00:00+00:00,189.123001099,189.315994263,189.027999878,189.074996948,0
2025-02-24 20:00:00+00:00,189.07800293,189.203994751,188.882003784,188.979995728,0
2025-02-24 21:00:00+00:00,188.979995728,189.098007202,188.92300415,188.985992432,0
2025-02-24 22:00:00+00:00,188.957992554,189.113998413,188.85899353,189.06199646,0
2025-02-24 23:00:00+00:00,189.057998657,189.158004761,188.972000122,189.078994751,0
2025-02-25 00:00:00+00:00,189.136001587,189.507995605,189.128997803,189.468994141,0
2025-02-25 01:00:00+00:00,189.462005615,189.660995483,189.380996704,189.406005859,0
2025-02-25 02:00:00+00:00,189.408996582,189.460998535,189.276000977,189.292999268,0
2025-02-25 03:00:00+00:00,189.292999268,189.358001709,189.005004883,189.055999756,0
2025-02-25 04:00:00+00:00,189.059997559,189.12399292,188.832000732,188.942001343,0
2025-02-25 05:00:00+00:00,188.940002441,189.244003296,188.906997681,189.182998657,0
2025-02-25 06:00:00+00:00,189.188995361,189.294006348,189.063995361,189.166000366,0
2025-02-25 07:00:00+00:00,189.166000366,189.20300293,188.240997314,188.283996582,0
2025-02-25 08:00:00+00:00,188.283004761,188.848999023,188.162994385,188.604995728,0
2025-02-25 09:00:00+00:00,188.606002808,189.06300354,188.567993164,188.850006104,0
2025-02-25 10:00:00+00:00,188.854003906,189.156005859,188.807998657,189.089004517,0
2025-02-25 11:00:00+00:00,189.083999634,189.580001831,189.018997192,189.554992676,0
2025-02-25 12:00:00+00:00,189.554000854,189.554000854,189.184005737,189.462005615,0
2025-02-25 13:00:00+00:00,189.460006714,189.742004395,189.257003784,189.339996338,0
2025-02-25 14:00:00+00:00,189.339996338,189.410003662,188.807998657,188.897003174,0
2025-02-25 15:00:00+00:00,188.895996094,188.899993896,188.268005371,188.638000488,0
2025-02-25 16:00:00+00:00,188.634994507,188.718002319,188.151992798,188.602996826,0
2025-02-25 17:00:00+00:00,188.604003906,188.772003174,188.367996216,188.768997192,0
2025-02-25 18:00:00+00:00,188.768005371,189.121002197,188.720993042,188.925003052,0
2025-02-25 19:00:00+00:00,188.92199707,188.934997559,188.692993164,188.865005493,0
2025-02-25 20:00:00+00:00,188.867996216,188.981002808,188.656997681,188.729003906,0
2025-02-25 21:00:00+00:00,188.720993042,188.858001709,188.690002441,188.727996826,0
2025-02-25 22:00:00+00:00,188.712997437,188.92300415,188.574005127,188.869995117,0
2025-02-25 23:00:00+00:00,188.845993042,189.003005981,188.658996582,188.89100647,0
2025-02-26 00:00:00+00:00,188.871994019,188.901992798,188.384994507,188.738998413,0
2025-02-26 01:00:00+00:00,188.740997314,188.998001099,188.503005981,188.973999023,0
2025-02-26 02:00:00+00:00,188.977996826,189.17300415,188.901000977,189.145004272,0
2025-02-26 03:00:00+00:00,189.143005371,189.225997925,188.87600708,188.970001221,0
2025-02-26 04:00:00+00:00,188.977996826,189.117996216,188.822006226,188.906005859,0
2025-02-26 05:00:00+00:00,188.901000977,189.106002808,188.81199646,188.856994629,0
2025-02-26 06:00:00+00:00,188.856994629,189.216995239,188.835006714,189.18699646,0
2025-02-26 07:00:00+00:00,189.179000854,189.240005493,188.940994263,189.12399292,0
2025-02-26 08:00:00+00:00,189.132003784,189.25100708,188.720001221,188.873001099,0
2025-02-26 09:00:00+00:00,188.867996216,189.070999146,188.845993042,188.98500061,0
2025-02-26 10:00:00+00:00,188.98399353,189.076004028,188.770004272,189.067001343,0
2025-02-26 11:00:00+00:00,189.061004639,189.194000244,188.988006592,189.149002075,0
2025-02-26 12:00:00+00:00,189.14100647,189.270004272,188.983001709,189.154006958,0
2025-02-26 13:00:00+00:00,189.154998779,189.36000061,189.009002686,189.210998535,0
2025-02-26 14:00:00+00:00,189.210006714,189.662002563,189.009002686,189.535003662,0
2025-02-26 15:00:00+00:00,189.535003662,189.85899353,189.490997314,189.761993408,0
2025-02-26 16:00:00+00:00,189.764007568,189.832000732,189.279998779,189.302993774,0
2025-02-26 17:00:00+00:00,189.304000854,189.565994263,189.048995972,189.184005737,0
2025-02-26 18:00:00+00:00,189.184005737,189.283004761,188.699996948,188.847000122,0
2025-02-26 19:00:00+00:00,188.852005005,188.927001953,188.613006592,188.779998779,0
2025-02-26 20:00:00+00:00,188.777999878,188.95199585,188.684005737,188.888000488,0
2025-02-26 21:00:00+00:00,188.884994507,189.12399292,188.848999023,188.955001831,0
2025-02-26 22:00:00+00:00,188.942001343,189.039993286,188.76600647,188.813995361,0
2025-02-26 23:00:00+00:00,188.824005127,188.897994995,188.630004883,188.718002319,0
2025-02-27 00:00:00+00:00,188.768005371,188.957000732,188.559997559,188.88999939,0
2025-02-27 01:00:00+00:00,188.88999939,189.20300293,188.770996094,189.149002075,0
2025-02-27 02:00:00+00:00,189.156005859,189.184005737,188.893997192,188.968002319,0
2025-02-27 03:00:00+00:00,188.968002319,189.138000488,188.850006104,188.85899353,0
2025-02-27 04:00:00+00:00,188.854995728,188.912002563,188.615997314,188.667007446,0
2025-02-27 05:00:00+00:00,188.669006348,189.001998901,188.660003662,188.985992432,0
2025-02-27 06:00:00+00:00,188.983001709,189.130004883,188.919998169,188.998001099,0
2025-02-27 07:00:00+00:00,188.990997314,189.110992432,188.882003784,189.063995361,0
2025-02-27 08:00:00+00:00,189.067993164,189.766998291,188.921005249,189.708999634,0
2025-02-27 09:00:00+00:00,189.716003418,190.104003906,189.621002197,189.975006104,0
2025-02-27 10:00:00+00:00,189.972000122,190.080993652,189.820007324,189.994003296,0
2025-02-27 11:00:00+00:00,189.988998413,190.104003906,189.690002441,189.824005127,0
2025-02-27 12:00:00+00:00,189.824005127,189.927993774,189.462005615,189.555999756,0
2025-02-27 13:00:00+00:00,189.559005737,189.76600647,188.990005493,189.132995605,0
2025-02-27 14:00:00+00:00,189.134002686,189.703994751,188.972000122,189.083999634,0
2025-02-27 15:00:00+00:00,189.083999634,189.582992554,188.85899353,189.337997437,0
2025-02-27 16:00:00+00:00,189.343994141,189.544006348,189.072998047,189.154998779,0
2025-02-27 17:00:00+00:00,189.154006958,189.264007568,189.037994385,189.143005371,0
2025-02-27 18:00:00+00:00,189.147003174,189.606002808,189.117004395,189.56300354,0
2025-02-27 19:00:00+00:00,189.565002441,189.57699585,188.822998047,188.945999146,0
2025-02-27 20:00:00+00:00,188.93699646,188.957992554,188.606002808,188.791000366,0
2025-02-27 21:00:00+00:00,188.789001465,188.815002441,188.62600708,188.73399353,0
2025-02-27 22:00:00+00:00,188.742996216,188.917007446,188.56199646,188.682006836,0
2025-02-27 23:00:00+00:00,188.694000244,189.037994385,188.460998535,189.011001587,0
2025-02-28 00:00:00+00:00,189.033996582,189.128005981,188.26499939,188.291000366,0
2025-02-28 01:00:00+00:00,188.292999268,188.488006592,188.01499939,188.026992798,0
2025-02-28 02:00:00+00:00,188.026992798,188.212005615,187.67300415,188.158996582,0
2025-02-28 03:00:00+00:00,188.158996582,188.348007202,188.057998657,188.272003174,0
2025-02-28 04:00:00+00:00,188.26600647,188.410003662,188.125,188.240005493,0
2025-02-28 05:00:00+00:00,188.242004395,188.619003296,188.207000732,188.567993164,0
2025-02-28 06:00:00+00:00,188.565002441,188.82800293,188.488006592,188.746994019,0
2025-02-28 07:00:00+00:00,188.742004395,189.513000488,188.610992432,189.361999512,0
2025-02-28 08:00:00+00:00,189.363006592,189.878997803,189.311004639,189.710006714,0
2025-02-28 09:00:00+00:00,189.705001831,189.852996826,189.154006958,189.238006592,0
2025-02-28 10:00:00+00:00,189.238006592,189.48500061,189.212997437,189.363998413,0
2025-02-28 11:00:00+00:00,189.36000061,189.479003906,189.25,189.414993286,0
2025-02-28 12:00:00+00:00,189.412994385,189.921005249,189.399002075,189.850997925,0
2025-02-28 13:00:00+00:00,189.845001221,190.223007202,189.802993774,189.854995728,0
2025-02-28 14:00:00+00:00,189.850006104,190.143997192,189.408004761,189.908996582,0
2025-02-28 15:00:00+00:00,189.904998779,190.31199646,189.613006592,189.729995728,0
2025-02-28 16:00:00+00:00,189.729003906,189.869003296,189.080001831,189.628997803,0
2025-02-28 17:00:00+00:00,189.632003784,189.716995239,189.281997681,189.307998657,0
2025-02-28 18:00:00+00:00,189.302001953,189.395004272,188.822998047,188.837997437,0
2025-02-28 19:00:00+00:00,188.832000732,189.352996826,188.792007446,189.25,0
2025-02-28 20:00:00+00:00,189.25,189.48399353,189.082000732,189.345001221,0
2025-02-28 21:00:00+00:00,189.350006104,189.460006714,189.274993896,189.380004883,0
2025-02-28 22:00:00+00:00,189.45300293,189.45300293,189.45300293,189.45300293,0
2025-03-03 00:00:00+00:00,190.04800415,190.18800354,189.669998169,189.716003418,0
2025-03-03 01:00:00+00:00,189.720001221,190.041000366,189.533996582,189.64100647,0
2025-03-03 02:00:00+00:00,189.636993408,189.746994019,189.492996216,189.621994019,0
2025-03-03 03:00:00+00:00,189.615005493,189.675003052,189.291000366,189.600997925,0
2025-03-03 04:00:00+00:00,189.602996826,189.712005615,189.460006714,189.473007202,0
2025-03-03 05:00:00+00:00,189.468002319,189.748001099,189.462997437,189.587997437,0
2025-03-03 06:00:00+00:00,189.593002319,189.645004272,189.37600708,189.539001465,0
2025-03-03 07:00:00+00:00,189.539993286,189.580993652,189.205001831,189.227005005,0
2025-03-03 08:00:00+00:00,189.23399353,189.356002808,188.811004639,189.001998901,0
2025-03-03 09:00:00+00:00,189.00100708,189.901000977,188.932006836,189.865997314,0
2025-03-03 10:00:00+00:00,189.867004395,190.809997559,189.86000061,190.755004883,0
2025-03-03 11:00:00+00:00,190.755996704,191.475997925,190.684005737,191.43699646,0
2025-03-03 12:00:00+00:00,191.43800354,191.975006104,191.330001831,191.884994507,0
2025-03-03 13:00:00+00:00,191.884002686,191.930999756,191.341003418,191.417007446,0
2025-03-03 14:00:00+00:00,191.414001465,191.554000854,191.054000854,191.111999512,0
2025-03-03 15:00:00+00:00,191.074005127,191.166000366,190.539001465,190.772994995,0
2025-03-03 16:00:00+00:00,190.783996582,191.024002075,190.62600708,190.843994141,0
2025-03-03 17:00:00+00:00,190.850006104,191.134002686,190.774993896,190.968002319,0
2025-03-03 18:00:00+00:00,190.970993042,191.054992676,190.70199585,190.819000244,0
2025-03-03 19:00:00+00:00,190.819000244,191.01499939,190.524002075,190.680999756,0
2025-03-03 20:00:00+00:00,190.675994873,190.690002441,189.085006714,189.720993042,0
2025-03-03 21:00:00+00:00,189.716003418,190.061004639,189.701004028,189.837005615,0
2025-03-03 22:00:00+00:00,189.817993164,190.093002319,189.753005981,189.957992554,0
2025-03-03 23:00:00+00:00,189.957992554,190.050994873,189.42199707,189.630996704,0
2025-03-04 00:00:00+00:00,189.634002686,189.947998047,189.065994263,189.416000366,0
2025-03-04 01:00:00+00:00,189.414993286,189.544006348,188.785003662,189.104995728,0
2025-03-04 02:00:00+00:00,189.100006104,189.613998413,188.972000122,189.438995361,0
2025-03-04 03:00:00+00:00,189.432006836,189.524002075,189.104003906,189.242004395,0
2025-03-04 04:00:00+00:00,189.24899292,189.367004395,188.957000732,189.317993164,0
2025-03-04 05:00:00+00:00,189.315002441,189.708999634,189.108001709,189.64100647,0
2025-03-04 06:00:00+00:00,189.643005371,189.899002075,189.42300415,189.867996216,0
2025-03-04 07:00:00+00:00,189.87399292,189.93800354,189.231002808,189.725997925,0
2025-03-04 08:00:00+00:00,189.727005005,190.117996216,189.125,189.634994507,0
2025-03-04 09:00:00+00:00,189.634002686,189.76600647,189.195007324,189.656005859,0
2025-03-04 10:00:00+00:00,189.651000977,189.656997681,189.098999023,189.304000854,0
2025-03-04 11:00:00+00:00,189.311004639,189.367996216,188.740997314,189.020004272,0
2025-03-04 12:00:00+00:00,189.020996094,189.026992798,188.714996338,188.936004639,0
2025-03-04 13:00:00+00:00,188.93699646,189.177993774,188.533004761,188.554000854,0
2025-03-04 14:00:00+00:00,188.550994873,189.117996216,188.503005981,188.647003174,0
2025-03-04 15:00:00+00:00,188.652999878,188.983001709,188.240005493,188.63999939,0
2025-03-04 16:00:00+00:00,188.643997192,189.481994629,188.438995361,189.363998413,0
2025-03-04 17:00:00+00:00,189.365005493,189.729003906,189.330001831,189.546005249,0
2025-03-04 18:00:00+00:00,189.552001953,190.529006958,189.498001099,190.466995239,0
2025-03-04 19:00:00+00:00,190.462997437,191.003997803,190.449005127,190.942001343,0
2025-03-04 20:00:00+00:00,190.942001343,191.350997925,190.527999878,190.602005005,0
2025-03-04 21:00:00+00:00,190.604995728,191.774002075,190.552993774,191.67300415,0
2025-03-04 22:00:00+00:00,191.550003052,191.628997803,191.380004883,191.49899292,0
2025-03-04 23:00:00+00:00,191.5,191.895996094,191.371994019,191.552993774,0
2025-03-05 00:00:00+00:00,191.708999634,191.738006592,191.231994629,191.712997437,0
2025-03-05 01:00:00+00:00,191.716003418,192.087997437,191.514007568,191.62399292,0
2025-03-05 02:00:00+00:00,191.628005981,191.656005859,191.231002808,191.337005615,0
2025-03-05 03:00:00+00:00,191.339004517,191.835006714,191.169998169,191.757995605,0
2025-03-05 04:00:00+00:00,191.759002686,191.770004272,191.438995361,191.580001831,0
2025-03-05 05:00:00+00:00,191.578994751,191.742996216,191.477996826,191.565002441,0
2025-03-05 06:00:00+00:00,191.569000244,191.625,191.289993286,191.557006836,0
2025-03-05 07:00:00+00:00,191.557998657,191.873001099,191.391998291,191.595993042,0
2025-03-05 08:00:00+00:00,191.598007202,192.320999146,191.378005981,191.647003174,0
2025-03-05 09:00:00+00:00,191.656005859,191.925994873,191.483001709,191.723999023,0
2025-03-05 10:00:00+00:00,191.725997925,191.996994019,191.488998413,191.626998901,0
2025-03-05 11:00:00+00:00,191.623001099,191.871994019,191.380996704,191.570999146,0
2025-03-05 12:00:00+00:00,191.57699585,191.837997437,191.460006714,191.552001953,0
2025-03-05 13:00:00+00:00,191.554000854,191.858001709,190.869003296,191.076004028,0
2025-03-05 14:00:00+00:00,191.072998047,191.29800415,190.884002686,190.977005005,0
2025-03-05 15:00:00+00:00,190.977005005,191.87600708,190.921005249,191.604003906,0
2025-03-05 16:00:00+00:00,191.606994629,191.61000061,190.912994385,191.38999939,0
2025-03-05 17:00:00+00:00,191.393005371,191.779998779,191.20199585,191.720993042,0
2025-03-05 18:00:00+00:00,191.727996826,191.988998413,191.483001709,191.975006104,0
2025-03-05 19:00:00+00:00,191.979003906,192.233001709,191.87399292,191.884002686,0
2025-03-05 20:00:00+00:00,191.89100647,192.059997559,191.824996948,192.052993774,0
2025-03-05 21:00:00+00:00,192.054000854,192.108001709,191.906005859,191.973007202,0
2025-03-05 22:00:00+00:00,191.940994263,192.020004272,191.630996704,191.832000732,0
2025-03-05 23:00:00+00:00,191.807006836,192.011001587,191.697006226,191.932006836,0
2025-03-06 00:00:00+00:00,191.897994995,192.548995972,191.854003906,192.287994385,0
2025-03-06 01:00:00+00:00,192.287002563,192.524002075,192.175994873,192.274002075,0
2025-03-06 02:00:00+00:00,192.274002075,192.432998657,192.123001099,192.414001465,0
2025-03-06 03:00:00+00:00,192.416000366,192.432006836,192.173995972,192.305999756,0
2025-03-06 04:00:00+00:00,192.309997559,192.522003174,192.186004639,192.464004517,0
2025-03-06 05:00:00+00:00,192.460998535,192.48500061,192.147994995,192.160003662,0
2025-03-06 06:00:00+00:00,192.160003662,192.179992676,191.876998901,191.914001465,0
2025-03-06 07:00:00+00:00,191.914001465,191.955001831,191.419998169,191.527999878,0
2025-03-06 08:00:00+00:00,191.520996094,191.563995361,190.949996948,191.04699707,0
2025-03-06 09:00:00+00:00,191.042999268,191.050994873,190.264007568,190.419006348,0
2025-03-06 10:00:00+00:00,190.421005249,190.697998047,190.132995605,190.350006104,0
2025-03-06 11:00:00+00:00,190.348007202,190.60899353,190.205993652,190.393005371,0
2025-03-06 12:00:00+00:00,190.39100647,190.598999023,190.151000977,190.212005615,0
2025-03-06 13:00:00+00:00,190.216995239,190.337997437,189.871994019,190.121994019,0
2025-03-06 14:00:00+00:00,190.115997314,190.570007324,189.914001465,190.395996094,0
2025-03-06 15:00:00+00:00,190.395996094,191.192993164,190.291000366,191.078994751,0
2025-03-06 16:00:00+00:00,191.080001831,191.509002686,190.667999268,190.712005615,0
2025-03-06 17:00:00+00:00,190.707992554,190.895004272,190.341003418,190.628997803,0
2025-03-06 18:00:00+00:00,190.630004883,190.802001953,190.300003052,190.449005127,0
2025-03-06 19:00:00+00:00,190.440994263,190.76499939,190.152999878,190.430999756,0
2025-03-06 20:00:00+00:00,190.436004639,190.608001709,190.289001465,190.348999023,0
2025-03-06 21:00:00+00:00,190.343002319,190.675003052,190.341003418,190.587997437,0
2025-03-06 22:00:00+00:00,190.526000977,190.723999023,190.102996826,190.541000366,0
2025-03-06 23:00:00+00:00,190.552993774,190.852005005,190.492004395,190.802993774,0
2025-03-07 00:00:00+00:00,190.854995728,190.871994019,190.214004517,190.593994141,0
2025-03-07 01:00:00+00:00,190.597000122,190.779998779,190.455001831,190.546005249,0
2025-03-07 02:00:00+00:00,190.54699707,190.656997681,190.117996216,190.175994873,0
2025-03-07 03:00:00+00:00,190.177001953,190.257995605,189.99899292,190.210998535,0
2025-03-07 04:00:00+00:00,190.208999634,190.317993164,190.022003174,190.281005859,0
2025-03-07 05:00:00+00:00,190.281997681,190.386001587,189.979003906,189.98500061,0
2025-03-07 06:00:00+00:00,189.981002808,190.313995361,189.914001465,190.231002808,0
2025-03-07 07:00:00+00:00,190.216003418,190.666000366,190.197998047,190.529998779,0
2025-03-07 08:00:00+00:00,190.531005859,190.863998413,190.203994751,190.371994019,0
2025-03-07 09:00:00+00:00,190.369995117,190.878005981,190.285003662,190.759994507,0
2025-03-07 10:00:00+00:00,190.761993408,190.845001221,190.507003784,190.641998291,0
2025-03-07 11:00:00+00:00,190.639007568,190.85899353,190.507003784,190.813995361,0
2025-03-07 12:00:00+00:00,190.813995361,190.886001587,190.572006226,190.75100708,0
2025-03-07 13:00:00+00:00,190.744003296,191.033996582,189.873001099,189.95199585,0
2025-03-07 14:00:00+00:00,189.955001831,190.845993042,189.79699707,190.57699585,0
2025-03-07 15:00:00+00:00,190.57800293,191.027999878,189.917999268,190.632995605,0
2025-03-07 16:00:00+00:00,190.639007568,190.751998901,189.824005127,190.020004272,0
2025-03-07 17:00:00+00:00,190.020996094,190.628005981,189.651992798,190.373001099,0
2025-03-07 18:00:00+00:00,190.360992432,191.057998657,190.345001221,191.050003052,0
2025-03-07 19:00:00+00:00,191.052001953,191.427993774,190.869003296,191.264007568,0
2025-03-07 20:00:00+00:00,191.26600647,191.425994873,191.102005005,191.223999023,0
2025-03-07 21:00:00+00:00,191.220001221,191.302993774,191.089996338,191.292007446,0
2025-03-07 22:00:00+00:00,191.281997681,191.281997681,191.281997681,191.281997681,0
2025-03-10 00:00:00+00:00,190.852005005,190.949996948,190.498001099,190.569000244,0
2025-03-10 01:00:00+00:00,190.563995361,190.777999878,190.289001465,190.591003418,0
2025-03-10 02:00:00+00:00,190.591003418,190.736999512,190.39100647,190.585006714,0
2025-03-10 03:00:00+00:00,190.591995239,190.781005859,190.509002686,190.62399292,0
2025-03-10 04:00:00+00:00,190.621994019,190.690994263,190.516998291,190.557006836,0
2025-03-10 05:00:00+00:00,190.554000854,190.785995483,190.475006104,190.479995728,0
2025-03-10 06:00:00+00:00,190.48399353,190.817001343,190.460998535,190.746002197,0
2025-03-10 07:00:00+00:00,190.742996216,190.916000366,190.199996948,190.292007446,0
2025-03-10 08:00:00+00:00,190.294006348,190.388000488,189.460998535,189.535995483,0
2025-03-10 09:00:00+00:00,189.535995483,190.24899292,189.457992554,190.055999756,0
2025-03-10 10:00:00+00:00,190.059005737,190.205001831,189.789993286,189.828994751,0
2025-03-10 11:00:00+00:00,189.82800293,190.192001343,189.535003662,190.12399292,0
2025-03-10 12:00:00+00:00,190.119995117,190.195007324,189.798995972,190.143005371,0
2025-03-10 13:00:00+00:00,190.145996094,190.42300415,189.884002686,190.095993042,0
2025-03-10 14:00:00+00:00,190.091995239,190.098999023,189.296005249,189.57800293,0
2025-03-10 15:00:00+00:00,189.580993652,190.110992432,189.555999756,189.895004272,0
2025-03-10 16:00:00+00:00,189.893997192,190.018005371,189.656997681,189.878997803,0
2025-03-10 17:00:00+00:00,189.882003784,189.957992554,189.518005371,189.539993286,0
2025-03-10 18:00:00+00:00,189.531997681,189.759002686,189.382003784,189.492004395,0
2025-03-10 19:00:00+00:00,189.492996216,189.852996826,189.177993774,189.656997681,0
2025-03-10 20:00:00+00:00,189.664001465,189.753997803,189.483001709,189.57699585,0
2025-03-10 21:00:00+00:00,189.565994263,189.690002441,189.417999268,189.475997925,0
2025-03-10 22:00:00+00:00,189.455001831,189.488006592,189.201004028,189.222000122,0
2025-03-10 23:00:00+00:00,189.220993042,189.397003174,188.994003296,189.345001221,0
2025-03-11 00:00:00+00:00,189.360992432,189.382995605,188.792999268,189.091995239,0
2025-03-11 01:00:00+00:00,189.087005615,189.315002441,188.785995483,189.218002319,0
2025-03-11 02:00:00+00:00,189.223999023,189.75100708,189.154998779,189.36000061,0
2025-03-11 03:00:00+00:00,189.360992432,189.694000244,189.360992432,189.630004883,0
2025-03-11 04:00:00+00:00,189.628005981,189.81300354,189.455993652,189.511993408,0
2025-03-11 05:00:00+00:00,189.511993408,189.638000488,189.382995605,189.574005127,0
2025-03-11 06:00:00+00:00,189.574996948,190.093994141,189.526992798,189.841003418,0
2025-03-11 07:00:00+00:00,189.841995239,189.958999634,189.539001465,189.684997559,0
2025-03-11 08:00:00+00:00,189.682006836,190.507003784,189.595993042,190.445007324,0
2025-03-11 09:00:00+00:00,190.43800354,190.725006104,190.311004639,190.628005981,0
2025-03-11 10:00:00+00:00,190.625,190.908996582,190.576004028,190.740997314,0
2025-03-11 11:00:00+00:00,190.740005493,191.057998657,190.563995361,190.761993408,0
2025-03-11 12:00:00+00:00,190.766998291,191.473999023,190.619003296,191.268997192,0
2025-03-11 13:00:00+00:00,191.270996094,191.587997437,190.929992676,191.067001343,0
2025-03-11 14:00:00+00:00,191.11000061,191.440002441,190.307998657,190.539993286,0
2025-03-11 15:00:00+00:00,190.544998169,191.332992554,190.430999756,190.947998047,0
2025-03-11 16:00:00+00:00,190.947006226,190.947006226,190.522003174,190.552993774,0
2025-03-11 17:00:00+00:00,190.548995972,190.617996216,190.220001221,190.593994141,0
2025-03-11 18:00:00+00:00,190.600997925,191.677993774,190.552001953,191.582000732,0
2025-03-11 19:00:00+00:00,191.582000732,191.67199707,191.283004761,191.373001099,0
2025-03-11 20:00:00+00:00,191.369003296,191.460998535,191.272994995,191.356994629,0
2025-03-11 21:00:00+00:00,191.272003174,191.50100708,191.143005371,191.195999146,0
2025-03-11 22:00:00+00:00,191.199005127,191.544006348,191.188995361,191.492996216,0
2025-03-11 23:00:00+00:00,191.488006592,191.688995361,191.371994019,191.636993408,0
2025-03-12 00:00:00+00:00,191.634994507,191.748001099,191.354003906,191.610992432,0
2025-03-12 01:00:00+00:00,191.613998413,191.634002686,191.25100708,191.511001587,0
2025-03-12 02:00:00+00:00,191.518005371,191.57800293,191.320007324,191.464996338,0
2025-03-12 03:00:00+00:00,191.464996338,191.550003052,191.244003296,191.345993042,0
2025-03-12 04:00:00+00:00,191.348007202,191.591003418,191.335006714,191.460998535,0
2025-03-12 05:00:00+00:00,191.460998535,191.632003784,191.393997192,191.444000244,0
2025-03-12 06:00:00+00:00,191.438995361,191.682006836,191.287002563,191.625,0
2025-03-12 07:00:00+00:00,191.63999939,192.147994995,191.572998047,192.106002808,0
2025-03-12 08:00:00+00:00,192.106994629,192.169998169,191.632995605,191.977996826,0
2025-03-12 09:00:00+00:00,191.977996826,192.376998901,191.917007446,192.205993652,0
2025-03-12 10:00:00+00:00,192.205001831,192.496994019,192.197006226,192.291000366,0
2025-03-12 11:00:00+00:00,192.292999268,192.714004517,192.291000366,192.526000977,0
2025-03-12 12:00:00+00:00,192.520004272,193.065994263,192.320007324,193.011001587,0
2025-03-12 13:00:00+00:00,193.009994507,193.074996948,192.158996582,192.348007202,0
2025-03-12 14:00:00+00:00,192.345993042,192.367996216,191.832992554,192.013000488,0
2025-03-12 15:00:00+00:00,192.007003784,192.429000854,191.826004028,192.335998535,0
2025-03-12 16:00:00+00:00,192.339996338,192.673995972,192.220001221,192.361999512,0
2025-03-12 17:00:00+00:00,192.363006592,192.457992554,192.055999756,192.074005127,0
2025-03-12 18:00:00+00:00,192.072006226,192.43800354,192.055999756,192.36000061,0
2025-03-12 19:00:00+00:00,192.363006592,192.460006714,192.225997925,192.369995117,0
2025-03-12 20:00:00+00:00,192.365997314,192.391998291,192.097000122,192.149002075,0
2025-03-12 21:00:00+00:00,192.072006226,192.207992554,191.986999512,192.070007324,0
2025-03-12 22:00:00+00:00,192.091995239,192.255996704,191.988006592,192.182006836,0
2025-03-12 23:00:00+00:00,192.182006836,192.25,191.972000122,192.23399353,0
2025-03-13 00:00:00+00:00,192.246002197,192.339996338,192.031997681,192.052993774,0
2025-03-13 01:00:00+00:00,192.052001953,192.307998657,192.018005371,192.054992676,0
2025-03-13 02:00:00+00:00,192.052001953,192.253997803,192.041000366,192.182006836,0
2025-03-13 03:00:00+00:00,192.182006836,192.207000732,191.804992676,191.826004028,0
2025-03-13 04:00:00+00:00,191.830993652,191.899993896,191.552993774,191.636993408,0
2025-03-13 05:00:00+00:00,191.636001587,191.684005737,191.363006592,191.42199707,0
2025-03-13 06:00:00+00:00,191.419006348,191.524002075,191.167007446,191.399993896,0
2025-03-13 07:00:00+00:00,191.401000977,191.574005127,191.309997559,191.423995972,0
2025-03-13 08:00:00+00:00,191.42300415,191.675994873,191.158004761,191.520996094,0
2025-03-13 09:00:00+00:00,191.522994995,192.009002686,191.365005493,191.990997314,0
2025-03-13 10:00:00+00:00,191.990005493,192.085998535,191.794006348,191.949996948,0
2025-03-13 11:00:00+00:00,191.945999146,191.99899292,191.257003784,191.386993408,0
2025-03-13 12:00:00+00:00,191.382003784,191.845001221,191.192001343,191.666000366,0
2025-03-13 13:00:00+00:00,191.664993286,191.835998535,191.451004028,191.602996826,0
2025-03-13 14:00:00+00:00,191.604003906,191.930999756,191.468994141,191.587997437,0
2025-03-13 15:00:00+00:00,191.591995239,191.677001953,190.994995117,191.179992676,0
2025-03-13 16:00:00+00:00,191.180999756,191.348999023,190.981002808,191.070007324,0
2025-03-13 17:00:00+00:00,191.072998047,191.151000977,190.733001709,191.033996582,0
2025-03-13 18:00:00+00:00,191.029998779,191.408004761,191.01499939,191.356994629,0
2025-03-13 19:00:00+00:00,191.356002808,191.408996582,191.076004028,191.186004639,0
2025-03-13 20:00:00+00:00,191.184997559,191.503997803,191.17300415,191.382003784,0
2025-03-13 21:00:00+00:00,191.380996704,191.488998413,191.259002686,191.263000488,0
2025-03-13 22:00:00+00:00,191.266998291,191.667999268,191.225006104,191.595993042,0
2025-03-13 23:00:00+00:00,191.589004517,191.708999634,191.492996216,191.662002563,0
2025-03-14 00:00:00+00:00,191.67300415,192.12600708,191.548995972,191.960006714,0
2025-03-14 01:00:00+00:00,191.970001221,192.106002808,191.73399353,191.761001587,0
2025-03-14 02:00:00+00:00,191.759994507,191.895004272,191.740005493,191.826004028,0
2025-03-14 03:00:00+00:00,191.82699585,192.027999878,191.824005127,192.003005981,0
2025-03-14 04:00:00+00:00,192.003005981,192.199996948,191.981994629,192.167999268,0
2025-03-14 05:00:00+00:00,192.169006348,192.399993896,192.154998779,192.25,0
2025-03-14 06:00:00+00:00,192.246002197,192.507995605,192.158004761,192.410995483,0
2025-03-14 07:00:00+00:00,192.410003662,192.669998169,192.054000854,192.259002686,0
2025-03-14 08:00:00+00:00,192.255004883,192.619995117,192.095993042,192.535995483,0
2025-03-14 09:00:00+00:00,192.537994385,192.628005981,192.380996704,192.591003418,0
2025-03-14 10:00:00+00:00,192.591003418,192.75,192.175994873,192.574005127,0
2025-03-14 11:00:00+00:00,192.567001343,192.62399292,192.272003174,192.432006836,0
2025-03-14 12:00:00+00:00,192.440002441,192.658004761,192.335998535,192.38999939,0
2025-03-14 13:00:00+00:00,192.384002686,192.529006958,192.121002197,192.337005615,0
2025-03-14 14:00:00+00:00,192.354003906,192.690002441,191.794998169,191.893997192,0
2025-03-14 15:00:00+00:00,191.906005859,192.024002075,191.667999268,191.809997559,0
2025-03-14 16:00:00+00:00,191.809005737,191.835998535,191.449005127,191.748001099,0
2025-03-14 17:00:00+00:00,191.753005981,191.973007202,191.733001709,191.902999878,0
2025-03-14 18:00:00+00:00,191.904006958,192.132003784,191.901000977,192.078994751,0
2025-03-14 19:00:00+00:00,192.089996338,192.300003052,192.026000977,192.274002075,0
2025-03-14 20:00:00+00:00,192.274993896,192.335006714,192.143997192,192.212005615,0
2025-03-14 21:00:00+00:00,192.231994629,192.231994629,192.231994629,192.231994629,0
2025-03-14 22:00:00+00:00,192.231994629,192.231994629,192.231994629,192.231994629,0
2025-03-17 00:00:00+00:00,192.093994141,192.5,191.975006104,192.382995605,0
2025-03-17 01:00:00+00:00,192.375,192.51600647,192.242004395,192.279006958,0
2025-03-17 02:00:00+00:00,192.277999878,192.365997314,192.147003174,192.277999878,0
2025-03-17 03:00:00+00:00,192.279998779,192.479003906,192.17199707,192.389007568,0
2025-03-17 04:00:00+00:00,192.382003784,192.804000854,192.380996704,192.774993896,0
2025-03-17 05:00:00+00:00,192.770996094,192.789001465,192.541000366,192.690002441,0
2025-03-17 06:00:00+00:00,192.708999634,192.850006104,192.481002808,192.597000122,0
2025-03-17 07:00:00+00:00,192.600997925,192.74899292,192.436004639,192.531005859,0
2025-03-17 08:00:00+00:00,192.533004761,192.81199646,192.35899353,192.731994629,0
2025-03-17 09:00:00+00:00,192.731994629,192.789001465,192.470001221,192.565002441,0
2025-03-17 10:00:00+00:00,192.563995361,192.768997192,192.401992798,192.621994019,0
2025-03-17 11:00:00+00:00,192.619995117,192.73399353,192.468002319,192.563995361,0
2025-03-17 12:00:00+00:00,192.557006836,193.190002441,192.354003906,193.044006348,0
2025-03-17 13:00:00+00:00,193.039001465,193.391998291,192.945007324,193.17199707,0
2025-03-17 14:00:00+00:00,193.177001953,193.199005127,192.779998779,192.914993286,0
2025-03-17 15:00:00+00:00,192.910003662,193.022994995,192.761001587,192.891998291,0
2025-03-17 16:00:00+00:00,192.895004272,193.220001221,192.835006714,193.207000732,0
2025-03-17 17:00:00+00:00,193.208999634,193.580001831,193.12399292,193.554000854,0
2025-03-17 18:00:00+00:00,193.548995972,193.927001953,193.509002686,193.876998901,0
2025-03-17 19:00:00+00:00,193.882003784,193.964004517,193.763000488,193.776000977,0
2025-03-17 20:00:00+00:00,193.774002075,193.925003052,193.595001221,193.817993164,0
2025-03-17 21:00:00+00:00,193.819000244,193.917999268,193.619995117,193.675994873,0
2025-03-17 22:00:00+00:00,193.67199707,193.949996948,193.656997681,193.934005737,0
2025-03-17 23:00:00+00:00,193.93699646,194.018005371,193.89100647,193.960006714,0
2025-03-18 00:00:00+00:00,193.964996338,194.093002319,193.820999146,194.050003052,0
2025-03-18 01:00:00+00:00,194.055999756,194.160995483,193.944000244,193.975997925,0
2025-03-18 02:00:00+00:00,193.979003906,194.268997192,193.942993164,194.186004639,0
2025-03-18 03:00:00+00:00,194.186004639,194.235992432,194.104003906,194.197998047,0
2025-03-18 04:00:00+00:00,194.201004028,194.266998291,194.050003052,194.080001831,0
2025-03-18 05:00:00+00:00,194.082000732,194.274993896,194.027999878,194.270996094,0
2025-03-18 06:00:00+00:00,194.274002075,194.429992676,194.25,194.350997925,0
2025-03-18 07:00:00+00:00,194.350006104,194.617004395,194.315994263,194.578994751,0
2025-03-18 08:00:00+00:00,194.578994751,194.901992798,194.537002563,194.628005981,0
2025-03-18 09:00:00+00:00,194.62600708,194.796005249,194.419998169,194.740005493,0
2025-03-18 10:00:00+00:00,194.736999512,194.792999268,194.31300354,194.393997192,0
2025-03-18 11:00:00+00:00,194.393005371,194.421005249,194.132003784,194.14100647,0
2025-03-18 12:00:00+00:00,194.13999939,194.356994629,194.065002441,194.337997437,0
2025-03-18 13:00:00+00:00,194.337005615,194.442001343,193.867996216,193.98500061,0
2025-03-18 14:00:00+00:00,193.986999512,194.259994507,193.830001831,194.104003906,0
2025-03-18 15:00:00+00:00,194.098999023,194.182006836,193.800994873,194.104995728,0
2025-03-18 16:00:00+00:00,194.104003906,194.401992798,193.990005493,194.220001221,0
2025-03-18 17:00:00+00:00,194.220993042,194.246994019,193.970993042,194.095001221,0
2025-03-18 18:00:00+00:00,194.091995239,194.130004883,193.852005005,194.067993164,0
2025-03-18 19:00:00+00:00,194.067993164,194.154998779,193.975997925,194.138000488,0
2025-03-18 20:00:00+00:00,194.136001587,194.229995728,194.01600647,194.037002563,0
2025-03-18 21:00:00+00:00,194.016998291,194.151000977,193.895004272,194.011001587,0
2025-03-18 22:00:00+00:00,194.033996582,194.212005615,193.904998779,194.197998047,0
2025-03-18 23:00:00+00:00,194.201004028,194.298995972,194.091995239,194.292999268,0
2025-03-19 00:00:00+00:00,194.266998291,194.494003296,194.083999634,194.425003052,0
2025-03-19 01:00:00+00:00,194.429992676,194.475997925,194.177993774,194.210006714,0
2025-03-19 02:00:00+00:00,194.205993652,194.361999512,193.930999756,194.225997925,0
2025-03-19 03:00:00+00:00,194.227005005,194.264007568,193.99899292,194.031997681,0
2025-03-19 04:00:00+00:00,194.026000977,194.246994019,193.977005005,194.20300293,0
2025-03-19 05:00:00+00:00,194.205993652,194.472000122,194.199996948,194.464996338,0
2025-03-19 06:00:00+00:00,194.464004517,194.688995361,194.160995483,194.212005615,0
2025-03-19 07:00:00+00:00,194.212997437,194.227005005,193.25100708,193.621994019,0
2025-03-19 08:00:00+00:00,193.615997314,194.195007324,193.615997314,194.125,0
2025-03-19 09:00:00+00:00,194.125,194.367004395,193.947998047,194.268005371,0
2025-03-19 10:00:00+00:00,194.263000488,194.309005737,194.018997192,194.18699646,0
2025-03-19 11:00:00+00:00,194.184997559,194.509002686,194.17199707,194.42300415,0
2025-03-19 12:00:00+00:00,194.425003052,194.492996216,194.093002319,194.218994141,0
2025-03-19 13:00:00+00:00,194.220001221,194.628997803,194.113998413,194.585006714,0
2025-03-19 14:00:00+00:00,194.583999634,194.705993652,194.257003784,194.339996338,0
2025-03-19 15:00:00+00:00,194.339996338,194.554992676,194.199996948,194.535003662,0
2025-03-19 16:00:00+00:00,194.535995483,194.585998535,194.335998535,194.529998779,0
2025-03-19 17:00:00+00:00,194.529998779,194.54800415,194.212997437,194.304992676,0
2025-03-19 18:00:00+00:00,194.304992676,194.380004883,193.332992554,193.580993652,0
2025-03-19 19:00:00+00:00,193.582000732,193.716003418,193.300994873,193.455001831,0
2025-03-19 20:00:00+00:00,193.444000244,193.557998657,193.23399353,193.31199646,0
2025-03-19 21:00:00+00:00,193.268005371,193.531997681,193.149993896,193.490997314,0
2025-03-19 22:00:00+00:00,193.50100708,193.589996338,193.216995239,193.257995605,0
2025-03-19 23:00:00+00:00,193.259994507,193.408996582,193.134994507,193.177001953,0
2025-03-20 00:00:00+00:00,193.145996094,193.158004761,192.87399292,192.929000854,0
2025-03-20 01:00:00+00:00,192.923995972,193.011993408,192.74899292,192.82800293,0
2025-03-20 02:00:00+00:00,192.832000732,193.050003052,192.802001953,193.04800415,0
2025-03-20 03:00:00+00:00,193.04800415,193.115997314,192.945007324,192.98399353,0
2025-03-20 04:00:00+00:00,192.98399353,193.009002686,192.873001099,192.940002441,0
2025-03-20 05:00:00+00:00,192.93699646,192.945999146,192.770996094,192.79699707,0
2025-03-20 06:00:00+00:00,192.800994873,192.800994873,192.503997803,192.559997559,0
2025-03-20 07:00:00+00:00,192.557998657,192.807998657,192.501998901,192.742004395,0
2025-03-20 08:00:00+00:00,192.740997314,192.930999756,192.496002197,192.684005737,0
2025-03-20 09:00:00+00:00,192.690002441,192.759994507,192.444000244,192.699005127,0
2025-03-20 10:00:00+00:00,192.697998047,192.705001831,192.052993774,192.477996826,0
2025-03-20 11:00:00+00:00,192.479995728,192.569000244,192.268005371,192.272003174,0
2025-03-20 12:00:00+00:00,192.261001587,192.729003906,192.223007202,192.404006958,0
2025-03-20 13:00:00+00:00,192.395996094,192.776000977,192.175003052,192.720993042,0
2025-03-20 14:00:00+00:00,192.703994751,193.072006226,192.692001343,192.794006348,0
2025-03-20 15:00:00+00:00,192.79800415,193.169006348,192.690002441,193.095993042,0
2025-03-20 16:00:00+00:00,193.097000122,193.220993042,192.826004028,192.858001709,0
2025-03-20 17:00:00+00:00,192.856994629,193.033996582,192.774002075,192.822998047,0
2025-03-20 18:00:00+00:00,192.817993164,192.953994751,192.70199585,192.852005005,0
2025-03-20 19:00:00+00:00,192.850997925,192.98399353,192.828994751,192.904998779,0
2025-03-20 20:00:00+00:00,192.910995483,192.966003418,192.852005005,192.886993408,0
2025-03-20 21:00:00+00:00,192.865005493,192.992996216,192.75,192.919998169,0
2025-03-20 22:00:00+00:00,192.940002441,192.942001343,192.712997437,192.828994751,0
2025-03-20 23:00:00+00:00,192.82800293,192.89100647,192.662002563,192.682006836,0
2025-03-21 00:00:00+00:00,192.679992676,193.197998047,192.656997681,193.151000977,0
2025-03-21 01:00:00+00:00,193.147003174,193.408004761,193.057006836,193.277999878,0
2025-03-21 02:00:00+00:00,193.270996094,193.300003052,193.072998047,193.184005737,0
2025-03-21 03:00:00+00:00,193.179992676,193.238006592,193.007995605,193.166000366,0
2025-03-21 04:00:00+00:00,193.166000366,193.429000854,193.145996094,193.339996338,0
2025-03-21 05:00:00+00:00,193.335006714,193.488998413,193.281005859,193.35899353,0
2025-03-21 06:00:00+00:00,193.35899353,193.475997925,193.218002319,193.466995239,0
2025-03-21 07:00:00+00:00,193.481994629,193.583999634,193.04699707,193.134002686,0
2025-03-21 08:00:00+00:00,193.130996704,193.503997803,192.945007324,193.438995361,0
2025-03-21 09:00:00+00:00,193.43800354,193.445999146,193.154006958,193.199005127,0
2025-03-21 10:00:00+00:00,193.199005127,193.440002441,192.968994141,193.115005493,0
2025-03-21 11:00:00+00:00,193.115005493,193.175003052,192.669006348,192.736999512,0
2025-03-21 12:00:00+00:00,192.742004395,192.878005981,192.300003052,192.320999146,0
2025-03-21 13:00:00+00:00,192.322006226,192.591003418,192.141998291,192.587997437,0
2025-03-21 14:00:00+00:00,192.591003418,192.710998535,192.414993286,192.54800415,0
2025-03-21 15:00:00+00:00,192.546005249,192.611999512,192.033996582,192.085998535,0
2025-03-21 16:00:00+00:00,192.085006714,192.830001831,192.007995605,192.822006226,0
2025-03-21 17:00:00+00:00,192.822998047,193.014007568,192.580001831,192.839004517,0
2025-03-21 18:00:00+00:00,192.839004517,192.929992676,192.746994019,192.880004883,0
2025-03-21 19:00:00+00:00,192.882995605,192.970001221,192.744995117,192.92199707,0
2025-03-21 20:00:00+00:00,192.921005249,192.949005127,192.712005615,192.828994751,0
2025-03-21 21:00:00+00:00,192.854003906,192.854003906,192.854003906,192.854003906,0
2025-03-24 00:00:00+00:00,193.445007324,193.710006714,193.255004883,193.664001465,0
2025-03-24 01:00:00+00:00,193.660995483,193.74899292,193.580993652,193.621002197,0
2025-03-24 02:00:00+00:00,193.623001099,193.679000854,193.585006714,193.647003174,0
2025-03-24 03:00:00+00:00,193.641998291,193.785995483,193.378005981,193.453994751,0
2025-03-24 04:00:00+00:00,193.449996948,193.496002197,193.36000061,193.449005127,0
2025-03-24 05:00:00+00:00,193.447998047,193.539993286,193.350006104,193.442993164,0
2025-03-24 06:00:00+00:00,193.440002441,193.768005371,193.423995972,193.70199585,0
2025-03-24 07:00:00+00:00,193.703994751,193.983001709,193.630004883,193.753997803,0
2025-03-24 08:00:00+00:00,193.751998901,194.011993408,193.628005981,193.804000854,0
2025-03-24 09:00:00+00:00,193.805999756,194.024002075,193.54699707,193.845001221,0
2025-03-24 10:00:00+00:00,193.850006104,194.011001587,193.800994873,193.968002319,0
2025-03-24 11:00:00+00:00,193.968994141,194.009002686,193.833999634,193.839004517,0
2025-03-24 12:00:00+00:00,193.843002319,194.005996704,193.802001953,193.925994873,0
2025-03-24 13:00:00+00:00,193.925003052,194.121994019,193.654998779,194.082000732,0
2025-03-24 14:00:00+00:00,194.07800293,194.539993286,194.027999878,194.511001587,0
2025-03-24 15:00:00+00:00,194.511993408,194.686004639,194.341003418,194.621002197,0
2025-03-24 16:00:00+00:00,194.621994019,194.727996826,194.177993774,194.285995483,0
2025-03-24 17:00:00+00:00,194.289993286,194.445999146,194.160995483,194.438995361,0
2025-03-24 18:00:00+00:00,194.432998657,194.692001343,194.298995972,194.591995239,0
2025-03-24 19:00:00+00:00,194.589996338,194.664993286,194.541000366,194.645996094,0
2025-03-24 20:00:00+00:00,194.651000977,194.772003174,194.632003784,194.707992554,0
2025-03-24 21:00:00+00:00,194.707992554,194.748001099,194.574996948,194.651992798,0
2025-03-24 22:00:00+00:00,194.67199707,194.774002075,194.651000977,194.73500061,0
2025-03-24 23:00:00+00:00,194.742004395,194.917999268,194.658004761,194.87399292,0
2025-03-25 00:00:00+00:00,194.843994141,195,194.817001343,194.964996338,0
2025-03-25 01:00:00+00:00,194.964004517,194.964996338,194.598007202,194.679000854,0
2025-03-25 02:00:00+00:00,194.679000854,194.723999023,194.542007446,194.694000244,0
2025-03-25 03:00:00+00:00,194.692001343,194.75,194.548995972,194.666000366,0
2025-03-25 04:00:00+00:00,194.67199707,194.729003906,194.54699707,194.570007324,0
2025-03-25 05:00:00+00:00,194.567993164,194.576004028,194.389007568,194.395996094,0
2025-03-25 06:00:00+00:00,194.393005371,194.524002075,194.300003052,194.42300415,0
2025-03-25 07:00:00+00:00,194.425994873,194.623001099,194.37600708,194.516998291,0
2025-03-25 08:00:00+00:00,194.520004272,194.64100647,194.332992554,194.490005493,0
2025-03-25 09:00:00+00:00,194.490005493,194.647003174,194.360992432,194.587997437,0
2025-03-25 10:00:00+00:00,194.589004517,194.660003662,194.412994385,194.526000977,0
2025-03-25 11:00:00+00:00,194.524993896,194.567001343,194.309997559,194.361999512,0
2025-03-25 12:00:00+00:00,194.363006592,194.451004028,194.117996216,194.274002075,0
2025-03-25 13:00:00+00:00,194.274993896,194.287002563,193.893997192,193.893997192,0
2025-03-25 14:00:00+00:00,193.912002563,194.005996704,193.67199707,193.854003906,0
2025-03-25 15:00:00+00:00,193.854995728,193.990005493,193.621002197,193.906997681,0
2025-03-25 16:00:00+00:00,193.908004761,194.063995361,193.882003784,194.06199646,0
2025-03-25 17:00:00+00:00,194.06300354,194.229995728,194.01499939,194.065002441,0
2025-03-25 18:00:00+00:00,194.054000854,194.067001343,193.889007568,193.985992432,0
2025-03-25 19:00:00+00:00,193.98500061,194.115005493,193.962005615,194.01499939,0
2025-03-25 20:00:00+00:00,194.013000488,194.074005127,193.983001709,194.022994995,0
2025-03-25 21:00:00+00:00,194.007003784,194.102005005,193.897994995,194.009002686,0
2025-03-25 22:00:00+00:00,194.011993408,194.147994995,193.930999756,194.089004517,0
2025-03-25 23:00:00+00:00,194.082000732,194.145004272,194,194.093994141,0
2025-03-26 00:00:00+00:00,194.098007202,194.283996582,193.945007324,194.227005005,0
2025-03-26 01:00:00+00:00,194.222000122,194.414993286,194.070007324,194.253005981,0
2025-03-26 02:00:00+00:00,194.246002197,194.520004272,194.20199585,194.49899292,0
2025-03-26 03:00:00+00:00,194.5,194.647994995,194.470993042,194.598007202,0
2025-03-26 04:00:00+00:00,194.602005005,194.722000122,194.57699585,194.720993042,0
2025-03-26 05:00:00+00:00,194.716003418,194.787994385,194.569000244,194.57699585,0
2025-03-26 06:00:00+00:00,194.576004028,194.777999878,194.535003662,194.680999756,0
2025-03-26 07:00:00+00:00,194.692001343,194.692001343,194.098007202,194.171005249,0
2025-03-26 08:00:00+00:00,194.17300415,194.197998047,193.462997437,193.757995605,0
2025-03-26 09:00:00+00:00,193.757995605,193.886001587,193.522003174,193.779006958,0
2025-03-26 10:00:00+00:00,193.781997681,193.904006958,193.625,193.841995239,0
2025-03-26 11:00:00+00:00,193.841995239,193.917007446,193.699996948,193.720993042,0
2025-03-26 12:00:00+00:00,193.714004517,193.98500061,193.574005127,193.897003174,0
2025-03-26 13:00:00+00:00,193.899002075,194.095001221,193.690002441,193.761001587,0
2025-03-26 14:00:00+00:00,193.761993408,194.246994019,193.714996338,194.169998169,0
2025-03-26 15:00:00+00:00,194.17300415,194.371002197,193.910003662,194.164001465,0
2025-03-26 16:00:00+00:00,194.169998169,194.25100708,193.832000732,194.17199707,0
2025-03-26 17:00:00+00:00,194.167999268,194.343002319,193.636993408,193.791000366,0
2025-03-26 18:00:00+00:00,193.796005249,194.070999146,193.757995605,193.850006104,0
2025-03-26 19:00:00+00:00,193.852996826,194.104995728,193.811004639,194.059005737,0
2025-03-26 20:00:00+00:00,194.055999756,194.095993042,193.992004395,193.994995117,0
2025-03-26 21:00:00+00:00,193.968002319,194.082000732,193.710998535,193.755996704,0
2025-03-26 22:00:00+00:00,193.753997803,193.93699646,193.509994507,193.511993408,0
2025-03-26 23:00:00+00:00,193.511001587,193.76499939,193.494003296,193.744995117,0
2025-03-27 00:00:00+00:00,193.757995605,194.026992798,193.699005127,193.953994751,0
2025-03-27 01:00:00+00:00,193.95199585,193.955001831,193.544006348,193.658004761,0
2025-03-27 02:00:00+00:00,193.662002563,194.024002075,193.647003174,193.910995483,0
2025-03-27 03:00:00+00:00,193.910003662,193.95199585,193.727005005,193.861999512,0
2025-03-27 04:00:00+00:00,193.85899353,194.087005615,193.848007202,194.067993164,0
2025-03-27 05:00:00+00:00,194.065002441,194.195999146,193.914001465,193.988998413,0
2025-03-27 06:00:00+00:00,193.988006592,194.50100708,193.970993042,194.320007324,0
2025-03-27 07:00:00+00:00,194.31199646,194.388000488,193.962005615,194.37399292,0
2025-03-27 08:00:00+00:00,194.37600708,194.664001465,194.188995361,194.658004761,0
2025-03-27 09:00:00+00:00,194.656005859,194.994995117,194.615005493,194.992004395,0
2025-03-27 10:00:00+00:00,194.994003296,195.220993042,194.89100647,195.180999756,0
2025-03-27 11:00:00+00:00,195.186004639,195.324005127,195.113006592,195.281997681,0
2025-03-27 12:00:00+00:00,195.283996582,195.617004395,195.085998535,195.111999512,0
2025-03-27 13:00:00+00:00,195.113006592,195.20300293,194.817993164,195.050003052,0
2025-03-27 14:00:00+00:00,195.054000854,195.57699585,194.871994019,195.507003784,0
2025-03-27 15:00:00+00:00,195.505996704,195.919998169,195.37600708,195.694000244,0
2025-03-27 16:00:00+00:00,195.694000244,195.912002563,195.606002808,195.656997681,0
2025-03-27 17:00:00+00:00,195.658004761,195.970993042,195.591003418,195.632995605,0
2025-03-27 18:00:00+00:00,195.632003784,195.794006348,195.610992432,195.684997559,0
2025-03-27 19:00:00+00:00,195.680999756,195.789993286,195.554000854,195.578994751,0
2025-03-27 20:00:00+00:00,195.57800293,195.617996216,195.542007446,195.561004639,0
2025-03-27 21:00:00+00:00,195.552993774,195.697998047,195.414001465,195.602005005,0
2025-03-27 22:00:00+00:00,195.582992554,195.613998413,195.473999023,195.544006348,0
2025-03-27 23:00:00+00:00,195.544006348,195.559997559,195.23399353,195.363006592,0
2025-03-28 00:00:00+00:00,195.365005493,195.714004517,195.285003662,195.472000122,0
2025-03-28 01:00:00+00:00,195.466995239,195.494003296,195.113006592,195.164993286,0
2025-03-28 02:00:00+00:00,195.160995483,195.339996338,195.132003784,195.294006348,0
2025-03-28 03:00:00+00:00,195.292007446,195.333999634,195.143997192,195.23500061,0
2025-03-28 04:00:00+00:00,195.23399353,195.382003784,195.136001587,195.242996216,0
2025-03-28 05:00:00+00:00,195.244003296,195.322998047,195.070999146,195.102005005,0
2025-03-28 06:00:00+00:00,195.102996826,195.190994263,194.891998291,194.914001465,0
2025-03-28 07:00:00+00:00,194.912002563,195.156997681,194.73399353,194.772003174,0
2025-03-28 08:00:00+00:00,194.766998291,194.998001099,194.636001587,194.884002686,0
2025-03-28 09:00:00+00:00,194.884002686,195.192993164,194.819000244,195.020996094,0
2025-03-28 10:00:00+00:00,195.018005371,195.10899353,194.910003662,194.966003418,0
2025-03-28 11:00:00+00:00,194.964996338,195.072006226,194.908004761,194.977005005,0
2025-03-28 12:00:00+00:00,194.977996826,195.130004883,194.794998169,194.981994629,0
2025-03-28 13:00:00+00:00,194.981994629,195.309997559,194.79699707,194.893005371,0
2025-03-28 14:00:00+00:00,194.893005371,194.919006348,194.229003906,194.341995239,0
2025-03-28 15:00:00+00:00,194.341995239,194.766998291,194.276000977,194.449005127,0
2025-03-28 16:00:00+00:00,194.455001831,194.572998047,194.171005249,194.257995605,0
2025-03-28 17:00:00+00:00,194.263000488,194.281005859,193.858001709,194.078994751,0
2025-03-28 18:00:00+00:00,194.072998047,194.251998901,193.957000732,194.041000366,0
2025-03-28 19:00:00+00:00,194.050003052,194.115997314,193.828994751,193.843994141,0
2025-03-28 20:00:00+00:00,193.847000122,194.026000977,193.723999023,193.835006714,0
2025-03-28 21:00:00+00:00,193.944000244,193.944000244,193.944000244,193.944000244,0
2025-03-28 22:00:00+00:00,193.944000244,193.944000244,193.944000244,193.944000244,0
2025-03-30 23:00:00+00:00,193.304000854,193.583999634,193.065002441,193.565002441,0
2025-03-31 00:00:00+00:00,193.56300354,193.692993164,193.029006958,193.475997925,0
2025-03-31 01:00:00+00:00,193.477996826,193.608001709,193.199005127,193.300003052,0
2025-03-31 02:00:00+00:00,193.300003052,193.328994751,192.880996704,193.022003174,0
2025-03-31 03:00:00+00:00,193.01600647,193.054992676,192.727996826,192.957000732,0
2025-03-31 04:00:00+00:00,192.960998535,193.253997803,192.871994019,193.156005859,0
2025-03-31 05:00:00+00:00,193.154006958,193.408004761,192.992996216,193.087997437,0
2025-03-31 06:00:00+00:00,193.098007202,193.246994019,192.850006104,193.188995361,0
2025-03-31 07:00:00+00:00,193.18800354,193.365997314,192.74899292,193.235992432,0
2025-03-31 08:00:00+00:00,193.23500061,193.35899353,192.841003418,192.938995361,0
2025-03-31 09:00:00+00:00,192.93800354,193.128997803,192.800003052,192.875,0
2025-03-31 10:00:00+00:00,192.882003784,193.305999756,192.770004272,193.195999146,0
2025-03-31 11:00:00+00:00,193.195007324,193.561004639,193.050003052,193.481002808,0
2025-03-31 12:00:00+00:00,193.475997925,193.615997314,193.332992554,193.470993042,0
2025-03-31 13:00:00+00:00,193.468994141,193.67199707,193.289993286,193.511993408,0
2025-03-31 14:00:00+00:00,193.513000488,193.679000854,192.93699646,193.007995605,0
2025-03-31 15:00:00+00:00,193.01499939,193.572998047,192.908004761,193.238998413,0
2025-03-31 16:00:00+00:00,193.25100708,193.664993286,193.169006348,193.475997925,0
2025-03-31 17:00:00+00:00,193.466003418,193.802993774,193.43699646,193.643997192,0
2025-03-31 18:00:00+00:00,193.643005371,193.998001099,193.628005981,193.813995361,0
2025-03-31 19:00:00+00:00,193.813995361,193.910995483,193.666000366,193.723999023,0
2025-03-31 20:00:00+00:00,193.723007202,193.770996094,193.656997681,193.677001953,0
2025-03-31 21:00:00+00:00,193.677993774,193.772003174,193.496994019,193.567993164,0
2025-03-31 22:00:00+00:00,193.567993164,193.759994507,193.527999878,193.643997192,0
2025-03-31 23:00:00+00:00,193.649002075,193.925994873,193.625,193.718002319,0
2025-04-01 00:00:00+00:00,193.710998535,193.807998657,193.45300293,193.54800415,0
2025-04-01 01:00:00+00:00,193.544006348,193.680999756,193.376998901,193.593994141,0
2025-04-01 02:00:00+00:00,193.593994141,193.777999878,193.535995483,193.759002686,0
2025-04-01 03:00:00+00:00,193.761993408,193.839996338,193.552993774,193.554000854,0
2025-04-01 04:00:00+00:00,193.554000854,193.593994141,193.45300293,193.488006592,0
2025-04-01 05:00:00+00:00,193.485992432,193.757003784,193.451004028,193.572998047,0
2025-04-01 06:00:00+00:00,193.567993164,193.914001465,193.410995483,193.755996704,0
2025-04-01 07:00:00+00:00,193.755004883,193.761001587,193.050003052,193.132003784,0
2025-04-01 08:00:00+00:00,193.132003784,193.505996704,193.003005981,193.449996948,0
2025-04-01 09:00:00+00:00,193.45199585,193.677001953,193.369003296,193.520996094,0
2025-04-01 10:00:00+00:00,193.518005371,193.567993164,192.820999146,192.835998535,0
2025-04-01 11:00:00+00:00,192.839996338,192.912002563,192.292007446,192.324005127,0
2025-04-01 12:00:00+00:00,192.32800293,192.628005981,192.29699707,192.552993774,0
2025-04-01 13:00:00+00:00,192.555999756,192.876998901,192.51499939,192.565994263,0
2025-04-01 14:00:00+00:00,192.580001831,192.957000732,192.205001831,192.895004272,0
2025-04-01 15:00:00+00:00,192.895004272,193.216995239,192.772994995,193.037994385,0
2025-04-01 16:00:00+00:00,193.037994385,193.481002808,192.98399353,193.263000488,0
2025-04-01 17:00:00+00:00,193.261993408,193.36000061,193.074005127,193.134994507,0
2025-04-01 18:00:00+00:00,193.134002686,193.147994995,192.777999878,192.87399292,0
2025-04-01 19:00:00+00:00,192.873001099,193.320999146,192.867996216,193.315002441,0
2025-04-01 20:00:00+00:00,193.315994263,193.399993896,193.167007446,193.24899292,0
2025-04-01 21:00:00+00:00,193.291000366,193.395996094,193.147003174,193.345001221,0
2025-04-01 22:00:00+00:00,193.354003906,193.787994385,193.307006836,193.690002441,0
2025-04-01 23:00:00+00:00,193.677993774,193.692001343,193.490997314,193.496994019,0
2025-04-02 00:00:00+00:00,193.492996216,193.565002441,193.347000122,193.39100647,0
2025-04-02 01:00:00+00:00,193.384002686,193.656005859,193.352996826,193.60899353,0
2025-04-02 02:00:00+00:00,193.606994629,193.757995605,193.505996704,193.559997559,0
2025-04-02 03:00:00+00:00,193.557998657,193.582000732,193.447998047,193.492004395,0
2025-04-02 04:00:00+00:00,193.488998413,193.684005737,193.45300293,193.651000977,0
2025-04-02 05:00:00+00:00,193.645004272,193.664001465,193.494995117,193.572998047,0
2025-04-02 06:00:00+00:00,193.574996948,193.738998413,193.348007202,193.408004761,0
2025-04-02 07:00:00+00:00,193.406005859,193.488006592,193.087005615,193.268005371,0
2025-04-02 08:00:00+00:00,193.270996094,193.412002563,193.080993652,193.361999512,0
2025-04-02 09:00:00+00:00,193.36000061,193.651000977,193.208999634,193.488998413,0
2025-04-02 10:00:00+00:00,193.488998413,193.501998901,193.106002808,193.289001465,0
2025-04-02 11:00:00+00:00,193.289001465,193.320999146,193.067993164,193.205001831,0
2025-04-02 12:00:00+00:00,193.207000732,193.361999512,192.977996826,193.07699585,0
2025-04-02 13:00:00+00:00,193.076004028,193.619003296,192.990997314,193.436004639,0
2025-04-02 14:00:00+00:00,193.436004639,194.130996704,193.42199707,194.097000122,0
2025-04-02 15:00:00+00:00,194.097000122,194.62600708,193.988998413,194.580993652,0
2025-04-02 16:00:00+00:00,194.585006714,194.832992554,194.527999878,194.805999756,0
2025-04-02 17:00:00+00:00,194.804000854,194.92199707,194.684997559,194.733001709,0
2025-04-02 18:00:00+00:00,194.729995728,194.830993652,194.557006836,194.580993652,0
2025-04-02 19:00:00+00:00,194.583999634,194.884002686,194.583999634,194.751998901,0
2025-04-02 20:00:00+00:00,194.748001099,195.770996094,193.630004883,194.072998047,0
2025-04-02 21:00:00+00:00,194.050003052,194.263000488,192.962005615,193.227005005,0
2025-04-02 22:00:00+00:00,193.225997925,193.257003784,192.272003174,193,0
2025-04-02 23:00:00+00:00,193.039001465,193.222000122,192.701004028,192.908996582,0
2025-04-03 00:00:00+00:00,192.908004761,193.266998291,192.682998657,192.843994141,0
2025-04-03 01:00:00+00:00,192.839004517,193.20199585,192.733001709,192.884994507,0
2025-04-03 02:00:00+00:00,192.882995605,193.059005737,192.658996582,193.039001465,0
2025-04-03 03:00:00+00:00,193.035995483,193.046005249,192.330001831,192.486999512,0
2025-04-03 04:00:00+00:00,192.488006592,192.707992554,192.315002441,192.671005249,0
2025-04-03 05:00:00+00:00,192.679992676,192.856002808,192.427993774,192.447998047,0
2025-04-03 06:00:00+00:00,192.447006226,193.044006348,192.37399292,192.621994019,0
2025-04-03 07:00:00+00:00,192.62399292,193.466995239,192.565002441,193.445999146,0
2025-04-03 08:00:00+00:00,193.447998047,193.667007446,193.145996094,193.240005493,0
2025-04-03 09:00:00+00:00,193.238006592,193.26600647,192.725006104,193.011001587,0
2025-04-03 10:00:00+00:00,193.005996704,193.317993164,192.86000061,192.893997192,0
2025-04-03 11:00:00+00:00,192.893997192,193.042007446,192.382995605,192.391998291,0
2025-04-03 12:00:00+00:00,192.401992798,192.757003784,191.897994995,191.957000732,0
2025-04-03 13:00:00+00:00,191.95300293,192.281997681,191.425003052,191.468002319,0
2025-04-03 14:00:00+00:00,191.416000366,191.901992798,191.136993408,191.50100708,0
2025-04-03 15:00:00+00:00,191.50100708,191.731994629,191.238006592,191.470001221,0
2025-04-03 16:00:00+00:00,191.466003418,191.973007202,191.438995361,191.531997681,0
2025-04-03 17:00:00+00:00,191.531005859,191.669006348,191.26600647,191.350997925,0
2025-04-03 18:00:00+00:00,191.350997925,191.878005981,191.143005371,191.736999512,0
2025-04-03 19:00:00+00:00,191.742996216,191.845001221,191.277999878,191.294998169,0
2025-04-03 20:00:00+00:00,191.259994507,191.429992676,191.162994385,191.317993164,0
2025-04-03 21:00:00+00:00,191.309005737,191.479995728,190.98500061,191.175003052,0
2025-04-03 22:00:00+00:00,191.175003052,191.276000977,190.669006348,190.81199646,0
2025-04-03 23:00:00+00:00,190.833999634,191.449996948,190.807998657,191.427001953,0
2025-04-04 00:00:00+00:00,191.432006836,191.623001099,191.059997559,191.220001221,0
2025-04-04 01:00:00+00:00,191.222000122,191.755996704,191.207000732,191.384994507,0
2025-04-04 02:00:00+00:00,191.378005981,191.595993042,191.177993774,191.199996948,0
2025-04-04 03:00:00+00:00,191.203994751,191.223999023,190.796005249,190.880004883,0
2025-04-04 04:00:00+00:00,190.876998901,191.083999634,190.378005981,190.460998535,0
2025-04-04 05:00:00+00:00,190.462005615,191.067001343,190.315994263,191.048995972,0
2025-04-04 06:00:00+00:00,191.046005249,191.154006958,190.621994019,190.628005981,0
2025-04-04 07:00:00+00:00,190.625,190.792007446,190.128997803,190.259002686,0
2025-04-04 08:00:00+00:00,190.264007568,190.419006348,189.923995972,190.074005127,0
2025-04-04 09:00:00+00:00,190.072998047,190.259002686,189.632003784,190.04699707,0
2025-04-04 10:00:00+00:00,190.04800415,190.175994873,188.529006958,188.68699646,0
2025-04-04 11:00:00+00:00,188.695999146,189.356994629,187.992996216,189.307998657,0
2025-04-04 12:00:00+00:00,189.305999756,189.729995728,188.848999023,189.29699707,0
2025-04-04 13:00:00+00:00,189.300003052,189.705993652,188.744995117,189.128005981,0
2025-04-04 14:00:00+00:00,189.126998901,189.246994019,187.524002075,188.294006348,0
2025-04-04 15:00:00+00:00,188.292999268,189.274002075,188.231994629,188.617996216,0
2025-04-04 16:00:00+00:00,188.615997314,189.251998901,188.427001953,189.188995361,0
2025-04-04 17:00:00+00:00,189.180999756,190.039993286,188.804992676,189.977996826,0
2025-04-04 18:00:00+00:00,189.994995117,190.29800415,189.119003296,189.216003418,0
2025-04-04 19:00:00+00:00,189.208999634,189.707000732,188.875,189.001998901,0
2025-04-04 20:00:00+00:00,188.998001099,189.608001709,188.839996338,189.462005615,0
2025-04-04 21:00:00+00:00,189.518997192,189.518997192,189.518997192,189.518997192,0
2025-04-06 23:00:00+00:00,186.942001343,187.897994995,186.703994751,187.731002808,0
2025-04-07 00:00:00+00:00,187.73399353,188.294006348,187.337005615,188.235992432,0
2025-04-07 01:00:00+00:00,188.231994629,188.779998779,188.057006836,188.369995117,0
2025-04-07 02:00:00+00:00,188.371994019,188.757003784,188.180999756,188.537994385,0
2025-04-07 03:00:00+00:00,188.542007446,188.649993896,188.277999878,188.505996704,0
2025-04-07 04:00:00+00:00,188.505004883,188.774002075,188.035995483,188.207992554,0
2025-04-07 05:00:00+00:00,188.208999634,188.828994751,188.115005493,188.369003296,0
2025-04-07 06:00:00+00:00,188.371994019,188.56199646,187.115997314,187.559997559,0
2025-04-07 07:00:00+00:00,187.563995361,188.054000854,187.369003296,187.983001709,0
2025-04-07 08:00:00+00:00,187.986999512,188.503997803,187.901992798,188.190002441,0
2025-04-07 09:00:00+00:00,188.192001343,188.333999634,187.382003784,187.440994263,0
2025-04-07 10:00:00+00:00,187.442001343,188.447998047,187.42300415,187.533996582,0
2025-04-07 11:00:00+00:00,187.539993286,187.809005737,187.207000732,187.718994141,0
2025-04-07 12:00:00+00:00,187.727005005,188.940002441,187.49899292,188.677001953,0
2025-04-07 13:00:00+00:00,188.686004639,188.695007324,187.572006226,188.235992432,0
2025-04-07 14:00:00+00:00,188.240997314,190.082992554,187.929992676,188.214004517,0
2025-04-07 15:00:00+00:00,188.220001221,188.649993896,187.591003418,188.281997681,0
2025-04-07 16:00:00+00:00,188.281997681,188.462005615,188.00100708,188.328994751,0
2025-04-07 17:00:00+00:00,188.324005127,189.087997437,188.307998657,188.867004395,0
2025-04-07 18:00:00+00:00,188.867004395,188.93800354,188.309997559,188.473007202,0
2025-04-07 19:00:00+00:00,188.494003296,188.546005249,187.940002441,188.113006592,0
2025-04-07 20:00:00+00:00,188.136001587,188.384994507,187.972000122,188.067001343,0
2025-04-07 21:00:00+00:00,187.990005493,188.218002319,187.86000061,187.897994995,0
2025-04-07 22:00:00+00:00,187.92300415,188.533004761,187.886993408,188.339996338,0
2025-04-07 23:00:00+00:00,188.341995239,188.531997681,188.110992432,188.179000854,0
2025-04-08 00:00:00+00:00,188.175003052,188.535003662,188.007995605,188.216003418,0
2025-04-08 01:00:00+00:00,188.216995239,188.583999634,188.061004639,188.479995728,0
2025-04-08 02:00:00+00:00,188.479995728,188.531997681,188.298995972,188.350006104,0
2025-04-08 03:00:00+00:00,188.347000122,188.62399292,188.246002197,188.57800293,0
2025-04-08 04:00:00+00:00,188.572006226,188.927001953,188.567993164,188.92300415,0
2025-04-08 05:00:00+00:00,188.917999268,188.944000244,188.477005005,188.652999878,0
2025-04-08 06:00:00+00:00,188.656005859,188.712997437,188.235992432,188.253997803,0
2025-04-08 07:00:00+00:00,188.242004395,188.253997803,187.542999268,187.927993774,0
2025-04-08 08:00:00+00:00,187.92300415,188.078994751,187.509002686,187.994003296,0
2025-04-08 09:00:00+00:00,188.003997803,188.042999268,187.423995972,187.598007202,0
2025-04-08 10:00:00+00:00,187.589996338,187.800994873,187.233001709,187.289993286,0
2025-04-08 11:00:00+00:00,187.289993286,187.917007446,187.264007568,187.723007202,0
2025-04-08 12:00:00+00:00,187.725997925,187.85899353,187.440994263,187.580993652,0
2025-04-08 13:00:00+00:00,187.580001831,188.462997437,187.365005493,188.440994263,0
2025-04-08 14:00:00+00:00,188.440994263,188.748001099,187.757995605,187.93800354,0
2025-04-08 15:00:00+00:00,187.93699646,188.054992676,187.292007446,187.710998535,0
2025-04-08 16:00:00+00:00,187.710998535,187.753997803,187.117996216,187.151000977,0
2025-04-08 17:00:00+00:00,187.149002075,187.466003418,186.889007568,187.445999146,0
2025-04-08 18:00:00+00:00,187.442993164,187.880004883,187.100006104,187.220001221,0
2025-04-08 19:00:00+00:00,187.214996338,187.309997559,186.533004761,186.856002808,0
2025-04-08 20:00:00+00:00,186.848999023,187.052001953,186.649993896,186.677001953,0
2025-04-08 21:00:00+00:00,186.679992676,186.895996094,186.444000244,186.729995728,0
2025-04-08 22:00:00+00:00,186.722000122,186.841995239,186.492004395,186.541000366,0
2025-04-08 23:00:00+00:00,186.531997681,186.559997559,186.117004395,186.488006592,0
2025-04-09 00:00:00+00:00,186.488998413,186.582992554,185.707000732,186.330993652,0
2025-04-09 01:00:00+00:00,186.328994751,186.964004517,186.294006348,186.789993286,0
2025-04-09 02:00:00+00:00,186.776992798,187.154006958,186.651000977,186.712997437,0
2025-04-09 03:00:00+00:00,186.720001221,186.899993896,186.190994263,186.279006958,0
2025-04-09 04:00:00+00:00,186.279006958,186.490005493,185.792999268,186.32699585,0
2025-04-09 05:00:00+00:00,186.320999146,186.667999268,186.160995483,186.279998779,0
2025-04-09 06:00:00+00:00,186.289001465,186.718002319,185.828994751,185.936004639,0
2025-04-09 07:00:00+00:00,185.934005737,186.417999268,185.567001343,186.263000488,0
2025-04-09 08:00:00+00:00,186.266998291,186.49899292,186.003005981,186.343002319,0
2025-04-09 09:00:00+00:00,186.335998535,186.669998169,186.098007202,186.378005981,0
2025-04-09 10:00:00+00:00,186.382995605,186.490997314,185.733001709,186.179992676,0
2025-04-09 11:00:00+00:00,186.190002441,186.205001831,184.757003784,184.776992798,0
2025-04-09 12:00:00+00:00,184.768005371,185.098007202,184.397994995,184.777999878,0
2025-04-09 13:00:00+00:00,184.774993896,185.492004395,184.595993042,185.294998169,0
2025-04-09 14:00:00+00:00,185.164001465,185.238006592,184.365005493,184.617004395,0
2025-04-09 15:00:00+00:00,184.62600708,185.330993652,184.62399292,185.276992798,0
2025-04-09 16:00:00+00:00,185.276992798,185.466003418,184.92300415,185.001998901,0
2025-04-09 17:00:00+00:00,185.00100708,188.197998047,184.451004028,188.054000854,0
2025-04-09 18:00:00+00:00,188.063995361,189.809005737,188.022994995,188.761993408,0
2025-04-09 19:00:00+00:00,188.761001587,189.822006226,188.761001587,189.399002075,0
2025-04-09 20:00:00+00:00,189.410003662,189.641998291,189.201004028,189.468002319,0
2025-04-09 21:00:00+00:00,189.466995239,189.62600708,188.837005615,188.871994019,0
2025-04-09 22:00:00+00:00,188.906997681,189.182006836,188.761993408,188.979995728,0
2025-04-09 23:00:00+00:00,189.026992798,189.257995605,188.925003052,189.033996582,0
2025-04-10 00:00:00+00:00,189.033996582,189.151992798,188.384002686,188.451004028,0
2025-04-10 01:00:00+00:00,188.447998047,188.70300293,188.210006714,188.505996704,0
2025-04-10 02:00:00+00:00,188.503997803,188.585998535,188.238998413,188.393005371,0
2025-04-10 03:00:00+00:00,188.386993408,188.70199585,188.311004639,188.62399292,0
2025-04-10 04:00:00+00:00,188.615005493,188.660003662,188.291000366,188.535995483,0
2025-04-10 05:00:00+00:00,188.537994385,188.705001831,188.425003052,188.520996094,0
2025-04-10 06:00:00+00:00,188.518997192,189.417999268,188.51600647,189.207000732,0
2025-04-10 07:00:00+00:00,189.205001831,189.225006104,188.315002441,188.341003418,0
2025-04-10 08:00:00+00:00,188.337005615,188.565002441,188.100006104,188.281005859,0
2025-04-10 09:00:00+00:00,188.287994385,188.365005493,187.927001953,188.225006104,0
2025-04-10 10:00:00+00:00,188.238998413,188.311004639,187.869995117,187.958999634,0
2025-04-10 11:00:00+00:00,187.958999634,188.268997192,187.854003906,188.184005737,0
2025-04-10 12:00:00+00:00,188.184997559,188.216995239,187.651992798,187.992996216,0
2025-04-10 13:00:00+00:00,187.994003296,188.033996582,187.04800415,187.143997192,0
2025-04-10 14:00:00+00:00,187.141998291,187.527999878,186.910995483,187.481002808,0
2025-04-10 15:00:00+00:00,187.481994629,187.548995972,186.638000488,186.755996704,0
2025-04-10 16:00:00+00:00,186.75100708,187.307006836,186.345993042,187.229995728,0
2025-04-10 17:00:00+00:00,187.223999023,187.910003662,186.912002563,187.81199646,0
2025-04-10 18:00:00+00:00,187.817001343,187.934005737,187.483001709,187.677001953,0
2025-04-10 19:00:00+00:00,187.677993774,187.919006348,187.257003784,187.62600708,0
2025-04-10 20:00:00+00:00,187.621994019,187.731994629,187.246994019,187.246994019,0
2025-04-10 21:00:00+00:00,187.339004517,187.56199646,187.253005981,187.341995239,0
2025-04-10 22:00:00+00:00,187.348007202,187.440994263,186.899002075,187.214004517,0
2025-04-10 23:00:00+00:00,187.132995605,187.136993408,186.619995117,186.755004883,0
2025-04-11 00:00:00+00:00,186.746994019,186.787002563,186.059997559,186.598999023,0
2025-04-11 01:00:00+00:00,186.604003906,186.927001953,186.388000488,186.729003906,0
2025-04-11 02:00:00+00:00,186.731002808,187.057006836,186.483001709,186.852996826,0
2025-04-11 03:00:00+00:00,186.850997925,187,186.636993408,186.647003174,0
2025-04-11 04:00:00+00:00,186.654006958,186.658004761,186.011001587,186.098007202,0
2025-04-11 05:00:00+00:00,186.095993042,186.895996094,186.093994141,186.736999512,0
2025-04-11 06:00:00+00:00,186.736999512,187.389007568,186.619995117,187.313995361,0
2025-04-11 07:00:00+00:00,187.311004639,187.464004517,186.567001343,186.64100647,0
2025-04-11 08:00:00+00:00,186.647994995,186.839996338,186.244995117,186.638000488,0
2025-04-11 09:00:00+00:00,186.761993408,187.061004639,186.160995483,187.009994507,0
2025-04-11 10:00:00+00:00,187.016998291,187.177001953,186.56199646,186.934005737,0
2025-04-11 11:00:00+00:00,186.932998657,187.007995605,186.527999878,186.634002686,0
2025-04-11 12:00:00+00:00,186.632003784,187.240997314,186.621994019,187.01600647,0
2025-04-11 13:00:00+00:00,187.016998291,187.695007324,186.632003784,187.332992554,0
2025-04-11 14:00:00+00:00,187.320007324,187.537994385,186.888000488,187.423995972,0
2025-04-11 15:00:00+00:00,187.425994873,187.625,187.024002075,187.320999146,0
2025-04-11 16:00:00+00:00,187.322006226,187.81199646,187.257995605,187.649002075,0
2025-04-11 17:00:00+00:00,187.647994995,188.17199707,187.623001099,188.083999634,0
2025-04-11 18:00:00+00:00,188.076004028,188.194000244,187.703994751,187.796005249,0
2025-04-11 19:00:00+00:00,187.800994873,187.964996338,187.64100647,187.738006592,0
2025-04-11 20:00:00+00:00,187.744003296,187.800994873,187.565002441,187.656005859,0
2025-04-11 21:00:00+00:00,187.845993042,187.845993042,187.845993042,187.845993042,0
2025-04-13 23:00:00+00:00,187.880996704,188.216003418,187.792999268,188.005996704,0
2025-04-14 00:00:00+00:00,188,188.085006714,187.154998779,187.162002563,0
2025-04-14 01:00:00+00:00,187.158004761,187.309997559,186.570999146,186.992996216,0
2025-04-14 02:00:00+00:00,187.00100708,187.401992798,186.938995361,187.367996216,0
2025-04-14 03:00:00+00:00,187.367004395,187.591995239,187.106994629,187.45199585,0
2025-04-14 04:00:00+00:00,187.455993652,187.64100647,187.128997803,187.432006836,0
2025-04-14 05:00:00+00:00,187.440002441,187.658004761,187.264007568,187.365997314,0
2025-04-14 06:00:00+00:00,187.367996216,187.707992554,187.264007568,187.537002563,0
2025-04-14 07:00:00+00:00,187.535995483,188.386993408,187.192001343,188.369995117,0
2025-04-14 08:00:00+00:00,188.371994019,188.649993896,188.20199585,188.231002808,0
2025-04-14 09:00:00+00:00,188.231994629,188.604003906,188.179000854,188.54699707,0
2025-04-14 10:00:00+00:00,188.539993286,188.869003296,188.430999756,188.854003906,0
2025-04-14 11:00:00+00:00,188.856994629,189.001998901,188.645004272,188.733001709,0
2025-04-14 12:00:00+00:00,188.731994629,188.95300293,188.621994019,188.856994629,0
2025-04-14 13:00:00+00:00,188.865005493,189.197006226,188.708999634,188.98500061,0
2025-04-14 14:00:00+00:00,188.975006104,189.20199585,188.766998291,188.940002441,0
2025-04-14 15:00:00+00:00,188.942993164,188.99899292,188.322998047,188.345001221,0
2025-04-14 16:00:00+00:00,188.345001221,188.658996582,188.136001587,188.561004639,0
2025-04-14 17:00:00+00:00,188.56199646,188.777999878,188.365997314,188.595993042,0
2025-04-14 18:00:00+00:00,188.595993042,188.777999878,188.494003296,188.56199646,0
2025-04-14 19:00:00+00:00,188.565994263,188.781997681,188.526000977,188.647994995,0
2025-04-14 20:00:00+00:00,188.645004272,188.815994263,188.531005859,188.557006836,0
2025-04-14 21:00:00+00:00,188.518997192,188.673995972,188.434005737,188.449996948,0
2025-04-14 22:00:00+00:00,188.445007324,188.740005493,188.444000244,188.630004883,0
2025-04-14 23:00:00+00:00,188.621002197,188.805999756,188.507003784,188.649002075,0
2025-04-15 00:00:00+00:00,188.639007568,189.12600708,188.615997314,189.04699707,0
2025-04-15 01:00:00+00:00,189.041000366,189.11000061,188.848007202,188.93699646,0
2025-04-15 02:00:00+00:00,188.932998657,188.970993042,188.718002319,188.852996826,0
2025-04-15 03:00:00+00:00,188.858001709,188.951004028,188.70300293,188.891998291,0
2025-04-15 04:00:00+00:00,188.891998291,189.098999023,188.87399292,188.970001221,0
2025-04-15 05:00:00+00:00,188.968994141,189.117996216,188.843002319,188.899993896,0
2025-04-15 06:00:00+00:00,188.886993408,189.188995361,188.539993286,189.136993408,0
2025-04-15 07:00:00+00:00,189.128005981,189.554000854,189.087005615,189.492004395,0
2025-04-15 08:00:00+00:00,189.490997314,189.520996094,188.947998047,189.063995361,0
2025-04-15 09:00:00+00:00,189.055999756,189.220993042,188.850997925,189.207992554,0
2025-04-15 10:00:00+00:00,189.203994751,189.348007202,189.100006104,189.134994507,0
2025-04-15 11:00:00+00:00,189.132003784,189.322006226,188.938995361,189.074005127,0
2025-04-15 12:00:00+00:00,189.070999146,189.169998169,188.634994507,188.916000366,0
2025-04-15 13:00:00+00:00,188.917007446,189.25100708,188.878997803,189.205993652,0
2025-04-15 14:00:00+00:00,189.212997437,189.330001831,188.783004761,189.037994385,0
2025-04-15 15:00:00+00:00,189.039001465,189.341995239,188.949005127,189.177993774,0
2025-04-15 16:00:00+00:00,189.177993774,189.347000122,189.005996704,189.054992676,0
2025-04-15 17:00:00+00:00,189.054000854,189.307006836,189.022003174,189.167007446,0
2025-04-15 18:00:00+00:00,189.166000366,189.236999512,189.080001831,189.214996338,0
2025-04-15 19:00:00+00:00,189.207992554,189.423995972,189.182006836,189.380996704,0
2025-04-15 20:00:00+00:00,189.386993408,189.582992554,189.332992554,189.350997925,0
2025-04-15 21:00:00+00:00,189.26499939,189.54699707,189.136993408,189.266998291,0
2025-04-15 22:00:00+00:00,189.26600647,189.378005981,189.065994263,189.294006348,0
2025-04-15 23:00:00+00:00,189.253005981,189.505996704,189.227996826,189.320999146,0
2025-04-16 00:00:00+00:00,189.324005127,189.352005005,189.070999146,189.188995361,0
2025-04-16 01:00:00+00:00,189.190002441,189.417007446,189.050994873,189.130996704,0
2025-04-16 02:00:00+00:00,189.132003784,189.212005615,188.945999146,188.994003296,0
2025-04-16 03:00:00+00:00,188.992004395,189.10899353,188.830993652,188.940994263,0
2025-04-16 04:00:00+00:00,188.947006226,189.205993652,188.860992432,189.102005005,0
2025-04-16 05:00:00+00:00,189.098999023,189.192001343,188.582000732,188.740997314,0
2025-04-16 06:00:00+00:00,188.748001099,189.089004517,188.57699585,188.785003662,0
2025-04-16 07:00:00+00:00,188.794006348,188.977996826,188.542999268,188.669998169,0
2025-04-16 08:00:00+00:00,188.662994385,189.682998657,188.641998291,189.43800354,0
2025-04-16 09:00:00+00:00,189.444000244,189.619003296,189.270996094,189.449005127,0
2025-04-16 10:00:00+00:00,189.442993164,189.535003662,189.164993286,189.330001831,0
2025-04-16 11:00:00+00:00,189.320999146,189.39100647,189.179000854,189.25100708,0
2025-04-16 12:00:00+00:00,189.242996216,189.371002197,188.792999268,189.052001953,0
2025-04-16 13:00:00+00:00,189.052993774,189.179992676,188.800003052,188.815002441,0
2025-04-16 14:00:00+00:00,188.815002441,189.050994873,188.598999023,188.837005615,0
2025-04-16 15:00:00+00:00,188.843994141,189.003005981,188.710998535,188.753997803,0
2025-04-16 16:00:00+00:00,188.75,188.830001831,188.514007568,188.554992676,0
2025-04-16 17:00:00+00:00,188.557006836,188.703994751,188.033004761,188.055999756,0
2025-04-16 18:00:00+00:00,188.059005737,188.246994019,187.832992554,187.910003662,0
2025-04-16 19:00:00+00:00,187.916000366,188.106002808,187.56199646,188.035995483,0
2025-04-16 20:00:00+00:00,188.035003662,188.141998291,187.643005371,187.736999512,0
2025-04-16 21:00:00+00:00,187.738998413,188.091995239,187.5,187.615997314,0
2025-04-16 22:00:00+00:00,187.656005859,187.888000488,187.432006836,187.725997925,0
2025-04-16 23:00:00+00:00,187.701004028,187.882995605,187.453994751,187.757995605,0
2025-04-17 00:00:00+00:00,187.755004883,188.386001587,187.662002563,188.337997437,0
2025-04-17 01:00:00+00:00,188.337005615,188.641998291,188.223007202,188.550003052,0
2025-04-17 02:00:00+00:00,188.548995972,188.634994507,188.315994263,188.494003296,0
2025-04-17 03:00:00+00:00,188.490005493,188.570007324,188.343002319,188.393997192,0
2025-04-17 04:00:00+00:00,188.397994995,188.49899292,188.35899353,188.419998169,0
2025-04-17 05:00:00+00:00,188.417999268,188.647003174,188.304000854,188.511001587,0
2025-04-17 06:00:00+00:00,188.509994507,188.820007324,188.45300293,188.761993408,0
2025-04-17 07:00:00+00:00,188.770004272,189.212005615,188.675994873,189.177001953,0
2025-04-17 08:00:00+00:00,189.179000854,189.363998413,188.802993774,188.856994629,0
2025-04-17 09:00:00+00:00,188.856994629,189.121002197,188.807006836,189,0
2025-04-17 10:00:00+00:00,188.994003296,189.074996948,188.475997925,188.503005981,0
2025-04-17 11:00:00+00:00,188.503997803,188.658004761,188.445999146,188.572006226,0
2025-04-17 12:00:00+00:00,188.570999146,188.742004395,188.266998291,188.520996094,0
2025-04-17 13:00:00+00:00,188.51499939,188.649993896,188.32800293,188.38999939,0
2025-04-17 14:00:00+00:00,188.39100647,188.503997803,188.067993164,188.139007568,0
2025-04-17 15:00:00+00:00,188.143005371,188.656997681,188.121002197,188.651000977,0
2025-04-17 16:00:00+00:00,188.649002075,189.003997803,188.554000854,188.830993652,0
2025-04-17 17:00:00+00:00,188.832992554,188.981994629,188.638000488,188.945999146,0
2025-04-17 18:00:00+00:00,188.949005127,189.17300415,188.867996216,188.968002319,0
2025-04-17 19:00:00+00:00,188.970001221,188.979995728,188.772003174,188.854995728,0
2025-04-17 20:00:00+00:00,188.856994629,189.035995483,188.81199646,188.832992554,0
2025-04-17 21:00:00+00:00,188.837005615,189.007003784,188.623001099,188.897994995,0
2025-04-17 22:00:00+00:00,188.899993896,189.04699707,188.658996582,188.755996704,0
2025-04-17 23:00:00+00:00,188.830001831,188.960998535,188.677001953,188.820007324,0
2025-04-18 00:00:00+00:00,188.822006226,189.147994995,188.68800354,189.087005615,0
2025-04-18 01:00:00+00:00,189.085006714,189.164993286,188.785003662,188.882995605,0
2025-04-18 02:00:00+00:00,188.878005981,188.949005127,188.768005371,188.856002808,0
2025-04-18 03:00:00+00:00,188.85899353,188.942001343,188.660003662,188.830001831,0
2025-04-18 04:00:00+00:00,188.820999146,188.880004883,188.680999756,188.822998047,0
2025-04-18 05:00:00+00:00,188.826004028,188.970993042,188.725006104,188.863006592,0
2025-04-18 06:00:00+00:00,188.861999512,188.942993164,188.710006714,188.871002197,0
2025-04-18 07:00:00+00:00,188.87600708,189.031997681,188.744003296,188.863998413,0
2025-04-18 08:00:00+00:00,188.850006104,188.966995239,188.643005371,188.93699646,0
2025-04-18 09:00:00+00:00,188.93800354,189.009002686,188.819000244,188.927001953,0
2025-04-18 10:00:00+00:00,188.929992676,188.990005493,188.733001709,188.958999634,0
2025-04-18 11:00:00+00:00,188.968002319,189.050003052,188.79800415,188.901000977,0
2025-04-18 12:00:00+00:00,188.904006958,189.029998779,188.79699707,188.93699646,0
2025-04-18 13:00:00+00:00,188.932998657,188.996994019,188.837997437,188.930999756,0
2025-04-18 14:00:00+00:00,188.934005737,189.076004028,188.882995605,188.960998535,0
2025-04-18 15:00:00+00:00,188.973999023,188.988998413,188.764007568,188.813995361,0
2025-04-18 16:00:00+00:00,188.822006226,188.904006958,188.712997437,188.869003296,0
2025-04-18 17:00:00+00:00,188.854003906,188.988006592,188.75100708,188.800994873,0
2025-04-18 18:00:00+00:00,188.813995361,188.901992798,188.757003784,188.854003906,0
2025-04-18 19:00:00+00:00,188.861999512,188.981002808,188.759002686,188.891998291,0
2025-04-18 20:00:00+00:00,188.897003174,189.078994751,188.764007568,188.895996094,0
2025-04-18 21:00:00+00:00,189.054992676,189.054992676,189.054992676,189.054992676,0
2025-04-20 23:00:00+00:00,188.567993164,188.613998413,188.266998291,188.522003174,0
2025-04-21 00:00:00+00:00,188.522003174,188.736999512,188.367996216,188.425003052,0
2025-04-21 01:00:00+00:00,188.427001953,188.470001221,188.222000122,188.229995728,0
2025-04-21 02:00:00+00:00,188.227996826,188.335998535,187.988998413,188.229995728,0
2025-04-21 03:00:00+00:00,188.23399353,188.386001587,188.126998901,188.356002808,0
2025-04-21 04:00:00+00:00,188.350997925,188.606002808,188.332000732,188.38999939,0
2025-04-21 05:00:00+00:00,188.386993408,188.529006958,188.31199646,188.378997803,0
2025-04-21 06:00:00+00:00,188.37399292,188.475997925,188.259994507,188.354995728,0
2025-04-21 07:00:00+00:00,188.360992432,188.544998169,188.227996826,188.494995117,0
2025-04-21 08:00:00+00:00,188.494995117,188.619003296,188.427993774,188.576004028,0
2025-04-21 09:00:00+00:00,188.576004028,188.664993286,188.457000732,188.479003906,0
2025-04-21 10:00:00+00:00,188.481002808,188.776000977,188.45199585,188.772003174,0
2025-04-21 11:00:00+00:00,188.770996094,188.843994141,188.550994873,188.604003906,0
2025-04-21 12:00:00+00:00,188.604995728,188.746994019,188.468994141,188.70199585,0
2025-04-21 13:00:00+00:00,188.695999146,188.807006836,188.582992554,188.606994629,0
2025-04-21 14:00:00+00:00,188.602005005,188.70300293,188.404998779,188.675003052,0
2025-04-21 15:00:00+00:00,188.669998169,188.723007202,188.397994995,188.419998169,0
2025-04-21 16:00:00+00:00,188.419998169,188.578994751,188.361999512,188.417999268,0
2025-04-21 17:00:00+00:00,188.414993286,188.45199585,188.110992432,188.126998901,0
2025-04-21 18:00:00+00:00,188.128005981,188.23399353,188.018997192,188.082992554,0
2025-04-21 19:00:00+00:00,188.080993652,188.457992554,188.074005127,188.397003174,0
2025-04-21 20:00:00+00:00,188.399993896,188.602005005,188.307006836,188.39100647,0
2025-04-21 21:00:00+00:00,188.462005615,188.582992554,188.246994019,188.391998291,0
2025-04-21 22:00:00+00:00,188.384002686,188.412002563,188.274002075,188.320007324,0
2025-04-21 23:00:00+00:00,188.320999146,188.511001587,188.242004395,188.481994629,0
2025-04-22 00:00:00+00:00,188.479995728,188.768005371,188.274002075,188.320999146,0
2025-04-22 01:00:00+00:00,188.32800293,188.548995972,188.279006958,188.414001465,0
2025-04-22 02:00:00+00:00,188.414001465,188.432006836,188.231994629,188.281997681,0
2025-04-22 03:00:00+00:00,188.276000977,188.287002563,187.802993774,187.927993774,0
2025-04-22 04:00:00+00:00,187.929000854,187.947006226,187.822998047,187.888000488,0
2025-04-22 05:00:00+00:00,187.893997192,188.037994385,187.684005737,187.740005493,0
2025-04-22 06:00:00+00:00,187.729995728,188.158996582,187.664001465,187.994995117,0
2025-04-22 07:00:00+00:00,187.990997314,188.087997437,187.582000732,187.662002563,0
2025-04-22 08:00:00+00:00,187.662994385,188.12600708,187.587997437,188.106002808,0
2025-04-22 09:00:00+00:00,188.11000061,188.182006836,187.675003052,187.772994995,0
2025-04-22 10:00:00+00:00,187.772994995,187.774993896,187.458999634,187.576004028,0
2025-04-22 11:00:00+00:00,187.572006226,187.682006836,187.473007202,187.617004395,0
2025-04-22 12:00:00+00:00,187.619995117,187.914001465,187.48399353,187.906997681,0
2025-04-22 13:00:00+00:00,187.908004761,188.348999023,187.88999939,188.263000488,0
2025-04-22 14:00:00+00:00,188.264007568,188.468994141,188.20199585,188.287002563,0
2025-04-22 15:00:00+00:00,188.287994385,188.507995605,188.214996338,188.397994995,0
2025-04-22 16:00:00+00:00,188.397994995,188.751998901,188.302993774,188.587997437,0
2025-04-22 17:00:00+00:00,188.587997437,188.699996948,188.244003296,188.319000244,0
2025-04-22 18:00:00+00:00,188.311004639,188.718002319,188.291000366,188.699996948,0
2025-04-22 19:00:00+00:00,188.699005127,188.832000732,188.666000366,188.789001465,0
2025-04-22 20:00:00+00:00,188.787002563,188.863998413,188.632003784,188.641998291,0
2025-04-22 21:00:00+00:00,188.669006348,189.621994019,188.546005249,189.427993774,0
2025-04-22 22:00:00+00:00,189.386993408,189.957992554,189.231002808,189.526992798,0
2025-04-22 23:00:00+00:00,189.550003052,189.664001465,189.257995605,189.388000488,0
2025-04-23 00:00:00+00:00,189.386993408,189.509994507,188.919006348,189.046005249,0
2025-04-23 01:00:00+00:00,189.044998169,189.218002319,188.623001099,188.697998047,0
2025-04-23 02:00:00+00:00,188.692993164,188.871002197,188.63999939,188.837997437,0
2025-04-23 03:00:00+00:00,188.843994141,189.024002075,188.720993042,189.007003784,0
2025-04-23 04:00:00+00:00,189.003005981,189.042007446,188.779998779,188.873001099,0
2025-04-23 05:00:00+00:00,188.878005981,189.055999756,188.722000122,188.940994263,0
2025-04-23 06:00:00+00:00,188.940994263,189.033004761,188.636993408,188.781005859,0
2025-04-23 07:00:00+00:00,188.770004272,188.904006958,188.507995605,188.759002686,0
2025-04-23 08:00:00+00:00,188.761993408,188.850006104,188.201004028,188.791000366,0
2025-04-23 09:00:00+00:00,188.783996582,189.126998901,188.680999756,189.026000977,0
2025-04-23 10:00:00+00:00,189.024002075,189.054000854,188.667999268,188.865005493,0
2025-04-23 11:00:00+00:00,188.863998413,189.009002686,188.37399292,188.388000488,0
2025-04-23 12:00:00+00:00,188.382003784,188.757995605,188.348999023,188.710006714,0
2025-04-23 13:00:00+00:00,188.705993652,189.580993652,188.67300415,189.54800415,0
2025-04-23 14:00:00+00:00,189.541000366,189.645996094,189.029006958,189.330001831,0
2025-04-23 15:00:00+00:00,189.332992554,189.438995361,188.807998657,189.070007324,0
2025-04-23 16:00:00+00:00,189.069000244,189.718002319,188.996994019,189.649002075,0
2025-04-23 17:00:00+00:00,189.649993896,190.190002441,189.550003052,190.102996826,0
2025-04-23 18:00:00+00:00,190.102996826,190.311004639,190.087005615,190.272994995,0
2025-04-23 19:00:00+00:00,190.268005371,190.304000854,190.04800415,190.223999023,0
2025-04-23 20:00:00+00:00,190.222000122,190.300003052,190.039993286,190.162994385,0
2025-04-23 21:00:00+00:00,190.162002563,190.227996826,189.526992798,189.759994507,0
2025-04-23 22:00:00+00:00,189.727996826,189.852005005,189.582000732,189.832992554,0
2025-04-23 23:00:00+00:00,189.87600708,190.102005005,189.822998047,189.938995361,0
2025-04-24 00:00:00+00:00,189.940002441,190.115997314,189.682998657,189.785995483,0
2025-04-24 01:00:00+00:00,189.785003662,189.955993652,189.554992676,189.621994019,0
2025-04-24 02:00:00+00:00,189.62600708,189.68800354,189.406997681,189.669998169,0
2025-04-24 03:00:00+00:00,189.673995972,189.735992432,189.486999512,189.580001831,0
2025-04-24 04:00:00+00:00,189.57699585,189.638000488,189.397003174,189.429000854,0
2025-04-24 05:00:00+00:00,189.432006836,189.677993774,189.397994995,189.444000244,0
2025-04-24 06:00:00+00:00,189.432998657,189.712997437,189.402999878,189.410995483,0
2025-04-24 07:00:00+00:00,189.412994385,189.669998169,189.294006348,189.54699707,0
2025-04-24 08:00:00+00:00,189.54699707,189.826004028,189.494995117,189.73500061,0
2025-04-24 09:00:00+00:00,189.731994629,189.839996338,189.479003906,189.505004883,0
2025-04-24 10:00:00+00:00,189.509994507,189.634002686,189.479003906,189.514007568,0
2025-04-24 11:00:00+00:00,189.51499939,189.794998169,189.486999512,189.770004272,0
2025-04-24 12:00:00+00:00,189.768005371,189.805999756,189.307006836,189.410995483,0
2025-04-24 13:00:00+00:00,189.412994385,189.777999878,189.382003784,189.705993652,0
2025-04-24 14:00:00+00:00,189.694000244,189.858001709,189.496994019,189.697006226,0
2025-04-24 15:00:00+00:00,189.68800354,189.878005981,189.658004761,189.800003052,0
2025-04-24 16:00:00+00:00,189.798995972,190.169998169,189.744995117,190.12399292,0
2025-04-24 17:00:00+00:00,190.125,190.257995605,190.046005249,190.208999634,0
2025-04-24 18:00:00+00:00,190.205001831,190.255996704,190.093002319,190.205001831,0
2025-04-24 19:00:00+00:00,190.203994751,190.339996338,190.052993774,190.311004639,0
2025-04-24 20:00:00+00:00,190.31199646,190.388000488,190.175994873,190.283004761,0
2025-04-24 21:00:00+00:00,190.276992798,190.37399292,189.92199707,190.246002197,0
2025-04-24 22:00:00+00:00,190.25,190.434005737,190.184005737,190.343994141,0
2025-04-24 23:00:00+00:00,190.339996338,190.509002686,190.270004272,190.378997803,0
2025-04-25 00:00:00+00:00,190.378005981,190.509994507,190.298995972,190.37600708,0
2025-04-25 01:00:00+00:00,190.37399292,190.399993896,190.123001099,190.130004883,0
2025-04-25 02:00:00+00:00,190.12600708,190.246994019,190.048995972,190.220001221,0
2025-04-25 03:00:00+00:00,190.218002319,190.882995605,190.190002441,190.860992432,0
2025-04-25 04:00:00+00:00,190.86000061,191.001998901,190.764007568,190.820007324,0
2025-04-25 05:00:00+00:00,190.822006226,191.00100708,190.673995972,190.697006226,0
2025-04-25 06:00:00+00:00,190.694000244,191.057006836,190.686004639,190.992004395,0
2025-04-25 07:00:00+00:00,190.975997925,191.242996216,190.555999756,190.694000244,0
2025-04-25 08:00:00+00:00,190.692001343,190.88999939,190.481002808,190.772994995,0
2025-04-25 09:00:00+00:00,190.774002075,191.020996094,190.537994385,190.994003296,0
2025-04-25 10:00:00+00:00,190.996002197,191.12399292,190.67300415,190.841003418,0
2025-04-25 11:00:00+00:00,190.837005615,190.906005859,190.705993652,190.774002075,0
2025-04-25 12:00:00+00:00,190.776000977,191.070999146,190.725997925,191.067993164,0
2025-04-25 13:00:00+00:00,191.067993164,191.533996582,191.06199646,191.257003784,0
2025-04-25 14:00:00+00:00,191.257003784,191.662002563,191.205993652,191.615997314,0
2025-04-25 15:00:00+00:00,191.615997314,191.720993042,191.417999268,191.595001221,0
2025-04-25 16:00:00+00:00,191.600006104,191.677993774,191.498001099,191.550003052,0
2025-04-25 17:00:00+00:00,191.550994873,191.623001099,191.143997192,191.242004395,0
2025-04-25 18:00:00+00:00,191.244003296,191.367996216,191.169998169,191.347000122,0
2025-04-25 19:00:00+00:00,191.350997925,191.380004883,191.266998291,191.315994263,0
2025-04-25 20:00:00+00:00,191.320007324,191.444000244,191.14100647,191.240005493,0
2025-04-25 21:00:00+00:00,191.235992432,191.298995972,191.235992432,191.298995972,0
2025-04-27 23:00:00+00:00,191.20300293,191.283996582,191.125,191.17199707,0
2025-04-28 00:00:00+00:00,191.171005249,191.199996948,190.789001465,190.832992554,0
2025-04-28 01:00:00+00:00,190.839996338,190.953994751,190.654998779,190.947998047,0
2025-04-28 02:00:00+00:00,190.949005127,191.098007202,190.882995605,190.945007324,0
2025-04-28 03:00:00+00:00,190.945007324,190.975997925,190.82800293,190.893997192,0
2025-04-28 04:00:00+00:00,190.891998291,191.057998657,190.764007568,190.832000732,0
2025-04-28 05:00:00+00:00,190.828994751,191.236999512,190.802993774,191.076004028,0
2025-04-28 06:00:00+00:00,191.07800293,191.294998169,191.059005737,191.238998413,0
2025-04-28 07:00:00+00:00,191.240005493,191.330993652,191.091003418,191.106002808,0
2025-04-28 08:00:00+00:00,191.102996826,191.475997925,191.078994751,191.341995239,0
2025-04-28 09:00:00+00:00,191.333999634,191.550994873,191.322998047,191.399993896,0
2025-04-28 10:00:00+00:00,191.401000977,191.466995239,191.305999756,191.380996704,0
2025-04-28 11:00:00+00:00,191.386001587,191.395004272,191.199005127,191.229003906,0
2025-04-28 12:00:00+00:00,191.231002808,191.296005249,191.113006592,191.246994019,0
2025-04-28 13:00:00+00:00,191.25,191.421005249,191.212997437,191.242996216,0
2025-04-28 14:00:00+00:00,191.24899292,191.460006714,191.143005371,191.315994263,0
2025-04-28 15:00:00+00:00,191.317001343,191.343994141,190.992996216,191.121994019,0
2025-04-28 16:00:00+00:00,191.117996216,191.169006348,190.876998901,190.914001465,0
2025-04-28 17:00:00+00:00,190.908996582,190.979003906,190.759002686,190.925994873,0
2025-04-28 18:00:00+00:00,190.92199707,191.042007446,190.792999268,190.817001343,0
2025-04-28 19:00:00+00:00,190.815994263,190.966995239,190.74899292,190.914993286,0
2025-04-28 20:00:00+00:00,190.92199707,190.98500061,190.753997803,190.753997803,0
2025-04-28 21:00:00+00:00,190.649002075,190.947998047,190.529006958,190.841003418,0
2025-04-28 22:00:00+00:00,190.87600708,191.100006104,190.81300354,191.076004028,0
2025-04-28 23:00:00+00:00,191.076004028,191.166000366,190.949005127,191.013000488,0
2025-04-29 00:00:00+00:00,191.016998291,191.067001343,190.800994873,190.972000122,0
2025-04-29 01:00:00+00:00,190.968002319,191.145996094,190.893005371,191.12600708,0
2025-04-29 02:00:00+00:00,191.12600708,191.182006836,191.022994995,191.111999512,0
2025-04-29 03:00:00+00:00,191.113998413,191.115997314,190.981994629,191.033996582,0
2025-04-29 04:00:00+00:00,191.035003662,191.126998901,190.906997681,190.923995972,0
2025-04-29 05:00:00+00:00,190.919998169,191.033996582,190.809005737,190.996994019,0
2025-04-29 06:00:00+00:00,190.990997314,191.158004761,190.925003052,191.052993774,0
2025-04-29 07:00:00+00:00,191.054000854,191.134994507,190.940002441,191.108001709,0
2025-04-29 08:00:00+00:00,191.11000061,191.264007568,190.957992554,191.223999023,0
2025-04-29 09:00:00+00:00,191.223999023,191.345993042,191.130004883,191.199996948,0
2025-04-29 10:00:00+00:00,191.201004028,191.210998535,190.889007568,190.902999878,0
2025-04-29 11:00:00+00:00,190.914001465,191.059997559,190.882003784,191.031005859,0
2025-04-29 12:00:00+00:00,191.035003662,191.085998535,190.792007446,190.819000244,0
2025-04-29 13:00:00+00:00,190.832992554,190.856002808,190.56300354,190.645004272,0
2025-04-29 14:00:00+00:00,190.654006958,190.893997192,190.423995972,190.621002197,0
2025-04-29 15:00:00+00:00,190.619003296,190.751998901,190.488998413,190.621994019,0
2025-04-29 16:00:00+00:00,190.621002197,190.73500061,190.401992798,190.434997559,0
2025-04-29 17:00:00+00:00,190.438995361,190.658996582,190.391998291,190.641998291,0
2025-04-29 18:00:00+00:00,190.639007568,190.73500061,190.602996826,190.677993774,0
2025-04-29 19:00:00+00:00,190.679000854,190.763000488,190.630996704,190.748001099,0
2025-04-29 20:00:00+00:00,190.75,190.95199585,190.699996948,190.727005005,0
2025-04-29 21:00:00+00:00,190.613998413,190.852996826,190.48399353,190.712005615,0
2025-04-29 22:00:00+00:00,190.746994019,190.880004883,190.64100647,190.763000488,0
2025-04-29 23:00:00+00:00,190.768005371,190.854003906,190.651992798,190.791000366,0
2025-04-30 00:00:00+00:00,190.789001465,190.975997925,190.677001953,190.884002686,0
2025-04-30 01:00:00+00:00,190.889007568,190.912002563,190.688995361,190.75100708,0
2025-04-30 02:00:00+00:00,190.746002197,190.893997192,190.634994507,190.753997803,0
2025-04-30 03:00:00+00:00,190.759002686,190.792999268,190.619003296,190.744003296,0
2025-04-30 04:00:00+00:00,190.738006592,190.880004883,190.692993164,190.835006714,0
2025-04-30 05:00:00+00:00,190.839996338,190.957992554,190.768997192,190.940994263,0
2025-04-30 06:00:00+00:00,190.947998047,191.102005005,190.899002075,191.076004028,0
2025-04-30 07:00:00+00:00,191.07800293,191.227005005,190.98500061,191.145996094,0
2025-04-30 08:00:00+00:00,191.149002075,191.188995361,190.964004517,191.018997192,0
2025-04-30 09:00:00+00:00,191.024002075,191.263000488,191.009994507,191.197006226,0
2025-04-30 10:00:00+00:00,191.201004028,191.240005493,191.061004639,191.098007202,0
2025-04-30 11:00:00+00:00,191.102005005,191.223007202,190.977996826,191.018997192,0
2025-04-30 12:00:00+00:00,191.020996094,191.033996582,190.574005127,190.682998657,0
2025-04-30 13:00:00+00:00,190.682006836,190.697006226,190.011001587,190.059005737,0
2025-04-30 14:00:00+00:00,190.063995361,190.710998535,189.966995239,190.496002197,0
2025-04-30 15:00:00+00:00,190.488998413,190.591995239,190.214996338,190.287994385,0
2025-04-30 16:00:00+00:00,190.289001465,190.468002319,190.222000122,190.42199707,0
2025-04-30 17:00:00+00:00,190.42199707,190.68699646,190.264007568,190.542999268,0
2025-04-30 18:00:00+00:00,190.542007446,190.839996338,190.423995972,190.43800354,0
2025-04-30 19:00:00+00:00,190.438995361,190.679000854,190.397003174,190.473999023,0
2025-04-30 20:00:00+00:00,190.479003906,190.87600708,190.466995239,190.675003052,0
2025-04-30 21:00:00+00:00,190.488998413,190.651992798,190.375,190.494003296,0
2025-04-30 22:00:00+00:00,190.492004395,190.660003662,190.429992676,190.535995483,0
2025-04-30 23:00:00+00:00,190.542999268,190.598007202,190.434005737,190.520004272,0
2025-05-01 00:00:00+00:00,190.520996094,190.537994385,190.330001831,190.464004517,0
2025-05-01 01:00:00+00:00,190.457992554,190.589996338,190.388000488,190.565002441,0
2025-05-01 02:00:00+00:00,190.563995361,190.583999634,190.464004517,190.492004395,0
2025-05-01 03:00:00+00:00,190.490005493,191.179992676,190.339004517,191.113998413,0
2025-05-01 04:00:00+00:00,191.111999512,191.335006714,191.110992432,191.259994507,0
2025-05-01 05:00:00+00:00,191.259994507,191.578994751,191.248001099,191.419998169,0
2025-05-01 06:00:00+00:00,191.419998169,192.154006958,191.367996216,192.145004272,0
2025-05-01 07:00:00+00:00,192.143005371,192.18699646,191.865997314,192.089004517,0
2025-05-01 08:00:00+00:00,192.083999634,192.29800415,191.98399353,192.160003662,0
2025-05-01 09:00:00+00:00,192.160995483,192.322006226,192.076004028,192.264007568,0
2025-05-01 10:00:00+00:00,192.261993408,192.475997925,192.173995972,192.430999756,0
2025-05-01 11:00:00+00:00,192.440002441,192.630996704,192.315002441,192.503005981,0
2025-05-01 12:00:00+00:00,192.50100708,192.783004761,192.246994019,192.686004639,0
2025-05-01 13:00:00+00:00,192.684005737,192.880004883,192.54699707,192.54800415,0
2025-05-01 14:00:00+00:00,192.570999146,193.352005005,192.541000366,193.24899292,0
2025-05-01 15:00:00+00:00,193.246002197,193.365997314,193.044998169,193.087005615,0
2025-05-01 16:00:00+00:00,193.085006714,193.139007568,192.914993286,193.085006714,0
2025-05-01 17:00:00+00:00,193.085998535,193.188995361,192.970001221,193.06199646,0
2025-05-01 18:00:00+00:00,193.06300354,193.455001831,193.052993774,193.42300415,0
2025-05-01 19:00:00+00:00,193.429000854,193.455001831,193.229003906,193.253005981,0
2025-05-01 20:00:00+00:00,193.25100708,193.283996582,192.92300415,192.942993164,0
2025-05-01 21:00:00+00:00,193.005996704,193.371002197,192.811004639,192.817993164,0
2025-05-01 22:00:00+00:00,192.830993652,193.083999634,192.794006348,193.067993164,0
2025-05-01 23:00:00+00:00,193.065002441,193.378005981,193.050994873,193.180999756,0
2025-05-02 00:00:00+00:00,193.177001953,193.744995117,193.12600708,193.701004028,0
2025-05-02 01:00:00+00:00,193.701004028,193.712997437,193.223007202,193.274002075,0
2025-05-02 02:00:00+00:00,193.277999878,193.429000854,193.220001221,193.352996826,0
2025-05-02 03:00:00+00:00,193.354003906,193.373001099,193.18800354,193.292007446,0
2025-05-02 04:00:00+00:00,193.287002563,193.507995605,193.248001099,193.477996826,0
2025-05-02 05:00:00+00:00,193.479995728,193.526000977,193.332992554,193.361999512,0
2025-05-02 06:00:00+00:00,193.356002808,193.402999878,193.175003052,193.287994385,0
2025-05-02 07:00:00+00:00,193.289001465,193.389007568,192.955993652,193.009994507,0
2025-05-02 08:00:00+00:00,193.00100708,193.01600647,192.462005615,192.505004883,0
2025-05-02 09:00:00+00:00,192.503997803,192.578994751,192.270004272,192.427001953,0
2025-05-02 10:00:00+00:00,192.429992676,192.593994141,192.220993042,192.257995605,0
2025-05-02 11:00:00+00:00,192.25,192.363006592,192.011993408,192.175994873,0
2025-05-02 12:00:00+00:00,192.173995972,192.339996338,191.835998535,192.23399353,0
2025-05-02 13:00:00+00:00,192.233001709,192.246002197,191.468002319,191.621994019,0
2025-05-02 14:00:00+00:00,191.621994019,191.972000122,191.539993286,191.835006714,0
2025-05-02 15:00:00+00:00,191.830993652,192.091003418,191.830001831,191.936004639,0
2025-05-02 16:00:00+00:00,191.934997559,192.302001953,191.934005737,192.173995972,0
2025-05-02 17:00:00+00:00,192.175994873,192.296005249,192.061004639,192.156005859,0
2025-05-02 18:00:00+00:00,192.151000977,192.526992798,192.117996216,192.503997803,0
2025-05-02 19:00:00+00:00,192.503997803,192.632995605,192.412994385,192.503005981,0
2025-05-02 20:00:00+00:00,192.494995117,192.593994141,192.180999756,192.307998657,0
2025-05-02 21:00:00+00:00,192.341003418,192.341003418,192.341003418,192.341003418,0
2025-05-04 23:00:00+00:00,192,192.130004883,191.839004517,191.942001343,0
2025-05-05 00:00:00+00:00,191.940994263,192.048995972,191.867004395,191.947998047,0
2025-05-05 01:00:00+00:00,191.945007324,191.953994751,191.582000732,191.671005249,0
2025-05-05 02:00:00+00:00,191.669998169,191.718002319,191.542999268,191.707000732,0
2025-05-05 03:00:00+00:00,191.710006714,191.76600647,191.628997803,191.738998413,0
2025-05-05 04:00:00+00:00,191.740005493,191.75100708,191.552993774,191.649993896,0
2025-05-05 05:00:00+00:00,191.649993896,191.740997314,191.552001953,191.660995483,0
2025-05-05 06:00:00+00:00,191.658996582,191.809997559,191.634002686,191.664001465,0
2025-05-05 07:00:00+00:00,191.67199707,191.817001343,191.598999023,191.722000122,0
2025-05-05 08:00:00+00:00,191.716003418,191.729995728,191.248001099,191.324005127,0
2025-05-05 09:00:00+00:00,191.320007324,191.414001465,191.223999023,191.378005981,0
2025-05-05 10:00:00+00:00,191.371994019,191.587005615,191.320999146,191.554000854,0
2025-05-05 11:00:00+00:00,191.555999756,191.694000244,191.51499939,191.552001953,0
2025-05-05 12:00:00+00:00,191.552001953,191.679992676,191.440002441,191.470001221,0
2025-05-05 13:00:00+00:00,191.470001221,191.539993286,191.222000122,191.358001709,0
2025-05-05 14:00:00+00:00,191.341003418,191.632995605,191.23399353,191.305999756,0
2025-05-05 15:00:00+00:00,191.300994873,191.410003662,191.055999756,191.227005005,0
2025-05-05 16:00:00+00:00,191.227996826,191.445007324,191.164001465,191.363998413,0
2025-05-05 17:00:00+00:00,191.363998413,191.410995483,191.281005859,191.324005127,0
2025-05-05 18:00:00+00:00,191.320999146,191.395996094,191.212005615,191.242996216,0
2025-05-05 19:00:00+00:00,191.242996216,191.307998657,191.044006348,191.102996826,0
2025-05-05 20:00:00+00:00,191.100006104,191.13999939,190.981994629,190.981994629,0
2025-05-05 21:00:00+00:00,191.018997192,191.177993774,190.929000854,190.994003296,0
2025-05-05 22:00:00+00:00,190.992004395,191.117996216,190.875,191.04699707,0
2025-05-05 23:00:00+00:00,191.04800415,191.110992432,190.843002319,190.986999512,0
2025-05-06 00:00:00+00:00,190.988998413,191.093002319,190.910995483,191.087005615,0
2025-05-06 01:00:00+00:00,191.074005127,191.352005005,191.042999268,191.182006836,0
2025-05-06 02:00:00+00:00,191.184005737,191.207992554,190.925003052,191.080993652,0
2025-05-06 03:00:00+00:00,191.080001831,191.177993774,191.011001587,191.160995483,0
2025-05-06 04:00:00+00:00,191.156997681,191.205001831,191.080001831,191.164001465,0
2025-05-06 05:00:00+00:00,191.167999268,191.229995728,191.052001953,191.093994141,0
2025-05-06 06:00:00+00:00,191.085998535,191.335998535,191.07800293,191.143005371,0
2025-05-06 07:00:00+00:00,191.141998291,191.222000122,190.794006348,190.897994995,0
2025-05-06 08:00:00+00:00,190.908004761,190.962005615,190.444000244,190.583999634,0
2025-05-06 09:00:00+00:00,190.572998047,190.85899353,190.477005005,190.824005127,0
2025-05-06 10:00:00+00:00,190.822998047,191.100997925,190.759002686,190.992004395,0
2025-05-06 11:00:00+00:00,191.048995972,191.192001343,190.832000732,190.88999939,0
2025-05-06 12:00:00+00:00,190.888000488,191.132995605,190.850006104,190.919998169,0
2025-05-06 13:00:00+00:00,190.916000366,191.119003296,190.574996948,190.68800354,0
2025-05-06 14:00:00+00:00,190.68699646,191.162002563,190.613006592,191.020004272,0
2025-05-06 15:00:00+00:00,191.020004272,191.044006348,190.832000732,190.832000732,0
2025-05-06 16:00:00+00:00,190.845993042,191.020996094,190.56199646,190.651992798,0
2025-05-06 17:00:00+00:00,190.658004761,190.707992554,190.462997437,190.477996826,0
2025-05-06 18:00:00+00:00,190.479995728,190.617996216,190.436004639,190.531005859,0
2025-05-06 19:00:00+00:00,190.531005859,190.647003174,190.462005615,190.503005981,0
2025-05-06 20:00:00+00:00,190.503997803,190.597000122,190.309005737,190.477996826,0
2025-05-06 21:00:00+00:00,190.460006714,190.636993408,190.307006836,190.457992554,0
2025-05-06 22:00:00+00:00,190.453994751,191.259002686,190.38999939,191.199996948,0
2025-05-06 23:00:00+00:00,191.208999634,191.261993408,190.973999023,191.050994873,0
2025-05-07 00:00:00+00:00,191.052993774,191.169998169,190.75100708,190.863006592,0
2025-05-07 01:00:00+00:00,190.863006592,190.960998535,190.718002319,190.85899353,0
2025-05-07 02:00:00+00:00,190.858001709,191.080001831,190.854995728,191.005996704,0
2025-05-07 03:00:00+00:00,191.003997803,191.070999146,190.934997559,190.990997314,0
2025-05-07 04:00:00+00:00,190.986999512,191.222000122,190.960006714,191.167999268,0
2025-05-07 05:00:00+00:00,191.167999268,191.203994751,191.022994995,191.07800293,0
2025-05-07 06:00:00+00:00,191.076004028,191.128997803,190.867996216,190.927993774,0
2025-05-07 07:00:00+00:00,190.927001953,191.335006714,190.893997192,191.160003662,0
2025-05-07 08:00:00+00:00,191.162002563,191.503005981,191.082000732,191.12399292,0
2025-05-07 09:00:00+00:00,191.12399292,191.201004028,191.027999878,191.087997437,0
2025-05-07 10:00:00+00:00,191.082000732,191.257995605,191.046005249,191.182006836,0
2025-05-07 11:00:00+00:00,191.177993774,191.425994873,191.11000061,191.397994995,0
2025-05-07 12:00:00+00:00,191.38999939,191.619995117,191.335006714,191.615005493,0
2025-05-07 13:00:00+00:00,191.615005493,191.617996216,191.225997925,191.380996704,0
2025-05-07 14:00:00+00:00,191.382003784,191.662994385,191.31300354,191.539001465,0
2025-05-07 15:00:00+00:00,191.537994385,191.542007446,191.24899292,191.430999756,0
2025-05-07 16:00:00+00:00,191.432006836,191.511001587,191.263000488,191.423995972,0
2025-05-07 17:00:00+00:00,191.425003052,191.445007324,191.07800293,191.102005005,0
2025-05-07 18:00:00+00:00,191.149002075,191.402999878,190.656005859,191.192001343,0
2025-05-07 19:00:00+00:00,191.192001343,191.434005737,190.994003296,191.220001221,0
2025-05-07 20:00:00+00:00,191.218002319,191.274002075,191.024993896,191.162002563,0
2025-05-07 21:00:00+00:00,191.06300354,191.203994751,190.919998169,191.074996948,0
2025-05-07 22:00:00+00:00,191.12399292,191.214004517,191.011001587,191.18699646,0
2025-05-07 23:00:00+00:00,191.166000366,191.248001099,191.070999146,191.194000244,0
2025-05-08 00:00:00+00:00,191.195007324,191.363006592,190.98500061,191.259994507,0
2025-05-08 01:00:00+00:00,191.259994507,191.488998413,191.093002319,191.458999634,0
2025-05-08 02:00:00+00:00,191.460998535,191.723007202,191.445007324,191.686004639,0
2025-05-08 03:00:00+00:00,191.686004639,191.787002563,191.56300354,191.628997803,0
2025-05-08 04:00:00+00:00,191.630004883,191.73399353,191.585006714,191.682006836,0
2025-05-08 05:00:00+00:00,191.677001953,191.772994995,191.531997681,191.727996826,0
2025-05-08 06:00:00+00:00,191.722000122,191.897994995,191.529998779,191.809997559,0
2025-05-08 07:00:00+00:00,191.809997559,191.901992798,191.62399292,191.811004639,0
2025-05-08 08:00:00+00:00,191.81300354,192.18699646,191.74899292,192.102996826,0
2025-05-08 09:00:00+00:00,192.100006104,192.272003174,192.083999634,192.223999023,0
2025-05-08 10:00:00+00:00,192.227005005,192.404998779,191.99899292,192.014007568,0
2025-05-08 11:00:00+00:00,192.011001587,192.884002686,191.699005127,192.746994019,0
2025-05-08 12:00:00+00:00,192.751998901,193.091995239,192.703994751,192.774002075,0
2025-05-08 13:00:00+00:00,192.772003174,192.880996704,192.611999512,192.744003296,0
2025-05-08 14:00:00+00:00,192.748001099,193.110992432,192.688995361,192.988998413,0
2025-05-08 15:00:00+00:00,192.992004395,193.272003174,192.87399292,193.233001709,0
2025-05-08 16:00:00+00:00,193.236999512,193.393997192,193.136001587,193.309997559,0
2025-05-08 17:00:00+00:00,193.307998657,193.367004395,193.164001465,193.184005737,0
2025-05-08 18:00:00+00:00,193.184997559,193.361999512,193.145004272,193.304992676,0
2025-05-08 19:00:00+00:00,193.307998657,193.49899292,193.173995972,193.25100708,0
2025-05-08 20:00:00+00:00,193.248001099,193.307006836,193.121994019,193.253997803,0
2025-05-08 21:00:00+00:00,193.255004883,193.369995117,193.037994385,193.337997437,0
2025-05-08 22:00:00+00:00,193.337997437,193.35899353,193.110992432,193.218002319,0
2025-05-08 23:00:00+00:00,193.216003418,193.350006104,193.167007446,193.222000122,0
2025-05-09 00:00:00+00:00,193.225006104,193.261993408,192.815002441,192.893005371,0
2025-05-09 01:00:00+00:00,192.893005371,192.947006226,192.744995117,192.759002686,0
2025-05-09 02:00:00+00:00,192.766998291,192.95199585,192.731994629,192.766998291,0
2025-05-09 03:00:00+00:00,192.764007568,192.832992554,192.604995728,192.720001221,0
2025-05-09 04:00:00+00:00,192.722000122,192.733001709,192.526992798,192.587997437,0
2025-05-09 05:00:00+00:00,192.585998535,192.643005371,192.483001709,192.555999756,0
2025-05-09 06:00:00+00:00,192.557998657,192.580993652,192.36000061,192.393997192,0
2025-05-09 07:00:00+00:00,192.393005371,192.744003296,192.343994141,192.524993896,0
2025-05-09 08:00:00+00:00,192.526992798,192.703994751,192.416000366,192.660995483,0
2025-05-09 09:00:00+00:00,192.656997681,192.813995361,192.589004517,192.807006836,0
2025-05-09 10:00:00+00:00,192.804000854,192.904006958,192.735992432,192.779006958,0
2025-05-09 11:00:00+00:00,192.779006958,192.904006958,192.490005493,192.675994873,0
2025-05-09 12:00:00+00:00,192.675994873,192.972000122,192.654006958,192.962005615,0
2025-05-09 13:00:00+00:00,192.960998535,193.031997681,192.746994019,192.861999512,0
2025-05-09 14:00:00+00:00,192.867004395,193.054992676,192.781997681,192.914001465,0
2025-05-09 15:00:00+00:00,192.914993286,193.276992798,192.899993896,193.274002075,0
2025-05-09 16:00:00+00:00,193.272994995,193.382003784,193.210006714,193.320999146,0
2025-05-09 17:00:00+00:00,193.322006226,193.466995239,193.279998779,193.378997803,0
2025-05-09 18:00:00+00:00,193.37600708,193.430999756,193.26499939,193.419006348,0
2025-05-09 19:00:00+00:00,193.412994385,193.455001831,193.330001831,193.412994385,0
2025-05-09 20:00:00+00:00,193.408004761,193.455993652,193.261993408,193.393997192,0
2025-05-09 21:00:00+00:00,193.367004395,193.367004395,193.367004395,193.367004395,0
2025-05-11 23:00:00+00:00,193.753005981,193.856002808,193.692001343,193.738006592,0
2025-05-12 00:00:00+00:00,193.73399353,194.046005249,193.647003174,193.886001587,0
2025-05-12 01:00:00+00:00,193.888000488,194.210006714,193.852005005,193.98500061,0
2025-05-12 02:00:00+00:00,193.98399353,193.99899292,193.621994019,193.727005005,0
2025-05-12 03:00:00+00:00,193.720001221,193.777999878,193.660995483,193.679000854,0
2025-05-12 04:00:00+00:00,193.684005737,193.895004272,193.675003052,193.87399292,0
2025-05-12 05:00:00+00:00,193.875,194.007995605,193.835998535,193.917007446,0
2025-05-12 06:00:00+00:00,193.919998169,194.17199707,193.906005859,194.115005493,0
2025-05-12 07:00:00+00:00,194.128997803,194.861999512,194.104003906,194.776992798,0
2025-05-12 08:00:00+00:00,194.781005859,195.173995972,194.656997681,194.949005127,0
2025-05-12 09:00:00+00:00,194.95199585,195.481002808,194.871994019,195.404006958,0
2025-05-12 10:00:00+00:00,195.406997681,195.511993408,194.994995117,195.01600647,0
2025-05-12 11:00:00+00:00,195.013000488,195.207992554,194.837005615,194.852005005,0
2025-05-12 12:00:00+00:00,194.845001221,195.401992798,194.843994141,195.388000488,0
2025-05-12 13:00:00+00:00,195.315994263,195.597000122,195.167007446,195.477996826,0
2025-05-12 14:00:00+00:00,195.477005005,195.796005249,195.42199707,195.636993408,0
2025-05-12 15:00:00+00:00,195.638000488,195.716003418,195.333999634,195.352005005,0
2025-05-12 16:00:00+00:00,195.352996826,195.787994385,195.309997559,195.705993652,0
2025-05-12 17:00:00+00:00,195.707000732,195.764007568,195.587005615,195.649002075,0
2025-05-12 18:00:00+00:00,195.647994995,195.679992676,195.45199585,195.509002686,0
2025-05-12 19:00:00+00:00,195.507995605,195.580001831,195.423995972,195.544006348,0
2025-05-12 20:00:00+00:00,195.539001465,195.675994873,195.48500061,195.572006226,0
2025-05-12 21:00:00+00:00,195.557006836,195.645996094,195.272003174,195.380004883,0
2025-05-12 22:00:00+00:00,195.371994019,195.535995483,195.343002319,195.481994629,0
2025-05-12 23:00:00+00:00,195.490005493,195.580001831,195.337005615,195.363998413,0
2025-05-13 00:00:00+00:00,195.363998413,195.367004395,194.774002075,194.789993286,0
2025-05-13 01:00:00+00:00,194.789993286,195.04699707,194.785003662,194.912994385,0
2025-05-13 02:00:00+00:00,194.906005859,195.074005127,194.880996704,195.037994385,0
2025-05-13 03:00:00+00:00,195.042007446,195.076004028,194.955993652,195.003997803,0
2025-05-13 04:00:00+00:00,195.005996704,195.117996216,194.95300293,194.972000122,0
2025-05-13 05:00:00+00:00,194.973999023,195.171005249,194.906997681,195.106994629,0
2025-05-13 06:00:00+00:00,195.113998413,195.32800293,195.050003052,195.246002197,0
2025-05-13 07:00:00+00:00,195.242996216,195.460998535,195.151992798,195.328994751,0
2025-05-13 08:00:00+00:00,195.32699585,195.460006714,195.205001831,195.419998169,0
2025-05-13 09:00:00+00:00,195.419006348,195.555999756,195.404006958,195.527999878,0
2025-05-13 10:00:00+00:00,195.529006958,195.630996704,195.473007202,195.488006592,0
2025-05-13 11:00:00+00:00,195.481002808,195.725997925,195.462005615,195.708999634,0
2025-05-13 12:00:00+00:00,195.714004517,196.050994873,195.600006104,195.98399353,0
2025-05-13 13:00:00+00:00,195.983001709,196,195.45199585,195.600997925,0
2025-05-13 14:00:00+00:00,195.593994141,196.059997559,195.572006226,196.035995483,0
2025-05-13 15:00:00+00:00,196.027999878,196.332992554,195.962997437,196.169006348,0
2025-05-13 16:00:00+00:00,196.17199707,196.23399353,195.897003174,196.205001831,0
2025-05-13 17:00:00+00:00,196.20300293,196.380996704,196.192993164,196.313995361,0
2025-05-13 18:00:00+00:00,196.307998657,196.358001709,196.121994019,196.177001953,0
2025-05-13 19:00:00+00:00,196.180999756,196.253005981,196.067001343,196.151992798,0
2025-05-13 20:00:00+00:00,196.151000977,196.347000122,196.106994629,196.18699646,0
2025-05-13 21:00:00+00:00,196.246994019,196.289993286,196.102005005,196.223999023,0
2025-05-13 22:00:00+00:00,196.222000122,196.26600647,195.99899292,196.184005737,0
2025-05-13 23:00:00+00:00,196.177993774,196.285995483,196.093994141,196.253005981,0
2025-05-14 00:00:00+00:00,196.253997803,196.406005859,196.07800293,196.194000244,0
2025-05-14 01:00:00+00:00,196.190994263,196.214004517,195.75,195.897994995,0
2025-05-14 02:00:00+00:00,195.895004272,195.938995361,195.746994019,195.817993164,0
2025-05-14 03:00:00+00:00,195.817993164,195.863998413,195.615997314,195.75,0
2025-05-14 04:00:00+00:00,195.746002197,195.863006592,195.438995361,195.494003296,0
2025-05-14 05:00:00+00:00,195.494995117,195.68699646,195.375,195.615997314,0
2025-05-14 06:00:00+00:00,195.621002197,195.755996704,195.473999023,195.697006226,0
2025-05-14 07:00:00+00:00,195.695007324,195.908004761,195.628997803,195.897994995,0
2025-05-14 08:00:00+00:00,195.899993896,195.919998169,195.10899353,195.194000244,0
2025-05-14 09:00:00+00:00,195.203994751,195.229995728,194.43699646,194.746002197,0
2025-05-14 10:00:00+00:00,194.735992432,194.863998413,194.565994263,194.783996582,0
2025-05-14 11:00:00+00:00,194.781997681,194.917999268,194.690002441,194.904006958,0
2025-05-14 12:00:00+00:00,194.897003174,194.98399353,194.684005737,194.800994873,0
2025-05-14 13:00:00+00:00,194.79699707,194.899002075,194.231994629,194.419006348,0
2025-05-14 14:00:00+00:00,194.421005249,194.667999268,194.264007568,194.651992798,0
2025-05-14 15:00:00+00:00,194.649993896,194.98399353,194.518997192,194.914993286,0
2025-05-14 16:00:00+00:00,194.912994385,195.268997192,194.79699707,194.841995239,0
2025-05-14 17:00:00+00:00,194.845993042,194.880996704,194.557998657,194.630996704,0
2025-05-14 18:00:00+00:00,194.638000488,194.744003296,194.542999268,194.623001099,0
2025-05-14 19:00:00+00:00,194.62399292,194.763000488,194.570999146,194.688995361,0
2025-05-14 20:00:00+00:00,194.68800354,194.770004272,194.507003784,194.621002197,0
2025-05-14 21:00:00+00:00,194.518005371,194.67300415,194.361999512,194.367004395,0
2025-05-14 22:00:00+00:00,194.365997314,194.552001953,194.365997314,194.470001221,0
2025-05-14 23:00:00+00:00,194.475997925,194.524002075,194.268005371,194.488006592,0
2025-05-15 00:00:00+00:00,194.488998413,194.600006104,194.005004883,194.059005737,0
2025-05-15 01:00:00+00:00,194.052001953,194.255996704,193.968994141,194.203994751,0
2025-05-15 02:00:00+00:00,194.20300293,194.304000854,194.136001587,194.179992676,0
2025-05-15 03:00:00+00:00,194.186004639,194.222000122,193.884002686,194.014007568,0
2025-05-15 04:00:00+00:00,194.014007568,194.044998169,193.861999512,193.923995972,0
2025-05-15 05:00:00+00:00,193.923995972,193.968002319,193.645996094,193.742996216,0
2025-05-15 06:00:00+00:00,193.742004395,193.972000122,193.511993408,193.617996216,0
2025-05-15 07:00:00+00:00,193.611999512,193.804992676,193.535003662,193.550994873,0
2025-05-15 08:00:00+00:00,193.54800415,193.772994995,193.533996582,193.692001343,0
2025-05-15 09:00:00+00:00,193.697998047,193.914993286,193.67300415,193.906005859,0
2025-05-15 10:00:00+00:00,193.904006958,194.035003662,193.817993164,194.005996704,0
2025-05-15 11:00:00+00:00,194.003997803,194.031005859,193.723999023,193.852996826,0
2025-05-15 12:00:00+00:00,193.850006104,194.238998413,193.619995117,193.994003296,0
2025-05-15 13:00:00+00:00,193.985992432,194.067993164,193.781005859,193.807998657,0
2025-05-15 14:00:00+00:00,193.800994873,193.867996216,193.425994873,193.679992676,0
2025-05-15 15:00:00+00:00,193.682998657,193.727996826,193.509994507,193.509994507,0
2025-05-15 16:00:00+00:00,193.511993408,193.611999512,193.449005127,193.503997803,0
2025-05-15 17:00:00+00:00,193.509002686,193.70199585,193.505004883,193.666000366,0
2025-05-15 18:00:00+00:00,193.666000366,193.76499939,193.604995728,193.736999512,0
2025-05-15 19:00:00+00:00,193.736999512,193.763000488,193.608001709,193.755004883,0
2025-05-15 20:00:00+00:00,193.74899292,193.867004395,193.714004517,193.794998169,0
2025-05-15 21:00:00+00:00,193.776000977,193.89100647,193.606002808,193.658004761,0
2025-05-15 22:00:00+00:00,193.662002563,193.781005859,193.559005737,193.567001343,0
2025-05-15 23:00:00+00:00,193.574996948,193.833999634,193.531005859,193.649002075,0
2025-05-16 00:00:00+00:00,193.656005859,193.695999146,193.050994873,193.169998169,0
2025-05-16 01:00:00+00:00,193.169006348,193.354995728,193.027999878,193.31199646,0
2025-05-16 02:00:00+00:00,193.309005737,193.580993652,193.242004395,193.555999756,0
2025-05-16 03:00:00+00:00,193.550003052,193.600006104,193.343002319,193.371994019,0
2025-05-16 04:00:00+00:00,193.369003296,193.570007324,193.294998169,193.520004272,0
2025-05-16 05:00:00+00:00,193.513000488,193.658996582,193.438995361,193.514007568,0
2025-05-16 06:00:00+00:00,193.51600647,193.652999878,193.279006958,193.279006958,0
2025-05-16 07:00:00+00:00,193.291000366,193.479995728,193.139007568,193.375,0
2025-05-16 08:00:00+00:00,193.375,193.486999512,193.292007446,193.317001343,0
2025-05-16 09:00:00+00:00,193.317993164,193.559005737,193.223999023,193.486999512,0
2025-05-16 10:00:00+00:00,193.481994629,193.5,193.26499939,193.429000854,0
2025-05-16 11:00:00+00:00,193.430999756,193.582000732,193.417007446,193.449996948,0
2025-05-16 12:00:00+00:00,193.445999146,193.537002563,193.220001221,193.281005859,0
2025-05-16 13:00:00+00:00,193.283996582,193.496002197,193.20199585,193.417999268,0
2025-05-16 14:00:00+00:00,193.414993286,193.74899292,193.322006226,193.613998413,0
2025-05-16 15:00:00+00:00,193.613998413,193.669998169,193.531997681,193.565994263,0
2025-05-16 16:00:00+00:00,193.559005737,193.651992798,193.472000122,193.638000488,0
2025-05-16 17:00:00+00:00,193.638000488,193.798995972,193.617004395,193.649993896,0
2025-05-16 18:00:00+00:00,193.649993896,193.742004395,193.576004028,193.714996338,0
2025-05-16 19:00:00+00:00,193.725006104,193.798995972,193.688995361,193.768997192,0
2025-05-16 20:00:00+00:00,193.770004272,193.785003662,193.36000061,193.38999939,0
2025-05-16 21:00:00+00:00,193.402999878,193.402999878,193.402999878,193.402999878,0
2025-05-18 23:00:00+00:00,193.070007324,193.371994019,192.992004395,193.227005005,0
2025-05-19 00:00:00+00:00,193.238006592,193.326004028,192.819000244,192.902999878,0
2025-05-19 01:00:00+00:00,192.904006958,193.061004639,192.761001587,192.960006714,0
2025-05-19 02:00:00+00:00,192.957992554,193.175994873,192.93800354,193.098999023,0
2025-05-19 03:00:00+00:00,193.104003906,193.177001953,193.001998901,193.12600708,0
2025-05-19 04:00:00+00:00,193.126998901,193.268997192,193.104003906,193.242996216,0
2025-05-19 05:00:00+00:00,193.242004395,193.259994507,193.054992676,193.070999146,0
2025-05-19 06:00:00+00:00,193.070007324,193.25100708,193.007995605,193.145004272,0
2025-05-19 07:00:00+00:00,193.145996094,193.632995605,193.091995239,193.630004883,0
2025-05-19 08:00:00+00:00,193.626998901,193.744995117,193.48399353,193.669998169,0
2025-05-19 09:00:00+00:00,193.669998169,194.027999878,193.554000854,194.014007568,0
2025-05-19 10:00:00+00:00,194.011993408,194.054992676,193.86000061,193.87399292,0
2025-05-19 11:00:00+00:00,193.869003296,194.070007324,193.817993164,193.897994995,0
2025-05-19 12:00:00+00:00,193.895004272,193.949996948,193.781005859,193.908996582,0
2025-05-19 13:00:00+00:00,193.904006958,193.992996216,193.658004761,193.787002563,0
2025-05-19 14:00:00+00:00,193.789993286,194.027999878,193.591995239,193.675994873,0
2025-05-19 15:00:00+00:00,193.682006836,193.766998291,193.559997559,193.628005981,0
2025-05-19 16:00:00+00:00,193.626998901,193.718002319,193.582992554,193.617996216,0
2025-05-19 17:00:00+00:00,193.621994019,193.699996948,193.57699585,193.628005981,0
2025-05-19 18:00:00+00:00,193.634994507,193.654998779,193.574005127,193.615005493,0
2025-05-19 19:00:00+00:00,193.615997314,193.628997803,193.449005127,193.511993408,0
2025-05-19 20:00:00+00:00,193.505996704,193.600997925,193.427001953,193.505004883,0
2025-05-19 21:00:00+00:00,193.5,193.617004395,193.259002686,193.526992798,0
2025-05-19 22:00:00+00:00,193.490997314,193.62399292,193.449005127,193.587005615,0
2025-05-19 23:00:00+00:00,193.591995239,193.699996948,193.479003906,193.667999268,0
2025-05-20 00:00:00+00:00,193.664993286,194.207000732,193.664001465,194.018997192,0
2025-05-20 01:00:00+00:00,194.018997192,194.020996094,193.477005005,193.544998169,0
2025-05-20 02:00:00+00:00,193.533004761,193.934997559,193.473007202,193.789001465,0
2025-05-20 03:00:00+00:00,193.781005859,193.839004517,193.548995972,193.56199646,0
2025-05-20 04:00:00+00:00,193.56199646,193.598007202,193.423995972,193.457000732,0
2025-05-20 05:00:00+00:00,193.453994751,193.541000366,193.022003174,193.119003296,0
2025-05-20 06:00:00+00:00,193.119995117,193.225997925,193.035003662,193.177993774,0
2025-05-20 07:00:00+00:00,193.177993774,193.199005127,192.910995483,193.016998291,0
2025-05-20 08:00:00+00:00,193.01600647,193.270004272,193.007003784,193.220001221,0
2025-05-20 09:00:00+00:00,193.220993042,193.375,193.13999939,193.197006226,0
2025-05-20 10:00:00+00:00,193.20300293,193.259994507,193.04800415,193.218002319,0
2025-05-20 11:00:00+00:00,193.212005615,193.369003296,193.087997437,193.201004028,0
2025-05-20 12:00:00+00:00,193.194000244,193.216003418,193.020004272,193.173995972,0
2025-05-20 13:00:00+00:00,193.17199707,193.578994751,193.154998779,193.470993042,0
2025-05-20 14:00:00+00:00,193.475006104,193.501998901,193.223999023,193.259994507,0
2025-05-20 15:00:00+00:00,193.263000488,193.572006226,193.195999146,193.475997925,0
2025-05-20 16:00:00+00:00,193.477996826,193.669006348,193.36000061,193.626998901,0
2025-05-20 17:00:00+00:00,193.62600708,193.708999634,193.531005859,193.533996582,0
2025-05-20 18:00:00+00:00,193.533004761,193.606994629,193.343994141,193.380996704,0
2025-05-20 19:00:00+00:00,193.384002686,193.51499939,193.322006226,193.509002686,0
2025-05-20 20:00:00+00:00,193.507003784,193.554000854,193.43699646,193.494995117,0
2025-05-20 21:00:00+00:00,193.464004517,193.623001099,193.259002686,193.371994019,0
2025-05-20 22:00:00+00:00,193.371002197,193.464996338,193.067001343,193.412002563,0
2025-05-20 23:00:00+00:00,193.399993896,193.447006226,193.294006348,193.339996338,0
2025-05-21 00:00:00+00:00,193.335006714,193.473999023,193.147994995,193.309997559,0
2025-05-21 01:00:00+00:00,193.309005737,193.453994751,193.179992676,193.363998413,0
2025-05-21 02:00:00+00:00,193.356994629,193.427993774,193.078994751,193.113998413,0
2025-05-21 03:00:00+00:00,193.113998413,193.270996094,193.044998169,193.11000061,0
2025-05-21 04:00:00+00:00,193.106994629,193.199996948,192.964996338,193.050994873,0
2025-05-21 05:00:00+00:00,193.048995972,193.095993042,192.822998047,192.871002197,0
2025-05-21 06:00:00+00:00,192.87399292,193.302001953,192.856002808,193.214996338,0
2025-05-21 07:00:00+00:00,193.214004517,193.287994385,192.98500061,193.011993408,0
2025-05-21 08:00:00+00:00,193.011001587,193.261993408,192.958999634,193.097000122,0
2025-05-21 09:00:00+00:00,193.093994141,193.197998047,192.994995117,193.083999634,0
2025-05-21 10:00:00+00:00,193.074996948,193.110992432,192.677001953,192.686004639,0
2025-05-21 11:00:00+00:00,192.695007324,192.835006714,192.572006226,192.830993652,0
2025-05-21 12:00:00+00:00,192.830001831,192.899002075,192.669006348,192.86000061,0
2025-05-21 13:00:00+00:00,192.85899353,193.186004639,192.789001465,193.059997559,0
2025-05-21 14:00:00+00:00,193.061004639,193.177001953,192.917007446,193.026000977,0
2025-05-21 15:00:00+00:00,193.024002075,193.23399353,193.001998901,193.179992676,0
2025-05-21 16:00:00+00:00,193.179000854,193.298995972,193.136993408,193.160995483,0
2025-05-21 17:00:00+00:00,193.156997681,193.212005615,192.598007202,192.82699585,0
2025-05-21 18:00:00+00:00,192.826004028,192.923995972,192.729995728,192.869995117,0
2025-05-21 19:00:00+00:00,192.869003296,192.93699646,192.742004395,192.770996094,0
2025-05-21 20:00:00+00:00,192.772003174,192.880004883,192.759994507,192.785995483,0
2025-05-21 21:00:00+00:00,192.777999878,192.841003418,192.56199646,192.742004395,0
2025-05-21 22:00:00+00:00,192.740005493,193.57800293,192.67300415,193.156005859,0
2025-05-21 23:00:00+00:00,193.154006958,193.238006592,192.776992798,192.843002319,0
2025-05-22 00:00:00+00:00,192.843994141,192.899993896,192.363998413,192.602005005,0
2025-05-22 01:00:00+00:00,192.600006104,192.740997314,192.343994141,192.457000732,0
2025-05-22 02:00:00+00:00,192.462005615,192.539001465,192.29699707,192.341003418,0
2025-05-22 03:00:00+00:00,192.335998535,192.440002441,192.276992798,192.399993896,0
2025-05-22 04:00:00+00:00,192.395996094,192.460006714,192.339996338,192.436004639,0
2025-05-22 05:00:00+00:00,192.429000854,192.570999146,192.337997437,192.552001953,0
2025-05-22 06:00:00+00:00,192.54699707,192.554992676,192.121002197,192.339996338,0
2025-05-22 07:00:00+00:00,192.345001221,192.414001465,192.018997192,192.154006958,0
2025-05-22 08:00:00+00:00,192.152999878,192.274002075,191.888000488,192.018005371,0
2025-05-22 09:00:00+00:00,192.020004272,192.322998047,191.975006104,192.292999268,0
2025-05-22 10:00:00+00:00,192.298995972,192.470993042,192.121002197,192.470001221,0
2025-05-22 11:00:00+00:00,192.468994141,192.738998413,192.356994629,192.39100647,0
2025-05-22 12:00:00+00:00,192.38999939,192.615005493,192.307006836,192.54699707,0
2025-05-22 13:00:00+00:00,192.541000366,193.091995239,192.529998779,193.033996582,0
2025-05-22 14:00:00+00:00,193.037002563,193.23399353,192.813995361,192.973007202,0
2025-05-22 15:00:00+00:00,192.977005005,193.201004028,192.958999634,193.177001953,0
2025-05-22 16:00:00+00:00,193.175003052,193.464996338,193.143005371,193.244995117,0
2025-05-22 17:00:00+00:00,193.242004395,193.514007568,193.18699646,193.45199585,0
2025-05-22 18:00:00+00:00,193.462997437,193.587005615,193.43800354,193.481994629,0
2025-05-22 19:00:00+00:00,193.486999512,193.51600647,193.17199707,193.218994141,0
2025-05-22 20:00:00+00:00,193.218002319,193.244003296,193.07699585,193.223999023,0
2025-05-22 21:00:00+00:00,193.167999268,193.42199707,193.027999878,193.287002563,0
2025-05-22 22:00:00+00:00,193.287994385,193.350997925,192.98399353,193.033996582,0
2025-05-22 23:00:00+00:00,193.027999878,193.149993896,192.923995972,193.026000977,0
2025-05-23 00:00:00+00:00,193.031997681,193.31300354,192.990997314,193.212997437,0
2025-05-23 01:00:00+00:00,193.212005615,193.320007324,192.975997925,192.983001709,0
2025-05-23 02:00:00+00:00,192.98399353,193.067001343,192.95199585,192.98500061,0
2025-05-23 03:00:00+00:00,192.988006592,193.016998291,192.824996948,192.863006592,0
2025-05-23 04:00:00+00:00,192.858001709,192.988998413,192.811004639,192.968002319,0
2025-05-23 05:00:00+00:00,192.968002319,193.04699707,192.932006836,192.966995239,0
2025-05-23 06:00:00+00:00,192.968002319,193.091995239,192.843002319,192.871994019,0
2025-05-23 07:00:00+00:00,192.869995117,193.197006226,192.833999634,193.151000977,0
2025-05-23 08:00:00+00:00,193.149993896,193.369003296,193.147994995,193.285003662,0
2025-05-23 09:00:00+00:00,193.281997681,193.479995728,193.175994873,193.419998169,0
2025-05-23 10:00:00+00:00,193.421005249,193.524993896,193.365005493,193.477996826,0
2025-05-23 11:00:00+00:00,193.473999023,193.570999146,192.07800293,192.350997925,0
2025-05-23 12:00:00+00:00,192.350006104,192.85899353,192.061004639,192.753005981,0
2025-05-23 13:00:00+00:00,192.748001099,192.87600708,192.464996338,192.496994019,0
2025-05-23 14:00:00+00:00,192.496994019,192.720001221,192.29699707,192.509994507,0
2025-05-23 15:00:00+00:00,192.511001587,192.817001343,192.483001709,192.623001099,0
2025-05-23 16:00:00+00:00,192.621994019,192.899993896,192.617996216,192.852005005,0
2025-05-23 17:00:00+00:00,192.854003906,193.005996704,192.843994141,192.884002686,0
2025-05-23 18:00:00+00:00,192.884002686,192.958999634,192.746002197,192.815994263,0
2025-05-23 19:00:00+00:00,192.822006226,192.897003174,192.766998291,192.835006714,0
2025-05-23 20:00:00+00:00,192.847000122,193.050994873,192.830993652,192.960006714,0
2025-05-23 21:00:00+00:00,193.020996094,193.026992798,193.020996094,193.026992798,0
2025-05-25 23:00:00+00:00,193.257995605,193.434997559,193.23399353,193.356002808,0
2025-05-26 00:00:00+00:00,193.350006104,193.457992554,193.274993896,193.32699585,0
2025-05-26 01:00:00+00:00,193.324996948,193.529006958,193.253997803,193.386001587,0
2025-05-26 02:00:00+00:00,193.393997192,193.402999878,193.257995605,193.326004028,0
2025-05-26 03:00:00+00:00,193.320999146,193.574005127,193.302001953,193.436004639,0
2025-05-26 04:00:00+00:00,193.43800354,193.697006226,193.432998657,193.634994507,0
2025-05-26 05:00:00+00:00,193.636001587,193.809997559,193.606002808,193.664993286,0
2025-05-26 06:00:00+00:00,193.656997681,194.037002563,193.649002075,193.755004883,0
2025-05-26 07:00:00+00:00,193.757003784,193.917007446,193.712997437,193.867004395,0
2025-05-26 08:00:00+00:00,193.861999512,193.893997192,193.654998779,193.819000244,0
2025-05-26 09:00:00+00:00,193.819000244,193.930999756,193.673995972,193.753997803,0
2025-05-26 10:00:00+00:00,193.746994019,193.789001465,193.680999756,193.748001099,0
2025-05-26 11:00:00+00:00,193.746994019,193.82800293,193.725997925,193.807006836,0
2025-05-26 12:00:00+00:00,193.804000854,193.837005615,193.718994141,193.81300354,0
2025-05-26 13:00:00+00:00,193.813995361,193.820007324,193.712997437,193.781997681,0
2025-05-26 14:00:00+00:00,193.781997681,193.794006348,193.570007324,193.651992798,0
2025-05-26 15:00:00+00:00,193.645996094,193.751998901,193.554992676,193.744003296,0
2025-05-26 16:00:00+00:00,193.742004395,193.776000977,193.580001831,193.591003418,0
2025-05-26 17:00:00+00:00,193.591003418,193.621994019,193.533996582,193.613006592,0
2025-05-26 18:00:00+00:00,193.60899353,193.651000977,193.600997925,193.608001709,0
2025-05-26 19:00:00+00:00,193.602996826,193.658004761,193.589996338,193.649993896,0
2025-05-26 20:00:00+00:00,193.656005859,193.738006592,193.636001587,193.707000732,0
2025-05-26 21:00:00+00:00,193.662994385,193.822006226,193.458999634,193.57800293,0
2025-05-26 22:00:00+00:00,193.567993164,193.608001709,193.494003296,193.557998657,0
2025-05-26 23:00:00+00:00,193.542007446,193.621994019,193.455001831,193.473999023,0
2025-05-27 00:00:00+00:00,193.479003906,193.479003906,193.18699646,193.244003296,0
2025-05-27 01:00:00+00:00,193.244995117,193.281005859,193.054992676,193.128005981,0
2025-05-27 02:00:00+00:00,193.128005981,193.233001709,193.061004639,193.199996948,0
2025-05-27 03:00:00+00:00,193.201004028,193.315994263,193.197006226,193.281005859,0
2025-05-27 04:00:00+00:00,193.276992798,193.645004272,193.270996094,193.636993408,0
2025-05-27 05:00:00+00:00,193.639007568,194.26600647,193.636993408,194.177993774,0
2025-05-27 06:00:00+00:00,194.177993774,194.406997681,194.005996704,194.354003906,0
2025-05-27 07:00:00+00:00,194.356002808,194.589004517,194.272994995,194.410003662,0
2025-05-27 08:00:00+00:00,194.404006958,194.776992798,194.373001099,194.740997314,0
2025-05-27 09:00:00+00:00,194.738998413,195.003997803,194.733001709,194.93800354,0
2025-05-27 10:00:00+00:00,194.93699646,195.195999146,194.884002686,195.179992676,0
2025-05-27 11:00:00+00:00,195.186004639,195.332992554,195.087005615,195.227996826,0
2025-05-27 12:00:00+00:00,195.229995728,195.460006714,195.212997437,195.320007324,0
2025-05-27 13:00:00+00:00,195.320007324,195.37600708,195.009994507,195.238998413,0
2025-05-27 14:00:00+00:00,195.235992432,195.62399292,195.197006226,195.218002319,0
2025-05-27 15:00:00+00:00,195.216003418,195.233001709,194.893997192,194.944000244,0
2025-05-27 16:00:00+00:00,194.942993164,195.091995239,194.910003662,195.007003784,0
2025-05-27 17:00:00+00:00,195.007003784,195.011001587,194.867004395,194.949996948,0
2025-05-27 18:00:00+00:00,194.958999634,194.983001709,194.893997192,194.923995972,0
2025-05-27 19:00:00+00:00,194.925003052,194.95199585,194.856994629,194.906005859,0
2025-05-27 20:00:00+00:00,194.908004761,195.011001587,194.858001709,194.861999512,0
2025-05-27 21:00:00+00:00,194.934005737,195.078994751,194.809005737,194.904006958,0
2025-05-27 22:00:00+00:00,194.899993896,194.914993286,194.76600647,194.817001343,0
2025-05-27 23:00:00+00:00,194.813995361,194.95199585,194.76600647,194.779998779,0
2025-05-28 00:00:00+00:00,194.776000977,194.79800415,194.485992432,194.785003662,0
2025-05-28 01:00:00+00:00,194.783004761,195.395996094,194.638000488,194.755996704,0
2025-05-28 02:00:00+00:00,194.761993408,194.981994629,194.649002075,194.944000244,0
2025-05-28 03:00:00+00:00,194.93800354,195.095993042,194.580993652,194.632003784,0
2025-05-28 04:00:00+00:00,194.62600708,194.733001709,194.472000122,194.565002441,0
2025-05-28 05:00:00+00:00,194.572006226,194.880996704,194.445007324,194.479995728,0
2025-05-28 06:00:00+00:00,194.483001709,194.843994141,194.37399292,194.794006348,0
2025-05-28 07:00:00+00:00,194.794006348,194.867004395,194.468002319,194.576004028,0
2025-05-28 08:00:00+00:00,194.574996948,194.710006714,194.440994263,194.585006714,0
2025-05-28 09:00:00+00:00,194.580001831,194.895004272,194.542007446,194.845993042,0
2025-05-28 10:00:00+00:00,194.845993042,194.860992432,194.645996094,194.679000854,0
2025-05-28 11:00:00+00:00,194.682006836,194.699996948,194.488006592,194.660995483,0
2025-05-28 12:00:00+00:00,194.667999268,194.731002808,194.468994141,194.647994995,0
2025-05-28 13:00:00+00:00,194.649002075,195.192993164,194.641998291,195.115005493,0
2025-05-28 14:00:00+00:00,195.121994019,195.179992676,194.889007568,195.123001099,0
2025-05-28 15:00:00+00:00,195.117004395,195.263000488,195.089004517,195.223007202,0
2025-05-28 16:00:00+00:00,195.223007202,195.36000061,195.207992554,195.26600647,0
2025-05-28 17:00:00+00:00,195.268997192,195.304992676,195.14100647,195.147003174,0
2025-05-28 18:00:00+00:00,195.154006958,195.229003906,194.970993042,195.085006714,0
2025-05-28 19:00:00+00:00,195.085006714,195.197998047,195.039001465,195.095993042,0
2025-05-28 20:00:00+00:00,195.098999023,195.145004272,194.975006104,195.052993774,0
2025-05-28 21:00:00+00:00,194.945007324,195.06199646,194.865997314,194.981002808,0
2025-05-28 22:00:00+00:00,194.986999512,195.156005859,194.979995728,195.138000488,0
2025-05-28 23:00:00+00:00,195.117996216,195.917999268,195.108001709,195.669998169,0
2025-05-29 00:00:00+00:00,195.677001953,196.18699646,195.656005859,196.182006836,0
2025-05-29 01:00:00+00:00,196.182006836,196.298995972,195.824996948,195.988998413,0
2025-05-29 02:00:00+00:00,195.985992432,196.020996094,195.718994141,195.845001221,0
2025-05-29 03:00:00+00:00,195.835998535,195.89100647,195.714996338,195.81199646,0
2025-05-29 04:00:00+00:00,195.817001343,195.927993774,195.783004761,195.87399292,0
2025-05-29 05:00:00+00:00,195.87600708,196.167007446,195.804000854,196.044006348,0
2025-05-29 06:00:00+00:00,196.044998169,196.17300415,195.736999512,195.899993896,0
2025-05-29 07:00:00+00:00,195.897003174,195.951004028,195.516998291,195.587005615,0
2025-05-29 08:00:00+00:00,195.570999146,195.667999268,195.447006226,195.529998779,0
2025-05-29 09:00:00+00:00,195.533004761,195.615005493,195.417999268,195.591995239,0
2025-05-29 10:00:00+00:00,195.591995239,195.667007446,195.270996094,195.369995117,0
2025-05-29 11:00:00+00:00,195.373001099,195.38999939,195.128997803,195.289001465,0
2025-05-29 12:00:00+00:00,195.285003662,195.313995361,194.888000488,195.005004883,0
2025-05-29 13:00:00+00:00,194.996002197,195.065994263,194.725997925,194.785003662,0
2025-05-29 14:00:00+00:00,194.779998779,194.852996826,194.54800415,194.692001343,0
2025-05-29 15:00:00+00:00,194.692001343,194.699005127,194.285995483,194.356002808,0
2025-05-29 16:00:00+00:00,194.356994629,194.602996826,194.322998047,194.492996216,0
2025-05-29 17:00:00+00:00,194.492004395,194.580001831,194.404006958,194.419006348,0
2025-05-29 18:00:00+00:00,194.419006348,194.48399353,194.365005493,194.375,0
2025-05-29 19:00:00+00:00,194.371994019,194.51499939,194.356002808,194.5,0
2025-05-29 20:00:00+00:00,194.496002197,194.591003418,194.42199707,194.54699707,0
2025-05-29 21:00:00+00:00,194.535995483,194.554000854,194.32699585,194.414993286,0
2025-05-29 22:00:00+00:00,194.414001465,194.488006592,194.227005005,194.343002319,0
2025-05-29 23:00:00+00:00,194.324005127,194.453994751,194.046005249,194.054000854,0
2025-05-30 00:00:00+00:00,194.052001953,194.317993164,193.854995728,194.041000366,0
2025-05-30 01:00:00+00:00,194.035003662,194.04800415,193.753997803,194.003997803,0
2025-05-30 02:00:00+00:00,194.007003784,194.076004028,193.800994873,193.904998779,0
2025-05-30 03:00:00+00:00,193.904006958,193.972000122,193.757995605,193.783004761,0
2025-05-30 04:00:00+00:00,193.783996582,193.798995972,193.621994019,193.677993774,0
2025-05-30 05:00:00+00:00,193.682006836,193.998001099,193.675003052,193.863006592,0
2025-05-30 06:00:00+00:00,193.867996216,194.078994751,193.817993164,193.884002686,0
2025-05-30 07:00:00+00:00,193.880996704,194.212997437,193.733001709,194.115005493,0
2025-05-30 08:00:00+00:00,194.117004395,194.212005615,193.947006226,193.972000122,0
2025-05-30 09:00:00+00:00,193.972000122,194.182998657,193.944000244,194.029006958,0
2025-05-30 10:00:00+00:00,194.027999878,194.035995483,193.809005737,193.904006958,0
2025-05-30 11:00:00+00:00,193.908996582,194.100006104,193.791000366,193.845001221,0
2025-05-30 12:00:00+00:00,193.837997437,193.968994141,193.382995605,193.919006348,0
2025-05-30 13:00:00+00:00,193.914001465,194.037002563,193.67199707,193.677993774,0
2025-05-30 14:00:00+00:00,193.70199585,194.660995483,193.636993408,194.507995605,0
2025-05-30 15:00:00+00:00,194.503997803,194.552001953,194.106002808,194.169998169,0
2025-05-30 16:00:00+00:00,194.164001465,194.179992676,193.634994507,193.68800354,0
2025-05-30 17:00:00+00:00,193.695999146,193.843994141,193.666000366,193.714996338,0
2025-05-30 18:00:00+00:00,193.714996338,193.878005981,193.710006714,193.792999268,0
2025-05-30 19:00:00+00:00,193.787994385,193.960998535,193.768997192,193.839996338,0
2025-05-30 20:00:00+00:00,193.839996338,193.904998779,193.718002319,193.779998779,0
2025-05-30 21:00:00+00:00,193.828994751,193.828994751,193.828994751,193.828994751,0
2025-06-01 23:00:00+00:00,193.669998169,193.729995728,193.621002197,193.662002563,0
2025-06-02 00:00:00+00:00,193.654998779,193.800003052,193.587997437,193.60899353,0
2025-06-02 01:00:00+00:00,193.61000061,193.764007568,193.494003296,193.518997192,0
2025-06-02 02:00:00+00:00,193.518005371,193.718994141,193.494003296,193.552001953,0
2025-06-02 03:00:00+00:00,193.542999268,193.600006104,193.485992432,193.503005981,0
2025-06-02 04:00:00+00:00,193.507003784,193.649993896,193.496994019,193.604003906,0
2025-06-02 05:00:00+00:00,193.610992432,193.688995361,193.447998047,193.537994385,0
2025-06-02 06:00:00+00:00,193.539001465,193.839004517,193.479003906,193.79699707,0
2025-06-02 07:00:00+00:00,193.798995972,193.897003174,193.544998169,193.604003906,0
2025-06-02 08:00:00+00:00,193.600997925,193.697006226,193.432998657,193.567993164,0
2025-06-02 09:00:00+00:00,193.565994263,193.602996826,193.45199585,193.54800415,0
2025-06-02 10:00:00+00:00,193.546005249,193.57699585,193.205001831,193.227996826,0
2025-06-02 11:00:00+00:00,193.225997925,193.272003174,193.098007202,193.229995728,0
2025-06-02 12:00:00+00:00,193.225997925,193.531005859,193.225997925,193.42199707,0
2025-06-02 13:00:00+00:00,193.425994873,193.507995605,193.175994873,193.304992676,0
2025-06-02 14:00:00+00:00,193.313995361,193.45300293,192.99899292,193.352996826,0
2025-06-02 15:00:00+00:00,193.348999023,193.550994873,193.307006836,193.419998169,0
2025-06-02 16:00:00+00:00,193.416000366,193.468994141,193.268005371,193.277999878,0
2025-06-02 17:00:00+00:00,193.276000977,193.335998535,193.238006592,193.29800415,0
2025-06-02 18:00:00+00:00,193.29699707,193.395004272,193.220001221,193.380004883,0
2025-06-02 19:00:00+00:00,193.375,193.414993286,193.244995117,193.31199646,0
2025-06-02 20:00:00+00:00,193.31199646,193.37399292,193.195999146,193.26600647,0
2025-06-02 21:00:00+00:00,193.177001953,193.339004517,193.087005615,193.173995972,0
2025-06-02 22:00:00+00:00,193.180999756,193.220001221,193.065002441,193.093994141,0
2025-06-02 23:00:00+00:00,193.104003906,193.238006592,192.981002808,193.085998535,0
2025-06-03 00:00:00+00:00,193.082000732,193.42300415,193.072006226,193.330001831,0
2025-06-03 01:00:00+00:00,193.326004028,193.81199646,193.324005127,193.701004028,0
2025-06-03 02:00:00+00:00,193.697998047,193.804000854,193.458999634,193.50100708,0
2025-06-03 03:00:00+00:00,193.490005493,193.647003174,193.382003784,193.527999878,0
2025-06-03 04:00:00+00:00,193.526000977,193.567001343,193.26600647,193.31300354,0
2025-06-03 05:00:00+00:00,193.313995361,193.417999268,193.18699646,193.320007324,0
2025-06-03 06:00:00+00:00,193.32699585,193.546005249,193.317001343,193.350006104,0
2025-06-03 07:00:00+00:00,193.348007202,193.356002808,192.876998901,193.098007202,0
2025-06-03 08:00:00+00:00,193.098007202,193.10899353,192.722000122,192.996002197,0
2025-06-03 09:00:00+00:00,192.99899292,193.218994141,192.917999268,193.067001343,0
2025-06-03 10:00:00+00:00,193.067993164,193.255004883,193.011993408,193.20199585,0
2025-06-03 11:00:00+00:00,193.20199585,193.324005127,193.121002197,193.205993652,0
2025-06-03 12:00:00+00:00,193.205993652,193.682006836,193.166000366,193.666000366,0
2025-06-03 13:00:00+00:00,193.667999268,194.100006104,193.580001831,193.912994385,0
2025-06-03 14:00:00+00:00,193.897003174,194.554000854,193.897003174,194.503997803,0
2025-06-03 15:00:00+00:00,194.50100708,194.725997925,194.447998047,194.604003906,0
2025-06-03 16:00:00+00:00,194.606002808,194.779006958,194.595001221,194.636001587,0
2025-06-03 17:00:00+00:00,194.626998901,194.759994507,194.557998657,194.587997437,0
2025-06-03 18:00:00+00:00,194.587005615,194.645004272,194.520004272,194.626998901,0
2025-06-03 19:00:00+00:00,194.626998901,194.74899292,194.613998413,194.722000122,0
2025-06-03 20:00:00+00:00,194.725006104,194.725006104,194.507003784,194.544998169,0
2025-06-03 21:00:00+00:00,194.511001587,194.720993042,194.263000488,194.56199646,0
2025-06-03 22:00:00+00:00,194.56199646,194.735992432,194.529006958,194.649993896,0
2025-06-03 23:00:00+00:00,194.649993896,194.779998779,194.546005249,194.589004517,0
2025-06-04 00:00:00+00:00,194.587005615,194.809997559,194.546005249,194.768997192,0
2025-06-04 01:00:00+00:00,194.768005371,195.031997681,194.520996094,194.570007324,0
2025-06-04 02:00:00+00:00,194.570999146,194.677993774,194.537002563,194.626998901,0
2025-06-04 03:00:00+00:00,194.623001099,194.789993286,194.574996948,194.712997437,0
2025-06-04 04:00:00+00:00,194.712005615,194.93699646,194.707000732,194.910003662,0
2025-06-04 05:00:00+00:00,194.912002563,194.960006714,194.746002197,194.832000732,0
2025-06-04 06:00:00+00:00,194.820999146,194.908996582,194.527999878,194.74899292,0
2025-06-04 07:00:00+00:00,194.746994019,194.968994141,194.559997559,194.934005737,0
2025-06-04 08:00:00+00:00,194.934005737,195.089004517,194.794006348,194.830001831,0
2025-06-04 09:00:00+00:00,194.822998047,195.041000366,194.75100708,195.035995483,0
2025-06-04 10:00:00+00:00,195.033996582,195.231002808,194.878005981,195.076004028,0
2025-06-04 11:00:00+00:00,195.080001831,195.11000061,194.917999268,194.960998535,0
2025-06-04 12:00:00+00:00,194.957992554,194.981994629,194.227005005,194.412002563,0
2025-06-04 13:00:00+00:00,194.412002563,194.680999756,194.404998779,194.518005371,0
2025-06-04 14:00:00+00:00,194.518005371,194.527999878,194.067993164,194.32699585,0
2025-06-04 15:00:00+00:00,194.324996948,194.404006958,193.805999756,193.908996582,0
2025-06-04 16:00:00+00:00,193.908004761,193.917007446,193.468994141,193.57699585,0
2025-06-04 17:00:00+00:00,193.576004028,193.664001465,193.522994995,193.60899353,0
2025-06-04 18:00:00+00:00,193.61000061,193.664993286,193.557998657,193.619995117,0
2025-06-04 19:00:00+00:00,193.62399292,193.662994385,193.520996094,193.546005249,0
2025-06-04 20:00:00+00:00,193.54800415,193.56199646,193.375,193.423995972,0
2025-06-04 21:00:00+00:00,193.457000732,193.626998901,193.350006104,193.401992798,0
2025-06-04 22:00:00+00:00,193.399993896,193.54800415,193.386001587,193.45199585,0
2025-06-04 23:00:00+00:00,193.453994751,193.539001465,193.255004883,193.397994995,0
2025-06-05 00:00:00+00:00,193.404006958,193.572006226,193.322006226,193.442001343,0
2025-06-05 01:00:00+00:00,193.442001343,193.664001465,193.395004272,193.615005493,0
2025-06-05 02:00:00+00:00,193.613006592,193.628997803,193.440002441,193.580001831,0
2025-06-05 03:00:00+00:00,193.57800293,193.727996826,193.505996704,193.680999756,0
2025-06-05 04:00:00+00:00,193.677993774,193.794006348,193.621002197,193.761993408,0
2025-06-05 05:00:00+00:00,193.768005371,193.919998169,193.712997437,193.886993408,0
2025-06-05 06:00:00+00:00,193.895996094,194.093002319,193.861999512,194.029006958,0
2025-06-05 07:00:00+00:00,194.031997681,194.45199585,193.966003418,194.382003784,0
2025-06-05 08:00:00+00:00,194.378005981,194.520996094,194.339996338,194.386001587,0
2025-06-05 09:00:00+00:00,194.384994507,194.423995972,194.175994873,194.270004272,0
2025-06-05 10:00:00+00:00,194.268997192,194.419006348,194.214004517,194.29699707,0
2025-06-05 11:00:00+00:00,194.294998169,194.494003296,194.210998535,194.42300415,0
2025-06-05 12:00:00+00:00,194.419998169,195.024002075,194.039001465,194.673995972,0
2025-06-05 13:00:00+00:00,194.673995972,194.830001831,194.416000366,194.544006348,0
2025-06-05 14:00:00+00:00,194.544006348,195.087997437,194.544006348,194.979003906,0
2025-06-05 15:00:00+00:00,194.977996826,195.464996338,194.977996826,195.388000488,0
2025-06-05 16:00:00+00:00,195.386993408,195.50100708,194.962005615,194.99899292,0
2025-06-05 17:00:00+00:00,195.00100708,195.339996338,194.977005005,195.244995117,0
2025-06-05 18:00:00+00:00,195.25,195.257995605,194.901000977,195.054000854,0
2025-06-05 19:00:00+00:00,195.054992676,195.143997192,194.774002075,195.033004761,0
2025-06-05 20:00:00+00:00,195.031997681,195.130996704,194.677001953,194.677001953,0
2025-06-05 21:00:00+00:00,194.735992432,195.055999756,194.548995972,194.774993896,0
2025-06-05 22:00:00+00:00,194.764007568,194.886993408,194.690002441,194.856994629,0
2025-06-05 23:00:00+00:00,194.867996216,194.964996338,194.779998779,194.927001953,0
2025-06-06 00:00:00+00:00,194.927993774,195.192993164,194.925994873,195.154006958,0
2025-06-06 01:00:00+00:00,195.156005859,195.238998413,194.998001099,195.014007568,0
2025-06-06 02:00:00+00:00,195.011993408,195.231002808,194.992996216,195.182006836,0
2025-06-06 03:00:00+00:00,195.186004639,195.192001343,195.035995483,195.11000061,0
2025-06-06 04:00:00+00:00,195.106994629,195.268997192,195.098007202,195.253997803,0
2025-06-06 05:00:00+00:00,195.25100708,195.309005737,195.152999878,195.169006348,0
2025-06-06 06:00:00+00:00,195.167007446,195.240005493,195.027999878,195.151992798,0
2025-06-06 07:00:00+00:00,195.154998779,195.156997681,194.802993774,194.925994873,0
2025-06-06 08:00:00+00:00,194.927001953,195.037994385,194.804000854,195.022003174,0
2025-06-06 09:00:00+00:00,195.016998291,195.17199707,194.962005615,195.100006104,0
2025-06-06 10:00:00+00:00,195.093994141,195.244995117,195.020004272,195.220993042,0
2025-06-06 11:00:00+00:00,195.223007202,195.401992798,195.18800354,195.348999023,0
2025-06-06 12:00:00+00:00,195.348007202,195.777999878,195.203994751,195.763000488,0
2025-06-06 13:00:00+00:00,195.757995605,196.033004761,195.677993774,195.929992676,0
2025-06-06 14:00:00+00:00,195.929000854,196.160995483,195.878005981,195.990997314,0
2025-06-06 15:00:00+00:00,195.988006592,196.18699646,195.88999939,196.022994995,0
2025-06-06 16:00:00+00:00,196.027999878,196.085998535,195.930999756,195.979995728,0
2025-06-06 17:00:00+00:00,195.98399353,195.985992432,195.835998535,195.949996948,0
2025-06-06 18:00:00+00:00,195.947998047,196.033996582,195.944000244,195.972000122,0
2025-06-06 19:00:00+00:00,195.972000122,195.98399353,195.878997803,195.921005249,0
2025-06-06 20:00:00+00:00,195.919998169,195.958999634,195.863006592,195.910003662,0
2025-06-06 21:00:00+00:00,195.893997192,195.893997192,195.893997192,195.893997192,0
2025-06-08 23:00:00+00:00,195.847000122,195.904998779,195.75,195.869995117,0
2025-06-09 00:00:00+00:00,195.871994019,196.125,195.727996826,196.108001709,0
2025-06-09 01:00:00+00:00,196.11000061,196.149002075,195.804000854,195.899002075,0
2025-06-09 02:00:00+00:00,195.893997192,195.919998169,195.744003296,195.884994507,0
2025-06-09 03:00:00+00:00,195.878997803,195.884994507,195.75100708,195.807998657,0
2025-06-09 04:00:00+00:00,195.805999756,195.811004639,195.658004761,195.68699646,0
2025-06-09 05:00:00+00:00,195.688995361,195.82800293,195.656997681,195.783004761,0
2025-06-09 06:00:00+00:00,195.779998779,195.819000244,195.582000732,195.664993286,0
2025-06-09 07:00:00+00:00,195.666000366,195.73399353,195.468002319,195.524993896,0
2025-06-09 08:00:00+00:00,195.524993896,195.690994263,195.453994751,195.667999268,0
2025-06-09 09:00:00+00:00,195.667007446,195.694000244,195.466003418,195.567993164,0
2025-06-09 10:00:00+00:00,195.570007324,195.595993042,195.43800354,195.477996826,0
2025-06-09 11:00:00+00:00,195.475006104,195.996994019,195.453994751,195.949005127,0
2025-06-09 12:00:00+00:00,195.947998047,195.960006714,195.656005859,195.774993896,0
2025-06-09 13:00:00+00:00,195.772994995,195.87600708,195.695999146,195.809005737,0
2025-06-09 14:00:00+00:00,195.809005737,195.899993896,195.680999756,195.878005981,0
2025-06-09 15:00:00+00:00,195.878997803,195.904006958,195.746002197,195.794998169,0
2025-06-09 16:00:00+00:00,195.794006348,195.861999512,195.729995728,195.774993896,0
2025-06-09 17:00:00+00:00,195.776000977,195.865997314,195.727005005,195.852005005,0
2025-06-09 18:00:00+00:00,195.856002808,196.06199646,195.81199646,196.052993774,0
2025-06-09 19:00:00+00:00,196.054992676,196.067993164,195.955993652,195.986999512,0
2025-06-09 20:00:00+00:00,195.990997314,196.024002075,195.802001953,195.856002808,0
2025-06-09 21:00:00+00:00,195.854003906,195.964996338,195.64100647,195.835998535,0
2025-06-09 22:00:00+00:00,195.82699585,196.013000488,195.815994263,195.940994263,0
2025-06-09 23:00:00+00:00,195.964004517,196.007003784,195.852005005,195.942993164,0
2025-06-10 00:00:00+00:00,195.945007324,196.050003052,195.822006226,195.88999939,0
2025-06-10 01:00:00+00:00,195.886001587,196.229003906,195.843994141,196.201004028,0
2025-06-10 02:00:00+00:00,196.197998047,196.442993164,196.132003784,196.20199585,0
2025-06-10 03:00:00+00:00,196.210006714,196.210006714,196.087005615,196.141998291,0
2025-06-10 04:00:00+00:00,196.141998291,196.223999023,196.078994751,196.220001221,0
2025-06-10 05:00:00+00:00,196.210998535,196.212997437,195.591995239,195.718994141,0
2025-06-10 06:00:00+00:00,195.722000122,195.731002808,194.930999756,194.93699646,0
2025-06-10 07:00:00+00:00,194.930999756,195.065994263,194.770004272,195.001998901,0
2025-06-10 08:00:00+00:00,194.996002197,195.251998901,194.835006714,195.089996338,0
2025-06-10 09:00:00+00:00,195.093994141,195.261993408,195.033004761,195.20199585,0
2025-06-10 10:00:00+00:00,195.197998047,195.32800293,195.158004761,195.302001953,0
2025-06-10 11:00:00+00:00,195.305999756,195.317001343,195.014007568,195.26600647,0
2025-06-10 12:00:00+00:00,195.26600647,195.388000488,195.145004272,195.369003296,0
2025-06-10 13:00:00+00:00,195.369003296,195.664001465,195.348999023,195.587005615,0
2025-06-10 14:00:00+00:00,195.593002319,195.865005493,195.578994751,195.697998047,0
2025-06-10 15:00:00+00:00,195.68800354,195.841995239,195.548995972,195.735992432,0
2025-06-10 16:00:00+00:00,195.735992432,195.824005127,195.677993774,195.686004639,0
2025-06-10 17:00:00+00:00,195.686004639,195.761993408,195.647003174,195.660003662,0
2025-06-10 18:00:00+00:00,195.662002563,195.666000366,195.570007324,195.608001709,0
2025-06-10 19:00:00+00:00,195.604003906,195.695999146,195.531005859,195.651000977,0
2025-06-10 20:00:00+00:00,195.647994995,195.68699646,195.481994629,195.533996582,0
2025-06-10 21:00:00+00:00,195.496002197,195.679000854,195.350997925,195.535003662,0
2025-06-10 22:00:00+00:00,195.54800415,195.720001221,195.455001831,195.703994751,0
2025-06-10 23:00:00+00:00,195.731994629,195.919998169,195.54699707,195.64100647,0
2025-06-11 00:00:00+00:00,195.638000488,195.723999023,195.38999939,195.529006958,0
2025-06-11 01:00:00+00:00,195.527999878,195.615997314,195.388000488,195.410003662,0
2025-06-11 02:00:00+00:00,195.416000366,195.595993042,195.287002563,195.391998291,0
2025-06-11 03:00:00+00:00,195.391998291,195.524002075,195.332000732,195.5,0
2025-06-11 04:00:00+00:00,195.496002197,195.572006226,195.384994507,195.544006348,0
2025-06-11 05:00:00+00:00,195.542007446,195.617996216,195.535003662,195.578994751,0
2025-06-11 06:00:00+00:00,195.578994751,195.759002686,195.410995483,195.445007324,0
2025-06-11 07:00:00+00:00,195.436004639,195.751998901,195.401000977,195.669998169,0
2025-06-11 08:00:00+00:00,195.669006348,195.794998169,195.62600708,195.755996704,0
2025-06-11 09:00:00+00:00,195.751998901,195.880996704,195.57699585,195.820007324,0
2025-06-11 10:00:00+00:00,195.817993164,195.934005737,195.781005859,195.893997192,0
2025-06-11 11:00:00+00:00,195.850997925,196.074996948,195.809997559,196.057006836,0
2025-06-11 12:00:00+00:00,196.054000854,196.242004395,195.531997681,195.652999878,0
2025-06-11 13:00:00+00:00,195.658004761,196.102005005,195.561004639,196.085006714,0
2025-06-11 14:00:00+00:00,196.082000732,196.231994629,195.904006958,196.035003662,0
2025-06-11 15:00:00+00:00,196.057998657,196.085998535,195.766998291,195.848007202,0
2025-06-11 16:00:00+00:00,195.854995728,195.970993042,195.708999634,195.95300293,0
2025-06-11 17:00:00+00:00,195.945007324,196.080993652,195.86000061,196.01499939,0
2025-06-11 18:00:00+00:00,196.009994507,196.011993408,195.615005493,195.768005371,0
2025-06-11 19:00:00+00:00,195.768997192,195.82800293,195.667007446,195.79800415,0
2025-06-11 20:00:00+00:00,195.800003052,195.923995972,195.720001221,195.789001465,0
2025-06-11 21:00:00+00:00,195.792999268,195.901000977,195.654998779,195.76499939,0
2025-06-11 22:00:00+00:00,195.813995361,195.813995361,195.604995728,195.68800354,0
2025-06-11 23:00:00+00:00,195.686004639,195.746994019,195.557998657,195.611999512,0
2025-06-12 00:00:00+00:00,195.613006592,195.774993896,195.522003174,195.658996582,0
2025-06-12 01:00:00+00:00,195.658996582,195.697006226,195.352996826,195.567001343,0
2025-06-12 02:00:00+00:00,195.567001343,195.598999023,195.371994019,195.388000488,0
2025-06-12 03:00:00+00:00,195.388000488,195.542007446,195.384994507,195.45199585,0
2025-06-12 04:00:00+00:00,195.453994751,195.643997192,195.434997559,195.511993408,0
2025-06-12 05:00:00+00:00,195.507995605,195.54800415,195.223007202,195.304000854,0
2025-06-12 06:00:00+00:00,195.285995483,195.313995361,194.798995972,194.968002319,0
2025-06-12 07:00:00+00:00,194.968002319,195.10899353,194.835998535,194.850006104,0
2025-06-12 08:00:00+00:00,194.850997925,195.106002808,194.708999634,195.074005127,0
2025-06-12 09:00:00+00:00,195.070007324,195.149993896,194.98500061,195.106002808,0
2025-06-12 10:00:00+00:00,195.098999023,195.139007568,194.807998657,195.072998047,0
2025-06-12 11:00:00+00:00,195.069000244,195.276000977,194.979003906,195.205993652,0
2025-06-12 12:00:00+00:00,195.207000732,195.266998291,194.910003662,195.018997192,0
2025-06-12 13:00:00+00:00,195.018005371,195.17300415,194.882995605,195.044006348,0
2025-06-12 14:00:00+00:00,195.042999268,195.520004272,195.042007446,195.39100647,0
2025-06-12 15:00:00+00:00,195.391998291,195.51499939,195.12399292,195.158004761,0
2025-06-12 16:00:00+00:00,195.158996582,195.268005371,195.039993286,195.184005737,0
2025-06-12 17:00:00+00:00,195.184005737,195.32800293,195.067001343,195.085006714,0
2025-06-12 18:00:00+00:00,195.080993652,195.177993774,195.050994873,195.134994507,0
2025-06-12 19:00:00+00:00,195.143997192,195.307998657,195.128997803,195.298995972,0
2025-06-12 20:00:00+00:00,195.300003052,195.457992554,195.261993408,195.277999878,0
2025-06-12 21:00:00+00:00,195.289001465,195.492004395,195.117996216,195.427993774,0
2025-06-12 22:00:00+00:00,195.412002563,195.438995361,195.246002197,195.350006104,0
2025-06-12 23:00:00+00:00,195.324005127,195.333999634,194.985992432,195.007995605,0
2025-06-13 00:00:00+00:00,195.009002686,195.152999878,193.753005981,194.097000122,0
2025-06-13 01:00:00+00:00,194.095001221,194.343002319,193.805999756,194.210006714,0
2025-06-13 02:00:00+00:00,194.210998535,194.26499939,193.779006958,193.962005615,0
2025-06-13 03:00:00+00:00,193.964004517,194.675003052,193.949996948,194.470993042,0
2025-06-13 04:00:00+00:00,194.477996826,194.529006958,194.25100708,194.412994385,0
2025-06-13 05:00:00+00:00,194.417007446,194.673995972,194.309005737,194.328994751,0
2025-06-13 06:00:00+00:00,194.330001831,194.539001465,194.132995605,194.464004517,0
2025-06-13 07:00:00+00:00,194.462997437,195.037002563,194.378997803,194.973007202,0
2025-06-13 08:00:00+00:00,194.970001221,195.097000122,194.835006714,194.972000122,0
2025-06-13 09:00:00+00:00,194.964004517,195.268005371,194.932006836,195.186004639,0
2025-06-13 10:00:00+00:00,195.18699646,195.37399292,195.067993164,195.373001099,0
2025-06-13 11:00:00+00:00,195.375,195.430999756,195.106002808,195.136001587,0
2025-06-13 12:00:00+00:00,195.138000488,195.289993286,194.979995728,195.287994385,0
2025-06-13 13:00:00+00:00,195.287994385,195.406005859,195.00100708,195.12600708,0
2025-06-13 14:00:00+00:00,195.117996216,195.684997559,195.026992798,195.645004272,0
2025-06-13 15:00:00+00:00,195.64100647,195.973999023,195.630996704,195.789001465,0
2025-06-13 16:00:00+00:00,195.785003662,195.867004395,195.727005005,195.804000854,0
2025-06-13 17:00:00+00:00,195.804000854,195.805999756,195.656005859,195.723999023,0
2025-06-13 18:00:00+00:00,195.723007202,195.761993408,195.132003784,195.238998413,0
2025-06-13 19:00:00+00:00,195.236999512,195.339004517,195.057998657,195.333999634,0
2025-06-13 20:00:00+00:00,195.324005127,195.628997803,195.279998779,195.54699707,0
2025-06-13 21:00:00+00:00,195.623001099,195.623001099,195.623001099,195.623001099,0
2025-06-15 23:00:00+00:00,195.841995239,196.057998657,195.759002686,195.867996216,0
2025-06-16 00:00:00+00:00,195.87600708,195.87600708,195.582992554,195.602996826,0
2025-06-16 01:00:00+00:00,195.602996826,195.628997803,195.408996582,195.54800415,0
2025-06-16 02:00:00+00:00,195.550003052,195.703994751,195.492004395,195.576004028,0
2025-06-16 03:00:00+00:00,195.574996948,195.587997437,195.486999512,195.567001343,0
2025-06-16 04:00:00+00:00,195.572006226,195.582992554,195.449005127,195.488006592,0
2025-06-16 05:00:00+00:00,195.490005493,195.559997559,195.397003174,195.511993408,0
2025-06-16 06:00:00+00:00,195.505996704,195.988006592,195.42300415,195.951004028,0
2025-06-16 07:00:00+00:00,195.951004028,196.175994873,195.822006226,195.858001709,0
2025-06-16 08:00:00+00:00,195.85899353,196.044006348,195.688995361,195.893005371,0
2025-06-16 09:00:00+00:00,195.893997192,196.00100708,195.707000732,195.785003662,0
2025-06-16 10:00:00+00:00,195.783004761,195.850006104,195.570999146,195.623001099,0
2025-06-16 11:00:00+00:00,195.619995117,195.764007568,195.54800415,195.675003052,0
2025-06-16 12:00:00+00:00,195.675994873,195.901992798,195.667999268,195.716003418,0
2025-06-16 13:00:00+00:00,195.720993042,195.822998047,195.585998535,195.744003296,0
2025-06-16 14:00:00+00:00,195.744995117,196.005996704,195.574996948,195.854003906,0
2025-06-16 15:00:00+00:00,195.850997925,195.988998413,195.757995605,195.979995728,0
2025-06-16 16:00:00+00:00,195.981002808,196.223999023,195.968002319,196.195007324,0
2025-06-16 17:00:00+00:00,196.195999146,196.399993896,196.141998291,196.289001465,0
2025-06-16 18:00:00+00:00,196.291000366,196.611999512,196.274993896,196.597000122,0
2025-06-16 19:00:00+00:00,196.598007202,196.68699646,196.50100708,196.632995605,0
2025-06-16 20:00:00+00:00,196.638000488,196.675994873,196.455993652,196.505996704,0
2025-06-16 21:00:00+00:00,196.602996826,196.679000854,196.330993652,196.460998535,0
2025-06-16 22:00:00+00:00,196.453994751,196.595993042,196.229003906,196.292999268,0
2025-06-16 23:00:00+00:00,196.29800415,196.473007202,196.281997681,196.304992676,0
2025-06-17 00:00:00+00:00,196.304000854,196.843994141,196.259002686,196.798995972,0
2025-06-17 01:00:00+00:00,196.800994873,196.800994873,196.492996216,196.555999756,0
2025-06-17 02:00:00+00:00,196.555999756,196.731994629,196.455001831,196.682006836,0
2025-06-17 03:00:00+00:00,196.680999756,196.686004639,196.289993286,196.36000061,0
2025-06-17 04:00:00+00:00,196.356002808,196.397003174,196.04800415,196.24899292,0
2025-06-17 05:00:00+00:00,196.244995117,196.369995117,196.179000854,196.287002563,0
2025-06-17 06:00:00+00:00,196.287994385,196.591003418,196.220993042,196.505004883,0
2025-06-17 07:00:00+00:00,196.49899292,196.625,195.970001221,196.050003052,0
2025-06-17 08:00:00+00:00,196.054000854,196.410003662,195.955993652,196.309005737,0
2025-06-17 09:00:00+00:00,196.309005737,196.483001709,196.125,196.143997192,0
2025-06-17 10:00:00+00:00,196.143005371,196.317993164,196.097000122,196.169998169,0
2025-06-17 11:00:00+00:00,196.173995972,196.253005981,195.953994751,196.121002197,0
2025-06-17 12:00:00+00:00,196.121994019,196.378005981,195.830001831,196.246002197,0
2025-06-17 13:00:00+00:00,196.24899292,196.371002197,196.143005371,196.220001221,0
2025-06-17 14:00:00+00:00,196.220993042,196.300003052,195.914001465,196.17300415,0
2025-06-17 15:00:00+00:00,196.173995972,196.227005005,195.802993774,196.00100708,0
2025-06-17 16:00:00+00:00,196.003005981,196.018997192,195.505996704,195.636001587,0
2025-06-17 17:00:00+00:00,195.632003784,195.690994263,195.12600708,195.279006958,0
2025-06-17 18:00:00+00:00,195.277999878,195.309997559,195.115005493,195.201004028,0
2025-06-17 19:00:00+00:00,195.195007324,195.214004517,194.936004639,194.968994141,0
2025-06-17 20:00:00+00:00,194.962997437,195.106002808,194.902999878,194.996002197,0
2025-06-17 21:00:00+00:00,194.988006592,195.164001465,194.87399292,194.955001831,0
2025-06-17 22:00:00+00:00,194.934997559,195.23399353,194.809005737,195.13999939,0
2025-06-17 23:00:00+00:00,195.151992798,195.264007568,195.087997437,195.223999023,0
2025-06-18 00:00:00+00:00,195.32800293,195.339004517,195.095001221,195.17300415,0
2025-06-18 01:00:00+00:00,195.17300415,195.225997925,195.039993286,195.065002441,0
2025-06-18 02:00:00+00:00,195.063995361,195.098007202,194.957992554,194.979995728,0
2025-06-18 03:00:00+00:00,194.98399353,195.055999756,194.936004639,194.942993164,0
2025-06-18 04:00:00+00:00,194.942993164,194.994995117,194.839996338,194.95300293,0
2025-06-18 05:00:00+00:00,194.953994751,194.98399353,194.768997192,194.942993164,0
2025-06-18 06:00:00+00:00,194.942001343,195.268005371,194.875,195.07699585,0
2025-06-18 07:00:00+00:00,195.074005127,195.24899292,195.054992676,195.089996338,0
2025-06-18 08:00:00+00:00,195.091003418,195.335006714,194.99899292,195.024993896,0
2025-06-18 09:00:00+00:00,195.024002075,195.242004395,195.007003784,195.134002686,0
2025-06-18 10:00:00+00:00,195.130996704,195.186004639,194.62600708,194.656997681,0
2025-06-18 11:00:00+00:00,194.662994385,194.951004028,194.611999512,194.830993652,0
2025-06-18 12:00:00+00:00,194.820999146,194.970993042,194.781997681,194.832000732,0
2025-06-18 13:00:00+00:00,194.839996338,194.873001099,194.526000977,194.712997437,0
2025-06-18 14:00:00+00:00,194.712997437,195.07800293,194.582992554,194.785003662,0
2025-06-18 15:00:00+00:00,194.785995483,194.860992432,194.669006348,194.729003906,0
2025-06-18 16:00:00+00:00,194.729995728,194.807006836,194.62399292,194.686004639,0
2025-06-18 17:00:00+00:00,194.684997559,194.75,194.535995483,194.544998169,0
2025-06-18 18:00:00+00:00,194.542007446,194.658004761,194.32800293,194.582000732,0
2025-06-18 19:00:00+00:00,194.572006226,194.703994751,194.51600647,194.595993042,0
2025-06-18 20:00:00+00:00,194.598007202,194.828994751,194.587997437,194.772994995,0
2025-06-18 21:00:00+00:00,194.820999146,194.820999146,194.457000732,194.722000122,0
2025-06-18 22:00:00+00:00,194.720001221,194.817993164,194.496994019,194.613998413,0
2025-06-18 23:00:00+00:00,194.587997437,194.654998779,194.402999878,194.442001343,0
2025-06-19 00:00:00+00:00,194.444000244,194.472000122,194.242004395,194.361999512,0
2025-06-19 01:00:00+00:00,194.360992432,194.449005127,194.007995605,194.412002563,0
2025-06-19 02:00:00+00:00,194.412002563,194.5,194.320999146,194.48399353,0
2025-06-19 03:00:00+00:00,194.481994629,194.56300354,194.43699646,194.5,0
2025-06-19 04:00:00+00:00,194.496994019,194.561004639,194.434005737,194.507995605,0
2025-06-19 05:00:00+00:00,194.509994507,194.550003052,194.339004517,194.375,0
2025-06-19 06:00:00+00:00,194.371002197,194.746994019,194.352996826,194.740005493,0
2025-06-19 07:00:00+00:00,194.740005493,194.992004395,194.707992554,194.848007202,0
2025-06-19 08:00:00+00:00,194.848007202,195.082000732,194.735992432,195.070999146,0
2025-06-19 09:00:00+00:00,195.072006226,195.285995483,194.992996216,195.194000244,0
2025-06-19 10:00:00+00:00,195.18800354,195.774002075,195.162002563,195.598999023,0
2025-06-19 11:00:00+00:00,195.610992432,195.902999878,195.356994629,195.884002686,0
2025-06-19 12:00:00+00:00,195.884994507,195.95300293,195.567993164,195.621002197,0
2025-06-19 13:00:00+00:00,195.619003296,195.643997192,195.197006226,195.384002686,0
2025-06-19 14:00:00+00:00,195.382003784,195.634002686,195.358001709,195.62600708,0
2025-06-19 15:00:00+00:00,195.626998901,195.733001709,195.51600647,195.582992554,0
2025-06-19 16:00:00+00:00,195.582000732,195.660003662,195.531997681,195.613998413,0
2025-06-19 17:00:00+00:00,195.615005493,195.789993286,195.572006226,195.755996704,0
2025-06-19 18:00:00+00:00,195.753997803,195.843994141,195.718002319,195.796005249,0
2025-06-19 19:00:00+00:00,195.79800415,195.880004883,195.723007202,195.878005981,0
2025-06-19 20:00:00+00:00,195.87399292,195.914993286,195.669006348,195.73500061,0
2025-06-19 21:00:00+00:00,195.638000488,195.923995972,195.544006348,195.794006348,0
2025-06-19 22:00:00+00:00,195.804000854,196.031005859,195.770004272,195.929992676,0
2025-06-19 23:00:00+00:00,195.92199707,195.955001831,195.67300415,195.714004517,0
2025-06-20 00:00:00+00:00,195.714996338,195.93699646,195.677001953,195.912994385,0
2025-06-20 01:00:00+00:00,195.910003662,196.016998291,195.796005249,195.899002075,0
2025-06-20 02:00:00+00:00,195.891998291,195.975006104,195.837997437,195.882003784,0
2025-06-20 03:00:00+00:00,195.886001587,196.115997314,195.852005005,196.080001831,0
2025-06-20 04:00:00+00:00,196.082992554,196.216003418,196.033004761,196.152999878,0
2025-06-20 05:00:00+00:00,196.154006958,196.328994751,196.134002686,196.292007446,0
2025-06-20 06:00:00+00:00,196.276000977,196.287994385,195.76600647,195.781997681,0
2025-06-20 07:00:00+00:00,195.787994385,196.014007568,195.690002441,195.962005615,0
2025-06-20 08:00:00+00:00,195.957992554,196.098007202,195.809005737,196.054000854,0
2025-06-20 09:00:00+00:00,196.055999756,196.130004883,195.914001465,196.115005493,0
2025-06-20 10:00:00+00:00,196.117996216,196.294998169,196.035995483,196.272003174,0
2025-06-20 11:00:00+00:00,196.263000488,196.531997681,196.207000732,196.507995605,0
2025-06-20 12:00:00+00:00,196.507995605,196.595001221,196.371002197,196.567993164,0
2025-06-20 13:00:00+00:00,196.569000244,196.70300293,196.520004272,196.570999146,0
2025-06-20 14:00:00+00:00,196.570007324,196.692001343,196.240005493,196.464996338,0
2025-06-20 15:00:00+00:00,196.468002319,196.57699585,196.384002686,196.483001709,0
2025-06-20 16:00:00+00:00,196.479003906,196.585006714,196.43800354,196.457000732,0
2025-06-20 17:00:00+00:00,196.455993652,196.535003662,196.39100647,196.494995117,0
2025-06-20 18:00:00+00:00,196.494003296,196.636001587,196.451004028,196.54699707,0
2025-06-20 19:00:00+00:00,196.54800415,196.645996094,196.511993408,196.557006836,0
2025-06-20 20:00:00+00:00,196.548995972,196.598999023,196.373001099,196.453994751,0
2025-06-20 21:00:00+00:00,196.503005981,196.503005981,196.503005981,196.503005981,0
2025-06-22 23:00:00+00:00,196.527999878,196.582000732,196.410003662,196.432998657,0
2025-06-23 00:00:00+00:00,196.425003052,196.587005615,196.298995972,196.56199646,0
2025-06-23 01:00:00+00:00,196.561004639,196.93699646,196.486999512,196.86000061,0
2025-06-23 02:00:00+00:00,196.861999512,196.901992798,196.636001587,196.757995605,0
2025-06-23 03:00:00+00:00,196.764007568,196.882995605,196.722000122,196.824005127,0
2025-06-23 04:00:00+00:00,196.824005127,197.210998535,196.819000244,197.098007202,0
2025-06-23 05:00:00+00:00,197.098007202,197.755996704,197.093994141,197.576004028,0
2025-06-23 06:00:00+00:00,197.576004028,198.01499939,197.54800415,197.73399353,0
2025-06-23 07:00:00+00:00,197.738006592,198.035003662,197.602996826,198.029006958,0
2025-06-23 08:00:00+00:00,198.013000488,198.195999146,197.949996948,198.005004883,0
2025-06-23 09:00:00+00:00,198.003997803,198.093002319,197.738998413,197.910003662,0
2025-06-23 10:00:00+00:00,197.910995483,198.022003174,197.830993652,197.996002197,0
2025-06-23 11:00:00+00:00,197.994995117,198.054000854,197.430999756,197.686004639,0
2025-06-23 12:00:00+00:00,197.682006836,197.725997925,197.246002197,197.410003662,0
2025-06-23 13:00:00+00:00,197.412002563,197.869995117,197.29699707,197.76600647,0
2025-06-23 14:00:00+00:00,197.753005981,197.833999634,197.554992676,197.684005737,0
2025-06-23 15:00:00+00:00,197.684997559,197.774993896,197.54800415,197.574005127,0
2025-06-23 16:00:00+00:00,197.576004028,197.630004883,197.309005737,197.468994141,0
2025-06-23 17:00:00+00:00,197.472000122,197.852005005,197.440994263,197.684005737,0
2025-06-23 18:00:00+00:00,197.684997559,197.695007324,197.477996826,197.613998413,0
2025-06-23 19:00:00+00:00,197.619995117,197.710998535,197.569000244,197.68800354,0
2025-06-23 20:00:00+00:00,197.68699646,197.695999146,197.552001953,197.623001099,0
2025-06-23 21:00:00+00:00,197.600006104,197.695999146,197.339996338,197.559005737,0
2025-06-23 22:00:00+00:00,197.557998657,197.68699646,197.384002686,197.582000732,0
2025-06-23 23:00:00+00:00,197.570007324,197.667007446,197.457000732,197.651992798,0
2025-06-24 00:00:00+00:00,197.645004272,197.652999878,197.240005493,197.274002075,0
2025-06-24 01:00:00+00:00,197.26499939,197.384002686,197.143997192,197.24899292,0
2025-06-24 02:00:00+00:00,197.25,197.276000977,197.080001831,197.214996338,0
2025-06-24 03:00:00+00:00,197.216995239,197.261993408,197.018997192,197.236999512,0
2025-06-24 04:00:00+00:00,197.238998413,197.307998657,197.164001465,197.255996704,0
2025-06-24 05:00:00+00:00,197.257003784,197.365005493,197.10899353,197.171005249,0
2025-06-24 06:00:00+00:00,197.169998169,197.330993652,197.055999756,197.20300293,0
2025-06-24 07:00:00+00:00,197.199005127,197.389007568,196.93800354,197.32800293,0
2025-06-24 08:00:00+00:00,197.332000732,197.363998413,197.067001343,197.328994751,0
2025-06-24 09:00:00+00:00,197.32800293,197.578994751,197.231002808,197.289001465,0
2025-06-24 10:00:00+00:00,197.287994385,197.490997314,197.205001831,197.447006226,0
2025-06-24 11:00:00+00:00,197.449996948,197.541000366,197.300003052,197.339996338,0
2025-06-24 12:00:00+00:00,197.341995239,197.425003052,197.145996094,197.194000244,0
2025-06-24 13:00:00+00:00,197.194000244,197.358001709,197.082000732,197.251998901,0
2025-06-24 14:00:00+00:00,197.253005981,197.261001587,196.958999634,197.162002563,0
2025-06-24 15:00:00+00:00,197.160995483,197.315002441,197.042999268,197.26499939,0
2025-06-24 16:00:00+00:00,197.26600647,197.363998413,197.082992554,197.164001465,0
2025-06-24 17:00:00+00:00,197.156997681,197.354003906,197.093994141,197.341003418,0
2025-06-24 18:00:00+00:00,197.339996338,197.365005493,197.132003784,197.216995239,0
2025-06-24 19:00:00+00:00,197.218994141,197.25,197.152999878,197.175003052,0
2025-06-24 20:00:00+00:00,197.177993774,197.304000854,197.141998291,197.25,0
2025-06-24 21:00:00+00:00,197.23399353,197.529998779,197.057998657,197.076004028,0
2025-06-24 22:00:00+00:00,197.078994751,197.337997437,197.072006226,197.29800415,0
2025-06-24 23:00:00+00:00,197.292999268,197.365997314,197.134994507,197.326004028,0
2025-06-25 00:00:00+00:00,197.324005127,197.485992432,197.141998291,197.289993286,0
2025-06-25 01:00:00+00:00,197.287994385,197.315994263,197.039001465,197.14100647,0
2025-06-25 02:00:00+00:00,197.14100647,197.283004761,197.046005249,197.205993652,0
2025-06-25 03:00:00+00:00,197.207992554,197.354003906,197.184997559,197.337997437,0
2025-06-25 04:00:00+00:00,197.337005615,197.378005981,197.210006714,197.345993042,0
2025-06-25 05:00:00+00:00,197.345993042,197.684005737,197.345993042,197.582992554,0
2025-06-25 06:00:00+00:00,197.582000732,197.988998413,197.544006348,197.979003906,0
2025-06-25 07:00:00+00:00,197.979003906,198.067001343,197.714004517,197.828994751,0
2025-06-25 08:00:00+00:00,197.826004028,198.20199585,197.761001587,198.156005859,0
2025-06-25 09:00:00+00:00,198.158004761,198.259994507,198.04800415,198.235992432,0
2025-06-25 10:00:00+00:00,198.236999512,198.313995361,198.12399292,198.266998291,0
2025-06-25 11:00:00+00:00,198.274993896,198.406997681,198.248001099,198.319000244,0
2025-06-25 12:00:00+00:00,198.31300354,198.367996216,198.123001099,198.324005127,0
2025-06-25 13:00:00+00:00,198.317001343,198.572006226,198.315002441,198.494003296,0
2025-06-25 14:00:00+00:00,198.498001099,198.524002075,198.259002686,198.503997803,0
2025-06-25 15:00:00+00:00,198.503997803,198.527999878,198.25,198.363998413,0
2025-06-25 16:00:00+00:00,198.361999512,198.442993164,198.313995361,198.399993896,0
2025-06-25 17:00:00+00:00,198.397994995,198.470001221,198.345001221,198.457992554,0
2025-06-25 18:00:00+00:00,198.45300293,198.466003418,198.261993408,198.31300354,0
2025-06-25 19:00:00+00:00,198.315994263,198.477005005,198.31199646,198.473007202,0
2025-06-25 20:00:00+00:00,198.473999023,198.576004028,198.397994995,198.434997559,0
2025-06-25 21:00:00+00:00,198.343994141,198.444000244,198.177001953,198.304992676,0
2025-06-25 22:00:00+00:00,198.305999756,198.481994629,198.261001587,198.472000122,0
2025-06-25 23:00:00+00:00,198.466003418,198.470993042,198.294998169,198.382003784,0
2025-06-26 00:00:00+00:00,198.382003784,198.470001221,198.059997559,198.072006226,0
2025-06-26 01:00:00+00:00,198.067993164,198.292007446,198.005996704,198.145996094,0
2025-06-26 02:00:00+00:00,198.14100647,198.380004883,198.095001221,198.317993164,0
2025-06-26 03:00:00+00:00,198.317001343,198.526992798,198.292007446,198.507003784,0
2025-06-26 04:00:00+00:00,198.511001587,198.593994141,198.279006958,198.354003906,0
2025-06-26 05:00:00+00:00,198.354003906,198.507003784,198.216995239,198.291000366,0
2025-06-26 06:00:00+00:00,198.289993286,198.341003418,197.854995728,197.972000122,0
2025-06-26 07:00:00+00:00,197.964996338,197.990997314,197.738998413,197.893005371,0
2025-06-26 08:00:00+00:00,197.88999939,198.035003662,197.70300293,197.88999939,0
2025-06-26 09:00:00+00:00,197.889007568,198.067001343,197.802993774,198.009994507,0
2025-06-26 10:00:00+00:00,198.007995605,198.113998413,197.95300293,197.964004517,0
2025-06-26 11:00:00+00:00,197.964004517,197.99899292,197.820999146,197.917999268,0
2025-06-26 12:00:00+00:00,197.917999268,198.065002441,197.75100708,197.955993652,0
2025-06-26 13:00:00+00:00,197.955993652,198.205001831,197.921005249,198.184005737,0
2025-06-26 14:00:00+00:00,198.182998657,198.406005859,198.17199707,198.307006836,0
2025-06-26 15:00:00+00:00,198.309005737,198.533004761,198.255004883,198.488006592,0
2025-06-26 16:00:00+00:00,198.486999512,198.51600647,198.289993286,198.406005859,0
2025-06-26 17:00:00+00:00,198.408996582,198.451004028,198.31199646,198.363006592,0
2025-06-26 18:00:00+00:00,198.361999512,198.38999939,198.231002808,198.246002197,0
2025-06-26 19:00:00+00:00,198.25,198.291000366,198.164993286,198.248001099,0
2025-06-26 20:00:00+00:00,198.25100708,198.29699707,198.126998901,198.154006958,0
2025-06-26 21:00:00+00:00,198.233001709,198.326004028,197.955001831,198.166000366,0
2025-06-26 22:00:00+00:00,198.186004639,198.445999146,198.134002686,198.386993408,0
2025-06-26 23:00:00+00:00,198.345993042,198.617996216,198.212997437,198.569000244,0
2025-06-27 00:00:00+00:00,198.56300354,198.802993774,198.460998535,198.606994629,0
2025-06-27 01:00:00+00:00,198.606994629,198.677001953,198.20199585,198.207000732,0
2025-06-27 02:00:00+00:00,198.208999634,198.397994995,198.132995605,198.345001221,0
2025-06-27 03:00:00+00:00,198.343994141,198.522994995,198.294998169,198.425994873,0
2025-06-27 04:00:00+00:00,198.42300415,198.457992554,198.32699585,198.352005005,0
2025-06-27 05:00:00+00:00,198.350997925,198.440994263,198.138000488,198.23399353,0
2025-06-27 06:00:00+00:00,198.229003906,198.309005737,198.102005005,198.287994385,0
2025-06-27 07:00:00+00:00,198.285003662,198.591995239,198.188995361,198.511993408,0
2025-06-27 08:00:00+00:00,198.511001587,198.574996948,198.289993286,198.483001709,0
2025-06-27 09:00:00+00:00,198.477996826,198.529998779,198.302993774,198.51600647,0
2025-06-27 10:00:00+00:00,198.51499939,198.62600708,198.326004028,198.356002808,0
2025-06-27 11:00:00+00:00,198.356002808,198.600006104,198.315002441,198.492996216,0
2025-06-27 12:00:00+00:00,198.488998413,198.645004272,198.322006226,198.472000122,0
2025-06-27 13:00:00+00:00,198.470993042,198.673995972,198.442993164,198.561004639,0
2025-06-27 14:00:00+00:00,198.557006836,198.748001099,198.330001831,198.705993652,0
2025-06-27 15:00:00+00:00,198.705001831,198.712997437,198.404006958,198.541000366,0
2025-06-27 16:00:00+00:00,198.537994385,198.559997559,198.190002441,198.26600647,0
2025-06-27 17:00:00+00:00,198.26499939,198.401000977,198.147003174,198.169998169,0
2025-06-27 18:00:00+00:00,198.175994873,198.236999512,198.001998901,198.184997559,0
2025-06-27 19:00:00+00:00,198.184997559,198.427001953,198.17199707,198.410003662,0
2025-06-27 20:00:00+00:00,198.410995483,198.494995117,198.311004639,198.442993164,0
2025-06-27 21:00:00+00:00,198.427993774,198.427993774,198.427993774,198.427993774,0
2025-06-29 23:00:00+00:00,198.285995483,198.311004639,198.164001465,198.235992432,0
2025-06-30 00:00:00+00:00,198.231994629,198.455001831,198.20300293,198.319000244,0
2025-06-30 01:00:00+00:00,198.317993164,198.361999512,197.981994629,198.011993408,0
2025-06-30 02:00:00+00:00,198.011001587,198.018997192,197.731002808,197.927001953,0
2025-06-30 03:00:00+00:00,197.925003052,197.932006836,197.744003296,197.759994507,0
2025-06-30 04:00:00+00:00,197.761001587,197.770996094,197.570007324,197.623001099,0
2025-06-30 05:00:00+00:00,197.623001099,197.654006958,197.486999512,197.554992676,0
2025-06-30 06:00:00+00:00,197.555999756,197.695999146,197.492004395,197.615005493,0
2025-06-30 07:00:00+00:00,197.617996216,197.619003296,197.208999634,197.490997314,0
2025-06-30 08:00:00+00:00,197.48399353,197.524993896,197.287994385,197.425003052,0
2025-06-30 09:00:00+00:00,197.425003052,197.567993164,197.369995117,197.555999756,0
2025-06-30 10:00:00+00:00,197.554992676,197.56300354,197.419006348,197.546005249,0
2025-06-30 11:00:00+00:00,197.54699707,197.873001099,197.485992432,197.807006836,0
2025-06-30 12:00:00+00:00,197.807998657,197.845001221,197.677001953,197.815002441,0
2025-06-30 13:00:00+00:00,197.813995361,197.850006104,197.466995239,197.565994263,0
2025-06-30 14:00:00+00:00,197.567001343,198.007003784,197.440002441,197.938995361,0
2025-06-30 15:00:00+00:00,197.938995361,197.975997925,197.61000061,197.789001465,0
2025-06-30 16:00:00+00:00,197.792999268,197.863006592,197.638000488,197.787002563,0
2025-06-30 17:00:00+00:00,197.787002563,197.832000732,197.636993408,197.75,0
2025-06-30 18:00:00+00:00,197.751998901,197.87399292,197.703994751,197.813995361,0
2025-06-30 19:00:00+00:00,197.815002441,197.863998413,197.651992798,197.697006226,0
2025-06-30 20:00:00+00:00,197.699005127,197.804992676,197.587005615,197.694000244,0
2025-06-30 21:00:00+00:00,197.712005615,197.837005615,197.54699707,197.679992676,0
2025-06-30 22:00:00+00:00,197.694000244,197.75100708,197.56199646,197.608001709,0
